timestamp,packet_length,ip_version,protocol,source_port,destination_port,tcp_flags,direction,session_id,traffic_class
1787477475.717901,88,4,UDP,443,52783,,forward,20260823_150110_web_001_9490,Web
1787477475.724595,157,4,UDP,52783,443,,forward,20260823_150110_web_001_9490,Web
1787477475.75096,157,4,UDP,443,52783,,forward,20260823_150110_web_001_9490,Web
1787477475.7512,88,4,UDP,52783,443,,forward,20260823_150110_web_001_9490,Web
1787477475.751867,145,4,UDP,52783,443,,forward,20260823_150110_web_001_9490,Web
1787477475.751955,1365,4,UDP,52783,443,,forward,20260823_150110_web_001_9490,Web
1787477475.751999,731,4,UDP,52783,443,,forward,20260823_150110_web_001_9490,Web
1787477475.784899,88,4,UDP,443,52783,,forward,20260823_150110_web_001_9490,Web
1787477475.786908,1365,4,UDP,443,52783,,forward,20260823_150110_web_001_9490,Web
1787477475.7871,88,4,UDP,52783,443,,forward,20260823_150110_web_001_9490,Web
1787477475.802489,88,4,UDP,443,52783,,forward,20260823_150110_web_001_9490,Web
1787477475.802489,88,4,UDP,443,52783,,forward,20260823_150110_web_001_9490,Web
1787477475.802489,145,4,UDP,443,52783,,forward,20260823_150110_web_001_9490,Web
1787477475.802489,145,4,UDP,443,52783,,forward,20260823_150110_web_001_9490,Web
1787477475.802489,1365,4,UDP,443,52783,,forward,20260823_150110_web_001_9490,Web
1787477475.802817,88,4,UDP,52783,443,,forward,20260823_150110_web_001_9490,Web
1787477475.802998,145,4,UDP,52783,443,,forward,20260823_150110_web_001_9490,Web
1787477475.819536,234,4,UDP,52783,443,,forward,20260823_150110_web_001_9490,Web
1787477475.823873,146,4,UDP,52783,443,,forward,20260823_150110_web_001_9490,Web
1787477475.832964,294,4,UDP,443,52783,,forward,20260823_150110_web_001_9490,Web
1787477475.833163,88,4,UDP,52783,443,,forward,20260823_150110_web_001_9490,Web
1787477475.833696,180,4,UDP,52783,443,,forward,20260823_150110_web_001_9490,Web
1787477475.850959,88,4,UDP,443,52783,,forward,20260823_150110_web_001_9490,Web
1787477475.879232,88,4,UDP,443,52783,,forward,20260823_150110_web_001_9490,Web
1787477475.879232,145,4,UDP,443,52783,,forward,20260823_150110_web_001_9490,Web
1787477475.879232,145,4,UDP,443,52783,,forward,20260823_150110_web_001_9490,Web
1787477475.879232,88,4,UDP,443,52783,,forward,20260823_150110_web_001_9490,Web
1787477475.879232,157,4,UDP,443,52783,,forward,20260823_150110_web_001_9490,Web
1787477475.879459,88,4,UDP,52783,443,,forward,20260823_150110_web_001_9490,Web
1787477475.879815,145,4,UDP,52783,443,,forward,20260823_150110_web_001_9490,Web
1787477475.885271,88,4,UDP,443,52783,,forward,20260823_150110_web_001_9490,Web
1787477475.894233,1365,4,UDP,443,52783,,forward,20260823_150110_web_001_9490,Web
1787477475.894233,1365,4,UDP,443,52783,,forward,20260823_150110_web_001_9490,Web
1787477475.894233,1365,4,UDP,443,52783,,forward,20260823_150110_web_001_9490,Web
1787477475.894233,697,4,UDP,443,52783,,forward,20260823_150110_web_001_9490,Web
1787477475.894551,88,4,UDP,52783,443,,forward,20260823_150110_web_001_9490,Web
1787477475.894994,170,4,UDP,52783,443,,forward,20260823_150110_web_001_9490,Web
1787477475.900031,283,4,UDP,52783,443,,forward,20260823_150110_web_001_9490,Web
1787477475.909775,145,4,UDP,443,52783,,forward,20260823_150110_web_001_9490,Web
1787477475.910011,88,4,UDP,52783,443,,forward,20260823_150110_web_001_9490,Web
1787477475.910282,145,4,UDP,52783,443,,forward,20260823_150110_web_001_9490,Web
1787477475.924724,145,4,UDP,443,52783,,forward,20260823_150110_web_001_9490,Web
1787477475.924923,88,4,UDP,52783,443,,forward,20260823_150110_web_001_9490,Web
1787477475.939761,88,4,UDP,443,52783,,forward,20260823_150110_web_001_9490,Web
1787477475.950697,88,4,UDP,443,52783,,forward,20260823_150110_web_001_9490,Web
1787477475.950697,88,4,UDP,443,52783,,forward,20260823_150110_web_001_9490,Web
1787477475.950697,125,4,UDP,443,52783,,forward,20260823_150110_web_001_9490,Web
1787477475.950953,88,4,UDP,52783,443,,forward,20260823_150110_web_001_9490,Web
1787477475.969762,88,4,UDP,443,52783,,forward,20260823_150110_web_001_9490,Web
1787477475.984952,212,4,UDP,49967,1900,,forward,20260823_150110_web_001_9490,Web
1787477476.015238,157,4,UDP,443,52783,,forward,20260823_150110_web_001_9490,Web
1787477476.015434,84,4,UDP,52783,443,,forward,20260823_150110_web_001_9490,Web
1787477476.015542,88,4,UDP,52783,443,,forward,20260823_150110_web_001_9490,Web
1787477476.01598,145,4,UDP,52783,443,,forward,20260823_150110_web_001_9490,Web
1787477476.01631,1365,4,UDP,52783,443,,forward,20260823_150110_web_001_9490,Web
1787477476.016362,667,4,UDP,52783,443,,forward,20260823_150110_web_001_9490,Web
1787477476.031294,125,4,UDP,443,52783,,forward,20260823_150110_web_001_9490,Web
1787477476.031294,1365,4,UDP,443,52783,,forward,20260823_150110_web_001_9490,Web
1787477476.031294,1365,4,UDP,443,52783,,forward,20260823_150110_web_001_9490,Web
1787477476.031294,401,4,UDP,443,52783,,forward,20260823_150110_web_001_9490,Web
1787477476.031516,88,4,UDP,52783,443,,forward,20260823_150110_web_001_9490,Web
1787477476.03173,125,4,UDP,52783,443,,forward,20260823_150110_web_001_9490,Web
1787477476.031922,145,4,UDP,52783,443,,forward,20260823_150110_web_001_9490,Web
1787477476.076261,88,4,UDP,443,52783,,forward,20260823_150110_web_001_9490,Web
1787477476.076261,88,4,UDP,443,52783,,forward,20260823_150110_web_001_9490,Web
1787477476.076261,88,4,UDP,443,52783,,forward,20260823_150110_web_001_9490,Web
1787477476.076261,210,4,UDP,443,52783,,forward,20260823_150110_web_001_9490,Web
1787477476.07649,88,4,UDP,52783,443,,forward,20260823_150110_web_001_9490,Web
1787477476.076581,145,4,UDP,52783,443,,forward,20260823_150110_web_001_9490,Web
1787477476.081308,88,4,UDP,443,52783,,forward,20260823_150110_web_001_9490,Web
1787477476.081308,88,4,UDP,443,52783,,forward,20260823_150110_web_001_9490,Web
1787477476.107746,1365,4,UDP,443,52783,,forward,20260823_150110_web_001_9490,Web
1787477476.107746,1365,4,UDP,443,52783,,forward,20260823_150110_web_001_9490,Web
1787477476.108056,88,4,UDP,52783,443,,forward,20260823_150110_web_001_9490,Web
1787477476.108313,145,4,UDP,52783,443,,forward,20260823_150110_web_001_9490,Web
1787477476.138753,88,4,UDP,443,52783,,forward,20260823_150110_web_001_9490,Web
1787477476.138753,1064,4,UDP,443,52783,,forward,20260823_150110_web_001_9490,Web
1787477476.138753,277,4,UDP,443,52783,,forward,20260823_150110_web_001_9490,Web
1787477476.1391,88,4,UDP,52783,443,,forward,20260823_150110_web_001_9490,Web
1787477476.141877,845,4,UDP,52783,443,,forward,20260823_150110_web_001_9490,Web
1787477476.141979,984,4,UDP,52783,443,,forward,20260823_150110_web_001_9490,Web
1787477476.169817,88,4,UDP,443,52783,,forward,20260823_150110_web_001_9490,Web
1787477476.186118,145,4,UDP,52783,443,,forward,20260823_150110_web_001_9490,Web
1787477476.201302,88,4,UDP,443,52783,,forward,20260823_150110_web_001_9490,Web
1787477476.201302,340,4,UDP,443,52783,,forward,20260823_150110_web_001_9490,Web
1787477476.201534,88,4,UDP,52783,443,,forward,20260823_150110_web_001_9490,Web
1787477476.215251,176,4,UDP,443,52783,,forward,20260823_150110_web_001_9490,Web
1787477476.215591,88,4,UDP,52783,443,,forward,20260823_150110_web_001_9490,Web
1787477476.21886,212,4,UDP,52783,443,,forward,20260823_150110_web_001_9490,Web
1787477476.218941,1365,4,UDP,52783,443,,forward,20260823_150110_web_001_9490,Web
1787477476.218987,417,4,UDP,52783,443,,forward,20260823_150110_web_001_9490,Web
1787477476.219274,1365,4,UDP,52783,443,,forward,20260823_150110_web_001_9490,Web
1787477476.219369,1347,4,UDP,52783,443,,forward,20260823_150110_web_001_9490,Web
1787477476.247267,88,4,UDP,443,52783,,forward,20260823_150110_web_001_9490,Web
1787477476.278279,88,4,UDP,443,52783,,forward,20260823_150110_web_001_9490,Web
1787477476.278279,194,4,UDP,443,52783,,forward,20260823_150110_web_001_9490,Web
1787477476.278279,88,4,UDP,443,52783,,forward,20260823_150110_web_001_9490,Web
1787477476.278279,170,4,UDP,443,52783,,forward,20260823_150110_web_001_9490,Web
1787477476.278575,88,4,UDP,52783,443,,forward,20260823_150110_web_001_9490,Web
1787477476.279092,163,4,UDP,52783,443,,forward,20260823_150110_web_001_9490,Web
1787477476.308956,1365,4,UDP,443,52783,,forward,20260823_150110_web_001_9490,Web
1787477476.308956,1365,4,UDP,443,52783,,forward,20260823_150110_web_001_9490,Web
1787477476.308956,401,4,UDP,443,52783,,forward,20260823_150110_web_001_9490,Web
1787477476.309178,88,4,UDP,52783,443,,forward,20260823_150110_web_001_9490,Web
1787477476.310319,145,4,UDP,52783,443,,forward,20260823_150110_web_001_9490,Web
1787477476.338933,88,4,UDP,443,52783,,forward,20260823_150110_web_001_9490,Web
1787477476.361096,145,4,UDP,52783,443,,forward,20260823_150110_web_001_9490,Web
1787477476.370017,88,4,UDP,443,52783,,forward,20260823_150110_web_001_9490,Web
1787477476.370017,125,4,UDP,443,52783,,forward,20260823_150110_web_001_9490,Web
1787477476.370339,88,4,UDP,52783,443,,forward,20260823_150110_web_001_9490,Web
1787477476.415634,88,4,UDP,443,52783,,forward,20260823_150110_web_001_9490,Web
1787477476.415634,1065,4,UDP,443,52783,,forward,20260823_150110_web_001_9490,Web
1787477476.41598,88,4,UDP,52783,443,,forward,20260823_150110_web_001_9490,Web
1787477476.416719,209,4,UDP,52783,443,,forward,20260823_150110_web_001_9490,Web
1787477476.43065,324,4,UDP,443,52783,,forward,20260823_150110_web_001_9490,Web
1787477476.430815,88,4,UDP,52783,443,,forward,20260823_150110_web_001_9490,Web
1787477476.47567,88,4,UDP,443,52783,,forward,20260823_150110_web_001_9490,Web
1787477476.47567,145,4,UDP,443,52783,,forward,20260823_150110_web_001_9490,Web
1787477476.475885,88,4,UDP,52783,443,,forward,20260823_150110_web_001_9490,Web
1787477476.475961,145,4,UDP,52783,443,,forward,20260823_150110_web_001_9490,Web
1787477476.522167,163,4,UDP,443,52783,,forward,20260823_150110_web_001_9490,Web
1787477476.522393,88,4,UDP,52783,443,,forward,20260823_150110_web_001_9490,Web
1787477476.537182,88,4,UDP,443,52783,,forward,20260823_150110_web_001_9490,Web
1787477476.537182,845,4,UDP,443,52783,,forward,20260823_150110_web_001_9490,Web
1787477476.537355,88,4,UDP,52783,443,,forward,20260823_150110_web_001_9490,Web
1787477476.538701,176,4,UDP,52783,443,,forward,20260823_150110_web_001_9490,Web
1787477476.540036,1158,4,UDP,52783,443,,forward,20260823_150110_web_001_9490,Web
1787477476.56841,125,4,UDP,52783,443,,forward,20260823_150110_web_001_9490,Web
1787477476.598696,88,4,UDP,443,52783,,forward,20260823_150110_web_001_9490,Web
1787477476.598696,235,4,UDP,443,52783,,forward,20260823_150110_web_001_9490,Web
1787477476.598905,88,4,UDP,52783,443,,forward,20260823_150110_web_001_9490,Web
1787477476.616748,88,4,UDP,443,52783,,forward,20260823_150110_web_001_9490,Web
1787477476.707166,324,4,UDP,443,52783,,forward,20260823_150110_web_001_9490,Web
1787477476.707525,88,4,UDP,52783,443,,forward,20260823_150110_web_001_9490,Web
1787477476.754594,145,4,UDP,52783,443,,forward,20260823_150110_web_001_9490,Web
1787477476.813766,88,4,UDP,443,52783,,forward,20260823_150110_web_001_9490,Web
1787477476.813766,207,4,UDP,443,52783,,forward,20260823_150110_web_001_9490,Web
1787477476.814018,88,4,UDP,52783,443,,forward,20260823_150110_web_001_9490,Web
1787477476.846788,410,4,UDP,443,52783,,forward,20260823_150110_web_001_9490,Web
1787477476.84701,88,4,UDP,52783,443,,forward,20260823_150110_web_001_9490,Web
1787477476.851173,125,4,UDP,52783,443,,forward,20260823_150110_web_001_9490,Web
1787477476.86363,145,4,UDP,52783,443,,forward,20260823_150110_web_001_9490,Web
1787477476.907487,88,4,UDP,443,52783,,forward,20260823_150110_web_001_9490,Web
1787477476.907487,125,4,UDP,443,52783,,forward,20260823_150110_web_001_9490,Web
1787477476.907783,88,4,UDP,52783,443,,forward,20260823_150110_web_001_9490,Web
1787477476.908194,125,4,UDP,52783,443,,forward,20260823_150110_web_001_9490,Web
1787477476.913448,88,4,UDP,443,52783,,forward,20260823_150110_web_001_9490,Web
1787477476.954464,88,4,UDP,443,52783,,forward,20260823_150110_web_001_9490,Web
1787477476.986626,212,4,UDP,49967,1900,,forward,20260823_150110_web_001_9490,Web
1787477477.05024,145,4,UDP,443,52783,,forward,20260823_150110_web_001_9490,Web
1787477477.051259,88,4,UDP,52783,443,,forward,20260823_150110_web_001_9490,Web
1787477477.051538,145,4,UDP,52783,443,,forward,20260823_150110_web_001_9490,Web
1787477477.09244,247,4,UDP,443,52783,,forward,20260823_150110_web_001_9490,Web
1787477477.092623,88,4,UDP,52783,443,,forward,20260823_150110_web_001_9490,Web
1787477477.093782,1205,4,UDP,52783,443,,forward,20260823_150110_web_001_9490,Web
1787477477.112513,88,4,UDP,443,52783,,forward,20260823_150110_web_001_9490,Web
1787477477.143287,125,4,UDP,52783,443,,forward,20260823_150110_web_001_9490,Web
1787477477.157046,88,4,UDP,443,52783,,forward,20260823_150110_web_001_9490,Web
1787477477.157046,210,4,UDP,443,52783,,forward,20260823_150110_web_001_9490,Web
1787477477.157299,88,4,UDP,52783,443,,forward,20260823_150110_web_001_9490,Web
1787477477.205541,88,4,UDP,443,52783,,forward,20260823_150110_web_001_9490,Web
1787477477.395319,753,4,UDP,443,52783,,forward,20260823_150110_web_001_9490,Web
1787477477.395573,88,4,UDP,52783,443,,forward,20260823_150110_web_001_9490,Web
1787477477.44242,145,4,UDP,52783,443,,forward,20260823_150110_web_001_9490,Web
1787477477.490044,88,4,UDP,443,52783,,forward,20260823_150110_web_001_9490,Web
1787477477.490044,176,4,UDP,443,52783,,forward,20260823_150110_web_001_9490,Web
1787477477.490378,88,4,UDP,52783,443,,forward,20260823_150110_web_001_9490,Web
1787477477.492155,1102,4,UDP,52783,443,,forward,20260823_150110_web_001_9490,Web
1787477477.536795,145,4,UDP,52783,443,,forward,20260823_150110_web_001_9490,Web
1787477477.556513,88,4,UDP,443,52783,,forward,20260823_150110_web_001_9490,Web
1787477477.556513,170,4,UDP,443,52783,,forward,20260823_150110_web_001_9490,Web
1787477477.55674,88,4,UDP,52783,443,,forward,20260823_150110_web_001_9490,Web
1787477477.568544,145,4,UDP,443,52783,,forward,20260823_150110_web_001_9490,Web
1787477477.568739,88,4,UDP,52783,443,,forward,20260823_150110_web_001_9490,Web
1787477477.569365,145,4,UDP,52783,443,,forward,20260823_150110_web_001_9490,Web
1787477477.589492,88,4,UDP,443,52783,,forward,20260823_150110_web_001_9490,Web
1787477477.62201,88,4,UDP,443,52783,,forward,20260823_150110_web_001_9490,Web
1787477477.785543,247,4,UDP,443,52783,,forward,20260823_150110_web_001_9490,Web
1787477477.785835,88,4,UDP,52783,443,,forward,20260823_150110_web_001_9490,Web
1787477477.787326,1149,4,UDP,52783,443,,forward,20260823_150110_web_001_9490,Web
1787477477.838417,125,4,UDP,52783,443,,forward,20260823_150110_web_001_9490,Web
1787477477.851216,88,4,UDP,443,52783,,forward,20260823_150110_web_001_9490,Web
1787477477.851216,210,4,UDP,443,52783,,forward,20260823_150110_web_001_9490,Web
1787477477.851422,88,4,UDP,52783,443,,forward,20260823_150110_web_001_9490,Web
1787477477.900819,88,4,UDP,443,52783,,forward,20260823_150110_web_001_9490,Web
1787477478.044788,146,4,UDP,52783,443,,forward,20260823_150110_web_001_9490,Web
1787477478.107142,741,4,UDP,443,52783,,forward,20260823_150110_web_001_9490,Web
1787477478.107142,88,4,UDP,443,52783,,forward,20260823_150110_web_001_9490,Web
1787477478.107142,157,4,UDP,443,52783,,forward,20260823_150110_web_001_9490,Web
1787477478.107382,88,4,UDP,52783,443,,forward,20260823_150110_web_001_9490,Web
1787477478.154359,145,4,UDP,52783,443,,forward,20260823_150110_web_001_9490,Web
1787477478.201644,88,4,UDP,443,52783,,forward,20260823_150110_web_001_9490,Web
1787477478.201644,176,4,UDP,443,52783,,forward,20260823_150110_web_001_9490,Web
1787477478.201888,88,4,UDP,52783,443,,forward,20260823_150110_web_001_9490,Web
1787477478.204051,1106,4,UDP,52783,443,,forward,20260823_150110_web_001_9490,Web
1787477478.247978,145,4,UDP,52783,443,,forward,20260823_150110_web_001_9490,Web
1787477478.26363,88,4,UDP,443,52783,,forward,20260823_150110_web_001_9490,Web
1787477478.26363,170,4,UDP,443,52783,,forward,20260823_150110_web_001_9490,Web
1787477478.26363,145,4,UDP,443,52783,,forward,20260823_150110_web_001_9490,Web
1787477478.263858,88,4,UDP,52783,443,,forward,20260823_150110_web_001_9490,Web
1787477478.264252,145,4,UDP,52783,443,,forward,20260823_150110_web_001_9490,Web
1787477478.309344,88,4,UDP,443,52783,,forward,20260823_150110_web_001_9490,Web
1787477478.319306,88,4,UDP,443,52783,,forward,20260823_150110_web_001_9490,Web
1787477478.48342,247,4,UDP,443,52783,,forward,20260823_150110_web_001_9490,Web
1787477478.483876,88,4,UDP,52783,443,,forward,20260823_150110_web_001_9490,Web
1787477478.485073,1158,4,UDP,52783,443,,forward,20260823_150110_web_001_9490,Web
1787477478.53027,125,4,UDP,52783,443,,forward,20260823_150110_web_001_9490,Web
1787477478.535955,88,4,UDP,443,52783,,forward,20260823_150110_web_001_9490,Web
1787477478.535955,210,4,UDP,443,52783,,forward,20260823_150110_web_001_9490,Web
1787477478.536173,88,4,UDP,52783,443,,forward,20260823_150110_web_001_9490,Web
1787477478.589497,88,4,UDP,443,52783,,forward,20260823_150110_web_001_9490,Web
1787477478.654727,145,4,UDP,443,52783,,forward,20260823_150110_web_001_9490,Web
1787477478.65495,88,4,UDP,52783,443,,forward,20260823_150110_web_001_9490,Web
1787477478.655254,145,4,UDP,52783,443,,forward,20260823_150110_web_001_9490,Web
1787477478.717524,88,4,UDP,443,52783,,forward,20260823_150110_web_001_9490,Web
1787477478.79651,745,4,UDP,443,52783,,forward,20260823_150110_web_001_9490,Web
1787477478.796811,88,4,UDP,52783,443,,forward,20260823_150110_web_001_9490,Web
1787477478.84354,125,4,UDP,443,52783,,forward,20260823_150110_web_001_9490,Web
1787477478.843885,145,4,UDP,52783,443,,forward,20260823_150110_web_001_9490,Web
1787477478.843979,88,4,UDP,52783,443,,forward,20260823_150110_web_001_9490,Web
1787477478.844254,125,4,UDP,52783,443,,forward,20260823_150110_web_001_9490,Web
1787477478.899937,88,4,UDP,443,52783,,forward,20260823_150110_web_001_9490,Web
1787477478.899937,176,4,UDP,443,52783,,forward,20260823_150110_web_001_9490,Web
1787477478.900194,88,4,UDP,52783,443,,forward,20260823_150110_web_001_9490,Web
1787477478.902107,1105,4,UDP,52783,443,,forward,20260823_150110_web_001_9490,Web
1787477478.952985,145,4,UDP,52783,443,,forward,20260823_150110_web_001_9490,Web
1787477478.984456,88,4,UDP,443,52783,,forward,20260823_150110_web_001_9490,Web
1787477478.984456,170,4,UDP,443,52783,,forward,20260823_150110_web_001_9490,Web
1787477478.984698,88,4,UDP,52783,443,,forward,20260823_150110_web_001_9490,Web
1787477478.998479,88,4,UDP,443,52783,,forward,20260823_150110_web_001_9490,Web
1787477479.222229,247,4,UDP,443,52783,,forward,20260823_150110_web_001_9490,Web
1787477479.222415,88,4,UDP,52783,443,,forward,20260823_150110_web_001_9490,Web
1787477479.223529,1152,4,UDP,52783,443,,forward,20260823_150110_web_001_9490,Web
1787477479.229205,125,4,UDP,443,52783,,forward,20260823_150110_web_001_9490,Web
1787477479.22942,88,4,UDP,52783,443,,forward,20260823_150110_web_001_9490,Web
1787477479.229527,125,4,UDP,52783,443,,forward,20260823_150110_web_001_9490,Web
1787477479.26749,125,4,UDP,52783,443,,forward,20260823_150110_web_001_9490,Web
1787477479.282245,88,4,UDP,443,52783,,forward,20260823_150110_web_001_9490,Web
1787477479.282245,210,4,UDP,443,52783,,forward,20260823_150110_web_001_9490,Web
1787477479.282245,88,4,UDP,443,52783,,forward,20260823_150110_web_001_9490,Web
1787477479.282696,88,4,UDP,52783,443,,forward,20260823_150110_web_001_9490,Web
1787477479.328987,88,4,UDP,443,52783,,forward,20260823_150110_web_001_9490,Web
1787477479.456152,208,4,UDP,443,52783,,forward,20260823_150110_web_001_9490,Web
1787477479.456152,145,4,UDP,443,52783,,forward,20260823_150110_web_001_9490,Web
1787477479.456523,88,4,UDP,52783,443,,forward,20260823_150110_web_001_9490,Web
1787477479.457136,210,4,UDP,52783,443,,forward,20260823_150110_web_001_9490,Web
1787477479.502617,522,4,UDP,443,52783,,forward,20260823_150110_web_001_9490,Web
1787477479.502617,88,4,UDP,443,52783,,forward,20260823_150110_web_001_9490,Web
1787477479.503235,88,4,UDP,52783,443,,forward,20260823_150110_web_001_9490,Web
1787477479.508753,278,4,UDP,52783,443,,forward,20260823_150110_web_001_9490,Web
1787477479.51762,145,4,UDP,443,52783,,forward,20260823_150110_web_001_9490,Web
1787477479.517813,88,4,UDP,52783,443,,forward,20260823_150110_web_001_9490,Web
1787477479.528591,753,4,UDP,443,52783,,forward,20260823_150110_web_001_9490,Web
1787477479.528785,88,4,UDP,52783,443,,forward,20260823_150110_web_001_9490,Web
1787477479.561573,88,4,UDP,443,52783,,forward,20260823_150110_web_001_9490,Web
1787477479.561573,522,4,UDP,443,52783,,forward,20260823_150110_web_001_9490,Web
1787477479.561784,88,4,UDP,52783,443,,forward,20260823_150110_web_001_9490,Web
1787477479.567983,278,4,UDP,52783,443,,forward,20260823_150110_web_001_9490,Web
1787477479.577804,145,4,UDP,52783,443,,forward,20260823_150110_web_001_9490,Web
1787477479.608154,125,4,UDP,443,52783,,forward,20260823_150110_web_001_9490,Web
1787477479.60849,88,4,UDP,52783,443,,forward,20260823_150110_web_001_9490,Web
1787477479.609939,125,4,UDP,52783,443,,forward,20260823_150110_web_001_9490,Web
1787477479.623186,88,4,UDP,443,52783,,forward,20260823_150110_web_001_9490,Web
1787477479.628917,88,4,UDP,443,52783,,forward,20260823_150110_web_001_9490,Web
1787477479.628917,176,4,UDP,443,52783,,forward,20260823_150110_web_001_9490,Web
1787477479.629183,88,4,UDP,52783,443,,forward,20260823_150110_web_001_9490,Web
1787477479.630992,1105,4,UDP,52783,443,,forward,20260823_150110_web_001_9490,Web
1787477479.662125,145,4,UDP,443,52783,,forward,20260823_150110_web_001_9490,Web
1787477479.662125,88,4,UDP,443,52783,,forward,20260823_150110_web_001_9490,Web
1787477479.662409,88,4,UDP,52783,443,,forward,20260823_150110_web_001_9490,Web
1787477479.6693,145,4,UDP,52783,443,,forward,20260823_150110_web_001_9490,Web
1787477479.684234,88,4,UDP,443,52783,,forward,20260823_150110_web_001_9490,Web
1787477479.684234,170,4,UDP,443,52783,,forward,20260823_150110_web_001_9490,Web
1787477479.684489,88,4,UDP,52783,443,,forward,20260823_150110_web_001_9490,Web
1787477479.729618,88,4,UDP,443,52783,,forward,20260823_150110_web_001_9490,Web
1787477479.812489,158,4,UDP,52783,443,,forward,20260823_150110_web_001_9490,Web
1787477479.813143,158,4,UDP,52783,443,,forward,20260823_150110_web_001_9490,Web
1787477479.813202,158,4,UDP,52783,443,,forward,20260823_150110_web_001_9490,Web
1787477479.813459,158,4,UDP,52783,443,,forward,20260823_150110_web_001_9490,Web
1787477479.861647,88,4,UDP,443,52783,,forward,20260823_150110_web_001_9490,Web
1787477479.870729,223,4,UDP,443,52783,,forward,20260823_150110_web_001_9490,Web
1787477479.870729,223,4,UDP,443,52783,,forward,20260823_150110_web_001_9490,Web
1787477479.870729,211,4,UDP,443,52783,,forward,20260823_150110_web_001_9490,Web
1787477479.870729,211,4,UDP,443,52783,,forward,20260823_150110_web_001_9490,Web
1787477479.87097,88,4,UDP,52783,443,,forward,20260823_150110_web_001_9490,Web
1787477479.873124,157,4,UDP,52783,443,,forward,20260823_150110_web_001_9490,Web
1787477479.87335,157,4,UDP,52783,443,,forward,20260823_150110_web_001_9490,Web
1787477479.915854,247,4,UDP,443,52783,,forward,20260823_150110_web_001_9490,Web
1787477479.916058,88,4,UDP,52783,443,,forward,20260823_150110_web_001_9490,Web
1787477479.917713,1152,4,UDP,52783,443,,forward,20260823_150110_web_001_9490,Web
1787477479.930915,88,4,UDP,443,52783,,forward,20260823_150110_web_001_9490,Web
1787477479.961957,125,4,UDP,52783,443,,forward,20260823_150110_web_001_9490,Web
1787477479.972851,88,4,UDP,443,52783,,forward,20260823_150110_web_001_9490,Web
1787477479.972851,210,4,UDP,443,52783,,forward,20260823_150110_web_001_9490,Web
1787477479.973077,88,4,UDP,52783,443,,forward,20260823_150110_web_001_9490,Web
1787477479.976935,157,4,UDP,443,52783,,forward,20260823_150110_web_001_9490,Web
1787477479.977198,88,4,UDP,52783,443,,forward,20260823_150110_web_001_9490,Web
1787477479.977441,145,4,UDP,52783,443,,forward,20260823_150110_web_001_9490,Web
1787477479.97811,1365,4,UDP,52783,443,,forward,20260823_150110_web_001_9490,Web
1787477479.978149,830,4,UDP,52783,443,,forward,20260823_150110_web_001_9490,Web
1787477479.991963,157,4,UDP,443,52783,,forward,20260823_150110_web_001_9490,Web
1787477479.992163,88,4,UDP,52783,443,,forward,20260823_150110_web_001_9490,Web
1787477479.992401,145,4,UDP,52783,443,,forward,20260823_150110_web_001_9490,Web
1787477479.992908,1365,4,UDP,52783,443,,forward,20260823_150110_web_001_9490,Web
1787477479.992939,862,4,UDP,52783,443,,forward,20260823_150110_web_001_9490,Web
1787477480.0033,1363,4,UDP,52783,443,,forward,20260823_150110_web_001_9490,Web
1787477480.003397,1363,4,UDP,52783,443,,forward,20260823_150110_web_001_9490,Web
1787477480.005841,210,4,UDP,52783,443,,forward,20260823_150110_web_001_9490,Web
1787477480.022471,88,4,UDP,443,52783,,forward,20260823_150110_web_001_9490,Web
1787477480.022508,84,4,UDP,52783,443,,forward,20260823_150110_web_001_9490,Web
1787477480.037384,88,4,UDP,443,52783,,forward,20260823_150110_web_001_9490,Web
1787477480.037384,210,4,UDP,443,52783,,forward,20260823_150110_web_001_9490,Web
1787477480.037567,88,4,UDP,52783,443,,forward,20260823_150110_web_001_9490,Web
1787477480.052914,88,4,UDP,443,52783,,forward,20260823_150110_web_001_9490,Web
1787477480.052914,210,4,UDP,443,52783,,forward,20260823_150110_web_001_9490,Web
1787477480.052914,88,4,UDP,443,52783,,forward,20260823_150110_web_001_9490,Web
1787477480.05312,88,4,UDP,52783,443,,forward,20260823_150110_web_001_9490,Web
1787477480.067605,88,4,UDP,443,52783,,forward,20260823_150110_web_001_9490,Web
1787477480.082611,88,4,UDP,443,52783,,forward,20260823_150110_web_001_9490,Web
1787477480.082611,1365,4,UDP,443,52783,,forward,20260823_150110_web_001_9490,Web
1787477480.082611,942,4,UDP,443,52783,,forward,20260823_150110_web_001_9490,Web
1787477480.082917,88,4,UDP,52783,443,,forward,20260823_150110_web_001_9490,Web
1787477480.083142,145,4,UDP,52783,443,,forward,20260823_150110_web_001_9490,Web
1787477480.083549,209,4,UDP,52783,443,,forward,20260823_150110_web_001_9490,Web
1787477480.083892,941,4,UDP,52783,443,,forward,20260823_150110_web_001_9490,Web
1787477480.114179,1365,4,UDP,443,52783,,forward,20260823_150110_web_001_9490,Web
1787477480.114179,942,4,UDP,443,52783,,forward,20260823_150110_web_001_9490,Web
1787477480.114481,88,4,UDP,52783,443,,forward,20260823_150110_web_001_9490,Web
1787477480.115607,145,4,UDP,52783,443,,forward,20260823_150110_web_001_9490,Web
1787477480.116364,1075,4,UDP,52783,443,,forward,20260823_150110_web_001_9490,Web
1787477480.120692,1365,4,UDP,443,52783,,forward,20260823_150110_web_001_9490,Web
1787477480.120692,1292,4,UDP,443,52783,,forward,20260823_150110_web_001_9490,Web
1787477480.120888,88,4,UDP,52783,443,,forward,20260823_150110_web_001_9490,Web
1787477480.121688,214,4,UDP,52783,443,,forward,20260823_150110_web_001_9490,Web
1787477480.122784,1359,4,UDP,52783,443,,forward,20260823_150110_web_001_9490,Web
1787477480.12284,208,4,UDP,52783,443,,forward,20260823_150110_web_001_9490,Web
1787477480.122952,1359,4,UDP,52783,443,,forward,20260823_150110_web_001_9490,Web
1787477480.12299,1363,4,UDP,52783,443,,forward,20260823_150110_web_001_9490,Web
1787477480.123012,360,4,UDP,52783,443,,forward,20260823_150110_web_001_9490,Web
1787477480.129712,88,4,UDP,443,52783,,forward,20260823_150110_web_001_9490,Web
1787477480.129712,145,4,UDP,443,52783,,forward,20260823_150110_web_001_9490,Web
1787477480.129969,88,4,UDP,52783,443,,forward,20260823_150110_web_001_9490,Web
1787477480.13797,88,4,UDP,443,52783,,forward,20260823_150110_web_001_9490,Web
1787477480.13797,145,4,UDP,443,52783,,forward,20260823_150110_web_001_9490,Web
1787477480.138202,88,4,UDP,52783,443,,forward,20260823_150110_web_001_9490,Web
1787477480.171051,88,4,UDP,443,52783,,forward,20260823_150110_web_001_9490,Web
1787477480.171051,210,4,UDP,443,52783,,forward,20260823_150110_web_001_9490,Web
1787477480.171051,88,4,UDP,443,52783,,forward,20260823_150110_web_001_9490,Web
1787477480.171051,131,4,UDP,443,52783,,forward,20260823_150110_web_001_9490,Web
1787477480.171051,88,4,UDP,443,52783,,forward,20260823_150110_web_001_9490,Web
1787477480.171324,88,4,UDP,52783,443,,forward,20260823_150110_web_001_9490,Web
1787477480.171621,135,4,UDP,52783,443,,forward,20260823_150110_web_001_9490,Web
1787477480.176869,88,4,UDP,443,52783,,forward,20260823_150110_web_001_9490,Web
1787477480.176869,88,4,UDP,443,52783,,forward,20260823_150110_web_001_9490,Web
1787477480.176869,88,4,UDP,443,52783,,forward,20260823_150110_web_001_9490,Web
1787477480.192616,330,4,UDP,443,52783,,forward,20260823_150110_web_001_9490,Web
1787477480.192842,88,4,UDP,52783,443,,forward,20260823_150110_web_001_9490,Web
1787477480.223217,749,4,UDP,443,52783,,forward,20260823_150110_web_001_9490,Web
1787477480.223217,88,4,UDP,443,52783,,forward,20260823_150110_web_001_9490,Web
1787477480.223217,125,4,UDP,443,52783,,forward,20260823_150110_web_001_9490,Web
1787477480.223217,1365,4,UDP,443,52783,,forward,20260823_150110_web_001_9490,Web
1787477480.223217,1178,4,UDP,443,52783,,forward,20260823_150110_web_001_9490,Web
1787477480.223217,330,4,UDP,443,52783,,forward,20260823_150110_web_001_9490,Web
1787477480.223476,88,4,UDP,52783,443,,forward,20260823_150110_web_001_9490,Web
1787477480.224388,1363,4,UDP,52783,443,,forward,20260823_150110_web_001_9490,Web
1787477480.224459,169,4,UDP,52783,443,,forward,20260823_150110_web_001_9490,Web
1787477480.238197,337,4,UDP,443,52783,,forward,20260823_150110_web_001_9490,Web
1787477480.238197,181,4,UDP,443,52783,,forward,20260823_150110_web_001_9490,Web
1787477480.238197,437,4,UDP,443,52783,,forward,20260823_150110_web_001_9490,Web
1787477480.238197,181,4,UDP,443,52783,,forward,20260823_150110_web_001_9490,Web
1787477480.238418,88,4,UDP,52783,443,,forward,20260823_150110_web_001_9490,Web
1787477480.239365,256,4,UDP,52783,443,,forward,20260823_150110_web_001_9490,Web
1787477480.243708,145,4,UDP,52783,443,,forward,20260823_150110_web_001_9490,Web
1787477480.26962,298,4,UDP,52783,443,,forward,20260823_150110_web_001_9490,Web
1787477480.26963,181,4,UDP,443,52783,,forward,20260823_150110_web_001_9490,Web
1787477480.269775,88,4,UDP,52783,443,,forward,20260823_150110_web_001_9490,Web
1787477480.284276,88,4,UDP,443,52783,,forward,20260823_150110_web_001_9490,Web
1787477480.299664,88,4,UDP,443,52783,,forward,20260823_150110_web_001_9490,Web
1787477480.299664,88,4,UDP,443,52783,,forward,20260823_150110_web_001_9490,Web
1787477480.320019,88,4,UDP,443,52783,,forward,20260823_150110_web_001_9490,Web
1787477480.320019,176,4,UDP,443,52783,,forward,20260823_150110_web_001_9490,Web
1787477480.320255,88,4,UDP,52783,443,,forward,20260823_150110_web_001_9490,Web
1787477480.322112,1126,4,UDP,52783,443,,forward,20260823_150110_web_001_9490,Web
1787477480.345951,275,4,UDP,443,52783,,forward,20260823_150110_web_001_9490,Web
1787477480.346222,88,4,UDP,52783,443,,forward,20260823_150110_web_001_9490,Web
1787477480.361115,145,4,UDP,52783,443,,forward,20260823_150110_web_001_9490,Web
1787477480.375988,88,4,UDP,443,52783,,forward,20260823_150110_web_001_9490,Web
1787477480.375988,170,4,UDP,443,52783,,forward,20260823_150110_web_001_9490,Web
1787477480.376213,88,4,UDP,52783,443,,forward,20260823_150110_web_001_9490,Web
1787477480.418438,88,4,UDP,443,52783,,forward,20260823_150110_web_001_9490,Web
1787477480.437986,1365,4,UDP,443,52783,,forward,20260823_150110_web_001_9490,Web
1787477480.437986,1365,4,UDP,443,52783,,forward,20260823_150110_web_001_9490,Web
1787477480.438251,88,4,UDP,52783,443,,forward,20260823_150110_web_001_9490,Web
1787477480.439779,171,4,UDP,52783,443,,forward,20260823_150110_web_001_9490,Web
1787477480.453001,333,4,UDP,443,52783,,forward,20260823_150110_web_001_9490,Web
1787477480.453199,88,4,UDP,52783,443,,forward,20260823_150110_web_001_9490,Web
1787477480.468013,333,4,UDP,443,52783,,forward,20260823_150110_web_001_9490,Web
1787477480.46821,88,4,UDP,52783,443,,forward,20260823_150110_web_001_9490,Web
1787477480.485922,88,4,UDP,443,52783,,forward,20260823_150110_web_001_9490,Web
1787477480.498118,145,4,UDP,52783,443,,forward,20260823_150110_web_001_9490,Web
1787477480.517405,145,4,UDP,52783,443,,forward,20260823_150110_web_001_9490,Web
1787477480.545484,88,4,UDP,443,52783,,forward,20260823_150110_web_001_9490,Web
1787477480.577501,88,4,UDP,443,52783,,forward,20260823_150110_web_001_9490,Web
1787477480.577501,181,4,UDP,443,52783,,forward,20260823_150110_web_001_9490,Web
1787477480.577833,88,4,UDP,52783,443,,forward,20260823_150110_web_001_9490,Web
1787477480.584719,187,4,UDP,52783,443,,forward,20260823_150110_web_001_9490,Web
1787477480.588674,394,4,UDP,52783,443,,forward,20260823_150110_web_001_9490,Web
1787477480.608027,247,4,UDP,443,52783,,forward,20260823_150110_web_001_9490,Web
1787477480.608299,88,4,UDP,52783,443,,forward,20260823_150110_web_001_9490,Web
1787477480.609246,1173,4,UDP,52783,443,,forward,20260823_150110_web_001_9490,Web
1787477480.639066,88,4,UDP,443,52783,,forward,20260823_150110_web_001_9490,Web
1787477480.639066,145,4,UDP,443,52783,,forward,20260823_150110_web_001_9490,Web
1787477480.639066,88,4,UDP,443,52783,,forward,20260823_150110_web_001_9490,Web
1787477480.639066,145,4,UDP,443,52783,,forward,20260823_150110_web_001_9490,Web
1787477480.639431,88,4,UDP,52783,443,,forward,20260823_150110_web_001_9490,Web
1787477480.654345,125,4,UDP,52783,443,,forward,20260823_150110_web_001_9490,Web
1787477480.669062,88,4,UDP,443,52783,,forward,20260823_150110_web_001_9490,Web
1787477480.669062,210,4,UDP,443,52783,,forward,20260823_150110_web_001_9490,Web
1787477480.669272,88,4,UDP,52783,443,,forward,20260823_150110_web_001_9490,Web
1787477480.713075,88,4,UDP,443,52783,,forward,20260823_150110_web_001_9490,Web
1787477480.787277,170,4,UDP,52783,443,,forward,20260823_150110_web_001_9490,Web
1787477480.839122,88,4,UDP,443,52783,,forward,20260823_150110_web_001_9490,Web
1787477480.839122,125,4,UDP,443,52783,,forward,20260823_150110_web_001_9490,Web
1787477480.839336,88,4,UDP,52783,443,,forward,20260823_150110_web_001_9490,Web
1787477480.911862,759,4,UDP,443,52783,,forward,20260823_150110_web_001_9490,Web
1787477480.911862,173,4,UDP,443,52783,,forward,20260823_150110_web_001_9490,Web
1787477480.911862,169,4,UDP,443,52783,,forward,20260823_150110_web_001_9490,Web
1787477480.912079,88,4,UDP,52783,443,,forward,20260823_150110_web_001_9490,Web
1787477480.913894,210,4,UDP,52783,443,,forward,20260823_150110_web_001_9490,Web
1787477480.916829,226,4,UDP,443,52783,,forward,20260823_150110_web_001_9490,Web
1787477480.917275,88,4,UDP,52783,443,,forward,20260823_150110_web_001_9490,Web
1787477480.962773,88,4,UDP,443,52783,,forward,20260823_150110_web_001_9490,Web
1787477480.962773,145,4,UDP,443,52783,,forward,20260823_150110_web_001_9490,Web
1787477480.962897,210,4,UDP,52783,443,,forward,20260823_150110_web_001_9490,Web
1787477480.963041,88,4,UDP,52783,443,,forward,20260823_150110_web_001_9490,Web
1787477480.981846,221,4,UDP,52783,443,,forward,20260823_150110_web_001_9490,Web
1787477481.012415,221,4,UDP,52783,443,,forward,20260823_150110_web_001_9490,Web
1787477481.024323,88,4,UDP,443,52783,,forward,20260823_150110_web_001_9490,Web
1787477481.024323,176,4,UDP,443,52783,,forward,20260823_150110_web_001_9490,Web
1787477481.024323,282,4,UDP,443,52783,,forward,20260823_150110_web_001_9490,Web
1787477481.024531,88,4,UDP,52783,443,,forward,20260823_150110_web_001_9490,Web
1787477481.026852,216,4,UDP,52783,443,,forward,20260823_150110_web_001_9490,Web
1787477481.02701,971,4,UDP,52783,443,,forward,20260823_150110_web_001_9490,Web
1787477481.03935,88,4,UDP,443,52783,,forward,20260823_150110_web_001_9490,Web
1787477481.042218,220,4,UDP,52783,443,,forward,20260823_150110_web_001_9490,Web
1787477481.043175,236,4,UDP,52783,443,,forward,20260823_150110_web_001_9490,Web
1787477481.04353,232,4,UDP,52783,443,,forward,20260823_150110_web_001_9490,Web
1787477481.043896,215,4,UDP,52783,443,,forward,20260823_150110_web_001_9490,Web
1787477481.069296,88,4,UDP,443,52783,,forward,20260823_150110_web_001_9490,Web
1787477481.069296,145,4,UDP,443,52783,,forward,20260823_150110_web_001_9490,Web
1787477481.069459,145,4,UDP,52783,443,,forward,20260823_150110_web_001_9490,Web
1787477481.069551,88,4,UDP,52783,443,,forward,20260823_150110_web_001_9490,Web
1787477481.0763,88,4,UDP,443,52783,,forward,20260823_150110_web_001_9490,Web
1787477481.0763,125,4,UDP,443,52783,,forward,20260823_150110_web_001_9490,Web
1787477481.076527,88,4,UDP,52783,443,,forward,20260823_150110_web_001_9490,Web
1787477481.084309,88,4,UDP,443,52783,,forward,20260823_150110_web_001_9490,Web
1787477481.084309,125,4,UDP,443,52783,,forward,20260823_150110_web_001_9490,Web
1787477481.084568,88,4,UDP,52783,443,,forward,20260823_150110_web_001_9490,Web
1787477481.099343,181,4,UDP,443,52783,,forward,20260823_150110_web_001_9490,Web
1787477481.099343,277,4,UDP,443,52783,,forward,20260823_150110_web_001_9490,Web
1787477481.099343,181,4,UDP,443,52783,,forward,20260823_150110_web_001_9490,Web
1787477481.099343,88,4,UDP,443,52783,,forward,20260823_150110_web_001_9490,Web
1787477481.099343,282,4,UDP,443,52783,,forward,20260823_150110_web_001_9490,Web
1787477481.099343,88,4,UDP,443,52783,,forward,20260823_150110_web_001_9490,Web
1787477481.099545,88,4,UDP,52783,443,,forward,20260823_150110_web_001_9490,Web
1787477481.099956,171,4,UDP,52783,443,,forward,20260823_150110_web_001_9490,Web
1787477481.108818,202,4,UDP,443,52783,,forward,20260823_150110_web_001_9490,Web
1787477481.109033,88,4,UDP,52783,443,,forward,20260823_150110_web_001_9490,Web
1787477481.109353,164,4,UDP,52783,443,,forward,20260823_150110_web_001_9490,Web
1787477481.129791,88,4,UDP,443,52783,,forward,20260823_150110_web_001_9490,Web
1787477481.130099,168,4,UDP,52783,443,,forward,20260823_150110_web_001_9490,Web
1787477481.143844,145,4,UDP,443,52783,,forward,20260823_150110_web_001_9490,Web
1787477481.144076,88,4,UDP,52783,443,,forward,20260823_150110_web_001_9490,Web
1787477481.144853,145,4,UDP,52783,443,,forward,20260823_150110_web_001_9490,Web
1787477481.159881,88,4,UDP,443,52783,,forward,20260823_150110_web_001_9490,Web
1787477481.159881,88,4,UDP,443,52783,,forward,20260823_150110_web_001_9490,Web
1787477481.159881,125,4,UDP,443,52783,,forward,20260823_150110_web_001_9490,Web
1787477481.160291,88,4,UDP,52783,443,,forward,20260823_150110_web_001_9490,Web
1787477481.189793,88,4,UDP,443,52783,,forward,20260823_150110_web_001_9490,Web
1787477481.20533,88,4,UDP,443,52783,,forward,20260823_150110_web_001_9490,Web
1787477481.237308,181,4,UDP,443,52783,,forward,20260823_150110_web_001_9490,Web
1787477481.237567,88,4,UDP,52783,443,,forward,20260823_150110_web_001_9490,Web
1787477481.276286,145,4,UDP,443,52783,,forward,20260823_150110_web_001_9490,Web
1787477481.276536,88,4,UDP,52783,443,,forward,20260823_150110_web_001_9490,Web
1787477481.276846,145,4,UDP,52783,443,,forward,20260823_150110_web_001_9490,Web
1787477481.292977,731,4,UDP,52783,443,,forward,20260823_150110_web_001_9490,Web
1787477481.330574,88,4,UDP,443,52783,,forward,20260823_150110_web_001_9490,Web
1787477481.345046,88,4,UDP,443,52783,,forward,20260823_150110_web_001_9490,Web
1787477481.345046,145,4,UDP,443,52783,,forward,20260823_150110_web_001_9490,Web
1787477481.345381,88,4,UDP,52783,443,,forward,20260823_150110_web_001_9490,Web
1787477481.399102,217,4,UDP,443,52783,,forward,20260823_150110_web_001_9490,Web
1787477481.399102,1365,4,UDP,443,52783,,forward,20260823_150110_web_001_9490,Web
1787477481.399306,88,4,UDP,52783,443,,forward,20260823_150110_web_001_9490,Web
1787477481.399766,145,4,UDP,52783,443,,forward,20260823_150110_web_001_9490,Web
1787477481.405022,222,4,UDP,52783,443,,forward,20260823_150110_web_001_9490,Web
1787477481.41352,1365,4,UDP,443,52783,,forward,20260823_150110_web_001_9490,Web
1787477481.413724,88,4,UDP,52783,443,,forward,20260823_150110_web_001_9490,Web
1787477481.41391,145,4,UDP,52783,443,,forward,20260823_150110_web_001_9490,Web
1787477481.453376,88,4,UDP,443,52783,,forward,20260823_150110_web_001_9490,Web
1787477481.453376,1072,4,UDP,443,52783,,forward,20260823_150110_web_001_9490,Web
1787477481.453376,88,4,UDP,443,52783,,forward,20260823_150110_web_001_9490,Web
1787477481.453376,145,4,UDP,443,52783,,forward,20260823_150110_web_001_9490,Web
1787477481.453606,88,4,UDP,52783,443,,forward,20260823_150110_web_001_9490,Web
1787477481.453808,145,4,UDP,52783,443,,forward,20260823_150110_web_001_9490,Web
1787477481.468411,88,4,UDP,443,52783,,forward,20260823_150110_web_001_9490,Web
1787477481.512876,88,4,UDP,443,52783,,forward,20260823_150110_web_001_9490,Web
1787477481.577944,247,4,UDP,443,52783,,forward,20260823_150110_web_001_9490,Web
1787477481.578193,88,4,UDP,52783,443,,forward,20260823_150110_web_001_9490,Web
1787477481.579176,1154,4,UDP,52783,443,,forward,20260823_150110_web_001_9490,Web
1787477481.625747,125,4,UDP,52783,443,,forward,20260823_150110_web_001_9490,Web
1787477481.628513,88,4,UDP,443,52783,,forward,20260823_150110_web_001_9490,Web
1787477481.628513,210,4,UDP,443,52783,,forward,20260823_150110_web_001_9490,Web
1787477481.628751,88,4,UDP,52783,443,,forward,20260823_150110_web_001_9490,Web
1787477481.655383,145,4,UDP,443,52783,,forward,20260823_150110_web_001_9490,Web
1787477481.655606,88,4,UDP,52783,443,,forward,20260823_150110_web_001_9490,Web
1787477481.655853,145,4,UDP,52783,443,,forward,20260823_150110_web_001_9490,Web
1787477481.686913,88,4,UDP,443,52783,,forward,20260823_150110_web_001_9490,Web
1787477481.718409,88,4,UDP,443,52783,,forward,20260823_150110_web_001_9490,Web
1787477481.732286,215,4,UDP,443,52783,,forward,20260823_150110_web_001_9490,Web
1787477481.732497,88,4,UDP,52783,443,,forward,20260823_150110_web_001_9490,Web
1787477481.751553,1365,4,UDP,443,52783,,forward,20260823_150110_web_001_9490,Web
1787477481.751886,88,4,UDP,52783,443,,forward,20260823_150110_web_001_9490,Web
1787477481.752303,145,4,UDP,52783,443,,forward,20260823_150110_web_001_9490,Web
1787477481.765547,1365,4,UDP,443,52783,,forward,20260823_150110_web_001_9490,Web
1787477481.765547,1365,4,UDP,443,52783,,forward,20260823_150110_web_001_9490,Web
1787477481.76576,88,4,UDP,52783,443,,forward,20260823_150110_web_001_9490,Web
1787477481.766178,145,4,UDP,52783,443,,forward,20260823_150110_web_001_9490,Web
1787477481.782742,1365,4,UDP,443,52783,,forward,20260823_150110_web_001_9490,Web
1787477481.782742,1365,4,UDP,443,52783,,forward,20260823_150110_web_001_9490,Web
1787477481.782742,1365,4,UDP,443,52783,,forward,20260823_150110_web_001_9490,Web
1787477481.783041,88,4,UDP,52783,443,,forward,20260823_150110_web_001_9490,Web
1787477481.783299,145,4,UDP,52783,443,,forward,20260823_150110_web_001_9490,Web
1787477481.788443,487,4,UDP,52783,443,,forward,20260823_150110_web_001_9490,Web
1787477481.788535,1359,4,UDP,52783,443,,forward,20260823_150110_web_001_9490,Web
1787477481.788574,893,4,UDP,52783,443,,forward,20260823_150110_web_001_9490,Web
1787477481.79765,1365,4,UDP,443,52783,,forward,20260823_150110_web_001_9490,Web
1787477481.79765,1365,4,UDP,443,52783,,forward,20260823_150110_web_001_9490,Web
1787477481.79765,1365,4,UDP,443,52783,,forward,20260823_150110_web_001_9490,Web
1787477481.797904,88,4,UDP,52783,443,,forward,20260823_150110_web_001_9490,Web
1787477481.798235,210,4,UDP,52783,443,,forward,20260823_150110_web_001_9490,Web
1787477481.814654,88,4,UDP,443,52783,,forward,20260823_150110_web_001_9490,Web
1787477481.814654,329,4,UDP,443,52783,,forward,20260823_150110_web_001_9490,Web
1787477481.814654,88,4,UDP,443,52783,,forward,20260823_150110_web_001_9490,Web
1787477481.814927,88,4,UDP,52783,443,,forward,20260823_150110_web_001_9490,Web
1787477481.830411,88,4,UDP,443,52783,,forward,20260823_150110_web_001_9490,Web
1787477481.841582,208,4,UDP,52783,443,,forward,20260823_150110_web_001_9490,Web
1787477481.843966,88,4,UDP,443,52783,,forward,20260823_150110_web_001_9490,Web
1787477481.843966,88,4,UDP,443,52783,,forward,20260823_150110_web_001_9490,Web
1787477481.858992,88,4,UDP,443,52783,,forward,20260823_150110_web_001_9490,Web
1787477481.890091,773,4,UDP,443,52783,,forward,20260823_150110_web_001_9490,Web
1787477481.890091,88,4,UDP,443,52783,,forward,20260823_150110_web_001_9490,Web
1787477481.890091,145,4,UDP,443,52783,,forward,20260823_150110_web_001_9490,Web
1787477481.890421,88,4,UDP,52783,443,,forward,20260823_150110_web_001_9490,Web
1787477481.891416,180,4,UDP,52783,443,,forward,20260823_150110_web_001_9490,Web
1787477481.892745,1106,4,UDP,52783,443,,forward,20260823_150110_web_001_9490,Web
1787477481.905669,181,4,UDP,443,52783,,forward,20260823_150110_web_001_9490,Web
1787477481.905669,1353,4,UDP,443,52783,,forward,20260823_150110_web_001_9490,Web
1787477481.905669,1365,4,UDP,443,52783,,forward,20260823_150110_web_001_9490,Web
1787477481.905669,1365,4,UDP,443,52783,,forward,20260823_150110_web_001_9490,Web
1787477481.905669,1365,4,UDP,443,52783,,forward,20260823_150110_web_001_9490,Web
1787477481.905669,1365,4,UDP,443,52783,,forward,20260823_150110_web_001_9490,Web
1787477481.905955,88,4,UDP,52783,443,,forward,20260823_150110_web_001_9490,Web
1787477481.906185,210,4,UDP,52783,443,,forward,20260823_150110_web_001_9490,Web
1787477481.936155,168,4,UDP,52783,443,,forward,20260823_150110_web_001_9490,Web
1787477481.950856,181,4,UDP,443,52783,,forward,20260823_150110_web_001_9490,Web
1787477481.950856,88,4,UDP,443,52783,,forward,20260823_150110_web_001_9490,Web
1787477481.950856,145,4,UDP,443,52783,,forward,20260823_150110_web_001_9490,Web
1787477481.950856,88,4,UDP,443,52783,,forward,20260823_150110_web_001_9490,Web
1787477481.950856,170,4,UDP,443,52783,,forward,20260823_150110_web_001_9490,Web
1787477481.95096,145,4,UDP,52783,443,,forward,20260823_150110_web_001_9490,Web
1787477481.951073,88,4,UDP,52783,443,,forward,20260823_150110_web_001_9490,Web
1787477481.961828,88,4,UDP,443,52783,,forward,20260823_150110_web_001_9490,Web
1787477481.961828,821,4,UDP,443,52783,,forward,20260823_150110_web_001_9490,Web
1787477481.962098,88,4,UDP,52783,443,,forward,20260823_150110_web_001_9490,Web
1787477481.99455,88,4,UDP,443,52783,,forward,20260823_150110_web_001_9490,Web
1787477482.012014,88,4,UDP,443,52783,,forward,20260823_150110_web_001_9490,Web
1787477482.012208,145,4,UDP,52783,443,,forward,20260823_150110_web_001_9490,Web
1787477482.061026,88,4,UDP,443,52783,,forward,20260823_150110_web_001_9490,Web
1787477482.094006,1173,4,UDP,443,52783,,forward,20260823_150110_web_001_9490,Web
1787477482.094695,88,4,UDP,52783,443,,forward,20260823_150110_web_001_9490,Web
1787477482.099986,208,4,UDP,52783,443,,forward,20260823_150110_web_001_9490,Web
1787477482.135836,172,4,UDP,52783,443,,forward,20260823_150110_web_001_9490,Web
1787477482.150578,88,4,UDP,443,52783,,forward,20260823_150110_web_001_9490,Web
1787477482.150578,145,4,UDP,443,52783,,forward,20260823_150110_web_001_9490,Web
1787477482.150806,88,4,UDP,52783,443,,forward,20260823_150110_web_001_9490,Web
1787477482.164575,1365,4,UDP,52783,443,,forward,20260823_150110_web_001_9490,Web
1787477482.16467,1365,4,UDP,52783,443,,forward,20260823_150110_web_001_9490,Web
1787477482.164697,1365,4,UDP,52783,443,,forward,20260823_150110_web_001_9490,Web
1787477482.164712,1365,4,UDP,52783,443,,forward,20260823_150110_web_001_9490,Web
1787477482.164726,1365,4,UDP,52783,443,,forward,20260823_150110_web_001_9490,Web
1787477482.164741,861,4,UDP,52783,443,,forward,20260823_150110_web_001_9490,Web
1787477482.164833,153,4,UDP,52783,443,,forward,20260823_150110_web_001_9490,Web
1787477482.165161,153,4,UDP,52783,443,,forward,20260823_150110_web_001_9490,Web
1787477482.165514,1365,4,UDP,443,52783,,forward,20260823_150110_web_001_9490,Web
1787477482.165514,1015,4,UDP,443,52783,,forward,20260823_150110_web_001_9490,Web
1787477482.165662,88,4,UDP,52783,443,,forward,20260823_150110_web_001_9490,Web
1787477482.16624,145,4,UDP,52783,443,,forward,20260823_150110_web_001_9490,Web
1787477482.180609,145,4,UDP,443,52783,,forward,20260823_150110_web_001_9490,Web
1787477482.180609,170,4,UDP,443,52783,,forward,20260823_150110_web_001_9490,Web
1787477482.180609,145,4,UDP,443,52783,,forward,20260823_150110_web_001_9490,Web
1787477482.180609,247,4,UDP,443,52783,,forward,20260823_150110_web_001_9490,Web
1787477482.18083,88,4,UDP,52783,443,,forward,20260823_150110_web_001_9490,Web
1787477482.180964,300,4,UDP,52783,443,,forward,20260823_150110_web_001_9490,Web
1787477482.182209,1153,4,UDP,52783,443,,forward,20260823_150110_web_001_9490,Web
1787477482.194542,88,4,UDP,443,52783,,forward,20260823_150110_web_001_9490,Web
1787477482.227058,88,4,UDP,443,52783,,forward,20260823_150110_web_001_9490,Web
1787477482.227058,88,4,UDP,443,52783,,forward,20260823_150110_web_001_9490,Web
1787477482.227058,295,4,UDP,443,52783,,forward,20260823_150110_web_001_9490,Web
1787477482.227058,535,4,UDP,443,52783,,forward,20260823_150110_web_001_9490,Web
1787477482.227058,282,4,UDP,443,52783,,forward,20260823_150110_web_001_9490,Web
1787477482.22732,88,4,UDP,52783,443,,forward,20260823_150110_web_001_9490,Web
1787477482.227401,125,4,UDP,52783,443,,forward,20260823_150110_web_001_9490,Web
1787477482.228303,153,4,UDP,52783,443,,forward,20260823_150110_web_001_9490,Web
1787477482.243098,88,4,UDP,443,52783,,forward,20260823_150110_web_001_9490,Web
1787477482.243098,210,4,UDP,443,52783,,forward,20260823_150110_web_001_9490,Web
1787477482.243432,88,4,UDP,52783,443,,forward,20260823_150110_web_001_9490,Web
1787477482.258067,670,4,UDP,443,52783,,forward,20260823_150110_web_001_9490,Web
1787477482.258304,88,4,UDP,52783,443,,forward,20260823_150110_web_001_9490,Web
1787477482.259506,180,4,UDP,52783,443,,forward,20260823_150110_web_001_9490,Web
1787477482.262306,231,4,UDP,52783,443,,forward,20260823_150110_web_001_9490,Web
1787477482.28909,88,4,UDP,443,52783,,forward,20260823_150110_web_001_9490,Web
1787477482.28909,181,4,UDP,443,52783,,forward,20260823_150110_web_001_9490,Web
1787477482.28909,181,4,UDP,443,52783,,forward,20260823_150110_web_001_9490,Web
1787477482.289342,88,4,UDP,52783,443,,forward,20260823_150110_web_001_9490,Web
1787477482.296293,145,4,UDP,443,52783,,forward,20260823_150110_web_001_9490,Web
1787477482.296524,88,4,UDP,52783,443,,forward,20260823_150110_web_001_9490,Web
1787477482.296687,145,4,UDP,52783,443,,forward,20260823_150110_web_001_9490,Web
1787477482.318728,88,4,UDP,443,52783,,forward,20260823_150110_web_001_9490,Web
1787477482.318728,145,4,UDP,443,52783,,forward,20260823_150110_web_001_9490,Web
1787477482.318728,88,4,UDP,443,52783,,forward,20260823_150110_web_001_9490,Web
1787477482.319016,88,4,UDP,52783,443,,forward,20260823_150110_web_001_9490,Web
1787477482.322354,430,4,UDP,52783,443,,forward,20260823_150110_web_001_9490,Web
1787477482.325184,1329,4,UDP,52783,443,,forward,20260823_150110_web_001_9490,Web
1787477482.325303,1188,4,UDP,52783,443,,forward,20260823_150110_web_001_9490,Web
1787477482.349772,88,4,UDP,443,52783,,forward,20260823_150110_web_001_9490,Web
1787477482.362661,145,4,UDP,443,52783,,forward,20260823_150110_web_001_9490,Web
1787477482.362867,88,4,UDP,52783,443,,forward,20260823_150110_web_001_9490,Web
1787477482.381725,88,4,UDP,443,52783,,forward,20260823_150110_web_001_9490,Web
1787477482.381725,210,4,UDP,443,52783,,forward,20260823_150110_web_001_9490,Web
1787477482.381725,88,4,UDP,443,52783,,forward,20260823_150110_web_001_9490,Web
1787477482.381725,210,4,UDP,443,52783,,forward,20260823_150110_web_001_9490,Web
1787477482.381725,730,4,UDP,443,52783,,forward,20260823_150110_web_001_9490,Web
1787477482.381965,88,4,UDP,52783,443,,forward,20260823_150110_web_001_9490,Web
1787477482.388066,532,4,UDP,52783,443,,forward,20260823_150110_web_001_9490,Web
1787477482.388205,382,4,UDP,52783,443,,forward,20260823_150110_web_001_9490,Web
1787477482.423777,397,4,UDP,52783,443,,forward,20260823_150110_web_001_9490,Web
1787477482.423959,236,4,UDP,52783,443,,forward,20260823_150110_web_001_9490,Web
1787477482.440558,215,4,UDP,52783,443,,forward,20260823_150110_web_001_9490,Web
1787477482.443733,88,4,UDP,443,52783,,forward,20260823_150110_web_001_9490,Web
1787477482.443733,388,4,UDP,443,52783,,forward,20260823_150110_web_001_9490,Web
1787477482.443733,157,4,UDP,443,52783,,forward,20260823_150110_web_001_9490,Web
1787477482.444028,88,4,UDP,52783,443,,forward,20260823_150110_web_001_9490,Web
1787477482.444242,995,4,UDP,52783,443,,forward,20260823_150110_web_001_9490,Web
1787477482.47368,88,4,UDP,443,52783,,forward,20260823_150110_web_001_9490,Web
1787477482.47368,157,4,UDP,443,52783,,forward,20260823_150110_web_001_9490,Web
1787477482.47368,88,4,UDP,443,52783,,forward,20260823_150110_web_001_9490,Web
1787477482.473919,88,4,UDP,52783,443,,forward,20260823_150110_web_001_9490,Web
1787477482.47409,218,4,UDP,52783,443,,forward,20260823_150110_web_001_9490,Web
1787477482.488735,157,4,UDP,443,52783,,forward,20260823_150110_web_001_9490,Web
1787477482.488735,740,4,UDP,443,52783,,forward,20260823_150110_web_001_9490,Web
1787477482.488735,88,4,UDP,443,52783,,forward,20260823_150110_web_001_9490,Web
1787477482.488945,88,4,UDP,52783,443,,forward,20260823_150110_web_001_9490,Web
1787477482.498734,157,4,UDP,443,52783,,forward,20260823_150110_web_001_9490,Web
1787477482.498734,88,4,UDP,443,52783,,forward,20260823_150110_web_001_9490,Web
1787477482.498734,157,4,UDP,443,52783,,forward,20260823_150110_web_001_9490,Web
1787477482.498939,88,4,UDP,52783,443,,forward,20260823_150110_web_001_9490,Web
1787477482.53125,88,4,UDP,443,52783,,forward,20260823_150110_web_001_9490,Web
1787477482.53125,157,4,UDP,443,52783,,forward,20260823_150110_web_001_9490,Web
1787477482.531488,88,4,UDP,52783,443,,forward,20260823_150110_web_001_9490,Web
1787477482.535533,145,4,UDP,52783,443,,forward,20260823_150110_web_001_9490,Web
1787477482.596166,88,4,UDP,443,52783,,forward,20260823_150110_web_001_9490,Web
1787477482.596166,176,4,UDP,443,52783,,forward,20260823_150110_web_001_9490,Web
1787477482.596374,88,4,UDP,52783,443,,forward,20260823_150110_web_001_9490,Web
1787477482.598251,1110,4,UDP,52783,443,,forward,20260823_150110_web_001_9490,Web
1787477482.642957,145,4,UDP,52783,443,,forward,20260823_150110_web_001_9490,Web
1787477482.657713,88,4,UDP,443,52783,,forward,20260823_150110_web_001_9490,Web
1787477482.657713,170,4,UDP,443,52783,,forward,20260823_150110_web_001_9490,Web
1787477482.657713,654,4,UDP,443,52783,,forward,20260823_150110_web_001_9490,Web
1787477482.657973,88,4,UDP,52783,443,,forward,20260823_150110_web_001_9490,Web
1787477482.688678,125,4,UDP,443,52783,,forward,20260823_150110_web_001_9490,Web
1787477482.688877,88,4,UDP,52783,443,,forward,20260823_150110_web_001_9490,Web
1787477482.688988,125,4,UDP,52783,443,,forward,20260823_150110_web_001_9490,Web
1787477482.695698,88,4,UDP,443,52783,,forward,20260823_150110_web_001_9490,Web
1787477482.704871,145,4,UDP,52783,443,,forward,20260823_150110_web_001_9490,Web
1787477482.751184,88,4,UDP,443,52783,,forward,20260823_150110_web_001_9490,Web
1787477482.763249,88,4,UDP,443,52783,,forward,20260823_150110_web_001_9490,Web
1787477482.763249,700,4,UDP,443,52783,,forward,20260823_150110_web_001_9490,Web
1787477482.763503,88,4,UDP,52783,443,,forward,20260823_150110_web_001_9490,Web
1787477482.812853,145,4,UDP,52783,443,,forward,20260823_150110_web_001_9490,Web
1787477482.860586,242,4,UDP,52783,443,,forward,20260823_150110_web_001_9490,Web
1787477482.874276,88,4,UDP,443,52783,,forward,20260823_150110_web_001_9490,Web
1787477482.874276,217,4,UDP,443,52783,,forward,20260823_150110_web_001_9490,Web
1787477482.874276,247,4,UDP,443,52783,,forward,20260823_150110_web_001_9490,Web
1787477482.874552,88,4,UDP,52783,443,,forward,20260823_150110_web_001_9490,Web
1787477482.875759,1157,4,UDP,52783,443,,forward,20260823_150110_web_001_9490,Web
1787477482.92077,88,4,UDP,443,52783,,forward,20260823_150110_web_001_9490,Web
1787477482.92077,193,4,UDP,443,52783,,forward,20260823_150110_web_001_9490,Web
1787477482.92077,193,4,UDP,443,52783,,forward,20260823_150110_web_001_9490,Web
1787477482.920939,88,4,UDP,52783,443,,forward,20260823_150110_web_001_9490,Web
1787477482.921015,190,4,UDP,52783,443,,forward,20260823_150110_web_001_9490,Web
1787477482.924417,161,4,UDP,52783,443,,forward,20260823_150110_web_001_9490,Web
1787477482.926763,88,4,UDP,443,52783,,forward,20260823_150110_web_001_9490,Web
1787477482.926763,145,4,UDP,443,52783,,forward,20260823_150110_web_001_9490,Web
1787477482.926763,145,4,UDP,443,52783,,forward,20260823_150110_web_001_9490,Web
1787477482.927016,88,4,UDP,52783,443,,forward,20260823_150110_web_001_9490,Web
1787477482.982243,88,4,UDP,443,52783,,forward,20260823_150110_web_001_9490,Web
1787477482.982243,88,4,UDP,443,52783,,forward,20260823_150110_web_001_9490,Web
1787477482.982243,161,4,UDP,443,52783,,forward,20260823_150110_web_001_9490,Web
1787477482.982479,88,4,UDP,52783,443,,forward,20260823_150110_web_001_9490,Web
1787477483.173271,1027,4,UDP,443,52783,,forward,20260823_150110_web_001_9490,Web
1787477483.173487,88,4,UDP,52783,443,,forward,20260823_150110_web_001_9490,Web
1787477483.202787,125,4,UDP,443,52783,,forward,20260823_150110_web_001_9490,Web
1787477483.203035,88,4,UDP,52783,443,,forward,20260823_150110_web_001_9490,Web
1787477483.203175,125,4,UDP,52783,443,,forward,20260823_150110_web_001_9490,Web
1787477483.218158,145,4,UDP,52783,443,,forward,20260823_150110_web_001_9490,Web
1787477483.249426,88,4,UDP,443,52783,,forward,20260823_150110_web_001_9490,Web
1787477483.264827,88,4,UDP,443,52783,,forward,20260823_150110_web_001_9490,Web
1787477483.273713,176,4,UDP,443,52783,,forward,20260823_150110_web_001_9490,Web
1787477483.273966,88,4,UDP,52783,443,,forward,20260823_150110_web_001_9490,Web
1787477483.279946,162,4,UDP,52783,443,,forward,20260823_150110_web_001_9490,Web
1787477483.28041,162,4,UDP,52783,443,,forward,20260823_150110_web_001_9490,Web
1787477483.280546,162,4,UDP,52783,443,,forward,20260823_150110_web_001_9490,Web
1787477483.280756,162,4,UDP,52783,443,,forward,20260823_150110_web_001_9490,Web
1787477483.322383,170,4,UDP,52783,443,,forward,20260823_150110_web_001_9490,Web
1787477483.325944,145,4,UDP,52783,443,,forward,20260823_150110_web_001_9490,Web
1787477483.341341,88,4,UDP,443,52783,,forward,20260823_150110_web_001_9490,Web
1787477483.341341,283,4,UDP,443,52783,,forward,20260823_150110_web_001_9490,Web
1787477483.341341,283,4,UDP,443,52783,,forward,20260823_150110_web_001_9490,Web
1787477483.341341,269,4,UDP,443,52783,,forward,20260823_150110_web_001_9490,Web
1787477483.341341,269,4,UDP,443,52783,,forward,20260823_150110_web_001_9490,Web
1787477483.34157,88,4,UDP,52783,443,,forward,20260823_150110_web_001_9490,Web
1787477483.342301,335,4,UDP,52783,443,,forward,20260823_150110_web_001_9490,Web
1787477483.342395,253,4,UDP,52783,443,,forward,20260823_150110_web_001_9490,Web
1787477483.342436,162,4,UDP,52783,443,,forward,20260823_150110_web_001_9490,Web
1787477483.386007,88,4,UDP,443,52783,,forward,20260823_150110_web_001_9490,Web
1787477483.386007,125,4,UDP,443,52783,,forward,20260823_150110_web_001_9490,Web
1787477483.38624,88,4,UDP,52783,443,,forward,20260823_150110_web_001_9490,Web
1787477483.401337,88,4,UDP,443,52783,,forward,20260823_150110_web_001_9490,Web
1787477483.401337,269,4,UDP,443,52783,,forward,20260823_150110_web_001_9490,Web
1787477483.401337,675,4,UDP,443,52783,,forward,20260823_150110_web_001_9490,Web
1787477483.401337,252,4,UDP,443,52783,,forward,20260823_150110_web_001_9490,Web
1787477483.401337,252,4,UDP,443,52783,,forward,20260823_150110_web_001_9490,Web
1787477483.401744,88,4,UDP,52783,443,,forward,20260823_150110_web_001_9490,Web
1787477483.403513,137,4,UDP,52783,443,,forward,20260823_150110_web_001_9490,Web
1787477483.463119,88,4,UDP,443,52783,,forward,20260823_150110_web_001_9490,Web
1787477483.557658,137,4,UDP,443,52783,,forward,20260823_150110_web_001_9490,Web
1787477483.557834,88,4,UDP,52783,443,,forward,20260823_150110_web_001_9490,Web
1787477483.558306,125,4,UDP,52783,443,,forward,20260823_150110_web_001_9490,Web
1787477483.558594,1365,4,UDP,52783,443,,forward,20260823_150110_web_001_9490,Web
1787477483.558641,717,4,UDP,52783,443,,forward,20260823_150110_web_001_9490,Web
1787477483.588666,145,4,UDP,443,52783,,forward,20260823_150110_web_001_9490,Web
1787477483.588864,88,4,UDP,52783,443,,forward,20260823_150110_web_001_9490,Web
1787477483.588984,145,4,UDP,52783,443,,forward,20260823_150110_web_001_9490,Web
1787477483.60421,88,4,UDP,443,52783,,forward,20260823_150110_web_001_9490,Web
1787477483.61916,88,4,UDP,443,52783,,forward,20260823_150110_web_001_9490,Web
1787477483.61916,170,4,UDP,443,52783,,forward,20260823_150110_web_001_9490,Web
1787477483.619894,88,4,UDP,52783,443,,forward,20260823_150110_web_001_9490,Web
1787477483.634194,202,4,UDP,443,52783,,forward,20260823_150110_web_001_9490,Web
1787477483.634363,88,4,UDP,52783,443,,forward,20260823_150110_web_001_9490,Web
1787477483.635485,164,4,UDP,52783,443,,forward,20260823_150110_web_001_9490,Web
1787477483.638109,88,4,UDP,443,52783,,forward,20260823_150110_web_001_9490,Web
1787477483.697136,88,4,UDP,443,52783,,forward,20260823_150110_web_001_9490,Web
1787477483.697136,125,4,UDP,443,52783,,forward,20260823_150110_web_001_9490,Web
1787477483.69878,88,4,UDP,52783,443,,forward,20260823_150110_web_001_9490,Web
1787477483.807167,1365,4,UDP,443,52783,,forward,20260823_150110_web_001_9490,Web
1787477483.807167,1365,4,UDP,443,52783,,forward,20260823_150110_web_001_9490,Web
1787477483.807167,1365,4,UDP,443,52783,,forward,20260823_150110_web_001_9490,Web
1787477483.807167,1365,4,UDP,443,52783,,forward,20260823_150110_web_001_9490,Web
1787477483.807167,637,4,UDP,443,52783,,forward,20260823_150110_web_001_9490,Web
1787477483.807464,88,4,UDP,52783,443,,forward,20260823_150110_web_001_9490,Web
1787477483.808329,170,4,UDP,52783,443,,forward,20260823_150110_web_001_9490,Web
1787477483.835239,234,4,UDP,52783,443,,forward,20260823_150110_web_001_9490,Web
1787477483.853315,125,4,UDP,52783,443,,forward,20260823_150110_web_001_9490,Web
1787477483.861204,731,4,UDP,52783,443,,forward,20260823_150110_web_001_9490,Web
1787477483.86836,88,4,UDP,443,52783,,forward,20260823_150110_web_001_9490,Web
1787477483.883314,88,4,UDP,443,52783,,forward,20260823_150110_web_001_9490,Web
1787477483.883314,145,4,UDP,443,52783,,forward,20260823_150110_web_001_9490,Web
1787477483.883314,145,4,UDP,443,52783,,forward,20260823_150110_web_001_9490,Web
1787477483.88354,88,4,UDP,52783,443,,forward,20260823_150110_web_001_9490,Web
1787477483.883811,145,4,UDP,52783,443,,forward,20260823_150110_web_001_9490,Web
1787477483.902285,88,4,UDP,443,52783,,forward,20260823_150110_web_001_9490,Web
1787477483.902285,600,4,UDP,443,52783,,forward,20260823_150110_web_001_9490,Web
1787477483.902541,88,4,UDP,52783,443,,forward,20260823_150110_web_001_9490,Web
1787477483.905214,189,4,UDP,52783,443,,forward,20260823_150110_web_001_9490,Web
1787477483.905421,634,4,UDP,52783,443,,forward,20260823_150110_web_001_9490,Web
1787477483.913887,88,4,UDP,443,52783,,forward,20260823_150110_web_001_9490,Web
1787477483.913887,145,4,UDP,443,52783,,forward,20260823_150110_web_001_9490,Web
1787477483.91412,88,4,UDP,52783,443,,forward,20260823_150110_web_001_9490,Web
1787477483.935821,88,4,UDP,443,52783,,forward,20260823_150110_web_001_9490,Web
1787477483.95983,88,4,UDP,443,52783,,forward,20260823_150110_web_001_9490,Web
1787477483.95983,215,4,UDP,443,52783,,forward,20260823_150110_web_001_9490,Web
1787477483.960352,88,4,UDP,52783,443,,forward,20260823_150110_web_001_9490,Web
1787477484.022538,84,4,UDP,52783,443,,forward,20260823_150110_web_001_9490,Web
1787477484.054338,1365,4,UDP,443,52783,,forward,20260823_150110_web_001_9490,Web
1787477484.054338,1341,4,UDP,443,52783,,forward,20260823_150110_web_001_9490,Web
1787477484.054338,1365,4,UDP,443,52783,,forward,20260823_150110_web_001_9490,Web
1787477484.054338,1365,4,UDP,443,52783,,forward,20260823_150110_web_001_9490,Web
1787477484.054338,1365,4,UDP,443,52783,,forward,20260823_150110_web_001_9490,Web
1787477484.054338,304,4,UDP,443,52783,,forward,20260823_150110_web_001_9490,Web
1787477484.054765,88,4,UDP,52783,443,,forward,20260823_150110_web_001_9490,Web
1787477484.055344,210,4,UDP,52783,443,,forward,20260823_150110_web_001_9490,Web
1787477484.067891,1365,4,UDP,443,52783,,forward,20260823_150110_web_001_9490,Web
1787477484.067891,1365,4,UDP,443,52783,,forward,20260823_150110_web_001_9490,Web
1787477484.067891,1365,4,UDP,443,52783,,forward,20260823_150110_web_001_9490,Web
1787477484.067891,1365,4,UDP,443,52783,,forward,20260823_150110_web_001_9490,Web
1787477484.067891,1365,4,UDP,443,52783,,forward,20260823_150110_web_001_9490,Web
1787477484.067891,1365,4,UDP,443,52783,,forward,20260823_150110_web_001_9490,Web
1787477484.067891,1365,4,UDP,443,52783,,forward,20260823_150110_web_001_9490,Web
1787477484.067891,1365,4,UDP,443,52783,,forward,20260823_150110_web_001_9490,Web
1787477484.067891,1365,4,UDP,443,52783,,forward,20260823_150110_web_001_9490,Web
1787477484.067891,1365,4,UDP,443,52783,,forward,20260823_150110_web_001_9490,Web
1787477484.068246,88,4,UDP,52783,443,,forward,20260823_150110_web_001_9490,Web
1787477484.068688,381,4,UDP,52783,443,,forward,20260823_150110_web_001_9490,Web
1787477484.069791,88,4,UDP,443,52783,,forward,20260823_150110_web_001_9490,Web
1787477484.084851,1365,4,UDP,443,52783,,forward,20260823_150110_web_001_9490,Web
1787477484.084851,1365,4,UDP,443,52783,,forward,20260823_150110_web_001_9490,Web
1787477484.084851,1365,4,UDP,443,52783,,forward,20260823_150110_web_001_9490,Web
1787477484.084851,1365,4,UDP,443,52783,,forward,20260823_150110_web_001_9490,Web
1787477484.084851,1365,4,UDP,443,52783,,forward,20260823_150110_web_001_9490,Web
1787477484.085196,88,4,UDP,52783,443,,forward,20260823_150110_web_001_9490,Web
1787477484.085458,305,4,UDP,52783,443,,forward,20260823_150110_web_001_9490,Web
1787477484.100185,145,4,UDP,52783,443,,forward,20260823_150110_web_001_9490,Web
1787477484.115315,88,4,UDP,443,52783,,forward,20260823_150110_web_001_9490,Web
1787477484.115315,873,4,UDP,443,52783,,forward,20260823_150110_web_001_9490,Web
1787477484.115597,88,4,UDP,52783,443,,forward,20260823_150110_web_001_9490,Web
1787477484.130214,88,4,UDP,443,52783,,forward,20260823_150110_web_001_9490,Web
1787477484.130214,1365,4,UDP,443,52783,,forward,20260823_150110_web_001_9490,Web
1787477484.130214,1365,4,UDP,443,52783,,forward,20260823_150110_web_001_9490,Web
1787477484.130214,1365,4,UDP,443,52783,,forward,20260823_150110_web_001_9490,Web
1787477484.130214,1365,4,UDP,443,52783,,forward,20260823_150110_web_001_9490,Web
1787477484.130214,1365,4,UDP,443,52783,,forward,20260823_150110_web_001_9490,Web
1787477484.130214,1365,4,UDP,443,52783,,forward,20260823_150110_web_001_9490,Web
1787477484.130214,125,4,UDP,443,52783,,forward,20260823_150110_web_001_9490,Web
1787477484.130457,88,4,UDP,52783,443,,forward,20260823_150110_web_001_9490,Web
1787477484.130643,350,4,UDP,52783,443,,forward,20260823_150110_web_001_9490,Web
1787477484.133226,1365,4,UDP,443,52783,,forward,20260823_150110_web_001_9490,Web
1787477484.133226,1365,4,UDP,443,52783,,forward,20260823_150110_web_001_9490,Web
1787477484.133226,1365,4,UDP,443,52783,,forward,20260823_150110_web_001_9490,Web
1787477484.133226,1365,4,UDP,443,52783,,forward,20260823_150110_web_001_9490,Web
1787477484.133226,164,4,UDP,443,52783,,forward,20260823_150110_web_001_9490,Web
1787477484.133226,149,4,UDP,443,52783,,forward,20260823_150110_web_001_9490,Web
1787477484.133486,88,4,UDP,52783,443,,forward,20260823_150110_web_001_9490,Web
1787477484.133867,215,4,UDP,52783,443,,forward,20260823_150110_web_001_9490,Web
1787477484.145215,88,4,UDP,443,52783,,forward,20260823_150110_web_001_9490,Web
1787477484.145215,1365,4,UDP,443,52783,,forward,20260823_150110_web_001_9490,Web
1787477484.145215,1365,4,UDP,443,52783,,forward,20260823_150110_web_001_9490,Web
1787477484.145215,1365,4,UDP,443,52783,,forward,20260823_150110_web_001_9490,Web
1787477484.145215,1365,4,UDP,443,52783,,forward,20260823_150110_web_001_9490,Web
1787477484.145215,1365,4,UDP,443,52783,,forward,20260823_150110_web_001_9490,Web
1787477484.145215,1300,4,UDP,443,52783,,forward,20260823_150110_web_001_9490,Web
1787477484.145485,88,4,UDP,52783,443,,forward,20260823_150110_web_001_9490,Web
1787477484.145717,170,4,UDP,52783,443,,forward,20260823_150110_web_001_9490,Web
1787477484.145839,125,4,UDP,52783,443,,forward,20260823_150110_web_001_9490,Web
1787477484.160239,88,4,UDP,443,52783,,forward,20260823_150110_web_001_9490,Web
1787477484.160239,1365,4,UDP,443,52783,,forward,20260823_150110_web_001_9490,Web
1787477484.160239,1365,4,UDP,443,52783,,forward,20260823_150110_web_001_9490,Web
1787477484.160239,1365,4,UDP,443,52783,,forward,20260823_150110_web_001_9490,Web
1787477484.160239,1365,4,UDP,443,52783,,forward,20260823_150110_web_001_9490,Web
1787477484.160239,1365,4,UDP,443,52783,,forward,20260823_150110_web_001_9490,Web
1787477484.160239,1365,4,UDP,443,52783,,forward,20260823_150110_web_001_9490,Web
1787477484.160239,1365,4,UDP,443,52783,,forward,20260823_150110_web_001_9490,Web
1787477484.160239,1365,4,UDP,443,52783,,forward,20260823_150110_web_001_9490,Web
1787477484.160429,145,4,UDP,52783,443,,forward,20260823_150110_web_001_9490,Web
1787477484.160561,88,4,UDP,52783,443,,forward,20260823_150110_web_001_9490,Web
1787477484.160732,170,4,UDP,52783,443,,forward,20260823_150110_web_001_9490,Web
1787477484.16078,170,4,UDP,52783,443,,forward,20260823_150110_web_001_9490,Web
1787477484.168235,1365,4,UDP,443,52783,,forward,20260823_150110_web_001_9490,Web
1787477484.168235,1365,4,UDP,443,52783,,forward,20260823_150110_web_001_9490,Web
1787477484.168235,1365,4,UDP,443,52783,,forward,20260823_150110_web_001_9490,Web
1787477484.168487,88,4,UDP,52783,443,,forward,20260823_150110_web_001_9490,Web
1787477484.1687,125,4,UDP,52783,443,,forward,20260823_150110_web_001_9490,Web
1787477484.175181,1365,4,UDP,443,52783,,forward,20260823_150110_web_001_9490,Web
1787477484.175181,1365,4,UDP,443,52783,,forward,20260823_150110_web_001_9490,Web
1787477484.175181,1365,4,UDP,443,52783,,forward,20260823_150110_web_001_9490,Web
1787477484.175409,88,4,UDP,52783,443,,forward,20260823_150110_web_001_9490,Web
1787477484.175601,170,4,UDP,52783,443,,forward,20260823_150110_web_001_9490,Web
1787477484.190273,88,4,UDP,443,52783,,forward,20260823_150110_web_001_9490,Web
1787477484.190273,1365,4,UDP,443,52783,,forward,20260823_150110_web_001_9490,Web
1787477484.190273,1365,4,UDP,443,52783,,forward,20260823_150110_web_001_9490,Web
1787477484.190273,1365,4,UDP,443,52783,,forward,20260823_150110_web_001_9490,Web
1787477484.190273,1365,4,UDP,443,52783,,forward,20260823_150110_web_001_9490,Web
1787477484.190273,1365,4,UDP,443,52783,,forward,20260823_150110_web_001_9490,Web
1787477484.190273,1365,4,UDP,443,52783,,forward,20260823_150110_web_001_9490,Web
1787477484.190273,1365,4,UDP,443,52783,,forward,20260823_150110_web_001_9490,Web
1787477484.190273,1365,4,UDP,443,52783,,forward,20260823_150110_web_001_9490,Web
1787477484.190546,88,4,UDP,52783,443,,forward,20260823_150110_web_001_9490,Web
1787477484.190741,170,4,UDP,52783,443,,forward,20260823_150110_web_001_9490,Web
1787477484.190813,170,4,UDP,52783,443,,forward,20260823_150110_web_001_9490,Web
1787477484.200253,1365,4,UDP,443,52783,,forward,20260823_150110_web_001_9490,Web
1787477484.200253,1365,4,UDP,443,52783,,forward,20260823_150110_web_001_9490,Web
1787477484.200253,88,4,UDP,443,52783,,forward,20260823_150110_web_001_9490,Web
1787477484.200253,1365,4,UDP,443,52783,,forward,20260823_150110_web_001_9490,Web
1787477484.200253,1365,4,UDP,443,52783,,forward,20260823_150110_web_001_9490,Web
1787477484.200253,1365,4,UDP,443,52783,,forward,20260823_150110_web_001_9490,Web
1787477484.200253,1365,4,UDP,443,52783,,forward,20260823_150110_web_001_9490,Web
1787477484.200253,1365,4,UDP,443,52783,,forward,20260823_150110_web_001_9490,Web
1787477484.200253,1365,4,UDP,443,52783,,forward,20260823_150110_web_001_9490,Web
1787477484.200529,88,4,UDP,52783,443,,forward,20260823_150110_web_001_9490,Web
1787477484.200818,260,4,UDP,52783,443,,forward,20260823_150110_web_001_9490,Web
1787477484.205732,1365,4,UDP,443,52783,,forward,20260823_150110_web_001_9490,Web
1787477484.205732,1365,4,UDP,443,52783,,forward,20260823_150110_web_001_9490,Web
1787477484.205732,1365,4,UDP,443,52783,,forward,20260823_150110_web_001_9490,Web
1787477484.205732,1365,4,UDP,443,52783,,forward,20260823_150110_web_001_9490,Web
1787477484.206009,88,4,UDP,52783,443,,forward,20260823_150110_web_001_9490,Web
1787477484.206244,170,4,UDP,52783,443,,forward,20260823_150110_web_001_9490,Web
1787477484.220787,1365,4,UDP,443,52783,,forward,20260823_150110_web_001_9490,Web
1787477484.220787,1365,4,UDP,443,52783,,forward,20260823_150110_web_001_9490,Web
1787477484.220787,88,4,UDP,443,52783,,forward,20260823_150110_web_001_9490,Web
1787477484.220787,1365,4,UDP,443,52783,,forward,20260823_150110_web_001_9490,Web
1787477484.220787,1365,4,UDP,443,52783,,forward,20260823_150110_web_001_9490,Web
1787477484.220787,1365,4,UDP,443,52783,,forward,20260823_150110_web_001_9490,Web
1787477484.220787,1365,4,UDP,443,52783,,forward,20260823_150110_web_001_9490,Web
1787477484.220787,1365,4,UDP,443,52783,,forward,20260823_150110_web_001_9490,Web
1787477484.220787,1365,4,UDP,443,52783,,forward,20260823_150110_web_001_9490,Web
1787477484.220787,88,4,UDP,443,52783,,forward,20260823_150110_web_001_9490,Web
1787477484.220787,1365,4,UDP,443,52783,,forward,20260823_150110_web_001_9490,Web
1787477484.220787,1365,4,UDP,443,52783,,forward,20260823_150110_web_001_9490,Web
1787477484.220787,1365,4,UDP,443,52783,,forward,20260823_150110_web_001_9490,Web
1787477484.220787,1365,4,UDP,443,52783,,forward,20260823_150110_web_001_9490,Web
1787477484.221102,88,4,UDP,52783,443,,forward,20260823_150110_web_001_9490,Web
1787477484.221294,125,4,UDP,52783,443,,forward,20260823_150110_web_001_9490,Web
1787477484.221368,125,4,UDP,52783,443,,forward,20260823_150110_web_001_9490,Web
1787477484.22141,170,4,UDP,52783,443,,forward,20260823_150110_web_001_9490,Web
1787477484.22144,125,4,UDP,52783,443,,forward,20260823_150110_web_001_9490,Web
1787477484.221502,125,4,UDP,52783,443,,forward,20260823_150110_web_001_9490,Web
1787477484.232994,1365,4,UDP,443,52783,,forward,20260823_150110_web_001_9490,Web
1787477484.232994,1365,4,UDP,443,52783,,forward,20260823_150110_web_001_9490,Web
1787477484.232994,88,4,UDP,443,52783,,forward,20260823_150110_web_001_9490,Web
1787477484.232994,1365,4,UDP,443,52783,,forward,20260823_150110_web_001_9490,Web
1787477484.232994,1365,4,UDP,443,52783,,forward,20260823_150110_web_001_9490,Web
1787477484.232994,1365,4,UDP,443,52783,,forward,20260823_150110_web_001_9490,Web
1787477484.232994,1365,4,UDP,443,52783,,forward,20260823_150110_web_001_9490,Web
1787477484.232994,1365,4,UDP,443,52783,,forward,20260823_150110_web_001_9490,Web
1787477484.232994,1365,4,UDP,443,52783,,forward,20260823_150110_web_001_9490,Web
1787477484.232994,1365,4,UDP,443,52783,,forward,20260823_150110_web_001_9490,Web
1787477484.232994,1365,4,UDP,443,52783,,forward,20260823_150110_web_001_9490,Web
1787477484.233296,88,4,UDP,52783,443,,forward,20260823_150110_web_001_9490,Web
1787477484.233587,305,4,UDP,52783,443,,forward,20260823_150110_web_001_9490,Web
1787477484.235949,1365,4,UDP,443,52783,,forward,20260823_150110_web_001_9490,Web
1787477484.235949,1365,4,UDP,443,52783,,forward,20260823_150110_web_001_9490,Web
1787477484.236185,88,4,UDP,52783,443,,forward,20260823_150110_web_001_9490,Web
1787477484.236458,125,4,UDP,52783,443,,forward,20260823_150110_web_001_9490,Web
1787477484.238581,162,4,UDP,52783,443,,forward,20260823_150110_web_001_9490,Web
1787477484.251007,1365,4,UDP,443,52783,,forward,20260823_150110_web_001_9490,Web
1787477484.251007,837,4,UDP,443,52783,,forward,20260823_150110_web_001_9490,Web
1787477484.251007,88,4,UDP,443,52783,,forward,20260823_150110_web_001_9490,Web
1787477484.251007,88,4,UDP,443,52783,,forward,20260823_150110_web_001_9490,Web
1787477484.251007,1365,4,UDP,443,52783,,forward,20260823_150110_web_001_9490,Web
1787477484.251007,1365,4,UDP,443,52783,,forward,20260823_150110_web_001_9490,Web
1787477484.251007,1365,4,UDP,443,52783,,forward,20260823_150110_web_001_9490,Web
1787477484.251007,1365,4,UDP,443,52783,,forward,20260823_150110_web_001_9490,Web
1787477484.251647,88,4,UDP,52783,443,,forward,20260823_150110_web_001_9490,Web
1787477484.251978,215,4,UDP,52783,443,,forward,20260823_150110_web_001_9490,Web
1787477484.264954,1365,4,UDP,443,52783,,forward,20260823_150110_web_001_9490,Web
1787477484.264954,1365,4,UDP,443,52783,,forward,20260823_150110_web_001_9490,Web
1787477484.264954,88,4,UDP,443,52783,,forward,20260823_150110_web_001_9490,Web
1787477484.264954,1365,4,UDP,443,52783,,forward,20260823_150110_web_001_9490,Web
1787477484.264954,1365,4,UDP,443,52783,,forward,20260823_150110_web_001_9490,Web
1787477484.264954,1365,4,UDP,443,52783,,forward,20260823_150110_web_001_9490,Web
1787477484.264954,1365,4,UDP,443,52783,,forward,20260823_150110_web_001_9490,Web
1787477484.264954,1365,4,UDP,443,52783,,forward,20260823_150110_web_001_9490,Web
1787477484.264954,1365,4,UDP,443,52783,,forward,20260823_150110_web_001_9490,Web
1787477484.264954,1365,4,UDP,443,52783,,forward,20260823_150110_web_001_9490,Web
1787477484.264954,1365,4,UDP,443,52783,,forward,20260823_150110_web_001_9490,Web
1787477484.264954,1365,4,UDP,443,52783,,forward,20260823_150110_web_001_9490,Web
1787477484.264954,1365,4,UDP,443,52783,,forward,20260823_150110_web_001_9490,Web
1787477484.264954,1365,4,UDP,443,52783,,forward,20260823_150110_web_001_9490,Web
1787477484.26528,88,4,UDP,52783,443,,forward,20260823_150110_web_001_9490,Web
1787477484.265536,215,4,UDP,52783,443,,forward,20260823_150110_web_001_9490,Web
1787477484.2656,125,4,UDP,52783,443,,forward,20260823_150110_web_001_9490,Web
1787477484.265679,170,4,UDP,52783,443,,forward,20260823_150110_web_001_9490,Web
1787477484.265906,1365,4,UDP,443,52783,,forward,20260823_150110_web_001_9490,Web
1787477484.265906,1365,4,UDP,443,52783,,forward,20260823_150110_web_001_9490,Web
1787477484.266017,88,4,UDP,52783,443,,forward,20260823_150110_web_001_9490,Web
1787477484.266122,125,4,UDP,52783,443,,forward,20260823_150110_web_001_9490,Web
1787477484.266329,1365,4,UDP,52783,443,,forward,20260823_150110_web_001_9490,Web
1787477484.266382,1365,4,UDP,52783,443,,forward,20260823_150110_web_001_9490,Web
1787477484.266408,1365,4,UDP,52783,443,,forward,20260823_150110_web_001_9490,Web
1787477484.266433,1365,4,UDP,52783,443,,forward,20260823_150110_web_001_9490,Web
1787477484.266458,1365,4,UDP,52783,443,,forward,20260823_150110_web_001_9490,Web
1787477484.266482,677,4,UDP,52783,443,,forward,20260823_150110_web_001_9490,Web
1787477484.266511,1365,4,UDP,52783,443,,forward,20260823_150110_web_001_9490,Web
1787477484.266535,1365,4,UDP,52783,443,,forward,20260823_150110_web_001_9490,Web
1787477484.266566,636,4,UDP,52783,443,,forward,20260823_150110_web_001_9490,Web
1787477484.281586,1365,4,UDP,443,52783,,forward,20260823_150110_web_001_9490,Web
1787477484.281586,1365,4,UDP,443,52783,,forward,20260823_150110_web_001_9490,Web
1787477484.281586,1365,4,UDP,443,52783,,forward,20260823_150110_web_001_9490,Web
1787477484.281586,1365,4,UDP,443,52783,,forward,20260823_150110_web_001_9490,Web
1787477484.281586,1365,4,UDP,443,52783,,forward,20260823_150110_web_001_9490,Web
1787477484.281586,88,4,UDP,443,52783,,forward,20260823_150110_web_001_9490,Web
1787477484.281586,1365,4,UDP,443,52783,,forward,20260823_150110_web_001_9490,Web
1787477484.281586,1365,4,UDP,443,52783,,forward,20260823_150110_web_001_9490,Web
1787477484.281586,1365,4,UDP,443,52783,,forward,20260823_150110_web_001_9490,Web
1787477484.281586,1365,4,UDP,443,52783,,forward,20260823_150110_web_001_9490,Web
1787477484.281586,1365,4,UDP,443,52783,,forward,20260823_150110_web_001_9490,Web
1787477484.281586,1365,4,UDP,443,52783,,forward,20260823_150110_web_001_9490,Web
1787477484.281586,1365,4,UDP,443,52783,,forward,20260823_150110_web_001_9490,Web
1787477484.281586,1365,4,UDP,443,52783,,forward,20260823_150110_web_001_9490,Web
1787477484.281586,1365,4,UDP,443,52783,,forward,20260823_150110_web_001_9490,Web
1787477484.281586,1365,4,UDP,443,52783,,forward,20260823_150110_web_001_9490,Web
1787477484.281586,1365,4,UDP,443,52783,,forward,20260823_150110_web_001_9490,Web
1787477484.281586,88,4,UDP,443,52783,,forward,20260823_150110_web_001_9490,Web
1787477484.281953,88,4,UDP,52783,443,,forward,20260823_150110_web_001_9490,Web
1787477484.282125,125,4,UDP,52783,443,,forward,20260823_150110_web_001_9490,Web
1787477484.282334,395,4,UDP,52783,443,,forward,20260823_150110_web_001_9490,Web
1787477484.296342,1365,4,UDP,443,52783,,forward,20260823_150110_web_001_9490,Web
1787477484.296342,1365,4,UDP,443,52783,,forward,20260823_150110_web_001_9490,Web
1787477484.296342,1365,4,UDP,443,52783,,forward,20260823_150110_web_001_9490,Web
1787477484.296342,1365,4,UDP,443,52783,,forward,20260823_150110_web_001_9490,Web
1787477484.296342,88,4,UDP,443,52783,,forward,20260823_150110_web_001_9490,Web
1787477484.296342,1365,4,UDP,443,52783,,forward,20260823_150110_web_001_9490,Web
1787477484.296342,1365,4,UDP,443,52783,,forward,20260823_150110_web_001_9490,Web
1787477484.296342,283,4,UDP,443,52783,,forward,20260823_150110_web_001_9490,Web
1787477484.296342,1365,4,UDP,443,52783,,forward,20260823_150110_web_001_9490,Web
1787477484.296342,1365,4,UDP,443,52783,,forward,20260823_150110_web_001_9490,Web
1787477484.296342,1365,4,UDP,443,52783,,forward,20260823_150110_web_001_9490,Web
1787477484.296342,1365,4,UDP,443,52783,,forward,20260823_150110_web_001_9490,Web
1787477484.296342,1365,4,UDP,443,52783,,forward,20260823_150110_web_001_9490,Web
1787477484.296342,1365,4,UDP,443,52783,,forward,20260823_150110_web_001_9490,Web
1787477484.296342,1365,4,UDP,443,52783,,forward,20260823_150110_web_001_9490,Web
1787477484.296635,88,4,UDP,52783,443,,forward,20260823_150110_web_001_9490,Web
1787477484.296894,170,4,UDP,52783,443,,forward,20260823_150110_web_001_9490,Web
1787477484.297028,125,4,UDP,52783,443,,forward,20260823_150110_web_001_9490,Web
1787477484.297114,125,4,UDP,52783,443,,forward,20260823_150110_web_001_9490,Web
1787477484.297496,306,4,UDP,52783,443,,forward,20260823_150110_web_001_9490,Web
1787477484.299164,1365,4,UDP,443,52783,,forward,20260823_150110_web_001_9490,Web
1787477484.299164,1365,4,UDP,443,52783,,forward,20260823_150110_web_001_9490,Web
1787477484.299164,1365,4,UDP,443,52783,,forward,20260823_150110_web_001_9490,Web
1787477484.299164,1365,4,UDP,443,52783,,forward,20260823_150110_web_001_9490,Web
1787477484.299412,88,4,UDP,52783,443,,forward,20260823_150110_web_001_9490,Web
1787477484.299664,170,4,UDP,52783,443,,forward,20260823_150110_web_001_9490,Web
1787477484.311724,1365,4,UDP,443,52783,,forward,20260823_150110_web_001_9490,Web
1787477484.311724,1365,4,UDP,443,52783,,forward,20260823_150110_web_001_9490,Web
1787477484.311724,88,4,UDP,443,52783,,forward,20260823_150110_web_001_9490,Web
1787477484.311724,1365,4,UDP,443,52783,,forward,20260823_150110_web_001_9490,Web
1787477484.311724,325,4,UDP,443,52783,,forward,20260823_150110_web_001_9490,Web
1787477484.311724,1365,4,UDP,443,52783,,forward,20260823_150110_web_001_9490,Web
1787477484.311724,1365,4,UDP,443,52783,,forward,20260823_150110_web_001_9490,Web
1787477484.311724,1365,4,UDP,443,52783,,forward,20260823_150110_web_001_9490,Web
1787477484.311724,1365,4,UDP,443,52783,,forward,20260823_150110_web_001_9490,Web
1787477484.311724,1365,4,UDP,443,52783,,forward,20260823_150110_web_001_9490,Web
1787477484.311724,1365,4,UDP,443,52783,,forward,20260823_150110_web_001_9490,Web
1787477484.311724,1365,4,UDP,443,52783,,forward,20260823_150110_web_001_9490,Web
1787477484.311724,1365,4,UDP,443,52783,,forward,20260823_150110_web_001_9490,Web
1787477484.311724,1365,4,UDP,443,52783,,forward,20260823_150110_web_001_9490,Web
1787477484.311724,1365,4,UDP,443,52783,,forward,20260823_150110_web_001_9490,Web
1787477484.311724,1365,4,UDP,443,52783,,forward,20260823_150110_web_001_9490,Web
1787477484.312051,89,4,UDP,52783,443,,forward,20260823_150110_web_001_9490,Web
1787477484.312227,125,4,UDP,52783,443,,forward,20260823_150110_web_001_9490,Web
1787477484.312422,170,4,UDP,52783,443,,forward,20260823_150110_web_001_9490,Web
1787477484.312578,125,4,UDP,52783,443,,forward,20260823_150110_web_001_9490,Web
1787477484.312629,170,4,UDP,52783,443,,forward,20260823_150110_web_001_9490,Web
1787477484.312658,125,4,UDP,52783,443,,forward,20260823_150110_web_001_9490,Web
1787477484.326759,88,4,UDP,443,52783,,forward,20260823_150110_web_001_9490,Web
1787477484.326759,88,4,UDP,443,52783,,forward,20260823_150110_web_001_9490,Web
1787477484.326759,88,4,UDP,443,52783,,forward,20260823_150110_web_001_9490,Web
1787477484.326759,210,4,UDP,443,52783,,forward,20260823_150110_web_001_9490,Web
1787477484.326759,1365,4,UDP,443,52783,,forward,20260823_150110_web_001_9490,Web
1787477484.326759,1365,4,UDP,443,52783,,forward,20260823_150110_web_001_9490,Web
1787477484.326759,340,4,UDP,443,52783,,forward,20260823_150110_web_001_9490,Web
1787477484.326759,145,4,UDP,443,52783,,forward,20260823_150110_web_001_9490,Web
1787477484.326759,210,4,UDP,443,52783,,forward,20260823_150110_web_001_9490,Web
1787477484.326759,1365,4,UDP,443,52783,,forward,20260823_150110_web_001_9490,Web
1787477484.326759,1365,4,UDP,443,52783,,forward,20260823_150110_web_001_9490,Web
1787477484.326759,1365,4,UDP,443,52783,,forward,20260823_150110_web_001_9490,Web
1787477484.326759,1365,4,UDP,443,52783,,forward,20260823_150110_web_001_9490,Web
1787477484.326759,1365,4,UDP,443,52783,,forward,20260823_150110_web_001_9490,Web
1787477484.326759,1365,4,UDP,443,52783,,forward,20260823_150110_web_001_9490,Web
1787477484.326759,1365,4,UDP,443,52783,,forward,20260823_150110_web_001_9490,Web
1787477484.326759,1365,4,UDP,443,52783,,forward,20260823_150110_web_001_9490,Web
1787477484.326759,1365,4,UDP,443,52783,,forward,20260823_150110_web_001_9490,Web
1787477484.326759,1365,4,UDP,443,52783,,forward,20260823_150110_web_001_9490,Web
1787477484.326759,1365,4,UDP,443,52783,,forward,20260823_150110_web_001_9490,Web
1787477484.326759,1365,4,UDP,443,52783,,forward,20260823_150110_web_001_9490,Web
1787477484.326759,1365,4,UDP,443,52783,,forward,20260823_150110_web_001_9490,Web
1787477484.326759,1365,4,UDP,443,52783,,forward,20260823_150110_web_001_9490,Web
1787477484.327127,89,4,UDP,52783,443,,forward,20260823_150110_web_001_9490,Web
1787477484.327312,170,4,UDP,52783,443,,forward,20260823_150110_web_001_9490,Web
1787477484.327384,215,4,UDP,52783,443,,forward,20260823_150110_web_001_9490,Web
1787477484.327422,170,4,UDP,52783,443,,forward,20260823_150110_web_001_9490,Web
1787477484.327452,125,4,UDP,52783,443,,forward,20260823_150110_web_001_9490,Web
1787477484.331683,1365,4,UDP,443,52783,,forward,20260823_150110_web_001_9490,Web
1787477484.331683,1365,4,UDP,443,52783,,forward,20260823_150110_web_001_9490,Web
1787477484.331683,1365,4,UDP,443,52783,,forward,20260823_150110_web_001_9490,Web
1787477484.331683,1365,4,UDP,443,52783,,forward,20260823_150110_web_001_9490,Web
1787477484.331683,1365,4,UDP,443,52783,,forward,20260823_150110_web_001_9490,Web
1787477484.331683,1365,4,UDP,443,52783,,forward,20260823_150110_web_001_9490,Web
1787477484.331683,1365,4,UDP,443,52783,,forward,20260823_150110_web_001_9490,Web
1787477484.331683,1365,4,UDP,443,52783,,forward,20260823_150110_web_001_9490,Web
1787477484.331683,1365,4,UDP,443,52783,,forward,20260823_150110_web_001_9490,Web
1787477484.331961,89,4,UDP,52783,443,,forward,20260823_150110_web_001_9490,Web
1787477484.332134,125,4,UDP,52783,443,,forward,20260823_150110_web_001_9490,Web
1787477484.332226,125,4,UDP,52783,443,,forward,20260823_150110_web_001_9490,Web
1787477484.332272,125,4,UDP,52783,443,,forward,20260823_150110_web_001_9490,Web
1787477484.332305,125,4,UDP,52783,443,,forward,20260823_150110_web_001_9490,Web
1787477484.332334,125,4,UDP,52783,443,,forward,20260823_150110_web_001_9490,Web
1787477484.333922,487,4,UDP,52783,443,,forward,20260823_150110_web_001_9490,Web
1787477484.334,1359,4,UDP,52783,443,,forward,20260823_150110_web_001_9490,Web
1787477484.334053,1363,4,UDP,52783,443,,forward,20260823_150110_web_001_9490,Web
1787477484.334076,509,4,UDP,52783,443,,forward,20260823_150110_web_001_9490,Web
1787477484.341733,88,4,UDP,443,52783,,forward,20260823_150110_web_001_9490,Web
1787477484.341733,88,4,UDP,443,52783,,forward,20260823_150110_web_001_9490,Web
1787477484.341733,1365,4,UDP,443,52783,,forward,20260823_150110_web_001_9490,Web
1787477484.341733,1365,4,UDP,443,52783,,forward,20260823_150110_web_001_9490,Web
1787477484.341733,1365,4,UDP,443,52783,,forward,20260823_150110_web_001_9490,Web
1787477484.341733,1365,4,UDP,443,52783,,forward,20260823_150110_web_001_9490,Web
1787477484.341733,1365,4,UDP,443,52783,,forward,20260823_150110_web_001_9490,Web
1787477484.341733,1365,4,UDP,443,52783,,forward,20260823_150110_web_001_9490,Web
1787477484.341733,1365,4,UDP,443,52783,,forward,20260823_150110_web_001_9490,Web
1787477484.341733,1365,4,UDP,443,52783,,forward,20260823_150110_web_001_9490,Web
1787477484.341733,1365,4,UDP,443,52783,,forward,20260823_150110_web_001_9490,Web
1787477484.341733,1365,4,UDP,443,52783,,forward,20260823_150110_web_001_9490,Web
1787477484.341733,1365,4,UDP,443,52783,,forward,20260823_150110_web_001_9490,Web
1787477484.341733,1365,4,UDP,443,52783,,forward,20260823_150110_web_001_9490,Web
1787477484.341733,1365,4,UDP,443,52783,,forward,20260823_150110_web_001_9490,Web
1787477484.342051,89,4,UDP,52783,443,,forward,20260823_150110_web_001_9490,Web
1787477484.342297,170,4,UDP,52783,443,,forward,20260823_150110_web_001_9490,Web
1787477484.342352,215,4,UDP,52783,443,,forward,20260823_150110_web_001_9490,Web
1787477484.3424,125,4,UDP,52783,443,,forward,20260823_150110_web_001_9490,Web
1787477484.356798,88,4,UDP,443,52783,,forward,20260823_150110_web_001_9490,Web
1787477484.356798,1365,4,UDP,443,52783,,forward,20260823_150110_web_001_9490,Web
1787477484.356798,1365,4,UDP,443,52783,,forward,20260823_150110_web_001_9490,Web
1787477484.356798,1365,4,UDP,443,52783,,forward,20260823_150110_web_001_9490,Web
1787477484.356798,1365,4,UDP,443,52783,,forward,20260823_150110_web_001_9490,Web
1787477484.356798,1365,4,UDP,443,52783,,forward,20260823_150110_web_001_9490,Web
1787477484.356798,88,4,UDP,443,52783,,forward,20260823_150110_web_001_9490,Web
1787477484.356798,1365,4,UDP,443,52783,,forward,20260823_150110_web_001_9490,Web
1787477484.356798,1365,4,UDP,443,52783,,forward,20260823_150110_web_001_9490,Web
1787477484.356798,1365,4,UDP,443,52783,,forward,20260823_150110_web_001_9490,Web
1787477484.356798,1365,4,UDP,443,52783,,forward,20260823_150110_web_001_9490,Web
1787477484.356798,252,4,UDP,443,52783,,forward,20260823_150110_web_001_9490,Web
1787477484.356798,747,4,UDP,443,52783,,forward,20260823_150110_web_001_9490,Web
1787477484.356798,1365,4,UDP,443,52783,,forward,20260823_150110_web_001_9490,Web
1787477484.356798,1365,4,UDP,443,52783,,forward,20260823_150110_web_001_9490,Web
1787477484.356798,1365,4,UDP,443,52783,,forward,20260823_150110_web_001_9490,Web
1787477484.356798,1365,4,UDP,443,52783,,forward,20260823_150110_web_001_9490,Web
1787477484.356798,1365,4,UDP,443,52783,,forward,20260823_150110_web_001_9490,Web
1787477484.356798,1365,4,UDP,443,52783,,forward,20260823_150110_web_001_9490,Web
1787477484.356798,1365,4,UDP,443,52783,,forward,20260823_150110_web_001_9490,Web
1787477484.356798,1365,4,UDP,443,52783,,forward,20260823_150110_web_001_9490,Web
1787477484.356798,1365,4,UDP,443,52783,,forward,20260823_150110_web_001_9490,Web
1787477484.356798,1365,4,UDP,443,52783,,forward,20260823_150110_web_001_9490,Web
1787477484.356798,1365,4,UDP,443,52783,,forward,20260823_150110_web_001_9490,Web
1787477484.35728,89,4,UDP,52783,443,,forward,20260823_150110_web_001_9490,Web
1787477484.35754,305,4,UDP,52783,443,,forward,20260823_150110_web_001_9490,Web
1787477484.357809,215,4,UDP,52783,443,,forward,20260823_150110_web_001_9490,Web
1787477484.35795,170,4,UDP,52783,443,,forward,20260823_150110_web_001_9490,Web
1787477484.36573,1365,4,UDP,443,52783,,forward,20260823_150110_web_001_9490,Web
1787477484.36573,1365,4,UDP,443,52783,,forward,20260823_150110_web_001_9490,Web
1787477484.36573,1365,4,UDP,443,52783,,forward,20260823_150110_web_001_9490,Web
1787477484.36573,1365,4,UDP,443,52783,,forward,20260823_150110_web_001_9490,Web
1787477484.36573,1365,4,UDP,443,52783,,forward,20260823_150110_web_001_9490,Web
1787477484.36573,1365,4,UDP,443,52783,,forward,20260823_150110_web_001_9490,Web
1787477484.36573,1365,4,UDP,443,52783,,forward,20260823_150110_web_001_9490,Web
1787477484.36573,1365,4,UDP,443,52783,,forward,20260823_150110_web_001_9490,Web
1787477484.36573,88,4,UDP,443,52783,,forward,20260823_150110_web_001_9490,Web
1787477484.36573,88,4,UDP,443,52783,,forward,20260823_150110_web_001_9490,Web
1787477484.36573,1365,4,UDP,443,52783,,forward,20260823_150110_web_001_9490,Web
1787477484.36573,1365,4,UDP,443,52783,,forward,20260823_150110_web_001_9490,Web
1787477484.36573,661,4,UDP,443,52783,,forward,20260823_150110_web_001_9490,Web
1787477484.36573,1365,4,UDP,443,52783,,forward,20260823_150110_web_001_9490,Web
1787477484.36573,1365,4,UDP,443,52783,,forward,20260823_150110_web_001_9490,Web
1787477484.36573,1365,4,UDP,443,52783,,forward,20260823_150110_web_001_9490,Web
1787477484.36573,1365,4,UDP,443,52783,,forward,20260823_150110_web_001_9490,Web
1787477484.36573,1365,4,UDP,443,52783,,forward,20260823_150110_web_001_9490,Web
1787477484.36573,1365,4,UDP,443,52783,,forward,20260823_150110_web_001_9490,Web
1787477484.366114,89,4,UDP,52783,443,,forward,20260823_150110_web_001_9490,Web
1787477484.366384,305,4,UDP,52783,443,,forward,20260823_150110_web_001_9490,Web
1787477484.366466,215,4,UDP,52783,443,,forward,20260823_150110_web_001_9490,Web
1787477484.366504,125,4,UDP,52783,443,,forward,20260823_150110_web_001_9490,Web
1787477484.371699,1365,4,UDP,443,52783,,forward,20260823_150110_web_001_9490,Web
1787477484.371699,1365,4,UDP,443,52783,,forward,20260823_150110_web_001_9490,Web
1787477484.371699,1365,4,UDP,443,52783,,forward,20260823_150110_web_001_9490,Web
1787477484.371699,1365,4,UDP,443,52783,,forward,20260823_150110_web_001_9490,Web
1787477484.371699,1365,4,UDP,443,52783,,forward,20260823_150110_web_001_9490,Web
1787477484.371699,1365,4,UDP,443,52783,,forward,20260823_150110_web_001_9490,Web
1787477484.371699,1365,4,UDP,443,52783,,forward,20260823_150110_web_001_9490,Web
1787477484.371699,1365,4,UDP,443,52783,,forward,20260823_150110_web_001_9490,Web
1787477484.371699,1365,4,UDP,443,52783,,forward,20260823_150110_web_001_9490,Web
1787477484.371699,1365,4,UDP,443,52783,,forward,20260823_150110_web_001_9490,Web
1787477484.371699,1365,4,UDP,443,52783,,forward,20260823_150110_web_001_9490,Web
1787477484.371993,89,4,UDP,52783,443,,forward,20260823_150110_web_001_9490,Web
1787477484.372302,125,4,UDP,52783,443,,forward,20260823_150110_web_001_9490,Web
1787477484.372444,125,4,UDP,52783,443,,forward,20260823_150110_web_001_9490,Web
1787477484.372499,170,4,UDP,52783,443,,forward,20260823_150110_web_001_9490,Web
1787477484.372554,125,4,UDP,52783,443,,forward,20260823_150110_web_001_9490,Web
1787477484.386785,1365,4,UDP,443,52783,,forward,20260823_150110_web_001_9490,Web
1787477484.386785,1365,4,UDP,443,52783,,forward,20260823_150110_web_001_9490,Web
1787477484.386785,1365,4,UDP,443,52783,,forward,20260823_150110_web_001_9490,Web
1787477484.386785,1365,4,UDP,443,52783,,forward,20260823_150110_web_001_9490,Web
1787477484.386785,1365,4,UDP,443,52783,,forward,20260823_150110_web_001_9490,Web
1787477484.386785,1365,4,UDP,443,52783,,forward,20260823_150110_web_001_9490,Web
1787477484.386785,1365,4,UDP,443,52783,,forward,20260823_150110_web_001_9490,Web
1787477484.386785,1365,4,UDP,443,52783,,forward,20260823_150110_web_001_9490,Web
1787477484.386785,1365,4,UDP,443,52783,,forward,20260823_150110_web_001_9490,Web
1787477484.386785,88,4,UDP,443,52783,,forward,20260823_150110_web_001_9490,Web
1787477484.386785,1365,4,UDP,443,52783,,forward,20260823_150110_web_001_9490,Web
1787477484.386785,1365,4,UDP,443,52783,,forward,20260823_150110_web_001_9490,Web
1787477484.386785,1365,4,UDP,443,52783,,forward,20260823_150110_web_001_9490,Web
1787477484.386785,1365,4,UDP,443,52783,,forward,20260823_150110_web_001_9490,Web
1787477484.386785,1365,4,UDP,443,52783,,forward,20260823_150110_web_001_9490,Web
1787477484.386785,1365,4,UDP,443,52783,,forward,20260823_150110_web_001_9490,Web
1787477484.386785,1365,4,UDP,443,52783,,forward,20260823_150110_web_001_9490,Web
1787477484.386785,88,4,UDP,443,52783,,forward,20260823_150110_web_001_9490,Web
1787477484.386785,1365,4,UDP,443,52783,,forward,20260823_150110_web_001_9490,Web
1787477484.386785,1365,4,UDP,443,52783,,forward,20260823_150110_web_001_9490,Web
1787477484.386785,1365,4,UDP,443,52783,,forward,20260823_150110_web_001_9490,Web
1787477484.386785,1365,4,UDP,443,52783,,forward,20260823_150110_web_001_9490,Web
1787477484.386785,1365,4,UDP,443,52783,,forward,20260823_150110_web_001_9490,Web
1787477484.386785,1365,4,UDP,443,52783,,forward,20260823_150110_web_001_9490,Web
1787477484.386785,1365,4,UDP,443,52783,,forward,20260823_150110_web_001_9490,Web
1787477484.386785,1365,4,UDP,443,52783,,forward,20260823_150110_web_001_9490,Web
1787477484.386785,88,4,UDP,443,52783,,forward,20260823_150110_web_001_9490,Web
1787477484.386785,1365,4,UDP,443,52783,,forward,20260823_150110_web_001_9490,Web
1787477484.386785,1365,4,UDP,443,52783,,forward,20260823_150110_web_001_9490,Web
1787477484.386785,1365,4,UDP,443,52783,,forward,20260823_150110_web_001_9490,Web
1787477484.386785,1365,4,UDP,443,52783,,forward,20260823_150110_web_001_9490,Web
1787477484.386785,1365,4,UDP,443,52783,,forward,20260823_150110_web_001_9490,Web
1787477484.386785,1365,4,UDP,443,52783,,forward,20260823_150110_web_001_9490,Web
1787477484.387268,89,4,UDP,52783,443,,forward,20260823_150110_web_001_9490,Web
1787477484.387431,170,4,UDP,52783,443,,forward,20260823_150110_web_001_9490,Web
1787477484.387503,170,4,UDP,52783,443,,forward,20260823_150110_web_001_9490,Web
1787477484.387576,170,4,UDP,52783,443,,forward,20260823_150110_web_001_9490,Web
1787477484.387614,125,4,UDP,52783,443,,forward,20260823_150110_web_001_9490,Web
1787477484.387725,260,4,UDP,52783,443,,forward,20260823_150110_web_001_9490,Web
1787477484.387792,170,4,UDP,52783,443,,forward,20260823_150110_web_001_9490,Web
1787477484.387831,125,4,UDP,52783,443,,forward,20260823_150110_web_001_9490,Web
1787477484.38786,125,4,UDP,52783,443,,forward,20260823_150110_web_001_9490,Web
1787477484.398732,1365,4,UDP,443,52783,,forward,20260823_150110_web_001_9490,Web
1787477484.398732,1365,4,UDP,443,52783,,forward,20260823_150110_web_001_9490,Web
1787477484.398732,88,4,UDP,443,52783,,forward,20260823_150110_web_001_9490,Web
1787477484.398732,1365,4,UDP,443,52783,,forward,20260823_150110_web_001_9490,Web
1787477484.398732,1365,4,UDP,443,52783,,forward,20260823_150110_web_001_9490,Web
1787477484.398732,1365,4,UDP,443,52783,,forward,20260823_150110_web_001_9490,Web
1787477484.398732,1365,4,UDP,443,52783,,forward,20260823_150110_web_001_9490,Web
1787477484.398732,1365,4,UDP,443,52783,,forward,20260823_150110_web_001_9490,Web
1787477484.398732,1365,4,UDP,443,52783,,forward,20260823_150110_web_001_9490,Web
1787477484.398732,1365,4,UDP,443,52783,,forward,20260823_150110_web_001_9490,Web
1787477484.398732,1365,4,UDP,443,52783,,forward,20260823_150110_web_001_9490,Web
1787477484.398732,1365,4,UDP,443,52783,,forward,20260823_150110_web_001_9490,Web
1787477484.398732,1365,4,UDP,443,52783,,forward,20260823_150110_web_001_9490,Web
1787477484.398732,1365,4,UDP,443,52783,,forward,20260823_150110_web_001_9490,Web
1787477484.398732,1365,4,UDP,443,52783,,forward,20260823_150110_web_001_9490,Web
1787477484.398732,1365,4,UDP,443,52783,,forward,20260823_150110_web_001_9490,Web
1787477484.398732,1365,4,UDP,443,52783,,forward,20260823_150110_web_001_9490,Web
1787477484.398732,1365,4,UDP,443,52783,,forward,20260823_150110_web_001_9490,Web
1787477484.398732,1365,4,UDP,443,52783,,forward,20260823_150110_web_001_9490,Web
1787477484.398732,1365,4,UDP,443,52783,,forward,20260823_150110_web_001_9490,Web
1787477484.398732,1365,4,UDP,443,52783,,forward,20260823_150110_web_001_9490,Web
1787477484.398732,1365,4,UDP,443,52783,,forward,20260823_150110_web_001_9490,Web
1787477484.398732,1365,4,UDP,443,52783,,forward,20260823_150110_web_001_9490,Web
1787477484.398732,1365,4,UDP,443,52783,,forward,20260823_150110_web_001_9490,Web
1787477484.398732,1365,4,UDP,443,52783,,forward,20260823_150110_web_001_9490,Web
1787477484.399215,89,4,UDP,52783,443,,forward,20260823_150110_web_001_9490,Web
1787477484.39955,530,4,UDP,52783,443,,forward,20260823_150110_web_001_9490,Web
1787477484.399625,170,4,UDP,52783,443,,forward,20260823_150110_web_001_9490,Web
1787477484.401663,1365,4,UDP,443,52783,,forward,20260823_150110_web_001_9490,Web
1787477484.401663,1365,4,UDP,443,52783,,forward,20260823_150110_web_001_9490,Web
1787477484.401663,1365,4,UDP,443,52783,,forward,20260823_150110_web_001_9490,Web
1787477484.401663,1365,4,UDP,443,52783,,forward,20260823_150110_web_001_9490,Web
1787477484.401663,1365,4,UDP,443,52783,,forward,20260823_150110_web_001_9490,Web
1787477484.401994,89,4,UDP,52783,443,,forward,20260823_150110_web_001_9490,Web
1787477484.402082,145,4,UDP,52783,443,,forward,20260823_150110_web_001_9490,Web
1787477484.402119,125,4,UDP,52783,443,,forward,20260823_150110_web_001_9490,Web
1787477484.402189,170,4,UDP,52783,443,,forward,20260823_150110_web_001_9490,Web
1787477484.417324,1365,4,UDP,443,52783,,forward,20260823_150110_web_001_9490,Web
1787477484.417324,1365,4,UDP,443,52783,,forward,20260823_150110_web_001_9490,Web
1787477484.417324,1365,4,UDP,443,52783,,forward,20260823_150110_web_001_9490,Web
1787477484.417324,1365,4,UDP,443,52783,,forward,20260823_150110_web_001_9490,Web
1787477484.417324,1365,4,UDP,443,52783,,forward,20260823_150110_web_001_9490,Web
1787477484.417324,1365,4,UDP,443,52783,,forward,20260823_150110_web_001_9490,Web
1787477484.417324,1365,4,UDP,443,52783,,forward,20260823_150110_web_001_9490,Web
1787477484.417324,1365,4,UDP,443,52783,,forward,20260823_150110_web_001_9490,Web
1787477484.417324,1365,4,UDP,443,52783,,forward,20260823_150110_web_001_9490,Web
1787477484.417324,1365,4,UDP,443,52783,,forward,20260823_150110_web_001_9490,Web
1787477484.417324,1365,4,UDP,443,52783,,forward,20260823_150110_web_001_9490,Web
1787477484.417324,88,4,UDP,443,52783,,forward,20260823_150110_web_001_9490,Web
1787477484.417324,88,4,UDP,443,52783,,forward,20260823_150110_web_001_9490,Web
1787477484.417324,1365,4,UDP,443,52783,,forward,20260823_150110_web_001_9490,Web
1787477484.417324,1365,4,UDP,443,52783,,forward,20260823_150110_web_001_9490,Web
1787477484.417324,1365,4,UDP,443,52783,,forward,20260823_150110_web_001_9490,Web
1787477484.417324,1365,4,UDP,443,52783,,forward,20260823_150110_web_001_9490,Web
1787477484.417324,1365,4,UDP,443,52783,,forward,20260823_150110_web_001_9490,Web
1787477484.417324,1365,4,UDP,443,52783,,forward,20260823_150110_web_001_9490,Web
1787477484.417324,1365,4,UDP,443,52783,,forward,20260823_150110_web_001_9490,Web
1787477484.417324,1365,4,UDP,443,52783,,forward,20260823_150110_web_001_9490,Web
1787477484.417324,1365,4,UDP,443,52783,,forward,20260823_150110_web_001_9490,Web
1787477484.417324,1365,4,UDP,443,52783,,forward,20260823_150110_web_001_9490,Web
1787477484.417324,1365,4,UDP,443,52783,,forward,20260823_150110_web_001_9490,Web
1787477484.417324,1365,4,UDP,443,52783,,forward,20260823_150110_web_001_9490,Web
1787477484.417324,1365,4,UDP,443,52783,,forward,20260823_150110_web_001_9490,Web
1787477484.417324,1365,4,UDP,443,52783,,forward,20260823_150110_web_001_9490,Web
1787477484.417324,88,4,UDP,443,52783,,forward,20260823_150110_web_001_9490,Web
1787477484.417324,1365,4,UDP,443,52783,,forward,20260823_150110_web_001_9490,Web
1787477484.417324,1365,4,UDP,443,52783,,forward,20260823_150110_web_001_9490,Web
1787477484.417324,997,4,UDP,443,52783,,forward,20260823_150110_web_001_9490,Web
1787477484.417324,1365,4,UDP,443,52783,,forward,20260823_150110_web_001_9490,Web
1787477484.417324,1365,4,UDP,443,52783,,forward,20260823_150110_web_001_9490,Web
1787477484.417324,1365,4,UDP,443,52783,,forward,20260823_150110_web_001_9490,Web
1787477484.417324,1365,4,UDP,443,52783,,forward,20260823_150110_web_001_9490,Web
1787477484.418121,89,4,UDP,52783,443,,forward,20260823_150110_web_001_9490,Web
1787477484.418475,575,4,UDP,52783,443,,forward,20260823_150110_web_001_9490,Web
1787477484.418547,305,4,UDP,52783,443,,forward,20260823_150110_web_001_9490,Web
1787477484.432316,1365,4,UDP,443,52783,,forward,20260823_150110_web_001_9490,Web
1787477484.432316,1365,4,UDP,443,52783,,forward,20260823_150110_web_001_9490,Web
1787477484.432316,88,4,UDP,443,52783,,forward,20260823_150110_web_001_9490,Web
1787477484.432316,88,4,UDP,443,52783,,forward,20260823_150110_web_001_9490,Web
1787477484.432316,1365,4,UDP,443,52783,,forward,20260823_150110_web_001_9490,Web
1787477484.432316,1365,4,UDP,443,52783,,forward,20260823_150110_web_001_9490,Web
1787477484.432316,1365,4,UDP,443,52783,,forward,20260823_150110_web_001_9490,Web
1787477484.432316,1365,4,UDP,443,52783,,forward,20260823_150110_web_001_9490,Web
1787477484.432316,1365,4,UDP,443,52783,,forward,20260823_150110_web_001_9490,Web
1787477484.432316,1365,4,UDP,443,52783,,forward,20260823_150110_web_001_9490,Web
1787477484.432316,1365,4,UDP,443,52783,,forward,20260823_150110_web_001_9490,Web
1787477484.432316,1365,4,UDP,443,52783,,forward,20260823_150110_web_001_9490,Web
1787477484.432316,1365,4,UDP,443,52783,,forward,20260823_150110_web_001_9490,Web
1787477484.432316,1365,4,UDP,443,52783,,forward,20260823_150110_web_001_9490,Web
1787477484.432316,1365,4,UDP,443,52783,,forward,20260823_150110_web_001_9490,Web
1787477484.432316,1365,4,UDP,443,52783,,forward,20260823_150110_web_001_9490,Web
1787477484.432316,1365,4,UDP,443,52783,,forward,20260823_150110_web_001_9490,Web
1787477484.432316,1365,4,UDP,443,52783,,forward,20260823_150110_web_001_9490,Web
1787477484.432316,1365,4,UDP,443,52783,,forward,20260823_150110_web_001_9490,Web
1787477484.432316,1365,4,UDP,443,52783,,forward,20260823_150110_web_001_9490,Web
1787477484.432316,1365,4,UDP,443,52783,,forward,20260823_150110_web_001_9490,Web
1787477484.432316,1365,4,UDP,443,52783,,forward,20260823_150110_web_001_9490,Web
1787477484.432316,1365,4,UDP,443,52783,,forward,20260823_150110_web_001_9490,Web
1787477484.432316,1365,4,UDP,443,52783,,forward,20260823_150110_web_001_9490,Web
1787477484.432316,1365,4,UDP,443,52783,,forward,20260823_150110_web_001_9490,Web
1787477484.432316,1365,4,UDP,443,52783,,forward,20260823_150110_web_001_9490,Web
1787477484.432316,1365,4,UDP,443,52783,,forward,20260823_150110_web_001_9490,Web
1787477484.432316,1365,4,UDP,443,52783,,forward,20260823_150110_web_001_9490,Web
1787477484.432316,1366,4,UDP,443,52783,,forward,20260823_150110_web_001_9490,Web
1787477484.432316,1366,4,UDP,443,52783,,forward,20260823_150110_web_001_9490,Web
1787477484.432316,1366,4,UDP,443,52783,,forward,20260823_150110_web_001_9490,Web
1787477484.432316,1366,4,UDP,443,52783,,forward,20260823_150110_web_001_9490,Web
1787477484.432316,1366,4,UDP,443,52783,,forward,20260823_150110_web_001_9490,Web
1787477484.432316,1366,4,UDP,443,52783,,forward,20260823_150110_web_001_9490,Web
1787477484.432316,1366,4,UDP,443,52783,,forward,20260823_150110_web_001_9490,Web
1787477484.432316,1366,4,UDP,443,52783,,forward,20260823_150110_web_001_9490,Web
1787477484.432316,1366,4,UDP,443,52783,,forward,20260823_150110_web_001_9490,Web
1787477484.432912,89,4,UDP,52783,443,,forward,20260823_150110_web_001_9490,Web
1787477484.433039,125,4,UDP,52783,443,,forward,20260823_150110_web_001_9490,Web
1787477484.433094,1366,4,UDP,443,52783,,forward,20260823_150110_web_001_9490,Web
1787477484.433094,1366,4,UDP,443,52783,,forward,20260823_150110_web_001_9490,Web
1787477484.433094,88,4,UDP,443,52783,,forward,20260823_150110_web_001_9490,Web
1787477484.433167,125,4,UDP,52783,443,,forward,20260823_150110_web_001_9490,Web
1787477484.433251,89,4,UDP,52783,443,,forward,20260823_150110_web_001_9490,Web
1787477484.433299,350,4,UDP,52783,443,,forward,20260823_150110_web_001_9490,Web
1787477484.433331,125,4,UDP,52783,443,,forward,20260823_150110_web_001_9490,Web
1787477484.433409,170,4,UDP,52783,443,,forward,20260823_150110_web_001_9490,Web
1787477484.43347,170,4,UDP,52783,443,,forward,20260823_150110_web_001_9490,Web
1787477484.433505,170,4,UDP,52783,443,,forward,20260823_150110_web_001_9490,Web
1787477484.433575,170,4,UDP,52783,443,,forward,20260823_150110_web_001_9490,Web
1787477484.433633,125,4,UDP,52783,443,,forward,20260823_150110_web_001_9490,Web
1787477484.447474,1365,4,UDP,443,52783,,forward,20260823_150110_web_001_9490,Web
1787477484.447474,1365,4,UDP,443,52783,,forward,20260823_150110_web_001_9490,Web
1787477484.447474,1365,4,UDP,443,52783,,forward,20260823_150110_web_001_9490,Web
1787477484.447474,1365,4,UDP,443,52783,,forward,20260823_150110_web_001_9490,Web
1787477484.447474,1365,4,UDP,443,52783,,forward,20260823_150110_web_001_9490,Web
1787477484.447474,1365,4,UDP,443,52783,,forward,20260823_150110_web_001_9490,Web
1787477484.447474,1365,4,UDP,443,52783,,forward,20260823_150110_web_001_9490,Web
1787477484.447474,1365,4,UDP,443,52783,,forward,20260823_150110_web_001_9490,Web
1787477484.447474,88,4,UDP,443,52783,,forward,20260823_150110_web_001_9490,Web
1787477484.447474,1365,4,UDP,443,52783,,forward,20260823_150110_web_001_9490,Web
1787477484.447474,1365,4,UDP,443,52783,,forward,20260823_150110_web_001_9490,Web
1787477484.447474,1365,4,UDP,443,52783,,forward,20260823_150110_web_001_9490,Web
1787477484.447474,1365,4,UDP,443,52783,,forward,20260823_150110_web_001_9490,Web
1787477484.447474,1365,4,UDP,443,52783,,forward,20260823_150110_web_001_9490,Web
1787477484.447474,1365,4,UDP,443,52783,,forward,20260823_150110_web_001_9490,Web
1787477484.447474,1365,4,UDP,443,52783,,forward,20260823_150110_web_001_9490,Web
1787477484.447474,181,4,UDP,443,52783,,forward,20260823_150110_web_001_9490,Web
1787477484.447474,1365,4,UDP,443,52783,,forward,20260823_150110_web_001_9490,Web
1787477484.447474,1365,4,UDP,443,52783,,forward,20260823_150110_web_001_9490,Web
1787477484.447474,1365,4,UDP,443,52783,,forward,20260823_150110_web_001_9490,Web
1787477484.447474,1365,4,UDP,443,52783,,forward,20260823_150110_web_001_9490,Web
1787477484.447474,1366,4,UDP,443,52783,,forward,20260823_150110_web_001_9490,Web
1787477484.447474,1366,4,UDP,443,52783,,forward,20260823_150110_web_001_9490,Web
1787477484.447474,1366,4,UDP,443,52783,,forward,20260823_150110_web_001_9490,Web
1787477484.447474,1366,4,UDP,443,52783,,forward,20260823_150110_web_001_9490,Web
1787477484.447474,1366,4,UDP,443,52783,,forward,20260823_150110_web_001_9490,Web
1787477484.447474,1366,4,UDP,443,52783,,forward,20260823_150110_web_001_9490,Web
1787477484.447474,1366,4,UDP,443,52783,,forward,20260823_150110_web_001_9490,Web
1787477484.447474,1366,4,UDP,443,52783,,forward,20260823_150110_web_001_9490,Web
1787477484.447474,1366,4,UDP,443,52783,,forward,20260823_150110_web_001_9490,Web
1787477484.447474,1366,4,UDP,443,52783,,forward,20260823_150110_web_001_9490,Web
1787477484.447474,1366,4,UDP,443,52783,,forward,20260823_150110_web_001_9490,Web
1787477484.447474,1366,4,UDP,443,52783,,forward,20260823_150110_web_001_9490,Web
1787477484.447474,1366,4,UDP,443,52783,,forward,20260823_150110_web_001_9490,Web
1787477484.447474,1366,4,UDP,443,52783,,forward,20260823_150110_web_001_9490,Web
1787477484.447474,1366,4,UDP,443,52783,,forward,20260823_150110_web_001_9490,Web
1787477484.448056,89,4,UDP,52783,443,,forward,20260823_150110_web_001_9490,Web
1787477484.448257,170,4,UDP,52783,443,,forward,20260823_150110_web_001_9490,Web
1787477484.448327,125,4,UDP,52783,443,,forward,20260823_150110_web_001_9490,Web
1787477484.448366,170,4,UDP,52783,443,,forward,20260823_150110_web_001_9490,Web
1787477484.448451,215,4,UDP,52783,443,,forward,20260823_150110_web_001_9490,Web
1787477484.448543,215,4,UDP,52783,443,,forward,20260823_150110_web_001_9490,Web
1787477484.448599,215,4,UDP,52783,443,,forward,20260823_150110_web_001_9490,Web
1787477484.448672,215,4,UDP,52783,443,,forward,20260823_150110_web_001_9490,Web
1787477484.462532,1366,4,UDP,443,52783,,forward,20260823_150110_web_001_9490,Web
1787477484.462532,1366,4,UDP,443,52783,,forward,20260823_150110_web_001_9490,Web
1787477484.462532,1366,4,UDP,443,52783,,forward,20260823_150110_web_001_9490,Web
1787477484.462532,88,4,UDP,443,52783,,forward,20260823_150110_web_001_9490,Web
1787477484.462532,176,4,UDP,443,52783,,forward,20260823_150110_web_001_9490,Web
1787477484.462532,1365,4,UDP,443,52783,,forward,20260823_150110_web_001_9490,Web
1787477484.462532,1365,4,UDP,443,52783,,forward,20260823_150110_web_001_9490,Web
1787477484.462532,1365,4,UDP,443,52783,,forward,20260823_150110_web_001_9490,Web
1787477484.462532,1365,4,UDP,443,52783,,forward,20260823_150110_web_001_9490,Web
1787477484.462532,1365,4,UDP,443,52783,,forward,20260823_150110_web_001_9490,Web
1787477484.462532,1365,4,UDP,443,52783,,forward,20260823_150110_web_001_9490,Web
1787477484.462532,1365,4,UDP,443,52783,,forward,20260823_150110_web_001_9490,Web
1787477484.462532,1365,4,UDP,443,52783,,forward,20260823_150110_web_001_9490,Web
1787477484.462532,1365,4,UDP,443,52783,,forward,20260823_150110_web_001_9490,Web
1787477484.462532,1365,4,UDP,443,52783,,forward,20260823_150110_web_001_9490,Web
1787477484.462532,1366,4,UDP,443,52783,,forward,20260823_150110_web_001_9490,Web
1787477484.462532,1366,4,UDP,443,52783,,forward,20260823_150110_web_001_9490,Web
1787477484.462532,1366,4,UDP,443,52783,,forward,20260823_150110_web_001_9490,Web
1787477484.462532,1366,4,UDP,443,52783,,forward,20260823_150110_web_001_9490,Web
1787477484.462532,1366,4,UDP,443,52783,,forward,20260823_150110_web_001_9490,Web
1787477484.462532,1366,4,UDP,443,52783,,forward,20260823_150110_web_001_9490,Web
1787477484.462532,1366,4,UDP,443,52783,,forward,20260823_150110_web_001_9490,Web
1787477484.462532,1366,4,UDP,443,52783,,forward,20260823_150110_web_001_9490,Web
1787477484.462532,1366,4,UDP,443,52783,,forward,20260823_150110_web_001_9490,Web
1787477484.462532,1366,4,UDP,443,52783,,forward,20260823_150110_web_001_9490,Web
1787477484.462532,1366,4,UDP,443,52783,,forward,20260823_150110_web_001_9490,Web
1787477484.462532,1366,4,UDP,443,52783,,forward,20260823_150110_web_001_9490,Web
1787477484.462532,1366,4,UDP,443,52783,,forward,20260823_150110_web_001_9490,Web
1787477484.462532,1366,4,UDP,443,52783,,forward,20260823_150110_web_001_9490,Web
1787477484.462532,1366,4,UDP,443,52783,,forward,20260823_150110_web_001_9490,Web
1787477484.462532,1366,4,UDP,443,52783,,forward,20260823_150110_web_001_9490,Web
1787477484.462532,1366,4,UDP,443,52783,,forward,20260823_150110_web_001_9490,Web
1787477484.462532,1366,4,UDP,443,52783,,forward,20260823_150110_web_001_9490,Web
1787477484.462532,1366,4,UDP,443,52783,,forward,20260823_150110_web_001_9490,Web
1787477484.462532,1366,4,UDP,443,52783,,forward,20260823_150110_web_001_9490,Web
1787477484.462532,1366,4,UDP,443,52783,,forward,20260823_150110_web_001_9490,Web
1787477484.462532,1366,4,UDP,443,52783,,forward,20260823_150110_web_001_9490,Web
1787477484.462532,1366,4,UDP,443,52783,,forward,20260823_150110_web_001_9490,Web
1787477484.462532,1366,4,UDP,443,52783,,forward,20260823_150110_web_001_9490,Web
1787477484.462532,1366,4,UDP,443,52783,,forward,20260823_150110_web_001_9490,Web
1787477484.462532,1366,4,UDP,443,52783,,forward,20260823_150110_web_001_9490,Web
1787477484.462532,1366,4,UDP,443,52783,,forward,20260823_150110_web_001_9490,Web
1787477484.462532,1366,4,UDP,443,52783,,forward,20260823_150110_web_001_9490,Web
1787477484.462532,1366,4,UDP,443,52783,,forward,20260823_150110_web_001_9490,Web
1787477484.462532,1366,4,UDP,443,52783,,forward,20260823_150110_web_001_9490,Web
1787477484.462532,1366,4,UDP,443,52783,,forward,20260823_150110_web_001_9490,Web
1787477484.462532,1366,4,UDP,443,52783,,forward,20260823_150110_web_001_9490,Web
1787477484.462532,1366,4,UDP,443,52783,,forward,20260823_150110_web_001_9490,Web
1787477484.462532,1366,4,UDP,443,52783,,forward,20260823_150110_web_001_9490,Web
1787477484.462532,1366,4,UDP,443,52783,,forward,20260823_150110_web_001_9490,Web
1787477484.46338,89,4,UDP,52783,443,,forward,20260823_150110_web_001_9490,Web
1787477484.46361,170,4,UDP,52783,443,,forward,20260823_150110_web_001_9490,Web
1787477484.463676,215,4,UDP,52783,443,,forward,20260823_150110_web_001_9490,Web
1787477484.463708,215,4,UDP,52783,443,,forward,20260823_150110_web_001_9490,Web
1787477484.463735,170,4,UDP,52783,443,,forward,20260823_150110_web_001_9490,Web
1787477484.463812,170,4,UDP,52783,443,,forward,20260823_150110_web_001_9490,Web
1787477484.463872,305,4,UDP,52783,443,,forward,20260823_150110_web_001_9490,Web
1787477484.463892,125,4,UDP,52783,443,,forward,20260823_150110_web_001_9490,Web
1787477484.463957,215,4,UDP,52783,443,,forward,20260823_150110_web_001_9490,Web
1787477484.464009,215,4,UDP,52783,443,,forward,20260823_150110_web_001_9490,Web
1787477484.466335,1366,4,UDP,443,52783,,forward,20260823_150110_web_001_9490,Web
1787477484.466335,1366,4,UDP,443,52783,,forward,20260823_150110_web_001_9490,Web
1787477484.466335,1366,4,UDP,443,52783,,forward,20260823_150110_web_001_9490,Web
1787477484.466335,1366,4,UDP,443,52783,,forward,20260823_150110_web_001_9490,Web
1787477484.466335,1366,4,UDP,443,52783,,forward,20260823_150110_web_001_9490,Web
1787477484.466335,1366,4,UDP,443,52783,,forward,20260823_150110_web_001_9490,Web
1787477484.466335,1366,4,UDP,443,52783,,forward,20260823_150110_web_001_9490,Web
1787477484.466335,1366,4,UDP,443,52783,,forward,20260823_150110_web_001_9490,Web
1787477484.466335,1366,4,UDP,443,52783,,forward,20260823_150110_web_001_9490,Web
1787477484.466335,1366,4,UDP,443,52783,,forward,20260823_150110_web_001_9490,Web
1787477484.466335,1366,4,UDP,443,52783,,forward,20260823_150110_web_001_9490,Web
1787477484.466335,1366,4,UDP,443,52783,,forward,20260823_150110_web_001_9490,Web
1787477484.466335,1366,4,UDP,443,52783,,forward,20260823_150110_web_001_9490,Web
1787477484.466682,89,4,UDP,52783,443,,forward,20260823_150110_web_001_9490,Web
1787477484.466972,395,4,UDP,52783,443,,forward,20260823_150110_web_001_9490,Web
1787477484.477567,168,4,UDP,52783,443,,forward,20260823_150110_web_001_9490,Web
1787477484.477447,89,4,UDP,443,52783,,forward,20260823_150110_web_001_9490,Web
1787477484.477447,89,4,UDP,443,52783,,forward,20260823_150110_web_001_9490,Web
1787477484.477447,1118,4,UDP,443,52783,,forward,20260823_150110_web_001_9490,Web
1787477484.477447,1366,4,UDP,443,52783,,forward,20260823_150110_web_001_9490,Web
1787477484.477447,1366,4,UDP,443,52783,,forward,20260823_150110_web_001_9490,Web
1787477484.477447,1366,4,UDP,443,52783,,forward,20260823_150110_web_001_9490,Web
1787477484.477447,1366,4,UDP,443,52783,,forward,20260823_150110_web_001_9490,Web
1787477484.477447,1366,4,UDP,443,52783,,forward,20260823_150110_web_001_9490,Web
1787477484.477447,1366,4,UDP,443,52783,,forward,20260823_150110_web_001_9490,Web
1787477484.477447,1366,4,UDP,443,52783,,forward,20260823_150110_web_001_9490,Web
1787477484.477447,1366,4,UDP,443,52783,,forward,20260823_150110_web_001_9490,Web
1787477484.477447,1366,4,UDP,443,52783,,forward,20260823_150110_web_001_9490,Web
1787477484.477447,1366,4,UDP,443,52783,,forward,20260823_150110_web_001_9490,Web
1787477484.477447,1366,4,UDP,443,52783,,forward,20260823_150110_web_001_9490,Web
1787477484.477447,1366,4,UDP,443,52783,,forward,20260823_150110_web_001_9490,Web
1787477484.477447,1366,4,UDP,443,52783,,forward,20260823_150110_web_001_9490,Web
1787477484.477447,1366,4,UDP,443,52783,,forward,20260823_150110_web_001_9490,Web
1787477484.477447,1366,4,UDP,443,52783,,forward,20260823_150110_web_001_9490,Web
1787477484.477447,1366,4,UDP,443,52783,,forward,20260823_150110_web_001_9490,Web
1787477484.477447,1366,4,UDP,443,52783,,forward,20260823_150110_web_001_9490,Web
1787477484.477447,1366,4,UDP,443,52783,,forward,20260823_150110_web_001_9490,Web
1787477484.477447,1366,4,UDP,443,52783,,forward,20260823_150110_web_001_9490,Web
1787477484.477447,1366,4,UDP,443,52783,,forward,20260823_150110_web_001_9490,Web
1787477484.477447,1366,4,UDP,443,52783,,forward,20260823_150110_web_001_9490,Web
1787477484.477447,1366,4,UDP,443,52783,,forward,20260823_150110_web_001_9490,Web
1787477484.477447,1366,4,UDP,443,52783,,forward,20260823_150110_web_001_9490,Web
1787477484.477447,1366,4,UDP,443,52783,,forward,20260823_150110_web_001_9490,Web
1787477484.477447,1366,4,UDP,443,52783,,forward,20260823_150110_web_001_9490,Web
1787477484.477447,1366,4,UDP,443,52783,,forward,20260823_150110_web_001_9490,Web
1787477484.477447,1366,4,UDP,443,52783,,forward,20260823_150110_web_001_9490,Web
1787477484.477447,1366,4,UDP,443,52783,,forward,20260823_150110_web_001_9490,Web
1787477484.477447,1366,4,UDP,443,52783,,forward,20260823_150110_web_001_9490,Web
1787477484.477447,1366,4,UDP,443,52783,,forward,20260823_150110_web_001_9490,Web
1787477484.477447,1366,4,UDP,443,52783,,forward,20260823_150110_web_001_9490,Web
1787477484.477447,1366,4,UDP,443,52783,,forward,20260823_150110_web_001_9490,Web
1787477484.477447,1366,4,UDP,443,52783,,forward,20260823_150110_web_001_9490,Web
1787477484.477447,1366,4,UDP,443,52783,,forward,20260823_150110_web_001_9490,Web
1787477484.477447,1366,4,UDP,443,52783,,forward,20260823_150110_web_001_9490,Web
1787477484.477447,1366,4,UDP,443,52783,,forward,20260823_150110_web_001_9490,Web
1787477484.477447,1366,4,UDP,443,52783,,forward,20260823_150110_web_001_9490,Web
1787477484.477447,1366,4,UDP,443,52783,,forward,20260823_150110_web_001_9490,Web
1787477484.477447,1366,4,UDP,443,52783,,forward,20260823_150110_web_001_9490,Web
1787477484.478025,89,4,UDP,52783,443,,forward,20260823_150110_web_001_9490,Web
1787477484.478205,170,4,UDP,52783,443,,forward,20260823_150110_web_001_9490,Web
1787477484.478286,215,4,UDP,52783,443,,forward,20260823_150110_web_001_9490,Web
1787477484.478326,125,4,UDP,52783,443,,forward,20260823_150110_web_001_9490,Web
1787477484.478398,305,4,UDP,52783,443,,forward,20260823_150110_web_001_9490,Web
1787477484.47847,215,4,UDP,52783,443,,forward,20260823_150110_web_001_9490,Web
1787477484.478506,125,4,UDP,52783,443,,forward,20260823_150110_web_001_9490,Web
1787477484.478535,170,4,UDP,52783,443,,forward,20260823_150110_web_001_9490,Web
1787477484.478582,215,4,UDP,52783,443,,forward,20260823_150110_web_001_9490,Web
1787477484.492555,1366,4,UDP,443,52783,,forward,20260823_150110_web_001_9490,Web
1787477484.492555,1366,4,UDP,443,52783,,forward,20260823_150110_web_001_9490,Web
1787477484.492555,1366,4,UDP,443,52783,,forward,20260823_150110_web_001_9490,Web
1787477484.492555,1366,4,UDP,443,52783,,forward,20260823_150110_web_001_9490,Web
1787477484.492555,1366,4,UDP,443,52783,,forward,20260823_150110_web_001_9490,Web
1787477484.492555,1366,4,UDP,443,52783,,forward,20260823_150110_web_001_9490,Web
1787477484.492555,1366,4,UDP,443,52783,,forward,20260823_150110_web_001_9490,Web
1787477484.492555,89,4,UDP,443,52783,,forward,20260823_150110_web_001_9490,Web
1787477484.492555,182,4,UDP,443,52783,,forward,20260823_150110_web_001_9490,Web
1787477484.492555,1366,4,UDP,443,52783,,forward,20260823_150110_web_001_9490,Web
1787477484.492555,1366,4,UDP,443,52783,,forward,20260823_150110_web_001_9490,Web
1787477484.492555,1366,4,UDP,443,52783,,forward,20260823_150110_web_001_9490,Web
1787477484.492555,1366,4,UDP,443,52783,,forward,20260823_150110_web_001_9490,Web
1787477484.492555,1366,4,UDP,443,52783,,forward,20260823_150110_web_001_9490,Web
1787477484.492555,1366,4,UDP,443,52783,,forward,20260823_150110_web_001_9490,Web
1787477484.492555,1366,4,UDP,443,52783,,forward,20260823_150110_web_001_9490,Web
1787477484.492555,1366,4,UDP,443,52783,,forward,20260823_150110_web_001_9490,Web
1787477484.492555,1366,4,UDP,443,52783,,forward,20260823_150110_web_001_9490,Web
1787477484.492555,1366,4,UDP,443,52783,,forward,20260823_150110_web_001_9490,Web
1787477484.492555,1366,4,UDP,443,52783,,forward,20260823_150110_web_001_9490,Web
1787477484.492555,1366,4,UDP,443,52783,,forward,20260823_150110_web_001_9490,Web
1787477484.492555,1366,4,UDP,443,52783,,forward,20260823_150110_web_001_9490,Web
1787477484.492555,89,4,UDP,443,52783,,forward,20260823_150110_web_001_9490,Web
1787477484.492555,1366,4,UDP,443,52783,,forward,20260823_150110_web_001_9490,Web
1787477484.492555,1366,4,UDP,443,52783,,forward,20260823_150110_web_001_9490,Web
1787477484.492555,1366,4,UDP,443,52783,,forward,20260823_150110_web_001_9490,Web
1787477484.492555,1366,4,UDP,443,52783,,forward,20260823_150110_web_001_9490,Web
1787477484.492555,1366,4,UDP,443,52783,,forward,20260823_150110_web_001_9490,Web
1787477484.492555,1366,4,UDP,443,52783,,forward,20260823_150110_web_001_9490,Web
1787477484.492555,1366,4,UDP,443,52783,,forward,20260823_150110_web_001_9490,Web
1787477484.492555,1366,4,UDP,443,52783,,forward,20260823_150110_web_001_9490,Web
1787477484.492555,1366,4,UDP,443,52783,,forward,20260823_150110_web_001_9490,Web
1787477484.492555,1366,4,UDP,443,52783,,forward,20260823_150110_web_001_9490,Web
1787477484.492555,1366,4,UDP,443,52783,,forward,20260823_150110_web_001_9490,Web
1787477484.492555,1366,4,UDP,443,52783,,forward,20260823_150110_web_001_9490,Web
1787477484.492555,1366,4,UDP,443,52783,,forward,20260823_150110_web_001_9490,Web
1787477484.492555,1366,4,UDP,443,52783,,forward,20260823_150110_web_001_9490,Web
1787477484.492555,1366,4,UDP,443,52783,,forward,20260823_150110_web_001_9490,Web
1787477484.492555,1366,4,UDP,443,52783,,forward,20260823_150110_web_001_9490,Web
1787477484.492555,1366,4,UDP,443,52783,,forward,20260823_150110_web_001_9490,Web
1787477484.492555,1366,4,UDP,443,52783,,forward,20260823_150110_web_001_9490,Web
1787477484.492555,1366,4,UDP,443,52783,,forward,20260823_150110_web_001_9490,Web
1787477484.492555,1366,4,UDP,443,52783,,forward,20260823_150110_web_001_9490,Web
1787477484.492555,1366,4,UDP,443,52783,,forward,20260823_150110_web_001_9490,Web
1787477484.492555,1366,4,UDP,443,52783,,forward,20260823_150110_web_001_9490,Web
1787477484.492555,1366,4,UDP,443,52783,,forward,20260823_150110_web_001_9490,Web
1787477484.492555,1366,4,UDP,443,52783,,forward,20260823_150110_web_001_9490,Web
1787477484.492555,1366,4,UDP,443,52783,,forward,20260823_150110_web_001_9490,Web
1787477484.492555,1366,4,UDP,443,52783,,forward,20260823_150110_web_001_9490,Web
1787477484.492555,1366,4,UDP,443,52783,,forward,20260823_150110_web_001_9490,Web
1787477484.492555,1366,4,UDP,443,52783,,forward,20260823_150110_web_001_9490,Web
1787477484.492555,1366,4,UDP,443,52783,,forward,20260823_150110_web_001_9490,Web
1787477484.492555,1366,4,UDP,443,52783,,forward,20260823_150110_web_001_9490,Web
1787477484.492555,1366,4,UDP,443,52783,,forward,20260823_150110_web_001_9490,Web
1787477484.492555,1366,4,UDP,443,52783,,forward,20260823_150110_web_001_9490,Web
1787477484.492555,1366,4,UDP,443,52783,,forward,20260823_150110_web_001_9490,Web
1787477484.492555,1366,4,UDP,443,52783,,forward,20260823_150110_web_001_9490,Web
1787477484.492555,1366,4,UDP,443,52783,,forward,20260823_150110_web_001_9490,Web
1787477484.492555,1366,4,UDP,443,52783,,forward,20260823_150110_web_001_9490,Web
1787477484.492555,1366,4,UDP,443,52783,,forward,20260823_150110_web_001_9490,Web
1787477484.492555,1366,4,UDP,443,52783,,forward,20260823_150110_web_001_9490,Web
1787477484.492555,1366,4,UDP,443,52783,,forward,20260823_150110_web_001_9490,Web
1787477484.493776,89,4,UDP,52783,443,,forward,20260823_150110_web_001_9490,Web
1787477484.494282,395,4,UDP,52783,443,,forward,20260823_150110_web_001_9490,Web
1787477484.494367,125,4,UDP,52783,443,,forward,20260823_150110_web_001_9490,Web
1787477484.494431,260,4,UDP,52783,443,,forward,20260823_150110_web_001_9490,Web
1787477484.494476,125,4,UDP,52783,443,,forward,20260823_150110_web_001_9490,Web
1787477484.494515,170,4,UDP,52783,443,,forward,20260823_150110_web_001_9490,Web
1787477484.494551,125,4,UDP,52783,443,,forward,20260823_150110_web_001_9490,Web
1787477484.494585,125,4,UDP,52783,443,,forward,20260823_150110_web_001_9490,Web
1787477484.494623,170,4,UDP,52783,443,,forward,20260823_150110_web_001_9490,Web
1787477484.494661,125,4,UDP,52783,443,,forward,20260823_150110_web_001_9490,Web
1787477484.494696,125,4,UDP,52783,443,,forward,20260823_150110_web_001_9490,Web
1787477484.494735,170,4,UDP,52783,443,,forward,20260823_150110_web_001_9490,Web
1787477484.494773,125,4,UDP,52783,443,,forward,20260823_150110_web_001_9490,Web
1787477484.494812,125,4,UDP,52783,443,,forward,20260823_150110_web_001_9490,Web
1787477484.499427,1366,4,UDP,443,52783,,forward,20260823_150110_web_001_9490,Web
1787477484.499427,1366,4,UDP,443,52783,,forward,20260823_150110_web_001_9490,Web
1787477484.499427,1366,4,UDP,443,52783,,forward,20260823_150110_web_001_9490,Web
1787477484.499427,1366,4,UDP,443,52783,,forward,20260823_150110_web_001_9490,Web
1787477484.499427,1366,4,UDP,443,52783,,forward,20260823_150110_web_001_9490,Web
1787477484.499427,1366,4,UDP,443,52783,,forward,20260823_150110_web_001_9490,Web
1787477484.499427,1366,4,UDP,443,52783,,forward,20260823_150110_web_001_9490,Web
1787477484.499427,1366,4,UDP,443,52783,,forward,20260823_150110_web_001_9490,Web
1787477484.499427,1366,4,UDP,443,52783,,forward,20260823_150110_web_001_9490,Web
1787477484.499427,1366,4,UDP,443,52783,,forward,20260823_150110_web_001_9490,Web
1787477484.499427,1366,4,UDP,443,52783,,forward,20260823_150110_web_001_9490,Web
1787477484.499427,1366,4,UDP,443,52783,,forward,20260823_150110_web_001_9490,Web
1787477484.499427,1366,4,UDP,443,52783,,forward,20260823_150110_web_001_9490,Web
1787477484.499427,1366,4,UDP,443,52783,,forward,20260823_150110_web_001_9490,Web
1787477484.499427,1366,4,UDP,443,52783,,forward,20260823_150110_web_001_9490,Web
1787477484.499427,1366,4,UDP,443,52783,,forward,20260823_150110_web_001_9490,Web
1787477484.499427,1366,4,UDP,443,52783,,forward,20260823_150110_web_001_9490,Web
1787477484.499427,1366,4,UDP,443,52783,,forward,20260823_150110_web_001_9490,Web
1787477484.499427,1366,4,UDP,443,52783,,forward,20260823_150110_web_001_9490,Web
1787477484.499427,1366,4,UDP,443,52783,,forward,20260823_150110_web_001_9490,Web
1787477484.499427,1366,4,UDP,443,52783,,forward,20260823_150110_web_001_9490,Web
1787477484.499427,1366,4,UDP,443,52783,,forward,20260823_150110_web_001_9490,Web
1787477484.499427,89,4,UDP,443,52783,,forward,20260823_150110_web_001_9490,Web
1787477484.499427,89,4,UDP,443,52783,,forward,20260823_150110_web_001_9490,Web
1787477484.499427,1374,4,UDP,443,52783,,forward,20260823_150110_web_001_9490,Web
1787477484.499427,1366,4,UDP,443,52783,,forward,20260823_150110_web_001_9490,Web
1787477484.499427,1366,4,UDP,443,52783,,forward,20260823_150110_web_001_9490,Web
1787477484.499427,1366,4,UDP,443,52783,,forward,20260823_150110_web_001_9490,Web
1787477484.499427,1366,4,UDP,443,52783,,forward,20260823_150110_web_001_9490,Web
1787477484.499427,1366,4,UDP,443,52783,,forward,20260823_150110_web_001_9490,Web
1787477484.499427,1366,4,UDP,443,52783,,forward,20260823_150110_web_001_9490,Web
1787477484.499427,1366,4,UDP,443,52783,,forward,20260823_150110_web_001_9490,Web
1787477484.499991,91,4,UDP,52783,443,,forward,20260823_150110_web_001_9490,Web
1787477484.500259,479,4,UDP,52783,443,,forward,20260823_150110_web_001_9490,Web
1787477484.500335,365,4,UDP,52783,443,,forward,20260823_150110_web_001_9490,Web
1787477484.500402,764,4,UDP,52783,443,,forward,20260823_150110_web_001_9490,Web
1787477484.500455,365,4,UDP,52783,443,,forward,20260823_150110_web_001_9490,Web
1787477484.500486,137,4,UDP,52783,443,,forward,20260823_150110_web_001_9490,Web
1787477484.508001,1366,4,UDP,443,52783,,forward,20260823_150110_web_001_9490,Web
1787477484.508001,1366,4,UDP,443,52783,,forward,20260823_150110_web_001_9490,Web
1787477484.508001,1366,4,UDP,443,52783,,forward,20260823_150110_web_001_9490,Web
1787477484.508001,1366,4,UDP,443,52783,,forward,20260823_150110_web_001_9490,Web
1787477484.508001,1366,4,UDP,443,52783,,forward,20260823_150110_web_001_9490,Web
1787477484.508001,1366,4,UDP,443,52783,,forward,20260823_150110_web_001_9490,Web
1787477484.508001,1366,4,UDP,443,52783,,forward,20260823_150110_web_001_9490,Web
1787477484.508001,1366,4,UDP,443,52783,,forward,20260823_150110_web_001_9490,Web
1787477484.508001,1366,4,UDP,443,52783,,forward,20260823_150110_web_001_9490,Web
1787477484.508001,1366,4,UDP,443,52783,,forward,20260823_150110_web_001_9490,Web
1787477484.508001,1366,4,UDP,443,52783,,forward,20260823_150110_web_001_9490,Web
1787477484.508001,1366,4,UDP,443,52783,,forward,20260823_150110_web_001_9490,Web
1787477484.508001,1366,4,UDP,443,52783,,forward,20260823_150110_web_001_9490,Web
1787477484.508001,1366,4,UDP,443,52783,,forward,20260823_150110_web_001_9490,Web
1787477484.508001,1366,4,UDP,443,52783,,forward,20260823_150110_web_001_9490,Web
1787477484.508001,1366,4,UDP,443,52783,,forward,20260823_150110_web_001_9490,Web
1787477484.508001,1366,4,UDP,443,52783,,forward,20260823_150110_web_001_9490,Web
1787477484.508001,1366,4,UDP,443,52783,,forward,20260823_150110_web_001_9490,Web
1787477484.508001,1366,4,UDP,443,52783,,forward,20260823_150110_web_001_9490,Web
1787477484.508001,1366,4,UDP,443,52783,,forward,20260823_150110_web_001_9490,Web
1787477484.508001,1366,4,UDP,443,52783,,forward,20260823_150110_web_001_9490,Web
1787477484.508001,1366,4,UDP,443,52783,,forward,20260823_150110_web_001_9490,Web
1787477484.508001,1366,4,UDP,443,52783,,forward,20260823_150110_web_001_9490,Web
1787477484.508001,1366,4,UDP,443,52783,,forward,20260823_150110_web_001_9490,Web
1787477484.508001,1366,4,UDP,443,52783,,forward,20260823_150110_web_001_9490,Web
1787477484.508001,1366,4,UDP,443,52783,,forward,20260823_150110_web_001_9490,Web
1787477484.508001,1366,4,UDP,443,52783,,forward,20260823_150110_web_001_9490,Web
1787477484.508001,1366,4,UDP,443,52783,,forward,20260823_150110_web_001_9490,Web
1787477484.508001,1366,4,UDP,443,52783,,forward,20260823_150110_web_001_9490,Web
1787477484.508001,1366,4,UDP,443,52783,,forward,20260823_150110_web_001_9490,Web
1787477484.508001,1366,4,UDP,443,52783,,forward,20260823_150110_web_001_9490,Web
1787477484.508001,1366,4,UDP,443,52783,,forward,20260823_150110_web_001_9490,Web
1787477484.508001,1366,4,UDP,443,52783,,forward,20260823_150110_web_001_9490,Web
1787477484.508001,1366,4,UDP,443,52783,,forward,20260823_150110_web_001_9490,Web
1787477484.508001,1366,4,UDP,443,52783,,forward,20260823_150110_web_001_9490,Web
1787477484.508001,1366,4,UDP,443,52783,,forward,20260823_150110_web_001_9490,Web
1787477484.508001,1366,4,UDP,443,52783,,forward,20260823_150110_web_001_9490,Web
1787477484.508174,145,4,UDP,52783,443,,forward,20260823_150110_web_001_9490,Web
1787477484.508573,92,4,UDP,52783,443,,forward,20260823_150110_web_001_9490,Web
1787477484.508773,194,4,UDP,52783,443,,forward,20260823_150110_web_001_9490,Web
1787477484.508942,707,4,UDP,52783,443,,forward,20260823_150110_web_001_9490,Web
1787477484.509037,1049,4,UDP,52783,443,,forward,20260823_150110_web_001_9490,Web
1787477484.509091,479,4,UDP,52783,443,,forward,20260823_150110_web_001_9490,Web
1787477484.523123,1366,4,UDP,443,52783,,forward,20260823_150110_web_001_9490,Web
1787477484.523123,1366,4,UDP,443,52783,,forward,20260823_150110_web_001_9490,Web
1787477484.523123,1366,4,UDP,443,52783,,forward,20260823_150110_web_001_9490,Web
1787477484.523123,1366,4,UDP,443,52783,,forward,20260823_150110_web_001_9490,Web
1787477484.523123,1366,4,UDP,443,52783,,forward,20260823_150110_web_001_9490,Web
1787477484.523123,1366,4,UDP,443,52783,,forward,20260823_150110_web_001_9490,Web
1787477484.523123,1366,4,UDP,443,52783,,forward,20260823_150110_web_001_9490,Web
1787477484.523123,1366,4,UDP,443,52783,,forward,20260823_150110_web_001_9490,Web
1787477484.523123,1366,4,UDP,443,52783,,forward,20260823_150110_web_001_9490,Web
1787477484.523123,1366,4,UDP,443,52783,,forward,20260823_150110_web_001_9490,Web
1787477484.523123,1366,4,UDP,443,52783,,forward,20260823_150110_web_001_9490,Web
1787477484.523123,1366,4,UDP,443,52783,,forward,20260823_150110_web_001_9490,Web
1787477484.523123,1366,4,UDP,443,52783,,forward,20260823_150110_web_001_9490,Web
1787477484.523123,1366,4,UDP,443,52783,,forward,20260823_150110_web_001_9490,Web
1787477484.523123,1366,4,UDP,443,52783,,forward,20260823_150110_web_001_9490,Web
1787477484.523123,1366,4,UDP,443,52783,,forward,20260823_150110_web_001_9490,Web
1787477484.523123,1366,4,UDP,443,52783,,forward,20260823_150110_web_001_9490,Web
1787477484.523123,1366,4,UDP,443,52783,,forward,20260823_150110_web_001_9490,Web
1787477484.523123,1366,4,UDP,443,52783,,forward,20260823_150110_web_001_9490,Web
1787477484.523123,1366,4,UDP,443,52783,,forward,20260823_150110_web_001_9490,Web
1787477484.523123,1366,4,UDP,443,52783,,forward,20260823_150110_web_001_9490,Web
1787477484.523123,1366,4,UDP,443,52783,,forward,20260823_150110_web_001_9490,Web
1787477484.523123,1366,4,UDP,443,52783,,forward,20260823_150110_web_001_9490,Web
1787477484.523123,1366,4,UDP,443,52783,,forward,20260823_150110_web_001_9490,Web
1787477484.523123,1366,4,UDP,443,52783,,forward,20260823_150110_web_001_9490,Web
1787477484.523123,1366,4,UDP,443,52783,,forward,20260823_150110_web_001_9490,Web
1787477484.523123,89,4,UDP,443,52783,,forward,20260823_150110_web_001_9490,Web
1787477484.523123,89,4,UDP,443,52783,,forward,20260823_150110_web_001_9490,Web
1787477484.523123,1366,4,UDP,443,52783,,forward,20260823_150110_web_001_9490,Web
1787477484.523123,1366,4,UDP,443,52783,,forward,20260823_150110_web_001_9490,Web
1787477484.523123,1366,4,UDP,443,52783,,forward,20260823_150110_web_001_9490,Web
1787477484.523123,1366,4,UDP,443,52783,,forward,20260823_150110_web_001_9490,Web
1787477484.523123,1366,4,UDP,443,52783,,forward,20260823_150110_web_001_9490,Web
1787477484.523123,1366,4,UDP,443,52783,,forward,20260823_150110_web_001_9490,Web
1787477484.523123,1366,4,UDP,443,52783,,forward,20260823_150110_web_001_9490,Web
1787477484.523123,1366,4,UDP,443,52783,,forward,20260823_150110_web_001_9490,Web
1787477484.523123,1366,4,UDP,443,52783,,forward,20260823_150110_web_001_9490,Web
1787477484.523123,1366,4,UDP,443,52783,,forward,20260823_150110_web_001_9490,Web
1787477484.523123,1366,4,UDP,443,52783,,forward,20260823_150110_web_001_9490,Web
1787477484.523123,1366,4,UDP,443,52783,,forward,20260823_150110_web_001_9490,Web
1787477484.523123,1366,4,UDP,443,52783,,forward,20260823_150110_web_001_9490,Web
1787477484.523123,1366,4,UDP,443,52783,,forward,20260823_150110_web_001_9490,Web
1787477484.523123,1366,4,UDP,443,52783,,forward,20260823_150110_web_001_9490,Web
1787477484.523123,1366,4,UDP,443,52783,,forward,20260823_150110_web_001_9490,Web
1787477484.523123,1366,4,UDP,443,52783,,forward,20260823_150110_web_001_9490,Web
1787477484.523123,1366,4,UDP,443,52783,,forward,20260823_150110_web_001_9490,Web
1787477484.523123,1366,4,UDP,443,52783,,forward,20260823_150110_web_001_9490,Web
1787477484.523123,1366,4,UDP,443,52783,,forward,20260823_150110_web_001_9490,Web
1787477484.523123,1366,4,UDP,443,52783,,forward,20260823_150110_web_001_9490,Web
1787477484.523123,1366,4,UDP,443,52783,,forward,20260823_150110_web_001_9490,Web
1787477484.523123,1366,4,UDP,443,52783,,forward,20260823_150110_web_001_9490,Web
1787477484.523123,1366,4,UDP,443,52783,,forward,20260823_150110_web_001_9490,Web
1787477484.523123,1366,4,UDP,443,52783,,forward,20260823_150110_web_001_9490,Web
1787477484.523123,1366,4,UDP,443,52783,,forward,20260823_150110_web_001_9490,Web
1787477484.523123,1366,4,UDP,443,52783,,forward,20260823_150110_web_001_9490,Web
1787477484.523123,1366,4,UDP,443,52783,,forward,20260823_150110_web_001_9490,Web
1787477484.523123,1366,4,UDP,443,52783,,forward,20260823_150110_web_001_9490,Web
1787477484.523123,1366,4,UDP,443,52783,,forward,20260823_150110_web_001_9490,Web
1787477484.523123,1366,4,UDP,443,52783,,forward,20260823_150110_web_001_9490,Web
1787477484.523123,1366,4,UDP,443,52783,,forward,20260823_150110_web_001_9490,Web
1787477484.523123,1366,4,UDP,443,52783,,forward,20260823_150110_web_001_9490,Web
1787477484.523123,1366,4,UDP,443,52783,,forward,20260823_150110_web_001_9490,Web
1787477484.523123,1366,4,UDP,443,52783,,forward,20260823_150110_web_001_9490,Web
1787477484.523123,1366,4,UDP,443,52783,,forward,20260823_150110_web_001_9490,Web
1787477484.523123,1366,4,UDP,443,52783,,forward,20260823_150110_web_001_9490,Web
1787477484.523123,1366,4,UDP,443,52783,,forward,20260823_150110_web_001_9490,Web
1787477484.523123,1366,4,UDP,443,52783,,forward,20260823_150110_web_001_9490,Web
1787477484.523123,1366,4,UDP,443,52783,,forward,20260823_150110_web_001_9490,Web
1787477484.523123,1366,4,UDP,443,52783,,forward,20260823_150110_web_001_9490,Web
1787477484.523123,1366,4,UDP,443,52783,,forward,20260823_150110_web_001_9490,Web
1787477484.523123,1366,4,UDP,443,52783,,forward,20260823_150110_web_001_9490,Web
1787477484.523123,1366,4,UDP,443,52783,,forward,20260823_150110_web_001_9490,Web
1787477484.523123,1366,4,UDP,443,52783,,forward,20260823_150110_web_001_9490,Web
1787477484.523123,1366,4,UDP,443,52783,,forward,20260823_150110_web_001_9490,Web
1787477484.523123,1366,4,UDP,443,52783,,forward,20260823_150110_web_001_9490,Web
1787477484.523123,1366,4,UDP,443,52783,,forward,20260823_150110_web_001_9490,Web
1787477484.523909,92,4,UDP,52783,443,,forward,20260823_150110_web_001_9490,Web
1787477484.524122,92,4,UDP,52783,443,,forward,20260823_150110_web_001_9490,Web
1787477484.524177,308,4,UDP,52783,443,,forward,20260823_150110_web_001_9490,Web
1787477484.524216,650,4,UDP,52783,443,,forward,20260823_150110_web_001_9490,Web
1787477484.524249,251,4,UDP,52783,443,,forward,20260823_150110_web_001_9490,Web
1787477484.524278,365,4,UDP,52783,443,,forward,20260823_150110_web_001_9490,Web
1787477484.524306,365,4,UDP,52783,443,,forward,20260823_150110_web_001_9490,Web
1787477484.524333,194,4,UDP,52783,443,,forward,20260823_150110_web_001_9490,Web
1787477484.524359,365,4,UDP,52783,443,,forward,20260823_150110_web_001_9490,Web
1787477484.524384,137,4,UDP,52783,443,,forward,20260823_150110_web_001_9490,Web
1787477484.52441,308,4,UDP,52783,443,,forward,20260823_150110_web_001_9490,Web
1787477484.524438,251,4,UDP,52783,443,,forward,20260823_150110_web_001_9490,Web
1787477484.524465,308,4,UDP,52783,443,,forward,20260823_150110_web_001_9490,Web
1787477484.524492,194,4,UDP,52783,443,,forward,20260823_150110_web_001_9490,Web
1787477484.52452,365,4,UDP,52783,443,,forward,20260823_150110_web_001_9490,Web
1787477484.524548,251,4,UDP,52783,443,,forward,20260823_150110_web_001_9490,Web
1787477484.524579,308,4,UDP,52783,443,,forward,20260823_150110_web_001_9490,Web
1787477484.524609,251,4,UDP,52783,443,,forward,20260823_150110_web_001_9490,Web
1787477484.524639,194,4,UDP,52783,443,,forward,20260823_150110_web_001_9490,Web
1787477484.52467,365,4,UDP,52783,443,,forward,20260823_150110_web_001_9490,Web
1787477484.524699,308,4,UDP,52783,443,,forward,20260823_150110_web_001_9490,Web
1787477484.533075,1366,4,UDP,443,52783,,forward,20260823_150110_web_001_9490,Web
1787477484.533075,1366,4,UDP,443,52783,,forward,20260823_150110_web_001_9490,Web
1787477484.533075,1366,4,UDP,443,52783,,forward,20260823_150110_web_001_9490,Web
1787477484.533075,1366,4,UDP,443,52783,,forward,20260823_150110_web_001_9490,Web
1787477484.533075,1366,4,UDP,443,52783,,forward,20260823_150110_web_001_9490,Web
1787477484.533075,1366,4,UDP,443,52783,,forward,20260823_150110_web_001_9490,Web
1787477484.533075,1366,4,UDP,443,52783,,forward,20260823_150110_web_001_9490,Web
1787477484.533075,1366,4,UDP,443,52783,,forward,20260823_150110_web_001_9490,Web
1787477484.533075,1366,4,UDP,443,52783,,forward,20260823_150110_web_001_9490,Web
1787477484.533075,89,4,UDP,443,52783,,forward,20260823_150110_web_001_9490,Web
1787477484.533075,89,4,UDP,443,52783,,forward,20260823_150110_web_001_9490,Web
1787477484.533075,1366,4,UDP,443,52783,,forward,20260823_150110_web_001_9490,Web
1787477484.533075,1366,4,UDP,443,52783,,forward,20260823_150110_web_001_9490,Web
1787477484.533075,1366,4,UDP,443,52783,,forward,20260823_150110_web_001_9490,Web
1787477484.533075,1366,4,UDP,443,52783,,forward,20260823_150110_web_001_9490,Web
1787477484.533075,918,4,UDP,443,52783,,forward,20260823_150110_web_001_9490,Web
1787477484.533075,1366,4,UDP,443,52783,,forward,20260823_150110_web_001_9490,Web
1787477484.533075,1366,4,UDP,443,52783,,forward,20260823_150110_web_001_9490,Web
1787477484.533075,1366,4,UDP,443,52783,,forward,20260823_150110_web_001_9490,Web
1787477484.533075,1366,4,UDP,443,52783,,forward,20260823_150110_web_001_9490,Web
1787477484.533075,1366,4,UDP,443,52783,,forward,20260823_150110_web_001_9490,Web
1787477484.533075,1366,4,UDP,443,52783,,forward,20260823_150110_web_001_9490,Web
1787477484.533075,1366,4,UDP,443,52783,,forward,20260823_150110_web_001_9490,Web
1787477484.533075,1366,4,UDP,443,52783,,forward,20260823_150110_web_001_9490,Web
1787477484.533075,1366,4,UDP,443,52783,,forward,20260823_150110_web_001_9490,Web
1787477484.533075,1366,4,UDP,443,52783,,forward,20260823_150110_web_001_9490,Web
1787477484.533075,1366,4,UDP,443,52783,,forward,20260823_150110_web_001_9490,Web
1787477484.533075,1366,4,UDP,443,52783,,forward,20260823_150110_web_001_9490,Web
1787477484.533075,1366,4,UDP,443,52783,,forward,20260823_150110_web_001_9490,Web
1787477484.533075,1366,4,UDP,443,52783,,forward,20260823_150110_web_001_9490,Web
1787477484.533075,1366,4,UDP,443,52783,,forward,20260823_150110_web_001_9490,Web
1787477484.533075,1366,4,UDP,443,52783,,forward,20260823_150110_web_001_9490,Web
1787477484.533075,1366,4,UDP,443,52783,,forward,20260823_150110_web_001_9490,Web
1787477484.533075,1366,4,UDP,443,52783,,forward,20260823_150110_web_001_9490,Web
1787477484.533075,1366,4,UDP,443,52783,,forward,20260823_150110_web_001_9490,Web
1787477484.533075,1366,4,UDP,443,52783,,forward,20260823_150110_web_001_9490,Web
1787477484.533075,1366,4,UDP,443,52783,,forward,20260823_150110_web_001_9490,Web
1787477484.533075,1366,4,UDP,443,52783,,forward,20260823_150110_web_001_9490,Web
1787477484.533075,1366,4,UDP,443,52783,,forward,20260823_150110_web_001_9490,Web
1787477484.533075,1366,4,UDP,443,52783,,forward,20260823_150110_web_001_9490,Web
1787477484.533075,1366,4,UDP,443,52783,,forward,20260823_150110_web_001_9490,Web
1787477484.533075,1366,4,UDP,443,52783,,forward,20260823_150110_web_001_9490,Web
1787477484.533075,1366,4,UDP,443,52783,,forward,20260823_150110_web_001_9490,Web
1787477484.533075,1366,4,UDP,443,52783,,forward,20260823_150110_web_001_9490,Web
1787477484.533075,1366,4,UDP,443,52783,,forward,20260823_150110_web_001_9490,Web
1787477484.533075,1366,4,UDP,443,52783,,forward,20260823_150110_web_001_9490,Web
1787477484.533075,1366,4,UDP,443,52783,,forward,20260823_150110_web_001_9490,Web
1787477484.533075,1366,4,UDP,443,52783,,forward,20260823_150110_web_001_9490,Web
1787477484.533075,1366,4,UDP,443,52783,,forward,20260823_150110_web_001_9490,Web
1787477484.533075,1366,4,UDP,443,52783,,forward,20260823_150110_web_001_9490,Web
1787477484.533075,1366,4,UDP,443,52783,,forward,20260823_150110_web_001_9490,Web
1787477484.533075,1366,4,UDP,443,52783,,forward,20260823_150110_web_001_9490,Web
1787477484.533075,1366,4,UDP,443,52783,,forward,20260823_150110_web_001_9490,Web
1787477484.533075,1366,4,UDP,443,52783,,forward,20260823_150110_web_001_9490,Web
1787477484.533907,91,4,UDP,52783,443,,forward,20260823_150110_web_001_9490,Web
1787477484.534024,137,4,UDP,52783,443,,forward,20260823_150110_web_001_9490,Web
1787477484.534103,308,4,UDP,52783,443,,forward,20260823_150110_web_001_9490,Web
1787477484.534144,365,4,UDP,52783,443,,forward,20260823_150110_web_001_9490,Web
1787477484.534172,308,4,UDP,52783,443,,forward,20260823_150110_web_001_9490,Web
1787477484.534197,194,4,UDP,52783,443,,forward,20260823_150110_web_001_9490,Web
1787477484.534224,365,4,UDP,52783,443,,forward,20260823_150110_web_001_9490,Web
1787477484.534251,194,4,UDP,52783,443,,forward,20260823_150110_web_001_9490,Web
1787477484.534277,251,4,UDP,52783,443,,forward,20260823_150110_web_001_9490,Web
1787477484.534331,251,4,UDP,52783,443,,forward,20260823_150110_web_001_9490,Web
1787477484.534526,194,4,UDP,52783,443,,forward,20260823_150110_web_001_9490,Web
1787477484.534729,1277,4,UDP,52783,443,,forward,20260823_150110_web_001_9490,Web
1787477484.537958,1366,4,UDP,443,52783,,forward,20260823_150110_web_001_9490,Web
1787477484.537958,1366,4,UDP,443,52783,,forward,20260823_150110_web_001_9490,Web
1787477484.537958,1366,4,UDP,443,52783,,forward,20260823_150110_web_001_9490,Web
1787477484.537958,1366,4,UDP,443,52783,,forward,20260823_150110_web_001_9490,Web
1787477484.537958,1366,4,UDP,443,52783,,forward,20260823_150110_web_001_9490,Web
1787477484.537958,1366,4,UDP,443,52783,,forward,20260823_150110_web_001_9490,Web
1787477484.537958,1366,4,UDP,443,52783,,forward,20260823_150110_web_001_9490,Web
1787477484.537958,1366,4,UDP,443,52783,,forward,20260823_150110_web_001_9490,Web
1787477484.537958,1366,4,UDP,443,52783,,forward,20260823_150110_web_001_9490,Web
1787477484.537958,1366,4,UDP,443,52783,,forward,20260823_150110_web_001_9490,Web
1787477484.537958,1366,4,UDP,443,52783,,forward,20260823_150110_web_001_9490,Web
1787477484.537958,1366,4,UDP,443,52783,,forward,20260823_150110_web_001_9490,Web
1787477484.537958,1366,4,UDP,443,52783,,forward,20260823_150110_web_001_9490,Web
1787477484.537958,1366,4,UDP,443,52783,,forward,20260823_150110_web_001_9490,Web
1787477484.537958,1366,4,UDP,443,52783,,forward,20260823_150110_web_001_9490,Web
1787477484.537958,1366,4,UDP,443,52783,,forward,20260823_150110_web_001_9490,Web
1787477484.537958,1366,4,UDP,443,52783,,forward,20260823_150110_web_001_9490,Web
1787477484.537958,1366,4,UDP,443,52783,,forward,20260823_150110_web_001_9490,Web
1787477484.537958,1366,4,UDP,443,52783,,forward,20260823_150110_web_001_9490,Web
1787477484.537958,1366,4,UDP,443,52783,,forward,20260823_150110_web_001_9490,Web
1787477484.537958,1366,4,UDP,443,52783,,forward,20260823_150110_web_001_9490,Web
1787477484.537958,1366,4,UDP,443,52783,,forward,20260823_150110_web_001_9490,Web
1787477484.537958,1366,4,UDP,443,52783,,forward,20260823_150110_web_001_9490,Web
1787477484.537958,1366,4,UDP,443,52783,,forward,20260823_150110_web_001_9490,Web
1787477484.537958,1366,4,UDP,443,52783,,forward,20260823_150110_web_001_9490,Web
1787477484.537958,1366,4,UDP,443,52783,,forward,20260823_150110_web_001_9490,Web
1787477484.537958,1366,4,UDP,443,52783,,forward,20260823_150110_web_001_9490,Web
1787477484.538462,91,4,UDP,52783,443,,forward,20260823_150110_web_001_9490,Web
1787477484.538616,308,4,UDP,52783,443,,forward,20260823_150110_web_001_9490,Web
1787477484.538652,479,4,UDP,52783,443,,forward,20260823_150110_web_001_9490,Web
1787477484.538672,251,4,UDP,52783,443,,forward,20260823_150110_web_001_9490,Web
1787477484.53873,251,4,UDP,52783,443,,forward,20260823_150110_web_001_9490,Web
1787477484.538796,536,4,UDP,52783,443,,forward,20260823_150110_web_001_9490,Web
1787477484.538828,194,4,UDP,52783,443,,forward,20260823_150110_web_001_9490,Web
1787477484.553222,1366,4,UDP,443,52783,,forward,20260823_150110_web_001_9490,Web
1787477484.553222,1366,4,UDP,443,52783,,forward,20260823_150110_web_001_9490,Web
1787477484.553222,1366,4,UDP,443,52783,,forward,20260823_150110_web_001_9490,Web
1787477484.553222,1366,4,UDP,443,52783,,forward,20260823_150110_web_001_9490,Web
1787477484.553222,1366,4,UDP,443,52783,,forward,20260823_150110_web_001_9490,Web
1787477484.553222,1366,4,UDP,443,52783,,forward,20260823_150110_web_001_9490,Web
1787477484.553222,1366,4,UDP,443,52783,,forward,20260823_150110_web_001_9490,Web
1787477484.553222,1366,4,UDP,443,52783,,forward,20260823_150110_web_001_9490,Web
1787477484.553222,1366,4,UDP,443,52783,,forward,20260823_150110_web_001_9490,Web
1787477484.553222,1366,4,UDP,443,52783,,forward,20260823_150110_web_001_9490,Web
1787477484.553222,1366,4,UDP,443,52783,,forward,20260823_150110_web_001_9490,Web
1787477484.553222,1366,4,UDP,443,52783,,forward,20260823_150110_web_001_9490,Web
1787477484.553222,89,4,UDP,443,52783,,forward,20260823_150110_web_001_9490,Web
1787477484.553222,89,4,UDP,443,52783,,forward,20260823_150110_web_001_9490,Web
1787477484.553222,1366,4,UDP,443,52783,,forward,20260823_150110_web_001_9490,Web
1787477484.553222,1366,4,UDP,443,52783,,forward,20260823_150110_web_001_9490,Web
1787477484.553222,1366,4,UDP,443,52783,,forward,20260823_150110_web_001_9490,Web
1787477484.553222,1366,4,UDP,443,52783,,forward,20260823_150110_web_001_9490,Web
1787477484.553222,1366,4,UDP,443,52783,,forward,20260823_150110_web_001_9490,Web
1787477484.553222,1366,4,UDP,443,52783,,forward,20260823_150110_web_001_9490,Web
1787477484.553222,1366,4,UDP,443,52783,,forward,20260823_150110_web_001_9490,Web
1787477484.553222,1366,4,UDP,443,52783,,forward,20260823_150110_web_001_9490,Web
1787477484.553222,1366,4,UDP,443,52783,,forward,20260823_150110_web_001_9490,Web
1787477484.553222,1366,4,UDP,443,52783,,forward,20260823_150110_web_001_9490,Web
1787477484.553222,1366,4,UDP,443,52783,,forward,20260823_150110_web_001_9490,Web
1787477484.553222,1366,4,UDP,443,52783,,forward,20260823_150110_web_001_9490,Web
1787477484.553222,1366,4,UDP,443,52783,,forward,20260823_150110_web_001_9490,Web
1787477484.553222,1366,4,UDP,443,52783,,forward,20260823_150110_web_001_9490,Web
1787477484.553222,1366,4,UDP,443,52783,,forward,20260823_150110_web_001_9490,Web
1787477484.553222,1366,4,UDP,443,52783,,forward,20260823_150110_web_001_9490,Web
1787477484.553222,1366,4,UDP,443,52783,,forward,20260823_150110_web_001_9490,Web
1787477484.553222,1366,4,UDP,443,52783,,forward,20260823_150110_web_001_9490,Web
1787477484.553222,1366,4,UDP,443,52783,,forward,20260823_150110_web_001_9490,Web
1787477484.553222,1366,4,UDP,443,52783,,forward,20260823_150110_web_001_9490,Web
1787477484.553222,1366,4,UDP,443,52783,,forward,20260823_150110_web_001_9490,Web
1787477484.553222,1366,4,UDP,443,52783,,forward,20260823_150110_web_001_9490,Web
1787477484.553222,1366,4,UDP,443,52783,,forward,20260823_150110_web_001_9490,Web
1787477484.553222,1366,4,UDP,443,52783,,forward,20260823_150110_web_001_9490,Web
1787477484.553222,89,4,UDP,443,52783,,forward,20260823_150110_web_001_9490,Web
1787477484.553222,1366,4,UDP,443,52783,,forward,20260823_150110_web_001_9490,Web
1787477484.553222,1366,4,UDP,443,52783,,forward,20260823_150110_web_001_9490,Web
1787477484.553222,1366,4,UDP,443,52783,,forward,20260823_150110_web_001_9490,Web
1787477484.553222,1366,4,UDP,443,52783,,forward,20260823_150110_web_001_9490,Web
1787477484.553222,1366,4,UDP,443,52783,,forward,20260823_150110_web_001_9490,Web
1787477484.553222,1366,4,UDP,443,52783,,forward,20260823_150110_web_001_9490,Web
1787477484.553222,1366,4,UDP,443,52783,,forward,20260823_150110_web_001_9490,Web
1787477484.553222,1366,4,UDP,443,52783,,forward,20260823_150110_web_001_9490,Web
1787477484.553222,1366,4,UDP,443,52783,,forward,20260823_150110_web_001_9490,Web
1787477484.553222,1366,4,UDP,443,52783,,forward,20260823_150110_web_001_9490,Web
1787477484.553222,1366,4,UDP,443,52783,,forward,20260823_150110_web_001_9490,Web
1787477484.553222,1366,4,UDP,443,52783,,forward,20260823_150110_web_001_9490,Web
1787477484.553222,1366,4,UDP,443,52783,,forward,20260823_150110_web_001_9490,Web
1787477484.553222,1366,4,UDP,443,52783,,forward,20260823_150110_web_001_9490,Web
1787477484.553222,1366,4,UDP,443,52783,,forward,20260823_150110_web_001_9490,Web
1787477484.553222,1366,4,UDP,443,52783,,forward,20260823_150110_web_001_9490,Web
1787477484.553222,1366,4,UDP,443,52783,,forward,20260823_150110_web_001_9490,Web
1787477484.553222,89,4,UDP,443,52783,,forward,20260823_150110_web_001_9490,Web
1787477484.553222,1366,4,UDP,443,52783,,forward,20260823_150110_web_001_9490,Web
1787477484.553222,1366,4,UDP,443,52783,,forward,20260823_150110_web_001_9490,Web
1787477484.553222,89,4,UDP,443,52783,,forward,20260823_150110_web_001_9490,Web
1787477484.553222,89,4,UDP,443,52783,,forward,20260823_150110_web_001_9490,Web
1787477484.553222,1366,4,UDP,443,52783,,forward,20260823_150110_web_001_9490,Web
1787477484.553222,1366,4,UDP,443,52783,,forward,20260823_150110_web_001_9490,Web
1787477484.553222,1366,4,UDP,443,52783,,forward,20260823_150110_web_001_9490,Web
1787477484.553222,1366,4,UDP,443,52783,,forward,20260823_150110_web_001_9490,Web
1787477484.553222,1366,4,UDP,443,52783,,forward,20260823_150110_web_001_9490,Web
1787477484.553222,1366,4,UDP,443,52783,,forward,20260823_150110_web_001_9490,Web
1787477484.553222,1366,4,UDP,443,52783,,forward,20260823_150110_web_001_9490,Web
1787477484.553222,1366,4,UDP,443,52783,,forward,20260823_150110_web_001_9490,Web
1787477484.553222,1366,4,UDP,443,52783,,forward,20260823_150110_web_001_9490,Web
1787477484.553222,1366,4,UDP,443,52783,,forward,20260823_150110_web_001_9490,Web
1787477484.553222,1366,4,UDP,443,52783,,forward,20260823_150110_web_001_9490,Web
1787477484.553222,1366,4,UDP,443,52783,,forward,20260823_150110_web_001_9490,Web
1787477484.553222,1366,4,UDP,443,52783,,forward,20260823_150110_web_001_9490,Web
1787477484.553222,1366,4,UDP,443,52783,,forward,20260823_150110_web_001_9490,Web
1787477484.553222,1366,4,UDP,443,52783,,forward,20260823_150110_web_001_9490,Web
1787477484.553222,1366,4,UDP,443,52783,,forward,20260823_150110_web_001_9490,Web
1787477484.553222,1366,4,UDP,443,52783,,forward,20260823_150110_web_001_9490,Web
1787477484.553222,1366,4,UDP,443,52783,,forward,20260823_150110_web_001_9490,Web
1787477484.553222,1366,4,UDP,443,52783,,forward,20260823_150110_web_001_9490,Web
1787477484.553222,1366,4,UDP,443,52783,,forward,20260823_150110_web_001_9490,Web
1787477484.553222,1366,4,UDP,443,52783,,forward,20260823_150110_web_001_9490,Web
1787477484.553222,1366,4,UDP,443,52783,,forward,20260823_150110_web_001_9490,Web
1787477484.553222,1366,4,UDP,443,52783,,forward,20260823_150110_web_001_9490,Web
1787477484.553222,1366,4,UDP,443,52783,,forward,20260823_150110_web_001_9490,Web
1787477484.553222,1366,4,UDP,443,52783,,forward,20260823_150110_web_001_9490,Web
1787477484.553222,1366,4,UDP,443,52783,,forward,20260823_150110_web_001_9490,Web
1787477484.553222,1366,4,UDP,443,52783,,forward,20260823_150110_web_001_9490,Web
1787477484.553222,1366,4,UDP,443,52783,,forward,20260823_150110_web_001_9490,Web
1787477484.553222,1366,4,UDP,443,52783,,forward,20260823_150110_web_001_9490,Web
1787477484.553222,1366,4,UDP,443,52783,,forward,20260823_150110_web_001_9490,Web
1787477484.553222,1366,4,UDP,443,52783,,forward,20260823_150110_web_001_9490,Web
1787477484.553222,1366,4,UDP,443,52783,,forward,20260823_150110_web_001_9490,Web
1787477484.553222,1366,4,UDP,443,52783,,forward,20260823_150110_web_001_9490,Web
1787477484.554137,89,4,UDP,52783,443,,forward,20260823_150110_web_001_9490,Web
1787477484.554306,89,4,UDP,52783,443,,forward,20260823_150110_web_001_9490,Web
1787477484.55436,422,4,UDP,52783,443,,forward,20260823_150110_web_001_9490,Web
1787477484.554452,89,4,UDP,52783,443,,forward,20260823_150110_web_001_9490,Web
1787477484.554494,821,4,UDP,52783,443,,forward,20260823_150110_web_001_9490,Web
1787477484.554531,764,4,UDP,52783,443,,forward,20260823_150110_web_001_9490,Web
1787477484.554565,194,4,UDP,52783,443,,forward,20260823_150110_web_001_9490,Web
1787477484.554621,422,4,UDP,52783,443,,forward,20260823_150110_web_001_9490,Web
1787477484.554666,365,4,UDP,52783,443,,forward,20260823_150110_web_001_9490,Web
1787477484.554707,308,4,UDP,52783,443,,forward,20260823_150110_web_001_9490,Web
1787477484.554793,422,4,UDP,52783,443,,forward,20260823_150110_web_001_9490,Web
1787477484.554876,593,4,UDP,52783,443,,forward,20260823_150110_web_001_9490,Web
1787477484.554921,251,4,UDP,52783,443,,forward,20260823_150110_web_001_9490,Web
1787477484.55495,251,4,UDP,52783,443,,forward,20260823_150110_web_001_9490,Web
1787477484.554978,308,4,UDP,52783,443,,forward,20260823_150110_web_001_9490,Web
1787477484.555037,422,4,UDP,52783,443,,forward,20260823_150110_web_001_9490,Web
1787477484.555091,422,4,UDP,52783,443,,forward,20260823_150110_web_001_9490,Web
1787477484.555141,251,4,UDP,52783,443,,forward,20260823_150110_web_001_9490,Web
1787477484.566029,1366,4,UDP,443,52783,,forward,20260823_150110_web_001_9490,Web
1787477484.566029,1366,4,UDP,443,52783,,forward,20260823_150110_web_001_9490,Web
1787477484.566029,1366,4,UDP,443,52783,,forward,20260823_150110_web_001_9490,Web
1787477484.566029,1366,4,UDP,443,52783,,forward,20260823_150110_web_001_9490,Web
1787477484.566029,1366,4,UDP,443,52783,,forward,20260823_150110_web_001_9490,Web
1787477484.566029,1366,4,UDP,443,52783,,forward,20260823_150110_web_001_9490,Web
1787477484.566029,1366,4,UDP,443,52783,,forward,20260823_150110_web_001_9490,Web
1787477484.566029,1366,4,UDP,443,52783,,forward,20260823_150110_web_001_9490,Web
1787477484.566029,1366,4,UDP,443,52783,,forward,20260823_150110_web_001_9490,Web
1787477484.566029,1366,4,UDP,443,52783,,forward,20260823_150110_web_001_9490,Web
1787477484.566029,1366,4,UDP,443,52783,,forward,20260823_150110_web_001_9490,Web
1787477484.566029,1366,4,UDP,443,52783,,forward,20260823_150110_web_001_9490,Web
1787477484.566029,1366,4,UDP,443,52783,,forward,20260823_150110_web_001_9490,Web
1787477484.566029,1366,4,UDP,443,52783,,forward,20260823_150110_web_001_9490,Web
1787477484.566029,1366,4,UDP,443,52783,,forward,20260823_150110_web_001_9490,Web
1787477484.566029,1366,4,UDP,443,52783,,forward,20260823_150110_web_001_9490,Web
1787477484.566029,89,4,UDP,443,52783,,forward,20260823_150110_web_001_9490,Web
1787477484.566029,1366,4,UDP,443,52783,,forward,20260823_150110_web_001_9490,Web
1787477484.566029,1366,4,UDP,443,52783,,forward,20260823_150110_web_001_9490,Web
1787477484.566029,1366,4,UDP,443,52783,,forward,20260823_150110_web_001_9490,Web
1787477484.566029,1366,4,UDP,443,52783,,forward,20260823_150110_web_001_9490,Web
1787477484.566029,1366,4,UDP,443,52783,,forward,20260823_150110_web_001_9490,Web
1787477484.566029,1366,4,UDP,443,52783,,forward,20260823_150110_web_001_9490,Web
1787477484.566029,1366,4,UDP,443,52783,,forward,20260823_150110_web_001_9490,Web
1787477484.566029,1366,4,UDP,443,52783,,forward,20260823_150110_web_001_9490,Web
1787477484.566029,1366,4,UDP,443,52783,,forward,20260823_150110_web_001_9490,Web
1787477484.566029,1366,4,UDP,443,52783,,forward,20260823_150110_web_001_9490,Web
1787477484.566029,1366,4,UDP,443,52783,,forward,20260823_150110_web_001_9490,Web
1787477484.566029,1366,4,UDP,443,52783,,forward,20260823_150110_web_001_9490,Web
1787477484.566029,1366,4,UDP,443,52783,,forward,20260823_150110_web_001_9490,Web
1787477484.566029,1366,4,UDP,443,52783,,forward,20260823_150110_web_001_9490,Web
1787477484.566029,1366,4,UDP,443,52783,,forward,20260823_150110_web_001_9490,Web
1787477484.566029,1366,4,UDP,443,52783,,forward,20260823_150110_web_001_9490,Web
1787477484.566029,1366,4,UDP,443,52783,,forward,20260823_150110_web_001_9490,Web
1787477484.566029,1366,4,UDP,443,52783,,forward,20260823_150110_web_001_9490,Web
1787477484.566029,1366,4,UDP,443,52783,,forward,20260823_150110_web_001_9490,Web
1787477484.566029,1366,4,UDP,443,52783,,forward,20260823_150110_web_001_9490,Web
1787477484.566029,1366,4,UDP,443,52783,,forward,20260823_150110_web_001_9490,Web
1787477484.566699,89,4,UDP,52783,443,,forward,20260823_150110_web_001_9490,Web
1787477484.566852,137,4,UDP,52783,443,,forward,20260823_150110_web_001_9490,Web
1787477484.566921,137,4,UDP,52783,443,,forward,20260823_150110_web_001_9490,Web
1787477484.56699,593,4,UDP,52783,443,,forward,20260823_150110_web_001_9490,Web
1787477484.567044,365,4,UDP,52783,443,,forward,20260823_150110_web_001_9490,Web
1787477484.567086,194,4,UDP,52783,443,,forward,20260823_150110_web_001_9490,Web
1787477484.567123,194,4,UDP,52783,443,,forward,20260823_150110_web_001_9490,Web
1787477484.567158,194,4,UDP,52783,443,,forward,20260823_150110_web_001_9490,Web
1787477484.56719,194,4,UDP,52783,443,,forward,20260823_150110_web_001_9490,Web
1787477484.567586,125,4,UDP,52783,443,,forward,20260823_150110_web_001_9490,Web
1787477484.568121,350,4,UDP,52783,443,,forward,20260823_150110_web_001_9490,Web
1787477484.568811,125,4,UDP,52783,443,,forward,20260823_150110_web_001_9490,Web
1787477484.583022,89,4,UDP,443,52783,,forward,20260823_150110_web_001_9490,Web
1787477484.583022,89,4,UDP,443,52783,,forward,20260823_150110_web_001_9490,Web
1787477484.583022,89,4,UDP,443,52783,,forward,20260823_150110_web_001_9490,Web
1787477484.583022,1366,4,UDP,443,52783,,forward,20260823_150110_web_001_9490,Web
1787477484.583022,1366,4,UDP,443,52783,,forward,20260823_150110_web_001_9490,Web
1787477484.583022,1366,4,UDP,443,52783,,forward,20260823_150110_web_001_9490,Web
1787477484.583022,1366,4,UDP,443,52783,,forward,20260823_150110_web_001_9490,Web
1787477484.583022,1366,4,UDP,443,52783,,forward,20260823_150110_web_001_9490,Web
1787477484.583022,1366,4,UDP,443,52783,,forward,20260823_150110_web_001_9490,Web
1787477484.583022,1366,4,UDP,443,52783,,forward,20260823_150110_web_001_9490,Web
1787477484.583022,1366,4,UDP,443,52783,,forward,20260823_150110_web_001_9490,Web
1787477484.583022,1366,4,UDP,443,52783,,forward,20260823_150110_web_001_9490,Web
1787477484.583022,1366,4,UDP,443,52783,,forward,20260823_150110_web_001_9490,Web
1787477484.583022,1366,4,UDP,443,52783,,forward,20260823_150110_web_001_9490,Web
1787477484.583022,1366,4,UDP,443,52783,,forward,20260823_150110_web_001_9490,Web
1787477484.583022,1366,4,UDP,443,52783,,forward,20260823_150110_web_001_9490,Web
1787477484.583022,1366,4,UDP,443,52783,,forward,20260823_150110_web_001_9490,Web
1787477484.583022,1366,4,UDP,443,52783,,forward,20260823_150110_web_001_9490,Web
1787477484.583022,1366,4,UDP,443,52783,,forward,20260823_150110_web_001_9490,Web
1787477484.583022,1366,4,UDP,443,52783,,forward,20260823_150110_web_001_9490,Web
1787477484.583022,1366,4,UDP,443,52783,,forward,20260823_150110_web_001_9490,Web
1787477484.583022,1366,4,UDP,443,52783,,forward,20260823_150110_web_001_9490,Web
1787477484.583022,1366,4,UDP,443,52783,,forward,20260823_150110_web_001_9490,Web
1787477484.583022,1366,4,UDP,443,52783,,forward,20260823_150110_web_001_9490,Web
1787477484.583022,1366,4,UDP,443,52783,,forward,20260823_150110_web_001_9490,Web
1787477484.583022,1366,4,UDP,443,52783,,forward,20260823_150110_web_001_9490,Web
1787477484.583022,1366,4,UDP,443,52783,,forward,20260823_150110_web_001_9490,Web
1787477484.583022,1366,4,UDP,443,52783,,forward,20260823_150110_web_001_9490,Web
1787477484.583022,1366,4,UDP,443,52783,,forward,20260823_150110_web_001_9490,Web
1787477484.583022,1366,4,UDP,443,52783,,forward,20260823_150110_web_001_9490,Web
1787477484.583022,1366,4,UDP,443,52783,,forward,20260823_150110_web_001_9490,Web
1787477484.583022,1366,4,UDP,443,52783,,forward,20260823_150110_web_001_9490,Web
1787477484.583022,1366,4,UDP,443,52783,,forward,20260823_150110_web_001_9490,Web
1787477484.583022,1366,4,UDP,443,52783,,forward,20260823_150110_web_001_9490,Web
1787477484.583022,1366,4,UDP,443,52783,,forward,20260823_150110_web_001_9490,Web
1787477484.583022,1366,4,UDP,443,52783,,forward,20260823_150110_web_001_9490,Web
1787477484.583022,1366,4,UDP,443,52783,,forward,20260823_150110_web_001_9490,Web
1787477484.583022,1366,4,UDP,443,52783,,forward,20260823_150110_web_001_9490,Web
1787477484.583022,1366,4,UDP,443,52783,,forward,20260823_150110_web_001_9490,Web
1787477484.583022,1366,4,UDP,443,52783,,forward,20260823_150110_web_001_9490,Web
1787477484.583022,1366,4,UDP,443,52783,,forward,20260823_150110_web_001_9490,Web
1787477484.583022,1366,4,UDP,443,52783,,forward,20260823_150110_web_001_9490,Web
1787477484.583022,1366,4,UDP,443,52783,,forward,20260823_150110_web_001_9490,Web
1787477484.583022,89,4,UDP,443,52783,,forward,20260823_150110_web_001_9490,Web
1787477484.583785,89,4,UDP,52783,443,,forward,20260823_150110_web_001_9490,Web
1787477484.583994,215,4,UDP,52783,443,,forward,20260823_150110_web_001_9490,Web
1787477484.584133,440,4,UDP,52783,443,,forward,20260823_150110_web_001_9490,Web
1787477484.584198,305,4,UDP,52783,443,,forward,20260823_150110_web_001_9490,Web
1787477484.584235,125,4,UDP,52783,443,,forward,20260823_150110_web_001_9490,Web
1787477484.584265,170,4,UDP,52783,443,,forward,20260823_150110_web_001_9490,Web
1787477484.584292,125,4,UDP,52783,443,,forward,20260823_150110_web_001_9490,Web
1787477484.597988,1366,4,UDP,443,52783,,forward,20260823_150110_web_001_9490,Web
1787477484.597988,1366,4,UDP,443,52783,,forward,20260823_150110_web_001_9490,Web
1787477484.597988,1366,4,UDP,443,52783,,forward,20260823_150110_web_001_9490,Web
1787477484.597988,1366,4,UDP,443,52783,,forward,20260823_150110_web_001_9490,Web
1787477484.597988,1366,4,UDP,443,52783,,forward,20260823_150110_web_001_9490,Web
1787477484.597988,1366,4,UDP,443,52783,,forward,20260823_150110_web_001_9490,Web
1787477484.597988,1366,4,UDP,443,52783,,forward,20260823_150110_web_001_9490,Web
1787477484.597988,1366,4,UDP,443,52783,,forward,20260823_150110_web_001_9490,Web
1787477484.597988,1366,4,UDP,443,52783,,forward,20260823_150110_web_001_9490,Web
1787477484.597988,1366,4,UDP,443,52783,,forward,20260823_150110_web_001_9490,Web
1787477484.597988,1366,4,UDP,443,52783,,forward,20260823_150110_web_001_9490,Web
1787477484.597988,1366,4,UDP,443,52783,,forward,20260823_150110_web_001_9490,Web
1787477484.597988,1366,4,UDP,443,52783,,forward,20260823_150110_web_001_9490,Web
1787477484.597988,1366,4,UDP,443,52783,,forward,20260823_150110_web_001_9490,Web
1787477484.597988,1366,4,UDP,443,52783,,forward,20260823_150110_web_001_9490,Web
1787477484.597988,1366,4,UDP,443,52783,,forward,20260823_150110_web_001_9490,Web
1787477484.597988,1366,4,UDP,443,52783,,forward,20260823_150110_web_001_9490,Web
1787477484.597988,1366,4,UDP,443,52783,,forward,20260823_150110_web_001_9490,Web
1787477484.597988,1366,4,UDP,443,52783,,forward,20260823_150110_web_001_9490,Web
1787477484.597988,1366,4,UDP,443,52783,,forward,20260823_150110_web_001_9490,Web
1787477484.597988,1366,4,UDP,443,52783,,forward,20260823_150110_web_001_9490,Web
1787477484.597988,1366,4,UDP,443,52783,,forward,20260823_150110_web_001_9490,Web
1787477484.597988,1366,4,UDP,443,52783,,forward,20260823_150110_web_001_9490,Web
1787477484.597988,1366,4,UDP,443,52783,,forward,20260823_150110_web_001_9490,Web
1787477484.597988,1366,4,UDP,443,52783,,forward,20260823_150110_web_001_9490,Web
1787477484.597988,1366,4,UDP,443,52783,,forward,20260823_150110_web_001_9490,Web
1787477484.597988,1366,4,UDP,443,52783,,forward,20260823_150110_web_001_9490,Web
1787477484.597988,1366,4,UDP,443,52783,,forward,20260823_150110_web_001_9490,Web
1787477484.597988,1366,4,UDP,443,52783,,forward,20260823_150110_web_001_9490,Web
1787477484.597988,1366,4,UDP,443,52783,,forward,20260823_150110_web_001_9490,Web
1787477484.597988,1366,4,UDP,443,52783,,forward,20260823_150110_web_001_9490,Web
1787477484.597988,1366,4,UDP,443,52783,,forward,20260823_150110_web_001_9490,Web
1787477484.597988,1366,4,UDP,443,52783,,forward,20260823_150110_web_001_9490,Web
1787477484.597988,1366,4,UDP,443,52783,,forward,20260823_150110_web_001_9490,Web
1787477484.597988,1366,4,UDP,443,52783,,forward,20260823_150110_web_001_9490,Web
1787477484.597988,1366,4,UDP,443,52783,,forward,20260823_150110_web_001_9490,Web
1787477484.597988,1366,4,UDP,443,52783,,forward,20260823_150110_web_001_9490,Web
1787477484.597988,89,4,UDP,443,52783,,forward,20260823_150110_web_001_9490,Web
1787477484.597988,90,4,UDP,443,52783,,forward,20260823_150110_web_001_9490,Web
1787477484.598655,89,4,UDP,52783,443,,forward,20260823_150110_web_001_9490,Web
1787477484.598967,170,4,UDP,52783,443,,forward,20260823_150110_web_001_9490,Web
1787477484.599054,305,4,UDP,52783,443,,forward,20260823_150110_web_001_9490,Web
1787477484.599093,125,4,UDP,52783,443,,forward,20260823_150110_web_001_9490,Web
1787477484.599144,215,4,UDP,52783,443,,forward,20260823_150110_web_001_9490,Web
1787477484.599174,125,4,UDP,52783,443,,forward,20260823_150110_web_001_9490,Web
1787477484.599204,125,4,UDP,52783,443,,forward,20260823_150110_web_001_9490,Web
1787477484.599243,170,4,UDP,52783,443,,forward,20260823_150110_web_001_9490,Web
1787477484.59928,125,4,UDP,52783,443,,forward,20260823_150110_web_001_9490,Web
1787477484.599349,170,4,UDP,52783,443,,forward,20260823_150110_web_001_9490,Web
1787477484.613403,88,4,UDP,443,52783,,forward,20260823_150110_web_001_9490,Web
1787477484.613403,88,4,UDP,443,52783,,forward,20260823_150110_web_001_9490,Web
1787477484.629079,89,4,UDP,443,52783,,forward,20260823_150110_web_001_9490,Web
1787477484.629079,89,4,UDP,443,52783,,forward,20260823_150110_web_001_9490,Web
1787477484.629079,1365,4,UDP,443,52783,,forward,20260823_150110_web_001_9490,Web
1787477484.629079,1365,4,UDP,443,52783,,forward,20260823_150110_web_001_9490,Web
1787477484.629079,1365,4,UDP,443,52783,,forward,20260823_150110_web_001_9490,Web
1787477484.629079,1365,4,UDP,443,52783,,forward,20260823_150110_web_001_9490,Web
1787477484.629079,1365,4,UDP,443,52783,,forward,20260823_150110_web_001_9490,Web
1787477484.629079,1365,4,UDP,443,52783,,forward,20260823_150110_web_001_9490,Web
1787477484.629079,1365,4,UDP,443,52783,,forward,20260823_150110_web_001_9490,Web
1787477484.629079,1365,4,UDP,443,52783,,forward,20260823_150110_web_001_9490,Web
1787477484.629079,1365,4,UDP,443,52783,,forward,20260823_150110_web_001_9490,Web
1787477484.629079,1365,4,UDP,443,52783,,forward,20260823_150110_web_001_9490,Web
1787477484.629079,1365,4,UDP,443,52783,,forward,20260823_150110_web_001_9490,Web
1787477484.629079,1365,4,UDP,443,52783,,forward,20260823_150110_web_001_9490,Web
1787477484.629079,1365,4,UDP,443,52783,,forward,20260823_150110_web_001_9490,Web
1787477484.629079,1365,4,UDP,443,52783,,forward,20260823_150110_web_001_9490,Web
1787477484.629079,1365,4,UDP,443,52783,,forward,20260823_150110_web_001_9490,Web
1787477484.629079,1365,4,UDP,443,52783,,forward,20260823_150110_web_001_9490,Web
1787477484.629079,1365,4,UDP,443,52783,,forward,20260823_150110_web_001_9490,Web
1787477484.629079,1365,4,UDP,443,52783,,forward,20260823_150110_web_001_9490,Web
1787477484.629079,1365,4,UDP,443,52783,,forward,20260823_150110_web_001_9490,Web
1787477484.629079,1365,4,UDP,443,52783,,forward,20260823_150110_web_001_9490,Web
1787477484.629079,1365,4,UDP,443,52783,,forward,20260823_150110_web_001_9490,Web
1787477484.629079,1365,4,UDP,443,52783,,forward,20260823_150110_web_001_9490,Web
1787477484.629079,1365,4,UDP,443,52783,,forward,20260823_150110_web_001_9490,Web
1787477484.629079,1365,4,UDP,443,52783,,forward,20260823_150110_web_001_9490,Web
1787477484.629079,1365,4,UDP,443,52783,,forward,20260823_150110_web_001_9490,Web
1787477484.629079,1365,4,UDP,443,52783,,forward,20260823_150110_web_001_9490,Web
1787477484.629079,1365,4,UDP,443,52783,,forward,20260823_150110_web_001_9490,Web
1787477484.629079,1365,4,UDP,443,52783,,forward,20260823_150110_web_001_9490,Web
1787477484.629079,1365,4,UDP,443,52783,,forward,20260823_150110_web_001_9490,Web
1787477484.629079,1365,4,UDP,443,52783,,forward,20260823_150110_web_001_9490,Web
1787477484.629079,1365,4,UDP,443,52783,,forward,20260823_150110_web_001_9490,Web
1787477484.629079,1365,4,UDP,443,52783,,forward,20260823_150110_web_001_9490,Web
1787477484.629079,1365,4,UDP,443,52783,,forward,20260823_150110_web_001_9490,Web
1787477484.629079,1365,4,UDP,443,52783,,forward,20260823_150110_web_001_9490,Web
1787477484.629079,1365,4,UDP,443,52783,,forward,20260823_150110_web_001_9490,Web
1787477484.629079,1365,4,UDP,443,52783,,forward,20260823_150110_web_001_9490,Web
1787477484.629079,1365,4,UDP,443,52783,,forward,20260823_150110_web_001_9490,Web
1787477484.629079,1365,4,UDP,443,52783,,forward,20260823_150110_web_001_9490,Web
1787477484.629079,1365,4,UDP,443,52783,,forward,20260823_150110_web_001_9490,Web
1787477484.629079,1366,4,UDP,443,52783,,forward,20260823_150110_web_001_9490,Web
1787477484.629079,1366,4,UDP,443,52783,,forward,20260823_150110_web_001_9490,Web
1787477484.629079,1366,4,UDP,443,52783,,forward,20260823_150110_web_001_9490,Web
1787477484.629079,1366,4,UDP,443,52783,,forward,20260823_150110_web_001_9490,Web
1787477484.629079,1366,4,UDP,443,52783,,forward,20260823_150110_web_001_9490,Web
1787477484.629079,1366,4,UDP,443,52783,,forward,20260823_150110_web_001_9490,Web
1787477484.629079,1366,4,UDP,443,52783,,forward,20260823_150110_web_001_9490,Web
1787477484.629079,1366,4,UDP,443,52783,,forward,20260823_150110_web_001_9490,Web
1787477484.629079,1366,4,UDP,443,52783,,forward,20260823_150110_web_001_9490,Web
1787477484.629079,1366,4,UDP,443,52783,,forward,20260823_150110_web_001_9490,Web
1787477484.629079,1366,4,UDP,443,52783,,forward,20260823_150110_web_001_9490,Web
1787477484.629079,1366,4,UDP,443,52783,,forward,20260823_150110_web_001_9490,Web
1787477484.629079,1366,4,UDP,443,52783,,forward,20260823_150110_web_001_9490,Web
1787477484.629079,1366,4,UDP,443,52783,,forward,20260823_150110_web_001_9490,Web
1787477484.629079,1366,4,UDP,443,52783,,forward,20260823_150110_web_001_9490,Web
1787477484.629079,1366,4,UDP,443,52783,,forward,20260823_150110_web_001_9490,Web
1787477484.629079,1366,4,UDP,443,52783,,forward,20260823_150110_web_001_9490,Web
1787477484.629079,1366,4,UDP,443,52783,,forward,20260823_150110_web_001_9490,Web
1787477484.629079,1366,4,UDP,443,52783,,forward,20260823_150110_web_001_9490,Web
1787477484.629079,1366,4,UDP,443,52783,,forward,20260823_150110_web_001_9490,Web
1787477484.629079,1366,4,UDP,443,52783,,forward,20260823_150110_web_001_9490,Web
1787477484.629079,1366,4,UDP,443,52783,,forward,20260823_150110_web_001_9490,Web
1787477484.629079,1366,4,UDP,443,52783,,forward,20260823_150110_web_001_9490,Web
1787477484.629079,1366,4,UDP,443,52783,,forward,20260823_150110_web_001_9490,Web
1787477484.629079,1366,4,UDP,443,52783,,forward,20260823_150110_web_001_9490,Web
1787477484.629079,1366,4,UDP,443,52783,,forward,20260823_150110_web_001_9490,Web
1787477484.629079,1366,4,UDP,443,52783,,forward,20260823_150110_web_001_9490,Web
1787477484.629079,1366,4,UDP,443,52783,,forward,20260823_150110_web_001_9490,Web
1787477484.629079,1366,4,UDP,443,52783,,forward,20260823_150110_web_001_9490,Web
1787477484.629079,1366,4,UDP,443,52783,,forward,20260823_150110_web_001_9490,Web
1787477484.629079,1366,4,UDP,443,52783,,forward,20260823_150110_web_001_9490,Web
1787477484.629079,1366,4,UDP,443,52783,,forward,20260823_150110_web_001_9490,Web
1787477484.629079,1366,4,UDP,443,52783,,forward,20260823_150110_web_001_9490,Web
1787477484.629079,1366,4,UDP,443,52783,,forward,20260823_150110_web_001_9490,Web
1787477484.629079,1366,4,UDP,443,52783,,forward,20260823_150110_web_001_9490,Web
1787477484.629079,1366,4,UDP,443,52783,,forward,20260823_150110_web_001_9490,Web
1787477484.629079,1366,4,UDP,443,52783,,forward,20260823_150110_web_001_9490,Web
1787477484.629079,1366,4,UDP,443,52783,,forward,20260823_150110_web_001_9490,Web
1787477484.629079,1366,4,UDP,443,52783,,forward,20260823_150110_web_001_9490,Web
1787477484.629079,1366,4,UDP,443,52783,,forward,20260823_150110_web_001_9490,Web
1787477484.629079,1366,4,UDP,443,52783,,forward,20260823_150110_web_001_9490,Web
1787477484.629079,1366,4,UDP,443,52783,,forward,20260823_150110_web_001_9490,Web
1787477484.629079,1366,4,UDP,443,52783,,forward,20260823_150110_web_001_9490,Web
1787477484.629079,1366,4,UDP,443,52783,,forward,20260823_150110_web_001_9490,Web
1787477484.629079,1366,4,UDP,443,52783,,forward,20260823_150110_web_001_9490,Web
1787477484.629079,1366,4,UDP,443,52783,,forward,20260823_150110_web_001_9490,Web
1787477484.629079,1366,4,UDP,443,52783,,forward,20260823_150110_web_001_9490,Web
1787477484.629079,1366,4,UDP,443,52783,,forward,20260823_150110_web_001_9490,Web
1787477484.629079,1366,4,UDP,443,52783,,forward,20260823_150110_web_001_9490,Web
1787477484.629079,1366,4,UDP,443,52783,,forward,20260823_150110_web_001_9490,Web
1787477484.629079,1366,4,UDP,443,52783,,forward,20260823_150110_web_001_9490,Web
1787477484.629079,1366,4,UDP,443,52783,,forward,20260823_150110_web_001_9490,Web
1787477484.629079,1366,4,UDP,443,52783,,forward,20260823_150110_web_001_9490,Web
1787477484.629079,1366,4,UDP,443,52783,,forward,20260823_150110_web_001_9490,Web
1787477484.629079,1366,4,UDP,443,52783,,forward,20260823_150110_web_001_9490,Web
1787477484.629079,1366,4,UDP,443,52783,,forward,20260823_150110_web_001_9490,Web
1787477484.629079,1366,4,UDP,443,52783,,forward,20260823_150110_web_001_9490,Web
1787477484.629079,1366,4,UDP,443,52783,,forward,20260823_150110_web_001_9490,Web
1787477484.629079,1366,4,UDP,443,52783,,forward,20260823_150110_web_001_9490,Web
1787477484.629079,1366,4,UDP,443,52783,,forward,20260823_150110_web_001_9490,Web
1787477484.629079,1366,4,UDP,443,52783,,forward,20260823_150110_web_001_9490,Web
1787477484.629079,1366,4,UDP,443,52783,,forward,20260823_150110_web_001_9490,Web
1787477484.629079,1366,4,UDP,443,52783,,forward,20260823_150110_web_001_9490,Web
1787477484.629079,1366,4,UDP,443,52783,,forward,20260823_150110_web_001_9490,Web
1787477484.629079,1366,4,UDP,443,52783,,forward,20260823_150110_web_001_9490,Web
1787477484.629079,1366,4,UDP,443,52783,,forward,20260823_150110_web_001_9490,Web
1787477484.629079,1366,4,UDP,443,52783,,forward,20260823_150110_web_001_9490,Web
1787477484.629079,1366,4,UDP,443,52783,,forward,20260823_150110_web_001_9490,Web
1787477484.629079,1366,4,UDP,443,52783,,forward,20260823_150110_web_001_9490,Web
1787477484.629079,1366,4,UDP,443,52783,,forward,20260823_150110_web_001_9490,Web
1787477484.629079,1366,4,UDP,443,52783,,forward,20260823_150110_web_001_9490,Web
1787477484.629079,1366,4,UDP,443,52783,,forward,20260823_150110_web_001_9490,Web
1787477484.629079,1366,4,UDP,443,52783,,forward,20260823_150110_web_001_9490,Web
1787477484.629079,1366,4,UDP,443,52783,,forward,20260823_150110_web_001_9490,Web
1787477484.629079,1366,4,UDP,443,52783,,forward,20260823_150110_web_001_9490,Web
1787477484.629079,1366,4,UDP,443,52783,,forward,20260823_150110_web_001_9490,Web
1787477484.629079,1366,4,UDP,443,52783,,forward,20260823_150110_web_001_9490,Web
1787477484.629079,1366,4,UDP,443,52783,,forward,20260823_150110_web_001_9490,Web
1787477484.629079,1366,4,UDP,443,52783,,forward,20260823_150110_web_001_9490,Web
1787477484.629079,1366,4,UDP,443,52783,,forward,20260823_150110_web_001_9490,Web
1787477484.629079,1366,4,UDP,443,52783,,forward,20260823_150110_web_001_9490,Web
1787477484.629079,1366,4,UDP,443,52783,,forward,20260823_150110_web_001_9490,Web
1787477484.629079,1366,4,UDP,443,52783,,forward,20260823_150110_web_001_9490,Web
1787477484.629079,1366,4,UDP,443,52783,,forward,20260823_150110_web_001_9490,Web
1787477484.629079,1366,4,UDP,443,52783,,forward,20260823_150110_web_001_9490,Web
1787477484.629079,1366,4,UDP,443,52783,,forward,20260823_150110_web_001_9490,Web
1787477484.629079,1366,4,UDP,443,52783,,forward,20260823_150110_web_001_9490,Web
1787477484.629079,1366,4,UDP,443,52783,,forward,20260823_150110_web_001_9490,Web
1787477484.629079,1366,4,UDP,443,52783,,forward,20260823_150110_web_001_9490,Web
1787477484.629079,1366,4,UDP,443,52783,,forward,20260823_150110_web_001_9490,Web
1787477484.629079,1366,4,UDP,443,52783,,forward,20260823_150110_web_001_9490,Web
1787477484.629079,1366,4,UDP,443,52783,,forward,20260823_150110_web_001_9490,Web
1787477484.629079,1366,4,UDP,443,52783,,forward,20260823_150110_web_001_9490,Web
1787477484.629079,1366,4,UDP,443,52783,,forward,20260823_150110_web_001_9490,Web
1787477484.629079,1366,4,UDP,443,52783,,forward,20260823_150110_web_001_9490,Web
1787477484.629079,1366,4,UDP,443,52783,,forward,20260823_150110_web_001_9490,Web
1787477484.629079,1366,4,UDP,443,52783,,forward,20260823_150110_web_001_9490,Web
1787477484.629079,1366,4,UDP,443,52783,,forward,20260823_150110_web_001_9490,Web
1787477484.629079,1366,4,UDP,443,52783,,forward,20260823_150110_web_001_9490,Web
1787477484.629079,1366,4,UDP,443,52783,,forward,20260823_150110_web_001_9490,Web
1787477484.629079,1366,4,UDP,443,52783,,forward,20260823_150110_web_001_9490,Web
1787477484.629079,1366,4,UDP,443,52783,,forward,20260823_150110_web_001_9490,Web
1787477484.629079,1366,4,UDP,443,52783,,forward,20260823_150110_web_001_9490,Web
1787477484.629079,1366,4,UDP,443,52783,,forward,20260823_150110_web_001_9490,Web
1787477484.629079,1366,4,UDP,443,52783,,forward,20260823_150110_web_001_9490,Web
1787477484.629079,1366,4,UDP,443,52783,,forward,20260823_150110_web_001_9490,Web
1787477484.629079,1366,4,UDP,443,52783,,forward,20260823_150110_web_001_9490,Web
1787477484.629079,1366,4,UDP,443,52783,,forward,20260823_150110_web_001_9490,Web
1787477484.629079,1366,4,UDP,443,52783,,forward,20260823_150110_web_001_9490,Web
1787477484.629079,1366,4,UDP,443,52783,,forward,20260823_150110_web_001_9490,Web
1787477484.629079,1366,4,UDP,443,52783,,forward,20260823_150110_web_001_9490,Web
1787477484.629079,1366,4,UDP,443,52783,,forward,20260823_150110_web_001_9490,Web
1787477484.629079,1366,4,UDP,443,52783,,forward,20260823_150110_web_001_9490,Web
1787477484.629079,1366,4,UDP,443,52783,,forward,20260823_150110_web_001_9490,Web
1787477484.629079,1366,4,UDP,443,52783,,forward,20260823_150110_web_001_9490,Web
1787477484.629079,1366,4,UDP,443,52783,,forward,20260823_150110_web_001_9490,Web
1787477484.629079,1366,4,UDP,443,52783,,forward,20260823_150110_web_001_9490,Web
1787477484.629079,1366,4,UDP,443,52783,,forward,20260823_150110_web_001_9490,Web
1787477484.629079,1366,4,UDP,443,52783,,forward,20260823_150110_web_001_9490,Web
1787477484.629079,1366,4,UDP,443,52783,,forward,20260823_150110_web_001_9490,Web
1787477484.629079,1366,4,UDP,443,52783,,forward,20260823_150110_web_001_9490,Web
1787477484.629079,1366,4,UDP,443,52783,,forward,20260823_150110_web_001_9490,Web
1787477484.629079,1366,4,UDP,443,52783,,forward,20260823_150110_web_001_9490,Web
1787477484.629079,1366,4,UDP,443,52783,,forward,20260823_150110_web_001_9490,Web
1787477484.629079,1366,4,UDP,443,52783,,forward,20260823_150110_web_001_9490,Web
1787477484.629079,1366,4,UDP,443,52783,,forward,20260823_150110_web_001_9490,Web
1787477484.629079,1366,4,UDP,443,52783,,forward,20260823_150110_web_001_9490,Web
1787477484.629079,1366,4,UDP,443,52783,,forward,20260823_150110_web_001_9490,Web
1787477484.629079,1366,4,UDP,443,52783,,forward,20260823_150110_web_001_9490,Web
1787477484.629079,1366,4,UDP,443,52783,,forward,20260823_150110_web_001_9490,Web
1787477484.629079,1366,4,UDP,443,52783,,forward,20260823_150110_web_001_9490,Web
1787477484.629079,1366,4,UDP,443,52783,,forward,20260823_150110_web_001_9490,Web
1787477484.629079,1366,4,UDP,443,52783,,forward,20260823_150110_web_001_9490,Web
1787477484.630479,89,4,UDP,52783,443,,forward,20260823_150110_web_001_9490,Web
1787477484.630635,89,4,UDP,52783,443,,forward,20260823_150110_web_001_9490,Web
1787477484.630674,125,4,UDP,52783,443,,forward,20260823_150110_web_001_9490,Web
1787477484.630847,395,4,UDP,52783,443,,forward,20260823_150110_web_001_9490,Web
1787477484.630978,89,4,UDP,52783,443,,forward,20260823_150110_web_001_9490,Web
1787477484.631125,89,4,UDP,52783,443,,forward,20260823_150110_web_001_9490,Web
1787477484.631251,89,4,UDP,52783,443,,forward,20260823_150110_web_001_9490,Web
1787477484.63132,485,4,UDP,52783,443,,forward,20260823_150110_web_001_9490,Web
1787477484.63145,305,4,UDP,52783,443,,forward,20260823_150110_web_001_9490,Web
1787477484.631548,260,4,UDP,52783,443,,forward,20260823_150110_web_001_9490,Web
1787477484.631599,215,4,UDP,52783,443,,forward,20260823_150110_web_001_9490,Web
1787477484.631651,125,4,UDP,52783,443,,forward,20260823_150110_web_001_9490,Web
1787477484.631686,125,4,UDP,52783,443,,forward,20260823_150110_web_001_9490,Web
1787477484.631835,170,4,UDP,52783,443,,forward,20260823_150110_web_001_9490,Web
1787477484.631885,170,4,UDP,52783,443,,forward,20260823_150110_web_001_9490,Web
1787477484.631916,125,4,UDP,52783,443,,forward,20260823_150110_web_001_9490,Web
1787477484.631943,125,4,UDP,52783,443,,forward,20260823_150110_web_001_9490,Web
1787477484.631969,125,4,UDP,52783,443,,forward,20260823_150110_web_001_9490,Web
1787477484.632039,170,4,UDP,52783,443,,forward,20260823_150110_web_001_9490,Web
1787477484.632132,125,4,UDP,52783,443,,forward,20260823_150110_web_001_9490,Web
1787477484.63226,170,4,UDP,52783,443,,forward,20260823_150110_web_001_9490,Web
1787477484.632305,170,4,UDP,52783,443,,forward,20260823_150110_web_001_9490,Web
1787477484.632383,260,4,UDP,52783,443,,forward,20260823_150110_web_001_9490,Web
1787477484.632414,125,4,UDP,52783,443,,forward,20260823_150110_web_001_9490,Web
1787477484.632465,260,4,UDP,52783,443,,forward,20260823_150110_web_001_9490,Web
1787477484.632566,305,4,UDP,52783,443,,forward,20260823_150110_web_001_9490,Web
1787477484.63259,125,4,UDP,52783,443,,forward,20260823_150110_web_001_9490,Web
1787477484.632634,215,4,UDP,52783,443,,forward,20260823_150110_web_001_9490,Web
1787477484.632529,1366,4,UDP,443,52783,,forward,20260823_150110_web_001_9490,Web
1787477484.632529,1366,4,UDP,443,52783,,forward,20260823_150110_web_001_9490,Web
1787477484.632529,1366,4,UDP,443,52783,,forward,20260823_150110_web_001_9490,Web
1787477484.632529,1366,4,UDP,443,52783,,forward,20260823_150110_web_001_9490,Web
1787477484.632529,1366,4,UDP,443,52783,,forward,20260823_150110_web_001_9490,Web
1787477484.632529,1366,4,UDP,443,52783,,forward,20260823_150110_web_001_9490,Web
1787477484.632529,1366,4,UDP,443,52783,,forward,20260823_150110_web_001_9490,Web
1787477484.632529,1366,4,UDP,443,52783,,forward,20260823_150110_web_001_9490,Web
1787477484.632529,1366,4,UDP,443,52783,,forward,20260823_150110_web_001_9490,Web
1787477484.632529,1366,4,UDP,443,52783,,forward,20260823_150110_web_001_9490,Web
1787477484.632529,1366,4,UDP,443,52783,,forward,20260823_150110_web_001_9490,Web
1787477484.632529,1366,4,UDP,443,52783,,forward,20260823_150110_web_001_9490,Web
1787477484.632529,1366,4,UDP,443,52783,,forward,20260823_150110_web_001_9490,Web
1787477484.632529,1366,4,UDP,443,52783,,forward,20260823_150110_web_001_9490,Web
1787477484.632529,1366,4,UDP,443,52783,,forward,20260823_150110_web_001_9490,Web
1787477484.632529,1366,4,UDP,443,52783,,forward,20260823_150110_web_001_9490,Web
1787477484.632529,1366,4,UDP,443,52783,,forward,20260823_150110_web_001_9490,Web
1787477484.632529,1366,4,UDP,443,52783,,forward,20260823_150110_web_001_9490,Web
1787477484.632529,1366,4,UDP,443,52783,,forward,20260823_150110_web_001_9490,Web
1787477484.632529,1366,4,UDP,443,52783,,forward,20260823_150110_web_001_9490,Web
1787477484.632529,1366,4,UDP,443,52783,,forward,20260823_150110_web_001_9490,Web
1787477484.632529,1366,4,UDP,443,52783,,forward,20260823_150110_web_001_9490,Web
1787477484.632529,1366,4,UDP,443,52783,,forward,20260823_150110_web_001_9490,Web
1787477484.632529,1366,4,UDP,443,52783,,forward,20260823_150110_web_001_9490,Web
1787477484.632529,1366,4,UDP,443,52783,,forward,20260823_150110_web_001_9490,Web
1787477484.632529,1366,4,UDP,443,52783,,forward,20260823_150110_web_001_9490,Web
1787477484.632529,1366,4,UDP,443,52783,,forward,20260823_150110_web_001_9490,Web
1787477484.632529,1366,4,UDP,443,52783,,forward,20260823_150110_web_001_9490,Web
1787477484.632529,1366,4,UDP,443,52783,,forward,20260823_150110_web_001_9490,Web
1787477484.632529,1366,4,UDP,443,52783,,forward,20260823_150110_web_001_9490,Web
1787477484.632529,1366,4,UDP,443,52783,,forward,20260823_150110_web_001_9490,Web
1787477484.632529,1366,4,UDP,443,52783,,forward,20260823_150110_web_001_9490,Web
1787477484.632529,1366,4,UDP,443,52783,,forward,20260823_150110_web_001_9490,Web
1787477484.632529,1366,4,UDP,443,52783,,forward,20260823_150110_web_001_9490,Web
1787477484.632529,1366,4,UDP,443,52783,,forward,20260823_150110_web_001_9490,Web
1787477484.632529,1366,4,UDP,443,52783,,forward,20260823_150110_web_001_9490,Web
1787477484.632529,1366,4,UDP,443,52783,,forward,20260823_150110_web_001_9490,Web
1787477484.632529,1366,4,UDP,443,52783,,forward,20260823_150110_web_001_9490,Web
1787477484.632529,1366,4,UDP,443,52783,,forward,20260823_150110_web_001_9490,Web
1787477484.632529,1366,4,UDP,443,52783,,forward,20260823_150110_web_001_9490,Web
1787477484.632529,1366,4,UDP,443,52783,,forward,20260823_150110_web_001_9490,Web
1787477484.632529,1366,4,UDP,443,52783,,forward,20260823_150110_web_001_9490,Web
1787477484.632529,1366,4,UDP,443,52783,,forward,20260823_150110_web_001_9490,Web
1787477484.632529,1366,4,UDP,443,52783,,forward,20260823_150110_web_001_9490,Web
1787477484.632529,1366,4,UDP,443,52783,,forward,20260823_150110_web_001_9490,Web
1787477484.632529,1366,4,UDP,443,52783,,forward,20260823_150110_web_001_9490,Web
1787477484.632529,1366,4,UDP,443,52783,,forward,20260823_150110_web_001_9490,Web
1787477484.632529,1366,4,UDP,443,52783,,forward,20260823_150110_web_001_9490,Web
1787477484.632529,1366,4,UDP,443,52783,,forward,20260823_150110_web_001_9490,Web
1787477484.632529,1366,4,UDP,443,52783,,forward,20260823_150110_web_001_9490,Web
1787477484.632529,89,4,UDP,443,52783,,forward,20260823_150110_web_001_9490,Web
1787477484.632529,1366,4,UDP,443,52783,,forward,20260823_150110_web_001_9490,Web
1787477484.632529,373,4,UDP,443,52783,,forward,20260823_150110_web_001_9490,Web
1787477484.63276,305,4,UDP,52783,443,,forward,20260823_150110_web_001_9490,Web
1787477484.632819,215,4,UDP,52783,443,,forward,20260823_150110_web_001_9490,Web
1787477484.632849,125,4,UDP,52783,443,,forward,20260823_150110_web_001_9490,Web
1787477484.632874,125,4,UDP,52783,443,,forward,20260823_150110_web_001_9490,Web
1787477484.632898,125,4,UDP,52783,443,,forward,20260823_150110_web_001_9490,Web
1787477484.632923,125,4,UDP,52783,443,,forward,20260823_150110_web_001_9490,Web
1787477484.632971,215,4,UDP,52783,443,,forward,20260823_150110_web_001_9490,Web
1787477484.633072,89,4,UDP,52783,443,,forward,20260823_150110_web_001_9490,Web
1787477484.633132,89,4,UDP,52783,443,,forward,20260823_150110_web_001_9490,Web
1787477484.633189,89,4,UDP,52783,443,,forward,20260823_150110_web_001_9490,Web
1787477484.633229,440,4,UDP,52783,443,,forward,20260823_150110_web_001_9490,Web
1787477484.633261,170,4,UDP,52783,443,,forward,20260823_150110_web_001_9490,Web
1787477484.633293,125,4,UDP,52783,443,,forward,20260823_150110_web_001_9490,Web
1787477484.633323,170,4,UDP,52783,443,,forward,20260823_150110_web_001_9490,Web
1787477484.633351,125,4,UDP,52783,443,,forward,20260823_150110_web_001_9490,Web
1787477484.633385,170,4,UDP,52783,443,,forward,20260823_150110_web_001_9490,Web
1787477484.633419,125,4,UDP,52783,443,,forward,20260823_150110_web_001_9490,Web
1787477484.633451,170,4,UDP,52783,443,,forward,20260823_150110_web_001_9490,Web
1787477484.633486,125,4,UDP,52783,443,,forward,20260823_150110_web_001_9490,Web
1787477484.633536,170,4,UDP,52783,443,,forward,20260823_150110_web_001_9490,Web
1787477484.633586,215,4,UDP,52783,443,,forward,20260823_150110_web_001_9490,Web
1787477484.633622,170,4,UDP,52783,443,,forward,20260823_150110_web_001_9490,Web
1787477484.633655,170,4,UDP,52783,443,,forward,20260823_150110_web_001_9490,Web
1787477484.633689,125,4,UDP,52783,443,,forward,20260823_150110_web_001_9490,Web
1787477484.633721,170,4,UDP,52783,443,,forward,20260823_150110_web_001_9490,Web
1787477484.633753,125,4,UDP,52783,443,,forward,20260823_150110_web_001_9490,Web
1787477484.633786,125,4,UDP,52783,443,,forward,20260823_150110_web_001_9490,Web
1787477484.643457,1206,4,UDP,443,52783,,forward,20260823_150110_web_001_9490,Web
1787477484.644852,89,4,UDP,52783,443,,forward,20260823_150110_web_001_9490,Web
1787477484.658353,89,4,UDP,443,52783,,forward,20260823_150110_web_001_9490,Web
1787477484.658353,89,4,UDP,443,52783,,forward,20260823_150110_web_001_9490,Web
1787477484.664968,879,4,UDP,52783,443,,forward,20260823_150110_web_001_9490,Web
1787477484.673812,172,4,UDP,52783,443,,forward,20260823_150110_web_001_9490,Web
1787477484.688401,88,4,UDP,443,52783,,forward,20260823_150110_web_001_9490,Web
1787477484.688401,88,4,UDP,443,52783,,forward,20260823_150110_web_001_9490,Web
1787477484.688401,88,4,UDP,443,52783,,forward,20260823_150110_web_001_9490,Web
1787477484.688401,88,4,UDP,443,52783,,forward,20260823_150110_web_001_9490,Web
1787477484.688401,89,4,UDP,443,52783,,forward,20260823_150110_web_001_9490,Web
1787477484.688464,125,4,UDP,52783,443,,forward,20260823_150110_web_001_9490,Web
1787477484.702515,187,4,UDP,52783,443,,forward,20260823_150110_web_001_9490,Web
1787477484.702596,1365,4,UDP,52783,443,,forward,20260823_150110_web_001_9490,Web
1787477484.702611,202,4,UDP,52783,443,,forward,20260823_150110_web_001_9490,Web
1787477484.715908,89,4,UDP,443,52783,,forward,20260823_150110_web_001_9490,Web
1787477484.715908,145,4,UDP,443,52783,,forward,20260823_150110_web_001_9490,Web
1787477484.716124,88,4,UDP,52783,443,,forward,20260823_150110_web_001_9490,Web
1787477484.728878,145,4,UDP,52783,443,,forward,20260823_150110_web_001_9490,Web
1787477484.729027,170,4,UDP,52783,443,,forward,20260823_150110_web_001_9490,Web
1787477484.729128,145,4,UDP,52783,443,,forward,20260823_150110_web_001_9490,Web
1787477484.733943,89,4,UDP,443,52783,,forward,20260823_150110_web_001_9490,Web
1787477484.741509,145,4,UDP,52783,443,,forward,20260823_150110_web_001_9490,Web
1787477484.741616,170,4,UDP,52783,443,,forward,20260823_150110_web_001_9490,Web
1787477484.741854,190,4,UDP,52783,443,,forward,20260823_150110_web_001_9490,Web
1787477484.741983,145,4,UDP,52783,443,,forward,20260823_150110_web_001_9490,Web
1787477484.742036,145,4,UDP,52783,443,,forward,20260823_150110_web_001_9490,Web
1787477484.747158,89,4,UDP,443,52783,,forward,20260823_150110_web_001_9490,Web
1787477484.765106,89,4,UDP,443,52783,,forward,20260823_150110_web_001_9490,Web
1787477484.765106,215,4,UDP,443,52783,,forward,20260823_150110_web_001_9490,Web
1787477484.765345,88,4,UDP,52783,443,,forward,20260823_150110_web_001_9490,Web
1787477484.779512,88,4,UDP,443,52783,,forward,20260823_150110_web_001_9490,Web
1787477484.779512,145,4,UDP,443,52783,,forward,20260823_150110_web_001_9490,Web
1787477484.779512,125,4,UDP,443,52783,,forward,20260823_150110_web_001_9490,Web
1787477484.779512,145,4,UDP,443,52783,,forward,20260823_150110_web_001_9490,Web
1787477484.779756,88,4,UDP,52783,443,,forward,20260823_150110_web_001_9490,Web
1787477484.779952,210,4,UDP,52783,443,,forward,20260823_150110_web_001_9490,Web
1787477484.788375,88,4,UDP,443,52783,,forward,20260823_150110_web_001_9490,Web
1787477484.788375,88,4,UDP,443,52783,,forward,20260823_150110_web_001_9490,Web
1787477484.78874,145,4,UDP,443,52783,,forward,20260823_150110_web_001_9490,Web
1787477484.78874,145,4,UDP,443,52783,,forward,20260823_150110_web_001_9490,Web
1787477484.788877,88,4,UDP,52783,443,,forward,20260823_150110_web_001_9490,Web
1787477484.789066,145,4,UDP,52783,443,,forward,20260823_150110_web_001_9490,Web
1787477484.789106,255,4,UDP,443,52783,,forward,20260823_150110_web_001_9490,Web
1787477484.789106,125,4,UDP,443,52783,,forward,20260823_150110_web_001_9490,Web
1787477484.78912,145,4,UDP,52783,443,,forward,20260823_150110_web_001_9490,Web
1787477484.789225,88,4,UDP,52783,443,,forward,20260823_150110_web_001_9490,Web
1787477484.78932,210,4,UDP,52783,443,,forward,20260823_150110_web_001_9490,Web
1787477484.789389,125,4,UDP,52783,443,,forward,20260823_150110_web_001_9490,Web
1787477484.812775,181,4,UDP,443,52783,,forward,20260823_150110_web_001_9490,Web
1787477484.813052,88,4,UDP,52783,443,,forward,20260823_150110_web_001_9490,Web
1787477484.829523,88,4,UDP,443,52783,,forward,20260823_150110_web_001_9490,Web
1787477484.84296,88,4,UDP,443,52783,,forward,20260823_150110_web_001_9490,Web
1787477484.909855,1365,4,UDP,52783,443,,forward,20260823_150110_web_001_9490,Web
1787477484.909944,1365,4,UDP,52783,443,,forward,20260823_150110_web_001_9490,Web
1787477484.909969,1365,4,UDP,52783,443,,forward,20260823_150110_web_001_9490,Web
1787477484.909989,1365,4,UDP,52783,443,,forward,20260823_150110_web_001_9490,Web
1787477484.910008,1365,4,UDP,52783,443,,forward,20260823_150110_web_001_9490,Web
1787477484.910028,1365,4,UDP,52783,443,,forward,20260823_150110_web_001_9490,Web
1787477484.910047,1365,4,UDP,52783,443,,forward,20260823_150110_web_001_9490,Web
1787477484.910066,1365,4,UDP,52783,443,,forward,20260823_150110_web_001_9490,Web
1787477484.91009,1365,4,UDP,52783,443,,forward,20260823_150110_web_001_9490,Web
1787477484.910111,1365,4,UDP,52783,443,,forward,20260823_150110_web_001_9490,Web
1787477484.910172,1365,4,UDP,52783,443,,forward,20260823_150110_web_001_9490,Web
1787477484.910301,1365,4,UDP,52783,443,,forward,20260823_150110_web_001_9490,Web
1787477484.910343,1365,4,UDP,52783,443,,forward,20260823_150110_web_001_9490,Web
1787477484.910365,691,4,UDP,52783,443,,forward,20260823_150110_web_001_9490,Web
1787477484.91039,1365,4,UDP,52783,443,,forward,20260823_150110_web_001_9490,Web
1787477484.910412,181,4,UDP,52783,443,,forward,20260823_150110_web_001_9490,Web
1787477484.968732,88,4,UDP,443,52783,,forward,20260823_150110_web_001_9490,Web
1787477484.968732,88,4,UDP,443,52783,,forward,20260823_150110_web_001_9490,Web
1787477484.968732,88,4,UDP,443,52783,,forward,20260823_150110_web_001_9490,Web
1787477484.968732,145,4,UDP,443,52783,,forward,20260823_150110_web_001_9490,Web
1787477484.968732,88,4,UDP,443,52783,,forward,20260823_150110_web_001_9490,Web
1787477484.968732,145,4,UDP,443,52783,,forward,20260823_150110_web_001_9490,Web
1787477484.968732,210,4,UDP,443,52783,,forward,20260823_150110_web_001_9490,Web
1787477484.968732,88,4,UDP,443,52783,,forward,20260823_150110_web_001_9490,Web
1787477484.968732,88,4,UDP,443,52783,,forward,20260823_150110_web_001_9490,Web
1787477484.968732,88,4,UDP,443,52783,,forward,20260823_150110_web_001_9490,Web
1787477484.968732,145,4,UDP,443,52783,,forward,20260823_150110_web_001_9490,Web
1787477484.968732,145,4,UDP,443,52783,,forward,20260823_150110_web_001_9490,Web
1787477484.968732,210,4,UDP,443,52783,,forward,20260823_150110_web_001_9490,Web
1787477484.969086,88,4,UDP,52783,443,,forward,20260823_150110_web_001_9490,Web
1787477484.969179,160,4,UDP,52783,443,,forward,20260823_150110_web_001_9490,Web
1787477484.981715,199,4,UDP,443,52783,,forward,20260823_150110_web_001_9490,Web
1787477484.981939,88,4,UDP,52783,443,,forward,20260823_150110_web_001_9490,Web
1787477484.982748,125,4,UDP,52783,443,,forward,20260823_150110_web_001_9490,Web
1787477485.030234,88,4,UDP,443,52783,,forward,20260823_150110_web_001_9490,Web
1787477485.030234,125,4,UDP,443,52783,,forward,20260823_150110_web_001_9490,Web
1787477485.030234,88,4,UDP,443,52783,,forward,20260823_150110_web_001_9490,Web
1787477485.030234,125,4,UDP,443,52783,,forward,20260823_150110_web_001_9490,Web
1787477485.030463,88,4,UDP,52783,443,,forward,20260823_150110_web_001_9490,Web
1787477485.030652,125,4,UDP,52783,443,,forward,20260823_150110_web_001_9490,Web
1787477485.047338,653,4,UDP,443,52783,,forward,20260823_150110_web_001_9490,Web
1787477485.047552,88,4,UDP,52783,443,,forward,20260823_150110_web_001_9490,Web
1787477485.080348,88,4,UDP,443,52783,,forward,20260823_150110_web_001_9490,Web
1787477485.093729,145,4,UDP,52783,443,,forward,20260823_150110_web_001_9490,Web
1787477485.140973,1014,4,UDP,443,52783,,forward,20260823_150110_web_001_9490,Web
1787477485.141268,88,4,UDP,52783,443,,forward,20260823_150110_web_001_9490,Web
1787477485.145891,88,4,UDP,443,52783,,forward,20260823_150110_web_001_9490,Web
1787477485.145891,176,4,UDP,443,52783,,forward,20260823_150110_web_001_9490,Web
1787477485.146118,88,4,UDP,52783,443,,forward,20260823_150110_web_001_9490,Web
1787477485.147309,239,4,UDP,52783,443,,forward,20260823_150110_web_001_9490,Web
1787477485.187259,145,4,UDP,52783,443,,forward,20260823_150110_web_001_9490,Web
1787477485.200131,88,4,UDP,443,52783,,forward,20260823_150110_web_001_9490,Web
1787477485.200131,145,4,UDP,443,52783,,forward,20260823_150110_web_001_9490,Web
1787477485.200331,88,4,UDP,52783,443,,forward,20260823_150110_web_001_9490,Web
1787477485.24537,88,4,UDP,443,52783,,forward,20260823_150110_web_001_9490,Web
1787477485.343654,1225,4,UDP,52783,443,,forward,20260823_150110_web_001_9490,Web
1787477485.403331,88,4,UDP,443,52783,,forward,20260823_150110_web_001_9490,Web
1787477485.403331,145,4,UDP,443,52783,,forward,20260823_150110_web_001_9490,Web
1787477485.403648,88,4,UDP,52783,443,,forward,20260823_150110_web_001_9490,Web
1787477485.48057,278,4,UDP,443,52783,,forward,20260823_150110_web_001_9490,Web
1787477485.480802,88,4,UDP,52783,443,,forward,20260823_150110_web_001_9490,Web
1787477485.529356,145,4,UDP,52783,443,,forward,20260823_150110_web_001_9490,Web
1787477485.580136,88,4,UDP,443,52783,,forward,20260823_150110_web_001_9490,Web
1787477485.638673,165,4,UDP,443,52783,,forward,20260823_150110_web_001_9490,Web
1787477485.638906,88,4,UDP,52783,443,,forward,20260823_150110_web_001_9490,Web
1787477485.653906,166,4,UDP,52783,443,,forward,20260823_150110_web_001_9490,Web
1787477485.668654,209,4,UDP,443,52783,,forward,20260823_150110_web_001_9490,Web
1787477485.668911,88,4,UDP,52783,443,,forward,20260823_150110_web_001_9490,Web
1787477485.699594,574,4,UDP,443,52783,,forward,20260823_150110_web_001_9490,Web
1787477485.70009,88,4,UDP,52783,443,,forward,20260823_150110_web_001_9490,Web
1787477485.711116,88,4,UDP,443,52783,,forward,20260823_150110_web_001_9490,Web
1787477485.715291,145,4,UDP,52783,443,,forward,20260823_150110_web_001_9490,Web
1787477485.730155,145,4,UDP,443,52783,,forward,20260823_150110_web_001_9490,Web
1787477485.730436,88,4,UDP,52783,443,,forward,20260823_150110_web_001_9490,Web
1787477485.730635,145,4,UDP,52783,443,,forward,20260823_150110_web_001_9490,Web
1787477485.731508,234,4,UDP,52783,443,,forward,20260823_150110_web_001_9490,Web
1787477485.751597,125,4,UDP,52783,443,,forward,20260823_150110_web_001_9490,Web
1787477485.777453,88,4,UDP,443,52783,,forward,20260823_150110_web_001_9490,Web
1787477485.793471,88,4,UDP,443,52783,,forward,20260823_150110_web_001_9490,Web
1787477485.793471,210,4,UDP,443,52783,,forward,20260823_150110_web_001_9490,Web
1787477485.793708,88,4,UDP,52783,443,,forward,20260823_150110_web_001_9490,Web
1787477485.80902,88,4,UDP,443,52783,,forward,20260823_150110_web_001_9490,Web
1787477485.818562,641,4,UDP,52783,443,,forward,20260823_150110_web_001_9490,Web
1787477485.871521,88,4,UDP,443,52783,,forward,20260823_150110_web_001_9490,Web
1787477485.871521,145,4,UDP,443,52783,,forward,20260823_150110_web_001_9490,Web
1787477485.871761,88,4,UDP,52783,443,,forward,20260823_150110_web_001_9490,Web
1787477486.155763,209,4,UDP,443,52783,,forward,20260823_150110_web_001_9490,Web
1787477486.156231,88,4,UDP,52783,443,,forward,20260823_150110_web_001_9490,Web
1787477486.201881,145,4,UDP,52783,443,,forward,20260823_150110_web_001_9490,Web
1787477486.258235,88,4,UDP,443,52783,,forward,20260823_150110_web_001_9490,Web
1787477486.263279,125,4,UDP,443,52783,,forward,20260823_150110_web_001_9490,Web
1787477486.263279,125,4,UDP,443,52783,,forward,20260823_150110_web_001_9490,Web
1787477486.263666,88,4,UDP,52783,443,,forward,20260823_150110_web_001_9490,Web
1787477486.26381,170,4,UDP,52783,443,,forward,20260823_150110_web_001_9490,Web
1787477486.324502,88,4,UDP,443,52783,,forward,20260823_150110_web_001_9490,Web
1787477486.348253,490,4,UDP,52783,443,,forward,20260823_150110_web_001_9490,Web
1787477486.348346,1337,4,UDP,52783,443,,forward,20260823_150110_web_001_9490,Web
1787477486.400794,88,4,UDP,443,52783,,forward,20260823_150110_web_001_9490,Web
1787477486.460647,181,4,UDP,443,52783,,forward,20260823_150110_web_001_9490,Web
1787477486.460919,88,4,UDP,52783,443,,forward,20260823_150110_web_001_9490,Web
1787477486.496004,168,4,UDP,52783,443,,forward,20260823_150110_web_001_9490,Web
1787477486.543102,88,4,UDP,443,52783,,forward,20260823_150110_web_001_9490,Web
1787477486.656567,1173,4,UDP,443,52783,,forward,20260823_150110_web_001_9490,Web
1787477486.656811,88,4,UDP,52783,443,,forward,20260823_150110_web_001_9490,Web
1787477486.669684,181,4,UDP,443,52783,,forward,20260823_150110_web_001_9490,Web
1787477486.670691,88,4,UDP,52783,443,,forward,20260823_150110_web_001_9490,Web
1787477486.670769,174,4,UDP,52783,443,,forward,20260823_150110_web_001_9490,Web
1787477486.70008,168,4,UDP,52783,443,,forward,20260823_150110_web_001_9490,Web
1787477486.722091,88,4,UDP,443,52783,,forward,20260823_150110_web_001_9490,Web
1787477486.747122,88,4,UDP,443,52783,,forward,20260823_150110_web_001_9490,Web
1787477486.809669,181,4,UDP,443,52783,,forward,20260823_150110_web_001_9490,Web
1787477486.809928,88,4,UDP,52783,443,,forward,20260823_150110_web_001_9490,Web
1787477487.346665,574,4,UDP,443,52783,,forward,20260823_150110_web_001_9490,Web
1787477487.34702,88,4,UDP,52783,443,,forward,20260823_150110_web_001_9490,Web
1787477487.39412,125,4,UDP,52783,443,,forward,20260823_150110_web_001_9490,Web
1787477487.440193,88,4,UDP,443,52783,,forward,20260823_150110_web_001_9490,Web
1787477488.028483,84,4,UDP,52783,443,,forward,20260823_150110_web_001_9490,Web
1787477488.09035,88,4,UDP,443,52783,,forward,20260823_150110_web_001_9490,Web
1787477488.642284,145,4,UDP,443,52783,,forward,20260823_150110_web_001_9490,Web
1787477488.642691,88,4,UDP,52783,443,,forward,20260823_150110_web_001_9490,Web
1787477488.643152,145,4,UDP,52783,443,,forward,20260823_150110_web_001_9490,Web
1787477488.68925,88,4,UDP,443,52783,,forward,20260823_150110_web_001_9490,Web
1787477488.830292,145,4,UDP,443,52783,,forward,20260823_150110_web_001_9490,Web
1787477488.830688,88,4,UDP,52783,443,,forward,20260823_150110_web_001_9490,Web
1787477488.831111,145,4,UDP,52783,443,,forward,20260823_150110_web_001_9490,Web
1787477488.888567,88,4,UDP,443,52783,,forward,20260823_150110_web_001_9490,Web
1787477489.335373,145,4,UDP,443,52783,,forward,20260823_150110_web_001_9490,Web
1787477489.335564,88,4,UDP,52783,443,,forward,20260823_150110_web_001_9490,Web
1787477489.3357,145,4,UDP,52783,443,,forward,20260823_150110_web_001_9490,Web
1787477489.383145,88,4,UDP,443,52783,,forward,20260823_150110_web_001_9490,Web
1787477489.589408,117,4,UDP,52783,443,,forward,20260823_150110_web_001_9490,Web
1787477489.589522,344,4,UDP,52783,443,,forward,20260823_150110_web_001_9490,Web
1787477489.651726,88,4,UDP,443,52783,,forward,20260823_150110_web_001_9490,Web
1787477489.651726,508,4,UDP,443,52783,,forward,20260823_150110_web_001_9490,Web
1787477489.651963,88,4,UDP,52783,443,,forward,20260823_150110_web_001_9490,Web
1787477489.824743,169,4,UDP,443,52783,,forward,20260823_150110_web_001_9490,Web
1787477489.825573,88,4,UDP,52783,443,,forward,20260823_150110_web_001_9490,Web
1787477489.826411,173,4,UDP,52783,443,,forward,20260823_150110_web_001_9490,Web
1787477489.856753,145,4,UDP,443,52783,,forward,20260823_150110_web_001_9490,Web
1787477489.856994,88,4,UDP,52783,443,,forward,20260823_150110_web_001_9490,Web
1787477489.857121,145,4,UDP,52783,443,,forward,20260823_150110_web_001_9490,Web
1787477489.888037,88,4,UDP,443,52783,,forward,20260823_150110_web_001_9490,Web
1787477489.888037,145,4,UDP,443,52783,,forward,20260823_150110_web_001_9490,Web
1787477489.888308,88,4,UDP,52783,443,,forward,20260823_150110_web_001_9490,Web
1787477489.918537,88,4,UDP,443,52783,,forward,20260823_150110_web_001_9490,Web
1787477489.918537,145,4,UDP,443,52783,,forward,20260823_150110_web_001_9490,Web
1787477489.918776,88,4,UDP,52783,443,,forward,20260823_150110_web_001_9490,Web
1787477489.918897,145,4,UDP,52783,443,,forward,20260823_150110_web_001_9490,Web
1787477489.980526,88,4,UDP,443,52783,,forward,20260823_150110_web_001_9490,Web
1787477490.373983,125,4,UDP,443,52783,,forward,20260823_150110_web_001_9490,Web
1787477490.374388,88,4,UDP,52783,443,,forward,20260823_150110_web_001_9490,Web
1787477490.374565,125,4,UDP,52783,443,,forward,20260823_150110_web_001_9490,Web
1787477490.424461,88,4,UDP,443,52783,,forward,20260823_150110_web_001_9490,Web
1787477490.884389,146,4,UDP,52783,443,,forward,20260823_150110_web_001_9490,Web
1787477490.940792,88,4,UDP,443,52783,,forward,20260823_150110_web_001_9490,Web
1787477490.940792,157,4,UDP,443,52783,,forward,20260823_150110_web_001_9490,Web
1787477490.941037,88,4,UDP,52783,443,,forward,20260823_150110_web_001_9490,Web
1787477492.020131,84,4,UDP,52783,443,,forward,20260823_150110_web_001_9490,Web
1787477492.083081,88,4,UDP,443,52783,,forward,20260823_150110_web_001_9490,Web
1787477492.162573,145,4,UDP,443,52783,,forward,20260823_150110_web_001_9490,Web
1787477492.163057,88,4,UDP,52783,443,,forward,20260823_150110_web_001_9490,Web
1787477492.164122,145,4,UDP,52783,443,,forward,20260823_150110_web_001_9490,Web
1787477492.225093,88,4,UDP,443,52783,,forward,20260823_150110_web_001_9490,Web
1787477492.360928,171,4,UDP,52783,443,,forward,20260823_150110_web_001_9490,Web
1787477492.362048,171,4,UDP,52783,443,,forward,20260823_150110_web_001_9490,Web
1787477492.362348,262,4,UDP,52783,443,,forward,20260823_150110_web_001_9490,Web
1787477492.413405,145,4,UDP,443,52783,,forward,20260823_150110_web_001_9490,Web
1787477492.413405,88,4,UDP,443,52783,,forward,20260823_150110_web_001_9490,Web
1787477492.413682,88,4,UDP,52783,443,,forward,20260823_150110_web_001_9490,Web
1787477492.413845,145,4,UDP,52783,443,,forward,20260823_150110_web_001_9490,Web
1787477492.429171,425,4,UDP,443,52783,,forward,20260823_150110_web_001_9490,Web
1787477492.429171,187,4,UDP,443,52783,,forward,20260823_150110_web_001_9490,Web
1787477492.429526,88,4,UDP,52783,443,,forward,20260823_150110_web_001_9490,Web
1787477492.429593,171,4,UDP,52783,443,,forward,20260823_150110_web_001_9490,Web
1787477492.429685,171,4,UDP,52783,443,,forward,20260823_150110_web_001_9490,Web
1787477492.429967,171,4,UDP,52783,443,,forward,20260823_150110_web_001_9490,Web
1787477492.430024,171,4,UDP,52783,443,,forward,20260823_150110_web_001_9490,Web
1787477492.431595,157,4,UDP,52783,443,,forward,20260823_150110_web_001_9490,Web
1787477492.476242,88,4,UDP,443,52783,,forward,20260823_150110_web_001_9490,Web
1787477492.476242,88,4,UDP,443,52783,,forward,20260823_150110_web_001_9490,Web
1787477492.479246,187,4,UDP,443,52783,,forward,20260823_150110_web_001_9490,Web
1787477492.479246,187,4,UDP,443,52783,,forward,20260823_150110_web_001_9490,Web
1787477492.479246,199,4,UDP,443,52783,,forward,20260823_150110_web_001_9490,Web
1787477492.479246,199,4,UDP,443,52783,,forward,20260823_150110_web_001_9490,Web
1787477492.479482,88,4,UDP,52783,443,,forward,20260823_150110_web_001_9490,Web
1787477492.49227,88,4,UDP,443,52783,,forward,20260823_150110_web_001_9490,Web
1787477492.49227,157,4,UDP,443,52783,,forward,20260823_150110_web_001_9490,Web
1787477492.492472,88,4,UDP,52783,443,,forward,20260823_150110_web_001_9490,Web
1787477492.492829,145,4,UDP,52783,443,,forward,20260823_150110_web_001_9490,Web
1787477492.495864,783,4,UDP,52783,443,,forward,20260823_150110_web_001_9490,Web
1787477492.554287,88,4,UDP,443,52783,,forward,20260823_150110_web_001_9490,Web
1787477492.554287,145,4,UDP,443,52783,,forward,20260823_150110_web_001_9490,Web
1787477492.554287,348,4,UDP,443,52783,,forward,20260823_150110_web_001_9490,Web
1787477492.5545,88,4,UDP,52783,443,,forward,20260823_150110_web_001_9490,Web
1787477492.554811,145,4,UDP,52783,443,,forward,20260823_150110_web_001_9490,Web
1787477492.576769,209,4,UDP,52783,443,,forward,20260823_150110_web_001_9490,Web
1787477492.576999,736,4,UDP,52783,443,,forward,20260823_150110_web_001_9490,Web
1787477492.615996,88,4,UDP,443,52783,,forward,20260823_150110_web_001_9490,Web
1787477492.627975,88,4,UDP,443,52783,,forward,20260823_150110_web_001_9490,Web
1787477492.627975,88,4,UDP,443,52783,,forward,20260823_150110_web_001_9490,Web
1787477492.627975,145,4,UDP,443,52783,,forward,20260823_150110_web_001_9490,Web
1787477492.627975,322,4,UDP,443,52783,,forward,20260823_150110_web_001_9490,Web
1787477492.628242,88,4,UDP,52783,443,,forward,20260823_150110_web_001_9490,Web
1787477492.628661,145,4,UDP,52783,443,,forward,20260823_150110_web_001_9490,Web
1787477492.676731,88,4,UDP,443,52783,,forward,20260823_150110_web_001_9490,Web
1787477492.676731,846,4,UDP,443,52783,,forward,20260823_150110_web_001_9490,Web
1787477492.67697,88,4,UDP,52783,443,,forward,20260823_150110_web_001_9490,Web
1787477492.677285,145,4,UDP,52783,443,,forward,20260823_150110_web_001_9490,Web
1787477492.726254,88,4,UDP,443,52783,,forward,20260823_150110_web_001_9490,Web
1787477492.782734,736,4,UDP,52783,443,,forward,20260823_150110_web_001_9490,Web
1787477492.836792,88,4,UDP,443,52783,,forward,20260823_150110_web_001_9490,Web
1787477492.836792,815,4,UDP,443,52783,,forward,20260823_150110_web_001_9490,Web
1787477492.837235,88,4,UDP,52783,443,,forward,20260823_150110_web_001_9490,Web
1787477492.837691,145,4,UDP,52783,443,,forward,20260823_150110_web_001_9490,Web
1787477492.870017,736,4,UDP,52783,443,,forward,20260823_150110_web_001_9490,Web
1787477492.899119,88,4,UDP,443,52783,,forward,20260823_150110_web_001_9490,Web
1787477492.930625,88,4,UDP,443,52783,,forward,20260823_150110_web_001_9490,Web
1787477492.930625,125,4,UDP,443,52783,,forward,20260823_150110_web_001_9490,Web
1787477492.930625,816,4,UDP,443,52783,,forward,20260823_150110_web_001_9490,Web
1787477492.930956,88,4,UDP,52783,443,,forward,20260823_150110_web_001_9490,Web
1787477492.931088,125,4,UDP,52783,443,,forward,20260823_150110_web_001_9490,Web
1787477492.931323,145,4,UDP,52783,443,,forward,20260823_150110_web_001_9490,Web
1787477492.980161,171,4,UDP,52783,443,,forward,20260823_150110_web_001_9490,Web
1787477492.981108,353,4,UDP,52783,443,,forward,20260823_150110_web_001_9490,Web
1787477492.991377,88,4,UDP,443,52783,,forward,20260823_150110_web_001_9490,Web
1787477493.037849,88,4,UDP,443,52783,,forward,20260823_150110_web_001_9490,Web
1787477493.037849,187,4,UDP,443,52783,,forward,20260823_150110_web_001_9490,Web
1787477493.037849,88,4,UDP,443,52783,,forward,20260823_150110_web_001_9490,Web
1787477493.037849,187,4,UDP,443,52783,,forward,20260823_150110_web_001_9490,Web
1787477493.037849,199,4,UDP,443,52783,,forward,20260823_150110_web_001_9490,Web
1787477493.037849,199,4,UDP,443,52783,,forward,20260823_150110_web_001_9490,Web
1787477493.038223,88,4,UDP,52783,443,,forward,20260823_150110_web_001_9490,Web
1787477493.040329,157,4,UDP,52783,443,,forward,20260823_150110_web_001_9490,Web
1787477493.100854,88,4,UDP,443,52783,,forward,20260823_150110_web_001_9490,Web
1787477493.100854,157,4,UDP,443,52783,,forward,20260823_150110_web_001_9490,Web
1787477493.101095,88,4,UDP,52783,443,,forward,20260823_150110_web_001_9490,Web
1787477493.102096,145,4,UDP,52783,443,,forward,20260823_150110_web_001_9490,Web
1787477493.104361,783,4,UDP,52783,443,,forward,20260823_150110_web_001_9490,Web
1787477493.116988,146,4,UDP,52783,443,,forward,20260823_150110_web_001_9490,Web
1787477493.163372,88,4,UDP,443,52783,,forward,20260823_150110_web_001_9490,Web
1787477493.163372,145,4,UDP,443,52783,,forward,20260823_150110_web_001_9490,Web
1787477493.163372,348,4,UDP,443,52783,,forward,20260823_150110_web_001_9490,Web
1787477493.163372,88,4,UDP,443,52783,,forward,20260823_150110_web_001_9490,Web
1787477493.163372,157,4,UDP,443,52783,,forward,20260823_150110_web_001_9490,Web
1787477493.163614,88,4,UDP,52783,443,,forward,20260823_150110_web_001_9490,Web
1787477493.164146,145,4,UDP,52783,443,,forward,20260823_150110_web_001_9490,Web
1787477493.170421,209,4,UDP,52783,443,,forward,20260823_150110_web_001_9490,Web
1787477493.170645,736,4,UDP,52783,443,,forward,20260823_150110_web_001_9490,Web
1787477493.223943,88,4,UDP,443,52783,,forward,20260823_150110_web_001_9490,Web
1787477493.223943,88,4,UDP,443,52783,,forward,20260823_150110_web_001_9490,Web
1787477493.223943,88,4,UDP,443,52783,,forward,20260823_150110_web_001_9490,Web
1787477493.223943,145,4,UDP,443,52783,,forward,20260823_150110_web_001_9490,Web
1787477493.223943,322,4,UDP,443,52783,,forward,20260823_150110_web_001_9490,Web
1787477493.224342,88,4,UDP,52783,443,,forward,20260823_150110_web_001_9490,Web
1787477493.224988,145,4,UDP,52783,443,,forward,20260823_150110_web_001_9490,Web
1787477493.270872,88,4,UDP,443,52783,,forward,20260823_150110_web_001_9490,Web
1787477493.285938,847,4,UDP,443,52783,,forward,20260823_150110_web_001_9490,Web
1787477493.286142,88,4,UDP,52783,443,,forward,20260823_150110_web_001_9490,Web
1787477493.287576,145,4,UDP,52783,443,,forward,20260823_150110_web_001_9490,Web
1787477493.330778,736,4,UDP,52783,443,,forward,20260823_150110_web_001_9490,Web
1787477493.339553,88,4,UDP,443,52783,,forward,20260823_150110_web_001_9490,Web
1787477493.37959,88,4,UDP,443,52783,,forward,20260823_150110_web_001_9490,Web
1787477493.380636,194,4,UDP,52783,443,,forward,20260823_150110_web_001_9490,Web
1787477493.395651,816,4,UDP,443,52783,,forward,20260823_150110_web_001_9490,Web
1787477493.395834,88,4,UDP,52783,443,,forward,20260823_150110_web_001_9490,Web
1787477493.396077,145,4,UDP,52783,443,,forward,20260823_150110_web_001_9490,Web
1787477493.421839,736,4,UDP,52783,443,,forward,20260823_150110_web_001_9490,Web
1787477493.438179,88,4,UDP,443,52783,,forward,20260823_150110_web_001_9490,Web
1787477493.438179,145,4,UDP,443,52783,,forward,20260823_150110_web_001_9490,Web
1787477493.438421,88,4,UDP,52783,443,,forward,20260823_150110_web_001_9490,Web
1787477493.458157,88,4,UDP,443,52783,,forward,20260823_150110_web_001_9490,Web
1787477493.473149,88,4,UDP,443,52783,,forward,20260823_150110_web_001_9490,Web
1787477493.473149,815,4,UDP,443,52783,,forward,20260823_150110_web_001_9490,Web
1787477493.473438,88,4,UDP,52783,443,,forward,20260823_150110_web_001_9490,Web
1787477493.473683,145,4,UDP,52783,443,,forward,20260823_150110_web_001_9490,Web
1787477493.502455,734,4,UDP,52783,443,,forward,20260823_150110_web_001_9490,Web
1787477493.534229,88,4,UDP,443,52783,,forward,20260823_150110_web_001_9490,Web
1787477493.564239,88,4,UDP,443,52783,,forward,20260823_150110_web_001_9490,Web
1787477493.564239,183,4,UDP,443,52783,,forward,20260823_150110_web_001_9490,Web
1787477493.564239,815,4,UDP,443,52783,,forward,20260823_150110_web_001_9490,Web
1787477493.56467,88,4,UDP,52783,443,,forward,20260823_150110_web_001_9490,Web
1787477493.565256,145,4,UDP,52783,443,,forward,20260823_150110_web_001_9490,Web
1787477493.593928,736,4,UDP,52783,443,,forward,20260823_150110_web_001_9490,Web
1787477493.61086,145,4,UDP,52783,443,,forward,20260823_150110_web_001_9490,Web
1787477493.62677,88,4,UDP,443,52783,,forward,20260823_150110_web_001_9490,Web
1787477493.657743,88,4,UDP,443,52783,,forward,20260823_150110_web_001_9490,Web
1787477493.657743,816,4,UDP,443,52783,,forward,20260823_150110_web_001_9490,Web
1787477493.65797,88,4,UDP,52783,443,,forward,20260823_150110_web_001_9490,Web
1787477493.658569,145,4,UDP,52783,443,,forward,20260823_150110_web_001_9490,Web
1787477493.672833,88,4,UDP,443,52783,,forward,20260823_150110_web_001_9490,Web
1787477493.712685,736,4,UDP,52783,443,,forward,20260823_150110_web_001_9490,Web
1787477493.7183,88,4,UDP,443,52783,,forward,20260823_150110_web_001_9490,Web
1787477493.765249,88,4,UDP,443,52783,,forward,20260823_150110_web_001_9490,Web
1787477493.765249,815,4,UDP,443,52783,,forward,20260823_150110_web_001_9490,Web
1787477493.765477,88,4,UDP,52783,443,,forward,20260823_150110_web_001_9490,Web
1787477493.765766,145,4,UDP,52783,443,,forward,20260823_150110_web_001_9490,Web
1787477493.79382,262,4,UDP,52783,443,,forward,20260823_150110_web_001_9490,Web
1787477493.794362,171,4,UDP,52783,443,,forward,20260823_150110_web_001_9490,Web
1787477493.794865,171,4,UDP,52783,443,,forward,20260823_150110_web_001_9490,Web
1787477493.827776,88,4,UDP,443,52783,,forward,20260823_150110_web_001_9490,Web
1787477493.842856,88,4,UDP,443,52783,,forward,20260823_150110_web_001_9490,Web
1787477493.842856,88,4,UDP,443,52783,,forward,20260823_150110_web_001_9490,Web
1787477493.858335,199,4,UDP,443,52783,,forward,20260823_150110_web_001_9490,Web
1787477493.858335,187,4,UDP,443,52783,,forward,20260823_150110_web_001_9490,Web
1787477493.858335,199,4,UDP,443,52783,,forward,20260823_150110_web_001_9490,Web
1787477493.858335,187,4,UDP,443,52783,,forward,20260823_150110_web_001_9490,Web
1787477493.858561,88,4,UDP,52783,443,,forward,20260823_150110_web_001_9490,Web
1787477493.860066,157,4,UDP,52783,443,,forward,20260823_150110_web_001_9490,Web
1787477493.921169,88,4,UDP,443,52783,,forward,20260823_150110_web_001_9490,Web
1787477493.921169,157,4,UDP,443,52783,,forward,20260823_150110_web_001_9490,Web
1787477493.921439,88,4,UDP,52783,443,,forward,20260823_150110_web_001_9490,Web
1787477493.921673,145,4,UDP,52783,443,,forward,20260823_150110_web_001_9490,Web
1787477493.924599,783,4,UDP,52783,443,,forward,20260823_150110_web_001_9490,Web
1787477493.951158,145,4,UDP,443,52783,,forward,20260823_150110_web_001_9490,Web
1787477493.951398,88,4,UDP,52783,443,,forward,20260823_150110_web_001_9490,Web
1787477493.951821,145,4,UDP,52783,443,,forward,20260823_150110_web_001_9490,Web
1787477493.980593,88,4,UDP,443,52783,,forward,20260823_150110_web_001_9490,Web
1787477493.980593,88,4,UDP,443,52783,,forward,20260823_150110_web_001_9490,Web
1787477493.980593,145,4,UDP,443,52783,,forward,20260823_150110_web_001_9490,Web
1787477493.980593,348,4,UDP,443,52783,,forward,20260823_150110_web_001_9490,Web
1787477493.980847,88,4,UDP,52783,443,,forward,20260823_150110_web_001_9490,Web
1787477493.981254,145,4,UDP,52783,443,,forward,20260823_150110_web_001_9490,Web
1787477493.987462,209,4,UDP,52783,443,,forward,20260823_150110_web_001_9490,Web
1787477493.987605,737,4,UDP,52783,443,,forward,20260823_150110_web_001_9490,Web
1787477494.011706,88,4,UDP,443,52783,,forward,20260823_150110_web_001_9490,Web
1787477494.042615,88,4,UDP,443,52783,,forward,20260823_150110_web_001_9490,Web
1787477494.042615,88,4,UDP,443,52783,,forward,20260823_150110_web_001_9490,Web
1787477494.042615,145,4,UDP,443,52783,,forward,20260823_150110_web_001_9490,Web
1787477494.042615,322,4,UDP,443,52783,,forward,20260823_150110_web_001_9490,Web
1787477494.042866,88,4,UDP,52783,443,,forward,20260823_150110_web_001_9490,Web
1787477494.043167,145,4,UDP,52783,443,,forward,20260823_150110_web_001_9490,Web
1787477494.105579,88,4,UDP,443,52783,,forward,20260823_150110_web_001_9490,Web
1787477494.105579,813,4,UDP,443,52783,,forward,20260823_150110_web_001_9490,Web
1787477494.105829,88,4,UDP,52783,443,,forward,20260823_150110_web_001_9490,Web
1787477494.106082,145,4,UDP,52783,443,,forward,20260823_150110_web_001_9490,Web
1787477494.129512,736,4,UDP,52783,443,,forward,20260823_150110_web_001_9490,Web
1787477494.167953,88,4,UDP,443,52783,,forward,20260823_150110_web_001_9490,Web
1787477494.183631,88,4,UDP,443,52783,,forward,20260823_150110_web_001_9490,Web
1787477494.199682,985,4,UDP,443,52783,,forward,20260823_150110_web_001_9490,Web
1787477494.200007,88,4,UDP,52783,443,,forward,20260823_150110_web_001_9490,Web
1787477494.200504,145,4,UDP,52783,443,,forward,20260823_150110_web_001_9490,Web
1787477494.244478,736,4,UDP,52783,443,,forward,20260823_150110_web_001_9490,Web
1787477494.26147,88,4,UDP,443,52783,,forward,20260823_150110_web_001_9490,Web
1787477494.277487,125,4,UDP,443,52783,,forward,20260823_150110_web_001_9490,Web
1787477494.277764,88,4,UDP,52783,443,,forward,20260823_150110_web_001_9490,Web
1787477494.278122,125,4,UDP,52783,443,,forward,20260823_150110_web_001_9490,Web
1787477494.29302,88,4,UDP,443,52783,,forward,20260823_150110_web_001_9490,Web
1787477494.309105,815,4,UDP,443,52783,,forward,20260823_150110_web_001_9490,Web
1787477494.309312,88,4,UDP,52783,443,,forward,20260823_150110_web_001_9490,Web
1787477494.309488,145,4,UDP,52783,443,,forward,20260823_150110_web_001_9490,Web
1787477494.340089,88,4,UDP,443,52783,,forward,20260823_150110_web_001_9490,Web
1787477494.356767,735,4,UDP,52783,443,,forward,20260823_150110_web_001_9490,Web
1787477494.372165,88,4,UDP,443,52783,,forward,20260823_150110_web_001_9490,Web
1787477494.412595,88,4,UDP,443,52783,,forward,20260823_150110_web_001_9490,Web
1787477494.412595,815,4,UDP,443,52783,,forward,20260823_150110_web_001_9490,Web
1787477494.412836,88,4,UDP,52783,443,,forward,20260823_150110_web_001_9490,Web
1787477494.413,145,4,UDP,52783,443,,forward,20260823_150110_web_001_9490,Web
1787477494.440377,736,4,UDP,52783,443,,forward,20260823_150110_web_001_9490,Web
1787477494.46567,88,4,UDP,443,52783,,forward,20260823_150110_web_001_9490,Web
1787477494.497659,88,4,UDP,443,52783,,forward,20260823_150110_web_001_9490,Web
1787477494.497659,984,4,UDP,443,52783,,forward,20260823_150110_web_001_9490,Web
1787477494.497911,88,4,UDP,52783,443,,forward,20260823_150110_web_001_9490,Web
1787477494.498106,145,4,UDP,52783,443,,forward,20260823_150110_web_001_9490,Web
1787477494.522892,736,4,UDP,52783,443,,forward,20260823_150110_web_001_9490,Web
1787477494.546597,88,4,UDP,443,52783,,forward,20260823_150110_web_001_9490,Web
1787477494.575607,88,4,UDP,443,52783,,forward,20260823_150110_web_001_9490,Web
1787477494.575607,816,4,UDP,443,52783,,forward,20260823_150110_web_001_9490,Web
1787477494.575812,88,4,UDP,52783,443,,forward,20260823_150110_web_001_9490,Web
1787477494.576092,145,4,UDP,52783,443,,forward,20260823_150110_web_001_9490,Web
1787477494.625626,171,4,UDP,52783,443,,forward,20260823_150110_web_001_9490,Web
1787477494.626614,262,4,UDP,52783,443,,forward,20260823_150110_web_001_9490,Web
1787477494.626733,171,4,UDP,52783,443,,forward,20260823_150110_web_001_9490,Web
1787477494.63716,88,4,UDP,443,52783,,forward,20260823_150110_web_001_9490,Web
1787477494.680083,88,4,UDP,443,52783,,forward,20260823_150110_web_001_9490,Web
1787477494.680083,187,4,UDP,443,52783,,forward,20260823_150110_web_001_9490,Web
1787477494.680083,187,4,UDP,443,52783,,forward,20260823_150110_web_001_9490,Web
1787477494.680083,199,4,UDP,443,52783,,forward,20260823_150110_web_001_9490,Web
1787477494.680083,199,4,UDP,443,52783,,forward,20260823_150110_web_001_9490,Web
1787477494.680324,88,4,UDP,52783,443,,forward,20260823_150110_web_001_9490,Web
1787477494.68173,157,4,UDP,52783,443,,forward,20260823_150110_web_001_9490,Web
1787477494.728625,88,4,UDP,443,52783,,forward,20260823_150110_web_001_9490,Web
1787477494.744619,157,4,UDP,443,52783,,forward,20260823_150110_web_001_9490,Web
1787477494.74488,88,4,UDP,52783,443,,forward,20260823_150110_web_001_9490,Web
1787477494.745179,145,4,UDP,52783,443,,forward,20260823_150110_web_001_9490,Web
1787477494.748462,783,4,UDP,52783,443,,forward,20260823_150110_web_001_9490,Web
1787477494.806624,88,4,UDP,443,52783,,forward,20260823_150110_web_001_9490,Web
1787477494.806624,88,4,UDP,443,52783,,forward,20260823_150110_web_001_9490,Web
1787477494.806624,145,4,UDP,443,52783,,forward,20260823_150110_web_001_9490,Web
1787477494.806624,348,4,UDP,443,52783,,forward,20260823_150110_web_001_9490,Web
1787477494.806881,88,4,UDP,52783,443,,forward,20260823_150110_web_001_9490,Web
1787477494.807447,145,4,UDP,52783,443,,forward,20260823_150110_web_001_9490,Web
1787477494.813606,209,4,UDP,52783,443,,forward,20260823_150110_web_001_9490,Web
1787477494.813856,735,4,UDP,52783,443,,forward,20260823_150110_web_001_9490,Web
1787477494.86919,88,4,UDP,443,52783,,forward,20260823_150110_web_001_9490,Web
1787477494.86919,88,4,UDP,443,52783,,forward,20260823_150110_web_001_9490,Web
1787477494.86919,145,4,UDP,443,52783,,forward,20260823_150110_web_001_9490,Web
1787477494.86919,322,4,UDP,443,52783,,forward,20260823_150110_web_001_9490,Web
1787477494.869431,88,4,UDP,52783,443,,forward,20260823_150110_web_001_9490,Web
1787477494.869827,145,4,UDP,52783,443,,forward,20260823_150110_web_001_9490,Web
1787477494.930461,88,4,UDP,443,52783,,forward,20260823_150110_web_001_9490,Web
1787477494.930461,815,4,UDP,443,52783,,forward,20260823_150110_web_001_9490,Web
1787477494.931001,88,4,UDP,52783,443,,forward,20260823_150110_web_001_9490,Web
1787477494.931377,145,4,UDP,52783,443,,forward,20260823_150110_web_001_9490,Web
1787477494.955452,736,4,UDP,52783,443,,forward,20260823_150110_web_001_9490,Web
1787477494.992479,88,4,UDP,443,52783,,forward,20260823_150110_web_001_9490,Web
1787477495.008466,88,4,UDP,443,52783,,forward,20260823_150110_web_001_9490,Web
1787477495.008466,816,4,UDP,443,52783,,forward,20260823_150110_web_001_9490,Web
1787477495.008666,88,4,UDP,52783,443,,forward,20260823_150110_web_001_9490,Web
1787477495.008998,145,4,UDP,52783,443,,forward,20260823_150110_web_001_9490,Web
1787477495.033223,736,4,UDP,52783,443,,forward,20260823_150110_web_001_9490,Web
1787477495.070256,88,4,UDP,443,52783,,forward,20260823_150110_web_001_9490,Web
1787477495.085243,88,4,UDP,443,52783,,forward,20260823_150110_web_001_9490,Web
1787477495.085243,816,4,UDP,443,52783,,forward,20260823_150110_web_001_9490,Web
1787477495.085478,88,4,UDP,52783,443,,forward,20260823_150110_web_001_9490,Web
1787477495.08685,145,4,UDP,52783,443,,forward,20260823_150110_web_001_9490,Web
1787477495.113429,736,4,UDP,52783,443,,forward,20260823_150110_web_001_9490,Web
1787477495.143725,88,4,UDP,443,52783,,forward,20260823_150110_web_001_9490,Web
1787477495.162781,125,4,UDP,443,52783,,forward,20260823_150110_web_001_9490,Web
1787477495.162781,88,4,UDP,443,52783,,forward,20260823_150110_web_001_9490,Web
1787477495.163074,88,4,UDP,52783,443,,forward,20260823_150110_web_001_9490,Web
1787477495.16321,125,4,UDP,52783,443,,forward,20260823_150110_web_001_9490,Web
1787477495.176835,816,4,UDP,443,52783,,forward,20260823_150110_web_001_9490,Web
1787477495.176835,131,4,UDP,443,52783,,forward,20260823_150110_web_001_9490,Web
1787477495.177082,88,4,UDP,52783,443,,forward,20260823_150110_web_001_9490,Web
1787477495.177511,200,4,UDP,52783,443,,forward,20260823_150110_web_001_9490,Web
1787477495.192797,249,4,UDP,443,52783,,forward,20260823_150110_web_001_9490,Web
1787477495.193103,88,4,UDP,52783,443,,forward,20260823_150110_web_001_9490,Web
1787477495.20601,737,4,UDP,52783,443,,forward,20260823_150110_web_001_9490,Web
1787477495.215345,232,4,UDP,52783,443,,forward,20260823_150110_web_001_9490,Web
1787477495.223303,88,4,UDP,443,52783,,forward,20260823_150110_web_001_9490,Web
1787477495.23832,88,4,UDP,443,52783,,forward,20260823_150110_web_001_9490,Web
1787477495.23832,125,4,UDP,443,52783,,forward,20260823_150110_web_001_9490,Web
1787477495.238546,88,4,UDP,52783,443,,forward,20260823_150110_web_001_9490,Web
1787477495.253305,88,4,UDP,443,52783,,forward,20260823_150110_web_001_9490,Web
1787477495.268363,816,4,UDP,443,52783,,forward,20260823_150110_web_001_9490,Web
1787477495.268363,88,4,UDP,443,52783,,forward,20260823_150110_web_001_9490,Web
1787477495.268363,145,4,UDP,443,52783,,forward,20260823_150110_web_001_9490,Web
1787477495.268646,88,4,UDP,52783,443,,forward,20260823_150110_web_001_9490,Web
1787477495.26906,145,4,UDP,52783,443,,forward,20260823_150110_web_001_9490,Web
1787477495.299551,736,4,UDP,52783,443,,forward,20260823_150110_web_001_9490,Web
1787477495.329915,88,4,UDP,443,52783,,forward,20260823_150110_web_001_9490,Web
1787477495.360897,88,4,UDP,443,52783,,forward,20260823_150110_web_001_9490,Web
1787477495.360897,849,4,UDP,443,52783,,forward,20260823_150110_web_001_9490,Web
1787477495.361319,88,4,UDP,52783,443,,forward,20260823_150110_web_001_9490,Web
1787477495.361619,145,4,UDP,52783,443,,forward,20260823_150110_web_001_9490,Web
1787477495.410357,88,4,UDP,443,52783,,forward,20260823_150110_web_001_9490,Web
1787477495.667237,736,4,UDP,52783,443,,forward,20260823_150110_web_001_9490,Web
1787477495.722992,88,4,UDP,443,52783,,forward,20260823_150110_web_001_9490,Web
1787477495.722992,849,4,UDP,443,52783,,forward,20260823_150110_web_001_9490,Web
1787477495.723304,88,4,UDP,52783,443,,forward,20260823_150110_web_001_9490,Web
1787477495.723534,145,4,UDP,52783,443,,forward,20260823_150110_web_001_9490,Web
1787477495.769996,88,4,UDP,443,52783,,forward,20260823_150110_web_001_9490,Web
1787477495.785995,167,4,UDP,443,52783,,forward,20260823_150110_web_001_9490,Web
1787477495.785995,306,4,UDP,443,52783,,forward,20260823_150110_web_001_9490,Web
1787477495.786231,88,4,UDP,52783,443,,forward,20260823_150110_web_001_9490,Web
1787477495.788274,383,4,UDP,52783,443,,forward,20260823_150110_web_001_9490,Web
1787477495.819078,736,4,UDP,52783,443,,forward,20260823_150110_web_001_9490,Web
1787477495.848564,88,4,UDP,443,52783,,forward,20260823_150110_web_001_9490,Web
1787477495.848564,162,4,UDP,443,52783,,forward,20260823_150110_web_001_9490,Web
1787477495.848767,88,4,UDP,52783,443,,forward,20260823_150110_web_001_9490,Web
1787477495.864489,166,4,UDP,52783,443,,forward,20260823_150110_web_001_9490,Web
1787477495.87988,88,4,UDP,443,52783,,forward,20260823_150110_web_001_9490,Web
1787477495.87988,815,4,UDP,443,52783,,forward,20260823_150110_web_001_9490,Web
1787477495.880352,88,4,UDP,52783,443,,forward,20260823_150110_web_001_9490,Web
1787477495.880849,145,4,UDP,52783,443,,forward,20260823_150110_web_001_9490,Web
1787477495.924365,88,4,UDP,443,52783,,forward,20260823_150110_web_001_9490,Web
1787477495.94132,88,4,UDP,443,52783,,forward,20260823_150110_web_001_9490,Web
1787477496.004343,145,4,UDP,443,52783,,forward,20260823_150110_web_001_9490,Web
1787477496.004576,88,4,UDP,52783,443,,forward,20260823_150110_web_001_9490,Web
1787477496.004686,145,4,UDP,52783,443,,forward,20260823_150110_web_001_9490,Web
1787477496.019933,84,4,UDP,52783,443,,forward,20260823_150110_web_001_9490,Web
1787477496.055843,88,4,UDP,443,52783,,forward,20260823_150110_web_001_9490,Web
1787477496.081879,88,4,UDP,443,52783,,forward,20260823_150110_web_001_9490,Web
1787477496.122435,145,4,UDP,443,52783,,forward,20260823_150110_web_001_9490,Web
1787477496.122642,88,4,UDP,52783,443,,forward,20260823_150110_web_001_9490,Web
1787477496.122803,145,4,UDP,52783,443,,forward,20260823_150110_web_001_9490,Web
1787477496.174464,574,4,UDP,443,52783,,forward,20260823_150110_web_001_9490,Web
1787477496.174464,88,4,UDP,443,52783,,forward,20260823_150110_web_001_9490,Web
1787477496.174755,88,4,UDP,52783,443,,forward,20260823_150110_web_001_9490,Web
1787477496.221081,125,4,UDP,52783,443,,forward,20260823_150110_web_001_9490,Web
1787477496.268919,88,4,UDP,443,52783,,forward,20260823_150110_web_001_9490,Web
1787477496.323549,223,4,UDP,443,52783,,forward,20260823_150110_web_001_9490,Web
1787477496.323549,167,4,UDP,443,52783,,forward,20260823_150110_web_001_9490,Web
1787477496.323788,88,4,UDP,52783,443,,forward,20260823_150110_web_001_9490,Web
1787477496.351247,170,4,UDP,52783,443,,forward,20260823_150110_web_001_9490,Web
1787477496.411078,88,4,UDP,443,52783,,forward,20260823_150110_web_001_9490,Web
1787477496.411078,158,4,UDP,443,52783,,forward,20260823_150110_web_001_9490,Web
1787477496.411363,88,4,UDP,52783,443,,forward,20260823_150110_web_001_9490,Web
1787477496.504165,125,4,UDP,443,52783,,forward,20260823_150110_web_001_9490,Web
1787477496.504361,88,4,UDP,52783,443,,forward,20260823_150110_web_001_9490,Web
1787477496.504601,125,4,UDP,52783,443,,forward,20260823_150110_web_001_9490,Web
1787477496.557131,88,4,UDP,443,52783,,forward,20260823_150110_web_001_9490,Web
1787477496.976958,146,4,UDP,52783,443,,forward,20260823_150110_web_001_9490,Web
1787477497.019231,125,4,UDP,443,52783,,forward,20260823_150110_web_001_9490,Web
1787477497.019465,88,4,UDP,52783,443,,forward,20260823_150110_web_001_9490,Web
1787477497.019613,125,4,UDP,52783,443,,forward,20260823_150110_web_001_9490,Web
1787477497.038251,88,4,UDP,443,52783,,forward,20260823_150110_web_001_9490,Web
1787477497.038251,157,4,UDP,443,52783,,forward,20260823_150110_web_001_9490,Web
1787477497.0385,88,4,UDP,52783,443,,forward,20260823_150110_web_001_9490,Web
1787477497.069378,88,4,UDP,443,52783,,forward,20260823_150110_web_001_9490,Web
1787477497.41876,574,4,UDP,443,52783,,forward,20260823_150110_web_001_9490,Web
1787477497.418954,88,4,UDP,52783,443,,forward,20260823_150110_web_001_9490,Web
1787477497.46745,125,4,UDP,52783,443,,forward,20260823_150110_web_001_9490,Web
1787477497.513898,88,4,UDP,443,52783,,forward,20260823_150110_web_001_9490,Web
1787477497.720695,125,4,UDP,443,52783,,forward,20260823_150110_web_001_9490,Web
1787477497.720944,88,4,UDP,52783,443,,forward,20260823_150110_web_001_9490,Web
1787477497.72109,125,4,UDP,52783,443,,forward,20260823_150110_web_001_9490,Web
1787477497.784737,88,4,UDP,443,52783,,forward,20260823_150110_web_001_9490,Web
1787477498.220504,145,4,UDP,443,52783,,forward,20260823_150110_web_001_9490,Web
1787477498.220725,88,4,UDP,52783,443,,forward,20260823_150110_web_001_9490,Web
1787477498.220859,145,4,UDP,52783,443,,forward,20260823_150110_web_001_9490,Web
1787477498.274553,88,4,UDP,443,52783,,forward,20260823_150110_web_001_9490,Web
1787477498.353357,524,4,UDP,443,52783,,forward,20260823_150110_web_001_9490,Web
1787477498.353599,88,4,UDP,52783,443,,forward,20260823_150110_web_001_9490,Web
1787477498.399723,145,4,UDP,52783,443,,forward,20260823_150110_web_001_9490,Web
1787477498.439864,244,4,UDP,52783,443,,forward,20260823_150110_web_001_9490,Web
1787477498.456792,88,4,UDP,443,52783,,forward,20260823_150110_web_001_9490,Web
1787477498.488789,88,4,UDP,443,52783,,forward,20260823_150110_web_001_9490,Web
1787477498.488789,145,4,UDP,443,52783,,forward,20260823_150110_web_001_9490,Web
1787477498.489044,88,4,UDP,52783,443,,forward,20260823_150110_web_001_9490,Web
1787477498.875018,233,4,UDP,443,52783,,forward,20260823_150110_web_001_9490,Web
1787477498.875425,88,4,UDP,52783,443,,forward,20260823_150110_web_001_9490,Web
1787477498.884752,230,4,UDP,52783,443,,forward,20260823_150110_web_001_9490,Web
1787477498.933361,88,4,UDP,443,52783,,forward,20260823_150110_web_001_9490,Web
1787477498.933361,145,4,UDP,443,52783,,forward,20260823_150110_web_001_9490,Web
1787477498.933587,88,4,UDP,52783,443,,forward,20260823_150110_web_001_9490,Web
1787477499.078914,125,4,UDP,443,52783,,forward,20260823_150110_web_001_9490,Web
1787477499.07917,88,4,UDP,52783,443,,forward,20260823_150110_web_001_9490,Web
1787477499.079429,125,4,UDP,52783,443,,forward,20260823_150110_web_001_9490,Web
1787477499.124681,146,4,UDP,52783,443,,forward,20260823_150110_web_001_9490,Web
1787477499.131491,88,4,UDP,443,52783,,forward,20260823_150110_web_001_9490,Web
1787477499.172454,88,4,UDP,443,52783,,forward,20260823_150110_web_001_9490,Web
1787477499.172454,157,4,UDP,443,52783,,forward,20260823_150110_web_001_9490,Web
1787477499.174218,88,4,UDP,52783,443,,forward,20260823_150110_web_001_9490,Web
1787477499.582557,145,4,UDP,443,52783,,forward,20260823_150110_web_001_9490,Web
1787477499.582774,88,4,UDP,52783,443,,forward,20260823_150110_web_001_9490,Web
1787477499.582909,145,4,UDP,52783,443,,forward,20260823_150110_web_001_9490,Web
1787477499.645071,88,4,UDP,443,52783,,forward,20260823_150110_web_001_9490,Web
1787477500.024107,84,4,UDP,52783,443,,forward,20260823_150110_web_001_9490,Web
1787477500.086065,88,4,UDP,443,52783,,forward,20260823_150110_web_001_9490,Web
1787477500.600975,125,4,UDP,443,52783,,forward,20260823_150110_web_001_9490,Web
1787477500.600975,125,4,UDP,443,52783,,forward,20260823_150110_web_001_9490,Web
1787477500.601202,88,4,UDP,52783,443,,forward,20260823_150110_web_001_9490,Web
1787477500.601327,170,4,UDP,52783,443,,forward,20260823_150110_web_001_9490,Web
1787477500.656521,88,4,UDP,443,52783,,forward,20260823_150110_web_001_9490,Web
1787477502.697954,145,4,UDP,443,52783,,forward,20260823_150110_web_001_9490,Web
1787477502.698176,88,4,UDP,52783,443,,forward,20260823_150110_web_001_9490,Web
1787477502.698704,145,4,UDP,52783,443,,forward,20260823_150110_web_001_9490,Web
1787477502.748521,88,4,UDP,443,52783,,forward,20260823_150110_web_001_9490,Web
1787477503.381335,163,4,UDP,52783,443,,forward,20260823_150110_web_001_9490,Web
1787477503.382244,163,4,UDP,52783,443,,forward,20260823_150110_web_001_9490,Web
1787477503.440655,88,4,UDP,443,52783,,forward,20260823_150110_web_001_9490,Web
1787477503.440655,179,4,UDP,443,52783,,forward,20260823_150110_web_001_9490,Web
1787477503.440655,179,4,UDP,443,52783,,forward,20260823_150110_web_001_9490,Web
1787477503.440888,88,4,UDP,52783,443,,forward,20260823_150110_web_001_9490,Web
1787477503.442829,137,4,UDP,52783,443,,forward,20260823_150110_web_001_9490,Web
1787477503.504699,88,4,UDP,443,52783,,forward,20260823_150110_web_001_9490,Web
1787477503.504699,137,4,UDP,443,52783,,forward,20260823_150110_web_001_9490,Web
1787477503.504895,88,4,UDP,52783,443,,forward,20260823_150110_web_001_9490,Web
1787477503.50517,125,4,UDP,52783,443,,forward,20260823_150110_web_001_9490,Web
1787477503.50571,693,4,UDP,52783,443,,forward,20260823_150110_web_001_9490,Web
1787477503.568221,88,4,UDP,443,52783,,forward,20260823_150110_web_001_9490,Web
1787477503.568221,125,4,UDP,443,52783,,forward,20260823_150110_web_001_9490,Web
1787477503.568221,344,4,UDP,443,52783,,forward,20260823_150110_web_001_9490,Web
1787477503.568411,88,4,UDP,52783,443,,forward,20260823_150110_web_001_9490,Web
1787477503.569198,761,4,UDP,52783,443,,forward,20260823_150110_web_001_9490,Web
1787477503.631151,88,4,UDP,443,52783,,forward,20260823_150110_web_001_9490,Web
1787477503.663095,125,4,UDP,443,52783,,forward,20260823_150110_web_001_9490,Web
1787477503.663587,88,4,UDP,52783,443,,forward,20260823_150110_web_001_9490,Web
1787477503.678147,145,4,UDP,443,52783,,forward,20260823_150110_web_001_9490,Web
1787477503.678361,88,4,UDP,52783,443,,forward,20260823_150110_web_001_9490,Web
1787477503.678495,145,4,UDP,52783,443,,forward,20260823_150110_web_001_9490,Web
1787477503.710166,1365,4,UDP,443,52783,,forward,20260823_150110_web_001_9490,Web
1787477503.710166,1177,4,UDP,443,52783,,forward,20260823_150110_web_001_9490,Web
1787477503.710166,152,4,UDP,443,52783,,forward,20260823_150110_web_001_9490,Web
1787477503.71052,88,4,UDP,52783,443,,forward,20260823_150110_web_001_9490,Web
1787477503.710723,170,4,UDP,52783,443,,forward,20260823_150110_web_001_9490,Web
1787477503.711676,194,4,UDP,52783,443,,forward,20260823_150110_web_001_9490,Web
1787477503.725635,88,4,UDP,443,52783,,forward,20260823_150110_web_001_9490,Web
1787477503.727581,137,4,UDP,52783,443,,forward,20260823_150110_web_001_9490,Web
1787477503.771631,88,4,UDP,443,52783,,forward,20260823_150110_web_001_9490,Web
1787477503.771631,170,4,UDP,443,52783,,forward,20260823_150110_web_001_9490,Web
1787477503.771858,88,4,UDP,52783,443,,forward,20260823_150110_web_001_9490,Web
1787477503.776662,88,4,UDP,443,52783,,forward,20260823_150110_web_001_9490,Web
1787477503.786593,137,4,UDP,443,52783,,forward,20260823_150110_web_001_9490,Web
1787477503.786815,88,4,UDP,52783,443,,forward,20260823_150110_web_001_9490,Web
1787477503.787718,758,4,UDP,52783,443,,forward,20260823_150110_web_001_9490,Web
1787477503.842196,88,4,UDP,443,52783,,forward,20260823_150110_web_001_9490,Web
1787477503.842196,125,4,UDP,443,52783,,forward,20260823_150110_web_001_9490,Web
1787477503.842196,344,4,UDP,443,52783,,forward,20260823_150110_web_001_9490,Web
1787477503.842435,88,4,UDP,52783,443,,forward,20260823_150110_web_001_9490,Web
1787477503.843306,886,4,UDP,52783,443,,forward,20260823_150110_web_001_9490,Web
1787477503.895709,88,4,UDP,443,52783,,forward,20260823_150110_web_001_9490,Web
1787477503.940126,145,4,UDP,443,52783,,forward,20260823_150110_web_001_9490,Web
1787477503.940126,125,4,UDP,443,52783,,forward,20260823_150110_web_001_9490,Web
1787477503.94042,88,4,UDP,52783,443,,forward,20260823_150110_web_001_9490,Web
1787477503.940738,145,4,UDP,52783,443,,forward,20260823_150110_web_001_9490,Web
1787477503.989245,88,4,UDP,443,52783,,forward,20260823_150110_web_001_9490,Web
1787477504.021082,84,4,UDP,52783,443,,forward,20260823_150110_web_001_9490,Web
1787477504.072682,88,4,UDP,443,52783,,forward,20260823_150110_web_001_9490,Web
1787477504.193188,145,4,UDP,443,52783,,forward,20260823_150110_web_001_9490,Web
1787477504.193375,88,4,UDP,52783,443,,forward,20260823_150110_web_001_9490,Web
1787477504.193579,145,4,UDP,52783,443,,forward,20260823_150110_web_001_9490,Web
1787477504.255613,88,4,UDP,443,52783,,forward,20260823_150110_web_001_9490,Web
1787477504.586661,117,4,UDP,52783,443,,forward,20260823_150110_web_001_9490,Web
1787477504.586775,344,4,UDP,52783,443,,forward,20260823_150110_web_001_9490,Web
1787477504.636604,88,4,UDP,443,52783,,forward,20260823_150110_web_001_9490,Web
1787477504.636604,508,4,UDP,443,52783,,forward,20260823_150110_web_001_9490,Web
1787477504.636921,88,4,UDP,52783,443,,forward,20260823_150110_web_001_9490,Web
1787477504.696725,125,4,UDP,443,52783,,forward,20260823_150110_web_001_9490,Web
1787477504.696914,88,4,UDP,52783,443,,forward,20260823_150110_web_001_9490,Web
1787477504.697078,125,4,UDP,52783,443,,forward,20260823_150110_web_001_9490,Web
1787477504.75919,88,4,UDP,443,52783,,forward,20260823_150110_web_001_9490,Web
1787477504.965979,145,4,UDP,443,52783,,forward,20260823_150110_web_001_9490,Web
1787477504.966355,88,4,UDP,52783,443,,forward,20260823_150110_web_001_9490,Web
1787477504.966561,145,4,UDP,52783,443,,forward,20260823_150110_web_001_9490,Web
1787477505.016035,88,4,UDP,443,52783,,forward,20260823_150110_web_001_9490,Web
1787477505.956866,146,4,UDP,52783,443,,forward,20260823_150110_web_001_9490,Web
1787477505.962854,176,4,UDP,443,52783,,forward,20260823_150110_web_001_9490,Web
1787477505.962854,145,4,UDP,443,52783,,forward,20260823_150110_web_001_9490,Web
1787477505.963122,88,4,UDP,52783,443,,forward,20260823_150110_web_001_9490,Web
1787477505.963397,145,4,UDP,52783,443,,forward,20260823_150110_web_001_9490,Web
1787477506.004776,88,4,UDP,443,52783,,forward,20260823_150110_web_001_9490,Web
1787477506.004776,157,4,UDP,443,52783,,forward,20260823_150110_web_001_9490,Web
1787477506.004996,88,4,UDP,52783,443,,forward,20260823_150110_web_001_9490,Web
1787477506.025277,88,4,UDP,443,52783,,forward,20260823_150110_web_001_9490,Web
1787477506.231347,167,4,UDP,443,52783,,forward,20260823_150110_web_001_9490,Web
1787477506.231632,88,4,UDP,52783,443,,forward,20260823_150110_web_001_9490,Web
1787477506.246702,166,4,UDP,52783,443,,forward,20260823_150110_web_001_9490,Web
1787477506.298516,88,4,UDP,443,52783,,forward,20260823_150110_web_001_9490,Web
1787477506.413563,1365,4,UDP,443,52783,,forward,20260823_150110_web_001_9490,Web
1787477506.413563,1341,4,UDP,443,52783,,forward,20260823_150110_web_001_9490,Web
1787477506.413563,125,4,UDP,443,52783,,forward,20260823_150110_web_001_9490,Web
1787477506.413811,88,4,UDP,52783,443,,forward,20260823_150110_web_001_9490,Web
1787477506.41405,170,4,UDP,52783,443,,forward,20260823_150110_web_001_9490,Web
1787477506.415354,149,4,UDP,52783,443,,forward,20260823_150110_web_001_9490,Web
1787477506.415446,125,4,UDP,52783,443,,forward,20260823_150110_web_001_9490,Web
1787477506.428709,137,4,UDP,52783,443,,forward,20260823_150110_web_001_9490,Web
1787477506.469109,88,4,UDP,443,52783,,forward,20260823_150110_web_001_9490,Web
1787477506.469109,170,4,UDP,443,52783,,forward,20260823_150110_web_001_9490,Web
1787477506.469343,88,4,UDP,52783,443,,forward,20260823_150110_web_001_9490,Web
1787477506.480394,88,4,UDP,443,52783,,forward,20260823_150110_web_001_9490,Web
1787477506.480394,137,4,UDP,443,52783,,forward,20260823_150110_web_001_9490,Web
1787477506.480683,88,4,UDP,52783,443,,forward,20260823_150110_web_001_9490,Web
1787477506.480941,125,4,UDP,52783,443,,forward,20260823_150110_web_001_9490,Web
1787477506.481942,713,4,UDP,52783,443,,forward,20260823_150110_web_001_9490,Web
1787477506.544636,88,4,UDP,443,52783,,forward,20260823_150110_web_001_9490,Web
1787477506.544636,125,4,UDP,443,52783,,forward,20260823_150110_web_001_9490,Web
1787477506.544636,344,4,UDP,443,52783,,forward,20260823_150110_web_001_9490,Web
1787477506.544743,146,4,UDP,52783,443,,forward,20260823_150110_web_001_9490,Web
1787477506.544852,88,4,UDP,52783,443,,forward,20260823_150110_web_001_9490,Web
1787477506.545693,888,4,UDP,52783,443,,forward,20260823_150110_web_001_9490,Web
1787477506.605658,88,4,UDP,443,52783,,forward,20260823_150110_web_001_9490,Web
1787477506.605658,157,4,UDP,443,52783,,forward,20260823_150110_web_001_9490,Web
1787477506.605945,88,4,UDP,52783,443,,forward,20260823_150110_web_001_9490,Web
1787477506.63649,125,4,UDP,443,52783,,forward,20260823_150110_web_001_9490,Web
1787477506.6368,88,4,UDP,52783,443,,forward,20260823_150110_web_001_9490,Web
1787477506.744995,145,4,UDP,443,52783,,forward,20260823_150110_web_001_9490,Web
1787477506.745241,88,4,UDP,52783,443,,forward,20260823_150110_web_001_9490,Web
1787477506.74539,145,4,UDP,52783,443,,forward,20260823_150110_web_001_9490,Web
1787477506.794992,88,4,UDP,443,52783,,forward,20260823_150110_web_001_9490,Web
1787477507.205284,145,4,UDP,443,52783,,forward,20260823_150110_web_001_9490,Web
1787477507.205559,88,4,UDP,52783,443,,forward,20260823_150110_web_001_9490,Web
1787477507.205698,145,4,UDP,52783,443,,forward,20260823_150110_web_001_9490,Web
1787477507.267803,125,4,UDP,443,52783,,forward,20260823_150110_web_001_9490,Web
1787477507.267803,88,4,UDP,443,52783,,forward,20260823_150110_web_001_9490,Web
1787477507.268215,88,4,UDP,52783,443,,forward,20260823_150110_web_001_9490,Web
1787477507.26835,125,4,UDP,52783,443,,forward,20260823_150110_web_001_9490,Web
1787477507.329537,88,4,UDP,443,52783,,forward,20260823_150110_web_001_9490,Web
1787477507.771137,145,4,UDP,443,52783,,forward,20260823_150110_web_001_9490,Web
1787477507.771137,574,4,UDP,443,52783,,forward,20260823_150110_web_001_9490,Web
1787477507.771386,88,4,UDP,52783,443,,forward,20260823_150110_web_001_9490,Web
1787477507.771519,145,4,UDP,52783,443,,forward,20260823_150110_web_001_9490,Web
1787477507.819792,125,4,UDP,52783,443,,forward,20260823_150110_web_001_9490,Web
1787477507.833705,88,4,UDP,443,52783,,forward,20260823_150110_web_001_9490,Web
1787477507.870107,88,4,UDP,443,52783,,forward,20260823_150110_web_001_9490,Web
1787477508.022852,84,4,UDP,52783,443,,forward,20260823_150110_web_001_9490,Web
1787477508.054759,1365,4,UDP,443,52783,,forward,20260823_150110_web_001_9490,Web
1787477508.054759,825,4,UDP,443,52783,,forward,20260823_150110_web_001_9490,Web
1787477508.054759,1365,4,UDP,443,52783,,forward,20260823_150110_web_001_9490,Web
1787477508.054759,1365,4,UDP,443,52783,,forward,20260823_150110_web_001_9490,Web
1787477508.054759,1365,4,UDP,443,52783,,forward,20260823_150110_web_001_9490,Web
1787477508.054759,1365,4,UDP,443,52783,,forward,20260823_150110_web_001_9490,Web
1787477508.054759,1365,4,UDP,443,52783,,forward,20260823_150110_web_001_9490,Web
1787477508.054759,1365,4,UDP,443,52783,,forward,20260823_150110_web_001_9490,Web
1787477508.054759,1365,4,UDP,443,52783,,forward,20260823_150110_web_001_9490,Web
1787477508.054759,1365,4,UDP,443,52783,,forward,20260823_150110_web_001_9490,Web
1787477508.054759,1365,4,UDP,443,52783,,forward,20260823_150110_web_001_9490,Web
1787477508.05513,88,4,UDP,52783,443,,forward,20260823_150110_web_001_9490,Web
1787477508.055442,260,4,UDP,52783,443,,forward,20260823_150110_web_001_9490,Web
1787477508.055551,125,4,UDP,52783,443,,forward,20260823_150110_web_001_9490,Web
1787477508.072097,88,4,UDP,443,52783,,forward,20260823_150110_web_001_9490,Web
1787477508.101586,125,4,UDP,52783,443,,forward,20260823_150110_web_001_9490,Web
1787477508.1053,88,4,UDP,443,52783,,forward,20260823_150110_web_001_9490,Web
1787477508.118281,1365,4,UDP,443,52783,,forward,20260823_150110_web_001_9490,Web
1787477508.118281,1365,4,UDP,443,52783,,forward,20260823_150110_web_001_9490,Web
1787477508.118281,1365,4,UDP,443,52783,,forward,20260823_150110_web_001_9490,Web
1787477508.118281,1365,4,UDP,443,52783,,forward,20260823_150110_web_001_9490,Web
1787477508.118281,1365,4,UDP,443,52783,,forward,20260823_150110_web_001_9490,Web
1787477508.118281,538,4,UDP,443,52783,,forward,20260823_150110_web_001_9490,Web
1787477508.118536,88,4,UDP,52783,443,,forward,20260823_150110_web_001_9490,Web
1787477508.119251,215,4,UDP,52783,443,,forward,20260823_150110_web_001_9490,Web
1787477508.119384,149,4,UDP,52783,443,,forward,20260823_150110_web_001_9490,Web
1787477508.119473,125,4,UDP,52783,443,,forward,20260823_150110_web_001_9490,Web
1787477508.147811,88,4,UDP,443,52783,,forward,20260823_150110_web_001_9490,Web
1787477508.17985,88,4,UDP,443,52783,,forward,20260823_150110_web_001_9490,Web
1787477508.17985,170,4,UDP,443,52783,,forward,20260823_150110_web_001_9490,Web
1787477508.180057,88,4,UDP,52783,443,,forward,20260823_150110_web_001_9490,Web
1787477508.180147,146,4,UDP,52783,443,,forward,20260823_150110_web_001_9490,Web
1787477508.242333,88,4,UDP,443,52783,,forward,20260823_150110_web_001_9490,Web
1787477508.242333,157,4,UDP,443,52783,,forward,20260823_150110_web_001_9490,Web
1787477508.242675,88,4,UDP,52783,443,,forward,20260823_150110_web_001_9490,Web
1787477508.28033,145,4,UDP,443,52783,,forward,20260823_150110_web_001_9490,Web
1787477508.28033,145,4,UDP,443,52783,,forward,20260823_150110_web_001_9490,Web
1787477508.280571,88,4,UDP,52783,443,,forward,20260823_150110_web_001_9490,Web
1787477508.28098,210,4,UDP,52783,443,,forward,20260823_150110_web_001_9490,Web
1787477508.335047,88,4,UDP,443,52783,,forward,20260823_150110_web_001_9490,Web
1787477509.229294,146,4,UDP,52783,443,,forward,20260823_150110_web_001_9490,Web
1787477509.243107,125,4,UDP,443,52783,,forward,20260823_150110_web_001_9490,Web
1787477509.243107,145,4,UDP,443,52783,,forward,20260823_150110_web_001_9490,Web
1787477509.243336,88,4,UDP,52783,443,,forward,20260823_150110_web_001_9490,Web
1787477509.243483,190,4,UDP,52783,443,,forward,20260823_150110_web_001_9490,Web
1787477509.275503,88,4,UDP,443,52783,,forward,20260823_150110_web_001_9490,Web
1787477509.275503,157,4,UDP,443,52783,,forward,20260823_150110_web_001_9490,Web
1787477509.275749,88,4,UDP,52783,443,,forward,20260823_150110_web_001_9490,Web
1787477509.300073,88,4,UDP,443,52783,,forward,20260823_150110_web_001_9490,Web
1787477509.307875,145,4,UDP,443,52783,,forward,20260823_150110_web_001_9490,Web
1787477509.307875,125,4,UDP,443,52783,,forward,20260823_150110_web_001_9490,Web
1787477509.308101,88,4,UDP,52783,443,,forward,20260823_150110_web_001_9490,Web
1787477509.308243,190,4,UDP,52783,443,,forward,20260823_150110_web_001_9490,Web
1787477509.362343,88,4,UDP,443,52783,,forward,20260823_150110_web_001_9490,Web
1787477509.570241,215,4,UDP,52783,443,,forward,20260823_150110_web_001_9490,Web
1787477509.631405,88,4,UDP,443,52783,,forward,20260823_150110_web_001_9490,Web
1787477509.631405,145,4,UDP,443,52783,,forward,20260823_150110_web_001_9490,Web
1787477509.631723,88,4,UDP,52783,443,,forward,20260823_150110_web_001_9490,Web
1787477509.803776,126,4,UDP,52783,443,,forward,20260823_150110_web_001_9490,Web
1787477509.81653,169,4,UDP,443,52783,,forward,20260823_150110_web_001_9490,Web
1787477509.816746,88,4,UDP,52783,443,,forward,20260823_150110_web_001_9490,Web
1787477509.817115,173,4,UDP,52783,443,,forward,20260823_150110_web_001_9490,Web
1787477509.866644,88,4,UDP,443,52783,,forward,20260823_150110_web_001_9490,Web
1787477509.866644,137,4,UDP,443,52783,,forward,20260823_150110_web_001_9490,Web
1787477509.866644,88,4,UDP,443,52783,,forward,20260823_150110_web_001_9490,Web
1787477509.866644,145,4,UDP,443,52783,,forward,20260823_150110_web_001_9490,Web
1787477509.866922,88,4,UDP,52783,443,,forward,20260823_150110_web_001_9490,Web
1787477509.897231,217,4,UDP,443,52783,,forward,20260823_150110_web_001_9490,Web
1787477509.897465,88,4,UDP,52783,443,,forward,20260823_150110_web_001_9490,Web
1787477509.944717,145,4,UDP,443,52783,,forward,20260823_150110_web_001_9490,Web
1787477509.944872,145,4,UDP,52783,443,,forward,20260823_150110_web_001_9490,Web
1787477509.944969,88,4,UDP,52783,443,,forward,20260823_150110_web_001_9490,Web
1787477509.945151,145,4,UDP,52783,443,,forward,20260823_150110_web_001_9490,Web
1787477510.006734,88,4,UDP,443,52783,,forward,20260823_150110_web_001_9490,Web
1787477510.178937,131,4,UDP,443,52783,,forward,20260823_150110_web_001_9490,Web
1787477510.179162,88,4,UDP,52783,443,,forward,20260823_150110_web_001_9490,Web
1787477510.179394,135,4,UDP,52783,443,,forward,20260823_150110_web_001_9490,Web
1787477510.22648,88,4,UDP,443,52783,,forward,20260823_150110_web_001_9490,Web
1787477510.22648,125,4,UDP,443,52783,,forward,20260823_150110_web_001_9490,Web
1787477510.226704,88,4,UDP,52783,443,,forward,20260823_150110_web_001_9490,Web
1787477510.30402,145,4,UDP,443,52783,,forward,20260823_150110_web_001_9490,Web
1787477510.304236,88,4,UDP,52783,443,,forward,20260823_150110_web_001_9490,Web
1787477510.304551,145,4,UDP,52783,443,,forward,20260823_150110_web_001_9490,Web
1787477510.30477,145,4,UDP,52783,443,,forward,20260823_150110_web_001_9490,Web
1787477510.334254,145,4,UDP,443,52783,,forward,20260823_150110_web_001_9490,Web
1787477510.334529,88,4,UDP,52783,443,,forward,20260823_150110_web_001_9490,Web
1787477510.334651,145,4,UDP,52783,443,,forward,20260823_150110_web_001_9490,Web
1787477510.365251,88,4,UDP,443,52783,,forward,20260823_150110_web_001_9490,Web
1787477510.365251,145,4,UDP,443,52783,,forward,20260823_150110_web_001_9490,Web
1787477510.365535,88,4,UDP,52783,443,,forward,20260823_150110_web_001_9490,Web
1787477510.395251,88,4,UDP,443,52783,,forward,20260823_150110_web_001_9490,Web
1787477510.634318,146,4,UDP,52783,443,,forward,20260823_150110_web_001_9490,Web
1787477510.69531,88,4,UDP,443,52783,,forward,20260823_150110_web_001_9490,Web
1787477510.69531,145,4,UDP,443,52783,,forward,20260823_150110_web_001_9490,Web
1787477510.695496,88,4,UDP,52783,443,,forward,20260823_150110_web_001_9490,Web
1787477510.842554,125,4,UDP,443,52783,,forward,20260823_150110_web_001_9490,Web
1787477510.842779,88,4,UDP,52783,443,,forward,20260823_150110_web_001_9490,Web
1787477510.842913,125,4,UDP,52783,443,,forward,20260823_150110_web_001_9490,Web
1787477510.900744,88,4,UDP,443,52783,,forward,20260823_150110_web_001_9490,Web
1787477511.043781,145,4,UDP,443,52783,,forward,20260823_150110_web_001_9490,Web
1787477511.044029,88,4,UDP,52783,443,,forward,20260823_150110_web_001_9490,Web
1787477511.044403,145,4,UDP,52783,443,,forward,20260823_150110_web_001_9490,Web
1787477511.111947,88,4,UDP,443,52783,,forward,20260823_150110_web_001_9490,Web
1787477511.160901,389,4,UDP,52783,443,,forward,20260823_150110_web_001_9490,Web
1787477511.171164,126,4,UDP,52783,443,,forward,20260823_150110_web_001_9490,Web
1787477511.217884,88,4,UDP,443,52783,,forward,20260823_150110_web_001_9490,Web
1787477511.217884,125,4,UDP,443,52783,,forward,20260823_150110_web_001_9490,Web
1787477511.218097,88,4,UDP,52783,443,,forward,20260823_150110_web_001_9490,Web
1787477511.219797,88,4,UDP,443,52783,,forward,20260823_150110_web_001_9490,Web
1787477511.235302,137,4,UDP,443,52783,,forward,20260823_150110_web_001_9490,Web
1787477511.235501,88,4,UDP,52783,443,,forward,20260823_150110_web_001_9490,Web
1787477511.359025,219,4,UDP,443,52783,,forward,20260823_150110_web_001_9490,Web
1787477511.359025,125,4,UDP,443,52783,,forward,20260823_150110_web_001_9490,Web
1787477511.35938,88,4,UDP,52783,443,,forward,20260823_150110_web_001_9490,Web
1787477511.359683,125,4,UDP,52783,443,,forward,20260823_150110_web_001_9490,Web
1787477511.405214,125,4,UDP,52783,443,,forward,20260823_150110_web_001_9490,Web
1787477511.421502,88,4,UDP,443,52783,,forward,20260823_150110_web_001_9490,Web
1787477511.469501,88,4,UDP,443,52783,,forward,20260823_150110_web_001_9490,Web
1787477511.864546,125,4,UDP,443,52783,,forward,20260823_150110_web_001_9490,Web
1787477511.864793,88,4,UDP,52783,443,,forward,20260823_150110_web_001_9490,Web
1787477511.864921,125,4,UDP,52783,443,,forward,20260823_150110_web_001_9490,Web
1787477511.925564,88,4,UDP,443,52783,,forward,20260823_150110_web_001_9490,Web
1787477512.022319,84,4,UDP,52783,443,,forward,20260823_150110_web_001_9490,Web
1787477512.054334,146,4,UDP,52783,443,,forward,20260823_150110_web_001_9490,Web
1787477512.086123,88,4,UDP,443,52783,,forward,20260823_150110_web_001_9490,Web
1787477512.118123,88,4,UDP,443,52783,,forward,20260823_150110_web_001_9490,Web
1787477512.118123,157,4,UDP,443,52783,,forward,20260823_150110_web_001_9490,Web
1787477512.118443,88,4,UDP,52783,443,,forward,20260823_150110_web_001_9490,Web
1787477513.222441,145,4,UDP,443,52783,,forward,20260823_150110_web_001_9490,Web
1787477513.222645,88,4,UDP,52783,443,,forward,20260823_150110_web_001_9490,Web
1787477513.222911,145,4,UDP,52783,443,,forward,20260823_150110_web_001_9490,Web
1787477513.284579,88,4,UDP,443,52783,,forward,20260823_150110_web_001_9490,Web
1787477513.411506,125,4,UDP,443,52783,,forward,20260823_150110_web_001_9490,Web
1787477513.411799,88,4,UDP,52783,443,,forward,20260823_150110_web_001_9490,Web
1787477513.412096,125,4,UDP,52783,443,,forward,20260823_150110_web_001_9490,Web
1787477513.460906,88,4,UDP,443,52783,,forward,20260823_150110_web_001_9490,Web
1787477513.713907,126,4,UDP,52783,443,,forward,20260823_150110_web_001_9490,Web
1787477513.777138,88,4,UDP,443,52783,,forward,20260823_150110_web_001_9490,Web
1787477513.777138,137,4,UDP,443,52783,,forward,20260823_150110_web_001_9490,Web
1787477513.777354,88,4,UDP,52783,443,,forward,20260823_150110_web_001_9490,Web
1787477513.916956,145,4,UDP,443,52783,,forward,20260823_150110_web_001_9490,Web
1787477513.917306,88,4,UDP,52783,443,,forward,20260823_150110_web_001_9490,Web
1787477513.917551,145,4,UDP,52783,443,,forward,20260823_150110_web_001_9490,Web
1787477513.964469,88,4,UDP,443,52783,,forward,20260823_150110_web_001_9490,Web
1787477514.18771,146,4,UDP,52783,443,,forward,20260823_150110_web_001_9490,Web
1787477514.239545,88,4,UDP,443,52783,,forward,20260823_150110_web_001_9490,Web
1787477514.239545,157,4,UDP,443,52783,,forward,20260823_150110_web_001_9490,Web
1787477514.239772,88,4,UDP,52783,443,,forward,20260823_150110_web_001_9490,Web
1787477514.917675,1365,4,UDP,52783,443,,forward,20260823_150110_web_001_9490,Web
1787477514.917783,1365,4,UDP,52783,443,,forward,20260823_150110_web_001_9490,Web
1787477514.917822,1365,4,UDP,52783,443,,forward,20260823_150110_web_001_9490,Web
1787477514.917848,1365,4,UDP,52783,443,,forward,20260823_150110_web_001_9490,Web
1787477514.917875,1365,4,UDP,52783,443,,forward,20260823_150110_web_001_9490,Web
1787477514.917916,781,4,UDP,52783,443,,forward,20260823_150110_web_001_9490,Web
1787477514.917944,1365,4,UDP,52783,443,,forward,20260823_150110_web_001_9490,Web
1787477514.917973,1365,4,UDP,52783,443,,forward,20260823_150110_web_001_9490,Web
1787477514.918007,183,4,UDP,52783,443,,forward,20260823_150110_web_001_9490,Web
1787477514.944203,170,4,UDP,443,52783,,forward,20260823_150110_web_001_9490,Web
1787477514.94441,88,4,UDP,52783,443,,forward,20260823_150110_web_001_9490,Web
1787477514.944528,125,4,UDP,52783,443,,forward,20260823_150110_web_001_9490,Web
1787477514.944571,125,4,UDP,52783,443,,forward,20260823_150110_web_001_9490,Web
1787477514.959263,156,4,UDP,443,52783,,forward,20260823_150110_web_001_9490,Web
1787477514.959475,88,4,UDP,52783,443,,forward,20260823_150110_web_001_9490,Web
1787477514.959847,160,4,UDP,52783,443,,forward,20260823_150110_web_001_9490,Web
1787477514.967229,88,4,UDP,443,52783,,forward,20260823_150110_web_001_9490,Web
1787477514.967229,88,4,UDP,443,52783,,forward,20260823_150110_web_001_9490,Web
1787477514.967229,340,4,UDP,443,52783,,forward,20260823_150110_web_001_9490,Web
1787477514.967229,184,4,UDP,443,52783,,forward,20260823_150110_web_001_9490,Web
1787477514.967481,88,4,UDP,52783,443,,forward,20260823_150110_web_001_9490,Web
1787477514.999114,88,4,UDP,443,52783,,forward,20260823_150110_web_001_9490,Web
1787477515.021141,88,4,UDP,443,52783,,forward,20260823_150110_web_001_9490,Web
1787477515.021141,125,4,UDP,443,52783,,forward,20260823_150110_web_001_9490,Web
1787477515.021679,88,4,UDP,52783,443,,forward,20260823_150110_web_001_9490,Web
1787477515.021776,145,4,UDP,52783,443,,forward,20260823_150110_web_001_9490,Web
1787477515.084084,88,4,UDP,443,52783,,forward,20260823_150110_web_001_9490,Web
1787477515.084084,652,4,UDP,443,52783,,forward,20260823_150110_web_001_9490,Web
1787477515.084382,88,4,UDP,52783,443,,forward,20260823_150110_web_001_9490,Web
1787477515.085832,180,4,UDP,52783,443,,forward,20260823_150110_web_001_9490,Web
1787477515.133558,88,4,UDP,443,52783,,forward,20260823_150110_web_001_9490,Web
1787477515.177568,145,4,UDP,443,52783,,forward,20260823_150110_web_001_9490,Web
1787477515.177996,88,4,UDP,52783,443,,forward,20260823_150110_web_001_9490,Web
1787477516.0177,84,4,UDP,52783,443,,forward,20260823_150110_web_001_9490,Web
1787477516.068056,88,4,UDP,443,52783,,forward,20260823_150110_web_001_9490,Web
1787477516.22252,165,4,UDP,443,52783,,forward,20260823_150110_web_001_9490,Web
1787477516.222751,88,4,UDP,52783,443,,forward,20260823_150110_web_001_9490,Web
1787477516.238678,166,4,UDP,52783,443,,forward,20260823_150110_web_001_9490,Web
1787477516.301567,88,4,UDP,443,52783,,forward,20260823_150110_web_001_9490,Web
1787477517.884877,574,4,UDP,443,52783,,forward,20260823_150110_web_001_9490,Web
1787477517.886246,88,4,UDP,52783,443,,forward,20260823_150110_web_001_9490,Web
1787477517.932713,125,4,UDP,52783,443,,forward,20260823_150110_web_001_9490,Web
1787477517.978923,88,4,UDP,443,52783,,forward,20260823_150110_web_001_9490,Web
1787477519.035157,125,4,UDP,443,52783,,forward,20260823_150110_web_001_9490,Web
1787477519.03536,88,4,UDP,52783,443,,forward,20260823_150110_web_001_9490,Web
1787477519.03568,125,4,UDP,52783,443,,forward,20260823_150110_web_001_9490,Web
1787477519.086197,88,4,UDP,443,52783,,forward,20260823_150110_web_001_9490,Web
1787477519.592739,117,4,UDP,52783,443,,forward,20260823_150110_web_001_9490,Web
1787477519.592855,344,4,UDP,52783,443,,forward,20260823_150110_web_001_9490,Web
1787477519.652981,88,4,UDP,443,52783,,forward,20260823_150110_web_001_9490,Web
1787477519.652981,88,4,UDP,443,52783,,forward,20260823_150110_web_001_9490,Web
1787477519.652981,508,4,UDP,443,52783,,forward,20260823_150110_web_001_9490,Web
1787477519.653224,88,4,UDP,52783,443,,forward,20260823_150110_web_001_9490,Web
1787477520.016422,84,4,UDP,52783,443,,forward,20260823_150110_web_001_9490,Web
1787477520.047778,145,4,UDP,52783,443,,forward,20260823_150110_web_001_9490,Web
1787477520.062992,145,4,UDP,443,52783,,forward,20260823_150110_web_001_9490,Web
1787477520.063309,88,4,UDP,52783,443,,forward,20260823_150110_web_001_9490,Web
1787477520.063436,145,4,UDP,52783,443,,forward,20260823_150110_web_001_9490,Web
1787477520.078995,88,4,UDP,443,52783,,forward,20260823_150110_web_001_9490,Web
1787477520.10993,88,4,UDP,443,52783,,forward,20260823_150110_web_001_9490,Web
1787477520.10993,145,4,UDP,443,52783,,forward,20260823_150110_web_001_9490,Web
1787477520.110146,88,4,UDP,52783,443,,forward,20260823_150110_web_001_9490,Web
1787477520.110414,145,4,UDP,52783,443,,forward,20260823_150110_web_001_9490,Web
1787477520.124957,88,4,UDP,443,52783,,forward,20260823_150110_web_001_9490,Web
1787477520.172418,88,4,UDP,443,52783,,forward,20260823_150110_web_001_9490,Web
1787477520.632774,145,4,UDP,443,52783,,forward,20260823_150110_web_001_9490,Web
1787477520.633074,88,4,UDP,52783,443,,forward,20260823_150110_web_001_9490,Web
1787477520.633489,145,4,UDP,52783,443,,forward,20260823_150110_web_001_9490,Web
1787477520.695777,88,4,UDP,443,52783,,forward,20260823_150110_web_001_9490,Web
1787477521.01879,146,4,UDP,52783,443,,forward,20260823_150110_web_001_9490,Web
1787477521.074275,88,4,UDP,443,52783,,forward,20260823_150110_web_001_9490,Web
1787477521.074275,157,4,UDP,443,52783,,forward,20260823_150110_web_001_9490,Web
1787477521.074873,88,4,UDP,52783,443,,forward,20260823_150110_web_001_9490,Web
1787477522.105653,145,4,UDP,443,52783,,forward,20260823_150110_web_001_9490,Web
1787477522.105885,88,4,UDP,52783,443,,forward,20260823_150110_web_001_9490,Web
1787477522.10613,145,4,UDP,52783,443,,forward,20260823_150110_web_001_9490,Web
1787477522.168162,88,4,UDP,443,52783,,forward,20260823_150110_web_001_9490,Web
1787477522.233736,389,4,UDP,52783,443,,forward,20260823_150110_web_001_9490,Web
1787477522.244677,145,4,UDP,443,52783,,forward,20260823_150110_web_001_9490,Web
1787477522.244865,88,4,UDP,52783,443,,forward,20260823_150110_web_001_9490,Web
1787477522.24517,145,4,UDP,52783,443,,forward,20260823_150110_web_001_9490,Web
1787477522.293245,88,4,UDP,443,52783,,forward,20260823_150110_web_001_9490,Web
1787477522.293245,125,4,UDP,443,52783,,forward,20260823_150110_web_001_9490,Web
1787477522.293245,88,4,UDP,443,52783,,forward,20260823_150110_web_001_9490,Web
1787477522.293539,88,4,UDP,52783,443,,forward,20260823_150110_web_001_9490,Web
1787477522.434037,219,4,UDP,443,52783,,forward,20260823_150110_web_001_9490,Web
1787477522.434427,88,4,UDP,52783,443,,forward,20260823_150110_web_001_9490,Web
1787477522.486377,125,4,UDP,52783,443,,forward,20260823_150110_web_001_9490,Web
1787477522.537092,88,4,UDP,443,52783,,forward,20260823_150110_web_001_9490,Web
1787477522.625567,145,4,UDP,443,52783,,forward,20260823_150110_web_001_9490,Web
1787477522.625567,145,4,UDP,443,52783,,forward,20260823_150110_web_001_9490,Web
1787477522.625932,88,4,UDP,52783,443,,forward,20260823_150110_web_001_9490,Web
1787477522.626071,210,4,UDP,52783,443,,forward,20260823_150110_web_001_9490,Web
1787477522.689003,88,4,UDP,443,52783,,forward,20260823_150110_web_001_9490,Web
1787477523.25602,146,4,UDP,52783,443,,forward,20260823_150110_web_001_9490,Web
1787477523.31918,88,4,UDP,443,52783,,forward,20260823_150110_web_001_9490,Web
1787477523.31918,157,4,UDP,443,52783,,forward,20260823_150110_web_001_9490,Web
1787477523.31918,145,4,UDP,443,52783,,forward,20260823_150110_web_001_9490,Web
1787477523.319566,88,4,UDP,52783,443,,forward,20260823_150110_web_001_9490,Web
1787477523.319733,145,4,UDP,52783,443,,forward,20260823_150110_web_001_9490,Web
1787477523.369654,88,4,UDP,443,52783,,forward,20260823_150110_web_001_9490,Web
1787477523.644774,145,4,UDP,443,52783,,forward,20260823_150110_web_001_9490,Web
1787477523.644774,145,4,UDP,443,52783,,forward,20260823_150110_web_001_9490,Web
1787477523.645183,88,4,UDP,52783,443,,forward,20260823_150110_web_001_9490,Web
1787477523.645432,210,4,UDP,52783,443,,forward,20260823_150110_web_001_9490,Web
1787477523.697757,88,4,UDP,443,52783,,forward,20260823_150110_web_001_9490,Web
1787477523.901956,125,4,UDP,443,52783,,forward,20260823_150110_web_001_9490,Web
1787477523.902352,88,4,UDP,52783,443,,forward,20260823_150110_web_001_9490,Web
1787477523.902497,125,4,UDP,52783,443,,forward,20260823_150110_web_001_9490,Web
1787477523.964497,88,4,UDP,443,52783,,forward,20260823_150110_web_001_9490,Web
1787477524.028855,84,4,UDP,52783,443,,forward,20260823_150110_web_001_9490,Web
1787477524.075984,88,4,UDP,443,52783,,forward,20260823_150110_web_001_9490,Web
1787477524.155519,210,4,UDP,443,52783,,forward,20260823_150110_web_001_9490,Web
1787477524.155519,145,4,UDP,443,52783,,forward,20260823_150110_web_001_9490,Web
1787477524.156599,88,4,UDP,52783,443,,forward,20260823_150110_web_001_9490,Web
1787477524.156737,275,4,UDP,52783,443,,forward,20260823_150110_web_001_9490,Web
1787477524.208587,88,4,UDP,443,52783,,forward,20260823_150110_web_001_9490,Web
1787477524.281027,125,4,UDP,443,52783,,forward,20260823_150110_web_001_9490,Web
1787477524.281787,88,4,UDP,52783,443,,forward,20260823_150110_web_001_9490,Web
1787477524.282237,125,4,UDP,52783,443,,forward,20260823_150110_web_001_9490,Web
1787477524.338584,88,4,UDP,443,52783,,forward,20260823_150110_web_001_9490,Web
1787477525.17988,131,4,UDP,443,52783,,forward,20260823_150110_web_001_9490,Web
1787477525.17988,125,4,UDP,443,52783,,forward,20260823_150110_web_001_9490,Web
1787477525.180275,88,4,UDP,52783,443,,forward,20260823_150110_web_001_9490,Web
1787477525.180773,180,4,UDP,52783,443,,forward,20260823_150110_web_001_9490,Web
1787477525.228874,88,4,UDP,443,52783,,forward,20260823_150110_web_001_9490,Web
1787477525.228874,125,4,UDP,443,52783,,forward,20260823_150110_web_001_9490,Web
1787477525.229325,88,4,UDP,52783,443,,forward,20260823_150110_web_001_9490,Web
1787477525.244402,125,4,UDP,443,52783,,forward,20260823_150110_web_001_9490,Web
1787477525.244636,88,4,UDP,52783,443,,forward,20260823_150110_web_001_9490,Web
1787477525.24517,125,4,UDP,52783,443,,forward,20260823_150110_web_001_9490,Web
1787477525.307489,88,4,UDP,443,52783,,forward,20260823_150110_web_001_9490,Web
1787477525.687517,125,4,UDP,443,52783,,forward,20260823_150110_web_001_9490,Web
1787477525.687893,88,4,UDP,52783,443,,forward,20260823_150110_web_001_9490,Web
1787477525.688822,125,4,UDP,52783,443,,forward,20260823_150110_web_001_9490,Web
1787477525.745998,88,4,UDP,443,52783,,forward,20260823_150110_web_001_9490,Web
1787477526.141919,145,4,UDP,443,52783,,forward,20260823_150110_web_001_9490,Web
1787477526.142172,88,4,UDP,52783,443,,forward,20260823_150110_web_001_9490,Web
1787477526.142407,145,4,UDP,52783,443,,forward,20260823_150110_web_001_9490,Web
1787477526.207975,88,4,UDP,443,52783,,forward,20260823_150110_web_001_9490,Web
1787477526.224006,165,4,UDP,443,52783,,forward,20260823_150110_web_001_9490,Web
1787477526.224201,88,4,UDP,52783,443,,forward,20260823_150110_web_001_9490,Web
1787477526.25812,166,4,UDP,52783,443,,forward,20260823_150110_web_001_9490,Web
1787477526.311581,88,4,UDP,443,52783,,forward,20260823_150110_web_001_9490,Web
1787477526.311581,165,4,UDP,443,52783,,forward,20260823_150110_web_001_9490,Web
1787477526.311787,88,4,UDP,52783,443,,forward,20260823_150110_web_001_9490,Web
1787477526.313315,167,4,UDP,52783,443,,forward,20260823_150110_web_001_9490,Web
1787477526.340625,215,4,UDP,52783,443,,forward,20260823_150110_web_001_9490,Web
1787477526.364945,88,4,UDP,443,52783,,forward,20260823_150110_web_001_9490,Web
1787477526.396921,88,4,UDP,443,52783,,forward,20260823_150110_web_001_9490,Web
1787477526.396921,145,4,UDP,443,52783,,forward,20260823_150110_web_001_9490,Web
1787477526.397137,88,4,UDP,52783,443,,forward,20260823_150110_web_001_9490,Web
1787477526.681986,217,4,UDP,443,52783,,forward,20260823_150110_web_001_9490,Web
1787477526.682429,88,4,UDP,52783,443,,forward,20260823_150110_web_001_9490,Web
1787477526.730123,145,4,UDP,52783,443,,forward,20260823_150110_web_001_9490,Web
1787477526.792523,88,4,UDP,443,52783,,forward,20260823_150110_web_001_9490,Web
1787477527.127108,146,4,UDP,52783,443,,forward,20260823_150110_web_001_9490,Web
1787477527.174323,88,4,UDP,443,52783,,forward,20260823_150110_web_001_9490,Web
1787477527.174323,157,4,UDP,443,52783,,forward,20260823_150110_web_001_9490,Web
1787477527.174572,88,4,UDP,52783,443,,forward,20260823_150110_web_001_9490,Web
1787477527.809673,125,4,UDP,443,52783,,forward,20260823_150110_web_001_9490,Web
1787477527.809873,88,4,UDP,52783,443,,forward,20260823_150110_web_001_9490,Web
1787477527.810104,125,4,UDP,52783,443,,forward,20260823_150110_web_001_9490,Web
1787477527.858538,88,4,UDP,443,52783,,forward,20260823_150110_web_001_9490,Web
1787477527.891747,574,4,UDP,443,52783,,forward,20260823_150110_web_001_9490,Web
1787477527.891988,88,4,UDP,52783,443,,forward,20260823_150110_web_001_9490,Web
1787477527.934617,125,4,UDP,52783,443,,forward,20260823_150110_web_001_9490,Web
1787477527.991382,88,4,UDP,443,52783,,forward,20260823_150110_web_001_9490,Web
1787477528.026641,84,4,UDP,52783,443,,forward,20260823_150110_web_001_9490,Web
1787477528.073947,88,4,UDP,443,52783,,forward,20260823_150110_web_001_9490,Web
1787477528.249516,145,4,UDP,443,52783,,forward,20260823_150110_web_001_9490,Web
1787477528.249755,88,4,UDP,52783,443,,forward,20260823_150110_web_001_9490,Web
1787477528.249909,145,4,UDP,52783,443,,forward,20260823_150110_web_001_9490,Web
1787477528.297864,88,4,UDP,443,52783,,forward,20260823_150110_web_001_9490,Web
1787477529.024793,125,4,UDP,443,52783,,forward,20260823_150110_web_001_9490,Web
1787477529.025042,88,4,UDP,52783,443,,forward,20260823_150110_web_001_9490,Web
1787477529.025215,125,4,UDP,52783,443,,forward,20260823_150110_web_001_9490,Web
1787477529.087225,88,4,UDP,443,52783,,forward,20260823_150110_web_001_9490,Web
1787477529.150817,145,4,UDP,443,52783,,forward,20260823_150110_web_001_9490,Web
1787477529.151009,88,4,UDP,52783,443,,forward,20260823_150110_web_001_9490,Web
1787477529.151153,145,4,UDP,52783,443,,forward,20260823_150110_web_001_9490,Web
1787477529.212749,88,4,UDP,443,52783,,forward,20260823_150110_web_001_9490,Web
1787477529.2451,146,4,UDP,52783,443,,forward,20260823_150110_web_001_9490,Web
1787477529.27627,125,4,UDP,443,52783,,forward,20260823_150110_web_001_9490,Web
1787477529.27627,125,4,UDP,443,52783,,forward,20260823_150110_web_001_9490,Web
1787477529.276919,88,4,UDP,52783,443,,forward,20260823_150110_web_001_9490,Web
1787477529.277322,170,4,UDP,52783,443,,forward,20260823_150110_web_001_9490,Web
1787477529.295598,88,4,UDP,443,52783,,forward,20260823_150110_web_001_9490,Web
1787477529.295598,157,4,UDP,443,52783,,forward,20260823_150110_web_001_9490,Web
1787477529.295799,88,4,UDP,52783,443,,forward,20260823_150110_web_001_9490,Web
1787477529.32872,88,4,UDP,443,52783,,forward,20260823_150110_web_001_9490,Web
1787477529.81579,169,4,UDP,443,52783,,forward,20260823_150110_web_001_9490,Web
1787477529.81621,88,4,UDP,52783,443,,forward,20260823_150110_web_001_9490,Web
1787477529.816652,173,4,UDP,52783,443,,forward,20260823_150110_web_001_9490,Web
1787477529.875712,88,4,UDP,443,52783,,forward,20260823_150110_web_001_9490,Web
1787477529.875712,145,4,UDP,443,52783,,forward,20260823_150110_web_001_9490,Web
1787477529.875949,88,4,UDP,52783,443,,forward,20260823_150110_web_001_9490,Web
1787477532.014119,84,4,UDP,52783,443,,forward,20260823_150110_web_001_9490,Web
1787477532.061489,88,4,UDP,443,52783,,forward,20260823_150110_web_001_9490,Web
1787477533.376043,125,4,UDP,443,52783,,forward,20260823_150110_web_001_9490,Web
1787477533.376347,88,4,UDP,52783,443,,forward,20260823_150110_web_001_9490,Web
1787477533.376497,125,4,UDP,52783,443,,forward,20260823_150110_web_001_9490,Web
1787477533.392508,194,4,UDP,52783,443,,forward,20260823_150110_web_001_9490,Web
1787477533.439617,88,4,UDP,443,52783,,forward,20260823_150110_web_001_9490,Web
1787477533.44551,88,4,UDP,443,52783,,forward,20260823_150110_web_001_9490,Web
1787477533.44551,145,4,UDP,443,52783,,forward,20260823_150110_web_001_9490,Web
1787477533.445729,88,4,UDP,52783,443,,forward,20260823_150110_web_001_9490,Web
1787477533.566098,183,4,UDP,443,52783,,forward,20260823_150110_web_001_9490,Web
1787477533.566395,88,4,UDP,52783,443,,forward,20260823_150110_web_001_9490,Web
1787477533.615844,145,4,UDP,52783,443,,forward,20260823_150110_web_001_9490,Web
1787477533.677575,88,4,UDP,443,52783,,forward,20260823_150110_web_001_9490,Web
1787477534.264454,125,4,UDP,443,52783,,forward,20260823_150110_web_001_9490,Web
1787477534.264639,88,4,UDP,52783,443,,forward,20260823_150110_web_001_9490,Web
1787477534.26524,246,4,UDP,52783,443,,forward,20260823_150110_web_001_9490,Web
1787477534.327567,88,4,UDP,443,52783,,forward,20260823_150110_web_001_9490,Web
1787477534.327567,170,4,UDP,443,52783,,forward,20260823_150110_web_001_9490,Web
1787477534.327777,88,4,UDP,52783,443,,forward,20260823_150110_web_001_9490,Web
1787477534.458585,1365,4,UDP,52783,443,,forward,20260823_150110_web_001_9490,Web
1787477534.458702,1365,4,UDP,52783,443,,forward,20260823_150110_web_001_9490,Web
1787477534.458738,1365,4,UDP,52783,443,,forward,20260823_150110_web_001_9490,Web
1787477534.45876,1365,4,UDP,52783,443,,forward,20260823_150110_web_001_9490,Web
1787477534.458786,1365,4,UDP,52783,443,,forward,20260823_150110_web_001_9490,Web
1787477534.458823,1365,4,UDP,52783,443,,forward,20260823_150110_web_001_9490,Web
1787477534.458872,1103,4,UDP,52783,443,,forward,20260823_150110_web_001_9490,Web
1787477534.512571,88,4,UDP,443,52783,,forward,20260823_150110_web_001_9490,Web
1787477534.512571,145,4,UDP,443,52783,,forward,20260823_150110_web_001_9490,Web
1787477534.512571,88,4,UDP,443,52783,,forward,20260823_150110_web_001_9490,Web
1787477534.512571,88,4,UDP,443,52783,,forward,20260823_150110_web_001_9490,Web
1787477534.512571,210,4,UDP,443,52783,,forward,20260823_150110_web_001_9490,Web
1787477534.512571,405,4,UDP,443,52783,,forward,20260823_150110_web_001_9490,Web
1787477534.512571,184,4,UDP,443,52783,,forward,20260823_150110_web_001_9490,Web
1787477534.512879,88,4,UDP,52783,443,,forward,20260823_150110_web_001_9490,Web
1787477534.563361,145,4,UDP,52783,443,,forward,20260823_150110_web_001_9490,Web
1787477534.578332,117,4,UDP,52783,443,,forward,20260823_150110_web_001_9490,Web
1787477534.578463,344,4,UDP,52783,443,,forward,20260823_150110_web_001_9490,Web
1787477534.611087,88,4,UDP,443,52783,,forward,20260823_150110_web_001_9490,Web
1787477534.611087,563,4,UDP,443,52783,,forward,20260823_150110_web_001_9490,Web
1787477534.611338,88,4,UDP,52783,443,,forward,20260823_150110_web_001_9490,Web
1787477534.613225,180,4,UDP,52783,443,,forward,20260823_150110_web_001_9490,Web
1787477534.638656,88,4,UDP,443,52783,,forward,20260823_150110_web_001_9490,Web
1787477534.638656,88,4,UDP,443,52783,,forward,20260823_150110_web_001_9490,Web
1787477534.638656,508,4,UDP,443,52783,,forward,20260823_150110_web_001_9490,Web
1787477534.638909,88,4,UDP,52783,443,,forward,20260823_150110_web_001_9490,Web
1787477534.66968,88,4,UDP,443,52783,,forward,20260823_150110_web_001_9490,Web
1787477534.713575,145,4,UDP,443,52783,,forward,20260823_150110_web_001_9490,Web
1787477534.713778,88,4,UDP,52783,443,,forward,20260823_150110_web_001_9490,Web
1787477534.907159,145,4,UDP,443,52783,,forward,20260823_150110_web_001_9490,Web
1787477534.90739,88,4,UDP,52783,443,,forward,20260823_150110_web_001_9490,Web
1787477534.907565,145,4,UDP,52783,443,,forward,20260823_150110_web_001_9490,Web
1787477534.970127,88,4,UDP,443,52783,,forward,20260823_150110_web_001_9490,Web
1787477535.097848,145,4,UDP,443,52783,,forward,20260823_150110_web_001_9490,Web
1787477535.098183,88,4,UDP,52783,443,,forward,20260823_150110_web_001_9490,Web
1787477535.098466,145,4,UDP,52783,443,,forward,20260823_150110_web_001_9490,Web
1787477535.147327,88,4,UDP,443,52783,,forward,20260823_150110_web_001_9490,Web
