timestamp,packet_length,ip_version,protocol,source_port,destination_port,tcp_flags,direction,session_id,traffic_class
1787482790.709557,145,4,UDP,52783,443,,forward,20260823_162946_file_transfer_001_5b75,File Transfer
1787482790.740369,149,4,UDP,443,52783,,forward,20260823_162946_file_transfer_001_5b75,File Transfer
1787482790.740369,125,4,UDP,443,52783,,forward,20260823_162946_file_transfer_001_5b75,File Transfer
1787482790.740721,88,4,UDP,52783,443,,forward,20260823_162946_file_transfer_001_5b75,File Transfer
1787482790.740999,170,4,UDP,52783,443,,forward,20260823_162946_file_transfer_001_5b75,File Transfer
1787482790.753424,88,4,UDP,443,52783,,forward,20260823_162946_file_transfer_001_5b75,File Transfer
1787482790.753424,145,4,UDP,443,52783,,forward,20260823_162946_file_transfer_001_5b75,File Transfer
1787482790.7537,88,4,UDP,52783,443,,forward,20260823_162946_file_transfer_001_5b75,File Transfer
1787482790.753962,145,4,UDP,52783,443,,forward,20260823_162946_file_transfer_001_5b75,File Transfer
1787482790.785873,88,4,UDP,443,52783,,forward,20260823_162946_file_transfer_001_5b75,File Transfer
1787482790.801896,88,4,UDP,443,52783,,forward,20260823_162946_file_transfer_001_5b75,File Transfer
1787482790.920746,169,4,UDP,443,52783,,forward,20260823_162946_file_transfer_001_5b75,File Transfer
1787482790.921025,88,4,UDP,52783,443,,forward,20260823_162946_file_transfer_001_5b75,File Transfer
1787482790.921719,173,4,UDP,52783,443,,forward,20260823_162946_file_transfer_001_5b75,File Transfer
1787482790.957759,125,4,UDP,443,52783,,forward,20260823_162946_file_transfer_001_5b75,File Transfer
1787482790.958088,88,4,UDP,52783,443,,forward,20260823_162946_file_transfer_001_5b75,File Transfer
1787482790.9583,125,4,UDP,52783,443,,forward,20260823_162946_file_transfer_001_5b75,File Transfer
1787482790.973373,88,4,UDP,443,52783,,forward,20260823_162946_file_transfer_001_5b75,File Transfer
1787482790.973373,145,4,UDP,443,52783,,forward,20260823_162946_file_transfer_001_5b75,File Transfer
1787482790.973652,88,4,UDP,52783,443,,forward,20260823_162946_file_transfer_001_5b75,File Transfer
1787482790.988554,146,4,UDP,52783,443,,forward,20260823_162946_file_transfer_001_5b75,File Transfer
1787482791.003319,88,4,UDP,443,52783,,forward,20260823_162946_file_transfer_001_5b75,File Transfer
1787482791.018877,145,4,UDP,52783,443,,forward,20260823_162946_file_transfer_001_5b75,File Transfer
1787482791.034253,88,4,UDP,443,52783,,forward,20260823_162946_file_transfer_001_5b75,File Transfer
1787482791.034253,157,4,UDP,443,52783,,forward,20260823_162946_file_transfer_001_5b75,File Transfer
1787482791.034605,88,4,UDP,52783,443,,forward,20260823_162946_file_transfer_001_5b75,File Transfer
1787482791.054269,88,4,UDP,443,52783,,forward,20260823_162946_file_transfer_001_5b75,File Transfer
1787482791.054269,145,4,UDP,443,52783,,forward,20260823_162946_file_transfer_001_5b75,File Transfer
1787482791.054567,88,4,UDP,52783,443,,forward,20260823_162946_file_transfer_001_5b75,File Transfer
1787482791.054864,145,4,UDP,52783,443,,forward,20260823_162946_file_transfer_001_5b75,File Transfer
1787482791.095312,88,4,UDP,443,52783,,forward,20260823_162946_file_transfer_001_5b75,File Transfer
1787482791.159235,126,4,UDP,52783,443,,forward,20260823_162946_file_transfer_001_5b75,File Transfer
1787482791.206575,88,4,UDP,443,52783,,forward,20260823_162946_file_transfer_001_5b75,File Transfer
1787482791.206575,137,4,UDP,443,52783,,forward,20260823_162946_file_transfer_001_5b75,File Transfer
1787482791.206872,88,4,UDP,52783,443,,forward,20260823_162946_file_transfer_001_5b75,File Transfer
1787482791.85617,145,4,UDP,52783,443,,forward,20260823_162946_file_transfer_001_5b75,File Transfer
1787482791.902392,131,4,UDP,443,52783,,forward,20260823_162946_file_transfer_001_5b75,File Transfer
1787482791.902392,88,4,UDP,443,52783,,forward,20260823_162946_file_transfer_001_5b75,File Transfer
1787482791.902392,145,4,UDP,443,52783,,forward,20260823_162946_file_transfer_001_5b75,File Transfer
1787482791.903294,88,4,UDP,52783,443,,forward,20260823_162946_file_transfer_001_5b75,File Transfer
1787482791.903657,200,4,UDP,52783,443,,forward,20260823_162946_file_transfer_001_5b75,File Transfer
1787482791.949349,88,4,UDP,443,52783,,forward,20260823_162946_file_transfer_001_5b75,File Transfer
1787482791.949349,125,4,UDP,443,52783,,forward,20260823_162946_file_transfer_001_5b75,File Transfer
1787482791.949687,88,4,UDP,52783,443,,forward,20260823_162946_file_transfer_001_5b75,File Transfer
1787482792.028002,84,4,UDP,52783,443,,forward,20260823_162946_file_transfer_001_5b75,File Transfer
1787482792.075382,88,4,UDP,443,52783,,forward,20260823_162946_file_transfer_001_5b75,File Transfer
1787482792.181873,125,4,UDP,443,52783,,forward,20260823_162946_file_transfer_001_5b75,File Transfer
1787482792.181873,145,4,UDP,443,52783,,forward,20260823_162946_file_transfer_001_5b75,File Transfer
1787482792.182157,88,4,UDP,52783,443,,forward,20260823_162946_file_transfer_001_5b75,File Transfer
1787482792.1825,190,4,UDP,52783,443,,forward,20260823_162946_file_transfer_001_5b75,File Transfer
1787482792.219865,88,4,UDP,443,52783,,forward,20260823_162946_file_transfer_001_5b75,File Transfer
1787482792.685686,125,4,UDP,443,52783,,forward,20260823_162946_file_transfer_001_5b75,File Transfer
1787482792.686297,88,4,UDP,52783,443,,forward,20260823_162946_file_transfer_001_5b75,File Transfer
1787482792.686431,125,4,UDP,52783,443,,forward,20260823_162946_file_transfer_001_5b75,File Transfer
1787482792.723538,88,4,UDP,443,52783,,forward,20260823_162946_file_transfer_001_5b75,File Transfer
1787482793.6861,126,4,UDP,52783,443,,forward,20260823_162946_file_transfer_001_5b75,File Transfer
1787482793.732881,88,4,UDP,443,52783,,forward,20260823_162946_file_transfer_001_5b75,File Transfer
1787482793.732881,137,4,UDP,443,52783,,forward,20260823_162946_file_transfer_001_5b75,File Transfer
1787482793.733165,88,4,UDP,52783,443,,forward,20260823_162946_file_transfer_001_5b75,File Transfer
1787482794.205746,145,4,UDP,443,52783,,forward,20260823_162946_file_transfer_001_5b75,File Transfer
1787482794.206076,88,4,UDP,52783,443,,forward,20260823_162946_file_transfer_001_5b75,File Transfer
1787482794.206257,145,4,UDP,52783,443,,forward,20260823_162946_file_transfer_001_5b75,File Transfer
1787482794.251798,88,4,UDP,443,52783,,forward,20260823_162946_file_transfer_001_5b75,File Transfer
1787482794.488084,165,4,UDP,443,52783,,forward,20260823_162946_file_transfer_001_5b75,File Transfer
1787482794.488423,88,4,UDP,52783,443,,forward,20260823_162946_file_transfer_001_5b75,File Transfer
1787482794.503516,166,4,UDP,52783,443,,forward,20260823_162946_file_transfer_001_5b75,File Transfer
1787482794.550083,88,4,UDP,443,52783,,forward,20260823_162946_file_transfer_001_5b75,File Transfer
1787482794.998644,1365,4,UDP,52783,443,,forward,20260823_162946_file_transfer_001_5b75,File Transfer
1787482794.998765,1365,4,UDP,52783,443,,forward,20260823_162946_file_transfer_001_5b75,File Transfer
1787482794.998804,1365,4,UDP,52783,443,,forward,20260823_162946_file_transfer_001_5b75,File Transfer
1787482794.998836,1365,4,UDP,52783,443,,forward,20260823_162946_file_transfer_001_5b75,File Transfer
1787482794.998865,1365,4,UDP,52783,443,,forward,20260823_162946_file_transfer_001_5b75,File Transfer
1787482794.998897,736,4,UDP,52783,443,,forward,20260823_162946_file_transfer_001_5b75,File Transfer
1787482795.040924,88,4,UDP,443,52783,,forward,20260823_162946_file_transfer_001_5b75,File Transfer
1787482795.040924,275,4,UDP,443,52783,,forward,20260823_162946_file_transfer_001_5b75,File Transfer
1787482795.041441,88,4,UDP,52783,443,,forward,20260823_162946_file_transfer_001_5b75,File Transfer
1787482795.087455,145,4,UDP,443,52783,,forward,20260823_162946_file_transfer_001_5b75,File Transfer
1787482795.087455,536,4,UDP,443,52783,,forward,20260823_162946_file_transfer_001_5b75,File Transfer
1787482795.087734,88,4,UDP,52783,443,,forward,20260823_162946_file_transfer_001_5b75,File Transfer
1787482795.089483,180,4,UDP,52783,443,,forward,20260823_162946_file_transfer_001_5b75,File Transfer
1787482795.13345,88,4,UDP,443,52783,,forward,20260823_162946_file_transfer_001_5b75,File Transfer
1787482795.13345,176,4,UDP,443,52783,,forward,20260823_162946_file_transfer_001_5b75,File Transfer
1787482795.13374,88,4,UDP,52783,443,,forward,20260823_162946_file_transfer_001_5b75,File Transfer
1787482795.147916,389,4,UDP,52783,443,,forward,20260823_162946_file_transfer_001_5b75,File Transfer
1787482795.179437,145,4,UDP,52783,443,,forward,20260823_162946_file_transfer_001_5b75,File Transfer
1787482795.185956,88,4,UDP,443,52783,,forward,20260823_162946_file_transfer_001_5b75,File Transfer
1787482795.185956,125,4,UDP,443,52783,,forward,20260823_162946_file_transfer_001_5b75,File Transfer
1787482795.18625,88,4,UDP,52783,443,,forward,20260823_162946_file_transfer_001_5b75,File Transfer
1787482795.209287,146,4,UDP,52783,443,,forward,20260823_162946_file_transfer_001_5b75,File Transfer
1787482795.220999,88,4,UDP,443,52783,,forward,20260823_162946_file_transfer_001_5b75,File Transfer
1787482795.253947,88,4,UDP,443,52783,,forward,20260823_162946_file_transfer_001_5b75,File Transfer
1787482795.253947,157,4,UDP,443,52783,,forward,20260823_162946_file_transfer_001_5b75,File Transfer
1787482795.254293,88,4,UDP,52783,443,,forward,20260823_162946_file_transfer_001_5b75,File Transfer
1787482795.332489,219,4,UDP,443,52783,,forward,20260823_162946_file_transfer_001_5b75,File Transfer
1787482795.332845,88,4,UDP,52783,443,,forward,20260823_162946_file_transfer_001_5b75,File Transfer
1787482795.379277,125,4,UDP,52783,443,,forward,20260823_162946_file_transfer_001_5b75,File Transfer
1787482795.418564,88,4,UDP,443,52783,,forward,20260823_162946_file_transfer_001_5b75,File Transfer
1787482796.014555,84,4,UDP,52783,443,,forward,20260823_162946_file_transfer_001_5b75,File Transfer
1787482796.0513,88,4,UDP,443,52783,,forward,20260823_162946_file_transfer_001_5b75,File Transfer
1787482796.139896,145,4,UDP,443,52783,,forward,20260823_162946_file_transfer_001_5b75,File Transfer
1787482796.140606,88,4,UDP,52783,443,,forward,20260823_162946_file_transfer_001_5b75,File Transfer
1787482796.140882,145,4,UDP,52783,443,,forward,20260823_162946_file_transfer_001_5b75,File Transfer
1787482796.182451,88,4,UDP,443,52783,,forward,20260823_162946_file_transfer_001_5b75,File Transfer
1787482797.121085,146,4,UDP,52783,443,,forward,20260823_162946_file_transfer_001_5b75,File Transfer
1787482797.167798,88,4,UDP,443,52783,,forward,20260823_162946_file_transfer_001_5b75,File Transfer
1787482797.167798,157,4,UDP,443,52783,,forward,20260823_162946_file_transfer_001_5b75,File Transfer
1787482797.168361,88,4,UDP,52783,443,,forward,20260823_162946_file_transfer_001_5b75,File Transfer
1787482799.593235,117,4,UDP,52783,443,,forward,20260823_162946_file_transfer_001_5b75,File Transfer
1787482799.593448,347,4,UDP,52783,443,,forward,20260823_162946_file_transfer_001_5b75,File Transfer
1787482799.639107,88,4,UDP,443,52783,,forward,20260823_162946_file_transfer_001_5b75,File Transfer
1787482799.639107,521,4,UDP,443,52783,,forward,20260823_162946_file_transfer_001_5b75,File Transfer
1787482799.639392,88,4,UDP,52783,443,,forward,20260823_162946_file_transfer_001_5b75,File Transfer
1787482799.875648,145,4,UDP,443,52783,,forward,20260823_162946_file_transfer_001_5b75,File Transfer
1787482799.876269,88,4,UDP,52783,443,,forward,20260823_162946_file_transfer_001_5b75,File Transfer
1787482799.876527,145,4,UDP,52783,443,,forward,20260823_162946_file_transfer_001_5b75,File Transfer
1787482799.921079,88,4,UDP,443,52783,,forward,20260823_162946_file_transfer_001_5b75,File Transfer
1787482800.018817,84,4,UDP,52783,443,,forward,20260823_162946_file_transfer_001_5b75,File Transfer
1787482800.065575,88,4,UDP,443,52783,,forward,20260823_162946_file_transfer_001_5b75,File Transfer
1787482800.365418,145,4,UDP,443,52783,,forward,20260823_162946_file_transfer_001_5b75,File Transfer
1787482800.365418,125,4,UDP,443,52783,,forward,20260823_162946_file_transfer_001_5b75,File Transfer
1787482800.365709,88,4,UDP,52783,443,,forward,20260823_162946_file_transfer_001_5b75,File Transfer
1787482800.365936,190,4,UDP,52783,443,,forward,20260823_162946_file_transfer_001_5b75,File Transfer
1787482800.410908,88,4,UDP,443,52783,,forward,20260823_162946_file_transfer_001_5b75,File Transfer
1787482800.791707,146,4,UDP,52783,443,,forward,20260823_162946_file_transfer_001_5b75,File Transfer
1787482800.838466,88,4,UDP,443,52783,,forward,20260823_162946_file_transfer_001_5b75,File Transfer
1787482800.838466,157,4,UDP,443,52783,,forward,20260823_162946_file_transfer_001_5b75,File Transfer
1787482800.838803,88,4,UDP,52783,443,,forward,20260823_162946_file_transfer_001_5b75,File Transfer
1787482801.391644,125,4,UDP,443,52783,,forward,20260823_162946_file_transfer_001_5b75,File Transfer
1787482801.391644,125,4,UDP,443,52783,,forward,20260823_162946_file_transfer_001_5b75,File Transfer
1787482801.391972,88,4,UDP,52783,443,,forward,20260823_162946_file_transfer_001_5b75,File Transfer
1787482801.392143,170,4,UDP,52783,443,,forward,20260823_162946_file_transfer_001_5b75,File Transfer
1787482801.438045,88,4,UDP,443,52783,,forward,20260823_162946_file_transfer_001_5b75,File Transfer
1787482802.229582,160,4,UDP,52783,443,,forward,20260823_162946_file_transfer_001_5b75,File Transfer
1787482802.272177,88,4,UDP,443,52783,,forward,20260823_162946_file_transfer_001_5b75,File Transfer
1787482802.272177,125,4,UDP,443,52783,,forward,20260823_162946_file_transfer_001_5b75,File Transfer
1787482802.272453,88,4,UDP,52783,443,,forward,20260823_162946_file_transfer_001_5b75,File Transfer
1787482802.671955,145,4,UDP,443,52783,,forward,20260823_162946_file_transfer_001_5b75,File Transfer
1787482802.672199,88,4,UDP,52783,443,,forward,20260823_162946_file_transfer_001_5b75,File Transfer
1787482802.67238,145,4,UDP,52783,443,,forward,20260823_162946_file_transfer_001_5b75,File Transfer
1787482802.718542,88,4,UDP,443,52783,,forward,20260823_162946_file_transfer_001_5b75,File Transfer
1787482802.734529,145,4,UDP,443,52783,,forward,20260823_162946_file_transfer_001_5b75,File Transfer
1787482802.734735,88,4,UDP,52783,443,,forward,20260823_162946_file_transfer_001_5b75,File Transfer
1787482802.735015,145,4,UDP,52783,443,,forward,20260823_162946_file_transfer_001_5b75,File Transfer
1787482802.781566,88,4,UDP,443,52783,,forward,20260823_162946_file_transfer_001_5b75,File Transfer
1787482803.589803,146,4,UDP,52783,443,,forward,20260823_162946_file_transfer_001_5b75,File Transfer
1787482803.637408,88,4,UDP,443,52783,,forward,20260823_162946_file_transfer_001_5b75,File Transfer
1787482803.637408,157,4,UDP,443,52783,,forward,20260823_162946_file_transfer_001_5b75,File Transfer
1787482803.637814,88,4,UDP,52783,443,,forward,20260823_162946_file_transfer_001_5b75,File Transfer
1787482803.652736,146,4,UDP,52783,443,,forward,20260823_162946_file_transfer_001_5b75,File Transfer
1787482803.69994,88,4,UDP,443,52783,,forward,20260823_162946_file_transfer_001_5b75,File Transfer
1787482803.69994,157,4,UDP,443,52783,,forward,20260823_162946_file_transfer_001_5b75,File Transfer
1787482803.700188,88,4,UDP,52783,443,,forward,20260823_162946_file_transfer_001_5b75,File Transfer
1787482804.015137,84,4,UDP,52783,443,,forward,20260823_162946_file_transfer_001_5b75,File Transfer
1787482804.078288,88,4,UDP,443,52783,,forward,20260823_162946_file_transfer_001_5b75,File Transfer
1787482804.48822,165,4,UDP,443,52783,,forward,20260823_162946_file_transfer_001_5b75,File Transfer
1787482804.488501,88,4,UDP,52783,443,,forward,20260823_162946_file_transfer_001_5b75,File Transfer
1787482804.507405,166,4,UDP,52783,443,,forward,20260823_162946_file_transfer_001_5b75,File Transfer
1787482804.55246,88,4,UDP,443,52783,,forward,20260823_162946_file_transfer_001_5b75,File Transfer
1787482804.974426,145,4,UDP,443,52783,,forward,20260823_162946_file_transfer_001_5b75,File Transfer
1787482804.974697,88,4,UDP,52783,443,,forward,20260823_162946_file_transfer_001_5b75,File Transfer
1787482804.975087,145,4,UDP,52783,443,,forward,20260823_162946_file_transfer_001_5b75,File Transfer
1787482805.010978,88,4,UDP,443,52783,,forward,20260823_162946_file_transfer_001_5b75,File Transfer
1787482805.233603,125,4,UDP,443,52783,,forward,20260823_162946_file_transfer_001_5b75,File Transfer
1787482805.234296,88,4,UDP,52783,443,,forward,20260823_162946_file_transfer_001_5b75,File Transfer
1787482805.234649,125,4,UDP,52783,443,,forward,20260823_162946_file_transfer_001_5b75,File Transfer
1787482805.280549,88,4,UDP,443,52783,,forward,20260823_162946_file_transfer_001_5b75,File Transfer
1787482806.002047,125,4,UDP,443,52783,,forward,20260823_162946_file_transfer_001_5b75,File Transfer
1787482806.002391,88,4,UDP,52783,443,,forward,20260823_162946_file_transfer_001_5b75,File Transfer
1787482806.002657,125,4,UDP,52783,443,,forward,20260823_162946_file_transfer_001_5b75,File Transfer
1787482806.04109,88,4,UDP,443,52783,,forward,20260823_162946_file_transfer_001_5b75,File Transfer
1787482806.380715,1365,4,UDP,52783,443,,forward,20260823_162946_file_transfer_001_5b75,File Transfer
1787482806.380863,1365,4,UDP,52783,443,,forward,20260823_162946_file_transfer_001_5b75,File Transfer
1787482806.380913,1365,4,UDP,52783,443,,forward,20260823_162946_file_transfer_001_5b75,File Transfer
1787482806.380948,1365,4,UDP,52783,443,,forward,20260823_162946_file_transfer_001_5b75,File Transfer
1787482806.380983,1365,4,UDP,52783,443,,forward,20260823_162946_file_transfer_001_5b75,File Transfer
1787482806.381037,786,4,UDP,52783,443,,forward,20260823_162946_file_transfer_001_5b75,File Transfer
1787482806.381076,1365,4,UDP,52783,443,,forward,20260823_162946_file_transfer_001_5b75,File Transfer
1787482806.381117,1365,4,UDP,52783,443,,forward,20260823_162946_file_transfer_001_5b75,File Transfer
1787482806.381152,695,4,UDP,52783,443,,forward,20260823_162946_file_transfer_001_5b75,File Transfer
1787482806.393565,153,4,UDP,52783,443,,forward,20260823_162946_file_transfer_001_5b75,File Transfer
1787482806.39435,153,4,UDP,52783,443,,forward,20260823_162946_file_transfer_001_5b75,File Transfer
1787482806.422009,88,4,UDP,443,52783,,forward,20260823_162946_file_transfer_001_5b75,File Transfer
1787482806.422009,88,4,UDP,443,52783,,forward,20260823_162946_file_transfer_001_5b75,File Transfer
1787482806.422009,405,4,UDP,443,52783,,forward,20260823_162946_file_transfer_001_5b75,File Transfer
1787482806.422009,184,4,UDP,443,52783,,forward,20260823_162946_file_transfer_001_5b75,File Transfer
1787482806.422659,88,4,UDP,52783,443,,forward,20260823_162946_file_transfer_001_5b75,File Transfer
1787482806.435815,88,4,UDP,443,52783,,forward,20260823_162946_file_transfer_001_5b75,File Transfer
1787482806.435815,181,4,UDP,443,52783,,forward,20260823_162946_file_transfer_001_5b75,File Transfer
1787482806.435815,88,4,UDP,443,52783,,forward,20260823_162946_file_transfer_001_5b75,File Transfer
1787482806.435815,181,4,UDP,443,52783,,forward,20260823_162946_file_transfer_001_5b75,File Transfer
1787482806.436173,88,4,UDP,52783,443,,forward,20260823_162946_file_transfer_001_5b75,File Transfer
1787482806.469011,145,4,UDP,52783,443,,forward,20260823_162946_file_transfer_001_5b75,File Transfer
1787482806.516342,88,4,UDP,443,52783,,forward,20260823_162946_file_transfer_001_5b75,File Transfer
1787482806.516342,694,4,UDP,443,52783,,forward,20260823_162946_file_transfer_001_5b75,File Transfer
1787482806.516342,145,4,UDP,443,52783,,forward,20260823_162946_file_transfer_001_5b75,File Transfer
1787482806.51702,88,4,UDP,52783,443,,forward,20260823_162946_file_transfer_001_5b75,File Transfer
1787482806.517411,145,4,UDP,52783,443,,forward,20260823_162946_file_transfer_001_5b75,File Transfer
1787482806.518644,180,4,UDP,52783,443,,forward,20260823_162946_file_transfer_001_5b75,File Transfer
1787482806.562358,88,4,UDP,443,52783,,forward,20260823_162946_file_transfer_001_5b75,File Transfer
1787482806.599796,145,4,UDP,443,52783,,forward,20260823_162946_file_transfer_001_5b75,File Transfer
1787482806.600063,88,4,UDP,52783,443,,forward,20260823_162946_file_transfer_001_5b75,File Transfer
1787482806.895593,131,4,UDP,443,52783,,forward,20260823_162946_file_transfer_001_5b75,File Transfer
1787482806.895966,88,4,UDP,52783,443,,forward,20260823_162946_file_transfer_001_5b75,File Transfer
1787482806.896361,135,4,UDP,52783,443,,forward,20260823_162946_file_transfer_001_5b75,File Transfer
1787482806.934558,88,4,UDP,443,52783,,forward,20260823_162946_file_transfer_001_5b75,File Transfer
1787482806.934558,125,4,UDP,443,52783,,forward,20260823_162946_file_transfer_001_5b75,File Transfer
1787482806.934851,88,4,UDP,52783,443,,forward,20260823_162946_file_transfer_001_5b75,File Transfer
1787482807.022107,125,4,UDP,443,52783,,forward,20260823_162946_file_transfer_001_5b75,File Transfer
1787482807.022367,88,4,UDP,52783,443,,forward,20260823_162946_file_transfer_001_5b75,File Transfer
1787482807.022587,125,4,UDP,52783,443,,forward,20260823_162946_file_transfer_001_5b75,File Transfer
1787482807.069108,88,4,UDP,443,52783,,forward,20260823_162946_file_transfer_001_5b75,File Transfer
1787482807.733959,125,4,UDP,443,52783,,forward,20260823_162946_file_transfer_001_5b75,File Transfer
1787482807.734206,88,4,UDP,52783,443,,forward,20260823_162946_file_transfer_001_5b75,File Transfer
1787482807.73452,125,4,UDP,52783,443,,forward,20260823_162946_file_transfer_001_5b75,File Transfer
1787482807.780953,88,4,UDP,443,52783,,forward,20260823_162946_file_transfer_001_5b75,File Transfer
1787482808.018367,84,4,UDP,52783,443,,forward,20260823_162946_file_transfer_001_5b75,File Transfer
1787482808.065186,88,4,UDP,443,52783,,forward,20260823_162946_file_transfer_001_5b75,File Transfer
1787482809.263015,145,4,UDP,443,52783,,forward,20260823_162946_file_transfer_001_5b75,File Transfer
1787482809.263281,88,4,UDP,52783,443,,forward,20260823_162946_file_transfer_001_5b75,File Transfer
1787482809.26346,145,4,UDP,52783,443,,forward,20260823_162946_file_transfer_001_5b75,File Transfer
1787482809.299132,88,4,UDP,443,52783,,forward,20260823_162946_file_transfer_001_5b75,File Transfer
1787482809.585597,125,4,UDP,443,52783,,forward,20260823_162946_file_transfer_001_5b75,File Transfer
1787482809.58618,88,4,UDP,52783,443,,forward,20260823_162946_file_transfer_001_5b75,File Transfer
1787482809.586398,125,4,UDP,52783,443,,forward,20260823_162946_file_transfer_001_5b75,File Transfer
1787482809.629984,88,4,UDP,443,52783,,forward,20260823_162946_file_transfer_001_5b75,File Transfer
1787482810.142079,389,4,UDP,52783,443,,forward,20260823_162946_file_transfer_001_5b75,File Transfer
1787482810.188243,88,4,UDP,443,52783,,forward,20260823_162946_file_transfer_001_5b75,File Transfer
1787482810.188243,125,4,UDP,443,52783,,forward,20260823_162946_file_transfer_001_5b75,File Transfer
1787482810.18855,88,4,UDP,52783,443,,forward,20260823_162946_file_transfer_001_5b75,File Transfer
1787482810.267734,146,4,UDP,52783,443,,forward,20260823_162946_file_transfer_001_5b75,File Transfer
1787482810.313998,88,4,UDP,443,52783,,forward,20260823_162946_file_transfer_001_5b75,File Transfer
1787482810.313998,157,4,UDP,443,52783,,forward,20260823_162946_file_transfer_001_5b75,File Transfer
1787482810.314393,88,4,UDP,52783,443,,forward,20260823_162946_file_transfer_001_5b75,File Transfer
1787482810.329033,219,4,UDP,443,52783,,forward,20260823_162946_file_transfer_001_5b75,File Transfer
1787482810.329328,88,4,UDP,52783,443,,forward,20260823_162946_file_transfer_001_5b75,File Transfer
1787482810.376529,125,4,UDP,52783,443,,forward,20260823_162946_file_transfer_001_5b75,File Transfer
1787482810.422535,88,4,UDP,443,52783,,forward,20260823_162946_file_transfer_001_5b75,File Transfer
1787482810.931187,169,4,UDP,443,52783,,forward,20260823_162946_file_transfer_001_5b75,File Transfer
1787482810.931391,88,4,UDP,52783,443,,forward,20260823_162946_file_transfer_001_5b75,File Transfer
1787482810.931903,173,4,UDP,52783,443,,forward,20260823_162946_file_transfer_001_5b75,File Transfer
1787482810.977226,88,4,UDP,443,52783,,forward,20260823_162946_file_transfer_001_5b75,File Transfer
1787482810.977226,145,4,UDP,443,52783,,forward,20260823_162946_file_transfer_001_5b75,File Transfer
1787482810.977562,88,4,UDP,52783,443,,forward,20260823_162946_file_transfer_001_5b75,File Transfer
1787482811.183226,145,4,UDP,443,52783,,forward,20260823_162946_file_transfer_001_5b75,File Transfer
1787482811.18353,88,4,UDP,52783,443,,forward,20260823_162946_file_transfer_001_5b75,File Transfer
1787482811.183718,145,4,UDP,52783,443,,forward,20260823_162946_file_transfer_001_5b75,File Transfer
1787482811.230738,88,4,UDP,443,52783,,forward,20260823_162946_file_transfer_001_5b75,File Transfer
1787482812.022571,84,4,UDP,52783,443,,forward,20260823_162946_file_transfer_001_5b75,File Transfer
1787482812.064351,88,4,UDP,443,52783,,forward,20260823_162946_file_transfer_001_5b75,File Transfer
1787482812.181361,146,4,UDP,52783,443,,forward,20260823_162946_file_transfer_001_5b75,File Transfer
1787482812.22835,88,4,UDP,443,52783,,forward,20260823_162946_file_transfer_001_5b75,File Transfer
1787482812.22835,157,4,UDP,443,52783,,forward,20260823_162946_file_transfer_001_5b75,File Transfer
1787482812.228788,88,4,UDP,52783,443,,forward,20260823_162946_file_transfer_001_5b75,File Transfer
1787482813.133036,244,4,UDP,52783,443,,forward,20260823_162946_file_transfer_001_5b75,File Transfer
1787482813.133633,162,4,UDP,52783,443,,forward,20260823_162946_file_transfer_001_5b75,File Transfer
1787482813.134255,162,4,UDP,52783,443,,forward,20260823_162946_file_transfer_001_5b75,File Transfer
1787482813.176874,88,4,UDP,443,52783,,forward,20260823_162946_file_transfer_001_5b75,File Transfer
1787482813.176874,269,4,UDP,443,52783,,forward,20260823_162946_file_transfer_001_5b75,File Transfer
1787482813.176874,269,4,UDP,443,52783,,forward,20260823_162946_file_transfer_001_5b75,File Transfer
1787482813.17716,88,4,UDP,52783,443,,forward,20260823_162946_file_transfer_001_5b75,File Transfer
1787482813.178561,162,4,UDP,52783,443,,forward,20260823_162946_file_transfer_001_5b75,File Transfer
1787482813.178745,162,4,UDP,52783,443,,forward,20260823_162946_file_transfer_001_5b75,File Transfer
1787482813.192459,429,4,UDP,443,52783,,forward,20260823_162946_file_transfer_001_5b75,File Transfer
1787482813.192459,429,4,UDP,443,52783,,forward,20260823_162946_file_transfer_001_5b75,File Transfer
1787482813.192703,88,4,UDP,52783,443,,forward,20260823_162946_file_transfer_001_5b75,File Transfer
1787482813.194909,157,4,UDP,52783,443,,forward,20260823_162946_file_transfer_001_5b75,File Transfer
1787482813.222355,88,4,UDP,443,52783,,forward,20260823_162946_file_transfer_001_5b75,File Transfer
1787482813.222355,429,4,UDP,443,52783,,forward,20260823_162946_file_transfer_001_5b75,File Transfer
1787482813.222355,429,4,UDP,443,52783,,forward,20260823_162946_file_transfer_001_5b75,File Transfer
1787482813.222589,88,4,UDP,52783,443,,forward,20260823_162946_file_transfer_001_5b75,File Transfer
1787482813.225303,162,4,UDP,52783,443,,forward,20260823_162946_file_transfer_001_5b75,File Transfer
1787482813.22576,162,4,UDP,52783,443,,forward,20260823_162946_file_transfer_001_5b75,File Transfer
1787482813.226221,162,4,UDP,52783,443,,forward,20260823_162946_file_transfer_001_5b75,File Transfer
1787482813.226642,162,4,UDP,52783,443,,forward,20260823_162946_file_transfer_001_5b75,File Transfer
1787482813.233391,88,4,UDP,443,52783,,forward,20260823_162946_file_transfer_001_5b75,File Transfer
1787482813.253374,157,4,UDP,443,52783,,forward,20260823_162946_file_transfer_001_5b75,File Transfer
1787482813.253726,88,4,UDP,52783,443,,forward,20260823_162946_file_transfer_001_5b75,File Transfer
1787482813.254055,145,4,UDP,52783,443,,forward,20260823_162946_file_transfer_001_5b75,File Transfer
1787482813.254744,1365,4,UDP,52783,443,,forward,20260823_162946_file_transfer_001_5b75,File Transfer
1787482813.254813,846,4,UDP,52783,443,,forward,20260823_162946_file_transfer_001_5b75,File Transfer
1787482813.266432,88,4,UDP,443,52783,,forward,20260823_162946_file_transfer_001_5b75,File Transfer
1787482813.266432,300,4,UDP,443,52783,,forward,20260823_162946_file_transfer_001_5b75,File Transfer
1787482813.266432,300,4,UDP,443,52783,,forward,20260823_162946_file_transfer_001_5b75,File Transfer
1787482813.266432,350,4,UDP,443,52783,,forward,20260823_162946_file_transfer_001_5b75,File Transfer
1787482813.266432,350,4,UDP,443,52783,,forward,20260823_162946_file_transfer_001_5b75,File Transfer
1787482813.26676,88,4,UDP,52783,443,,forward,20260823_162946_file_transfer_001_5b75,File Transfer
1787482813.267473,191,4,UDP,52783,443,,forward,20260823_162946_file_transfer_001_5b75,File Transfer
1787482813.267568,191,4,UDP,52783,443,,forward,20260823_162946_file_transfer_001_5b75,File Transfer
1787482813.269483,244,4,UDP,52783,443,,forward,20260823_162946_file_transfer_001_5b75,File Transfer
1787482813.298429,88,4,UDP,443,52783,,forward,20260823_162946_file_transfer_001_5b75,File Transfer
1787482813.298429,210,4,UDP,443,52783,,forward,20260823_162946_file_transfer_001_5b75,File Transfer
1787482813.298652,88,4,UDP,52783,443,,forward,20260823_162946_file_transfer_001_5b75,File Transfer
1787482813.314316,88,4,UDP,443,52783,,forward,20260823_162946_file_transfer_001_5b75,File Transfer
1787482813.314316,269,4,UDP,443,52783,,forward,20260823_162946_file_transfer_001_5b75,File Transfer
1787482813.314316,269,4,UDP,443,52783,,forward,20260823_162946_file_transfer_001_5b75,File Transfer
1787482813.314316,88,4,UDP,443,52783,,forward,20260823_162946_file_transfer_001_5b75,File Transfer
1787482813.314316,1353,4,UDP,443,52783,,forward,20260823_162946_file_transfer_001_5b75,File Transfer
1787482813.314316,300,4,UDP,443,52783,,forward,20260823_162946_file_transfer_001_5b75,File Transfer
1787482813.314316,300,4,UDP,443,52783,,forward,20260823_162946_file_transfer_001_5b75,File Transfer
1787482813.314749,88,4,UDP,52783,443,,forward,20260823_162946_file_transfer_001_5b75,File Transfer
1787482813.316607,137,4,UDP,52783,443,,forward,20260823_162946_file_transfer_001_5b75,File Transfer
1787482813.359327,88,4,UDP,443,52783,,forward,20260823_162946_file_transfer_001_5b75,File Transfer
1787482813.359479,145,4,UDP,52783,443,,forward,20260823_162946_file_transfer_001_5b75,File Transfer
1787482813.397843,88,4,UDP,443,52783,,forward,20260823_162946_file_transfer_001_5b75,File Transfer
1787482813.397843,259,4,UDP,443,52783,,forward,20260823_162946_file_transfer_001_5b75,File Transfer
1787482813.398133,88,4,UDP,52783,443,,forward,20260823_162946_file_transfer_001_5b75,File Transfer
1787482813.401927,209,4,UDP,52783,443,,forward,20260823_162946_file_transfer_001_5b75,File Transfer
1787482813.402084,237,4,UDP,52783,443,,forward,20260823_162946_file_transfer_001_5b75,File Transfer
1787482813.402279,484,4,UDP,52783,443,,forward,20260823_162946_file_transfer_001_5b75,File Transfer
1787482813.451871,88,4,UDP,443,52783,,forward,20260823_162946_file_transfer_001_5b75,File Transfer
1787482813.451871,145,4,UDP,443,52783,,forward,20260823_162946_file_transfer_001_5b75,File Transfer
1787482813.452174,88,4,UDP,52783,443,,forward,20260823_162946_file_transfer_001_5b75,File Transfer
1787482813.465882,324,4,UDP,443,52783,,forward,20260823_162946_file_transfer_001_5b75,File Transfer
1787482813.46615,88,4,UDP,52783,443,,forward,20260823_162946_file_transfer_001_5b75,File Transfer
1787482813.474382,1365,4,UDP,52783,443,,forward,20260823_162946_file_transfer_001_5b75,File Transfer
1787482813.4745,1365,4,UDP,52783,443,,forward,20260823_162946_file_transfer_001_5b75,File Transfer
1787482813.474544,1365,4,UDP,52783,443,,forward,20260823_162946_file_transfer_001_5b75,File Transfer
1787482813.474576,1365,4,UDP,52783,443,,forward,20260823_162946_file_transfer_001_5b75,File Transfer
1787482813.474613,1365,4,UDP,52783,443,,forward,20260823_162946_file_transfer_001_5b75,File Transfer
1787482813.474716,1365,4,UDP,52783,443,,forward,20260823_162946_file_transfer_001_5b75,File Transfer
1787482813.474804,1365,4,UDP,52783,443,,forward,20260823_162946_file_transfer_001_5b75,File Transfer
1787482813.474843,1365,4,UDP,52783,443,,forward,20260823_162946_file_transfer_001_5b75,File Transfer
1787482813.474878,1365,4,UDP,52783,443,,forward,20260823_162946_file_transfer_001_5b75,File Transfer
1787482813.474914,1365,4,UDP,52783,443,,forward,20260823_162946_file_transfer_001_5b75,File Transfer
1787482813.474947,1365,4,UDP,52783,443,,forward,20260823_162946_file_transfer_001_5b75,File Transfer
1787482813.474992,1365,4,UDP,52783,443,,forward,20260823_162946_file_transfer_001_5b75,File Transfer
1787482813.475032,1365,4,UDP,52783,443,,forward,20260823_162946_file_transfer_001_5b75,File Transfer
1787482813.475065,154,4,UDP,52783,443,,forward,20260823_162946_file_transfer_001_5b75,File Transfer
1787482813.513306,88,4,UDP,443,52783,,forward,20260823_162946_file_transfer_001_5b75,File Transfer
1787482813.513306,88,4,UDP,443,52783,,forward,20260823_162946_file_transfer_001_5b75,File Transfer
1787482813.513306,88,4,UDP,443,52783,,forward,20260823_162946_file_transfer_001_5b75,File Transfer
1787482813.513306,470,4,UDP,443,52783,,forward,20260823_162946_file_transfer_001_5b75,File Transfer
1787482813.513306,405,4,UDP,443,52783,,forward,20260823_162946_file_transfer_001_5b75,File Transfer
1787482813.513306,88,4,UDP,443,52783,,forward,20260823_162946_file_transfer_001_5b75,File Transfer
1787482813.513306,88,4,UDP,443,52783,,forward,20260823_162946_file_transfer_001_5b75,File Transfer
1787482813.513446,145,4,UDP,52783,443,,forward,20260823_162946_file_transfer_001_5b75,File Transfer
1787482813.513661,88,4,UDP,52783,443,,forward,20260823_162946_file_transfer_001_5b75,File Transfer
1787482813.528182,275,4,UDP,443,52783,,forward,20260823_162946_file_transfer_001_5b75,File Transfer
1787482813.528478,88,4,UDP,52783,443,,forward,20260823_162946_file_transfer_001_5b75,File Transfer
1787482813.546148,88,4,UDP,443,52783,,forward,20260823_162946_file_transfer_001_5b75,File Transfer
1787482813.546707,698,4,UDP,443,52783,,forward,20260823_162946_file_transfer_001_5b75,File Transfer
1787482813.546931,88,4,UDP,52783,443,,forward,20260823_162946_file_transfer_001_5b75,File Transfer
1787482813.548108,176,4,UDP,52783,443,,forward,20260823_162946_file_transfer_001_5b75,File Transfer
1787482813.550567,202,4,UDP,52783,443,,forward,20260823_162946_file_transfer_001_5b75,File Transfer
1787482813.590667,137,4,UDP,443,52783,,forward,20260823_162946_file_transfer_001_5b75,File Transfer
1787482813.590667,88,4,UDP,443,52783,,forward,20260823_162946_file_transfer_001_5b75,File Transfer
1787482813.590667,88,4,UDP,443,52783,,forward,20260823_162946_file_transfer_001_5b75,File Transfer
1787482813.590667,145,4,UDP,443,52783,,forward,20260823_162946_file_transfer_001_5b75,File Transfer
1787482813.590989,88,4,UDP,52783,443,,forward,20260823_162946_file_transfer_001_5b75,File Transfer
1787482813.591417,145,4,UDP,52783,443,,forward,20260823_162946_file_transfer_001_5b75,File Transfer
1787482813.635963,88,4,UDP,443,52783,,forward,20260823_162946_file_transfer_001_5b75,File Transfer
1787482813.668637,636,4,UDP,443,52783,,forward,20260823_162946_file_transfer_001_5b75,File Transfer
1787482813.668987,88,4,UDP,52783,443,,forward,20260823_162946_file_transfer_001_5b75,File Transfer
1787482813.672515,180,4,UDP,52783,443,,forward,20260823_162946_file_transfer_001_5b75,File Transfer
1787482813.714838,88,4,UDP,443,52783,,forward,20260823_162946_file_transfer_001_5b75,File Transfer
1787482813.714838,176,4,UDP,443,52783,,forward,20260823_162946_file_transfer_001_5b75,File Transfer
1787482813.715171,88,4,UDP,52783,443,,forward,20260823_162946_file_transfer_001_5b75,File Transfer
1787482813.760957,145,4,UDP,52783,443,,forward,20260823_162946_file_transfer_001_5b75,File Transfer
1787482813.80628,88,4,UDP,443,52783,,forward,20260823_162946_file_transfer_001_5b75,File Transfer
1787482813.838314,137,4,UDP,443,52783,,forward,20260823_162946_file_transfer_001_5b75,File Transfer
1787482813.838667,88,4,UDP,52783,443,,forward,20260823_162946_file_transfer_001_5b75,File Transfer
1787482813.839069,125,4,UDP,52783,443,,forward,20260823_162946_file_transfer_001_5b75,File Transfer
1787482813.839827,1365,4,UDP,52783,443,,forward,20260823_162946_file_transfer_001_5b75,File Transfer
1787482813.839901,806,4,UDP,52783,443,,forward,20260823_162946_file_transfer_001_5b75,File Transfer
1787482813.874701,88,4,UDP,443,52783,,forward,20260823_162946_file_transfer_001_5b75,File Transfer
1787482813.885681,88,4,UDP,443,52783,,forward,20260823_162946_file_transfer_001_5b75,File Transfer
1787482813.885681,170,4,UDP,443,52783,,forward,20260823_162946_file_transfer_001_5b75,File Transfer
1787482813.886049,88,4,UDP,52783,443,,forward,20260823_162946_file_transfer_001_5b75,File Transfer
1787482814.360605,1365,4,UDP,443,52783,,forward,20260823_162946_file_transfer_001_5b75,File Transfer
1787482814.360605,253,4,UDP,443,52783,,forward,20260823_162946_file_transfer_001_5b75,File Transfer
1787482814.360605,1365,4,UDP,443,52783,,forward,20260823_162946_file_transfer_001_5b75,File Transfer
1787482814.360897,88,4,UDP,52783,443,,forward,20260823_162946_file_transfer_001_5b75,File Transfer
1787482814.361235,125,4,UDP,52783,443,,forward,20260823_162946_file_transfer_001_5b75,File Transfer
1787482814.407146,88,4,UDP,443,52783,,forward,20260823_162946_file_transfer_001_5b75,File Transfer
1787482814.407146,685,4,UDP,443,52783,,forward,20260823_162946_file_transfer_001_5b75,File Transfer
1787482814.407496,88,4,UDP,52783,443,,forward,20260823_162946_file_transfer_001_5b75,File Transfer
1787482814.407614,125,4,UDP,52783,443,,forward,20260823_162946_file_transfer_001_5b75,File Transfer
1787482814.411525,189,4,UDP,52783,443,,forward,20260823_162946_file_transfer_001_5b75,File Transfer
1787482814.411662,217,4,UDP,52783,443,,forward,20260823_162946_file_transfer_001_5b75,File Transfer
1787482814.411838,527,4,UDP,52783,443,,forward,20260823_162946_file_transfer_001_5b75,File Transfer
1787482814.411914,960,4,UDP,52783,443,,forward,20260823_162946_file_transfer_001_5b75,File Transfer
1787482814.45315,88,4,UDP,443,52783,,forward,20260823_162946_file_transfer_001_5b75,File Transfer
1787482814.45315,125,4,UDP,443,52783,,forward,20260823_162946_file_transfer_001_5b75,File Transfer
1787482814.45315,88,4,UDP,443,52783,,forward,20260823_162946_file_transfer_001_5b75,File Transfer
1787482814.45315,88,4,UDP,443,52783,,forward,20260823_162946_file_transfer_001_5b75,File Transfer
1787482814.45315,215,4,UDP,443,52783,,forward,20260823_162946_file_transfer_001_5b75,File Transfer
1787482814.453501,88,4,UDP,52783,443,,forward,20260823_162946_file_transfer_001_5b75,File Transfer
1787482814.498711,165,4,UDP,443,52783,,forward,20260823_162946_file_transfer_001_5b75,File Transfer
1787482814.499266,88,4,UDP,52783,443,,forward,20260823_162946_file_transfer_001_5b75,File Transfer
1787482814.515107,166,4,UDP,52783,443,,forward,20260823_162946_file_transfer_001_5b75,File Transfer
1787482814.562622,88,4,UDP,443,52783,,forward,20260823_162946_file_transfer_001_5b75,File Transfer
1787482814.578847,117,4,UDP,52783,443,,forward,20260823_162946_file_transfer_001_5b75,File Transfer
1787482814.578994,347,4,UDP,52783,443,,forward,20260823_162946_file_transfer_001_5b75,File Transfer
1787482814.626505,88,4,UDP,443,52783,,forward,20260823_162946_file_transfer_001_5b75,File Transfer
1787482814.626505,521,4,UDP,443,52783,,forward,20260823_162946_file_transfer_001_5b75,File Transfer
1787482814.626942,88,4,UDP,52783,443,,forward,20260823_162946_file_transfer_001_5b75,File Transfer
1787482814.641503,137,4,UDP,443,52783,,forward,20260823_162946_file_transfer_001_5b75,File Transfer
1787482814.641745,88,4,UDP,52783,443,,forward,20260823_162946_file_transfer_001_5b75,File Transfer
1787482814.687465,366,4,UDP,443,52783,,forward,20260823_162946_file_transfer_001_5b75,File Transfer
1787482814.687763,88,4,UDP,52783,443,,forward,20260823_162946_file_transfer_001_5b75,File Transfer
1787482814.688379,156,4,UDP,52783,443,,forward,20260823_162946_file_transfer_001_5b75,File Transfer
1787482814.702687,145,4,UDP,443,52783,,forward,20260823_162946_file_transfer_001_5b75,File Transfer
1787482814.702991,88,4,UDP,52783,443,,forward,20260823_162946_file_transfer_001_5b75,File Transfer
1787482814.703462,145,4,UDP,52783,443,,forward,20260823_162946_file_transfer_001_5b75,File Transfer
1787482814.733707,88,4,UDP,443,52783,,forward,20260823_162946_file_transfer_001_5b75,File Transfer
1787482814.733707,125,4,UDP,443,52783,,forward,20260823_162946_file_transfer_001_5b75,File Transfer
1787482814.734059,88,4,UDP,52783,443,,forward,20260823_162946_file_transfer_001_5b75,File Transfer
1787482814.742646,88,4,UDP,443,52783,,forward,20260823_162946_file_transfer_001_5b75,File Transfer
1787482814.828162,145,4,UDP,443,52783,,forward,20260823_162946_file_transfer_001_5b75,File Transfer
1787482814.828489,88,4,UDP,52783,443,,forward,20260823_162946_file_transfer_001_5b75,File Transfer
1787482814.828705,145,4,UDP,52783,443,,forward,20260823_162946_file_transfer_001_5b75,File Transfer
1787482814.873717,88,4,UDP,443,52783,,forward,20260823_162946_file_transfer_001_5b75,File Transfer
1787482814.920327,156,4,UDP,443,52783,,forward,20260823_162946_file_transfer_001_5b75,File Transfer
1787482814.920602,88,4,UDP,52783,443,,forward,20260823_162946_file_transfer_001_5b75,File Transfer
1787482814.96855,125,4,UDP,52783,443,,forward,20260823_162946_file_transfer_001_5b75,File Transfer
1787482815.009894,88,4,UDP,443,52783,,forward,20260823_162946_file_transfer_001_5b75,File Transfer
1787482815.009894,431,4,UDP,443,52783,,forward,20260823_162946_file_transfer_001_5b75,File Transfer
1787482815.010169,88,4,UDP,52783,443,,forward,20260823_162946_file_transfer_001_5b75,File Transfer
1787482815.062171,125,4,UDP,52783,443,,forward,20260823_162946_file_transfer_001_5b75,File Transfer
1787482815.109434,88,4,UDP,443,52783,,forward,20260823_162946_file_transfer_001_5b75,File Transfer
1787482815.729778,125,4,UDP,443,52783,,forward,20260823_162946_file_transfer_001_5b75,File Transfer
1787482815.729778,125,4,UDP,443,52783,,forward,20260823_162946_file_transfer_001_5b75,File Transfer
1787482815.730232,88,4,UDP,52783,443,,forward,20260823_162946_file_transfer_001_5b75,File Transfer
1787482815.730469,170,4,UDP,52783,443,,forward,20260823_162946_file_transfer_001_5b75,File Transfer
1787482815.775756,88,4,UDP,443,52783,,forward,20260823_162946_file_transfer_001_5b75,File Transfer
1787482815.840637,146,4,UDP,52783,443,,forward,20260823_162946_file_transfer_001_5b75,File Transfer
1787482815.887194,88,4,UDP,443,52783,,forward,20260823_162946_file_transfer_001_5b75,File Transfer
1787482815.887194,157,4,UDP,443,52783,,forward,20260823_162946_file_transfer_001_5b75,File Transfer
1787482815.887623,88,4,UDP,52783,443,,forward,20260823_162946_file_transfer_001_5b75,File Transfer
1787482816.029418,84,4,UDP,52783,443,,forward,20260823_162946_file_transfer_001_5b75,File Transfer
1787482816.075182,88,4,UDP,443,52783,,forward,20260823_162946_file_transfer_001_5b75,File Transfer
1787482816.155153,146,4,UDP,52783,443,,forward,20260823_162946_file_transfer_001_5b75,File Transfer
1787482816.201219,88,4,UDP,443,52783,,forward,20260823_162946_file_transfer_001_5b75,File Transfer
1787482816.201219,157,4,UDP,443,52783,,forward,20260823_162946_file_transfer_001_5b75,File Transfer
1787482816.201734,88,4,UDP,52783,443,,forward,20260823_162946_file_transfer_001_5b75,File Transfer
1787482816.311931,125,4,UDP,443,52783,,forward,20260823_162946_file_transfer_001_5b75,File Transfer
1787482816.312224,88,4,UDP,52783,443,,forward,20260823_162946_file_transfer_001_5b75,File Transfer
1787482816.312486,125,4,UDP,52783,443,,forward,20260823_162946_file_transfer_001_5b75,File Transfer
1787482816.358967,88,4,UDP,443,52783,,forward,20260823_162946_file_transfer_001_5b75,File Transfer
1787482816.581258,125,4,UDP,443,52783,,forward,20260823_162946_file_transfer_001_5b75,File Transfer
1787482816.581588,88,4,UDP,52783,443,,forward,20260823_162946_file_transfer_001_5b75,File Transfer
1787482817.644955,145,4,UDP,443,52783,,forward,20260823_162946_file_transfer_001_5b75,File Transfer
1787482817.645157,88,4,UDP,52783,443,,forward,20260823_162946_file_transfer_001_5b75,File Transfer
1787482817.645507,145,4,UDP,52783,443,,forward,20260823_162946_file_transfer_001_5b75,File Transfer
1787482817.690923,88,4,UDP,443,52783,,forward,20260823_162946_file_transfer_001_5b75,File Transfer
1787482817.722519,145,4,UDP,443,52783,,forward,20260823_162946_file_transfer_001_5b75,File Transfer
1787482817.722962,88,4,UDP,52783,443,,forward,20260823_162946_file_transfer_001_5b75,File Transfer
1787482817.723333,145,4,UDP,52783,443,,forward,20260823_162946_file_transfer_001_5b75,File Transfer
1787482817.769425,88,4,UDP,443,52783,,forward,20260823_162946_file_transfer_001_5b75,File Transfer
1787482818.640251,146,4,UDP,52783,443,,forward,20260823_162946_file_transfer_001_5b75,File Transfer
1787482818.68593,88,4,UDP,443,52783,,forward,20260823_162946_file_transfer_001_5b75,File Transfer
1787482818.68593,157,4,UDP,443,52783,,forward,20260823_162946_file_transfer_001_5b75,File Transfer
1787482818.686181,88,4,UDP,52783,443,,forward,20260823_162946_file_transfer_001_5b75,File Transfer
1787482818.70176,146,4,UDP,52783,443,,forward,20260823_162946_file_transfer_001_5b75,File Transfer
1787482818.747755,88,4,UDP,443,52783,,forward,20260823_162946_file_transfer_001_5b75,File Transfer
1787482818.747755,157,4,UDP,443,52783,,forward,20260823_162946_file_transfer_001_5b75,File Transfer
1787482818.748041,88,4,UDP,52783,443,,forward,20260823_162946_file_transfer_001_5b75,File Transfer
1787482819.158635,125,4,UDP,443,52783,,forward,20260823_162946_file_transfer_001_5b75,File Transfer
1787482819.159006,88,4,UDP,52783,443,,forward,20260823_162946_file_transfer_001_5b75,File Transfer
1787482819.159655,170,4,UDP,52783,443,,forward,20260823_162946_file_transfer_001_5b75,File Transfer
1787482819.204142,88,4,UDP,443,52783,,forward,20260823_162946_file_transfer_001_5b75,File Transfer
1787482819.204142,125,4,UDP,443,52783,,forward,20260823_162946_file_transfer_001_5b75,File Transfer
1787482819.204688,88,4,UDP,52783,443,,forward,20260823_162946_file_transfer_001_5b75,File Transfer
1787482819.271348,252,4,UDP,52783,443,,forward,20260823_162946_file_transfer_001_5b75,File Transfer
1787482819.272135,252,4,UDP,52783,443,,forward,20260823_162946_file_transfer_001_5b75,File Transfer
1787482819.309958,88,4,UDP,443,52783,,forward,20260823_162946_file_transfer_001_5b75,File Transfer
1787482819.309958,125,4,UDP,443,52783,,forward,20260823_162946_file_transfer_001_5b75,File Transfer
1787482819.310269,88,4,UDP,52783,443,,forward,20260823_162946_file_transfer_001_5b75,File Transfer
1787482819.310553,125,4,UDP,52783,443,,forward,20260823_162946_file_transfer_001_5b75,File Transfer
1787482819.316321,424,4,UDP,52783,443,,forward,20260823_162946_file_transfer_001_5b75,File Transfer
1787482819.330008,315,4,UDP,443,52783,,forward,20260823_162946_file_transfer_001_5b75,File Transfer
1787482819.330008,315,4,UDP,443,52783,,forward,20260823_162946_file_transfer_001_5b75,File Transfer
1787482819.330008,261,4,UDP,443,52783,,forward,20260823_162946_file_transfer_001_5b75,File Transfer
1787482819.330008,261,4,UDP,443,52783,,forward,20260823_162946_file_transfer_001_5b75,File Transfer
1787482819.330332,88,4,UDP,52783,443,,forward,20260823_162946_file_transfer_001_5b75,File Transfer
1787482819.331127,207,4,UDP,52783,443,,forward,20260823_162946_file_transfer_001_5b75,File Transfer
1787482819.331317,207,4,UDP,52783,443,,forward,20260823_162946_file_transfer_001_5b75,File Transfer
1787482819.361025,88,4,UDP,443,52783,,forward,20260823_162946_file_transfer_001_5b75,File Transfer
1787482819.361025,88,4,UDP,443,52783,,forward,20260823_162946_file_transfer_001_5b75,File Transfer
1787482819.361025,261,4,UDP,443,52783,,forward,20260823_162946_file_transfer_001_5b75,File Transfer
1787482819.361025,550,4,UDP,443,52783,,forward,20260823_162946_file_transfer_001_5b75,File Transfer
1787482819.361025,261,4,UDP,443,52783,,forward,20260823_162946_file_transfer_001_5b75,File Transfer
1787482819.361306,88,4,UDP,52783,443,,forward,20260823_162946_file_transfer_001_5b75,File Transfer
1787482819.362448,334,4,UDP,52783,443,,forward,20260823_162946_file_transfer_001_5b75,File Transfer
1787482819.37603,88,4,UDP,443,52783,,forward,20260823_162946_file_transfer_001_5b75,File Transfer
1787482819.390965,277,4,UDP,443,52783,,forward,20260823_162946_file_transfer_001_5b75,File Transfer
1787482819.390965,277,4,UDP,443,52783,,forward,20260823_162946_file_transfer_001_5b75,File Transfer
1787482819.391284,88,4,UDP,52783,443,,forward,20260823_162946_file_transfer_001_5b75,File Transfer
1787482819.393604,137,4,UDP,52783,443,,forward,20260823_162946_file_transfer_001_5b75,File Transfer
1787482819.406585,88,4,UDP,443,52783,,forward,20260823_162946_file_transfer_001_5b75,File Transfer
1787482819.406585,277,4,UDP,443,52783,,forward,20260823_162946_file_transfer_001_5b75,File Transfer
1787482819.406585,277,4,UDP,443,52783,,forward,20260823_162946_file_transfer_001_5b75,File Transfer
1787482819.406888,88,4,UDP,52783,443,,forward,20260823_162946_file_transfer_001_5b75,File Transfer
1787482819.437538,88,4,UDP,443,52783,,forward,20260823_162946_file_transfer_001_5b75,File Transfer
1787482819.478621,389,4,UDP,52783,443,,forward,20260823_162946_file_transfer_001_5b75,File Transfer
1787482819.516985,88,4,UDP,443,52783,,forward,20260823_162946_file_transfer_001_5b75,File Transfer
1787482819.516985,125,4,UDP,443,52783,,forward,20260823_162946_file_transfer_001_5b75,File Transfer
1787482819.517675,88,4,UDP,52783,443,,forward,20260823_162946_file_transfer_001_5b75,File Transfer
1787482819.562981,137,4,UDP,443,52783,,forward,20260823_162946_file_transfer_001_5b75,File Transfer
1787482819.563256,88,4,UDP,52783,443,,forward,20260823_162946_file_transfer_001_5b75,File Transfer
1787482819.56429,125,4,UDP,52783,443,,forward,20260823_162946_file_transfer_001_5b75,File Transfer
1787482819.564905,337,4,UDP,52783,443,,forward,20260823_162946_file_transfer_001_5b75,File Transfer
1787482819.608799,88,4,UDP,443,52783,,forward,20260823_162946_file_transfer_001_5b75,File Transfer
1787482819.608799,125,4,UDP,443,52783,,forward,20260823_162946_file_transfer_001_5b75,File Transfer
1787482819.609088,88,4,UDP,52783,443,,forward,20260823_162946_file_transfer_001_5b75,File Transfer
1787482819.688815,219,4,UDP,443,52783,,forward,20260823_162946_file_transfer_001_5b75,File Transfer
1787482819.689024,88,4,UDP,52783,443,,forward,20260823_162946_file_transfer_001_5b75,File Transfer
1787482819.736391,1365,4,UDP,443,52783,,forward,20260823_162946_file_transfer_001_5b75,File Transfer
1787482819.736391,1365,4,UDP,443,52783,,forward,20260823_162946_file_transfer_001_5b75,File Transfer
1787482819.736391,1184,4,UDP,443,52783,,forward,20260823_162946_file_transfer_001_5b75,File Transfer
1787482819.736864,125,4,UDP,52783,443,,forward,20260823_162946_file_transfer_001_5b75,File Transfer
1787482819.737069,88,4,UDP,52783,443,,forward,20260823_162946_file_transfer_001_5b75,File Transfer
1787482819.737553,125,4,UDP,52783,443,,forward,20260823_162946_file_transfer_001_5b75,File Transfer
1787482819.748644,225,4,UDP,52783,443,,forward,20260823_162946_file_transfer_001_5b75,File Transfer
1787482819.776444,88,4,UDP,443,52783,,forward,20260823_162946_file_transfer_001_5b75,File Transfer
1787482819.776444,88,4,UDP,443,52783,,forward,20260823_162946_file_transfer_001_5b75,File Transfer
1787482819.783495,88,4,UDP,443,52783,,forward,20260823_162946_file_transfer_001_5b75,File Transfer
1787482819.783495,125,4,UDP,443,52783,,forward,20260823_162946_file_transfer_001_5b75,File Transfer
1787482819.783837,88,4,UDP,52783,443,,forward,20260823_162946_file_transfer_001_5b75,File Transfer
1787482819.91362,176,4,UDP,443,52783,,forward,20260823_162946_file_transfer_001_5b75,File Transfer
1787482819.913886,88,4,UDP,52783,443,,forward,20260823_162946_file_transfer_001_5b75,File Transfer
1787482819.919333,594,4,UDP,52783,443,,forward,20260823_162946_file_transfer_001_5b75,File Transfer
1787482819.971686,88,4,UDP,443,52783,,forward,20260823_162946_file_transfer_001_5b75,File Transfer
1787482819.971686,125,4,UDP,443,52783,,forward,20260823_162946_file_transfer_001_5b75,File Transfer
1787482819.971987,88,4,UDP,52783,443,,forward,20260823_162946_file_transfer_001_5b75,File Transfer
1787482820.018443,84,4,UDP,52783,443,,forward,20260823_162946_file_transfer_001_5b75,File Transfer
1787482820.066186,88,4,UDP,443,52783,,forward,20260823_162946_file_transfer_001_5b75,File Transfer
1787482820.787791,170,4,UDP,52783,443,,forward,20260823_162946_file_transfer_001_5b75,File Transfer
1787482820.829181,88,4,UDP,443,52783,,forward,20260823_162946_file_transfer_001_5b75,File Transfer
1787482820.829181,125,4,UDP,443,52783,,forward,20260823_162946_file_transfer_001_5b75,File Transfer
1787482820.829425,88,4,UDP,52783,443,,forward,20260823_162946_file_transfer_001_5b75,File Transfer
1787482820.844153,145,4,UDP,443,52783,,forward,20260823_162946_file_transfer_001_5b75,File Transfer
1787482820.844368,88,4,UDP,52783,443,,forward,20260823_162946_file_transfer_001_5b75,File Transfer
1787482820.844627,145,4,UDP,52783,443,,forward,20260823_162946_file_transfer_001_5b75,File Transfer
1787482820.890654,88,4,UDP,443,52783,,forward,20260823_162946_file_transfer_001_5b75,File Transfer
1787482820.983156,125,4,UDP,443,52783,,forward,20260823_162946_file_transfer_001_5b75,File Transfer
1787482820.983449,88,4,UDP,52783,443,,forward,20260823_162946_file_transfer_001_5b75,File Transfer
1787482820.983732,125,4,UDP,52783,443,,forward,20260823_162946_file_transfer_001_5b75,File Transfer
1787482821.017695,88,4,UDP,443,52783,,forward,20260823_162946_file_transfer_001_5b75,File Transfer
1787482821.097193,202,4,UDP,443,52783,,forward,20260823_162946_file_transfer_001_5b75,File Transfer
1787482821.097437,88,4,UDP,52783,443,,forward,20260823_162946_file_transfer_001_5b75,File Transfer
1787482821.098309,164,4,UDP,52783,443,,forward,20260823_162946_file_transfer_001_5b75,File Transfer
1787482821.144142,88,4,UDP,443,52783,,forward,20260823_162946_file_transfer_001_5b75,File Transfer
1787482821.144142,125,4,UDP,443,52783,,forward,20260823_162946_file_transfer_001_5b75,File Transfer
1787482821.144413,88,4,UDP,52783,443,,forward,20260823_162946_file_transfer_001_5b75,File Transfer
1787482821.292597,731,4,UDP,52783,443,,forward,20260823_162946_file_transfer_001_5b75,File Transfer
1787482821.333304,88,4,UDP,443,52783,,forward,20260823_162946_file_transfer_001_5b75,File Transfer
1787482821.333304,145,4,UDP,443,52783,,forward,20260823_162946_file_transfer_001_5b75,File Transfer
1787482821.33357,88,4,UDP,52783,443,,forward,20260823_162946_file_transfer_001_5b75,File Transfer
1787482821.522174,170,4,UDP,52783,443,,forward,20260823_162946_file_transfer_001_5b75,File Transfer
1787482821.569504,88,4,UDP,443,52783,,forward,20260823_162946_file_transfer_001_5b75,File Transfer
1787482821.569504,125,4,UDP,443,52783,,forward,20260823_162946_file_transfer_001_5b75,File Transfer
1787482821.569868,88,4,UDP,52783,443,,forward,20260823_162946_file_transfer_001_5b75,File Transfer
1787482821.696499,1353,4,UDP,443,52783,,forward,20260823_162946_file_transfer_001_5b75,File Transfer
1787482821.696499,1365,4,UDP,443,52783,,forward,20260823_162946_file_transfer_001_5b75,File Transfer
1787482821.696499,1365,4,UDP,443,52783,,forward,20260823_162946_file_transfer_001_5b75,File Transfer
1787482821.696499,1365,4,UDP,443,52783,,forward,20260823_162946_file_transfer_001_5b75,File Transfer
1787482821.696499,1365,4,UDP,443,52783,,forward,20260823_162946_file_transfer_001_5b75,File Transfer
1787482821.696788,88,4,UDP,52783,443,,forward,20260823_162946_file_transfer_001_5b75,File Transfer
1787482821.697035,210,4,UDP,52783,443,,forward,20260823_162946_file_transfer_001_5b75,File Transfer
1787482821.742623,88,4,UDP,443,52783,,forward,20260823_162946_file_transfer_001_5b75,File Transfer
1787482821.742623,940,4,UDP,443,52783,,forward,20260823_162946_file_transfer_001_5b75,File Transfer
1787482821.742782,145,4,UDP,52783,443,,forward,20260823_162946_file_transfer_001_5b75,File Transfer
1787482821.742916,88,4,UDP,52783,443,,forward,20260823_162946_file_transfer_001_5b75,File Transfer
1787482821.780459,88,4,UDP,443,52783,,forward,20260823_162946_file_transfer_001_5b75,File Transfer
1787482821.78896,145,4,UDP,52783,443,,forward,20260823_162946_file_transfer_001_5b75,File Transfer
1787482821.83592,88,4,UDP,443,52783,,forward,20260823_162946_file_transfer_001_5b75,File Transfer
1787482821.883196,125,4,UDP,443,52783,,forward,20260823_162946_file_transfer_001_5b75,File Transfer
1787482821.883485,88,4,UDP,52783,443,,forward,20260823_162946_file_transfer_001_5b75,File Transfer
1787482821.883653,125,4,UDP,52783,443,,forward,20260823_162946_file_transfer_001_5b75,File Transfer
1787482821.913706,131,4,UDP,443,52783,,forward,20260823_162946_file_transfer_001_5b75,File Transfer
1787482821.913957,88,4,UDP,52783,443,,forward,20260823_162946_file_transfer_001_5b75,File Transfer
1787482821.914237,135,4,UDP,52783,443,,forward,20260823_162946_file_transfer_001_5b75,File Transfer
1787482821.918737,88,4,UDP,443,52783,,forward,20260823_162946_file_transfer_001_5b75,File Transfer
1787482821.95169,88,4,UDP,443,52783,,forward,20260823_162946_file_transfer_001_5b75,File Transfer
1787482821.95169,125,4,UDP,443,52783,,forward,20260823_162946_file_transfer_001_5b75,File Transfer
1787482821.951988,88,4,UDP,52783,443,,forward,20260823_162946_file_transfer_001_5b75,File Transfer
1787482822.518043,163,4,UDP,52783,443,,forward,20260823_162946_file_transfer_001_5b75,File Transfer
1787482822.518164,163,4,UDP,52783,443,,forward,20260823_162946_file_transfer_001_5b75,File Transfer
1787482822.519201,163,4,UDP,52783,443,,forward,20260823_162946_file_transfer_001_5b75,File Transfer
1787482822.519862,163,4,UDP,52783,443,,forward,20260823_162946_file_transfer_001_5b75,File Transfer
1787482822.561112,88,4,UDP,443,52783,,forward,20260823_162946_file_transfer_001_5b75,File Transfer
1787482822.561112,222,4,UDP,443,52783,,forward,20260823_162946_file_transfer_001_5b75,File Transfer
1787482822.561112,222,4,UDP,443,52783,,forward,20260823_162946_file_transfer_001_5b75,File Transfer
1787482822.561112,222,4,UDP,443,52783,,forward,20260823_162946_file_transfer_001_5b75,File Transfer
1787482822.561112,222,4,UDP,443,52783,,forward,20260823_162946_file_transfer_001_5b75,File Transfer
1787482822.561412,88,4,UDP,52783,443,,forward,20260823_162946_file_transfer_001_5b75,File Transfer
1787482822.562467,163,4,UDP,52783,443,,forward,20260823_162946_file_transfer_001_5b75,File Transfer
1787482822.606616,88,4,UDP,443,52783,,forward,20260823_162946_file_transfer_001_5b75,File Transfer
1787482822.606616,222,4,UDP,443,52783,,forward,20260823_162946_file_transfer_001_5b75,File Transfer
1787482822.606922,88,4,UDP,52783,443,,forward,20260823_162946_file_transfer_001_5b75,File Transfer
1787482822.861537,161,4,UDP,52783,443,,forward,20260823_162946_file_transfer_001_5b75,File Transfer
1787482822.906798,88,4,UDP,443,52783,,forward,20260823_162946_file_transfer_001_5b75,File Transfer
1787482822.906798,161,4,UDP,443,52783,,forward,20260823_162946_file_transfer_001_5b75,File Transfer
1787482822.90708,88,4,UDP,52783,443,,forward,20260823_162946_file_transfer_001_5b75,File Transfer
1787482823.322859,170,4,UDP,52783,443,,forward,20260823_162946_file_transfer_001_5b75,File Transfer
1787482823.364642,88,4,UDP,443,52783,,forward,20260823_162946_file_transfer_001_5b75,File Transfer
1787482823.364642,125,4,UDP,443,52783,,forward,20260823_162946_file_transfer_001_5b75,File Transfer
1787482823.365521,88,4,UDP,52783,443,,forward,20260823_162946_file_transfer_001_5b75,File Transfer
1787482823.629831,202,4,UDP,443,52783,,forward,20260823_162946_file_transfer_001_5b75,File Transfer
1787482823.630091,88,4,UDP,52783,443,,forward,20260823_162946_file_transfer_001_5b75,File Transfer
1787482823.630503,164,4,UDP,52783,443,,forward,20260823_162946_file_transfer_001_5b75,File Transfer
1787482823.675948,88,4,UDP,443,52783,,forward,20260823_162946_file_transfer_001_5b75,File Transfer
1787482823.675948,125,4,UDP,443,52783,,forward,20260823_162946_file_transfer_001_5b75,File Transfer
1787482823.676256,88,4,UDP,52783,443,,forward,20260823_162946_file_transfer_001_5b75,File Transfer
1787482823.861436,731,4,UDP,52783,443,,forward,20260823_162946_file_transfer_001_5b75,File Transfer
1787482823.898413,88,4,UDP,443,52783,,forward,20260823_162946_file_transfer_001_5b75,File Transfer
1787482823.898413,145,4,UDP,443,52783,,forward,20260823_162946_file_transfer_001_5b75,File Transfer
1787482823.898707,88,4,UDP,52783,443,,forward,20260823_162946_file_transfer_001_5b75,File Transfer
1787482824.024357,84,4,UDP,52783,443,,forward,20260823_162946_file_transfer_001_5b75,File Transfer
1787482824.071969,88,4,UDP,443,52783,,forward,20260823_162946_file_transfer_001_5b75,File Transfer
1787482824.233494,1365,4,UDP,443,52783,,forward,20260823_162946_file_transfer_001_5b75,File Transfer
1787482824.233494,1365,4,UDP,443,52783,,forward,20260823_162946_file_transfer_001_5b75,File Transfer
1787482824.233494,1365,4,UDP,443,52783,,forward,20260823_162946_file_transfer_001_5b75,File Transfer
1787482824.233494,1365,4,UDP,443,52783,,forward,20260823_162946_file_transfer_001_5b75,File Transfer
1787482824.233815,88,4,UDP,52783,443,,forward,20260823_162946_file_transfer_001_5b75,File Transfer
1787482824.234126,210,4,UDP,52783,443,,forward,20260823_162946_file_transfer_001_5b75,File Transfer
1787482824.245262,1365,4,UDP,443,52783,,forward,20260823_162946_file_transfer_001_5b75,File Transfer
1787482824.245262,1004,4,UDP,443,52783,,forward,20260823_162946_file_transfer_001_5b75,File Transfer
1787482824.245524,88,4,UDP,52783,443,,forward,20260823_162946_file_transfer_001_5b75,File Transfer
1787482824.245848,145,4,UDP,52783,443,,forward,20260823_162946_file_transfer_001_5b75,File Transfer
1787482824.274554,88,4,UDP,443,52783,,forward,20260823_162946_file_transfer_001_5b75,File Transfer
1787482824.291747,88,4,UDP,443,52783,,forward,20260823_162946_file_transfer_001_5b75,File Transfer
1787482824.370745,145,4,UDP,443,52783,,forward,20260823_162946_file_transfer_001_5b75,File Transfer
1787482824.371106,88,4,UDP,52783,443,,forward,20260823_162946_file_transfer_001_5b75,File Transfer
1787482824.371249,145,4,UDP,52783,443,,forward,20260823_162946_file_transfer_001_5b75,File Transfer
1787482824.409237,88,4,UDP,443,52783,,forward,20260823_162946_file_transfer_001_5b75,File Transfer
1787482824.497296,165,4,UDP,443,52783,,forward,20260823_162946_file_transfer_001_5b75,File Transfer
1787482824.497869,88,4,UDP,52783,443,,forward,20260823_162946_file_transfer_001_5b75,File Transfer
1787482824.513306,166,4,UDP,52783,443,,forward,20260823_162946_file_transfer_001_5b75,File Transfer
1787482824.560853,88,4,UDP,443,52783,,forward,20260823_162946_file_transfer_001_5b75,File Transfer
1787482824.921754,188,4,UDP,443,52783,,forward,20260823_162946_file_transfer_001_5b75,File Transfer
1787482824.921754,125,4,UDP,443,52783,,forward,20260823_162946_file_transfer_001_5b75,File Transfer
1787482824.922009,88,4,UDP,52783,443,,forward,20260823_162946_file_transfer_001_5b75,File Transfer
1787482824.922745,125,4,UDP,52783,443,,forward,20260823_162946_file_transfer_001_5b75,File Transfer
1787482824.923206,125,4,UDP,52783,443,,forward,20260823_162946_file_transfer_001_5b75,File Transfer
1787482824.968799,88,4,UDP,443,52783,,forward,20260823_162946_file_transfer_001_5b75,File Transfer
1787482824.968799,125,4,UDP,443,52783,,forward,20260823_162946_file_transfer_001_5b75,File Transfer
1787482824.96906,88,4,UDP,52783,443,,forward,20260823_162946_file_transfer_001_5b75,File Transfer
1787482825.3173,146,4,UDP,52783,443,,forward,20260823_162946_file_transfer_001_5b75,File Transfer
1787482825.365083,88,4,UDP,443,52783,,forward,20260823_162946_file_transfer_001_5b75,File Transfer
1787482825.365083,157,4,UDP,443,52783,,forward,20260823_162946_file_transfer_001_5b75,File Transfer
1787482825.365347,88,4,UDP,52783,443,,forward,20260823_162946_file_transfer_001_5b75,File Transfer
1787482825.458639,145,4,UDP,443,52783,,forward,20260823_162946_file_transfer_001_5b75,File Transfer
1787482825.45887,88,4,UDP,52783,443,,forward,20260823_162946_file_transfer_001_5b75,File Transfer
1787482825.459168,145,4,UDP,52783,443,,forward,20260823_162946_file_transfer_001_5b75,File Transfer
1787482825.505153,88,4,UDP,443,52783,,forward,20260823_162946_file_transfer_001_5b75,File Transfer
1787482828.021233,145,4,UDP,443,52783,,forward,20260823_162946_file_transfer_001_5b75,File Transfer
1787482828.021376,84,4,UDP,52783,443,,forward,20260823_162946_file_transfer_001_5b75,File Transfer
1787482828.021508,88,4,UDP,52783,443,,forward,20260823_162946_file_transfer_001_5b75,File Transfer
1787482828.022095,145,4,UDP,52783,443,,forward,20260823_162946_file_transfer_001_5b75,File Transfer
1787482828.066215,88,4,UDP,443,52783,,forward,20260823_162946_file_transfer_001_5b75,File Transfer
1787482828.070827,137,4,UDP,52783,443,,forward,20260823_162946_file_transfer_001_5b75,File Transfer
1787482828.07294,137,4,UDP,52783,443,,forward,20260823_162946_file_transfer_001_5b75,File Transfer
1787482828.114745,88,4,UDP,443,52783,,forward,20260823_162946_file_transfer_001_5b75,File Transfer
1787482828.338113,137,4,UDP,443,52783,,forward,20260823_162946_file_transfer_001_5b75,File Transfer
1787482828.33842,88,4,UDP,52783,443,,forward,20260823_162946_file_transfer_001_5b75,File Transfer
1787482828.338949,125,4,UDP,52783,443,,forward,20260823_162946_file_transfer_001_5b75,File Transfer
1787482828.343894,682,4,UDP,52783,443,,forward,20260823_162946_file_transfer_001_5b75,File Transfer
1787482828.353206,137,4,UDP,443,52783,,forward,20260823_162946_file_transfer_001_5b75,File Transfer
1787482828.353446,88,4,UDP,52783,443,,forward,20260823_162946_file_transfer_001_5b75,File Transfer
1787482828.353746,125,4,UDP,52783,443,,forward,20260823_162946_file_transfer_001_5b75,File Transfer
1787482828.35797,682,4,UDP,52783,443,,forward,20260823_162946_file_transfer_001_5b75,File Transfer
1787482828.383099,88,4,UDP,443,52783,,forward,20260823_162946_file_transfer_001_5b75,File Transfer
1787482828.383099,88,4,UDP,443,52783,,forward,20260823_162946_file_transfer_001_5b75,File Transfer
1787482828.383099,125,4,UDP,443,52783,,forward,20260823_162946_file_transfer_001_5b75,File Transfer
1787482828.383401,88,4,UDP,52783,443,,forward,20260823_162946_file_transfer_001_5b75,File Transfer
1787482828.398134,88,4,UDP,443,52783,,forward,20260823_162946_file_transfer_001_5b75,File Transfer
1787482828.398134,88,4,UDP,443,52783,,forward,20260823_162946_file_transfer_001_5b75,File Transfer
1787482828.398134,125,4,UDP,443,52783,,forward,20260823_162946_file_transfer_001_5b75,File Transfer
1787482828.398431,88,4,UDP,52783,443,,forward,20260823_162946_file_transfer_001_5b75,File Transfer
1787482828.492387,158,4,UDP,443,52783,,forward,20260823_162946_file_transfer_001_5b75,File Transfer
1787482828.492668,88,4,UDP,52783,443,,forward,20260823_162946_file_transfer_001_5b75,File Transfer
1787482828.493302,298,4,UDP,52783,443,,forward,20260823_162946_file_transfer_001_5b75,File Transfer
1787482828.53661,88,4,UDP,443,52783,,forward,20260823_162946_file_transfer_001_5b75,File Transfer
1787482828.53661,170,4,UDP,443,52783,,forward,20260823_162946_file_transfer_001_5b75,File Transfer
1787482828.536928,88,4,UDP,52783,443,,forward,20260823_162946_file_transfer_001_5b75,File Transfer
1787482828.616157,1365,4,UDP,443,52783,,forward,20260823_162946_file_transfer_001_5b75,File Transfer
1787482828.616157,1365,4,UDP,443,52783,,forward,20260823_162946_file_transfer_001_5b75,File Transfer
1787482828.616157,1365,4,UDP,443,52783,,forward,20260823_162946_file_transfer_001_5b75,File Transfer
1787482828.616157,1365,4,UDP,443,52783,,forward,20260823_162946_file_transfer_001_5b75,File Transfer
1787482828.616157,1365,4,UDP,443,52783,,forward,20260823_162946_file_transfer_001_5b75,File Transfer
1787482828.616157,1093,4,UDP,443,52783,,forward,20260823_162946_file_transfer_001_5b75,File Transfer
1787482828.616157,1365,4,UDP,443,52783,,forward,20260823_162946_file_transfer_001_5b75,File Transfer
1787482828.616472,88,4,UDP,52783,443,,forward,20260823_162946_file_transfer_001_5b75,File Transfer
1787482828.616848,395,4,UDP,52783,443,,forward,20260823_162946_file_transfer_001_5b75,File Transfer
1787482828.637152,1365,4,UDP,443,52783,,forward,20260823_162946_file_transfer_001_5b75,File Transfer
1787482828.637152,1365,4,UDP,443,52783,,forward,20260823_162946_file_transfer_001_5b75,File Transfer
1787482828.637152,1365,4,UDP,443,52783,,forward,20260823_162946_file_transfer_001_5b75,File Transfer
1787482828.637152,1365,4,UDP,443,52783,,forward,20260823_162946_file_transfer_001_5b75,File Transfer
1787482828.637152,1365,4,UDP,443,52783,,forward,20260823_162946_file_transfer_001_5b75,File Transfer
1787482828.637152,765,4,UDP,443,52783,,forward,20260823_162946_file_transfer_001_5b75,File Transfer
1787482828.637152,1365,4,UDP,443,52783,,forward,20260823_162946_file_transfer_001_5b75,File Transfer
1787482828.637539,88,4,UDP,52783,443,,forward,20260823_162946_file_transfer_001_5b75,File Transfer
1787482828.637856,260,4,UDP,52783,443,,forward,20260823_162946_file_transfer_001_5b75,File Transfer
1787482828.637948,215,4,UDP,52783,443,,forward,20260823_162946_file_transfer_001_5b75,File Transfer
1787482828.663196,88,4,UDP,443,52783,,forward,20260823_162946_file_transfer_001_5b75,File Transfer
1787482828.663196,710,4,UDP,443,52783,,forward,20260823_162946_file_transfer_001_5b75,File Transfer
1787482828.663196,193,4,UDP,443,52783,,forward,20260823_162946_file_transfer_001_5b75,File Transfer
1787482828.663525,88,4,UDP,52783,443,,forward,20260823_162946_file_transfer_001_5b75,File Transfer
1787482828.663792,125,4,UDP,52783,443,,forward,20260823_162946_file_transfer_001_5b75,File Transfer
1787482828.664778,319,4,UDP,52783,443,,forward,20260823_162946_file_transfer_001_5b75,File Transfer
1787482828.678207,88,4,UDP,443,52783,,forward,20260823_162946_file_transfer_001_5b75,File Transfer
1787482828.678207,1038,4,UDP,443,52783,,forward,20260823_162946_file_transfer_001_5b75,File Transfer
1787482828.678488,88,4,UDP,52783,443,,forward,20260823_162946_file_transfer_001_5b75,File Transfer
1787482828.678773,125,4,UDP,52783,443,,forward,20260823_162946_file_transfer_001_5b75,File Transfer
1787482828.684518,205,4,UDP,52783,443,,forward,20260823_162946_file_transfer_001_5b75,File Transfer
1787482828.685294,1135,4,UDP,52783,443,,forward,20260823_162946_file_transfer_001_5b75,File Transfer
1787482828.687327,205,4,UDP,52783,443,,forward,20260823_162946_file_transfer_001_5b75,File Transfer
1787482828.687609,1135,4,UDP,52783,443,,forward,20260823_162946_file_transfer_001_5b75,File Transfer
1787482828.703615,88,4,UDP,443,52783,,forward,20260823_162946_file_transfer_001_5b75,File Transfer
1787482828.703615,170,4,UDP,443,52783,,forward,20260823_162946_file_transfer_001_5b75,File Transfer
1787482828.703983,88,4,UDP,52783,443,,forward,20260823_162946_file_transfer_001_5b75,File Transfer
1787482828.723684,88,4,UDP,443,52783,,forward,20260823_162946_file_transfer_001_5b75,File Transfer
1787482828.723684,88,4,UDP,443,52783,,forward,20260823_162946_file_transfer_001_5b75,File Transfer
1787482828.723684,170,4,UDP,443,52783,,forward,20260823_162946_file_transfer_001_5b75,File Transfer
1787482828.723684,88,4,UDP,443,52783,,forward,20260823_162946_file_transfer_001_5b75,File Transfer
1787482828.723684,170,4,UDP,443,52783,,forward,20260823_162946_file_transfer_001_5b75,File Transfer
1787482828.724001,88,4,UDP,52783,443,,forward,20260823_162946_file_transfer_001_5b75,File Transfer
1787482828.83235,193,4,UDP,443,52783,,forward,20260823_162946_file_transfer_001_5b75,File Transfer
1787482828.832664,88,4,UDP,52783,443,,forward,20260823_162946_file_transfer_001_5b75,File Transfer
1787482828.880347,125,4,UDP,52783,443,,forward,20260823_162946_file_transfer_001_5b75,File Transfer
1787482828.927657,88,4,UDP,443,52783,,forward,20260823_162946_file_transfer_001_5b75,File Transfer
1787482828.959666,228,4,UDP,443,52783,,forward,20260823_162946_file_transfer_001_5b75,File Transfer
1787482828.959955,88,4,UDP,52783,443,,forward,20260823_162946_file_transfer_001_5b75,File Transfer
1787482828.960188,125,4,UDP,52783,443,,forward,20260823_162946_file_transfer_001_5b75,File Transfer
1787482828.972713,228,4,UDP,443,52783,,forward,20260823_162946_file_transfer_001_5b75,File Transfer
1787482828.972976,88,4,UDP,52783,443,,forward,20260823_162946_file_transfer_001_5b75,File Transfer
1787482828.973263,125,4,UDP,52783,443,,forward,20260823_162946_file_transfer_001_5b75,File Transfer
1787482829.005194,88,4,UDP,443,52783,,forward,20260823_162946_file_transfer_001_5b75,File Transfer
1787482829.005194,570,4,UDP,443,52783,,forward,20260823_162946_file_transfer_001_5b75,File Transfer
1787482829.005455,88,4,UDP,52783,443,,forward,20260823_162946_file_transfer_001_5b75,File Transfer
1787482829.005692,125,4,UDP,52783,443,,forward,20260823_162946_file_transfer_001_5b75,File Transfer
1787482829.021198,88,4,UDP,443,52783,,forward,20260823_162946_file_transfer_001_5b75,File Transfer
1787482829.021198,570,4,UDP,443,52783,,forward,20260823_162946_file_transfer_001_5b75,File Transfer
1787482829.02171,88,4,UDP,52783,443,,forward,20260823_162946_file_transfer_001_5b75,File Transfer
1787482829.021989,125,4,UDP,52783,443,,forward,20260823_162946_file_transfer_001_5b75,File Transfer
1787482829.051208,88,4,UDP,443,52783,,forward,20260823_162946_file_transfer_001_5b75,File Transfer
1787482829.067206,88,4,UDP,443,52783,,forward,20260823_162946_file_transfer_001_5b75,File Transfer
1787482829.591829,117,4,UDP,52783,443,,forward,20260823_162946_file_transfer_001_5b75,File Transfer
1787482829.591984,347,4,UDP,52783,443,,forward,20260823_162946_file_transfer_001_5b75,File Transfer
1787482829.637709,88,4,UDP,443,52783,,forward,20260823_162946_file_transfer_001_5b75,File Transfer
1787482829.637709,88,4,UDP,443,52783,,forward,20260823_162946_file_transfer_001_5b75,File Transfer
1787482829.637709,522,4,UDP,443,52783,,forward,20260823_162946_file_transfer_001_5b75,File Transfer
1787482829.638154,88,4,UDP,52783,443,,forward,20260823_162946_file_transfer_001_5b75,File Transfer
1787482829.936402,145,4,UDP,443,52783,,forward,20260823_162946_file_transfer_001_5b75,File Transfer
1787482829.936667,88,4,UDP,52783,443,,forward,20260823_162946_file_transfer_001_5b75,File Transfer
1787482829.936845,145,4,UDP,52783,443,,forward,20260823_162946_file_transfer_001_5b75,File Transfer
1787482829.97744,88,4,UDP,443,52783,,forward,20260823_162946_file_transfer_001_5b75,File Transfer
1787482830.062971,125,4,UDP,443,52783,,forward,20260823_162946_file_transfer_001_5b75,File Transfer
1787482830.062971,125,4,UDP,443,52783,,forward,20260823_162946_file_transfer_001_5b75,File Transfer
1787482830.063424,88,4,UDP,52783,443,,forward,20260823_162946_file_transfer_001_5b75,File Transfer
1787482830.063661,170,4,UDP,52783,443,,forward,20260823_162946_file_transfer_001_5b75,File Transfer
1787482830.108424,88,4,UDP,443,52783,,forward,20260823_162946_file_transfer_001_5b75,File Transfer
1787482830.266942,145,4,UDP,443,52783,,forward,20260823_162946_file_transfer_001_5b75,File Transfer
1787482830.267271,88,4,UDP,52783,443,,forward,20260823_162946_file_transfer_001_5b75,File Transfer
1787482830.267473,145,4,UDP,52783,443,,forward,20260823_162946_file_transfer_001_5b75,File Transfer
1787482830.307745,88,4,UDP,443,52783,,forward,20260823_162946_file_transfer_001_5b75,File Transfer
1787482830.576804,125,4,UDP,443,52783,,forward,20260823_162946_file_transfer_001_5b75,File Transfer
1787482830.577096,88,4,UDP,52783,443,,forward,20260823_162946_file_transfer_001_5b75,File Transfer
1787482830.577294,125,4,UDP,52783,443,,forward,20260823_162946_file_transfer_001_5b75,File Transfer
1787482830.614361,88,4,UDP,443,52783,,forward,20260823_162946_file_transfer_001_5b75,File Transfer
1787482830.899265,146,4,UDP,52783,443,,forward,20260823_162946_file_transfer_001_5b75,File Transfer
1787482830.930514,169,4,UDP,443,52783,,forward,20260823_162946_file_transfer_001_5b75,File Transfer
1787482830.930844,88,4,UDP,52783,443,,forward,20260823_162946_file_transfer_001_5b75,File Transfer
1787482830.931255,173,4,UDP,52783,443,,forward,20260823_162946_file_transfer_001_5b75,File Transfer
1787482830.939583,88,4,UDP,443,52783,,forward,20260823_162946_file_transfer_001_5b75,File Transfer
1787482830.939583,157,4,UDP,443,52783,,forward,20260823_162946_file_transfer_001_5b75,File Transfer
1787482830.939866,88,4,UDP,52783,443,,forward,20260823_162946_file_transfer_001_5b75,File Transfer
1787482830.976536,88,4,UDP,443,52783,,forward,20260823_162946_file_transfer_001_5b75,File Transfer
1787482830.976536,145,4,UDP,443,52783,,forward,20260823_162946_file_transfer_001_5b75,File Transfer
1787482830.976804,88,4,UDP,52783,443,,forward,20260823_162946_file_transfer_001_5b75,File Transfer
1787482832.022683,84,4,UDP,52783,443,,forward,20260823_162946_file_transfer_001_5b75,File Transfer
1787482832.069012,88,4,UDP,443,52783,,forward,20260823_162946_file_transfer_001_5b75,File Transfer
1787482832.226588,156,4,UDP,443,52783,,forward,20260823_162946_file_transfer_001_5b75,File Transfer
1787482832.227571,88,4,UDP,52783,443,,forward,20260823_162946_file_transfer_001_5b75,File Transfer
1787482832.228024,160,4,UDP,52783,443,,forward,20260823_162946_file_transfer_001_5b75,File Transfer
1787482832.272645,88,4,UDP,443,52783,,forward,20260823_162946_file_transfer_001_5b75,File Transfer
1787482832.272645,125,4,UDP,443,52783,,forward,20260823_162946_file_transfer_001_5b75,File Transfer
1787482832.272937,88,4,UDP,52783,443,,forward,20260823_162946_file_transfer_001_5b75,File Transfer
1787482832.698839,145,4,UDP,443,52783,,forward,20260823_162946_file_transfer_001_5b75,File Transfer
1787482832.699194,88,4,UDP,52783,443,,forward,20260823_162946_file_transfer_001_5b75,File Transfer
1787482832.699526,145,4,UDP,52783,443,,forward,20260823_162946_file_transfer_001_5b75,File Transfer
1787482832.743452,88,4,UDP,443,52783,,forward,20260823_162946_file_transfer_001_5b75,File Transfer
1787482833.69719,146,4,UDP,52783,443,,forward,20260823_162946_file_transfer_001_5b75,File Transfer
1787482833.74342,88,4,UDP,443,52783,,forward,20260823_162946_file_transfer_001_5b75,File Transfer
1787482833.74342,157,4,UDP,443,52783,,forward,20260823_162946_file_transfer_001_5b75,File Transfer
1787482833.743695,88,4,UDP,52783,443,,forward,20260823_162946_file_transfer_001_5b75,File Transfer
1787482834.171498,125,4,UDP,443,52783,,forward,20260823_162946_file_transfer_001_5b75,File Transfer
1787482834.17183,88,4,UDP,52783,443,,forward,20260823_162946_file_transfer_001_5b75,File Transfer
1787482834.172036,125,4,UDP,52783,443,,forward,20260823_162946_file_transfer_001_5b75,File Transfer
1787482834.211006,88,4,UDP,443,52783,,forward,20260823_162946_file_transfer_001_5b75,File Transfer
1787482834.502324,165,4,UDP,443,52783,,forward,20260823_162946_file_transfer_001_5b75,File Transfer
1787482834.502712,88,4,UDP,52783,443,,forward,20260823_162946_file_transfer_001_5b75,File Transfer
1787482834.518248,166,4,UDP,52783,443,,forward,20260823_162946_file_transfer_001_5b75,File Transfer
1787482834.564818,88,4,UDP,443,52783,,forward,20260823_162946_file_transfer_001_5b75,File Transfer
1787482835.194892,125,4,UDP,443,52783,,forward,20260823_162946_file_transfer_001_5b75,File Transfer
1787482835.194892,145,4,UDP,443,52783,,forward,20260823_162946_file_transfer_001_5b75,File Transfer
1787482835.195211,88,4,UDP,52783,443,,forward,20260823_162946_file_transfer_001_5b75,File Transfer
1787482835.195362,190,4,UDP,52783,443,,forward,20260823_162946_file_transfer_001_5b75,File Transfer
1787482835.242403,88,4,UDP,443,52783,,forward,20260823_162946_file_transfer_001_5b75,File Transfer
1787482835.892908,145,4,UDP,443,52783,,forward,20260823_162946_file_transfer_001_5b75,File Transfer
1787482835.893315,88,4,UDP,52783,443,,forward,20260823_162946_file_transfer_001_5b75,File Transfer
1787482835.893526,145,4,UDP,52783,443,,forward,20260823_162946_file_transfer_001_5b75,File Transfer
1787482835.940404,88,4,UDP,443,52783,,forward,20260823_162946_file_transfer_001_5b75,File Transfer
1787482836.019891,125,4,UDP,443,52783,,forward,20260823_162946_file_transfer_001_5b75,File Transfer
1787482836.020135,84,4,UDP,52783,443,,forward,20260823_162946_file_transfer_001_5b75,File Transfer
1787482836.020275,88,4,UDP,52783,443,,forward,20260823_162946_file_transfer_001_5b75,File Transfer
1787482836.020959,125,4,UDP,52783,443,,forward,20260823_162946_file_transfer_001_5b75,File Transfer
1787482836.065908,88,4,UDP,443,52783,,forward,20260823_162946_file_transfer_001_5b75,File Transfer
1787482836.065908,88,4,UDP,443,52783,,forward,20260823_162946_file_transfer_001_5b75,File Transfer
1787482836.746822,146,4,UDP,52783,443,,forward,20260823_162946_file_transfer_001_5b75,File Transfer
1787482836.793594,88,4,UDP,443,52783,,forward,20260823_162946_file_transfer_001_5b75,File Transfer
1787482836.793594,157,4,UDP,443,52783,,forward,20260823_162946_file_transfer_001_5b75,File Transfer
1787482836.793892,88,4,UDP,52783,443,,forward,20260823_162946_file_transfer_001_5b75,File Transfer
1787482836.909689,131,4,UDP,443,52783,,forward,20260823_162946_file_transfer_001_5b75,File Transfer
1787482836.910137,88,4,UDP,52783,443,,forward,20260823_162946_file_transfer_001_5b75,File Transfer
1787482836.910624,135,4,UDP,52783,443,,forward,20260823_162946_file_transfer_001_5b75,File Transfer
1787482836.948737,88,4,UDP,443,52783,,forward,20260823_162946_file_transfer_001_5b75,File Transfer
1787482836.948737,125,4,UDP,443,52783,,forward,20260823_162946_file_transfer_001_5b75,File Transfer
1787482836.949039,88,4,UDP,52783,443,,forward,20260823_162946_file_transfer_001_5b75,File Transfer
1787482837.600531,170,4,UDP,52783,443,,forward,20260823_162946_file_transfer_001_5b75,File Transfer
1787482837.643724,88,4,UDP,443,52783,,forward,20260823_162946_file_transfer_001_5b75,File Transfer
1787482837.643724,125,4,UDP,443,52783,,forward,20260823_162946_file_transfer_001_5b75,File Transfer
1787482837.643724,125,4,UDP,443,52783,,forward,20260823_162946_file_transfer_001_5b75,File Transfer
1787482837.643992,88,4,UDP,52783,443,,forward,20260823_162946_file_transfer_001_5b75,File Transfer
1787482837.644263,170,4,UDP,52783,443,,forward,20260823_162946_file_transfer_001_5b75,File Transfer
1787482837.677756,88,4,UDP,443,52783,,forward,20260823_162946_file_transfer_001_5b75,File Transfer
1787482837.677756,125,4,UDP,443,52783,,forward,20260823_162946_file_transfer_001_5b75,File Transfer
1787482837.678051,88,4,UDP,52783,443,,forward,20260823_162946_file_transfer_001_5b75,File Transfer
1787482837.678265,125,4,UDP,52783,443,,forward,20260823_162946_file_transfer_001_5b75,File Transfer
1787482837.724303,88,4,UDP,443,52783,,forward,20260823_162946_file_transfer_001_5b75,File Transfer
1787482838.772368,145,4,UDP,443,52783,,forward,20260823_162946_file_transfer_001_5b75,File Transfer
1787482838.772592,88,4,UDP,52783,443,,forward,20260823_162946_file_transfer_001_5b75,File Transfer
1787482838.772858,145,4,UDP,52783,443,,forward,20260823_162946_file_transfer_001_5b75,File Transfer
1787482838.807382,88,4,UDP,443,52783,,forward,20260823_162946_file_transfer_001_5b75,File Transfer
1787482839.261953,146,4,UDP,52783,443,,forward,20260823_162946_file_transfer_001_5b75,File Transfer
1787482839.308445,88,4,UDP,443,52783,,forward,20260823_162946_file_transfer_001_5b75,File Transfer
1787482839.308445,157,4,UDP,443,52783,,forward,20260823_162946_file_transfer_001_5b75,File Transfer
1787482839.308684,88,4,UDP,52783,443,,forward,20260823_162946_file_transfer_001_5b75,File Transfer
1787482839.41241,145,4,UDP,443,52783,,forward,20260823_162946_file_transfer_001_5b75,File Transfer
1787482839.412678,88,4,UDP,52783,443,,forward,20260823_162946_file_transfer_001_5b75,File Transfer
1787482839.412821,145,4,UDP,52783,443,,forward,20260823_162946_file_transfer_001_5b75,File Transfer
1787482839.449545,88,4,UDP,443,52783,,forward,20260823_162946_file_transfer_001_5b75,File Transfer
1787482840.018633,84,4,UDP,52783,443,,forward,20260823_162946_file_transfer_001_5b75,File Transfer
1787482840.065386,88,4,UDP,443,52783,,forward,20260823_162946_file_transfer_001_5b75,File Transfer
1787482840.367461,146,4,UDP,52783,443,,forward,20260823_162946_file_transfer_001_5b75,File Transfer
1787482840.41464,88,4,UDP,443,52783,,forward,20260823_162946_file_transfer_001_5b75,File Transfer
1787482840.41464,157,4,UDP,443,52783,,forward,20260823_162946_file_transfer_001_5b75,File Transfer
1787482840.41516,88,4,UDP,52783,443,,forward,20260823_162946_file_transfer_001_5b75,File Transfer
1787482842.362153,145,4,UDP,443,52783,,forward,20260823_162946_file_transfer_001_5b75,File Transfer
1787482842.362892,88,4,UDP,52783,443,,forward,20260823_162946_file_transfer_001_5b75,File Transfer
1787482842.363113,145,4,UDP,52783,443,,forward,20260823_162946_file_transfer_001_5b75,File Transfer
1787482842.409119,88,4,UDP,443,52783,,forward,20260823_162946_file_transfer_001_5b75,File Transfer
1787482843.058043,125,4,UDP,443,52783,,forward,20260823_162946_file_transfer_001_5b75,File Transfer
1787482843.05827,88,4,UDP,52783,443,,forward,20260823_162946_file_transfer_001_5b75,File Transfer
1787482843.058426,125,4,UDP,52783,443,,forward,20260823_162946_file_transfer_001_5b75,File Transfer
1787482843.074085,125,4,UDP,443,52783,,forward,20260823_162946_file_transfer_001_5b75,File Transfer
1787482843.074341,88,4,UDP,52783,443,,forward,20260823_162946_file_transfer_001_5b75,File Transfer
1787482843.074522,125,4,UDP,52783,443,,forward,20260823_162946_file_transfer_001_5b75,File Transfer
1787482843.1041,88,4,UDP,443,52783,,forward,20260823_162946_file_transfer_001_5b75,File Transfer
1787482843.110994,88,4,UDP,443,52783,,forward,20260823_162946_file_transfer_001_5b75,File Transfer
1787482843.374503,125,4,UDP,443,52783,,forward,20260823_162946_file_transfer_001_5b75,File Transfer
1787482843.375023,88,4,UDP,52783,443,,forward,20260823_162946_file_transfer_001_5b75,File Transfer
1787482843.375302,125,4,UDP,52783,443,,forward,20260823_162946_file_transfer_001_5b75,File Transfer
1787482843.420973,88,4,UDP,443,52783,,forward,20260823_162946_file_transfer_001_5b75,File Transfer
1787482843.48954,1365,4,UDP,52783,443,,forward,20260823_162946_file_transfer_001_5b75,File Transfer
1787482843.489683,1365,4,UDP,52783,443,,forward,20260823_162946_file_transfer_001_5b75,File Transfer
1787482843.489744,1365,4,UDP,52783,443,,forward,20260823_162946_file_transfer_001_5b75,File Transfer
1787482843.489781,1365,4,UDP,52783,443,,forward,20260823_162946_file_transfer_001_5b75,File Transfer
1787482843.48982,1365,4,UDP,52783,443,,forward,20260823_162946_file_transfer_001_5b75,File Transfer
1787482843.489868,786,4,UDP,52783,443,,forward,20260823_162946_file_transfer_001_5b75,File Transfer
1787482843.489916,1365,4,UDP,52783,443,,forward,20260823_162946_file_transfer_001_5b75,File Transfer
1787482843.489975,1365,4,UDP,52783,443,,forward,20260823_162946_file_transfer_001_5b75,File Transfer
1787482843.490025,183,4,UDP,52783,443,,forward,20260823_162946_file_transfer_001_5b75,File Transfer
1787482843.530083,88,4,UDP,443,52783,,forward,20260823_162946_file_transfer_001_5b75,File Transfer
1787482843.530083,88,4,UDP,443,52783,,forward,20260823_162946_file_transfer_001_5b75,File Transfer
1787482843.542046,88,4,UDP,443,52783,,forward,20260823_162946_file_transfer_001_5b75,File Transfer
1787482843.542046,88,4,UDP,443,52783,,forward,20260823_162946_file_transfer_001_5b75,File Transfer
1787482843.542046,210,4,UDP,443,52783,,forward,20260823_162946_file_transfer_001_5b75,File Transfer
1787482843.542046,275,4,UDP,443,52783,,forward,20260823_162946_file_transfer_001_5b75,File Transfer
1787482843.542046,184,4,UDP,443,52783,,forward,20260823_162946_file_transfer_001_5b75,File Transfer
1787482843.542387,88,4,UDP,52783,443,,forward,20260823_162946_file_transfer_001_5b75,File Transfer
1787482843.592664,145,4,UDP,52783,443,,forward,20260823_162946_file_transfer_001_5b75,File Transfer
1787482843.630439,88,4,UDP,443,52783,,forward,20260823_162946_file_transfer_001_5b75,File Transfer
1787482843.630439,752,4,UDP,443,52783,,forward,20260823_162946_file_transfer_001_5b75,File Transfer
1787482843.630748,88,4,UDP,52783,443,,forward,20260823_162946_file_transfer_001_5b75,File Transfer
1787482843.632608,180,4,UDP,52783,443,,forward,20260823_162946_file_transfer_001_5b75,File Transfer
1787482843.672558,88,4,UDP,443,52783,,forward,20260823_162946_file_transfer_001_5b75,File Transfer
1787482843.719156,145,4,UDP,443,52783,,forward,20260823_162946_file_transfer_001_5b75,File Transfer
1787482843.719475,88,4,UDP,52783,443,,forward,20260823_162946_file_transfer_001_5b75,File Transfer
1787482843.791163,576,4,UDP,443,52783,,forward,20260823_162946_file_transfer_001_5b75,File Transfer
1787482843.791431,88,4,UDP,52783,443,,forward,20260823_162946_file_transfer_001_5b75,File Transfer
1787482843.844042,125,4,UDP,52783,443,,forward,20260823_162946_file_transfer_001_5b75,File Transfer
1787482843.888411,88,4,UDP,443,52783,,forward,20260823_162946_file_transfer_001_5b75,File Transfer
1787482844.015508,84,4,UDP,52783,443,,forward,20260823_162946_file_transfer_001_5b75,File Transfer
1787482844.053081,88,4,UDP,443,52783,,forward,20260823_162946_file_transfer_001_5b75,File Transfer
1787482844.142902,137,4,UDP,52783,443,,forward,20260823_162946_file_transfer_001_5b75,File Transfer
1787482844.186039,88,4,UDP,443,52783,,forward,20260823_162946_file_transfer_001_5b75,File Transfer
1787482844.186039,137,4,UDP,443,52783,,forward,20260823_162946_file_transfer_001_5b75,File Transfer
1787482844.186331,88,4,UDP,52783,443,,forward,20260823_162946_file_transfer_001_5b75,File Transfer
1787482844.186745,125,4,UDP,52783,443,,forward,20260823_162946_file_transfer_001_5b75,File Transfer
1787482844.187391,693,4,UDP,52783,443,,forward,20260823_162946_file_transfer_001_5b75,File Transfer
1787482844.233196,88,4,UDP,443,52783,,forward,20260823_162946_file_transfer_001_5b75,File Transfer
1787482844.233196,125,4,UDP,443,52783,,forward,20260823_162946_file_transfer_001_5b75,File Transfer
1787482844.233196,344,4,UDP,443,52783,,forward,20260823_162946_file_transfer_001_5b75,File Transfer
1787482844.23348,88,4,UDP,52783,443,,forward,20260823_162946_file_transfer_001_5b75,File Transfer
1787482844.234639,761,4,UDP,52783,443,,forward,20260823_162946_file_transfer_001_5b75,File Transfer
1787482844.27923,88,4,UDP,443,52783,,forward,20260823_162946_file_transfer_001_5b75,File Transfer
1787482844.321102,125,4,UDP,443,52783,,forward,20260823_162946_file_transfer_001_5b75,File Transfer
1787482844.321376,88,4,UDP,52783,443,,forward,20260823_162946_file_transfer_001_5b75,File Transfer
1787482844.374117,1365,4,UDP,443,52783,,forward,20260823_162946_file_transfer_001_5b75,File Transfer
1787482844.374117,825,4,UDP,443,52783,,forward,20260823_162946_file_transfer_001_5b75,File Transfer
1787482844.374117,600,4,UDP,443,52783,,forward,20260823_162946_file_transfer_001_5b75,File Transfer
1787482844.374403,88,4,UDP,52783,443,,forward,20260823_162946_file_transfer_001_5b75,File Transfer
1787482844.374752,170,4,UDP,52783,443,,forward,20260823_162946_file_transfer_001_5b75,File Transfer
1787482844.375904,149,4,UDP,52783,443,,forward,20260823_162946_file_transfer_001_5b75,File Transfer
1787482844.376141,125,4,UDP,52783,443,,forward,20260823_162946_file_transfer_001_5b75,File Transfer
1787482844.400306,137,4,UDP,52783,443,,forward,20260823_162946_file_transfer_001_5b75,File Transfer
1787482844.404178,145,4,UDP,443,52783,,forward,20260823_162946_file_transfer_001_5b75,File Transfer
1787482844.404452,88,4,UDP,52783,443,,forward,20260823_162946_file_transfer_001_5b75,File Transfer
1787482844.404676,145,4,UDP,52783,443,,forward,20260823_162946_file_transfer_001_5b75,File Transfer
1787482844.419747,88,4,UDP,443,52783,,forward,20260823_162946_file_transfer_001_5b75,File Transfer
1787482844.419747,170,4,UDP,443,52783,,forward,20260823_162946_file_transfer_001_5b75,File Transfer
1787482844.420114,88,4,UDP,52783,443,,forward,20260823_162946_file_transfer_001_5b75,File Transfer
1787482844.43463,88,4,UDP,443,52783,,forward,20260823_162946_file_transfer_001_5b75,File Transfer
1787482844.449648,88,4,UDP,443,52783,,forward,20260823_162946_file_transfer_001_5b75,File Transfer
1787482844.449648,137,4,UDP,443,52783,,forward,20260823_162946_file_transfer_001_5b75,File Transfer
1787482844.449932,88,4,UDP,52783,443,,forward,20260823_162946_file_transfer_001_5b75,File Transfer
1787482844.450257,125,4,UDP,52783,443,,forward,20260823_162946_file_transfer_001_5b75,File Transfer
1787482844.450821,713,4,UDP,52783,443,,forward,20260823_162946_file_transfer_001_5b75,File Transfer
1787482844.488629,88,4,UDP,443,52783,,forward,20260823_162946_file_transfer_001_5b75,File Transfer
1787482844.488629,125,4,UDP,443,52783,,forward,20260823_162946_file_transfer_001_5b75,File Transfer
1787482844.488629,165,4,UDP,443,52783,,forward,20260823_162946_file_transfer_001_5b75,File Transfer
1787482844.488957,88,4,UDP,52783,443,,forward,20260823_162946_file_transfer_001_5b75,File Transfer
1787482844.495656,344,4,UDP,443,52783,,forward,20260823_162946_file_transfer_001_5b75,File Transfer
1787482844.4959,88,4,UDP,52783,443,,forward,20260823_162946_file_transfer_001_5b75,File Transfer
1787482844.497037,886,4,UDP,52783,443,,forward,20260823_162946_file_transfer_001_5b75,File Transfer
1787482844.511384,166,4,UDP,52783,443,,forward,20260823_162946_file_transfer_001_5b75,File Transfer
1787482844.542179,88,4,UDP,443,52783,,forward,20260823_162946_file_transfer_001_5b75,File Transfer
1787482844.555123,88,4,UDP,443,52783,,forward,20260823_162946_file_transfer_001_5b75,File Transfer
1787482844.574195,125,4,UDP,443,52783,,forward,20260823_162946_file_transfer_001_5b75,File Transfer
1787482844.574453,88,4,UDP,52783,443,,forward,20260823_162946_file_transfer_001_5b75,File Transfer
1787482844.589986,117,4,UDP,52783,443,,forward,20260823_162946_file_transfer_001_5b75,File Transfer
1787482844.590124,347,4,UDP,52783,443,,forward,20260823_162946_file_transfer_001_5b75,File Transfer
1787482844.637018,88,4,UDP,443,52783,,forward,20260823_162946_file_transfer_001_5b75,File Transfer
1787482844.637018,522,4,UDP,443,52783,,forward,20260823_162946_file_transfer_001_5b75,File Transfer
1787482844.637408,88,4,UDP,52783,443,,forward,20260823_162946_file_transfer_001_5b75,File Transfer
1787482844.982887,145,4,UDP,443,52783,,forward,20260823_162946_file_transfer_001_5b75,File Transfer
1787482844.983151,88,4,UDP,52783,443,,forward,20260823_162946_file_transfer_001_5b75,File Transfer
1787482844.983328,145,4,UDP,52783,443,,forward,20260823_162946_file_transfer_001_5b75,File Transfer
1787482845.018407,88,4,UDP,443,52783,,forward,20260823_162946_file_transfer_001_5b75,File Transfer
1787482845.436015,145,4,UDP,443,52783,,forward,20260823_162946_file_transfer_001_5b75,File Transfer
1787482845.436501,88,4,UDP,52783,443,,forward,20260823_162946_file_transfer_001_5b75,File Transfer
1787482845.437082,145,4,UDP,52783,443,,forward,20260823_162946_file_transfer_001_5b75,File Transfer
1787482845.481862,88,4,UDP,443,52783,,forward,20260823_162946_file_transfer_001_5b75,File Transfer
1787482845.954824,146,4,UDP,52783,443,,forward,20260823_162946_file_transfer_001_5b75,File Transfer
1787482846.001285,88,4,UDP,443,52783,,forward,20260823_162946_file_transfer_001_5b75,File Transfer
1787482846.001285,157,4,UDP,443,52783,,forward,20260823_162946_file_transfer_001_5b75,File Transfer
1787482846.001569,88,4,UDP,52783,443,,forward,20260823_162946_file_transfer_001_5b75,File Transfer
1787482846.208547,146,4,UDP,52783,443,,forward,20260823_162946_file_transfer_001_5b75,File Transfer
1787482846.251835,88,4,UDP,443,52783,,forward,20260823_162946_file_transfer_001_5b75,File Transfer
1787482846.251835,157,4,UDP,443,52783,,forward,20260823_162946_file_transfer_001_5b75,File Transfer
1787482846.25221,88,4,UDP,52783,443,,forward,20260823_162946_file_transfer_001_5b75,File Transfer
1787482846.318137,125,4,UDP,443,52783,,forward,20260823_162946_file_transfer_001_5b75,File Transfer
1787482846.318349,88,4,UDP,52783,443,,forward,20260823_162946_file_transfer_001_5b75,File Transfer
1787482846.318557,125,4,UDP,52783,443,,forward,20260823_162946_file_transfer_001_5b75,File Transfer
1787482846.364125,88,4,UDP,443,52783,,forward,20260823_162946_file_transfer_001_5b75,File Transfer
1787482846.815457,1365,4,UDP,443,52783,,forward,20260823_162946_file_transfer_001_5b75,File Transfer
1787482846.815457,1171,4,UDP,443,52783,,forward,20260823_162946_file_transfer_001_5b75,File Transfer
1787482846.815457,152,4,UDP,443,52783,,forward,20260823_162946_file_transfer_001_5b75,File Transfer
1787482846.815724,88,4,UDP,52783,443,,forward,20260823_162946_file_transfer_001_5b75,File Transfer
1787482846.816004,170,4,UDP,52783,443,,forward,20260823_162946_file_transfer_001_5b75,File Transfer
1787482846.817611,194,4,UDP,52783,443,,forward,20260823_162946_file_transfer_001_5b75,File Transfer
1787482846.840944,137,4,UDP,52783,443,,forward,20260823_162946_file_transfer_001_5b75,File Transfer
1787482846.856507,88,4,UDP,443,52783,,forward,20260823_162946_file_transfer_001_5b75,File Transfer
1787482846.856507,88,4,UDP,443,52783,,forward,20260823_162946_file_transfer_001_5b75,File Transfer
1787482846.856507,170,4,UDP,443,52783,,forward,20260823_162946_file_transfer_001_5b75,File Transfer
1787482846.856843,88,4,UDP,52783,443,,forward,20260823_162946_file_transfer_001_5b75,File Transfer
1787482846.880919,88,4,UDP,443,52783,,forward,20260823_162946_file_transfer_001_5b75,File Transfer
1787482846.880919,137,4,UDP,443,52783,,forward,20260823_162946_file_transfer_001_5b75,File Transfer
1787482846.88124,88,4,UDP,52783,443,,forward,20260823_162946_file_transfer_001_5b75,File Transfer
1787482846.881664,125,4,UDP,52783,443,,forward,20260823_162946_file_transfer_001_5b75,File Transfer
1787482846.882206,713,4,UDP,52783,443,,forward,20260823_162946_file_transfer_001_5b75,File Transfer
1787482846.93248,88,4,UDP,443,52783,,forward,20260823_162946_file_transfer_001_5b75,File Transfer
1787482846.93248,125,4,UDP,443,52783,,forward,20260823_162946_file_transfer_001_5b75,File Transfer
1787482846.93248,344,4,UDP,443,52783,,forward,20260823_162946_file_transfer_001_5b75,File Transfer
1787482846.932812,88,4,UDP,52783,443,,forward,20260823_162946_file_transfer_001_5b75,File Transfer
1787482846.934306,888,4,UDP,52783,443,,forward,20260823_162946_file_transfer_001_5b75,File Transfer
1787482846.979472,88,4,UDP,443,52783,,forward,20260823_162946_file_transfer_001_5b75,File Transfer
1787482847.012593,125,4,UDP,443,52783,,forward,20260823_162946_file_transfer_001_5b75,File Transfer
1787482847.01284,88,4,UDP,52783,443,,forward,20260823_162946_file_transfer_001_5b75,File Transfer
1787482847.801827,145,4,UDP,443,52783,,forward,20260823_162946_file_transfer_001_5b75,File Transfer
1787482847.802092,88,4,UDP,52783,443,,forward,20260823_162946_file_transfer_001_5b75,File Transfer
1787482847.80232,145,4,UDP,52783,443,,forward,20260823_162946_file_transfer_001_5b75,File Transfer
1787482847.845299,88,4,UDP,443,52783,,forward,20260823_162946_file_transfer_001_5b75,File Transfer
1787482848.023872,84,4,UDP,52783,443,,forward,20260823_162946_file_transfer_001_5b75,File Transfer
1787482848.071801,88,4,UDP,443,52783,,forward,20260823_162946_file_transfer_001_5b75,File Transfer
1787482848.095731,1365,4,UDP,443,52783,,forward,20260823_162946_file_transfer_001_5b75,File Transfer
1787482848.095731,825,4,UDP,443,52783,,forward,20260823_162946_file_transfer_001_5b75,File Transfer
1787482848.095731,1365,4,UDP,443,52783,,forward,20260823_162946_file_transfer_001_5b75,File Transfer
1787482848.095731,1365,4,UDP,443,52783,,forward,20260823_162946_file_transfer_001_5b75,File Transfer
1787482848.095731,1365,4,UDP,443,52783,,forward,20260823_162946_file_transfer_001_5b75,File Transfer
1787482848.095731,1365,4,UDP,443,52783,,forward,20260823_162946_file_transfer_001_5b75,File Transfer
1787482848.095731,1365,4,UDP,443,52783,,forward,20260823_162946_file_transfer_001_5b75,File Transfer
1787482848.095731,1365,4,UDP,443,52783,,forward,20260823_162946_file_transfer_001_5b75,File Transfer
1787482848.095731,1365,4,UDP,443,52783,,forward,20260823_162946_file_transfer_001_5b75,File Transfer
1787482848.095731,1365,4,UDP,443,52783,,forward,20260823_162946_file_transfer_001_5b75,File Transfer
1787482848.095731,1365,4,UDP,443,52783,,forward,20260823_162946_file_transfer_001_5b75,File Transfer
1787482848.0962,88,4,UDP,52783,443,,forward,20260823_162946_file_transfer_001_5b75,File Transfer
1787482848.096856,305,4,UDP,52783,443,,forward,20260823_162946_file_transfer_001_5b75,File Transfer
1787482848.135342,88,4,UDP,443,52783,,forward,20260823_162946_file_transfer_001_5b75,File Transfer
1787482848.135342,1365,4,UDP,443,52783,,forward,20260823_162946_file_transfer_001_5b75,File Transfer
1787482848.135342,1365,4,UDP,443,52783,,forward,20260823_162946_file_transfer_001_5b75,File Transfer
1787482848.135342,1365,4,UDP,443,52783,,forward,20260823_162946_file_transfer_001_5b75,File Transfer
1787482848.135342,828,4,UDP,443,52783,,forward,20260823_162946_file_transfer_001_5b75,File Transfer
1787482848.135748,88,4,UDP,52783,443,,forward,20260823_162946_file_transfer_001_5b75,File Transfer
1787482848.136333,125,4,UDP,52783,443,,forward,20260823_162946_file_transfer_001_5b75,File Transfer
1787482848.136462,170,4,UDP,52783,443,,forward,20260823_162946_file_transfer_001_5b75,File Transfer
1787482848.136857,149,4,UDP,52783,443,,forward,20260823_162946_file_transfer_001_5b75,File Transfer
1787482848.136996,125,4,UDP,52783,443,,forward,20260823_162946_file_transfer_001_5b75,File Transfer
1787482848.180256,88,4,UDP,443,52783,,forward,20260823_162946_file_transfer_001_5b75,File Transfer
1787482848.180256,170,4,UDP,443,52783,,forward,20260823_162946_file_transfer_001_5b75,File Transfer
1787482848.180529,88,4,UDP,52783,443,,forward,20260823_162946_file_transfer_001_5b75,File Transfer
1787482848.750996,146,4,UDP,52783,443,,forward,20260823_162946_file_transfer_001_5b75,File Transfer
1787482848.79861,88,4,UDP,443,52783,,forward,20260823_162946_file_transfer_001_5b75,File Transfer
1787482848.79861,157,4,UDP,443,52783,,forward,20260823_162946_file_transfer_001_5b75,File Transfer
1787482848.79894,88,4,UDP,52783,443,,forward,20260823_162946_file_transfer_001_5b75,File Transfer
1787482849.524867,190,4,UDP,443,52783,,forward,20260823_162946_file_transfer_001_5b75,File Transfer
1787482849.525134,88,4,UDP,52783,443,,forward,20260823_162946_file_transfer_001_5b75,File Transfer
1787482849.525392,190,4,UDP,52783,443,,forward,20260823_162946_file_transfer_001_5b75,File Transfer
1787482849.57089,88,4,UDP,443,52783,,forward,20260823_162946_file_transfer_001_5b75,File Transfer
