timestamp,packet_length,ip_version,protocol,source_port,destination_port,tcp_flags,direction,session_id,traffic_class
1787484902.150459,363,6,UDP,443,50468,,forward,20260823_170458_other_001_aa7d,Other
1787484902.150919,108,6,UDP,50468,443,,forward,20260823_170458_other_001_aa7d,Other
1787484902.15143,300,6,UDP,50468,443,,forward,20260823_170458_other_001_aa7d,Other
1787484902.184827,108,6,UDP,443,50468,,forward,20260823_170458_other_001_aa7d,Other
1787484902.184827,165,6,UDP,443,50468,,forward,20260823_170458_other_001_aa7d,Other
1787484902.185028,108,6,UDP,50468,443,,forward,20260823_170458_other_001_aa7d,Other
1787484902.733011,189,6,UDP,443,50468,,forward,20260823_170458_other_001_aa7d,Other
1787484902.733232,108,6,UDP,50468,443,,forward,20260823_170458_other_001_aa7d,Other
1787484902.733813,193,6,UDP,50468,443,,forward,20260823_170458_other_001_aa7d,Other
1787484902.767126,108,6,UDP,443,50468,,forward,20260823_170458_other_001_aa7d,Other
1787484902.767126,165,6,UDP,443,50468,,forward,20260823_170458_other_001_aa7d,Other
1787484902.767364,108,6,UDP,50468,443,,forward,20260823_170458_other_001_aa7d,Other
1787484902.831447,104,6,UDP,50468,443,,forward,20260823_170458_other_001_aa7d,Other
1787484902.861621,108,6,UDP,443,50468,,forward,20260823_170458_other_001_aa7d,Other
1787484903.258654,165,6,UDP,443,50468,,forward,20260823_170458_other_001_aa7d,Other
1787484903.258983,108,6,UDP,50468,443,,forward,20260823_170458_other_001_aa7d,Other
1787484903.259264,165,6,UDP,50468,443,,forward,20260823_170458_other_001_aa7d,Other
1787484903.288726,108,6,UDP,443,50468,,forward,20260823_170458_other_001_aa7d,Other
1787484903.665381,255,6,UDP,50468,443,,forward,20260823_170458_other_001_aa7d,Other
1787484903.702752,108,6,UDP,443,50468,,forward,20260823_170458_other_001_aa7d,Other
1787484903.702752,165,6,UDP,443,50468,,forward,20260823_170458_other_001_aa7d,Other
1787484903.702993,108,6,UDP,50468,443,,forward,20260823_170458_other_001_aa7d,Other
1787484903.733036,1385,6,UDP,50468,443,,forward,20260823_170458_other_001_aa7d,Other
1787484903.733184,1385,6,UDP,50468,443,,forward,20260823_170458_other_001_aa7d,Other
1787484903.733238,1385,6,UDP,50468,443,,forward,20260823_170458_other_001_aa7d,Other
1787484903.733276,1385,6,UDP,50468,443,,forward,20260823_170458_other_001_aa7d,Other
1787484903.733311,1385,6,UDP,50468,443,,forward,20260823_170458_other_001_aa7d,Other
1787484903.73336,1385,6,UDP,50468,443,,forward,20260823_170458_other_001_aa7d,Other
1787484903.733403,1163,6,UDP,50468,443,,forward,20260823_170458_other_001_aa7d,Other
1787484903.738641,1385,6,UDP,50468,443,,forward,20260823_170458_other_001_aa7d,Other
1787484903.738785,1385,6,UDP,50468,443,,forward,20260823_170458_other_001_aa7d,Other
1787484903.738849,1385,6,UDP,50468,443,,forward,20260823_170458_other_001_aa7d,Other
1787484903.738902,1385,6,UDP,50468,443,,forward,20260823_170458_other_001_aa7d,Other
1787484903.738943,1385,6,UDP,50468,443,,forward,20260823_170458_other_001_aa7d,Other
1787484903.738981,1385,6,UDP,50468,443,,forward,20260823_170458_other_001_aa7d,Other
1787484903.739018,1072,6,UDP,50468,443,,forward,20260823_170458_other_001_aa7d,Other
1787484903.739053,1385,6,UDP,50468,443,,forward,20260823_170458_other_001_aa7d,Other
1787484903.739092,1385,6,UDP,50468,443,,forward,20260823_170458_other_001_aa7d,Other
1787484903.739127,1385,6,UDP,50468,443,,forward,20260823_170458_other_001_aa7d,Other
1787484903.739165,1385,6,UDP,50468,443,,forward,20260823_170458_other_001_aa7d,Other
1787484903.739202,1385,6,UDP,50468,443,,forward,20260823_170458_other_001_aa7d,Other
1787484903.73924,1385,6,UDP,50468,443,,forward,20260823_170458_other_001_aa7d,Other
1787484903.739294,1108,6,UDP,50468,443,,forward,20260823_170458_other_001_aa7d,Other
1787484903.782075,108,6,UDP,443,50468,,forward,20260823_170458_other_001_aa7d,Other
1787484903.782075,108,6,UDP,443,50468,,forward,20260823_170458_other_001_aa7d,Other
1787484903.782075,230,6,UDP,443,50468,,forward,20260823_170458_other_001_aa7d,Other
1787484903.782075,295,6,UDP,443,50468,,forward,20260823_170458_other_001_aa7d,Other
1787484903.782075,295,6,UDP,443,50468,,forward,20260823_170458_other_001_aa7d,Other
1787484903.782075,204,6,UDP,443,50468,,forward,20260823_170458_other_001_aa7d,Other
1787484903.782075,108,6,UDP,443,50468,,forward,20260823_170458_other_001_aa7d,Other
1787484903.782075,108,6,UDP,443,50468,,forward,20260823_170458_other_001_aa7d,Other
1787484903.782075,230,6,UDP,443,50468,,forward,20260823_170458_other_001_aa7d,Other
1787484903.782075,295,6,UDP,443,50468,,forward,20260823_170458_other_001_aa7d,Other
1787484903.782075,108,6,UDP,443,50468,,forward,20260823_170458_other_001_aa7d,Other
1787484903.782075,230,6,UDP,443,50468,,forward,20260823_170458_other_001_aa7d,Other
1787484903.782401,108,6,UDP,50468,443,,forward,20260823_170458_other_001_aa7d,Other
1787484903.829714,180,6,UDP,50468,443,,forward,20260823_170458_other_001_aa7d,Other
1787484903.830579,180,6,UDP,50468,443,,forward,20260823_170458_other_001_aa7d,Other
1787484903.832333,165,6,UDP,50468,443,,forward,20260823_170458_other_001_aa7d,Other
1787484903.844485,249,6,UDP,443,50468,,forward,20260823_170458_other_001_aa7d,Other
1787484903.844693,108,6,UDP,50468,443,,forward,20260823_170458_other_001_aa7d,Other
1787484903.860017,108,6,UDP,443,50468,,forward,20260823_170458_other_001_aa7d,Other
1787484903.874809,404,6,UDP,443,50468,,forward,20260823_170458_other_001_aa7d,Other
1787484903.874809,404,6,UDP,443,50468,,forward,20260823_170458_other_001_aa7d,Other
1787484903.875082,108,6,UDP,50468,443,,forward,20260823_170458_other_001_aa7d,Other
1787484903.87734,1383,6,UDP,50468,443,,forward,20260823_170458_other_001_aa7d,Other
1787484903.877436,1383,6,UDP,50468,443,,forward,20260823_170458_other_001_aa7d,Other
1787484903.877477,1383,6,UDP,50468,443,,forward,20260823_170458_other_001_aa7d,Other
1787484903.877556,231,6,UDP,50468,443,,forward,20260823_170458_other_001_aa7d,Other
1787484903.892137,165,6,UDP,50468,443,,forward,20260823_170458_other_001_aa7d,Other
1787484903.905898,108,6,UDP,443,50468,,forward,20260823_170458_other_001_aa7d,Other
1787484903.905898,108,6,UDP,443,50468,,forward,20260823_170458_other_001_aa7d,Other
1787484903.921788,108,6,UDP,443,50468,,forward,20260823_170458_other_001_aa7d,Other
1787484903.921788,286,6,UDP,443,50468,,forward,20260823_170458_other_001_aa7d,Other
1787484903.921788,1383,6,UDP,443,50468,,forward,20260823_170458_other_001_aa7d,Other
1787484903.921788,1383,6,UDP,443,50468,,forward,20260823_170458_other_001_aa7d,Other
1787484903.921788,1383,6,UDP,443,50468,,forward,20260823_170458_other_001_aa7d,Other
1787484903.921788,447,6,UDP,443,50468,,forward,20260823_170458_other_001_aa7d,Other
1787484903.921788,1211,6,UDP,443,50468,,forward,20260823_170458_other_001_aa7d,Other
1787484903.921788,108,6,UDP,443,50468,,forward,20260823_170458_other_001_aa7d,Other
1787484903.922123,108,6,UDP,50468,443,,forward,20260823_170458_other_001_aa7d,Other
1787484903.923599,331,6,UDP,50468,443,,forward,20260823_170458_other_001_aa7d,Other
1787484903.923911,529,6,UDP,50468,443,,forward,20260823_170458_other_001_aa7d,Other
1787484903.935789,177,6,UDP,443,50468,,forward,20260823_170458_other_001_aa7d,Other
1787484903.935995,108,6,UDP,50468,443,,forward,20260823_170458_other_001_aa7d,Other
1787484903.962036,108,6,UDP,443,50468,,forward,20260823_170458_other_001_aa7d,Other
1787484903.962036,273,6,UDP,443,50468,,forward,20260823_170458_other_001_aa7d,Other
1787484903.962036,182,6,UDP,443,50468,,forward,20260823_170458_other_001_aa7d,Other
1787484903.962601,108,6,UDP,50468,443,,forward,20260823_170458_other_001_aa7d,Other
1787484903.963111,184,6,UDP,50468,443,,forward,20260823_170458_other_001_aa7d,Other
1787484903.994404,108,6,UDP,443,50468,,forward,20260823_170458_other_001_aa7d,Other
1787484904.028291,631,6,UDP,443,50468,,forward,20260823_170458_other_001_aa7d,Other
1787484904.028291,285,6,UDP,443,50468,,forward,20260823_170458_other_001_aa7d,Other
1787484904.028642,108,6,UDP,50468,443,,forward,20260823_170458_other_001_aa7d,Other
1787484904.028742,108,6,UDP,50468,443,,forward,20260823_170458_other_001_aa7d,Other
1787484904.029594,188,6,UDP,50468,443,,forward,20260823_170458_other_001_aa7d,Other
1787484904.058799,108,6,UDP,443,50468,,forward,20260823_170458_other_001_aa7d,Other
1787484904.090817,177,6,UDP,443,50468,,forward,20260823_170458_other_001_aa7d,Other
1787484904.09102,108,6,UDP,50468,443,,forward,20260823_170458_other_001_aa7d,Other
1787484904.772469,594,6,UDP,443,50468,,forward,20260823_170458_other_001_aa7d,Other
1787484904.772677,108,6,UDP,50468,443,,forward,20260823_170458_other_001_aa7d,Other
1787484904.802453,165,6,UDP,443,50468,,forward,20260823_170458_other_001_aa7d,Other
1787484904.802721,108,6,UDP,50468,443,,forward,20260823_170458_other_001_aa7d,Other
1787484904.802819,165,6,UDP,50468,443,,forward,20260823_170458_other_001_aa7d,Other
1787484904.817596,145,6,UDP,50468,443,,forward,20260823_170458_other_001_aa7d,Other
1787484904.832459,108,6,UDP,443,50468,,forward,20260823_170458_other_001_aa7d,Other
1787484904.847506,1385,6,UDP,443,50468,,forward,20260823_170458_other_001_aa7d,Other
1787484904.847506,1385,6,UDP,443,50468,,forward,20260823_170458_other_001_aa7d,Other
1787484904.847506,108,6,UDP,443,50468,,forward,20260823_170458_other_001_aa7d,Other
1787484904.847506,1385,6,UDP,443,50468,,forward,20260823_170458_other_001_aa7d,Other
1787484904.847506,388,6,UDP,443,50468,,forward,20260823_170458_other_001_aa7d,Other
1787484904.847723,108,6,UDP,50468,443,,forward,20260823_170458_other_001_aa7d,Other
1787484904.848535,230,6,UDP,50468,443,,forward,20260823_170458_other_001_aa7d,Other
1787484904.849958,200,6,UDP,50468,443,,forward,20260823_170458_other_001_aa7d,Other
1787484904.863,1385,6,UDP,443,50468,,forward,20260823_170458_other_001_aa7d,Other
1787484904.863,1385,6,UDP,443,50468,,forward,20260823_170458_other_001_aa7d,Other
1787484904.863646,108,6,UDP,50468,443,,forward,20260823_170458_other_001_aa7d,Other
1787484904.8641,230,6,UDP,50468,443,,forward,20260823_170458_other_001_aa7d,Other
1787484904.878002,1385,6,UDP,443,50468,,forward,20260823_170458_other_001_aa7d,Other
1787484904.878002,1385,6,UDP,443,50468,,forward,20260823_170458_other_001_aa7d,Other
1787484904.878002,1385,6,UDP,443,50468,,forward,20260823_170458_other_001_aa7d,Other
1787484904.878002,1385,6,UDP,443,50468,,forward,20260823_170458_other_001_aa7d,Other
1787484904.878002,108,6,UDP,443,50468,,forward,20260823_170458_other_001_aa7d,Other
1787484904.878558,108,6,UDP,50468,443,,forward,20260823_170458_other_001_aa7d,Other
1787484904.878853,295,6,UDP,50468,443,,forward,20260823_170458_other_001_aa7d,Other
1787484904.878927,165,6,UDP,50468,443,,forward,20260823_170458_other_001_aa7d,Other
1787484904.885035,1385,6,UDP,443,50468,,forward,20260823_170458_other_001_aa7d,Other
1787484904.885035,1385,6,UDP,443,50468,,forward,20260823_170458_other_001_aa7d,Other
1787484904.885269,108,6,UDP,50468,443,,forward,20260823_170458_other_001_aa7d,Other
1787484904.885499,230,6,UDP,50468,443,,forward,20260823_170458_other_001_aa7d,Other
1787484904.893158,108,6,UDP,443,50468,,forward,20260823_170458_other_001_aa7d,Other
1787484904.908021,1385,6,UDP,443,50468,,forward,20260823_170458_other_001_aa7d,Other
1787484904.908021,1385,6,UDP,443,50468,,forward,20260823_170458_other_001_aa7d,Other
1787484904.908021,1385,6,UDP,443,50468,,forward,20260823_170458_other_001_aa7d,Other
1787484904.908021,1385,6,UDP,443,50468,,forward,20260823_170458_other_001_aa7d,Other
1787484904.908021,108,6,UDP,443,50468,,forward,20260823_170458_other_001_aa7d,Other
1787484904.908319,108,6,UDP,50468,443,,forward,20260823_170458_other_001_aa7d,Other
1787484904.90853,165,6,UDP,50468,443,,forward,20260823_170458_other_001_aa7d,Other
1787484904.908707,165,6,UDP,50468,443,,forward,20260823_170458_other_001_aa7d,Other
1787484904.908976,165,6,UDP,50468,443,,forward,20260823_170458_other_001_aa7d,Other
1787484904.920905,108,6,UDP,443,50468,,forward,20260823_170458_other_001_aa7d,Other
1787484904.920905,1385,6,UDP,443,50468,,forward,20260823_170458_other_001_aa7d,Other
1787484904.920905,1385,6,UDP,443,50468,,forward,20260823_170458_other_001_aa7d,Other
1787484904.921188,108,6,UDP,50468,443,,forward,20260823_170458_other_001_aa7d,Other
1787484904.921471,165,6,UDP,50468,443,,forward,20260823_170458_other_001_aa7d,Other
1787484904.923005,426,6,UDP,443,50468,,forward,20260823_170458_other_001_aa7d,Other
1787484904.923211,108,6,UDP,50468,443,,forward,20260823_170458_other_001_aa7d,Other
1787484904.938019,108,6,UDP,443,50468,,forward,20260823_170458_other_001_aa7d,Other
1787484904.952982,108,6,UDP,443,50468,,forward,20260823_170458_other_001_aa7d,Other
1787484904.969028,165,6,UDP,50468,443,,forward,20260823_170458_other_001_aa7d,Other
1787484905.000492,108,6,UDP,443,50468,,forward,20260823_170458_other_001_aa7d,Other
1787484905.188533,1385,6,UDP,443,50468,,forward,20260823_170458_other_001_aa7d,Other
1787484905.188533,1385,6,UDP,443,50468,,forward,20260823_170458_other_001_aa7d,Other
1787484905.188533,311,6,UDP,443,50468,,forward,20260823_170458_other_001_aa7d,Other
1787484905.188866,108,6,UDP,50468,443,,forward,20260823_170458_other_001_aa7d,Other
1787484905.189119,165,6,UDP,50468,443,,forward,20260823_170458_other_001_aa7d,Other
1787484905.219527,108,6,UDP,443,50468,,forward,20260823_170458_other_001_aa7d,Other
1787484905.239771,165,6,UDP,50468,443,,forward,20260823_170458_other_001_aa7d,Other
1787484905.282045,108,6,UDP,443,50468,,forward,20260823_170458_other_001_aa7d,Other
1787484905.282045,196,6,UDP,443,50468,,forward,20260823_170458_other_001_aa7d,Other
1787484905.28247,108,6,UDP,50468,443,,forward,20260823_170458_other_001_aa7d,Other
1787484905.329154,165,6,UDP,50468,443,,forward,20260823_170458_other_001_aa7d,Other
1787484905.361233,108,6,UDP,443,50468,,forward,20260823_170458_other_001_aa7d,Other
1787484905.43347,1385,6,UDP,50468,443,,forward,20260823_170458_other_001_aa7d,Other
1787484905.433609,1385,6,UDP,50468,443,,forward,20260823_170458_other_001_aa7d,Other
1787484905.433658,1385,6,UDP,50468,443,,forward,20260823_170458_other_001_aa7d,Other
1787484905.433688,1385,6,UDP,50468,443,,forward,20260823_170458_other_001_aa7d,Other
1787484905.433714,1385,6,UDP,50468,443,,forward,20260823_170458_other_001_aa7d,Other
1787484905.43375,1385,6,UDP,50468,443,,forward,20260823_170458_other_001_aa7d,Other
1787484905.433785,925,6,UDP,50468,443,,forward,20260823_170458_other_001_aa7d,Other
1787484905.433822,1385,6,UDP,50468,443,,forward,20260823_170458_other_001_aa7d,Other
1787484905.433857,446,6,UDP,50468,443,,forward,20260823_170458_other_001_aa7d,Other
1787484905.448401,1385,6,UDP,50468,443,,forward,20260823_170458_other_001_aa7d,Other
1787484905.448509,1385,6,UDP,50468,443,,forward,20260823_170458_other_001_aa7d,Other
1787484905.44856,1385,6,UDP,50468,443,,forward,20260823_170458_other_001_aa7d,Other
1787484905.448595,1385,6,UDP,50468,443,,forward,20260823_170458_other_001_aa7d,Other
1787484905.44863,1385,6,UDP,50468,443,,forward,20260823_170458_other_001_aa7d,Other
1787484905.448699,1385,6,UDP,50468,443,,forward,20260823_170458_other_001_aa7d,Other
1787484905.448737,1104,6,UDP,50468,443,,forward,20260823_170458_other_001_aa7d,Other
1787484905.448835,409,6,UDP,50468,443,,forward,20260823_170458_other_001_aa7d,Other
1787484905.456016,1385,6,UDP,50468,443,,forward,20260823_170458_other_001_aa7d,Other
1787484905.456175,1385,6,UDP,50468,443,,forward,20260823_170458_other_001_aa7d,Other
1787484905.456233,1385,6,UDP,50468,443,,forward,20260823_170458_other_001_aa7d,Other
1787484905.456271,1385,6,UDP,50468,443,,forward,20260823_170458_other_001_aa7d,Other
1787484905.456309,1385,6,UDP,50468,443,,forward,20260823_170458_other_001_aa7d,Other
1787484905.456347,1385,6,UDP,50468,443,,forward,20260823_170458_other_001_aa7d,Other
1787484905.456385,1073,6,UDP,50468,443,,forward,20260823_170458_other_001_aa7d,Other
1787484905.470089,108,6,UDP,443,50468,,forward,20260823_170458_other_001_aa7d,Other
1787484905.470089,108,6,UDP,443,50468,,forward,20260823_170458_other_001_aa7d,Other
1787484905.470089,360,6,UDP,443,50468,,forward,20260823_170458_other_001_aa7d,Other
1787484905.470329,108,6,UDP,50468,443,,forward,20260823_170458_other_001_aa7d,Other
1787484905.486315,108,6,UDP,443,50468,,forward,20260823_170458_other_001_aa7d,Other
1787484905.486315,108,6,UDP,443,50468,,forward,20260823_170458_other_001_aa7d,Other
1787484905.486315,360,6,UDP,443,50468,,forward,20260823_170458_other_001_aa7d,Other
1787484905.486315,108,6,UDP,443,50468,,forward,20260823_170458_other_001_aa7d,Other
1787484905.486315,108,6,UDP,443,50468,,forward,20260823_170458_other_001_aa7d,Other
1787484905.486315,108,6,UDP,443,50468,,forward,20260823_170458_other_001_aa7d,Other
1787484905.486315,165,6,UDP,443,50468,,forward,20260823_170458_other_001_aa7d,Other
1787484905.486315,230,6,UDP,443,50468,,forward,20260823_170458_other_001_aa7d,Other
1787484905.486315,165,6,UDP,443,50468,,forward,20260823_170458_other_001_aa7d,Other
1787484905.486657,108,6,UDP,50468,443,,forward,20260823_170458_other_001_aa7d,Other
1787484905.564108,615,6,UDP,443,50468,,forward,20260823_170458_other_001_aa7d,Other
1787484905.564306,108,6,UDP,50468,443,,forward,20260823_170458_other_001_aa7d,Other
1787484905.610707,165,6,UDP,50468,443,,forward,20260823_170458_other_001_aa7d,Other
1787484905.640979,108,6,UDP,443,50468,,forward,20260823_170458_other_001_aa7d,Other
1787484905.640979,196,6,UDP,443,50468,,forward,20260823_170458_other_001_aa7d,Other
1787484905.64121,108,6,UDP,50468,443,,forward,20260823_170458_other_001_aa7d,Other
1787484905.687239,165,6,UDP,50468,443,,forward,20260823_170458_other_001_aa7d,Other
1787484905.688939,166,6,UDP,50468,443,,forward,20260823_170458_other_001_aa7d,Other
1787484905.717144,108,6,UDP,443,50468,,forward,20260823_170458_other_001_aa7d,Other
1787484905.73314,108,6,UDP,443,50468,,forward,20260823_170458_other_001_aa7d,Other
1787484905.73314,177,6,UDP,443,50468,,forward,20260823_170458_other_001_aa7d,Other
1787484905.733683,108,6,UDP,50468,443,,forward,20260823_170458_other_001_aa7d,Other
1787484905.738296,1385,6,UDP,443,50468,,forward,20260823_170458_other_001_aa7d,Other
1787484905.738296,1385,6,UDP,443,50468,,forward,20260823_170458_other_001_aa7d,Other
1787484905.738549,108,6,UDP,50468,443,,forward,20260823_170458_other_001_aa7d,Other
1787484905.738924,165,6,UDP,50468,443,,forward,20260823_170458_other_001_aa7d,Other
1787484905.749148,278,6,UDP,443,50468,,forward,20260823_170458_other_001_aa7d,Other
1787484905.749358,108,6,UDP,50468,443,,forward,20260823_170458_other_001_aa7d,Other
1787484905.778068,108,6,UDP,443,50468,,forward,20260823_170458_other_001_aa7d,Other
1787484905.795902,165,6,UDP,50468,443,,forward,20260823_170458_other_001_aa7d,Other
1787484905.826673,108,6,UDP,443,50468,,forward,20260823_170458_other_001_aa7d,Other
1787484905.826673,196,6,UDP,443,50468,,forward,20260823_170458_other_001_aa7d,Other
1787484905.826886,108,6,UDP,50468,443,,forward,20260823_170458_other_001_aa7d,Other
1787484905.873386,165,6,UDP,50468,443,,forward,20260823_170458_other_001_aa7d,Other
1787484905.904154,108,6,UDP,443,50468,,forward,20260823_170458_other_001_aa7d,Other
1787484906.143172,145,6,UDP,443,50468,,forward,20260823_170458_other_001_aa7d,Other
1787484906.144536,108,6,UDP,50468,443,,forward,20260823_170458_other_001_aa7d,Other
1787484906.14587,145,6,UDP,50468,443,,forward,20260823_170458_other_001_aa7d,Other
1787484906.174731,108,6,UDP,443,50468,,forward,20260823_170458_other_001_aa7d,Other
1787484906.332274,145,6,UDP,443,50468,,forward,20260823_170458_other_001_aa7d,Other
1787484906.332494,108,6,UDP,50468,443,,forward,20260823_170458_other_001_aa7d,Other
1787484906.332625,145,6,UDP,50468,443,,forward,20260823_170458_other_001_aa7d,Other
1787484906.362794,108,6,UDP,443,50468,,forward,20260823_170458_other_001_aa7d,Other
1787484906.837211,104,6,UDP,50468,443,,forward,20260823_170458_other_001_aa7d,Other
1787484906.86735,108,6,UDP,443,50468,,forward,20260823_170458_other_001_aa7d,Other
1787484907.105351,151,6,UDP,443,50468,,forward,20260823_170458_other_001_aa7d,Other
1787484907.10556,108,6,UDP,50468,443,,forward,20260823_170458_other_001_aa7d,Other
1787484907.106105,155,6,UDP,50468,443,,forward,20260823_170458_other_001_aa7d,Other
1787484907.120403,615,6,UDP,443,50468,,forward,20260823_170458_other_001_aa7d,Other
1787484907.121572,108,6,UDP,50468,443,,forward,20260823_170458_other_001_aa7d,Other
1787484907.135369,108,6,UDP,443,50468,,forward,20260823_170458_other_001_aa7d,Other
1787484907.135369,145,6,UDP,443,50468,,forward,20260823_170458_other_001_aa7d,Other
1787484907.1357,108,6,UDP,50468,443,,forward,20260823_170458_other_001_aa7d,Other
1787484907.150396,1385,6,UDP,443,50468,,forward,20260823_170458_other_001_aa7d,Other
1787484907.150396,1385,6,UDP,443,50468,,forward,20260823_170458_other_001_aa7d,Other
1787484907.150712,108,6,UDP,50468,443,,forward,20260823_170458_other_001_aa7d,Other
1787484907.151074,165,6,UDP,50468,443,,forward,20260823_170458_other_001_aa7d,Other
1787484907.181909,108,6,UDP,443,50468,,forward,20260823_170458_other_001_aa7d,Other
1787484907.181909,261,6,UDP,443,50468,,forward,20260823_170458_other_001_aa7d,Other
1787484907.18237,108,6,UDP,50468,443,,forward,20260823_170458_other_001_aa7d,Other
1787484907.182569,165,6,UDP,50468,443,,forward,20260823_170458_other_001_aa7d,Other
1787484907.212924,108,6,UDP,443,50468,,forward,20260823_170458_other_001_aa7d,Other
1787484907.848232,180,6,UDP,50468,443,,forward,20260823_170458_other_001_aa7d,Other
1787484907.87951,108,6,UDP,443,50468,,forward,20260823_170458_other_001_aa7d,Other
1787484907.87951,145,6,UDP,443,50468,,forward,20260823_170458_other_001_aa7d,Other
1787484907.879943,108,6,UDP,50468,443,,forward,20260823_170458_other_001_aa7d,Other
1787484907.945148,1385,6,UDP,50468,443,,forward,20260823_170458_other_001_aa7d,Other
1787484907.945233,1385,6,UDP,50468,443,,forward,20260823_170458_other_001_aa7d,Other
1787484907.945261,1385,6,UDP,50468,443,,forward,20260823_170458_other_001_aa7d,Other
1787484907.945283,1385,6,UDP,50468,443,,forward,20260823_170458_other_001_aa7d,Other
1787484907.945331,1385,6,UDP,50468,443,,forward,20260823_170458_other_001_aa7d,Other
1787484907.945363,780,6,UDP,50468,443,,forward,20260823_170458_other_001_aa7d,Other
1787484907.988053,108,6,UDP,443,50468,,forward,20260823_170458_other_001_aa7d,Other
1787484907.988053,230,6,UDP,443,50468,,forward,20260823_170458_other_001_aa7d,Other
1787484907.988053,165,6,UDP,443,50468,,forward,20260823_170458_other_001_aa7d,Other
1787484907.988759,108,6,UDP,50468,443,,forward,20260823_170458_other_001_aa7d,Other
1787484908.019022,165,6,UDP,443,50468,,forward,20260823_170458_other_001_aa7d,Other
1787484908.019304,108,6,UDP,50468,443,,forward,20260823_170458_other_001_aa7d,Other
1787484908.031974,738,6,UDP,443,50468,,forward,20260823_170458_other_001_aa7d,Other
1787484908.032294,108,6,UDP,50468,443,,forward,20260823_170458_other_001_aa7d,Other
1787484908.080687,165,6,UDP,50468,443,,forward,20260823_170458_other_001_aa7d,Other
1787484908.112589,108,6,UDP,443,50468,,forward,20260823_170458_other_001_aa7d,Other
1787484908.112589,196,6,UDP,443,50468,,forward,20260823_170458_other_001_aa7d,Other
1787484908.112851,108,6,UDP,50468,443,,forward,20260823_170458_other_001_aa7d,Other
1787484908.158264,165,6,UDP,50468,443,,forward,20260823_170458_other_001_aa7d,Other
1787484908.189079,108,6,UDP,443,50468,,forward,20260823_170458_other_001_aa7d,Other
1787484909.912446,165,6,UDP,443,50468,,forward,20260823_170458_other_001_aa7d,Other
1787484909.912662,108,6,UDP,50468,443,,forward,20260823_170458_other_001_aa7d,Other
1787484909.912785,165,6,UDP,50468,443,,forward,20260823_170458_other_001_aa7d,Other
1787484909.94681,108,6,UDP,443,50468,,forward,20260823_170458_other_001_aa7d,Other
1787484910.363799,137,6,UDP,50468,443,,forward,20260823_170458_other_001_aa7d,Other
1787484910.363976,358,6,UDP,50468,443,,forward,20260823_170458_other_001_aa7d,Other
1787484910.394494,108,6,UDP,443,50468,,forward,20260823_170458_other_001_aa7d,Other
1787484910.394494,108,6,UDP,443,50468,,forward,20260823_170458_other_001_aa7d,Other
1787484910.403458,528,6,UDP,443,50468,,forward,20260823_170458_other_001_aa7d,Other
1787484910.403746,108,6,UDP,50468,443,,forward,20260823_170458_other_001_aa7d,Other
1787484910.836111,104,6,UDP,50468,443,,forward,20260823_170458_other_001_aa7d,Other
1787484910.881028,108,6,UDP,443,50468,,forward,20260823_170458_other_001_aa7d,Other
1787484911.961031,145,6,UDP,443,50468,,forward,20260823_170458_other_001_aa7d,Other
1787484911.961234,108,6,UDP,50468,443,,forward,20260823_170458_other_001_aa7d,Other
1787484911.961491,145,6,UDP,50468,443,,forward,20260823_170458_other_001_aa7d,Other
1787484911.992737,108,6,UDP,443,50468,,forward,20260823_170458_other_001_aa7d,Other
1787484912.152245,383,6,UDP,443,50468,,forward,20260823_170458_other_001_aa7d,Other
1787484912.152858,108,6,UDP,50468,443,,forward,20260823_170458_other_001_aa7d,Other
1787484912.153501,200,6,UDP,50468,443,,forward,20260823_170458_other_001_aa7d,Other
1787484912.153697,200,6,UDP,50468,443,,forward,20260823_170458_other_001_aa7d,Other
1787484912.198747,108,6,UDP,443,50468,,forward,20260823_170458_other_001_aa7d,Other
1787484912.198747,165,6,UDP,443,50468,,forward,20260823_170458_other_001_aa7d,Other
1787484912.199051,108,6,UDP,50468,443,,forward,20260823_170458_other_001_aa7d,Other
1787484913.302483,165,6,UDP,443,50468,,forward,20260823_170458_other_001_aa7d,Other
1787484913.302758,108,6,UDP,50468,443,,forward,20260823_170458_other_001_aa7d,Other
1787484913.303064,165,6,UDP,50468,443,,forward,20260823_170458_other_001_aa7d,Other
1787484913.334479,108,6,UDP,443,50468,,forward,20260823_170458_other_001_aa7d,Other
1787484914.832476,104,6,UDP,50468,443,,forward,20260823_170458_other_001_aa7d,Other
1787484914.847252,594,6,UDP,443,50468,,forward,20260823_170458_other_001_aa7d,Other
1787484914.847441,108,6,UDP,50468,443,,forward,20260823_170458_other_001_aa7d,Other
1787484914.862767,108,6,UDP,443,50468,,forward,20260823_170458_other_001_aa7d,Other
1787484914.89389,145,6,UDP,50468,443,,forward,20260823_170458_other_001_aa7d,Other
1787484914.924929,108,6,UDP,443,50468,,forward,20260823_170458_other_001_aa7d,Other
1787484915.036701,165,6,UDP,443,50468,,forward,20260823_170458_other_001_aa7d,Other
1787484915.036875,108,6,UDP,50468,443,,forward,20260823_170458_other_001_aa7d,Other
1787484915.037138,165,6,UDP,50468,443,,forward,20260823_170458_other_001_aa7d,Other
1787484915.067768,108,6,UDP,443,50468,,forward,20260823_170458_other_001_aa7d,Other
1787484915.54387,165,6,UDP,443,50468,,forward,20260823_170458_other_001_aa7d,Other
1787484915.544121,108,6,UDP,50468,443,,forward,20260823_170458_other_001_aa7d,Other
1787484915.544592,165,6,UDP,50468,443,,forward,20260823_170458_other_001_aa7d,Other
1787484915.574358,108,6,UDP,443,50468,,forward,20260823_170458_other_001_aa7d,Other
1787484916.065923,145,6,UDP,443,50468,,forward,20260823_170458_other_001_aa7d,Other
1787484916.066177,108,6,UDP,50468,443,,forward,20260823_170458_other_001_aa7d,Other
1787484916.066576,145,6,UDP,50468,443,,forward,20260823_170458_other_001_aa7d,Other
1787484916.095929,108,6,UDP,443,50468,,forward,20260823_170458_other_001_aa7d,Other
1787484916.856537,86,6,OTHER,0,0,,forward,20260823_170458_other_001_aa7d,Other
1787484916.861429,78,6,OTHER,0,0,,forward,20260823_170458_other_001_aa7d,Other
1787484917.66733,166,6,UDP,50468,443,,forward,20260823_170458_other_001_aa7d,Other
1787484917.708212,108,6,UDP,443,50468,,forward,20260823_170458_other_001_aa7d,Other
1787484917.708212,177,6,UDP,443,50468,,forward,20260823_170458_other_001_aa7d,Other
1787484917.708793,108,6,UDP,50468,443,,forward,20260823_170458_other_001_aa7d,Other
1787484918.104303,165,6,UDP,443,50468,,forward,20260823_170458_other_001_aa7d,Other
1787484918.104903,108,6,UDP,50468,443,,forward,20260823_170458_other_001_aa7d,Other
1787484918.105713,165,6,UDP,50468,443,,forward,20260823_170458_other_001_aa7d,Other
1787484918.135283,108,6,UDP,443,50468,,forward,20260823_170458_other_001_aa7d,Other
1787484918.832055,104,6,UDP,50468,443,,forward,20260823_170458_other_001_aa7d,Other
1787484918.862425,108,6,UDP,443,50468,,forward,20260823_170458_other_001_aa7d,Other
1787484918.885381,1385,6,UDP,50468,443,,forward,20260823_170458_other_001_aa7d,Other
1787484918.885491,1385,6,UDP,50468,443,,forward,20260823_170458_other_001_aa7d,Other
1787484918.885539,1385,6,UDP,50468,443,,forward,20260823_170458_other_001_aa7d,Other
1787484918.885575,1385,6,UDP,50468,443,,forward,20260823_170458_other_001_aa7d,Other
1787484918.885608,1385,6,UDP,50468,443,,forward,20260823_170458_other_001_aa7d,Other
1787484918.885652,1385,6,UDP,50468,443,,forward,20260823_170458_other_001_aa7d,Other
1787484918.885694,1029,6,UDP,50468,443,,forward,20260823_170458_other_001_aa7d,Other
1787484918.88573,1385,6,UDP,50468,443,,forward,20260823_170458_other_001_aa7d,Other
1787484918.885768,393,6,UDP,50468,443,,forward,20260823_170458_other_001_aa7d,Other
1787484918.925525,108,6,UDP,443,50468,,forward,20260823_170458_other_001_aa7d,Other
1787484918.925525,108,6,UDP,443,50468,,forward,20260823_170458_other_001_aa7d,Other
1787484918.925525,295,6,UDP,443,50468,,forward,20260823_170458_other_001_aa7d,Other
1787484918.925525,360,6,UDP,443,50468,,forward,20260823_170458_other_001_aa7d,Other
1787484918.925525,295,6,UDP,443,50468,,forward,20260823_170458_other_001_aa7d,Other
1787484918.925525,204,6,UDP,443,50468,,forward,20260823_170458_other_001_aa7d,Other
1787484918.925823,108,6,UDP,50468,443,,forward,20260823_170458_other_001_aa7d,Other
1787484918.973105,165,6,UDP,50468,443,,forward,20260823_170458_other_001_aa7d,Other
1787484919.009891,108,6,UDP,443,50468,,forward,20260823_170458_other_001_aa7d,Other
1787484919.009891,573,6,UDP,443,50468,,forward,20260823_170458_other_001_aa7d,Other
1787484919.010205,108,6,UDP,50468,443,,forward,20260823_170458_other_001_aa7d,Other
1787484919.011736,200,6,UDP,50468,443,,forward,20260823_170458_other_001_aa7d,Other
1787484919.045515,108,6,UDP,443,50468,,forward,20260823_170458_other_001_aa7d,Other
1787484919.094459,165,6,UDP,443,50468,,forward,20260823_170458_other_001_aa7d,Other
1787484919.095006,108,6,UDP,50468,443,,forward,20260823_170458_other_001_aa7d,Other
1787484919.126458,165,6,UDP,443,50468,,forward,20260823_170458_other_001_aa7d,Other
1787484919.126657,108,6,UDP,50468,443,,forward,20260823_170458_other_001_aa7d,Other
1787484919.127804,165,6,UDP,50468,443,,forward,20260823_170458_other_001_aa7d,Other
1787484919.171977,108,6,UDP,443,50468,,forward,20260823_170458_other_001_aa7d,Other
1787484919.777051,165,6,UDP,443,50468,,forward,20260823_170458_other_001_aa7d,Other
1787484919.778192,108,6,UDP,50468,443,,forward,20260823_170458_other_001_aa7d,Other
1787484919.778884,165,6,UDP,50468,443,,forward,20260823_170458_other_001_aa7d,Other
1787484919.809064,108,6,UDP,443,50468,,forward,20260823_170458_other_001_aa7d,Other
1787484920.827321,255,6,UDP,50468,443,,forward,20260823_170458_other_001_aa7d,Other
1787484920.827422,1385,6,UDP,50468,443,,forward,20260823_170458_other_001_aa7d,Other
1787484920.827461,1385,6,UDP,50468,443,,forward,20260823_170458_other_001_aa7d,Other
1787484920.827487,1385,6,UDP,50468,443,,forward,20260823_170458_other_001_aa7d,Other
1787484920.827523,1385,6,UDP,50468,443,,forward,20260823_170458_other_001_aa7d,Other
1787484920.827555,1385,6,UDP,50468,443,,forward,20260823_170458_other_001_aa7d,Other
1787484920.827752,1385,6,UDP,50468,443,,forward,20260823_170458_other_001_aa7d,Other
1787484920.828274,1169,6,UDP,50468,443,,forward,20260823_170458_other_001_aa7d,Other
1787484920.828569,1259,6,UDP,50468,443,,forward,20260823_170458_other_001_aa7d,Other
1787484920.870964,108,6,UDP,443,50468,,forward,20260823_170458_other_001_aa7d,Other
1787484920.870964,108,6,UDP,443,50468,,forward,20260823_170458_other_001_aa7d,Other
1787484920.870964,295,6,UDP,443,50468,,forward,20260823_170458_other_001_aa7d,Other
1787484920.870964,230,6,UDP,443,50468,,forward,20260823_170458_other_001_aa7d,Other
1787484920.870964,360,6,UDP,443,50468,,forward,20260823_170458_other_001_aa7d,Other
1787484920.87125,108,6,UDP,50468,443,,forward,20260823_170458_other_001_aa7d,Other
1787484920.949781,571,6,UDP,443,50468,,forward,20260823_170458_other_001_aa7d,Other
1787484920.950022,108,6,UDP,50468,443,,forward,20260823_170458_other_001_aa7d,Other
1787484920.997564,165,6,UDP,50468,443,,forward,20260823_170458_other_001_aa7d,Other
1787484921.012326,249,6,UDP,443,50468,,forward,20260823_170458_other_001_aa7d,Other
1787484921.012698,108,6,UDP,50468,443,,forward,20260823_170458_other_001_aa7d,Other
1787484921.028275,108,6,UDP,443,50468,,forward,20260823_170458_other_001_aa7d,Other
1787484921.028275,196,6,UDP,443,50468,,forward,20260823_170458_other_001_aa7d,Other
1787484921.029808,108,6,UDP,50468,443,,forward,20260823_170458_other_001_aa7d,Other
1787484921.059456,165,6,UDP,50468,443,,forward,20260823_170458_other_001_aa7d,Other
1787484921.076189,165,6,UDP,50468,443,,forward,20260823_170458_other_001_aa7d,Other
1787484921.090786,108,6,UDP,443,50468,,forward,20260823_170458_other_001_aa7d,Other
1787484921.106955,108,6,UDP,443,50468,,forward,20260823_170458_other_001_aa7d,Other
1787484921.183763,145,6,UDP,443,50468,,forward,20260823_170458_other_001_aa7d,Other
1787484921.184029,108,6,UDP,50468,443,,forward,20260823_170458_other_001_aa7d,Other
1787484921.18445,145,6,UDP,50468,443,,forward,20260823_170458_other_001_aa7d,Other
1787484921.216475,108,6,UDP,443,50468,,forward,20260823_170458_other_001_aa7d,Other
1787484921.865933,86,6,OTHER,0,0,,forward,20260823_170458_other_001_aa7d,Other
1787484921.865991,86,6,OTHER,0,0,,forward,20260823_170458_other_001_aa7d,Other
1787484921.944929,145,6,UDP,443,50468,,forward,20260823_170458_other_001_aa7d,Other
1787484921.945129,108,6,UDP,50468,443,,forward,20260823_170458_other_001_aa7d,Other
1787484921.94542,145,6,UDP,50468,443,,forward,20260823_170458_other_001_aa7d,Other
1787484921.975442,108,6,UDP,443,50468,,forward,20260823_170458_other_001_aa7d,Other
1787484922.103135,151,6,UDP,443,50468,,forward,20260823_170458_other_001_aa7d,Other
1787484922.103491,108,6,UDP,50468,443,,forward,20260823_170458_other_001_aa7d,Other
1787484922.104608,155,6,UDP,50468,443,,forward,20260823_170458_other_001_aa7d,Other
1787484922.133959,108,6,UDP,443,50468,,forward,20260823_170458_other_001_aa7d,Other
1787484922.133959,145,6,UDP,443,50468,,forward,20260823_170458_other_001_aa7d,Other
1787484922.134216,108,6,UDP,50468,443,,forward,20260823_170458_other_001_aa7d,Other
1787484922.148985,372,6,UDP,443,50468,,forward,20260823_170458_other_001_aa7d,Other
1787484922.149212,108,6,UDP,50468,443,,forward,20260823_170458_other_001_aa7d,Other
1787484922.149718,300,6,UDP,50468,443,,forward,20260823_170458_other_001_aa7d,Other
1787484922.182591,108,6,UDP,443,50468,,forward,20260823_170458_other_001_aa7d,Other
1787484922.182591,165,6,UDP,443,50468,,forward,20260823_170458_other_001_aa7d,Other
1787484922.18278,108,6,UDP,50468,443,,forward,20260823_170458_other_001_aa7d,Other
1787484922.737057,189,6,UDP,443,50468,,forward,20260823_170458_other_001_aa7d,Other
1787484922.737409,108,6,UDP,50468,443,,forward,20260823_170458_other_001_aa7d,Other
1787484922.737909,193,6,UDP,50468,443,,forward,20260823_170458_other_001_aa7d,Other
1787484922.767626,108,6,UDP,443,50468,,forward,20260823_170458_other_001_aa7d,Other
1787484922.767626,165,6,UDP,443,50468,,forward,20260823_170458_other_001_aa7d,Other
1787484922.767854,108,6,UDP,50468,443,,forward,20260823_170458_other_001_aa7d,Other
1787484922.830891,104,6,UDP,50468,443,,forward,20260823_170458_other_001_aa7d,Other
1787484922.861645,108,6,UDP,443,50468,,forward,20260823_170458_other_001_aa7d,Other
1787484924.246426,165,6,UDP,443,50468,,forward,20260823_170458_other_001_aa7d,Other
1787484924.248571,108,6,UDP,50468,443,,forward,20260823_170458_other_001_aa7d,Other
1787484924.248853,165,6,UDP,50468,443,,forward,20260823_170458_other_001_aa7d,Other
1787484924.291845,108,6,UDP,443,50468,,forward,20260823_170458_other_001_aa7d,Other
1787484924.603914,408,6,UDP,50468,443,,forward,20260823_170458_other_001_aa7d,Other
1787484924.639434,108,6,UDP,443,50468,,forward,20260823_170458_other_001_aa7d,Other
1787484924.639434,145,6,UDP,443,50468,,forward,20260823_170458_other_001_aa7d,Other
1787484924.639645,108,6,UDP,50468,443,,forward,20260823_170458_other_001_aa7d,Other
1787484924.796623,238,6,UDP,443,50468,,forward,20260823_170458_other_001_aa7d,Other
1787484924.796837,108,6,UDP,50468,443,,forward,20260823_170458_other_001_aa7d,Other
1787484924.843646,145,6,UDP,50468,443,,forward,20260823_170458_other_001_aa7d,Other
1787484924.874961,108,6,UDP,443,50468,,forward,20260823_170458_other_001_aa7d,Other
1787484925.002497,594,6,UDP,443,50468,,forward,20260823_170458_other_001_aa7d,Other
1787484925.002788,108,6,UDP,50468,443,,forward,20260823_170458_other_001_aa7d,Other
1787484925.049612,145,6,UDP,50468,443,,forward,20260823_170458_other_001_aa7d,Other
1787484925.079969,108,6,UDP,443,50468,,forward,20260823_170458_other_001_aa7d,Other
1787484925.366867,137,6,UDP,50468,443,,forward,20260823_170458_other_001_aa7d,Other
1787484925.366993,358,6,UDP,50468,443,,forward,20260823_170458_other_001_aa7d,Other
1787484925.396576,108,6,UDP,443,50468,,forward,20260823_170458_other_001_aa7d,Other
1787484925.411538,108,6,UDP,443,50468,,forward,20260823_170458_other_001_aa7d,Other
1787484925.411538,528,6,UDP,443,50468,,forward,20260823_170458_other_001_aa7d,Other
1787484925.41181,108,6,UDP,50468,443,,forward,20260823_170458_other_001_aa7d,Other
1787484926.301187,145,6,UDP,443,50468,,forward,20260823_170458_other_001_aa7d,Other
1787484926.301568,108,6,UDP,50468,443,,forward,20260823_170458_other_001_aa7d,Other
1787484926.301761,145,6,UDP,50468,443,,forward,20260823_170458_other_001_aa7d,Other
1787484926.331399,108,6,UDP,443,50468,,forward,20260823_170458_other_001_aa7d,Other
1787484926.825022,104,6,UDP,50468,443,,forward,20260823_170458_other_001_aa7d,Other
1787484926.855991,108,6,UDP,443,50468,,forward,20260823_170458_other_001_aa7d,Other
1787484927.332352,165,6,UDP,443,50468,,forward,20260823_170458_other_001_aa7d,Other
1787484927.332671,108,6,UDP,50468,443,,forward,20260823_170458_other_001_aa7d,Other
1787484927.333128,165,6,UDP,50468,443,,forward,20260823_170458_other_001_aa7d,Other
1787484927.363057,108,6,UDP,443,50468,,forward,20260823_170458_other_001_aa7d,Other
1787484929.36521,165,6,UDP,443,50468,,forward,20260823_170458_other_001_aa7d,Other
1787484929.365777,108,6,UDP,50468,443,,forward,20260823_170458_other_001_aa7d,Other
1787484929.366167,165,6,UDP,50468,443,,forward,20260823_170458_other_001_aa7d,Other
1787484929.397304,108,6,UDP,443,50468,,forward,20260823_170458_other_001_aa7d,Other
1787484930.397457,145,6,UDP,443,50468,,forward,20260823_170458_other_001_aa7d,Other
1787484930.397827,108,6,UDP,50468,443,,forward,20260823_170458_other_001_aa7d,Other
1787484930.398844,145,6,UDP,50468,443,,forward,20260823_170458_other_001_aa7d,Other
1787484930.428382,108,6,UDP,443,50468,,forward,20260823_170458_other_001_aa7d,Other
1787484930.825633,104,6,UDP,50468,443,,forward,20260823_170458_other_001_aa7d,Other
1787484930.855627,108,6,UDP,443,50468,,forward,20260823_170458_other_001_aa7d,Other
1787484931.712375,166,6,UDP,50468,443,,forward,20260823_170458_other_001_aa7d,Other
1787484931.743086,165,6,UDP,443,50468,,forward,20260823_170458_other_001_aa7d,Other
1787484931.743086,108,6,UDP,443,50468,,forward,20260823_170458_other_001_aa7d,Other
1787484931.743086,177,6,UDP,443,50468,,forward,20260823_170458_other_001_aa7d,Other
1787484931.743304,108,6,UDP,50468,443,,forward,20260823_170458_other_001_aa7d,Other
1787484931.743773,165,6,UDP,50468,443,,forward,20260823_170458_other_001_aa7d,Other
1787484931.788588,108,6,UDP,443,50468,,forward,20260823_170458_other_001_aa7d,Other
1787484932.157171,406,6,UDP,443,50468,,forward,20260823_170458_other_001_aa7d,Other
1787484932.157443,108,6,UDP,50468,443,,forward,20260823_170458_other_001_aa7d,Other
1787484932.15822,300,6,UDP,50468,443,,forward,20260823_170458_other_001_aa7d,Other
1787484932.170206,166,6,UDP,50468,443,,forward,20260823_170458_other_001_aa7d,Other
1787484932.191626,108,6,UDP,443,50468,,forward,20260823_170458_other_001_aa7d,Other
1787484932.191626,165,6,UDP,443,50468,,forward,20260823_170458_other_001_aa7d,Other
1787484932.191835,108,6,UDP,50468,443,,forward,20260823_170458_other_001_aa7d,Other
1787484932.199691,108,6,UDP,443,50468,,forward,20260823_170458_other_001_aa7d,Other
1787484932.199691,165,6,UDP,443,50468,,forward,20260823_170458_other_001_aa7d,Other
1787484932.200053,108,6,UDP,50468,443,,forward,20260823_170458_other_001_aa7d,Other
1787484933.050031,1383,6,UDP,50468,443,,forward,20260823_170458_other_001_aa7d,Other
1787484933.050136,1383,6,UDP,50468,443,,forward,20260823_170458_other_001_aa7d,Other
1787484933.05018,1383,6,UDP,50468,443,,forward,20260823_170458_other_001_aa7d,Other
1787484933.050227,234,6,UDP,50468,443,,forward,20260823_170458_other_001_aa7d,Other
1787484933.050554,575,6,UDP,50468,443,,forward,20260823_170458_other_001_aa7d,Other
1787484933.087431,108,6,UDP,443,50468,,forward,20260823_170458_other_001_aa7d,Other
1787484933.087431,286,6,UDP,443,50468,,forward,20260823_170458_other_001_aa7d,Other
1787484933.087431,1383,6,UDP,443,50468,,forward,20260823_170458_other_001_aa7d,Other
1787484933.087431,1383,6,UDP,443,50468,,forward,20260823_170458_other_001_aa7d,Other
1787484933.087431,1383,6,UDP,443,50468,,forward,20260823_170458_other_001_aa7d,Other
1787484933.087431,434,6,UDP,443,50468,,forward,20260823_170458_other_001_aa7d,Other
1787484933.087431,1175,6,UDP,443,50468,,forward,20260823_170458_other_001_aa7d,Other
1787484933.087952,108,6,UDP,50468,443,,forward,20260823_170458_other_001_aa7d,Other
1787484933.089008,231,6,UDP,50468,443,,forward,20260823_170458_other_001_aa7d,Other
1787484933.089358,184,6,UDP,50468,443,,forward,20260823_170458_other_001_aa7d,Other
1787484933.118309,108,6,UDP,443,50468,,forward,20260823_170458_other_001_aa7d,Other
1787484933.133302,348,6,UDP,443,50468,,forward,20260823_170458_other_001_aa7d,Other
1787484933.133775,108,6,UDP,50468,443,,forward,20260823_170458_other_001_aa7d,Other
1787484933.134288,184,6,UDP,50468,443,,forward,20260823_170458_other_001_aa7d,Other
1787484933.163919,108,6,UDP,443,50468,,forward,20260823_170458_other_001_aa7d,Other
1787484933.211925,1379,6,UDP,443,50468,,forward,20260823_170458_other_001_aa7d,Other
1787484933.211925,1383,6,UDP,443,50468,,forward,20260823_170458_other_001_aa7d,Other
1787484933.211925,1383,6,UDP,443,50468,,forward,20260823_170458_other_001_aa7d,Other
1787484933.211925,614,6,UDP,443,50468,,forward,20260823_170458_other_001_aa7d,Other
1787484933.211925,1379,6,UDP,443,50468,,forward,20260823_170458_other_001_aa7d,Other
1787484933.212195,108,6,UDP,50468,443,,forward,20260823_170458_other_001_aa7d,Other
1787484933.212672,268,6,UDP,50468,443,,forward,20260823_170458_other_001_aa7d,Other
1787484933.226938,1383,6,UDP,443,50468,,forward,20260823_170458_other_001_aa7d,Other
1787484933.226938,1383,6,UDP,443,50468,,forward,20260823_170458_other_001_aa7d,Other
1787484933.226938,323,6,UDP,443,50468,,forward,20260823_170458_other_001_aa7d,Other
1787484933.226938,1378,6,UDP,443,50468,,forward,20260823_170458_other_001_aa7d,Other
1787484933.226938,1383,6,UDP,443,50468,,forward,20260823_170458_other_001_aa7d,Other
1787484933.226938,1383,6,UDP,443,50468,,forward,20260823_170458_other_001_aa7d,Other
1787484933.226938,1383,6,UDP,443,50468,,forward,20260823_170458_other_001_aa7d,Other
1787484933.226938,1383,6,UDP,443,50468,,forward,20260823_170458_other_001_aa7d,Other
1787484933.226938,1383,6,UDP,443,50468,,forward,20260823_170458_other_001_aa7d,Other
1787484933.22744,108,6,UDP,50468,443,,forward,20260823_170458_other_001_aa7d,Other
1787484933.228073,188,6,UDP,50468,443,,forward,20260823_170458_other_001_aa7d,Other
1787484933.228143,184,6,UDP,50468,443,,forward,20260823_170458_other_001_aa7d,Other
1787484933.228183,184,6,UDP,50468,443,,forward,20260823_170458_other_001_aa7d,Other
1787484933.228252,184,6,UDP,50468,443,,forward,20260823_170458_other_001_aa7d,Other
1787484933.228326,184,6,UDP,50468,443,,forward,20260823_170458_other_001_aa7d,Other
1787484933.241997,1383,6,UDP,443,50468,,forward,20260823_170458_other_001_aa7d,Other
1787484933.241997,1383,6,UDP,443,50468,,forward,20260823_170458_other_001_aa7d,Other
1787484933.241997,1383,6,UDP,443,50468,,forward,20260823_170458_other_001_aa7d,Other
1787484933.241997,1383,6,UDP,443,50468,,forward,20260823_170458_other_001_aa7d,Other
1787484933.241997,1383,6,UDP,443,50468,,forward,20260823_170458_other_001_aa7d,Other
1787484933.241997,1383,6,UDP,443,50468,,forward,20260823_170458_other_001_aa7d,Other
1787484933.241997,1383,6,UDP,443,50468,,forward,20260823_170458_other_001_aa7d,Other
1787484933.241997,1383,6,UDP,443,50468,,forward,20260823_170458_other_001_aa7d,Other
1787484933.241997,1383,6,UDP,443,50468,,forward,20260823_170458_other_001_aa7d,Other
1787484933.241997,1383,6,UDP,443,50468,,forward,20260823_170458_other_001_aa7d,Other
1787484933.241997,1383,6,UDP,443,50468,,forward,20260823_170458_other_001_aa7d,Other
1787484933.241997,1383,6,UDP,443,50468,,forward,20260823_170458_other_001_aa7d,Other
1787484933.241997,1383,6,UDP,443,50468,,forward,20260823_170458_other_001_aa7d,Other
1787484933.241997,1383,6,UDP,443,50468,,forward,20260823_170458_other_001_aa7d,Other
1787484933.241997,1383,6,UDP,443,50468,,forward,20260823_170458_other_001_aa7d,Other
1787484933.241997,108,6,UDP,443,50468,,forward,20260823_170458_other_001_aa7d,Other
1787484933.241997,320,6,UDP,443,50468,,forward,20260823_170458_other_001_aa7d,Other
1787484933.242475,108,6,UDP,50468,443,,forward,20260823_170458_other_001_aa7d,Other
1787484933.242987,184,6,UDP,50468,443,,forward,20260823_170458_other_001_aa7d,Other
1787484933.243064,184,6,UDP,50468,443,,forward,20260823_170458_other_001_aa7d,Other
1787484933.243132,352,6,UDP,50468,443,,forward,20260823_170458_other_001_aa7d,Other
1787484933.243182,184,6,UDP,50468,443,,forward,20260823_170458_other_001_aa7d,Other
1787484933.243232,184,6,UDP,50468,443,,forward,20260823_170458_other_001_aa7d,Other
1787484933.243274,184,6,UDP,50468,443,,forward,20260823_170458_other_001_aa7d,Other
1787484933.254226,312,6,UDP,443,50468,,forward,20260823_170458_other_001_aa7d,Other
1787484933.254226,192,6,UDP,443,50468,,forward,20260823_170458_other_001_aa7d,Other
1787484933.254226,273,6,UDP,443,50468,,forward,20260823_170458_other_001_aa7d,Other
1787484933.254226,192,6,UDP,443,50468,,forward,20260823_170458_other_001_aa7d,Other
1787484933.254226,354,6,UDP,443,50468,,forward,20260823_170458_other_001_aa7d,Other
1787484933.254226,192,6,UDP,443,50468,,forward,20260823_170458_other_001_aa7d,Other
1787484933.254544,108,6,UDP,50468,443,,forward,20260823_170458_other_001_aa7d,Other
1787484933.255084,352,6,UDP,50468,443,,forward,20260823_170458_other_001_aa7d,Other
1787484933.272469,108,6,UDP,443,50468,,forward,20260823_170458_other_001_aa7d,Other
1787484933.272469,273,6,UDP,443,50468,,forward,20260823_170458_other_001_aa7d,Other
1787484933.272469,192,6,UDP,443,50468,,forward,20260823_170458_other_001_aa7d,Other
1787484933.272469,108,6,UDP,443,50468,,forward,20260823_170458_other_001_aa7d,Other
1787484933.272469,398,6,UDP,443,50468,,forward,20260823_170458_other_001_aa7d,Other
1787484933.272922,108,6,UDP,50468,443,,forward,20260823_170458_other_001_aa7d,Other
1787484933.273631,268,6,UDP,50468,443,,forward,20260823_170458_other_001_aa7d,Other
1787484933.2874,358,6,UDP,443,50468,,forward,20260823_170458_other_001_aa7d,Other
1787484933.2874,108,6,UDP,443,50468,,forward,20260823_170458_other_001_aa7d,Other
1787484933.2874,287,6,UDP,443,50468,,forward,20260823_170458_other_001_aa7d,Other
1787484933.2874,193,6,UDP,443,50468,,forward,20260823_170458_other_001_aa7d,Other
1787484933.287689,108,6,UDP,50468,443,,forward,20260823_170458_other_001_aa7d,Other
1787484933.288068,268,6,UDP,50468,443,,forward,20260823_170458_other_001_aa7d,Other
1787484933.302461,339,6,UDP,443,50468,,forward,20260823_170458_other_001_aa7d,Other
1787484933.302461,432,6,UDP,443,50468,,forward,20260823_170458_other_001_aa7d,Other
1787484933.302461,108,6,UDP,443,50468,,forward,20260823_170458_other_001_aa7d,Other
1787484933.302713,108,6,UDP,50468,443,,forward,20260823_170458_other_001_aa7d,Other
1787484933.303152,273,6,UDP,50468,443,,forward,20260823_170458_other_001_aa7d,Other
1787484933.318387,1376,6,UDP,443,50468,,forward,20260823_170458_other_001_aa7d,Other
1787484933.318387,1383,6,UDP,443,50468,,forward,20260823_170458_other_001_aa7d,Other
1787484933.318387,1383,6,UDP,443,50468,,forward,20260823_170458_other_001_aa7d,Other
1787484933.318387,1383,6,UDP,443,50468,,forward,20260823_170458_other_001_aa7d,Other
1787484933.318387,1383,6,UDP,443,50468,,forward,20260823_170458_other_001_aa7d,Other
1787484933.318387,1383,6,UDP,443,50468,,forward,20260823_170458_other_001_aa7d,Other
1787484933.318387,1383,6,UDP,443,50468,,forward,20260823_170458_other_001_aa7d,Other
1787484933.318387,1383,6,UDP,443,50468,,forward,20260823_170458_other_001_aa7d,Other
1787484933.318387,108,6,UDP,443,50468,,forward,20260823_170458_other_001_aa7d,Other
1787484933.318707,108,6,UDP,50468,443,,forward,20260823_170458_other_001_aa7d,Other
1787484933.319211,438,6,UDP,50468,443,,forward,20260823_170458_other_001_aa7d,Other
1787484933.322156,1383,6,UDP,443,50468,,forward,20260823_170458_other_001_aa7d,Other
1787484933.322156,1383,6,UDP,443,50468,,forward,20260823_170458_other_001_aa7d,Other
1787484933.322156,264,6,UDP,443,50468,,forward,20260823_170458_other_001_aa7d,Other
1787484933.322391,108,6,UDP,50468,443,,forward,20260823_170458_other_001_aa7d,Other
1787484933.322812,185,6,UDP,50468,443,,forward,20260823_170458_other_001_aa7d,Other
1787484933.33336,108,6,UDP,443,50468,,forward,20260823_170458_other_001_aa7d,Other
1787484933.348342,108,6,UDP,443,50468,,forward,20260823_170458_other_001_aa7d,Other
1787484933.348719,186,6,UDP,50468,443,,forward,20260823_170458_other_001_aa7d,Other
1787484933.357841,108,6,UDP,443,50468,,forward,20260823_170458_other_001_aa7d,Other
1787484933.357841,178,6,UDP,443,50468,,forward,20260823_170458_other_001_aa7d,Other
1787484933.358397,108,6,UDP,50468,443,,forward,20260823_170458_other_001_aa7d,Other
1787484933.378861,108,6,UDP,443,50468,,forward,20260823_170458_other_001_aa7d,Other
1787484933.467398,165,6,UDP,443,50468,,forward,20260823_170458_other_001_aa7d,Other
1787484933.467644,108,6,UDP,50468,443,,forward,20260823_170458_other_001_aa7d,Other
1787484933.467892,165,6,UDP,50468,443,,forward,20260823_170458_other_001_aa7d,Other
1787484933.499424,108,6,UDP,443,50468,,forward,20260823_170458_other_001_aa7d,Other
1787484933.731635,1385,6,UDP,50468,443,,forward,20260823_170458_other_001_aa7d,Other
1787484933.731736,1385,6,UDP,50468,443,,forward,20260823_170458_other_001_aa7d,Other
1787484933.731773,1385,6,UDP,50468,443,,forward,20260823_170458_other_001_aa7d,Other
1787484933.731803,1385,6,UDP,50468,443,,forward,20260823_170458_other_001_aa7d,Other
1787484933.731836,1385,6,UDP,50468,443,,forward,20260823_170458_other_001_aa7d,Other
1787484933.731914,830,6,UDP,50468,443,,forward,20260823_170458_other_001_aa7d,Other
1787484933.731976,1385,6,UDP,50468,443,,forward,20260823_170458_other_001_aa7d,Other
1787484933.732014,1385,6,UDP,50468,443,,forward,20260823_170458_other_001_aa7d,Other
1787484933.732047,1007,6,UDP,50468,443,,forward,20260823_170458_other_001_aa7d,Other
1787484933.773956,108,6,UDP,443,50468,,forward,20260823_170458_other_001_aa7d,Other
1787484933.773956,108,6,UDP,443,50468,,forward,20260823_170458_other_001_aa7d,Other
1787484933.773956,620,6,UDP,443,50468,,forward,20260823_170458_other_001_aa7d,Other
1787484933.773956,230,6,UDP,443,50468,,forward,20260823_170458_other_001_aa7d,Other
1787484933.773956,204,6,UDP,443,50468,,forward,20260823_170458_other_001_aa7d,Other
1787484933.774207,108,6,UDP,50468,443,,forward,20260823_170458_other_001_aa7d,Other
1787484933.820603,165,6,UDP,50468,443,,forward,20260823_170458_other_001_aa7d,Other
1787484933.852199,108,6,UDP,443,50468,,forward,20260823_170458_other_001_aa7d,Other
1787484933.852199,700,6,UDP,443,50468,,forward,20260823_170458_other_001_aa7d,Other
1787484933.852422,108,6,UDP,50468,443,,forward,20260823_170458_other_001_aa7d,Other
1787484933.853616,200,6,UDP,50468,443,,forward,20260823_170458_other_001_aa7d,Other
1787484933.883442,108,6,UDP,443,50468,,forward,20260823_170458_other_001_aa7d,Other
1787484933.930449,165,6,UDP,443,50468,,forward,20260823_170458_other_001_aa7d,Other
1787484933.930705,108,6,UDP,50468,443,,forward,20260823_170458_other_001_aa7d,Other
1787484933.981871,165,6,UDP,443,50468,,forward,20260823_170458_other_001_aa7d,Other
1787484933.98215,108,6,UDP,50468,443,,forward,20260823_170458_other_001_aa7d,Other
1787484933.982462,165,6,UDP,50468,443,,forward,20260823_170458_other_001_aa7d,Other
1787484934.022948,108,6,UDP,443,50468,,forward,20260823_170458_other_001_aa7d,Other
1787484934.243908,258,6,UDP,50468,443,,forward,20260823_170458_other_001_aa7d,Other
1787484934.24391,1376,6,UDP,443,50468,,forward,20260823_170458_other_001_aa7d,Other
1787484934.24391,1383,6,UDP,443,50468,,forward,20260823_170458_other_001_aa7d,Other
1787484934.24391,1383,6,UDP,443,50468,,forward,20260823_170458_other_001_aa7d,Other
1787484934.24391,1383,6,UDP,443,50468,,forward,20260823_170458_other_001_aa7d,Other
1787484934.24391,1383,6,UDP,443,50468,,forward,20260823_170458_other_001_aa7d,Other
1787484934.24391,902,6,UDP,443,50468,,forward,20260823_170458_other_001_aa7d,Other
1787484934.24391,1376,6,UDP,443,50468,,forward,20260823_170458_other_001_aa7d,Other
1787484934.244219,108,6,UDP,50468,443,,forward,20260823_170458_other_001_aa7d,Other
1787484934.244284,258,6,UDP,50468,443,,forward,20260823_170458_other_001_aa7d,Other
1787484934.245058,355,6,UDP,50468,443,,forward,20260823_170458_other_001_aa7d,Other
1787484934.257165,1383,6,UDP,443,50468,,forward,20260823_170458_other_001_aa7d,Other
1787484934.257165,1383,6,UDP,443,50468,,forward,20260823_170458_other_001_aa7d,Other
1787484934.257165,1383,6,UDP,443,50468,,forward,20260823_170458_other_001_aa7d,Other
1787484934.257165,933,6,UDP,443,50468,,forward,20260823_170458_other_001_aa7d,Other
1787484934.257165,1376,6,UDP,443,50468,,forward,20260823_170458_other_001_aa7d,Other
1787484934.257165,1383,6,UDP,443,50468,,forward,20260823_170458_other_001_aa7d,Other
1787484934.257165,1383,6,UDP,443,50468,,forward,20260823_170458_other_001_aa7d,Other
1787484934.257165,1383,6,UDP,443,50468,,forward,20260823_170458_other_001_aa7d,Other
1787484934.257165,1383,6,UDP,443,50468,,forward,20260823_170458_other_001_aa7d,Other
1787484934.257165,1383,6,UDP,443,50468,,forward,20260823_170458_other_001_aa7d,Other
1787484934.257165,1383,6,UDP,443,50468,,forward,20260823_170458_other_001_aa7d,Other
1787484934.257165,1383,6,UDP,443,50468,,forward,20260823_170458_other_001_aa7d,Other
1787484934.257165,1383,6,UDP,443,50468,,forward,20260823_170458_other_001_aa7d,Other
1787484934.257165,1383,6,UDP,443,50468,,forward,20260823_170458_other_001_aa7d,Other
1787484934.257165,1383,6,UDP,443,50468,,forward,20260823_170458_other_001_aa7d,Other
1787484934.257165,1383,6,UDP,443,50468,,forward,20260823_170458_other_001_aa7d,Other
1787484934.257165,1383,6,UDP,443,50468,,forward,20260823_170458_other_001_aa7d,Other
1787484934.257165,1383,6,UDP,443,50468,,forward,20260823_170458_other_001_aa7d,Other
1787484934.257561,108,6,UDP,50468,443,,forward,20260823_170458_other_001_aa7d,Other
1787484934.258045,185,6,UDP,50468,443,,forward,20260823_170458_other_001_aa7d,Other
1787484934.258127,270,6,UDP,50468,443,,forward,20260823_170458_other_001_aa7d,Other
1787484934.258198,185,6,UDP,50468,443,,forward,20260823_170458_other_001_aa7d,Other
1787484934.258259,185,6,UDP,50468,443,,forward,20260823_170458_other_001_aa7d,Other
1787484934.258307,185,6,UDP,50468,443,,forward,20260823_170458_other_001_aa7d,Other
1787484934.258369,185,6,UDP,50468,443,,forward,20260823_170458_other_001_aa7d,Other
1787484934.258518,270,6,UDP,50468,443,,forward,20260823_170458_other_001_aa7d,Other
1787484934.260817,1383,6,UDP,443,50468,,forward,20260823_170458_other_001_aa7d,Other
1787484934.260817,1383,6,UDP,443,50468,,forward,20260823_170458_other_001_aa7d,Other
1787484934.260817,1383,6,UDP,443,50468,,forward,20260823_170458_other_001_aa7d,Other
1787484934.260817,1383,6,UDP,443,50468,,forward,20260823_170458_other_001_aa7d,Other
1787484934.260817,1383,6,UDP,443,50468,,forward,20260823_170458_other_001_aa7d,Other
1787484934.260817,1383,6,UDP,443,50468,,forward,20260823_170458_other_001_aa7d,Other
1787484934.26109,108,6,UDP,50468,443,,forward,20260823_170458_other_001_aa7d,Other
1787484934.261478,190,6,UDP,50468,443,,forward,20260823_170458_other_001_aa7d,Other
1787484934.261534,270,6,UDP,50468,443,,forward,20260823_170458_other_001_aa7d,Other
1787484934.281982,1383,6,UDP,443,50468,,forward,20260823_170458_other_001_aa7d,Other
1787484934.281982,1383,6,UDP,443,50468,,forward,20260823_170458_other_001_aa7d,Other
1787484934.281982,1383,6,UDP,443,50468,,forward,20260823_170458_other_001_aa7d,Other
1787484934.281982,1383,6,UDP,443,50468,,forward,20260823_170458_other_001_aa7d,Other
1787484934.281982,1383,6,UDP,443,50468,,forward,20260823_170458_other_001_aa7d,Other
1787484934.281982,1383,6,UDP,443,50468,,forward,20260823_170458_other_001_aa7d,Other
1787484934.281982,1383,6,UDP,443,50468,,forward,20260823_170458_other_001_aa7d,Other
1787484934.281982,1383,6,UDP,443,50468,,forward,20260823_170458_other_001_aa7d,Other
1787484934.281982,1383,6,UDP,443,50468,,forward,20260823_170458_other_001_aa7d,Other
1787484934.281982,1383,6,UDP,443,50468,,forward,20260823_170458_other_001_aa7d,Other
1787484934.281982,1383,6,UDP,443,50468,,forward,20260823_170458_other_001_aa7d,Other
1787484934.281982,1383,6,UDP,443,50468,,forward,20260823_170458_other_001_aa7d,Other
1787484934.281982,1383,6,UDP,443,50468,,forward,20260823_170458_other_001_aa7d,Other
1787484934.281982,1383,6,UDP,443,50468,,forward,20260823_170458_other_001_aa7d,Other
1787484934.281982,1383,6,UDP,443,50468,,forward,20260823_170458_other_001_aa7d,Other
1787484934.281982,1383,6,UDP,443,50468,,forward,20260823_170458_other_001_aa7d,Other
1787484934.281982,1383,6,UDP,443,50468,,forward,20260823_170458_other_001_aa7d,Other
1787484934.281982,1383,6,UDP,443,50468,,forward,20260823_170458_other_001_aa7d,Other
1787484934.281982,1383,6,UDP,443,50468,,forward,20260823_170458_other_001_aa7d,Other
1787484934.281982,1383,6,UDP,443,50468,,forward,20260823_170458_other_001_aa7d,Other
1787484934.281982,1383,6,UDP,443,50468,,forward,20260823_170458_other_001_aa7d,Other
1787484934.281982,1383,6,UDP,443,50468,,forward,20260823_170458_other_001_aa7d,Other
1787484934.281982,108,6,UDP,443,50468,,forward,20260823_170458_other_001_aa7d,Other
1787484934.281982,1383,6,UDP,443,50468,,forward,20260823_170458_other_001_aa7d,Other
1787484934.281982,1383,6,UDP,443,50468,,forward,20260823_170458_other_001_aa7d,Other
1787484934.281982,1383,6,UDP,443,50468,,forward,20260823_170458_other_001_aa7d,Other
1787484934.281982,1383,6,UDP,443,50468,,forward,20260823_170458_other_001_aa7d,Other
1787484934.281982,382,6,UDP,443,50468,,forward,20260823_170458_other_001_aa7d,Other
1787484934.281982,211,6,UDP,443,50468,,forward,20260823_170458_other_001_aa7d,Other
1787484934.281982,211,6,UDP,443,50468,,forward,20260823_170458_other_001_aa7d,Other
1787484934.281982,1383,6,UDP,443,50468,,forward,20260823_170458_other_001_aa7d,Other
1787484934.281982,1383,6,UDP,443,50468,,forward,20260823_170458_other_001_aa7d,Other
1787484934.281982,1383,6,UDP,443,50468,,forward,20260823_170458_other_001_aa7d,Other
1787484934.281982,423,6,UDP,443,50468,,forward,20260823_170458_other_001_aa7d,Other
1787484934.281982,1376,6,UDP,443,50468,,forward,20260823_170458_other_001_aa7d,Other
1787484934.281982,966,6,UDP,443,50468,,forward,20260823_170458_other_001_aa7d,Other
1787484934.281982,1383,6,UDP,443,50468,,forward,20260823_170458_other_001_aa7d,Other
1787484934.281982,567,6,UDP,443,50468,,forward,20260823_170458_other_001_aa7d,Other
1787484934.282507,108,6,UDP,50468,443,,forward,20260823_170458_other_001_aa7d,Other
1787484934.282914,270,6,UDP,50468,443,,forward,20260823_170458_other_001_aa7d,Other
1787484934.283077,185,6,UDP,50468,443,,forward,20260823_170458_other_001_aa7d,Other
1787484934.283253,185,6,UDP,50468,443,,forward,20260823_170458_other_001_aa7d,Other
1787484934.283406,186,6,UDP,50468,443,,forward,20260823_170458_other_001_aa7d,Other
1787484934.283914,157,6,UDP,50468,443,,forward,20260823_170458_other_001_aa7d,Other
1787484934.290987,1376,6,UDP,443,50468,,forward,20260823_170458_other_001_aa7d,Other
1787484934.290987,1097,6,UDP,443,50468,,forward,20260823_170458_other_001_aa7d,Other
1787484934.290987,504,6,UDP,443,50468,,forward,20260823_170458_other_001_aa7d,Other
1787484934.290987,108,6,UDP,443,50468,,forward,20260823_170458_other_001_aa7d,Other
1787484934.290987,108,6,UDP,443,50468,,forward,20260823_170458_other_001_aa7d,Other
1787484934.290987,108,6,UDP,443,50468,,forward,20260823_170458_other_001_aa7d,Other
1787484934.291264,108,6,UDP,50468,443,,forward,20260823_170458_other_001_aa7d,Other
1787484934.306755,187,6,UDP,50468,443,,forward,20260823_170458_other_001_aa7d,Other
1787484934.306795,1376,6,UDP,443,50468,,forward,20260823_170458_other_001_aa7d,Other
1787484934.306795,1383,6,UDP,443,50468,,forward,20260823_170458_other_001_aa7d,Other
1787484934.306795,1383,6,UDP,443,50468,,forward,20260823_170458_other_001_aa7d,Other
1787484934.306795,1383,6,UDP,443,50468,,forward,20260823_170458_other_001_aa7d,Other
1787484934.306795,997,6,UDP,443,50468,,forward,20260823_170458_other_001_aa7d,Other
1787484934.306795,1376,6,UDP,443,50468,,forward,20260823_170458_other_001_aa7d,Other
1787484934.306795,1315,6,UDP,443,50468,,forward,20260823_170458_other_001_aa7d,Other
1787484934.306795,395,6,UDP,443,50468,,forward,20260823_170458_other_001_aa7d,Other
1787484934.306795,1376,6,UDP,443,50468,,forward,20260823_170458_other_001_aa7d,Other
1787484934.306795,1211,6,UDP,443,50468,,forward,20260823_170458_other_001_aa7d,Other
1787484934.306795,1383,6,UDP,443,50468,,forward,20260823_170458_other_001_aa7d,Other
1787484934.306795,938,6,UDP,443,50468,,forward,20260823_170458_other_001_aa7d,Other
1787484934.306795,1376,6,UDP,443,50468,,forward,20260823_170458_other_001_aa7d,Other
1787484934.307054,108,6,UDP,50468,443,,forward,20260823_170458_other_001_aa7d,Other
1787484934.307551,185,6,UDP,50468,443,,forward,20260823_170458_other_001_aa7d,Other
1787484934.321656,1383,6,UDP,443,50468,,forward,20260823_170458_other_001_aa7d,Other
1787484934.321656,1383,6,UDP,443,50468,,forward,20260823_170458_other_001_aa7d,Other
1787484934.321656,412,6,UDP,443,50468,,forward,20260823_170458_other_001_aa7d,Other
1787484934.321656,1376,6,UDP,443,50468,,forward,20260823_170458_other_001_aa7d,Other
1787484934.321656,1383,6,UDP,443,50468,,forward,20260823_170458_other_001_aa7d,Other
1787484934.321656,1383,6,UDP,443,50468,,forward,20260823_170458_other_001_aa7d,Other
1787484934.321656,1383,6,UDP,443,50468,,forward,20260823_170458_other_001_aa7d,Other
1787484934.321656,1383,6,UDP,443,50468,,forward,20260823_170458_other_001_aa7d,Other
1787484934.321656,1383,6,UDP,443,50468,,forward,20260823_170458_other_001_aa7d,Other
1787484934.321656,1100,6,UDP,443,50468,,forward,20260823_170458_other_001_aa7d,Other
1787484934.321656,108,6,UDP,443,50468,,forward,20260823_170458_other_001_aa7d,Other
1787484934.321656,157,6,UDP,443,50468,,forward,20260823_170458_other_001_aa7d,Other
1787484934.321656,1376,6,UDP,443,50468,,forward,20260823_170458_other_001_aa7d,Other
1787484934.321656,1383,6,UDP,443,50468,,forward,20260823_170458_other_001_aa7d,Other
1787484934.321656,1383,6,UDP,443,50468,,forward,20260823_170458_other_001_aa7d,Other
1787484934.321656,1383,6,UDP,443,50468,,forward,20260823_170458_other_001_aa7d,Other
1787484934.321656,1184,6,UDP,443,50468,,forward,20260823_170458_other_001_aa7d,Other
1787484934.321656,181,6,UDP,443,50468,,forward,20260823_170458_other_001_aa7d,Other
1787484934.321656,399,6,UDP,443,50468,,forward,20260823_170458_other_001_aa7d,Other
1787484934.321769,186,6,UDP,50468,443,,forward,20260823_170458_other_001_aa7d,Other
1787484934.321935,108,6,UDP,50468,443,,forward,20260823_170458_other_001_aa7d,Other
1787484934.322224,145,6,UDP,50468,443,,forward,20260823_170458_other_001_aa7d,Other
1787484934.322294,185,6,UDP,50468,443,,forward,20260823_170458_other_001_aa7d,Other
1787484934.322853,345,6,UDP,50468,443,,forward,20260823_170458_other_001_aa7d,Other
1787484934.337795,187,6,UDP,50468,443,,forward,20260823_170458_other_001_aa7d,Other
1787484934.340094,108,6,UDP,443,50468,,forward,20260823_170458_other_001_aa7d,Other
1787484934.353536,108,6,UDP,443,50468,,forward,20260823_170458_other_001_aa7d,Other
1787484934.353536,108,6,UDP,443,50468,,forward,20260823_170458_other_001_aa7d,Other
1787484934.353536,145,6,UDP,443,50468,,forward,20260823_170458_other_001_aa7d,Other
1787484934.353804,108,6,UDP,50468,443,,forward,20260823_170458_other_001_aa7d,Other
1787484934.35886,1385,6,UDP,443,50468,,forward,20260823_170458_other_001_aa7d,Other
1787484934.35886,1385,6,UDP,443,50468,,forward,20260823_170458_other_001_aa7d,Other
1787484934.35886,381,6,UDP,443,50468,,forward,20260823_170458_other_001_aa7d,Other
1787484934.35915,108,6,UDP,50468,443,,forward,20260823_170458_other_001_aa7d,Other
1787484934.359386,145,6,UDP,50468,443,,forward,20260823_170458_other_001_aa7d,Other
1787484934.367746,238,6,UDP,50468,443,,forward,20260823_170458_other_001_aa7d,Other
1787484934.3691,108,6,UDP,443,50468,,forward,20260823_170458_other_001_aa7d,Other
1787484934.390947,108,6,UDP,443,50468,,forward,20260823_170458_other_001_aa7d,Other
1787484934.400067,108,6,UDP,443,50468,,forward,20260823_170458_other_001_aa7d,Other
1787484934.400067,403,6,UDP,443,50468,,forward,20260823_170458_other_001_aa7d,Other
1787484934.400321,108,6,UDP,50468,443,,forward,20260823_170458_other_001_aa7d,Other
1787484934.406152,420,6,UDP,50468,443,,forward,20260823_170458_other_001_aa7d,Other
1787484934.446057,108,6,UDP,443,50468,,forward,20260823_170458_other_001_aa7d,Other
1787484934.446057,214,6,UDP,443,50468,,forward,20260823_170458_other_001_aa7d,Other
1787484934.446574,108,6,UDP,50468,443,,forward,20260823_170458_other_001_aa7d,Other
1787484934.447756,183,6,UDP,50468,443,,forward,20260823_170458_other_001_aa7d,Other
1787484934.477665,108,6,UDP,443,50468,,forward,20260823_170458_other_001_aa7d,Other
1787484934.477665,608,6,UDP,443,50468,,forward,20260823_170458_other_001_aa7d,Other
1787484934.477919,108,6,UDP,50468,443,,forward,20260823_170458_other_001_aa7d,Other
1787484934.478547,145,6,UDP,50468,443,,forward,20260823_170458_other_001_aa7d,Other
1787484934.52265,108,6,UDP,443,50468,,forward,20260823_170458_other_001_aa7d,Other
1787484934.52265,145,6,UDP,443,50468,,forward,20260823_170458_other_001_aa7d,Other
1787484934.522955,108,6,UDP,50468,443,,forward,20260823_170458_other_001_aa7d,Other
1787484934.523213,145,6,UDP,50468,443,,forward,20260823_170458_other_001_aa7d,Other
1787484934.553557,108,6,UDP,443,50468,,forward,20260823_170458_other_001_aa7d,Other
1787484934.824519,104,6,UDP,50468,443,,forward,20260823_170458_other_001_aa7d,Other
1787484934.855176,108,6,UDP,443,50468,,forward,20260823_170458_other_001_aa7d,Other
1787484935.014165,594,6,UDP,443,50468,,forward,20260823_170458_other_001_aa7d,Other
1787484935.014467,108,6,UDP,50468,443,,forward,20260823_170458_other_001_aa7d,Other
1787484935.066989,145,6,UDP,50468,443,,forward,20260823_170458_other_001_aa7d,Other
1787484935.109677,108,6,UDP,443,50468,,forward,20260823_170458_other_001_aa7d,Other
1787484936.03142,145,6,UDP,443,50468,,forward,20260823_170458_other_001_aa7d,Other
1787484936.031613,108,6,UDP,50468,443,,forward,20260823_170458_other_001_aa7d,Other
1787484936.032143,145,6,UDP,50468,443,,forward,20260823_170458_other_001_aa7d,Other
1787484936.061804,108,6,UDP,443,50468,,forward,20260823_170458_other_001_aa7d,Other
1787484936.157814,145,6,UDP,443,50468,,forward,20260823_170458_other_001_aa7d,Other
1787484936.157998,108,6,UDP,50468,443,,forward,20260823_170458_other_001_aa7d,Other
1787484936.160369,145,6,UDP,50468,443,,forward,20260823_170458_other_001_aa7d,Other
1787484936.189315,108,6,UDP,443,50468,,forward,20260823_170458_other_001_aa7d,Other
1787484937.047429,165,6,UDP,443,50468,,forward,20260823_170458_other_001_aa7d,Other
1787484937.047605,108,6,UDP,50468,443,,forward,20260823_170458_other_001_aa7d,Other
1787484937.048691,165,6,UDP,50468,443,,forward,20260823_170458_other_001_aa7d,Other
1787484937.076962,108,6,UDP,443,50468,,forward,20260823_170458_other_001_aa7d,Other
1787484937.10067,151,6,UDP,443,50468,,forward,20260823_170458_other_001_aa7d,Other
1787484937.100864,108,6,UDP,50468,443,,forward,20260823_170458_other_001_aa7d,Other
1787484937.101159,155,6,UDP,50468,443,,forward,20260823_170458_other_001_aa7d,Other
1787484937.132952,108,6,UDP,443,50468,,forward,20260823_170458_other_001_aa7d,Other
1787484937.132952,145,6,UDP,443,50468,,forward,20260823_170458_other_001_aa7d,Other
1787484937.133148,108,6,UDP,50468,443,,forward,20260823_170458_other_001_aa7d,Other
1787484937.833987,176,6,UDP,443,50468,,forward,20260823_170458_other_001_aa7d,Other
1787484937.834189,108,6,UDP,50468,443,,forward,20260823_170458_other_001_aa7d,Other
1787484937.834594,180,6,UDP,50468,443,,forward,20260823_170458_other_001_aa7d,Other
1787484937.867017,108,6,UDP,443,50468,,forward,20260823_170458_other_001_aa7d,Other
1787484937.867017,145,6,UDP,443,50468,,forward,20260823_170458_other_001_aa7d,Other
1787484937.867202,108,6,UDP,50468,443,,forward,20260823_170458_other_001_aa7d,Other
1787484937.946758,1385,6,UDP,50468,443,,forward,20260823_170458_other_001_aa7d,Other
1787484937.946888,1385,6,UDP,50468,443,,forward,20260823_170458_other_001_aa7d,Other
1787484937.946922,1385,6,UDP,50468,443,,forward,20260823_170458_other_001_aa7d,Other
1787484937.946944,1385,6,UDP,50468,443,,forward,20260823_170458_other_001_aa7d,Other
1787484937.946973,1385,6,UDP,50468,443,,forward,20260823_170458_other_001_aa7d,Other
1787484937.947005,780,6,UDP,50468,443,,forward,20260823_170458_other_001_aa7d,Other
1787484937.979731,108,6,UDP,443,50468,,forward,20260823_170458_other_001_aa7d,Other
1787484937.979731,108,6,UDP,443,50468,,forward,20260823_170458_other_001_aa7d,Other
1787484937.979731,108,6,UDP,443,50468,,forward,20260823_170458_other_001_aa7d,Other
1787484937.979731,230,6,UDP,443,50468,,forward,20260823_170458_other_001_aa7d,Other
1787484937.979731,360,6,UDP,443,50468,,forward,20260823_170458_other_001_aa7d,Other
1787484937.979731,165,6,UDP,443,50468,,forward,20260823_170458_other_001_aa7d,Other
1787484937.979982,108,6,UDP,50468,443,,forward,20260823_170458_other_001_aa7d,Other
1787484938.02562,692,6,UDP,443,50468,,forward,20260823_170458_other_001_aa7d,Other
1787484938.025824,108,6,UDP,50468,443,,forward,20260823_170458_other_001_aa7d,Other
1787484938.072966,165,6,UDP,50468,443,,forward,20260823_170458_other_001_aa7d,Other
1787484938.101858,108,6,UDP,443,50468,,forward,20260823_170458_other_001_aa7d,Other
1787484938.101858,196,6,UDP,443,50468,,forward,20260823_170458_other_001_aa7d,Other
1787484938.102124,108,6,UDP,50468,443,,forward,20260823_170458_other_001_aa7d,Other
1787484938.156047,165,6,UDP,50468,443,,forward,20260823_170458_other_001_aa7d,Other
1787484938.198634,108,6,UDP,443,50468,,forward,20260823_170458_other_001_aa7d,Other
1787484938.595722,165,6,UDP,443,50468,,forward,20260823_170458_other_001_aa7d,Other
1787484938.596204,108,6,UDP,50468,443,,forward,20260823_170458_other_001_aa7d,Other
1787484938.596357,165,6,UDP,50468,443,,forward,20260823_170458_other_001_aa7d,Other
1787484938.626751,108,6,UDP,443,50468,,forward,20260823_170458_other_001_aa7d,Other
1787484938.83391,104,6,UDP,50468,443,,forward,20260823_170458_other_001_aa7d,Other
1787484938.864275,108,6,UDP,443,50468,,forward,20260823_170458_other_001_aa7d,Other
1787484940.356764,137,6,UDP,50468,443,,forward,20260823_170458_other_001_aa7d,Other
1787484940.356907,358,6,UDP,50468,443,,forward,20260823_170458_other_001_aa7d,Other
1787484940.387005,108,6,UDP,443,50468,,forward,20260823_170458_other_001_aa7d,Other
1787484940.387005,528,6,UDP,443,50468,,forward,20260823_170458_other_001_aa7d,Other
1787484940.387302,108,6,UDP,50468,443,,forward,20260823_170458_other_001_aa7d,Other
1787484940.641121,145,6,UDP,443,50468,,forward,20260823_170458_other_001_aa7d,Other
1787484940.641344,108,6,UDP,50468,443,,forward,20260823_170458_other_001_aa7d,Other
1787484940.642071,145,6,UDP,50468,443,,forward,20260823_170458_other_001_aa7d,Other
1787484940.686566,108,6,UDP,443,50468,,forward,20260823_170458_other_001_aa7d,Other
1787484941.123024,408,6,UDP,50468,443,,forward,20260823_170458_other_001_aa7d,Other
1787484941.163964,108,6,UDP,443,50468,,forward,20260823_170458_other_001_aa7d,Other
1787484941.163964,145,6,UDP,443,50468,,forward,20260823_170458_other_001_aa7d,Other
1787484941.164213,108,6,UDP,50468,443,,forward,20260823_170458_other_001_aa7d,Other
1787484941.304745,238,6,UDP,443,50468,,forward,20260823_170458_other_001_aa7d,Other
1787484941.304926,108,6,UDP,50468,443,,forward,20260823_170458_other_001_aa7d,Other
1787484941.352192,145,6,UDP,50468,443,,forward,20260823_170458_other_001_aa7d,Other
1787484941.383181,108,6,UDP,443,50468,,forward,20260823_170458_other_001_aa7d,Other
1787484941.654225,165,6,UDP,443,50468,,forward,20260823_170458_other_001_aa7d,Other
1787484941.654437,108,6,UDP,50468,443,,forward,20260823_170458_other_001_aa7d,Other
1787484941.654694,165,6,UDP,50468,443,,forward,20260823_170458_other_001_aa7d,Other
1787484941.684753,108,6,UDP,443,50468,,forward,20260823_170458_other_001_aa7d,Other
1787484942.162283,362,6,UDP,443,50468,,forward,20260823_170458_other_001_aa7d,Other
1787484942.162515,108,6,UDP,50468,443,,forward,20260823_170458_other_001_aa7d,Other
1787484942.163031,200,6,UDP,50468,443,,forward,20260823_170458_other_001_aa7d,Other
1787484942.163177,200,6,UDP,50468,443,,forward,20260823_170458_other_001_aa7d,Other
1787484942.192373,108,6,UDP,443,50468,,forward,20260823_170458_other_001_aa7d,Other
1787484942.192373,165,6,UDP,443,50468,,forward,20260823_170458_other_001_aa7d,Other
1787484942.192553,108,6,UDP,50468,443,,forward,20260823_170458_other_001_aa7d,Other
1787484942.73293,189,6,UDP,443,50468,,forward,20260823_170458_other_001_aa7d,Other
1787484942.733986,108,6,UDP,50468,443,,forward,20260823_170458_other_001_aa7d,Other
1787484942.734484,193,6,UDP,50468,443,,forward,20260823_170458_other_001_aa7d,Other
1787484942.767645,108,6,UDP,443,50468,,forward,20260823_170458_other_001_aa7d,Other
1787484942.767645,165,6,UDP,443,50468,,forward,20260823_170458_other_001_aa7d,Other
1787484942.767845,108,6,UDP,50468,443,,forward,20260823_170458_other_001_aa7d,Other
1787484942.825614,104,6,UDP,50468,443,,forward,20260823_170458_other_001_aa7d,Other
1787484942.856423,108,6,UDP,443,50468,,forward,20260823_170458_other_001_aa7d,Other
1787484942.871916,134,6,OTHER,0,0,,forward,20260823_170458_other_001_aa7d,Other
1787484944.256037,166,6,UDP,50468,443,,forward,20260823_170458_other_001_aa7d,Other
1787484944.287233,108,6,UDP,443,50468,,forward,20260823_170458_other_001_aa7d,Other
1787484944.287233,177,6,UDP,443,50468,,forward,20260823_170458_other_001_aa7d,Other
1787484944.287444,108,6,UDP,50468,443,,forward,20260823_170458_other_001_aa7d,Other
1787484944.510256,190,6,UDP,50468,443,,forward,20260823_170458_other_001_aa7d,Other
1787484944.541257,108,6,UDP,443,50468,,forward,20260823_170458_other_001_aa7d,Other
1787484944.728194,145,6,UDP,443,50468,,forward,20260823_170458_other_001_aa7d,Other
1787484944.728408,108,6,UDP,50468,443,,forward,20260823_170458_other_001_aa7d,Other
1787484944.728614,145,6,UDP,50468,443,,forward,20260823_170458_other_001_aa7d,Other
1787484944.761288,108,6,UDP,443,50468,,forward,20260823_170458_other_001_aa7d,Other
1787484945.158204,594,6,UDP,443,50468,,forward,20260823_170458_other_001_aa7d,Other
1787484945.158513,108,6,UDP,50468,443,,forward,20260823_170458_other_001_aa7d,Other
1787484945.206174,145,6,UDP,50468,443,,forward,20260823_170458_other_001_aa7d,Other
1787484945.236805,108,6,UDP,443,50468,,forward,20260823_170458_other_001_aa7d,Other
1787484945.756309,165,6,UDP,443,50468,,forward,20260823_170458_other_001_aa7d,Other
1787484945.756502,108,6,UDP,50468,443,,forward,20260823_170458_other_001_aa7d,Other
1787484945.756796,165,6,UDP,50468,443,,forward,20260823_170458_other_001_aa7d,Other
1787484945.775908,165,6,UDP,443,50468,,forward,20260823_170458_other_001_aa7d,Other
1787484945.776175,108,6,UDP,50468,443,,forward,20260823_170458_other_001_aa7d,Other
1787484945.776569,165,6,UDP,50468,443,,forward,20260823_170458_other_001_aa7d,Other
1787484945.788181,108,6,UDP,443,50468,,forward,20260823_170458_other_001_aa7d,Other
1787484945.807007,108,6,UDP,443,50468,,forward,20260823_170458_other_001_aa7d,Other
1787484946.825311,104,6,UDP,50468,443,,forward,20260823_170458_other_001_aa7d,Other
1787484946.856174,108,6,UDP,443,50468,,forward,20260823_170458_other_001_aa7d,Other
1787484947.810277,165,6,UDP,443,50468,,forward,20260823_170458_other_001_aa7d,Other
1787484947.810467,108,6,UDP,50468,443,,forward,20260823_170458_other_001_aa7d,Other
1787484947.810705,165,6,UDP,50468,443,,forward,20260823_170458_other_001_aa7d,Other
1787484947.842201,108,6,UDP,443,50468,,forward,20260823_170458_other_001_aa7d,Other
1787484948.232061,181,6,UDP,50468,443,,forward,20260823_170458_other_001_aa7d,Other
1787484948.232416,181,6,UDP,50468,443,,forward,20260823_170458_other_001_aa7d,Other
1787484948.266796,108,6,UDP,443,50468,,forward,20260823_170458_other_001_aa7d,Other
1787484948.266796,237,6,UDP,443,50468,,forward,20260823_170458_other_001_aa7d,Other
1787484948.266796,237,6,UDP,443,50468,,forward,20260823_170458_other_001_aa7d,Other
1787484948.267074,108,6,UDP,50468,443,,forward,20260823_170458_other_001_aa7d,Other
1787484948.268236,181,6,UDP,50468,443,,forward,20260823_170458_other_001_aa7d,Other
1787484948.299668,108,6,UDP,443,50468,,forward,20260823_170458_other_001_aa7d,Other
1787484948.299668,181,6,UDP,443,50468,,forward,20260823_170458_other_001_aa7d,Other
1787484948.299889,108,6,UDP,50468,443,,forward,20260823_170458_other_001_aa7d,Other
1787484948.314858,165,6,UDP,443,50468,,forward,20260823_170458_other_001_aa7d,Other
1787484948.315067,108,6,UDP,50468,443,,forward,20260823_170458_other_001_aa7d,Other
1787484948.315285,165,6,UDP,50468,443,,forward,20260823_170458_other_001_aa7d,Other
1787484948.344916,108,6,UDP,443,50468,,forward,20260823_170458_other_001_aa7d,Other
1787484948.786716,157,6,UDP,50468,443,,forward,20260823_170458_other_001_aa7d,Other
1787484948.853488,112,6,UDP,50468,443,,forward,20260823_170458_other_001_aa7d,Other
1787484948.883945,108,6,UDP,443,50468,,forward,20260823_170458_other_001_aa7d,Other
1787484948.883945,157,6,UDP,443,50468,,forward,20260823_170458_other_001_aa7d,Other
1787484948.88421,108,6,UDP,50468,443,,forward,20260823_170458_other_001_aa7d,Other
1787484948.885076,145,6,UDP,50468,443,,forward,20260823_170458_other_001_aa7d,Other
1787484948.899403,417,6,UDP,50468,443,,forward,20260823_170458_other_001_aa7d,Other
1787484948.905638,108,6,UDP,443,50468,,forward,20260823_170458_other_001_aa7d,Other
1787484948.913912,110,6,UDP,443,50468,,forward,20260823_170458_other_001_aa7d,Other
1787484948.914094,108,6,UDP,50468,443,,forward,20260823_170458_other_001_aa7d,Other
1787484948.937576,212,4,UDP,62367,1900,,forward,20260823_170458_other_001_aa7d,Other
1787484948.961999,108,6,UDP,443,50468,,forward,20260823_170458_other_001_aa7d,Other
1787484948.961999,108,6,UDP,443,50468,,forward,20260823_170458_other_001_aa7d,Other
1787484948.961999,145,6,UDP,443,50468,,forward,20260823_170458_other_001_aa7d,Other
1787484948.961999,1385,6,UDP,443,50468,,forward,20260823_170458_other_001_aa7d,Other
1787484948.961999,953,6,UDP,443,50468,,forward,20260823_170458_other_001_aa7d,Other
1787484948.961999,1385,6,UDP,443,50468,,forward,20260823_170458_other_001_aa7d,Other
1787484948.962733,108,6,UDP,50468,443,,forward,20260823_170458_other_001_aa7d,Other
1787484948.964965,145,6,UDP,50468,443,,forward,20260823_170458_other_001_aa7d,Other
1787484948.965623,151,6,UDP,50468,443,,forward,20260823_170458_other_001_aa7d,Other
1787484949.009476,108,6,UDP,443,50468,,forward,20260823_170458_other_001_aa7d,Other
1787484949.009476,635,6,UDP,443,50468,,forward,20260823_170458_other_001_aa7d,Other
1787484949.009476,108,6,UDP,443,50468,,forward,20260823_170458_other_001_aa7d,Other
1787484949.009689,108,6,UDP,50468,443,,forward,20260823_170458_other_001_aa7d,Other
1787484949.016729,219,6,UDP,50468,443,,forward,20260823_170458_other_001_aa7d,Other
1787484949.016862,1385,6,UDP,50468,443,,forward,20260823_170458_other_001_aa7d,Other
1787484949.016909,1385,6,UDP,50468,443,,forward,20260823_170458_other_001_aa7d,Other
1787484949.016942,210,6,UDP,50468,443,,forward,20260823_170458_other_001_aa7d,Other
1787484949.062016,145,6,UDP,443,50468,,forward,20260823_170458_other_001_aa7d,Other
1787484949.062224,108,6,UDP,50468,443,,forward,20260823_170458_other_001_aa7d,Other
1787484949.117957,108,6,UDP,443,50468,,forward,20260823_170458_other_001_aa7d,Other
1787484949.117957,280,6,UDP,443,50468,,forward,20260823_170458_other_001_aa7d,Other
1787484949.117957,1385,6,UDP,443,50468,,forward,20260823_170458_other_001_aa7d,Other
1787484949.117957,352,6,UDP,443,50468,,forward,20260823_170458_other_001_aa7d,Other
1787484949.118187,108,6,UDP,50468,443,,forward,20260823_170458_other_001_aa7d,Other
1787484949.118445,145,6,UDP,50468,443,,forward,20260823_170458_other_001_aa7d,Other
1787484949.118812,214,6,UDP,50468,443,,forward,20260823_170458_other_001_aa7d,Other
1787484949.181512,108,6,UDP,443,50468,,forward,20260823_170458_other_001_aa7d,Other
1787484949.181512,145,6,UDP,443,50468,,forward,20260823_170458_other_001_aa7d,Other
1787484949.181752,108,6,UDP,50468,443,,forward,20260823_170458_other_001_aa7d,Other
1787484949.183811,145,6,UDP,50468,443,,forward,20260823_170458_other_001_aa7d,Other
1787484949.226594,108,6,UDP,443,50468,,forward,20260823_170458_other_001_aa7d,Other
1787484949.942231,212,4,UDP,62367,1900,,forward,20260823_170458_other_001_aa7d,Other
1787484950.718045,252,6,UDP,50468,443,,forward,20260823_170458_other_001_aa7d,Other
1787484950.718259,176,6,UDP,50468,443,,forward,20260823_170458_other_001_aa7d,Other
1787484950.718694,176,6,UDP,50468,443,,forward,20260823_170458_other_001_aa7d,Other
1787484950.748391,166,6,UDP,50468,443,,forward,20260823_170458_other_001_aa7d,Other
1787484950.749012,328,6,UDP,50468,443,,forward,20260823_170458_other_001_aa7d,Other
1787484950.75399,108,6,UDP,443,50468,,forward,20260823_170458_other_001_aa7d,Other
1787484950.75399,357,6,UDP,443,50468,,forward,20260823_170458_other_001_aa7d,Other
1787484950.75399,357,6,UDP,443,50468,,forward,20260823_170458_other_001_aa7d,Other
1787484950.75399,381,6,UDP,443,50468,,forward,20260823_170458_other_001_aa7d,Other
1787484950.75399,381,6,UDP,443,50468,,forward,20260823_170458_other_001_aa7d,Other
1787484950.754251,108,6,UDP,50468,443,,forward,20260823_170458_other_001_aa7d,Other
1787484950.759062,254,6,UDP,50468,443,,forward,20260823_170458_other_001_aa7d,Other
1787484950.769472,165,6,UDP,443,50468,,forward,20260823_170458_other_001_aa7d,Other
1787484950.769707,108,6,UDP,50468,443,,forward,20260823_170458_other_001_aa7d,Other
1787484950.769942,165,6,UDP,50468,443,,forward,20260823_170458_other_001_aa7d,Other
1787484950.779787,108,6,UDP,443,50468,,forward,20260823_170458_other_001_aa7d,Other
1787484950.779787,177,6,UDP,443,50468,,forward,20260823_170458_other_001_aa7d,Other
1787484950.78029,108,6,UDP,50468,443,,forward,20260823_170458_other_001_aa7d,Other
1787484950.794828,357,6,UDP,443,50468,,forward,20260823_170458_other_001_aa7d,Other
1787484950.794828,381,6,UDP,443,50468,,forward,20260823_170458_other_001_aa7d,Other
1787484950.794828,357,6,UDP,443,50468,,forward,20260823_170458_other_001_aa7d,Other
1787484950.794828,108,6,UDP,443,50468,,forward,20260823_170458_other_001_aa7d,Other
1787484950.794828,177,6,UDP,443,50468,,forward,20260823_170458_other_001_aa7d,Other
1787484950.794828,177,6,UDP,443,50468,,forward,20260823_170458_other_001_aa7d,Other
1787484950.795231,108,6,UDP,50468,443,,forward,20260823_170458_other_001_aa7d,Other
1787484950.796165,165,6,UDP,50468,443,,forward,20260823_170458_other_001_aa7d,Other
1787484950.796232,165,6,UDP,50468,443,,forward,20260823_170458_other_001_aa7d,Other
1787484950.800885,615,6,UDP,50468,443,,forward,20260823_170458_other_001_aa7d,Other
1787484950.801723,611,6,UDP,50468,443,,forward,20260823_170458_other_001_aa7d,Other
1787484950.806865,108,6,UDP,443,50468,,forward,20260823_170458_other_001_aa7d,Other
1787484950.825932,104,6,UDP,50468,443,,forward,20260823_170458_other_001_aa7d,Other
1787484950.840448,108,6,UDP,443,50468,,forward,20260823_170458_other_001_aa7d,Other
1787484950.840448,108,6,UDP,443,50468,,forward,20260823_170458_other_001_aa7d,Other
1787484950.840448,165,6,UDP,443,50468,,forward,20260823_170458_other_001_aa7d,Other
1787484950.840448,165,6,UDP,443,50468,,forward,20260823_170458_other_001_aa7d,Other
1787484950.840448,1385,6,UDP,443,50468,,forward,20260823_170458_other_001_aa7d,Other
1787484950.840448,1385,6,UDP,443,50468,,forward,20260823_170458_other_001_aa7d,Other
1787484950.840448,1385,6,UDP,443,50468,,forward,20260823_170458_other_001_aa7d,Other
1787484950.840448,1385,6,UDP,443,50468,,forward,20260823_170458_other_001_aa7d,Other
1787484950.840448,1385,6,UDP,443,50468,,forward,20260823_170458_other_001_aa7d,Other
1787484950.840448,1233,6,UDP,443,50468,,forward,20260823_170458_other_001_aa7d,Other
1787484950.840448,1385,6,UDP,443,50468,,forward,20260823_170458_other_001_aa7d,Other
1787484950.840448,1385,6,UDP,443,50468,,forward,20260823_170458_other_001_aa7d,Other
1787484950.840448,1385,6,UDP,443,50468,,forward,20260823_170458_other_001_aa7d,Other
1787484950.840448,1385,6,UDP,443,50468,,forward,20260823_170458_other_001_aa7d,Other
1787484950.840448,1385,6,UDP,443,50468,,forward,20260823_170458_other_001_aa7d,Other
1787484950.840448,1385,6,UDP,443,50468,,forward,20260823_170458_other_001_aa7d,Other
1787484950.840448,1233,6,UDP,443,50468,,forward,20260823_170458_other_001_aa7d,Other
1787484950.840448,1385,6,UDP,443,50468,,forward,20260823_170458_other_001_aa7d,Other
1787484950.840838,108,6,UDP,50468,443,,forward,20260823_170458_other_001_aa7d,Other
1787484950.841095,295,6,UDP,50468,443,,forward,20260823_170458_other_001_aa7d,Other
1787484950.84117,555,6,UDP,50468,443,,forward,20260823_170458_other_001_aa7d,Other
1787484950.856857,108,6,UDP,443,50468,,forward,20260823_170458_other_001_aa7d,Other
1787484950.872224,108,6,UDP,443,50468,,forward,20260823_170458_other_001_aa7d,Other
1787484950.872224,336,6,UDP,443,50468,,forward,20260823_170458_other_001_aa7d,Other
1787484950.872224,336,6,UDP,443,50468,,forward,20260823_170458_other_001_aa7d,Other
1787484950.872543,108,6,UDP,50468,443,,forward,20260823_170458_other_001_aa7d,Other
1787484950.872809,230,6,UDP,50468,443,,forward,20260823_170458_other_001_aa7d,Other
1787484950.881906,245,6,UDP,50468,443,,forward,20260823_170458_other_001_aa7d,Other
1787484950.897992,1385,6,UDP,50468,443,,forward,20260823_170458_other_001_aa7d,Other
1787484950.898072,575,6,UDP,50468,443,,forward,20260823_170458_other_001_aa7d,Other
1787484950.902431,108,6,UDP,443,50468,,forward,20260823_170458_other_001_aa7d,Other
1787484950.910071,245,6,UDP,50468,443,,forward,20260823_170458_other_001_aa7d,Other
1787484950.910305,558,6,UDP,50468,443,,forward,20260823_170458_other_001_aa7d,Other
1787484950.920819,108,6,UDP,443,50468,,forward,20260823_170458_other_001_aa7d,Other
1787484950.920819,624,6,UDP,443,50468,,forward,20260823_170458_other_001_aa7d,Other
1787484950.921058,108,6,UDP,50468,443,,forward,20260823_170458_other_001_aa7d,Other
1787484950.933386,108,6,UDP,443,50468,,forward,20260823_170458_other_001_aa7d,Other
1787484950.933386,165,6,UDP,443,50468,,forward,20260823_170458_other_001_aa7d,Other
1787484950.933614,108,6,UDP,50468,443,,forward,20260823_170458_other_001_aa7d,Other
1787484950.948409,212,4,UDP,62367,1900,,forward,20260823_170458_other_001_aa7d,Other
1787484950.9485,108,6,UDP,443,50468,,forward,20260823_170458_other_001_aa7d,Other
1787484950.9485,165,6,UDP,443,50468,,forward,20260823_170458_other_001_aa7d,Other
1787484950.948708,108,6,UDP,50468,443,,forward,20260823_170458_other_001_aa7d,Other
1787484950.963884,624,6,UDP,443,50468,,forward,20260823_170458_other_001_aa7d,Other
1787484950.964084,108,6,UDP,50468,443,,forward,20260823_170458_other_001_aa7d,Other
1787484950.964263,165,6,UDP,50468,443,,forward,20260823_170458_other_001_aa7d,Other
1787484950.967936,165,6,UDP,50468,443,,forward,20260823_170458_other_001_aa7d,Other
1787484950.995811,108,6,UDP,443,50468,,forward,20260823_170458_other_001_aa7d,Other
1787484950.995811,1038,6,UDP,443,50468,,forward,20260823_170458_other_001_aa7d,Other
1787484950.996057,108,6,UDP,50468,443,,forward,20260823_170458_other_001_aa7d,Other
1787484950.996407,165,6,UDP,50468,443,,forward,20260823_170458_other_001_aa7d,Other
1787484951.026804,108,6,UDP,443,50468,,forward,20260823_170458_other_001_aa7d,Other
1787484951.162287,1385,6,UDP,443,50468,,forward,20260823_170458_other_001_aa7d,Other
1787484951.162287,1385,6,UDP,443,50468,,forward,20260823_170458_other_001_aa7d,Other
1787484951.162287,1206,6,UDP,443,50468,,forward,20260823_170458_other_001_aa7d,Other
1787484951.162287,1385,6,UDP,443,50468,,forward,20260823_170458_other_001_aa7d,Other
1787484951.162287,1385,6,UDP,443,50468,,forward,20260823_170458_other_001_aa7d,Other
1787484951.162287,1385,6,UDP,443,50468,,forward,20260823_170458_other_001_aa7d,Other
1787484951.162287,1385,6,UDP,443,50468,,forward,20260823_170458_other_001_aa7d,Other
1787484951.162668,108,6,UDP,50468,443,,forward,20260823_170458_other_001_aa7d,Other
1787484951.163167,165,6,UDP,50468,443,,forward,20260823_170458_other_001_aa7d,Other
1787484951.163262,230,6,UDP,50468,443,,forward,20260823_170458_other_001_aa7d,Other
1787484951.169902,1385,6,UDP,443,50468,,forward,20260823_170458_other_001_aa7d,Other
1787484951.169902,1385,6,UDP,443,50468,,forward,20260823_170458_other_001_aa7d,Other
1787484951.169902,1385,6,UDP,443,50468,,forward,20260823_170458_other_001_aa7d,Other
1787484951.169902,1385,6,UDP,443,50468,,forward,20260823_170458_other_001_aa7d,Other
1787484951.169902,1385,6,UDP,443,50468,,forward,20260823_170458_other_001_aa7d,Other
1787484951.169902,1385,6,UDP,443,50468,,forward,20260823_170458_other_001_aa7d,Other
1787484951.170468,108,6,UDP,50468,443,,forward,20260823_170458_other_001_aa7d,Other
1787484951.171119,295,6,UDP,50468,443,,forward,20260823_170458_other_001_aa7d,Other
1787484951.184867,1385,6,UDP,443,50468,,forward,20260823_170458_other_001_aa7d,Other
1787484951.184867,1385,6,UDP,443,50468,,forward,20260823_170458_other_001_aa7d,Other
1787484951.184867,1385,6,UDP,443,50468,,forward,20260823_170458_other_001_aa7d,Other
1787484951.184867,1385,6,UDP,443,50468,,forward,20260823_170458_other_001_aa7d,Other
1787484951.184867,1385,6,UDP,443,50468,,forward,20260823_170458_other_001_aa7d,Other
1787484951.184867,1385,6,UDP,443,50468,,forward,20260823_170458_other_001_aa7d,Other
1787484951.185218,108,6,UDP,50468,443,,forward,20260823_170458_other_001_aa7d,Other
1787484951.185512,295,6,UDP,50468,443,,forward,20260823_170458_other_001_aa7d,Other
1787484951.195855,145,6,UDP,443,50468,,forward,20260823_170458_other_001_aa7d,Other
1787484951.195855,108,6,UDP,443,50468,,forward,20260823_170458_other_001_aa7d,Other
1787484951.195855,1385,6,UDP,443,50468,,forward,20260823_170458_other_001_aa7d,Other
1787484951.195855,1385,6,UDP,443,50468,,forward,20260823_170458_other_001_aa7d,Other
1787484951.195855,1385,6,UDP,443,50468,,forward,20260823_170458_other_001_aa7d,Other
1787484951.195855,1385,6,UDP,443,50468,,forward,20260823_170458_other_001_aa7d,Other
1787484951.195855,1385,6,UDP,443,50468,,forward,20260823_170458_other_001_aa7d,Other
1787484951.195855,1385,6,UDP,443,50468,,forward,20260823_170458_other_001_aa7d,Other
1787484951.196515,108,6,UDP,50468,443,,forward,20260823_170458_other_001_aa7d,Other
1787484951.196884,340,6,UDP,50468,443,,forward,20260823_170458_other_001_aa7d,Other
1787484951.199901,1385,6,UDP,443,50468,,forward,20260823_170458_other_001_aa7d,Other
1787484951.199901,1385,6,UDP,443,50468,,forward,20260823_170458_other_001_aa7d,Other
1787484951.199901,108,6,UDP,443,50468,,forward,20260823_170458_other_001_aa7d,Other
1787484951.199901,1385,6,UDP,443,50468,,forward,20260823_170458_other_001_aa7d,Other
1787484951.199901,636,6,UDP,443,50468,,forward,20260823_170458_other_001_aa7d,Other
1787484951.200138,108,6,UDP,50468,443,,forward,20260823_170458_other_001_aa7d,Other
1787484951.20032,165,6,UDP,50468,443,,forward,20260823_170458_other_001_aa7d,Other
1787484951.200459,165,6,UDP,50468,443,,forward,20260823_170458_other_001_aa7d,Other
1787484951.2174,108,6,UDP,443,50468,,forward,20260823_170458_other_001_aa7d,Other
1787484951.229412,108,6,UDP,443,50468,,forward,20260823_170458_other_001_aa7d,Other
1787484951.230954,108,6,UDP,443,50468,,forward,20260823_170458_other_001_aa7d,Other
1787484951.250851,165,6,UDP,50468,443,,forward,20260823_170458_other_001_aa7d,Other
1787484951.293362,108,6,UDP,443,50468,,forward,20260823_170458_other_001_aa7d,Other
1787484951.309739,188,6,UDP,50468,443,,forward,20260823_170458_other_001_aa7d,Other
1787484951.309835,188,6,UDP,50468,443,,forward,20260823_170458_other_001_aa7d,Other
1787484951.31029,188,6,UDP,50468,443,,forward,20260823_170458_other_001_aa7d,Other
1787484951.310658,188,6,UDP,50468,443,,forward,20260823_170458_other_001_aa7d,Other
1787484951.340498,108,6,UDP,443,50468,,forward,20260823_170458_other_001_aa7d,Other
1787484951.341419,188,6,UDP,50468,443,,forward,20260823_170458_other_001_aa7d,Other
1787484951.357406,274,6,UDP,443,50468,,forward,20260823_170458_other_001_aa7d,Other
1787484951.357406,670,6,UDP,443,50468,,forward,20260823_170458_other_001_aa7d,Other
1787484951.357675,108,6,UDP,50468,443,,forward,20260823_170458_other_001_aa7d,Other
1787484951.362775,177,6,UDP,50468,443,,forward,20260823_170458_other_001_aa7d,Other
1787484951.371061,108,6,UDP,443,50468,,forward,20260823_170458_other_001_aa7d,Other
1787484951.372933,274,6,UDP,443,50468,,forward,20260823_170458_other_001_aa7d,Other
1787484951.373147,108,6,UDP,50468,443,,forward,20260823_170458_other_001_aa7d,Other
1787484951.402965,108,6,UDP,443,50468,,forward,20260823_170458_other_001_aa7d,Other
1787484951.635274,177,6,UDP,443,50468,,forward,20260823_170458_other_001_aa7d,Other
1787484951.635545,108,6,UDP,50468,443,,forward,20260823_170458_other_001_aa7d,Other
1787484951.635788,165,6,UDP,50468,443,,forward,20260823_170458_other_001_aa7d,Other
1787484951.636736,374,6,UDP,50468,443,,forward,20260823_170458_other_001_aa7d,Other
1787484951.654436,194,6,UDP,50468,443,,forward,20260823_170458_other_001_aa7d,Other
1787484951.65471,194,6,UDP,50468,443,,forward,20260823_170458_other_001_aa7d,Other
1787484951.654976,194,6,UDP,50468,443,,forward,20260823_170458_other_001_aa7d,Other
1787484951.655359,194,6,UDP,50468,443,,forward,20260823_170458_other_001_aa7d,Other
1787484951.668857,108,6,UDP,443,50468,,forward,20260823_170458_other_001_aa7d,Other
1787484951.668857,165,6,UDP,443,50468,,forward,20260823_170458_other_001_aa7d,Other
1787484951.669087,108,6,UDP,50468,443,,forward,20260823_170458_other_001_aa7d,Other
1787484951.68685,108,6,UDP,443,50468,,forward,20260823_170458_other_001_aa7d,Other
1787484951.68685,359,6,UDP,443,50468,,forward,20260823_170458_other_001_aa7d,Other
1787484951.68685,573,6,UDP,443,50468,,forward,20260823_170458_other_001_aa7d,Other
1787484951.68685,314,6,UDP,443,50468,,forward,20260823_170458_other_001_aa7d,Other
1787484951.6874,108,6,UDP,50468,443,,forward,20260823_170458_other_001_aa7d,Other
1787484951.687713,288,6,UDP,50468,443,,forward,20260823_170458_other_001_aa7d,Other
1787484951.687846,288,6,UDP,50468,443,,forward,20260823_170458_other_001_aa7d,Other
1787484951.688245,308,6,UDP,50468,443,,forward,20260823_170458_other_001_aa7d,Other
1787484951.731499,108,6,UDP,443,50468,,forward,20260823_170458_other_001_aa7d,Other
1787484951.731499,359,6,UDP,443,50468,,forward,20260823_170458_other_001_aa7d,Other
1787484951.731499,314,6,UDP,443,50468,,forward,20260823_170458_other_001_aa7d,Other
1787484951.731499,573,6,UDP,443,50468,,forward,20260823_170458_other_001_aa7d,Other
1787484951.731499,275,6,UDP,443,50468,,forward,20260823_170458_other_001_aa7d,Other
1787484951.731499,275,6,UDP,443,50468,,forward,20260823_170458_other_001_aa7d,Other
1787484951.731905,108,6,UDP,50468,443,,forward,20260823_170458_other_001_aa7d,Other
1787484951.732736,204,6,UDP,50468,443,,forward,20260823_170458_other_001_aa7d,Other
1787484951.733817,157,6,UDP,50468,443,,forward,20260823_170458_other_001_aa7d,Other
1787484951.7626,108,6,UDP,443,50468,,forward,20260823_170458_other_001_aa7d,Other
1787484951.772553,275,6,UDP,443,50468,,forward,20260823_170458_other_001_aa7d,Other
1787484951.772757,108,6,UDP,50468,443,,forward,20260823_170458_other_001_aa7d,Other
1787484951.904493,145,6,UDP,443,50468,,forward,20260823_170458_other_001_aa7d,Other
1787484951.904882,108,6,UDP,50468,443,,forward,20260823_170458_other_001_aa7d,Other
1787484951.905074,145,6,UDP,50468,443,,forward,20260823_170458_other_001_aa7d,Other
1787484951.920559,1385,6,UDP,443,50468,,forward,20260823_170458_other_001_aa7d,Other
1787484951.920559,1374,6,UDP,443,50468,,forward,20260823_170458_other_001_aa7d,Other
1787484951.920913,108,6,UDP,50468,443,,forward,20260823_170458_other_001_aa7d,Other
1787484951.921207,165,6,UDP,50468,443,,forward,20260823_170458_other_001_aa7d,Other
1787484951.932101,323,6,UDP,50468,443,,forward,20260823_170458_other_001_aa7d,Other
1787484951.935596,108,6,UDP,443,50468,,forward,20260823_170458_other_001_aa7d,Other
1787484951.950628,212,4,UDP,62367,1900,,forward,20260823_170458_other_001_aa7d,Other
1787484951.954019,108,6,UDP,443,50468,,forward,20260823_170458_other_001_aa7d,Other
1787484951.96604,108,6,UDP,443,50468,,forward,20260823_170458_other_001_aa7d,Other
1787484951.96604,165,6,UDP,443,50468,,forward,20260823_170458_other_001_aa7d,Other
1787484951.966259,108,6,UDP,50468,443,,forward,20260823_170458_other_001_aa7d,Other
1787484952.014036,157,6,UDP,443,50468,,forward,20260823_170458_other_001_aa7d,Other
1787484952.014336,108,6,UDP,50468,443,,forward,20260823_170458_other_001_aa7d,Other
1787484952.014627,145,6,UDP,50468,443,,forward,20260823_170458_other_001_aa7d,Other
1787484952.017916,609,6,UDP,50468,443,,forward,20260823_170458_other_001_aa7d,Other
1787484952.045665,108,6,UDP,443,50468,,forward,20260823_170458_other_001_aa7d,Other
1787484952.045665,108,6,UDP,443,50468,,forward,20260823_170458_other_001_aa7d,Other
1787484952.06004,145,6,UDP,443,50468,,forward,20260823_170458_other_001_aa7d,Other
1787484952.06028,108,6,UDP,50468,443,,forward,20260823_170458_other_001_aa7d,Other
1787484952.123692,151,6,UDP,443,50468,,forward,20260823_170458_other_001_aa7d,Other
1787484952.123919,108,6,UDP,50468,443,,forward,20260823_170458_other_001_aa7d,Other
1787484952.124273,155,6,UDP,50468,443,,forward,20260823_170458_other_001_aa7d,Other
1787484952.13347,594,6,UDP,443,50468,,forward,20260823_170458_other_001_aa7d,Other
1787484952.133695,108,6,UDP,50468,443,,forward,20260823_170458_other_001_aa7d,Other
1787484952.153568,210,6,UDP,443,50468,,forward,20260823_170458_other_001_aa7d,Other
1787484952.153568,108,6,UDP,443,50468,,forward,20260823_170458_other_001_aa7d,Other
1787484952.154049,108,6,UDP,50468,443,,forward,20260823_170458_other_001_aa7d,Other
1787484952.155274,300,6,UDP,50468,443,,forward,20260823_170458_other_001_aa7d,Other
1787484952.165525,145,6,UDP,443,50468,,forward,20260823_170458_other_001_aa7d,Other
1787484952.16582,108,6,UDP,50468,443,,forward,20260823_170458_other_001_aa7d,Other
1787484952.184089,108,6,UDP,443,50468,,forward,20260823_170458_other_001_aa7d,Other
1787484952.184089,165,6,UDP,443,50468,,forward,20260823_170458_other_001_aa7d,Other
1787484952.184285,108,6,UDP,50468,443,,forward,20260823_170458_other_001_aa7d,Other
1787484952.19186,145,6,UDP,50468,443,,forward,20260823_170458_other_001_aa7d,Other
1787484952.215078,285,6,UDP,443,50468,,forward,20260823_170458_other_001_aa7d,Other
1787484952.215078,165,6,UDP,443,50468,,forward,20260823_170458_other_001_aa7d,Other
1787484952.215326,108,6,UDP,50468,443,,forward,20260823_170458_other_001_aa7d,Other
1787484952.216072,165,6,UDP,50468,443,,forward,20260823_170458_other_001_aa7d,Other
1787484952.218237,601,6,UDP,50468,443,,forward,20260823_170458_other_001_aa7d,Other
1787484952.218385,844,6,UDP,50468,443,,forward,20260823_170458_other_001_aa7d,Other
1787484952.230314,108,6,UDP,443,50468,,forward,20260823_170458_other_001_aa7d,Other
1787484952.260135,108,6,UDP,443,50468,,forward,20260823_170458_other_001_aa7d,Other
1787484952.260135,165,6,UDP,443,50468,,forward,20260823_170458_other_001_aa7d,Other
1787484952.260135,295,6,UDP,443,50468,,forward,20260823_170458_other_001_aa7d,Other
1787484952.26038,108,6,UDP,50468,443,,forward,20260823_170458_other_001_aa7d,Other
1787484952.322641,1385,6,UDP,443,50468,,forward,20260823_170458_other_001_aa7d,Other
1787484952.322641,1385,6,UDP,443,50468,,forward,20260823_170458_other_001_aa7d,Other
1787484952.322641,1385,6,UDP,443,50468,,forward,20260823_170458_other_001_aa7d,Other
1787484952.322641,1385,6,UDP,443,50468,,forward,20260823_170458_other_001_aa7d,Other
1787484952.322641,1385,6,UDP,443,50468,,forward,20260823_170458_other_001_aa7d,Other
1787484952.322641,1113,6,UDP,443,50468,,forward,20260823_170458_other_001_aa7d,Other
1787484952.322641,1385,6,UDP,443,50468,,forward,20260823_170458_other_001_aa7d,Other
1787484952.32297,108,6,UDP,50468,443,,forward,20260823_170458_other_001_aa7d,Other
1787484952.323306,325,6,UDP,50468,443,,forward,20260823_170458_other_001_aa7d,Other
1787484952.323372,190,6,UDP,50468,443,,forward,20260823_170458_other_001_aa7d,Other
1787484952.353792,108,6,UDP,443,50468,,forward,20260823_170458_other_001_aa7d,Other
1787484952.353792,108,6,UDP,443,50468,,forward,20260823_170458_other_001_aa7d,Other
1787484952.364868,730,6,UDP,443,50468,,forward,20260823_170458_other_001_aa7d,Other
1787484952.365098,108,6,UDP,50468,443,,forward,20260823_170458_other_001_aa7d,Other
1787484952.365285,145,6,UDP,50468,443,,forward,20260823_170458_other_001_aa7d,Other
1787484952.380617,225,6,UDP,50468,443,,forward,20260823_170458_other_001_aa7d,Other
1787484952.380862,1373,6,UDP,50468,443,,forward,20260823_170458_other_001_aa7d,Other
1787484952.380923,1385,6,UDP,50468,443,,forward,20260823_170458_other_001_aa7d,Other
1787484952.380956,960,6,UDP,50468,443,,forward,20260823_170458_other_001_aa7d,Other
1787484952.398463,108,6,UDP,443,50468,,forward,20260823_170458_other_001_aa7d,Other
1787484952.420598,108,6,UDP,443,50468,,forward,20260823_170458_other_001_aa7d,Other
1787484952.420598,108,6,UDP,443,50468,,forward,20260823_170458_other_001_aa7d,Other
1787484952.420598,280,6,UDP,443,50468,,forward,20260823_170458_other_001_aa7d,Other
1787484952.420846,108,6,UDP,50468,443,,forward,20260823_170458_other_001_aa7d,Other
1787484952.494686,203,6,UDP,443,50468,,forward,20260823_170458_other_001_aa7d,Other
1787484952.495063,108,6,UDP,50468,443,,forward,20260823_170458_other_001_aa7d,Other
1787484952.542395,165,6,UDP,50468,443,,forward,20260823_170458_other_001_aa7d,Other
1787484952.573161,108,6,UDP,443,50468,,forward,20260823_170458_other_001_aa7d,Other
1787484952.653338,248,6,UDP,443,50468,,forward,20260823_170458_other_001_aa7d,Other
1787484952.653766,108,6,UDP,50468,443,,forward,20260823_170458_other_001_aa7d,Other
1787484952.654325,145,6,UDP,50468,443,,forward,20260823_170458_other_001_aa7d,Other
1787484952.68411,108,6,UDP,443,50468,,forward,20260823_170458_other_001_aa7d,Other
1787484952.68411,192,6,UDP,443,50468,,forward,20260823_170458_other_001_aa7d,Other
1787484952.684442,108,6,UDP,50468,443,,forward,20260823_170458_other_001_aa7d,Other
1787484952.684778,145,6,UDP,50468,443,,forward,20260823_170458_other_001_aa7d,Other
1787484952.713748,108,6,UDP,443,50468,,forward,20260823_170458_other_001_aa7d,Other
1787484952.744747,616,6,UDP,443,50468,,forward,20260823_170458_other_001_aa7d,Other
1787484952.744905,108,6,UDP,50468,443,,forward,20260823_170458_other_001_aa7d,Other
1787484952.791339,165,6,UDP,50468,443,,forward,20260823_170458_other_001_aa7d,Other
1787484952.8222,108,6,UDP,443,50468,,forward,20260823_170458_other_001_aa7d,Other
1787484952.858235,304,6,UDP,50468,443,,forward,20260823_170458_other_001_aa7d,Other
1787484952.858318,1385,6,UDP,50468,443,,forward,20260823_170458_other_001_aa7d,Other
1787484952.858345,1077,6,UDP,50468,443,,forward,20260823_170458_other_001_aa7d,Other
1787484952.90071,108,6,UDP,443,50468,,forward,20260823_170458_other_001_aa7d,Other
1787484952.90071,295,6,UDP,443,50468,,forward,20260823_170458_other_001_aa7d,Other
1787484952.90071,590,6,UDP,443,50468,,forward,20260823_170458_other_001_aa7d,Other
1787484952.90113,108,6,UDP,50468,443,,forward,20260823_170458_other_001_aa7d,Other
1787484952.901686,145,6,UDP,50468,443,,forward,20260823_170458_other_001_aa7d,Other
1787484952.931811,108,6,UDP,443,50468,,forward,20260823_170458_other_001_aa7d,Other
1787484952.976715,165,6,UDP,50468,443,,forward,20260823_170458_other_001_aa7d,Other
1787484952.97689,165,6,UDP,50468,443,,forward,20260823_170458_other_001_aa7d,Other
1787484952.977538,145,6,UDP,50468,443,,forward,20260823_170458_other_001_aa7d,Other
1787484953.006628,108,6,UDP,443,50468,,forward,20260823_170458_other_001_aa7d,Other
1787484953.136707,1385,6,UDP,443,50468,,forward,20260823_170458_other_001_aa7d,Other
1787484953.136707,1385,6,UDP,443,50468,,forward,20260823_170458_other_001_aa7d,Other
1787484953.136707,1385,6,UDP,443,50468,,forward,20260823_170458_other_001_aa7d,Other
1787484953.136707,1385,6,UDP,443,50468,,forward,20260823_170458_other_001_aa7d,Other
1787484953.136707,1385,6,UDP,443,50468,,forward,20260823_170458_other_001_aa7d,Other
1787484953.136707,805,6,UDP,443,50468,,forward,20260823_170458_other_001_aa7d,Other
1787484953.136707,1385,6,UDP,443,50468,,forward,20260823_170458_other_001_aa7d,Other
1787484953.136707,1385,6,UDP,443,50468,,forward,20260823_170458_other_001_aa7d,Other
1787484953.137321,108,6,UDP,50468,443,,forward,20260823_170458_other_001_aa7d,Other
1787484953.137684,360,6,UDP,50468,443,,forward,20260823_170458_other_001_aa7d,Other
1787484953.142795,1385,6,UDP,443,50468,,forward,20260823_170458_other_001_aa7d,Other
1787484953.142795,1385,6,UDP,443,50468,,forward,20260823_170458_other_001_aa7d,Other
1787484953.142795,1385,6,UDP,443,50468,,forward,20260823_170458_other_001_aa7d,Other
1787484953.142795,1385,6,UDP,443,50468,,forward,20260823_170458_other_001_aa7d,Other
1787484953.142795,1385,6,UDP,443,50468,,forward,20260823_170458_other_001_aa7d,Other
1787484953.143036,108,6,UDP,50468,443,,forward,20260823_170458_other_001_aa7d,Other
1787484953.143379,230,6,UDP,50468,443,,forward,20260823_170458_other_001_aa7d,Other
1787484953.168323,108,6,UDP,443,50468,,forward,20260823_170458_other_001_aa7d,Other
1787484953.168323,1381,6,UDP,443,50468,,forward,20260823_170458_other_001_aa7d,Other
1787484953.169156,108,6,UDP,50468,443,,forward,20260823_170458_other_001_aa7d,Other
1787484953.16935,165,6,UDP,50468,443,,forward,20260823_170458_other_001_aa7d,Other
1787484953.183324,108,6,UDP,443,50468,,forward,20260823_170458_other_001_aa7d,Other
1787484953.198321,108,6,UDP,443,50468,,forward,20260823_170458_other_001_aa7d,Other
1787484953.388395,1385,6,UDP,443,50468,,forward,20260823_170458_other_001_aa7d,Other
1787484953.388395,1385,6,UDP,443,50468,,forward,20260823_170458_other_001_aa7d,Other
1787484953.388395,1385,6,UDP,443,50468,,forward,20260823_170458_other_001_aa7d,Other
1787484953.388395,549,6,UDP,443,50468,,forward,20260823_170458_other_001_aa7d,Other
1787484953.388395,1385,6,UDP,443,50468,,forward,20260823_170458_other_001_aa7d,Other
1787484953.388395,1385,6,UDP,443,50468,,forward,20260823_170458_other_001_aa7d,Other
1787484953.388395,1385,6,UDP,443,50468,,forward,20260823_170458_other_001_aa7d,Other
1787484953.388395,1385,6,UDP,443,50468,,forward,20260823_170458_other_001_aa7d,Other
1787484953.388701,108,6,UDP,50468,443,,forward,20260823_170458_other_001_aa7d,Other
1787484953.388997,295,6,UDP,50468,443,,forward,20260823_170458_other_001_aa7d,Other
1787484953.389064,165,6,UDP,50468,443,,forward,20260823_170458_other_001_aa7d,Other
1787484953.419302,108,6,UDP,443,50468,,forward,20260823_170458_other_001_aa7d,Other
1787484953.419302,1092,6,UDP,443,50468,,forward,20260823_170458_other_001_aa7d,Other
1787484953.419734,108,6,UDP,50468,443,,forward,20260823_170458_other_001_aa7d,Other
1787484953.464974,165,6,UDP,50468,443,,forward,20260823_170458_other_001_aa7d,Other
1787484953.483036,241,6,UDP,50468,443,,forward,20260823_170458_other_001_aa7d,Other
1787484953.483127,1385,6,UDP,50468,443,,forward,20260823_170458_other_001_aa7d,Other
1787484953.483157,1385,6,UDP,50468,443,,forward,20260823_170458_other_001_aa7d,Other
1787484953.48318,438,6,UDP,50468,443,,forward,20260823_170458_other_001_aa7d,Other
1787484953.495855,108,6,UDP,443,50468,,forward,20260823_170458_other_001_aa7d,Other
1787484953.512074,108,6,UDP,443,50468,,forward,20260823_170458_other_001_aa7d,Other
1787484953.512074,360,6,UDP,443,50468,,forward,20260823_170458_other_001_aa7d,Other
1787484953.512361,108,6,UDP,50468,443,,forward,20260823_170458_other_001_aa7d,Other
1787484953.76438,1385,6,UDP,443,50468,,forward,20260823_170458_other_001_aa7d,Other
1787484953.76438,293,6,UDP,443,50468,,forward,20260823_170458_other_001_aa7d,Other
1787484953.76438,1385,6,UDP,443,50468,,forward,20260823_170458_other_001_aa7d,Other
1787484953.76438,1385,6,UDP,443,50468,,forward,20260823_170458_other_001_aa7d,Other
1787484953.76438,1385,6,UDP,443,50468,,forward,20260823_170458_other_001_aa7d,Other
1787484953.764806,108,6,UDP,50468,443,,forward,20260823_170458_other_001_aa7d,Other
1787484953.76507,165,6,UDP,50468,443,,forward,20260823_170458_other_001_aa7d,Other
1787484953.765208,165,6,UDP,50468,443,,forward,20260823_170458_other_001_aa7d,Other
1787484953.796375,108,6,UDP,443,50468,,forward,20260823_170458_other_001_aa7d,Other
1787484953.796375,437,6,UDP,443,50468,,forward,20260823_170458_other_001_aa7d,Other
1787484953.796597,108,6,UDP,50468,443,,forward,20260823_170458_other_001_aa7d,Other
1787484953.796869,165,6,UDP,50468,443,,forward,20260823_170458_other_001_aa7d,Other
1787484953.827376,108,6,UDP,443,50468,,forward,20260823_170458_other_001_aa7d,Other
1787484953.828124,241,6,UDP,50468,443,,forward,20260823_170458_other_001_aa7d,Other
1787484953.828205,1385,6,UDP,50468,443,,forward,20260823_170458_other_001_aa7d,Other
1787484953.828234,1385,6,UDP,50468,443,,forward,20260823_170458_other_001_aa7d,Other
1787484953.828255,514,6,UDP,50468,443,,forward,20260823_170458_other_001_aa7d,Other
1787484953.859425,108,6,UDP,443,50468,,forward,20260823_170458_other_001_aa7d,Other
1787484953.859425,108,6,UDP,443,50468,,forward,20260823_170458_other_001_aa7d,Other
1787484953.859425,230,6,UDP,443,50468,,forward,20260823_170458_other_001_aa7d,Other
1787484953.859425,230,6,UDP,443,50468,,forward,20260823_170458_other_001_aa7d,Other
1787484953.860143,108,6,UDP,50468,443,,forward,20260823_170458_other_001_aa7d,Other
1787484954.35299,1385,6,UDP,443,50468,,forward,20260823_170458_other_001_aa7d,Other
1787484954.35299,913,6,UDP,443,50468,,forward,20260823_170458_other_001_aa7d,Other
1787484954.353335,108,6,UDP,50468,443,,forward,20260823_170458_other_001_aa7d,Other
1787484954.353628,165,6,UDP,50468,443,,forward,20260823_170458_other_001_aa7d,Other
1787484954.383664,241,6,UDP,50468,443,,forward,20260823_170458_other_001_aa7d,Other
1787484954.383757,1385,6,UDP,50468,443,,forward,20260823_170458_other_001_aa7d,Other
1787484954.383787,1385,6,UDP,50468,443,,forward,20260823_170458_other_001_aa7d,Other
1787484954.383809,533,6,UDP,50468,443,,forward,20260823_170458_other_001_aa7d,Other
1787484954.384611,108,6,UDP,443,50468,,forward,20260823_170458_other_001_aa7d,Other
1787484954.415579,108,6,UDP,443,50468,,forward,20260823_170458_other_001_aa7d,Other
1787484954.415579,230,6,UDP,443,50468,,forward,20260823_170458_other_001_aa7d,Other
1787484954.41584,108,6,UDP,50468,443,,forward,20260823_170458_other_001_aa7d,Other
1787484954.826825,104,6,UDP,50468,443,,forward,20260823_170458_other_001_aa7d,Other
1787484954.857669,108,6,UDP,443,50468,,forward,20260823_170458_other_001_aa7d,Other
1787484954.921102,960,6,UDP,443,50468,,forward,20260823_170458_other_001_aa7d,Other
1787484954.921294,108,6,UDP,50468,443,,forward,20260823_170458_other_001_aa7d,Other
1787484954.950503,165,6,UDP,50468,443,,forward,20260823_170458_other_001_aa7d,Other
1787484954.967831,145,6,UDP,443,50468,,forward,20260823_170458_other_001_aa7d,Other
1787484954.968149,108,6,UDP,50468,443,,forward,20260823_170458_other_001_aa7d,Other
1787484954.968472,145,6,UDP,50468,443,,forward,20260823_170458_other_001_aa7d,Other
1787484954.983624,108,6,UDP,443,50468,,forward,20260823_170458_other_001_aa7d,Other
1787484954.983624,165,6,UDP,443,50468,,forward,20260823_170458_other_001_aa7d,Other
1787484954.983968,108,6,UDP,50468,443,,forward,20260823_170458_other_001_aa7d,Other
1787484954.984278,165,6,UDP,50468,443,,forward,20260823_170458_other_001_aa7d,Other
1787484955.002556,108,6,UDP,443,50468,,forward,20260823_170458_other_001_aa7d,Other
1787484955.017607,108,6,UDP,443,50468,,forward,20260823_170458_other_001_aa7d,Other
1787484955.131232,178,6,UDP,50468,443,,forward,20260823_170458_other_001_aa7d,Other
1787484955.13148,178,6,UDP,50468,443,,forward,20260823_170458_other_001_aa7d,Other
1787484955.132034,178,6,UDP,50468,443,,forward,20260823_170458_other_001_aa7d,Other
1787484955.132353,178,6,UDP,50468,443,,forward,20260823_170458_other_001_aa7d,Other
1787484955.161105,108,6,UDP,443,50468,,forward,20260823_170458_other_001_aa7d,Other
1787484955.161105,108,6,UDP,443,50468,,forward,20260823_170458_other_001_aa7d,Other
1787484955.167126,273,6,UDP,443,50468,,forward,20260823_170458_other_001_aa7d,Other
1787484955.167126,313,6,UDP,443,50468,,forward,20260823_170458_other_001_aa7d,Other
1787484955.167126,108,6,UDP,443,50468,,forward,20260823_170458_other_001_aa7d,Other
1787484955.167126,273,6,UDP,443,50468,,forward,20260823_170458_other_001_aa7d,Other
1787484955.167126,313,6,UDP,443,50468,,forward,20260823_170458_other_001_aa7d,Other
1787484955.167399,108,6,UDP,50468,443,,forward,20260823_170458_other_001_aa7d,Other
1787484955.172963,177,6,UDP,50468,443,,forward,20260823_170458_other_001_aa7d,Other
1787484955.205876,108,6,UDP,443,50468,,forward,20260823_170458_other_001_aa7d,Other
1787484955.205876,177,6,UDP,443,50468,,forward,20260823_170458_other_001_aa7d,Other
1787484955.206088,108,6,UDP,50468,443,,forward,20260823_170458_other_001_aa7d,Other
1787484955.206466,165,6,UDP,50468,443,,forward,20260823_170458_other_001_aa7d,Other
1787484955.211262,631,6,UDP,50468,443,,forward,20260823_170458_other_001_aa7d,Other
1787484955.235661,108,6,UDP,443,50468,,forward,20260823_170458_other_001_aa7d,Other
1787484955.251685,108,6,UDP,443,50468,,forward,20260823_170458_other_001_aa7d,Other
1787484955.251685,165,6,UDP,443,50468,,forward,20260823_170458_other_001_aa7d,Other
1787484955.251685,1385,6,UDP,443,50468,,forward,20260823_170458_other_001_aa7d,Other
1787484955.251685,1385,6,UDP,443,50468,,forward,20260823_170458_other_001_aa7d,Other
1787484955.251685,421,6,UDP,443,50468,,forward,20260823_170458_other_001_aa7d,Other
1787484955.251685,1385,6,UDP,443,50468,,forward,20260823_170458_other_001_aa7d,Other
1787484955.251685,1385,6,UDP,443,50468,,forward,20260823_170458_other_001_aa7d,Other
1787484955.251685,1385,6,UDP,443,50468,,forward,20260823_170458_other_001_aa7d,Other
1787484955.251685,1385,6,UDP,443,50468,,forward,20260823_170458_other_001_aa7d,Other
1787484955.252399,108,6,UDP,50468,443,,forward,20260823_170458_other_001_aa7d,Other
1787484955.254528,295,6,UDP,50468,443,,forward,20260823_170458_other_001_aa7d,Other
1787484955.283186,108,6,UDP,443,50468,,forward,20260823_170458_other_001_aa7d,Other
1787484955.283186,1346,6,UDP,443,50468,,forward,20260823_170458_other_001_aa7d,Other
1787484955.283434,108,6,UDP,50468,443,,forward,20260823_170458_other_001_aa7d,Other
1787484955.283628,165,6,UDP,50468,443,,forward,20260823_170458_other_001_aa7d,Other
1787484955.293046,245,6,UDP,50468,443,,forward,20260823_170458_other_001_aa7d,Other
1787484955.310605,535,6,UDP,50468,443,,forward,20260823_170458_other_001_aa7d,Other
1787484955.328168,108,6,UDP,443,50468,,forward,20260823_170458_other_001_aa7d,Other
1787484955.328168,108,6,UDP,443,50468,,forward,20260823_170458_other_001_aa7d,Other
1787484955.328168,771,6,UDP,443,50468,,forward,20260823_170458_other_001_aa7d,Other
1787484955.328456,108,6,UDP,50468,443,,forward,20260823_170458_other_001_aa7d,Other
1787484955.343163,108,6,UDP,443,50468,,forward,20260823_170458_other_001_aa7d,Other
1787484955.343163,594,6,UDP,443,50468,,forward,20260823_170458_other_001_aa7d,Other
1787484955.343422,108,6,UDP,50468,443,,forward,20260823_170458_other_001_aa7d,Other
1787484955.358417,137,6,UDP,50468,443,,forward,20260823_170458_other_001_aa7d,Other
1787484955.358523,358,6,UDP,50468,443,,forward,20260823_170458_other_001_aa7d,Other
1787484955.373832,165,6,UDP,50468,443,,forward,20260823_170458_other_001_aa7d,Other
1787484955.388735,165,6,UDP,443,50468,,forward,20260823_170458_other_001_aa7d,Other
1787484955.388735,108,6,UDP,443,50468,,forward,20260823_170458_other_001_aa7d,Other
1787484955.388735,528,6,UDP,443,50468,,forward,20260823_170458_other_001_aa7d,Other
1787484955.389017,108,6,UDP,50468,443,,forward,20260823_170458_other_001_aa7d,Other
1787484955.392893,145,6,UDP,50468,443,,forward,20260823_170458_other_001_aa7d,Other
1787484955.403688,108,6,UDP,443,50468,,forward,20260823_170458_other_001_aa7d,Other
1787484955.432972,108,6,UDP,443,50468,,forward,20260823_170458_other_001_aa7d,Other
1787484955.593719,843,6,UDP,443,50468,,forward,20260823_170458_other_001_aa7d,Other
1787484955.594068,108,6,UDP,50468,443,,forward,20260823_170458_other_001_aa7d,Other
1787484955.5966,286,6,UDP,50468,443,,forward,20260823_170458_other_001_aa7d,Other
1787484955.596903,193,6,UDP,50468,443,,forward,20260823_170458_other_001_aa7d,Other
1787484955.597138,193,6,UDP,50468,443,,forward,20260823_170458_other_001_aa7d,Other
1787484955.625705,108,6,UDP,443,50468,,forward,20260823_170458_other_001_aa7d,Other
1787484955.633119,341,6,UDP,443,50468,,forward,20260823_170458_other_001_aa7d,Other
1787484955.633119,341,6,UDP,443,50468,,forward,20260823_170458_other_001_aa7d,Other
1787484955.633119,299,6,UDP,443,50468,,forward,20260823_170458_other_001_aa7d,Other
1787484955.633119,299,6,UDP,443,50468,,forward,20260823_170458_other_001_aa7d,Other
1787484955.63334,108,6,UDP,50468,443,,forward,20260823_170458_other_001_aa7d,Other
1787484955.634857,268,6,UDP,50468,443,,forward,20260823_170458_other_001_aa7d,Other
1787484955.642354,165,6,UDP,50468,443,,forward,20260823_170458_other_001_aa7d,Other
1787484955.642845,193,6,UDP,50468,443,,forward,20260823_170458_other_001_aa7d,Other
1787484955.642914,193,6,UDP,50468,443,,forward,20260823_170458_other_001_aa7d,Other
1787484955.665861,108,6,UDP,443,50468,,forward,20260823_170458_other_001_aa7d,Other
1787484955.665861,245,6,UDP,443,50468,,forward,20260823_170458_other_001_aa7d,Other
1787484955.665861,245,6,UDP,443,50468,,forward,20260823_170458_other_001_aa7d,Other
1787484955.666198,108,6,UDP,50468,443,,forward,20260823_170458_other_001_aa7d,Other
1787484955.667741,157,6,UDP,50468,443,,forward,20260823_170458_other_001_aa7d,Other
1787484955.672277,108,6,UDP,443,50468,,forward,20260823_170458_other_001_aa7d,Other
1787484955.672277,582,6,UDP,443,50468,,forward,20260823_170458_other_001_aa7d,Other
1787484955.672494,108,6,UDP,50468,443,,forward,20260823_170458_other_001_aa7d,Other
1787484955.697842,192,6,UDP,50468,443,,forward,20260823_170458_other_001_aa7d,Other
1787484955.698181,192,6,UDP,50468,443,,forward,20260823_170458_other_001_aa7d,Other
1787484955.69866,192,6,UDP,50468,443,,forward,20260823_170458_other_001_aa7d,Other
1787484955.699025,192,6,UDP,50468,443,,forward,20260823_170458_other_001_aa7d,Other
1787484955.700901,108,6,UDP,443,50468,,forward,20260823_170458_other_001_aa7d,Other
1787484955.718235,157,6,UDP,443,50468,,forward,20260823_170458_other_001_aa7d,Other
1787484955.718468,108,6,UDP,50468,443,,forward,20260823_170458_other_001_aa7d,Other
1787484955.718962,145,6,UDP,50468,443,,forward,20260823_170458_other_001_aa7d,Other
1787484955.722586,626,6,UDP,50468,443,,forward,20260823_170458_other_001_aa7d,Other
1787484955.733289,108,6,UDP,443,50468,,forward,20260823_170458_other_001_aa7d,Other
1787484955.733289,366,6,UDP,443,50468,,forward,20260823_170458_other_001_aa7d,Other
1787484955.733289,366,6,UDP,443,50468,,forward,20260823_170458_other_001_aa7d,Other
1787484955.733289,310,6,UDP,443,50468,,forward,20260823_170458_other_001_aa7d,Other
1787484955.733289,310,6,UDP,443,50468,,forward,20260823_170458_other_001_aa7d,Other
1787484955.733519,108,6,UDP,50468,443,,forward,20260823_170458_other_001_aa7d,Other
1787484955.734372,284,6,UDP,50468,443,,forward,20260823_170458_other_001_aa7d,Other
1787484955.734461,400,6,UDP,50468,443,,forward,20260823_170458_other_001_aa7d,Other
1787484955.73463,216,6,UDP,50468,443,,forward,20260823_170458_other_001_aa7d,Other
1787484955.749974,108,6,UDP,443,50468,,forward,20260823_170458_other_001_aa7d,Other
1787484955.749974,108,6,UDP,443,50468,,forward,20260823_170458_other_001_aa7d,Other
1787484955.749974,145,6,UDP,443,50468,,forward,20260823_170458_other_001_aa7d,Other
1787484955.75023,108,6,UDP,50468,443,,forward,20260823_170458_other_001_aa7d,Other
1787484955.763334,108,6,UDP,443,50468,,forward,20260823_170458_other_001_aa7d,Other
1787484955.771397,520,6,UDP,443,50468,,forward,20260823_170458_other_001_aa7d,Other
1787484955.771397,366,6,UDP,443,50468,,forward,20260823_170458_other_001_aa7d,Other
1787484955.771397,366,6,UDP,443,50468,,forward,20260823_170458_other_001_aa7d,Other
1787484955.771397,286,6,UDP,443,50468,,forward,20260823_170458_other_001_aa7d,Other
1787484955.771397,286,6,UDP,443,50468,,forward,20260823_170458_other_001_aa7d,Other
1787484955.771397,1385,6,UDP,443,50468,,forward,20260823_170458_other_001_aa7d,Other
1787484955.771397,1385,6,UDP,443,50468,,forward,20260823_170458_other_001_aa7d,Other
1787484955.771397,1385,6,UDP,443,50468,,forward,20260823_170458_other_001_aa7d,Other
1787484955.771397,1385,6,UDP,443,50468,,forward,20260823_170458_other_001_aa7d,Other
1787484955.771397,649,6,UDP,443,50468,,forward,20260823_170458_other_001_aa7d,Other
1787484955.771702,108,6,UDP,50468,443,,forward,20260823_170458_other_001_aa7d,Other
1787484955.772009,190,6,UDP,50468,443,,forward,20260823_170458_other_001_aa7d,Other
1787484955.772522,216,6,UDP,50468,443,,forward,20260823_170458_other_001_aa7d,Other
1787484955.775957,157,6,UDP,50468,443,,forward,20260823_170458_other_001_aa7d,Other
1787484955.795087,1385,6,UDP,443,50468,,forward,20260823_170458_other_001_aa7d,Other
1787484955.795087,1385,6,UDP,443,50468,,forward,20260823_170458_other_001_aa7d,Other
1787484955.795338,108,6,UDP,50468,443,,forward,20260823_170458_other_001_aa7d,Other
1787484955.795582,145,6,UDP,50468,443,,forward,20260823_170458_other_001_aa7d,Other
1787484955.803199,108,6,UDP,443,50468,,forward,20260823_170458_other_001_aa7d,Other
1787484955.809779,286,6,UDP,443,50468,,forward,20260823_170458_other_001_aa7d,Other
1787484955.809779,108,6,UDP,443,50468,,forward,20260823_170458_other_001_aa7d,Other
1787484955.810102,108,6,UDP,50468,443,,forward,20260823_170458_other_001_aa7d,Other
1787484955.836249,108,6,UDP,443,50468,,forward,20260823_170458_other_001_aa7d,Other
1787484955.836249,928,6,UDP,443,50468,,forward,20260823_170458_other_001_aa7d,Other
1787484955.836498,108,6,UDP,50468,443,,forward,20260823_170458_other_001_aa7d,Other
1787484955.836723,145,6,UDP,50468,443,,forward,20260823_170458_other_001_aa7d,Other
1787484955.843669,225,6,UDP,50468,443,,forward,20260823_170458_other_001_aa7d,Other
1787484955.848567,505,6,UDP,50468,443,,forward,20260823_170458_other_001_aa7d,Other
1787484955.869026,108,6,UDP,443,50468,,forward,20260823_170458_other_001_aa7d,Other
1787484955.886279,108,6,UDP,443,50468,,forward,20260823_170458_other_001_aa7d,Other
1787484955.886279,108,6,UDP,443,50468,,forward,20260823_170458_other_001_aa7d,Other
1787484955.886279,145,6,UDP,443,50468,,forward,20260823_170458_other_001_aa7d,Other
1787484955.886512,108,6,UDP,50468,443,,forward,20260823_170458_other_001_aa7d,Other
1787484955.901289,783,6,UDP,443,50468,,forward,20260823_170458_other_001_aa7d,Other
1787484955.901554,108,6,UDP,50468,443,,forward,20260823_170458_other_001_aa7d,Other
1787484955.949178,145,6,UDP,50468,443,,forward,20260823_170458_other_001_aa7d,Other
1787484955.978808,108,6,UDP,443,50468,,forward,20260823_170458_other_001_aa7d,Other
1787484956.045026,157,6,UDP,443,50468,,forward,20260823_170458_other_001_aa7d,Other
1787484956.045246,108,6,UDP,50468,443,,forward,20260823_170458_other_001_aa7d,Other
1787484956.045592,145,6,UDP,50468,443,,forward,20260823_170458_other_001_aa7d,Other
1787484956.050664,607,6,UDP,50468,443,,forward,20260823_170458_other_001_aa7d,Other
1787484956.078322,108,6,UDP,443,50468,,forward,20260823_170458_other_001_aa7d,Other
1787484956.078322,108,6,UDP,443,50468,,forward,20260823_170458_other_001_aa7d,Other
1787484956.078322,145,6,UDP,443,50468,,forward,20260823_170458_other_001_aa7d,Other
1787484956.078569,108,6,UDP,50468,443,,forward,20260823_170458_other_001_aa7d,Other
1787484956.154374,1134,6,UDP,443,50468,,forward,20260823_170458_other_001_aa7d,Other
1787484956.154601,108,6,UDP,50468,443,,forward,20260823_170458_other_001_aa7d,Other
1787484956.155805,403,6,UDP,50468,443,,forward,20260823_170458_other_001_aa7d,Other
1787484956.18587,108,6,UDP,443,50468,,forward,20260823_170458_other_001_aa7d,Other
1787484956.225257,1385,6,UDP,443,50468,,forward,20260823_170458_other_001_aa7d,Other
1787484956.225257,1385,6,UDP,443,50468,,forward,20260823_170458_other_001_aa7d,Other
1787484956.225563,108,6,UDP,50468,443,,forward,20260823_170458_other_001_aa7d,Other
1787484956.225914,145,6,UDP,50468,443,,forward,20260823_170458_other_001_aa7d,Other
1787484956.23301,1385,6,UDP,443,50468,,forward,20260823_170458_other_001_aa7d,Other
1787484956.23301,1385,6,UDP,443,50468,,forward,20260823_170458_other_001_aa7d,Other
1787484956.23301,1385,6,UDP,443,50468,,forward,20260823_170458_other_001_aa7d,Other
1787484956.23301,1057,6,UDP,443,50468,,forward,20260823_170458_other_001_aa7d,Other
1787484956.23301,1385,6,UDP,443,50468,,forward,20260823_170458_other_001_aa7d,Other
1787484956.23301,1385,6,UDP,443,50468,,forward,20260823_170458_other_001_aa7d,Other
1787484956.23301,1385,6,UDP,443,50468,,forward,20260823_170458_other_001_aa7d,Other
1787484956.23301,1385,6,UDP,443,50468,,forward,20260823_170458_other_001_aa7d,Other
1787484956.23329,108,6,UDP,50468,443,,forward,20260823_170458_other_001_aa7d,Other
1787484956.234175,280,6,UDP,50468,443,,forward,20260823_170458_other_001_aa7d,Other
1787484956.247996,1385,6,UDP,443,50468,,forward,20260823_170458_other_001_aa7d,Other
1787484956.247996,1385,6,UDP,443,50468,,forward,20260823_170458_other_001_aa7d,Other
1787484956.247996,1385,6,UDP,443,50468,,forward,20260823_170458_other_001_aa7d,Other
1787484956.247996,1385,6,UDP,443,50468,,forward,20260823_170458_other_001_aa7d,Other
1787484956.247996,1385,6,UDP,443,50468,,forward,20260823_170458_other_001_aa7d,Other
1787484956.247996,1385,6,UDP,443,50468,,forward,20260823_170458_other_001_aa7d,Other
1787484956.247996,1385,6,UDP,443,50468,,forward,20260823_170458_other_001_aa7d,Other
1787484956.247996,1385,6,UDP,443,50468,,forward,20260823_170458_other_001_aa7d,Other
1787484956.248322,108,6,UDP,50468,443,,forward,20260823_170458_other_001_aa7d,Other
1787484956.248534,190,6,UDP,50468,443,,forward,20260823_170458_other_001_aa7d,Other
1787484956.24857,145,6,UDP,50468,443,,forward,20260823_170458_other_001_aa7d,Other
1787484956.248682,145,6,UDP,50468,443,,forward,20260823_170458_other_001_aa7d,Other
1787484956.25912,108,6,UDP,443,50468,,forward,20260823_170458_other_001_aa7d,Other
1787484956.25912,1385,6,UDP,443,50468,,forward,20260823_170458_other_001_aa7d,Other
1787484956.25912,1385,6,UDP,443,50468,,forward,20260823_170458_other_001_aa7d,Other
1787484956.259373,108,6,UDP,50468,443,,forward,20260823_170458_other_001_aa7d,Other
1787484956.25968,145,6,UDP,50468,443,,forward,20260823_170458_other_001_aa7d,Other
1787484956.263551,108,6,UDP,443,50468,,forward,20260823_170458_other_001_aa7d,Other
1787484956.263551,1385,6,UDP,443,50468,,forward,20260823_170458_other_001_aa7d,Other
1787484956.263551,1385,6,UDP,443,50468,,forward,20260823_170458_other_001_aa7d,Other
1787484956.263551,1385,6,UDP,443,50468,,forward,20260823_170458_other_001_aa7d,Other
1787484956.263551,1385,6,UDP,443,50468,,forward,20260823_170458_other_001_aa7d,Other
1787484956.263806,108,6,UDP,50468,443,,forward,20260823_170458_other_001_aa7d,Other
1787484956.263985,190,6,UDP,50468,443,,forward,20260823_170458_other_001_aa7d,Other
1787484956.278507,1385,6,UDP,443,50468,,forward,20260823_170458_other_001_aa7d,Other
1787484956.278507,1385,6,UDP,443,50468,,forward,20260823_170458_other_001_aa7d,Other
1787484956.278507,1385,6,UDP,443,50468,,forward,20260823_170458_other_001_aa7d,Other
1787484956.278507,1385,6,UDP,443,50468,,forward,20260823_170458_other_001_aa7d,Other
1787484956.278507,1385,6,UDP,443,50468,,forward,20260823_170458_other_001_aa7d,Other
1787484956.278507,1385,6,UDP,443,50468,,forward,20260823_170458_other_001_aa7d,Other
1787484956.278507,1385,6,UDP,443,50468,,forward,20260823_170458_other_001_aa7d,Other
1787484956.278507,1385,6,UDP,443,50468,,forward,20260823_170458_other_001_aa7d,Other
1787484956.278507,1385,6,UDP,443,50468,,forward,20260823_170458_other_001_aa7d,Other
1787484956.278507,1385,6,UDP,443,50468,,forward,20260823_170458_other_001_aa7d,Other
1787484956.278507,108,6,UDP,443,50468,,forward,20260823_170458_other_001_aa7d,Other
1787484956.278507,1385,6,UDP,443,50468,,forward,20260823_170458_other_001_aa7d,Other
1787484956.278507,1385,6,UDP,443,50468,,forward,20260823_170458_other_001_aa7d,Other
1787484956.278802,108,6,UDP,50468,443,,forward,20260823_170458_other_001_aa7d,Other
1787484956.278977,280,6,UDP,50468,443,,forward,20260823_170458_other_001_aa7d,Other
1787484956.279022,145,6,UDP,50468,443,,forward,20260823_170458_other_001_aa7d,Other
1787484956.27904,145,6,UDP,50468,443,,forward,20260823_170458_other_001_aa7d,Other
1787484956.293299,1385,6,UDP,443,50468,,forward,20260823_170458_other_001_aa7d,Other
1787484956.293299,1385,6,UDP,443,50468,,forward,20260823_170458_other_001_aa7d,Other
1787484956.293299,1385,6,UDP,443,50468,,forward,20260823_170458_other_001_aa7d,Other
1787484956.293299,1385,6,UDP,443,50468,,forward,20260823_170458_other_001_aa7d,Other
1787484956.293299,1385,6,UDP,443,50468,,forward,20260823_170458_other_001_aa7d,Other
1787484956.293299,1385,6,UDP,443,50468,,forward,20260823_170458_other_001_aa7d,Other
1787484956.293299,1385,6,UDP,443,50468,,forward,20260823_170458_other_001_aa7d,Other
1787484956.293299,1385,6,UDP,443,50468,,forward,20260823_170458_other_001_aa7d,Other
1787484956.293299,1385,6,UDP,443,50468,,forward,20260823_170458_other_001_aa7d,Other
1787484956.293299,1385,6,UDP,443,50468,,forward,20260823_170458_other_001_aa7d,Other
1787484956.293299,1385,6,UDP,443,50468,,forward,20260823_170458_other_001_aa7d,Other
1787484956.293299,1385,6,UDP,443,50468,,forward,20260823_170458_other_001_aa7d,Other
1787484956.293299,108,6,UDP,443,50468,,forward,20260823_170458_other_001_aa7d,Other
1787484956.293299,1385,6,UDP,443,50468,,forward,20260823_170458_other_001_aa7d,Other
1787484956.293299,1385,6,UDP,443,50468,,forward,20260823_170458_other_001_aa7d,Other
1787484956.293299,1385,6,UDP,443,50468,,forward,20260823_170458_other_001_aa7d,Other
1787484956.293299,1385,6,UDP,443,50468,,forward,20260823_170458_other_001_aa7d,Other
1787484956.293632,108,6,UDP,50468,443,,forward,20260823_170458_other_001_aa7d,Other
1787484956.293798,235,6,UDP,50468,443,,forward,20260823_170458_other_001_aa7d,Other
1787484956.293848,190,6,UDP,50468,443,,forward,20260823_170458_other_001_aa7d,Other
1787484956.293932,235,6,UDP,50468,443,,forward,20260823_170458_other_001_aa7d,Other
1787484956.29499,108,6,UDP,443,50468,,forward,20260823_170458_other_001_aa7d,Other
1787484956.29499,1385,6,UDP,443,50468,,forward,20260823_170458_other_001_aa7d,Other
1787484956.29499,1385,6,UDP,443,50468,,forward,20260823_170458_other_001_aa7d,Other
1787484956.295236,108,6,UDP,50468,443,,forward,20260823_170458_other_001_aa7d,Other
1787484956.295441,145,6,UDP,50468,443,,forward,20260823_170458_other_001_aa7d,Other
1787484956.309631,1385,6,UDP,443,50468,,forward,20260823_170458_other_001_aa7d,Other
1787484956.309631,1385,6,UDP,443,50468,,forward,20260823_170458_other_001_aa7d,Other
1787484956.309631,1385,6,UDP,443,50468,,forward,20260823_170458_other_001_aa7d,Other
1787484956.309631,1385,6,UDP,443,50468,,forward,20260823_170458_other_001_aa7d,Other
1787484956.309631,1385,6,UDP,443,50468,,forward,20260823_170458_other_001_aa7d,Other
1787484956.309631,1385,6,UDP,443,50468,,forward,20260823_170458_other_001_aa7d,Other
1787484956.309631,1385,6,UDP,443,50468,,forward,20260823_170458_other_001_aa7d,Other
1787484956.309631,1385,6,UDP,443,50468,,forward,20260823_170458_other_001_aa7d,Other
1787484956.309631,108,6,UDP,443,50468,,forward,20260823_170458_other_001_aa7d,Other
1787484956.309631,108,6,UDP,443,50468,,forward,20260823_170458_other_001_aa7d,Other
1787484956.309631,1385,6,UDP,443,50468,,forward,20260823_170458_other_001_aa7d,Other
1787484956.309631,1385,6,UDP,443,50468,,forward,20260823_170458_other_001_aa7d,Other
1787484956.309631,1385,6,UDP,443,50468,,forward,20260823_170458_other_001_aa7d,Other
1787484956.309631,1385,6,UDP,443,50468,,forward,20260823_170458_other_001_aa7d,Other
1787484956.309631,1385,6,UDP,443,50468,,forward,20260823_170458_other_001_aa7d,Other
1787484956.309631,1385,6,UDP,443,50468,,forward,20260823_170458_other_001_aa7d,Other
1787484956.309974,108,6,UDP,50468,443,,forward,20260823_170458_other_001_aa7d,Other
1787484956.310228,235,6,UDP,50468,443,,forward,20260823_170458_other_001_aa7d,Other
1787484956.310492,280,6,UDP,50468,443,,forward,20260823_170458_other_001_aa7d,Other
1787484956.325491,1385,6,UDP,443,50468,,forward,20260823_170458_other_001_aa7d,Other
1787484956.325491,1385,6,UDP,443,50468,,forward,20260823_170458_other_001_aa7d,Other
1787484956.325491,1385,6,UDP,443,50468,,forward,20260823_170458_other_001_aa7d,Other
1787484956.325491,1385,6,UDP,443,50468,,forward,20260823_170458_other_001_aa7d,Other
1787484956.325491,1385,6,UDP,443,50468,,forward,20260823_170458_other_001_aa7d,Other
1787484956.325491,1385,6,UDP,443,50468,,forward,20260823_170458_other_001_aa7d,Other
1787484956.325491,1385,6,UDP,443,50468,,forward,20260823_170458_other_001_aa7d,Other
1787484956.325491,1385,6,UDP,443,50468,,forward,20260823_170458_other_001_aa7d,Other
1787484956.325491,1385,6,UDP,443,50468,,forward,20260823_170458_other_001_aa7d,Other
1787484956.325491,1385,6,UDP,443,50468,,forward,20260823_170458_other_001_aa7d,Other
1787484956.325491,1385,6,UDP,443,50468,,forward,20260823_170458_other_001_aa7d,Other
1787484956.325491,1385,6,UDP,443,50468,,forward,20260823_170458_other_001_aa7d,Other
1787484956.325491,1385,6,UDP,443,50468,,forward,20260823_170458_other_001_aa7d,Other
1787484956.325491,1385,6,UDP,443,50468,,forward,20260823_170458_other_001_aa7d,Other
1787484956.325491,1385,6,UDP,443,50468,,forward,20260823_170458_other_001_aa7d,Other
1787484956.325491,1385,6,UDP,443,50468,,forward,20260823_170458_other_001_aa7d,Other
1787484956.325491,1385,6,UDP,443,50468,,forward,20260823_170458_other_001_aa7d,Other
1787484956.325491,1385,6,UDP,443,50468,,forward,20260823_170458_other_001_aa7d,Other
1787484956.325491,108,6,UDP,443,50468,,forward,20260823_170458_other_001_aa7d,Other
1787484956.325491,1385,6,UDP,443,50468,,forward,20260823_170458_other_001_aa7d,Other
1787484956.325491,1385,6,UDP,443,50468,,forward,20260823_170458_other_001_aa7d,Other
1787484956.325491,1385,6,UDP,443,50468,,forward,20260823_170458_other_001_aa7d,Other
1787484956.325491,1385,6,UDP,443,50468,,forward,20260823_170458_other_001_aa7d,Other
1787484956.325491,1385,6,UDP,443,50468,,forward,20260823_170458_other_001_aa7d,Other
1787484956.325491,1385,6,UDP,443,50468,,forward,20260823_170458_other_001_aa7d,Other
1787484956.325491,1385,6,UDP,443,50468,,forward,20260823_170458_other_001_aa7d,Other
1787484956.325491,1385,6,UDP,443,50468,,forward,20260823_170458_other_001_aa7d,Other
1787484956.325976,108,6,UDP,50468,443,,forward,20260823_170458_other_001_aa7d,Other
1787484956.326174,280,6,UDP,50468,443,,forward,20260823_170458_other_001_aa7d,Other
1787484956.326253,415,6,UDP,50468,443,,forward,20260823_170458_other_001_aa7d,Other
1787484956.326277,145,6,UDP,50468,443,,forward,20260823_170458_other_001_aa7d,Other
1787484956.326294,145,6,UDP,50468,443,,forward,20260823_170458_other_001_aa7d,Other
1787484956.340636,1385,6,UDP,443,50468,,forward,20260823_170458_other_001_aa7d,Other
1787484956.340636,1385,6,UDP,443,50468,,forward,20260823_170458_other_001_aa7d,Other
1787484956.340636,108,6,UDP,443,50468,,forward,20260823_170458_other_001_aa7d,Other
1787484956.340636,1385,6,UDP,443,50468,,forward,20260823_170458_other_001_aa7d,Other
1787484956.340636,1385,6,UDP,443,50468,,forward,20260823_170458_other_001_aa7d,Other
1787484956.340636,1385,6,UDP,443,50468,,forward,20260823_170458_other_001_aa7d,Other
1787484956.340636,1385,6,UDP,443,50468,,forward,20260823_170458_other_001_aa7d,Other
1787484956.340636,1385,6,UDP,443,50468,,forward,20260823_170458_other_001_aa7d,Other
1787484956.340636,1385,6,UDP,443,50468,,forward,20260823_170458_other_001_aa7d,Other
1787484956.340636,1385,6,UDP,443,50468,,forward,20260823_170458_other_001_aa7d,Other
1787484956.340636,1385,6,UDP,443,50468,,forward,20260823_170458_other_001_aa7d,Other
1787484956.340636,1385,6,UDP,443,50468,,forward,20260823_170458_other_001_aa7d,Other
1787484956.340636,1385,6,UDP,443,50468,,forward,20260823_170458_other_001_aa7d,Other
1787484956.340636,1385,6,UDP,443,50468,,forward,20260823_170458_other_001_aa7d,Other
1787484956.340636,1385,6,UDP,443,50468,,forward,20260823_170458_other_001_aa7d,Other
1787484956.340636,1385,6,UDP,443,50468,,forward,20260823_170458_other_001_aa7d,Other
1787484956.340636,1385,6,UDP,443,50468,,forward,20260823_170458_other_001_aa7d,Other
1787484956.340636,1385,6,UDP,443,50468,,forward,20260823_170458_other_001_aa7d,Other
1787484956.340636,1385,6,UDP,443,50468,,forward,20260823_170458_other_001_aa7d,Other
1787484956.340636,1385,6,UDP,443,50468,,forward,20260823_170458_other_001_aa7d,Other
1787484956.340636,1385,6,UDP,443,50468,,forward,20260823_170458_other_001_aa7d,Other
1787484956.340636,1385,6,UDP,443,50468,,forward,20260823_170458_other_001_aa7d,Other
1787484956.340636,1385,6,UDP,443,50468,,forward,20260823_170458_other_001_aa7d,Other
1787484956.340636,1385,6,UDP,443,50468,,forward,20260823_170458_other_001_aa7d,Other
1787484956.340636,1385,6,UDP,443,50468,,forward,20260823_170458_other_001_aa7d,Other
1787484956.340636,1385,6,UDP,443,50468,,forward,20260823_170458_other_001_aa7d,Other
1787484956.340636,1385,6,UDP,443,50468,,forward,20260823_170458_other_001_aa7d,Other
1787484956.340636,1385,6,UDP,443,50468,,forward,20260823_170458_other_001_aa7d,Other
1787484956.340636,1113,6,UDP,443,50468,,forward,20260823_170458_other_001_aa7d,Other
1787484956.340636,1385,6,UDP,443,50468,,forward,20260823_170458_other_001_aa7d,Other
1787484956.340636,108,6,UDP,443,50468,,forward,20260823_170458_other_001_aa7d,Other
1787484956.340636,1385,6,UDP,443,50468,,forward,20260823_170458_other_001_aa7d,Other
1787484956.340636,1385,6,UDP,443,50468,,forward,20260823_170458_other_001_aa7d,Other
1787484956.340636,1385,6,UDP,443,50468,,forward,20260823_170458_other_001_aa7d,Other
1787484956.340636,1385,6,UDP,443,50468,,forward,20260823_170458_other_001_aa7d,Other
1787484956.340636,1385,6,UDP,443,50468,,forward,20260823_170458_other_001_aa7d,Other
1787484956.340636,1385,6,UDP,443,50468,,forward,20260823_170458_other_001_aa7d,Other
1787484956.340636,1385,6,UDP,443,50468,,forward,20260823_170458_other_001_aa7d,Other
1787484956.340636,1385,6,UDP,443,50468,,forward,20260823_170458_other_001_aa7d,Other
1787484956.341203,109,6,UDP,50468,443,,forward,20260823_170458_other_001_aa7d,Other
1787484956.34141,325,6,UDP,50468,443,,forward,20260823_170458_other_001_aa7d,Other
1787484956.341522,370,6,UDP,50468,443,,forward,20260823_170458_other_001_aa7d,Other
1787484956.341621,370,6,UDP,50468,443,,forward,20260823_170458_other_001_aa7d,Other
1787484956.341696,325,6,UDP,50468,443,,forward,20260823_170458_other_001_aa7d,Other
1787484956.355626,1385,6,UDP,443,50468,,forward,20260823_170458_other_001_aa7d,Other
1787484956.355626,1385,6,UDP,443,50468,,forward,20260823_170458_other_001_aa7d,Other
1787484956.355626,1385,6,UDP,443,50468,,forward,20260823_170458_other_001_aa7d,Other
1787484956.355626,1385,6,UDP,443,50468,,forward,20260823_170458_other_001_aa7d,Other
1787484956.355626,1385,6,UDP,443,50468,,forward,20260823_170458_other_001_aa7d,Other
1787484956.355626,1385,6,UDP,443,50468,,forward,20260823_170458_other_001_aa7d,Other
1787484956.355626,1385,6,UDP,443,50468,,forward,20260823_170458_other_001_aa7d,Other
1787484956.355626,1385,6,UDP,443,50468,,forward,20260823_170458_other_001_aa7d,Other
1787484956.355626,1385,6,UDP,443,50468,,forward,20260823_170458_other_001_aa7d,Other
1787484956.355626,1385,6,UDP,443,50468,,forward,20260823_170458_other_001_aa7d,Other
1787484956.355626,1385,6,UDP,443,50468,,forward,20260823_170458_other_001_aa7d,Other
1787484956.355626,1385,6,UDP,443,50468,,forward,20260823_170458_other_001_aa7d,Other
1787484956.355626,1385,6,UDP,443,50468,,forward,20260823_170458_other_001_aa7d,Other
1787484956.355626,1385,6,UDP,443,50468,,forward,20260823_170458_other_001_aa7d,Other
1787484956.355626,1385,6,UDP,443,50468,,forward,20260823_170458_other_001_aa7d,Other
1787484956.355626,1385,6,UDP,443,50468,,forward,20260823_170458_other_001_aa7d,Other
1787484956.355626,1385,6,UDP,443,50468,,forward,20260823_170458_other_001_aa7d,Other
1787484956.355626,1385,6,UDP,443,50468,,forward,20260823_170458_other_001_aa7d,Other
1787484956.355626,1385,6,UDP,443,50468,,forward,20260823_170458_other_001_aa7d,Other
1787484956.355626,1385,6,UDP,443,50468,,forward,20260823_170458_other_001_aa7d,Other
1787484956.355626,108,6,UDP,443,50468,,forward,20260823_170458_other_001_aa7d,Other
1787484956.355626,1385,6,UDP,443,50468,,forward,20260823_170458_other_001_aa7d,Other
1787484956.355626,1385,6,UDP,443,50468,,forward,20260823_170458_other_001_aa7d,Other
1787484956.355626,1385,6,UDP,443,50468,,forward,20260823_170458_other_001_aa7d,Other
1787484956.355626,1385,6,UDP,443,50468,,forward,20260823_170458_other_001_aa7d,Other
1787484956.356121,108,6,UDP,50468,443,,forward,20260823_170458_other_001_aa7d,Other
1787484956.357165,640,6,UDP,50468,443,,forward,20260823_170458_other_001_aa7d,Other
1787484956.359557,1385,6,UDP,443,50468,,forward,20260823_170458_other_001_aa7d,Other
1787484956.359557,1385,6,UDP,443,50468,,forward,20260823_170458_other_001_aa7d,Other
1787484956.359557,1385,6,UDP,443,50468,,forward,20260823_170458_other_001_aa7d,Other
1787484956.359557,1385,6,UDP,443,50468,,forward,20260823_170458_other_001_aa7d,Other
1787484956.359557,1385,6,UDP,443,50468,,forward,20260823_170458_other_001_aa7d,Other
1787484956.359557,1385,6,UDP,443,50468,,forward,20260823_170458_other_001_aa7d,Other
1787484956.359557,1385,6,UDP,443,50468,,forward,20260823_170458_other_001_aa7d,Other
1787484956.359557,1385,6,UDP,443,50468,,forward,20260823_170458_other_001_aa7d,Other
1787484956.359557,1385,6,UDP,443,50468,,forward,20260823_170458_other_001_aa7d,Other
1787484956.359557,1385,6,UDP,443,50468,,forward,20260823_170458_other_001_aa7d,Other
1787484956.359557,1385,6,UDP,443,50468,,forward,20260823_170458_other_001_aa7d,Other
1787484956.359557,1385,6,UDP,443,50468,,forward,20260823_170458_other_001_aa7d,Other
1787484956.359557,1385,6,UDP,443,50468,,forward,20260823_170458_other_001_aa7d,Other
1787484956.359557,1385,6,UDP,443,50468,,forward,20260823_170458_other_001_aa7d,Other
1787484956.359557,1385,6,UDP,443,50468,,forward,20260823_170458_other_001_aa7d,Other
1787484956.359557,1385,6,UDP,443,50468,,forward,20260823_170458_other_001_aa7d,Other
1787484956.359872,109,6,UDP,50468,443,,forward,20260823_170458_other_001_aa7d,Other
1787484956.360124,370,6,UDP,50468,443,,forward,20260823_170458_other_001_aa7d,Other
1787484956.360197,190,6,UDP,50468,443,,forward,20260823_170458_other_001_aa7d,Other
1787484956.373791,1385,6,UDP,443,50468,,forward,20260823_170458_other_001_aa7d,Other
1787484956.373791,1385,6,UDP,443,50468,,forward,20260823_170458_other_001_aa7d,Other
1787484956.373791,1385,6,UDP,443,50468,,forward,20260823_170458_other_001_aa7d,Other
1787484956.373791,1385,6,UDP,443,50468,,forward,20260823_170458_other_001_aa7d,Other
1787484956.373791,1385,6,UDP,443,50468,,forward,20260823_170458_other_001_aa7d,Other
1787484956.373791,1385,6,UDP,443,50468,,forward,20260823_170458_other_001_aa7d,Other
1787484956.373791,1385,6,UDP,443,50468,,forward,20260823_170458_other_001_aa7d,Other
1787484956.373791,1385,6,UDP,443,50468,,forward,20260823_170458_other_001_aa7d,Other
1787484956.373791,1385,6,UDP,443,50468,,forward,20260823_170458_other_001_aa7d,Other
1787484956.373791,1385,6,UDP,443,50468,,forward,20260823_170458_other_001_aa7d,Other
1787484956.373791,1385,6,UDP,443,50468,,forward,20260823_170458_other_001_aa7d,Other
1787484956.373791,1385,6,UDP,443,50468,,forward,20260823_170458_other_001_aa7d,Other
1787484956.373791,1385,6,UDP,443,50468,,forward,20260823_170458_other_001_aa7d,Other
1787484956.373791,1385,6,UDP,443,50468,,forward,20260823_170458_other_001_aa7d,Other
1787484956.373791,1385,6,UDP,443,50468,,forward,20260823_170458_other_001_aa7d,Other
1787484956.373791,1385,6,UDP,443,50468,,forward,20260823_170458_other_001_aa7d,Other
1787484956.373791,1385,6,UDP,443,50468,,forward,20260823_170458_other_001_aa7d,Other
1787484956.373791,1385,6,UDP,443,50468,,forward,20260823_170458_other_001_aa7d,Other
1787484956.373791,1385,6,UDP,443,50468,,forward,20260823_170458_other_001_aa7d,Other
1787484956.373791,1385,6,UDP,443,50468,,forward,20260823_170458_other_001_aa7d,Other
1787484956.373791,1385,6,UDP,443,50468,,forward,20260823_170458_other_001_aa7d,Other
1787484956.373791,1385,6,UDP,443,50468,,forward,20260823_170458_other_001_aa7d,Other
1787484956.373791,1385,6,UDP,443,50468,,forward,20260823_170458_other_001_aa7d,Other
1787484956.373791,1385,6,UDP,443,50468,,forward,20260823_170458_other_001_aa7d,Other
1787484956.373791,1385,6,UDP,443,50468,,forward,20260823_170458_other_001_aa7d,Other
1787484956.373791,1385,6,UDP,443,50468,,forward,20260823_170458_other_001_aa7d,Other
1787484956.373791,1385,6,UDP,443,50468,,forward,20260823_170458_other_001_aa7d,Other
1787484956.373791,108,6,UDP,443,50468,,forward,20260823_170458_other_001_aa7d,Other
1787484956.373791,1385,6,UDP,443,50468,,forward,20260823_170458_other_001_aa7d,Other
1787484956.373791,1385,6,UDP,443,50468,,forward,20260823_170458_other_001_aa7d,Other
1787484956.373791,1385,6,UDP,443,50468,,forward,20260823_170458_other_001_aa7d,Other
1787484956.373791,730,6,UDP,443,50468,,forward,20260823_170458_other_001_aa7d,Other
1787484956.373791,1385,6,UDP,443,50468,,forward,20260823_170458_other_001_aa7d,Other
1787484956.373791,1385,6,UDP,443,50468,,forward,20260823_170458_other_001_aa7d,Other
1787484956.373791,1385,6,UDP,443,50468,,forward,20260823_170458_other_001_aa7d,Other
1787484956.373791,1385,6,UDP,443,50468,,forward,20260823_170458_other_001_aa7d,Other
1787484956.373791,1385,6,UDP,443,50468,,forward,20260823_170458_other_001_aa7d,Other
1787484956.373791,1385,6,UDP,443,50468,,forward,20260823_170458_other_001_aa7d,Other
1787484956.373791,1385,6,UDP,443,50468,,forward,20260823_170458_other_001_aa7d,Other
1787484956.373791,1385,6,UDP,443,50468,,forward,20260823_170458_other_001_aa7d,Other
1787484956.373791,1385,6,UDP,443,50468,,forward,20260823_170458_other_001_aa7d,Other
1787484956.373791,1385,6,UDP,443,50468,,forward,20260823_170458_other_001_aa7d,Other
1787484956.373791,1385,6,UDP,443,50468,,forward,20260823_170458_other_001_aa7d,Other
1787484956.373791,1385,6,UDP,443,50468,,forward,20260823_170458_other_001_aa7d,Other
1787484956.373791,1385,6,UDP,443,50468,,forward,20260823_170458_other_001_aa7d,Other
1787484956.373791,1385,6,UDP,443,50468,,forward,20260823_170458_other_001_aa7d,Other
1787484956.374374,109,6,UDP,50468,443,,forward,20260823_170458_other_001_aa7d,Other
1787484956.374487,109,6,UDP,50468,443,,forward,20260823_170458_other_001_aa7d,Other
1787484956.374626,415,6,UDP,50468,443,,forward,20260823_170458_other_001_aa7d,Other
1787484956.37468,235,6,UDP,50468,443,,forward,20260823_170458_other_001_aa7d,Other
1787484956.374788,325,6,UDP,50468,443,,forward,20260823_170458_other_001_aa7d,Other
1787484956.374819,280,6,UDP,50468,443,,forward,20260823_170458_other_001_aa7d,Other
1787484956.374886,190,6,UDP,50468,443,,forward,20260823_170458_other_001_aa7d,Other
1787484956.374967,190,6,UDP,50468,443,,forward,20260823_170458_other_001_aa7d,Other
1787484956.392006,1385,6,UDP,443,50468,,forward,20260823_170458_other_001_aa7d,Other
1787484956.392006,1385,6,UDP,443,50468,,forward,20260823_170458_other_001_aa7d,Other
1787484956.392006,1385,6,UDP,443,50468,,forward,20260823_170458_other_001_aa7d,Other
1787484956.392006,1385,6,UDP,443,50468,,forward,20260823_170458_other_001_aa7d,Other
1787484956.392006,1385,6,UDP,443,50468,,forward,20260823_170458_other_001_aa7d,Other
1787484956.392006,1385,6,UDP,443,50468,,forward,20260823_170458_other_001_aa7d,Other
1787484956.392006,1385,6,UDP,443,50468,,forward,20260823_170458_other_001_aa7d,Other
1787484956.392006,1385,6,UDP,443,50468,,forward,20260823_170458_other_001_aa7d,Other
1787484956.392006,1385,6,UDP,443,50468,,forward,20260823_170458_other_001_aa7d,Other
1787484956.392006,1385,6,UDP,443,50468,,forward,20260823_170458_other_001_aa7d,Other
1787484956.392006,1385,6,UDP,443,50468,,forward,20260823_170458_other_001_aa7d,Other
1787484956.392006,1385,6,UDP,443,50468,,forward,20260823_170458_other_001_aa7d,Other
1787484956.392006,1385,6,UDP,443,50468,,forward,20260823_170458_other_001_aa7d,Other
1787484956.392006,1385,6,UDP,443,50468,,forward,20260823_170458_other_001_aa7d,Other
1787484956.392006,1385,6,UDP,443,50468,,forward,20260823_170458_other_001_aa7d,Other
1787484956.392006,1385,6,UDP,443,50468,,forward,20260823_170458_other_001_aa7d,Other
1787484956.392006,1385,6,UDP,443,50468,,forward,20260823_170458_other_001_aa7d,Other
1787484956.392006,1385,6,UDP,443,50468,,forward,20260823_170458_other_001_aa7d,Other
1787484956.392006,1385,6,UDP,443,50468,,forward,20260823_170458_other_001_aa7d,Other
1787484956.392006,1385,6,UDP,443,50468,,forward,20260823_170458_other_001_aa7d,Other
1787484956.392006,1385,6,UDP,443,50468,,forward,20260823_170458_other_001_aa7d,Other
1787484956.392006,1385,6,UDP,443,50468,,forward,20260823_170458_other_001_aa7d,Other
1787484956.392006,1385,6,UDP,443,50468,,forward,20260823_170458_other_001_aa7d,Other
1787484956.392006,1385,6,UDP,443,50468,,forward,20260823_170458_other_001_aa7d,Other
1787484956.392006,1385,6,UDP,443,50468,,forward,20260823_170458_other_001_aa7d,Other
1787484956.392006,1385,6,UDP,443,50468,,forward,20260823_170458_other_001_aa7d,Other
1787484956.392006,1385,6,UDP,443,50468,,forward,20260823_170458_other_001_aa7d,Other
1787484956.392006,1385,6,UDP,443,50468,,forward,20260823_170458_other_001_aa7d,Other
1787484956.392006,1385,6,UDP,443,50468,,forward,20260823_170458_other_001_aa7d,Other
1787484956.392006,1385,6,UDP,443,50468,,forward,20260823_170458_other_001_aa7d,Other
1787484956.392006,1385,6,UDP,443,50468,,forward,20260823_170458_other_001_aa7d,Other
1787484956.392006,1385,6,UDP,443,50468,,forward,20260823_170458_other_001_aa7d,Other
1787484956.392006,1385,6,UDP,443,50468,,forward,20260823_170458_other_001_aa7d,Other
1787484956.392006,1385,6,UDP,443,50468,,forward,20260823_170458_other_001_aa7d,Other
1787484956.392006,1385,6,UDP,443,50468,,forward,20260823_170458_other_001_aa7d,Other
1787484956.392006,1385,6,UDP,443,50468,,forward,20260823_170458_other_001_aa7d,Other
1787484956.392006,1385,6,UDP,443,50468,,forward,20260823_170458_other_001_aa7d,Other
1787484956.392006,1385,6,UDP,443,50468,,forward,20260823_170458_other_001_aa7d,Other
1787484956.392006,1385,6,UDP,443,50468,,forward,20260823_170458_other_001_aa7d,Other
1787484956.392006,1386,6,UDP,443,50468,,forward,20260823_170458_other_001_aa7d,Other
1787484956.392006,1386,6,UDP,443,50468,,forward,20260823_170458_other_001_aa7d,Other
1787484956.392006,1386,6,UDP,443,50468,,forward,20260823_170458_other_001_aa7d,Other
1787484956.392006,1386,6,UDP,443,50468,,forward,20260823_170458_other_001_aa7d,Other
1787484956.392006,1386,6,UDP,443,50468,,forward,20260823_170458_other_001_aa7d,Other
1787484956.392006,108,6,UDP,443,50468,,forward,20260823_170458_other_001_aa7d,Other
1787484956.392006,1385,6,UDP,443,50468,,forward,20260823_170458_other_001_aa7d,Other
1787484956.392006,1385,6,UDP,443,50468,,forward,20260823_170458_other_001_aa7d,Other
1787484956.392006,1385,6,UDP,443,50468,,forward,20260823_170458_other_001_aa7d,Other
1787484956.392006,1385,6,UDP,443,50468,,forward,20260823_170458_other_001_aa7d,Other
1787484956.392006,1385,6,UDP,443,50468,,forward,20260823_170458_other_001_aa7d,Other
1787484956.392006,1385,6,UDP,443,50468,,forward,20260823_170458_other_001_aa7d,Other
1787484956.392006,1385,6,UDP,443,50468,,forward,20260823_170458_other_001_aa7d,Other
1787484956.392006,1385,6,UDP,443,50468,,forward,20260823_170458_other_001_aa7d,Other
1787484956.392006,1385,6,UDP,443,50468,,forward,20260823_170458_other_001_aa7d,Other
1787484956.392006,1385,6,UDP,443,50468,,forward,20260823_170458_other_001_aa7d,Other
1787484956.392006,1385,6,UDP,443,50468,,forward,20260823_170458_other_001_aa7d,Other
1787484956.392006,1385,6,UDP,443,50468,,forward,20260823_170458_other_001_aa7d,Other
1787484956.392006,1385,6,UDP,443,50468,,forward,20260823_170458_other_001_aa7d,Other
1787484956.392006,1385,6,UDP,443,50468,,forward,20260823_170458_other_001_aa7d,Other
1787484956.392006,1385,6,UDP,443,50468,,forward,20260823_170458_other_001_aa7d,Other
1787484956.392006,1385,6,UDP,443,50468,,forward,20260823_170458_other_001_aa7d,Other
1787484956.392006,1385,6,UDP,443,50468,,forward,20260823_170458_other_001_aa7d,Other
1787484956.392006,1385,6,UDP,443,50468,,forward,20260823_170458_other_001_aa7d,Other
1787484956.392006,1385,6,UDP,443,50468,,forward,20260823_170458_other_001_aa7d,Other
1787484956.392006,1386,6,UDP,443,50468,,forward,20260823_170458_other_001_aa7d,Other
1787484956.392006,1386,6,UDP,443,50468,,forward,20260823_170458_other_001_aa7d,Other
1787484956.392006,1386,6,UDP,443,50468,,forward,20260823_170458_other_001_aa7d,Other
1787484956.392006,1386,6,UDP,443,50468,,forward,20260823_170458_other_001_aa7d,Other
1787484956.392006,1386,6,UDP,443,50468,,forward,20260823_170458_other_001_aa7d,Other
1787484956.392006,108,6,UDP,443,50468,,forward,20260823_170458_other_001_aa7d,Other
1787484956.392006,1385,6,UDP,443,50468,,forward,20260823_170458_other_001_aa7d,Other
1787484956.392006,1385,6,UDP,443,50468,,forward,20260823_170458_other_001_aa7d,Other
1787484956.392006,1385,6,UDP,443,50468,,forward,20260823_170458_other_001_aa7d,Other
1787484956.392006,1385,6,UDP,443,50468,,forward,20260823_170458_other_001_aa7d,Other
1787484956.392006,1385,6,UDP,443,50468,,forward,20260823_170458_other_001_aa7d,Other
1787484956.392006,1385,6,UDP,443,50468,,forward,20260823_170458_other_001_aa7d,Other
1787484956.392006,1385,6,UDP,443,50468,,forward,20260823_170458_other_001_aa7d,Other
1787484956.392006,1385,6,UDP,443,50468,,forward,20260823_170458_other_001_aa7d,Other
1787484956.392808,109,6,UDP,50468,443,,forward,20260823_170458_other_001_aa7d,Other
1787484956.393164,109,6,UDP,50468,443,,forward,20260823_170458_other_001_aa7d,Other
1787484956.393252,235,6,UDP,50468,443,,forward,20260823_170458_other_001_aa7d,Other
1787484956.39346,910,6,UDP,50468,443,,forward,20260823_170458_other_001_aa7d,Other
1787484956.39356,415,6,UDP,50468,443,,forward,20260823_170458_other_001_aa7d,Other
1787484956.393616,235,6,UDP,50468,443,,forward,20260823_170458_other_001_aa7d,Other
1787484956.393663,235,6,UDP,50468,443,,forward,20260823_170458_other_001_aa7d,Other
1787484956.393759,235,6,UDP,50468,443,,forward,20260823_170458_other_001_aa7d,Other
1787484956.393904,270,6,UDP,50468,443,,forward,20260823_170458_other_001_aa7d,Other
1787484956.394405,145,6,UDP,50468,443,,forward,20260823_170458_other_001_aa7d,Other
1787484956.39464,671,6,UDP,50468,443,,forward,20260823_170458_other_001_aa7d,Other
1787484956.394705,1385,6,UDP,50468,443,,forward,20260823_170458_other_001_aa7d,Other
1787484956.394739,778,6,UDP,50468,443,,forward,20260823_170458_other_001_aa7d,Other
1787484956.403576,1385,6,UDP,443,50468,,forward,20260823_170458_other_001_aa7d,Other
1787484956.403576,1385,6,UDP,443,50468,,forward,20260823_170458_other_001_aa7d,Other
1787484956.403576,1386,6,UDP,443,50468,,forward,20260823_170458_other_001_aa7d,Other
1787484956.403576,1386,6,UDP,443,50468,,forward,20260823_170458_other_001_aa7d,Other
1787484956.403576,1386,6,UDP,443,50468,,forward,20260823_170458_other_001_aa7d,Other
1787484956.403576,1386,6,UDP,443,50468,,forward,20260823_170458_other_001_aa7d,Other
1787484956.403576,1386,6,UDP,443,50468,,forward,20260823_170458_other_001_aa7d,Other
1787484956.403576,1386,6,UDP,443,50468,,forward,20260823_170458_other_001_aa7d,Other
1787484956.403576,1386,6,UDP,443,50468,,forward,20260823_170458_other_001_aa7d,Other
1787484956.403576,1386,6,UDP,443,50468,,forward,20260823_170458_other_001_aa7d,Other
1787484956.403576,1386,6,UDP,443,50468,,forward,20260823_170458_other_001_aa7d,Other
1787484956.403576,1386,6,UDP,443,50468,,forward,20260823_170458_other_001_aa7d,Other
1787484956.403576,1386,6,UDP,443,50468,,forward,20260823_170458_other_001_aa7d,Other
1787484956.403576,1386,6,UDP,443,50468,,forward,20260823_170458_other_001_aa7d,Other
1787484956.403576,1386,6,UDP,443,50468,,forward,20260823_170458_other_001_aa7d,Other
1787484956.403576,1386,6,UDP,443,50468,,forward,20260823_170458_other_001_aa7d,Other
1787484956.403576,1386,6,UDP,443,50468,,forward,20260823_170458_other_001_aa7d,Other
1787484956.403576,1386,6,UDP,443,50468,,forward,20260823_170458_other_001_aa7d,Other
1787484956.403576,1386,6,UDP,443,50468,,forward,20260823_170458_other_001_aa7d,Other
1787484956.403576,1386,6,UDP,443,50468,,forward,20260823_170458_other_001_aa7d,Other
1787484956.403576,1386,6,UDP,443,50468,,forward,20260823_170458_other_001_aa7d,Other
1787484956.403576,1386,6,UDP,443,50468,,forward,20260823_170458_other_001_aa7d,Other
1787484956.403576,1386,6,UDP,443,50468,,forward,20260823_170458_other_001_aa7d,Other
1787484956.403576,1386,6,UDP,443,50468,,forward,20260823_170458_other_001_aa7d,Other
1787484956.403576,1386,6,UDP,443,50468,,forward,20260823_170458_other_001_aa7d,Other
1787484956.403576,1386,6,UDP,443,50468,,forward,20260823_170458_other_001_aa7d,Other
1787484956.403576,1386,6,UDP,443,50468,,forward,20260823_170458_other_001_aa7d,Other
1787484956.403576,1386,6,UDP,443,50468,,forward,20260823_170458_other_001_aa7d,Other
1787484956.403576,1386,6,UDP,443,50468,,forward,20260823_170458_other_001_aa7d,Other
1787484956.403576,1386,6,UDP,443,50468,,forward,20260823_170458_other_001_aa7d,Other
1787484956.403576,1386,6,UDP,443,50468,,forward,20260823_170458_other_001_aa7d,Other
1787484956.403576,1386,6,UDP,443,50468,,forward,20260823_170458_other_001_aa7d,Other
1787484956.403576,1386,6,UDP,443,50468,,forward,20260823_170458_other_001_aa7d,Other
1787484956.403576,1386,6,UDP,443,50468,,forward,20260823_170458_other_001_aa7d,Other
1787484956.403576,1386,6,UDP,443,50468,,forward,20260823_170458_other_001_aa7d,Other
1787484956.403576,1386,6,UDP,443,50468,,forward,20260823_170458_other_001_aa7d,Other
1787484956.403576,1386,6,UDP,443,50468,,forward,20260823_170458_other_001_aa7d,Other
1787484956.403576,1386,6,UDP,443,50468,,forward,20260823_170458_other_001_aa7d,Other
1787484956.403576,1386,6,UDP,443,50468,,forward,20260823_170458_other_001_aa7d,Other
1787484956.403576,1386,6,UDP,443,50468,,forward,20260823_170458_other_001_aa7d,Other
1787484956.403576,1386,6,UDP,443,50468,,forward,20260823_170458_other_001_aa7d,Other
1787484956.403576,1386,6,UDP,443,50468,,forward,20260823_170458_other_001_aa7d,Other
1787484956.403576,1386,6,UDP,443,50468,,forward,20260823_170458_other_001_aa7d,Other
1787484956.403576,1386,6,UDP,443,50468,,forward,20260823_170458_other_001_aa7d,Other
1787484956.403576,1386,6,UDP,443,50468,,forward,20260823_170458_other_001_aa7d,Other
1787484956.403576,1386,6,UDP,443,50468,,forward,20260823_170458_other_001_aa7d,Other
1787484956.403576,1386,6,UDP,443,50468,,forward,20260823_170458_other_001_aa7d,Other
1787484956.403576,1386,6,UDP,443,50468,,forward,20260823_170458_other_001_aa7d,Other
1787484956.404163,109,6,UDP,50468,443,,forward,20260823_170458_other_001_aa7d,Other
1787484956.404308,109,6,UDP,50468,443,,forward,20260823_170458_other_001_aa7d,Other
1787484956.40437,190,6,UDP,50468,443,,forward,20260823_170458_other_001_aa7d,Other
1787484956.404411,235,6,UDP,50468,443,,forward,20260823_170458_other_001_aa7d,Other
1787484956.404443,145,6,UDP,50468,443,,forward,20260823_170458_other_001_aa7d,Other
1787484956.404478,190,6,UDP,50468,443,,forward,20260823_170458_other_001_aa7d,Other
1787484956.404512,145,6,UDP,50468,443,,forward,20260823_170458_other_001_aa7d,Other
1787484956.404545,190,6,UDP,50468,443,,forward,20260823_170458_other_001_aa7d,Other
1787484956.405457,685,6,UDP,50468,443,,forward,20260823_170458_other_001_aa7d,Other
1787484956.418461,109,6,UDP,443,50468,,forward,20260823_170458_other_001_aa7d,Other
1787484956.418461,1386,6,UDP,443,50468,,forward,20260823_170458_other_001_aa7d,Other
1787484956.418461,1386,6,UDP,443,50468,,forward,20260823_170458_other_001_aa7d,Other
1787484956.418461,1386,6,UDP,443,50468,,forward,20260823_170458_other_001_aa7d,Other
1787484956.418461,1386,6,UDP,443,50468,,forward,20260823_170458_other_001_aa7d,Other
1787484956.418461,1386,6,UDP,443,50468,,forward,20260823_170458_other_001_aa7d,Other
1787484956.418461,1386,6,UDP,443,50468,,forward,20260823_170458_other_001_aa7d,Other
1787484956.418461,1386,6,UDP,443,50468,,forward,20260823_170458_other_001_aa7d,Other
1787484956.418461,1386,6,UDP,443,50468,,forward,20260823_170458_other_001_aa7d,Other
1787484956.418461,1386,6,UDP,443,50468,,forward,20260823_170458_other_001_aa7d,Other
1787484956.418461,1386,6,UDP,443,50468,,forward,20260823_170458_other_001_aa7d,Other
1787484956.418461,1386,6,UDP,443,50468,,forward,20260823_170458_other_001_aa7d,Other
1787484956.418461,1386,6,UDP,443,50468,,forward,20260823_170458_other_001_aa7d,Other
1787484956.418461,1386,6,UDP,443,50468,,forward,20260823_170458_other_001_aa7d,Other
1787484956.418461,1386,6,UDP,443,50468,,forward,20260823_170458_other_001_aa7d,Other
1787484956.418461,1386,6,UDP,443,50468,,forward,20260823_170458_other_001_aa7d,Other
1787484956.418461,1386,6,UDP,443,50468,,forward,20260823_170458_other_001_aa7d,Other
1787484956.418461,1386,6,UDP,443,50468,,forward,20260823_170458_other_001_aa7d,Other
1787484956.418461,1386,6,UDP,443,50468,,forward,20260823_170458_other_001_aa7d,Other
1787484956.418461,1386,6,UDP,443,50468,,forward,20260823_170458_other_001_aa7d,Other
1787484956.418461,1386,6,UDP,443,50468,,forward,20260823_170458_other_001_aa7d,Other
1787484956.418461,1386,6,UDP,443,50468,,forward,20260823_170458_other_001_aa7d,Other
1787484956.418461,1386,6,UDP,443,50468,,forward,20260823_170458_other_001_aa7d,Other
1787484956.418461,1386,6,UDP,443,50468,,forward,20260823_170458_other_001_aa7d,Other
1787484956.418461,1386,6,UDP,443,50468,,forward,20260823_170458_other_001_aa7d,Other
1787484956.418461,1386,6,UDP,443,50468,,forward,20260823_170458_other_001_aa7d,Other
1787484956.418461,1386,6,UDP,443,50468,,forward,20260823_170458_other_001_aa7d,Other
1787484956.418461,1386,6,UDP,443,50468,,forward,20260823_170458_other_001_aa7d,Other
1787484956.418461,1386,6,UDP,443,50468,,forward,20260823_170458_other_001_aa7d,Other
1787484956.418461,1386,6,UDP,443,50468,,forward,20260823_170458_other_001_aa7d,Other
1787484956.418461,1386,6,UDP,443,50468,,forward,20260823_170458_other_001_aa7d,Other
1787484956.418461,1386,6,UDP,443,50468,,forward,20260823_170458_other_001_aa7d,Other
1787484956.418461,1386,6,UDP,443,50468,,forward,20260823_170458_other_001_aa7d,Other
1787484956.418461,1386,6,UDP,443,50468,,forward,20260823_170458_other_001_aa7d,Other
1787484956.418461,1386,6,UDP,443,50468,,forward,20260823_170458_other_001_aa7d,Other
1787484956.418461,1386,6,UDP,443,50468,,forward,20260823_170458_other_001_aa7d,Other
1787484956.418461,1386,6,UDP,443,50468,,forward,20260823_170458_other_001_aa7d,Other
1787484956.418461,1386,6,UDP,443,50468,,forward,20260823_170458_other_001_aa7d,Other
1787484956.418461,1386,6,UDP,443,50468,,forward,20260823_170458_other_001_aa7d,Other
1787484956.418461,1386,6,UDP,443,50468,,forward,20260823_170458_other_001_aa7d,Other
1787484956.418461,1386,6,UDP,443,50468,,forward,20260823_170458_other_001_aa7d,Other
1787484956.418461,1386,6,UDP,443,50468,,forward,20260823_170458_other_001_aa7d,Other
1787484956.418461,1386,6,UDP,443,50468,,forward,20260823_170458_other_001_aa7d,Other
1787484956.418461,1386,6,UDP,443,50468,,forward,20260823_170458_other_001_aa7d,Other
1787484956.418461,1386,6,UDP,443,50468,,forward,20260823_170458_other_001_aa7d,Other
1787484956.418461,1386,6,UDP,443,50468,,forward,20260823_170458_other_001_aa7d,Other
1787484956.418461,1386,6,UDP,443,50468,,forward,20260823_170458_other_001_aa7d,Other
1787484956.418461,1386,6,UDP,443,50468,,forward,20260823_170458_other_001_aa7d,Other
1787484956.418461,1386,6,UDP,443,50468,,forward,20260823_170458_other_001_aa7d,Other
1787484956.418461,1386,6,UDP,443,50468,,forward,20260823_170458_other_001_aa7d,Other
1787484956.418461,1386,6,UDP,443,50468,,forward,20260823_170458_other_001_aa7d,Other
1787484956.418461,1386,6,UDP,443,50468,,forward,20260823_170458_other_001_aa7d,Other
1787484956.418461,1386,6,UDP,443,50468,,forward,20260823_170458_other_001_aa7d,Other
1787484956.418461,1386,6,UDP,443,50468,,forward,20260823_170458_other_001_aa7d,Other
1787484956.418461,1386,6,UDP,443,50468,,forward,20260823_170458_other_001_aa7d,Other
1787484956.418461,1386,6,UDP,443,50468,,forward,20260823_170458_other_001_aa7d,Other
1787484956.418461,1386,6,UDP,443,50468,,forward,20260823_170458_other_001_aa7d,Other
1787484956.418461,1386,6,UDP,443,50468,,forward,20260823_170458_other_001_aa7d,Other
1787484956.418461,1386,6,UDP,443,50468,,forward,20260823_170458_other_001_aa7d,Other
1787484956.418461,1386,6,UDP,443,50468,,forward,20260823_170458_other_001_aa7d,Other
1787484956.418461,1386,6,UDP,443,50468,,forward,20260823_170458_other_001_aa7d,Other
1787484956.418461,1386,6,UDP,443,50468,,forward,20260823_170458_other_001_aa7d,Other
1787484956.418461,1386,6,UDP,443,50468,,forward,20260823_170458_other_001_aa7d,Other
1787484956.418461,1386,6,UDP,443,50468,,forward,20260823_170458_other_001_aa7d,Other
1787484956.418461,1386,6,UDP,443,50468,,forward,20260823_170458_other_001_aa7d,Other
1787484956.418461,1386,6,UDP,443,50468,,forward,20260823_170458_other_001_aa7d,Other
1787484956.418461,1386,6,UDP,443,50468,,forward,20260823_170458_other_001_aa7d,Other
1787484956.418461,1386,6,UDP,443,50468,,forward,20260823_170458_other_001_aa7d,Other
1787484956.418461,1386,6,UDP,443,50468,,forward,20260823_170458_other_001_aa7d,Other
1787484956.419194,109,6,UDP,50468,443,,forward,20260823_170458_other_001_aa7d,Other
1787484956.419411,109,6,UDP,50468,443,,forward,20260823_170458_other_001_aa7d,Other
1787484956.419472,460,6,UDP,50468,443,,forward,20260823_170458_other_001_aa7d,Other
1787484956.419537,235,6,UDP,50468,443,,forward,20260823_170458_other_001_aa7d,Other
1787484956.419584,190,6,UDP,50468,443,,forward,20260823_170458_other_001_aa7d,Other
1787484956.419657,235,6,UDP,50468,443,,forward,20260823_170458_other_001_aa7d,Other
1787484956.419742,325,6,UDP,50468,443,,forward,20260823_170458_other_001_aa7d,Other
1787484956.419784,235,6,UDP,50468,443,,forward,20260823_170458_other_001_aa7d,Other
1787484956.419837,190,6,UDP,50468,443,,forward,20260823_170458_other_001_aa7d,Other
1787484956.419879,145,6,UDP,50468,443,,forward,20260823_170458_other_001_aa7d,Other
1787484956.419911,190,6,UDP,50468,443,,forward,20260823_170458_other_001_aa7d,Other
1787484956.419944,190,6,UDP,50468,443,,forward,20260823_170458_other_001_aa7d,Other
1787484956.419995,190,6,UDP,50468,443,,forward,20260823_170458_other_001_aa7d,Other
1787484956.420066,145,6,UDP,50468,443,,forward,20260823_170458_other_001_aa7d,Other
1787484956.433664,108,6,UDP,443,50468,,forward,20260823_170458_other_001_aa7d,Other
1787484956.433664,1385,6,UDP,443,50468,,forward,20260823_170458_other_001_aa7d,Other
1787484956.433664,1385,6,UDP,443,50468,,forward,20260823_170458_other_001_aa7d,Other
1787484956.433664,1385,6,UDP,443,50468,,forward,20260823_170458_other_001_aa7d,Other
1787484956.433664,1385,6,UDP,443,50468,,forward,20260823_170458_other_001_aa7d,Other
1787484956.433664,1385,6,UDP,443,50468,,forward,20260823_170458_other_001_aa7d,Other
1787484956.433664,1385,6,UDP,443,50468,,forward,20260823_170458_other_001_aa7d,Other
1787484956.433664,280,6,UDP,443,50468,,forward,20260823_170458_other_001_aa7d,Other
1787484956.433664,1385,6,UDP,443,50468,,forward,20260823_170458_other_001_aa7d,Other
1787484956.433664,1386,6,UDP,443,50468,,forward,20260823_170458_other_001_aa7d,Other
1787484956.433664,1386,6,UDP,443,50468,,forward,20260823_170458_other_001_aa7d,Other
1787484956.433664,1386,6,UDP,443,50468,,forward,20260823_170458_other_001_aa7d,Other
1787484956.433664,1386,6,UDP,443,50468,,forward,20260823_170458_other_001_aa7d,Other
1787484956.433664,1386,6,UDP,443,50468,,forward,20260823_170458_other_001_aa7d,Other
1787484956.433664,1386,6,UDP,443,50468,,forward,20260823_170458_other_001_aa7d,Other
1787484956.433664,1386,6,UDP,443,50468,,forward,20260823_170458_other_001_aa7d,Other
1787484956.433664,1386,6,UDP,443,50468,,forward,20260823_170458_other_001_aa7d,Other
1787484956.433664,1386,6,UDP,443,50468,,forward,20260823_170458_other_001_aa7d,Other
1787484956.433664,1386,6,UDP,443,50468,,forward,20260823_170458_other_001_aa7d,Other
1787484956.433664,1386,6,UDP,443,50468,,forward,20260823_170458_other_001_aa7d,Other
1787484956.433664,1386,6,UDP,443,50468,,forward,20260823_170458_other_001_aa7d,Other
1787484956.433664,1386,6,UDP,443,50468,,forward,20260823_170458_other_001_aa7d,Other
1787484956.433664,1386,6,UDP,443,50468,,forward,20260823_170458_other_001_aa7d,Other
1787484956.433664,1386,6,UDP,443,50468,,forward,20260823_170458_other_001_aa7d,Other
1787484956.433664,1386,6,UDP,443,50468,,forward,20260823_170458_other_001_aa7d,Other
1787484956.433664,1386,6,UDP,443,50468,,forward,20260823_170458_other_001_aa7d,Other
1787484956.433664,1386,6,UDP,443,50468,,forward,20260823_170458_other_001_aa7d,Other
1787484956.433664,1386,6,UDP,443,50468,,forward,20260823_170458_other_001_aa7d,Other
1787484956.433664,1386,6,UDP,443,50468,,forward,20260823_170458_other_001_aa7d,Other
1787484956.433664,1386,6,UDP,443,50468,,forward,20260823_170458_other_001_aa7d,Other
1787484956.433664,1386,6,UDP,443,50468,,forward,20260823_170458_other_001_aa7d,Other
1787484956.433664,1386,6,UDP,443,50468,,forward,20260823_170458_other_001_aa7d,Other
1787484956.433664,1386,6,UDP,443,50468,,forward,20260823_170458_other_001_aa7d,Other
1787484956.433664,1386,6,UDP,443,50468,,forward,20260823_170458_other_001_aa7d,Other
1787484956.433664,1386,6,UDP,443,50468,,forward,20260823_170458_other_001_aa7d,Other
1787484956.433664,1386,6,UDP,443,50468,,forward,20260823_170458_other_001_aa7d,Other
1787484956.433664,1386,6,UDP,443,50468,,forward,20260823_170458_other_001_aa7d,Other
1787484956.433664,1386,6,UDP,443,50468,,forward,20260823_170458_other_001_aa7d,Other
1787484956.433664,1386,6,UDP,443,50468,,forward,20260823_170458_other_001_aa7d,Other
1787484956.433664,1386,6,UDP,443,50468,,forward,20260823_170458_other_001_aa7d,Other
1787484956.433664,1386,6,UDP,443,50468,,forward,20260823_170458_other_001_aa7d,Other
1787484956.433664,1386,6,UDP,443,50468,,forward,20260823_170458_other_001_aa7d,Other
1787484956.433664,1386,6,UDP,443,50468,,forward,20260823_170458_other_001_aa7d,Other
1787484956.433664,1386,6,UDP,443,50468,,forward,20260823_170458_other_001_aa7d,Other
1787484956.433664,1386,6,UDP,443,50468,,forward,20260823_170458_other_001_aa7d,Other
1787484956.433664,1386,6,UDP,443,50468,,forward,20260823_170458_other_001_aa7d,Other
1787484956.433664,1386,6,UDP,443,50468,,forward,20260823_170458_other_001_aa7d,Other
1787484956.433664,1386,6,UDP,443,50468,,forward,20260823_170458_other_001_aa7d,Other
1787484956.433664,1386,6,UDP,443,50468,,forward,20260823_170458_other_001_aa7d,Other
1787484956.433664,1386,6,UDP,443,50468,,forward,20260823_170458_other_001_aa7d,Other
1787484956.433664,1386,6,UDP,443,50468,,forward,20260823_170458_other_001_aa7d,Other
1787484956.433664,1386,6,UDP,443,50468,,forward,20260823_170458_other_001_aa7d,Other
1787484956.433664,1386,6,UDP,443,50468,,forward,20260823_170458_other_001_aa7d,Other
1787484956.433664,1386,6,UDP,443,50468,,forward,20260823_170458_other_001_aa7d,Other
1787484956.433664,1386,6,UDP,443,50468,,forward,20260823_170458_other_001_aa7d,Other
1787484956.433664,1386,6,UDP,443,50468,,forward,20260823_170458_other_001_aa7d,Other
1787484956.433664,1386,6,UDP,443,50468,,forward,20260823_170458_other_001_aa7d,Other
1787484956.433664,1386,6,UDP,443,50468,,forward,20260823_170458_other_001_aa7d,Other
1787484956.433664,1386,6,UDP,443,50468,,forward,20260823_170458_other_001_aa7d,Other
1787484956.433664,1386,6,UDP,443,50468,,forward,20260823_170458_other_001_aa7d,Other
1787484956.433664,1386,6,UDP,443,50468,,forward,20260823_170458_other_001_aa7d,Other
1787484956.433664,1386,6,UDP,443,50468,,forward,20260823_170458_other_001_aa7d,Other
1787484956.433664,1386,6,UDP,443,50468,,forward,20260823_170458_other_001_aa7d,Other
1787484956.433664,1386,6,UDP,443,50468,,forward,20260823_170458_other_001_aa7d,Other
1787484956.433664,1386,6,UDP,443,50468,,forward,20260823_170458_other_001_aa7d,Other
1787484956.433664,1386,6,UDP,443,50468,,forward,20260823_170458_other_001_aa7d,Other
1787484956.433664,1386,6,UDP,443,50468,,forward,20260823_170458_other_001_aa7d,Other
1787484956.433664,1386,6,UDP,443,50468,,forward,20260823_170458_other_001_aa7d,Other
1787484956.433664,1386,6,UDP,443,50468,,forward,20260823_170458_other_001_aa7d,Other
1787484956.433664,1386,6,UDP,443,50468,,forward,20260823_170458_other_001_aa7d,Other
1787484956.433664,1386,6,UDP,443,50468,,forward,20260823_170458_other_001_aa7d,Other
1787484956.433664,1386,6,UDP,443,50468,,forward,20260823_170458_other_001_aa7d,Other
1787484956.433664,1386,6,UDP,443,50468,,forward,20260823_170458_other_001_aa7d,Other
1787484956.433664,1386,6,UDP,443,50468,,forward,20260823_170458_other_001_aa7d,Other
1787484956.433664,1386,6,UDP,443,50468,,forward,20260823_170458_other_001_aa7d,Other
1787484956.433664,1386,6,UDP,443,50468,,forward,20260823_170458_other_001_aa7d,Other
1787484956.433664,1386,6,UDP,443,50468,,forward,20260823_170458_other_001_aa7d,Other
1787484956.433664,1386,6,UDP,443,50468,,forward,20260823_170458_other_001_aa7d,Other
1787484956.433664,1386,6,UDP,443,50468,,forward,20260823_170458_other_001_aa7d,Other
1787484956.433664,1386,6,UDP,443,50468,,forward,20260823_170458_other_001_aa7d,Other
1787484956.433664,1386,6,UDP,443,50468,,forward,20260823_170458_other_001_aa7d,Other
1787484956.433664,1386,6,UDP,443,50468,,forward,20260823_170458_other_001_aa7d,Other
1787484956.433664,1386,6,UDP,443,50468,,forward,20260823_170458_other_001_aa7d,Other
1787484956.433664,1386,6,UDP,443,50468,,forward,20260823_170458_other_001_aa7d,Other
1787484956.433664,1386,6,UDP,443,50468,,forward,20260823_170458_other_001_aa7d,Other
1787484956.433664,1386,6,UDP,443,50468,,forward,20260823_170458_other_001_aa7d,Other
1787484956.433664,1386,6,UDP,443,50468,,forward,20260823_170458_other_001_aa7d,Other
1787484956.433664,1386,6,UDP,443,50468,,forward,20260823_170458_other_001_aa7d,Other
1787484956.433664,1386,6,UDP,443,50468,,forward,20260823_170458_other_001_aa7d,Other
1787484956.433664,1386,6,UDP,443,50468,,forward,20260823_170458_other_001_aa7d,Other
1787484956.433664,1386,6,UDP,443,50468,,forward,20260823_170458_other_001_aa7d,Other
1787484956.433664,1386,6,UDP,443,50468,,forward,20260823_170458_other_001_aa7d,Other
1787484956.433664,1386,6,UDP,443,50468,,forward,20260823_170458_other_001_aa7d,Other
1787484956.433664,1386,6,UDP,443,50468,,forward,20260823_170458_other_001_aa7d,Other
1787484956.433664,1386,6,UDP,443,50468,,forward,20260823_170458_other_001_aa7d,Other
1787484956.433664,1386,6,UDP,443,50468,,forward,20260823_170458_other_001_aa7d,Other
1787484956.433664,1386,6,UDP,443,50468,,forward,20260823_170458_other_001_aa7d,Other
1787484956.433664,1386,6,UDP,443,50468,,forward,20260823_170458_other_001_aa7d,Other
1787484956.433664,1386,6,UDP,443,50468,,forward,20260823_170458_other_001_aa7d,Other
1787484956.433664,1386,6,UDP,443,50468,,forward,20260823_170458_other_001_aa7d,Other
1787484956.433664,1386,6,UDP,443,50468,,forward,20260823_170458_other_001_aa7d,Other
1787484956.433664,1386,6,UDP,443,50468,,forward,20260823_170458_other_001_aa7d,Other
1787484956.433664,1386,6,UDP,443,50468,,forward,20260823_170458_other_001_aa7d,Other
1787484956.433664,1386,6,UDP,443,50468,,forward,20260823_170458_other_001_aa7d,Other
1787484956.433664,1386,6,UDP,443,50468,,forward,20260823_170458_other_001_aa7d,Other
1787484956.433664,1386,6,UDP,443,50468,,forward,20260823_170458_other_001_aa7d,Other
1787484956.433664,1386,6,UDP,443,50468,,forward,20260823_170458_other_001_aa7d,Other
1787484956.433664,1386,6,UDP,443,50468,,forward,20260823_170458_other_001_aa7d,Other
1787484956.433664,1386,6,UDP,443,50468,,forward,20260823_170458_other_001_aa7d,Other
1787484956.433664,1386,6,UDP,443,50468,,forward,20260823_170458_other_001_aa7d,Other
1787484956.433664,1386,6,UDP,443,50468,,forward,20260823_170458_other_001_aa7d,Other
1787484956.433664,1386,6,UDP,443,50468,,forward,20260823_170458_other_001_aa7d,Other
1787484956.433664,1386,6,UDP,443,50468,,forward,20260823_170458_other_001_aa7d,Other
1787484956.434616,109,6,UDP,50468,443,,forward,20260823_170458_other_001_aa7d,Other
1787484956.434885,109,6,UDP,50468,443,,forward,20260823_170458_other_001_aa7d,Other
1787484956.434955,235,6,UDP,50468,443,,forward,20260823_170458_other_001_aa7d,Other
1787484956.435121,109,6,UDP,50468,443,,forward,20260823_170458_other_001_aa7d,Other
1787484956.435223,109,6,UDP,50468,443,,forward,20260823_170458_other_001_aa7d,Other
1787484956.435333,145,6,UDP,50468,443,,forward,20260823_170458_other_001_aa7d,Other
1787484956.435408,325,6,UDP,50468,443,,forward,20260823_170458_other_001_aa7d,Other
1787484956.435436,460,6,UDP,50468,443,,forward,20260823_170458_other_001_aa7d,Other
1787484956.435453,145,6,UDP,50468,443,,forward,20260823_170458_other_001_aa7d,Other
1787484956.435491,190,6,UDP,50468,443,,forward,20260823_170458_other_001_aa7d,Other
1787484956.435514,145,6,UDP,50468,443,,forward,20260823_170458_other_001_aa7d,Other
1787484956.43554,145,6,UDP,50468,443,,forward,20260823_170458_other_001_aa7d,Other
1787484956.435565,145,6,UDP,50468,443,,forward,20260823_170458_other_001_aa7d,Other
1787484956.43559,145,6,UDP,50468,443,,forward,20260823_170458_other_001_aa7d,Other
1787484956.435616,145,6,UDP,50468,443,,forward,20260823_170458_other_001_aa7d,Other
1787484956.435648,190,6,UDP,50468,443,,forward,20260823_170458_other_001_aa7d,Other
1787484956.436142,235,6,UDP,50468,443,,forward,20260823_170458_other_001_aa7d,Other
1787484956.436439,1315,6,UDP,50468,443,,forward,20260823_170458_other_001_aa7d,Other
1787484956.436594,145,6,UDP,50468,443,,forward,20260823_170458_other_001_aa7d,Other
1787484956.454181,1386,6,UDP,443,50468,,forward,20260823_170458_other_001_aa7d,Other
1787484956.454181,1386,6,UDP,443,50468,,forward,20260823_170458_other_001_aa7d,Other
1787484956.454181,1386,6,UDP,443,50468,,forward,20260823_170458_other_001_aa7d,Other
1787484956.454181,1386,6,UDP,443,50468,,forward,20260823_170458_other_001_aa7d,Other
1787484956.454181,1386,6,UDP,443,50468,,forward,20260823_170458_other_001_aa7d,Other
1787484956.454181,1386,6,UDP,443,50468,,forward,20260823_170458_other_001_aa7d,Other
1787484956.454181,1386,6,UDP,443,50468,,forward,20260823_170458_other_001_aa7d,Other
1787484956.454181,1386,6,UDP,443,50468,,forward,20260823_170458_other_001_aa7d,Other
1787484956.454181,1386,6,UDP,443,50468,,forward,20260823_170458_other_001_aa7d,Other
1787484956.454181,1386,6,UDP,443,50468,,forward,20260823_170458_other_001_aa7d,Other
1787484956.454181,109,6,UDP,443,50468,,forward,20260823_170458_other_001_aa7d,Other
1787484956.454181,1386,6,UDP,443,50468,,forward,20260823_170458_other_001_aa7d,Other
1787484956.454181,1386,6,UDP,443,50468,,forward,20260823_170458_other_001_aa7d,Other
1787484956.454181,1386,6,UDP,443,50468,,forward,20260823_170458_other_001_aa7d,Other
1787484956.454181,1386,6,UDP,443,50468,,forward,20260823_170458_other_001_aa7d,Other
1787484956.454181,1386,6,UDP,443,50468,,forward,20260823_170458_other_001_aa7d,Other
1787484956.454181,1386,6,UDP,443,50468,,forward,20260823_170458_other_001_aa7d,Other
1787484956.454181,1386,6,UDP,443,50468,,forward,20260823_170458_other_001_aa7d,Other
1787484956.454181,1386,6,UDP,443,50468,,forward,20260823_170458_other_001_aa7d,Other
1787484956.454181,1386,6,UDP,443,50468,,forward,20260823_170458_other_001_aa7d,Other
1787484956.454181,1386,6,UDP,443,50468,,forward,20260823_170458_other_001_aa7d,Other
1787484956.454181,1386,6,UDP,443,50468,,forward,20260823_170458_other_001_aa7d,Other
1787484956.454181,1386,6,UDP,443,50468,,forward,20260823_170458_other_001_aa7d,Other
1787484956.454181,1386,6,UDP,443,50468,,forward,20260823_170458_other_001_aa7d,Other
1787484956.454181,1386,6,UDP,443,50468,,forward,20260823_170458_other_001_aa7d,Other
1787484956.454181,1386,6,UDP,443,50468,,forward,20260823_170458_other_001_aa7d,Other
1787484956.454181,1386,6,UDP,443,50468,,forward,20260823_170458_other_001_aa7d,Other
1787484956.454181,1386,6,UDP,443,50468,,forward,20260823_170458_other_001_aa7d,Other
1787484956.454181,1386,6,UDP,443,50468,,forward,20260823_170458_other_001_aa7d,Other
1787484956.454181,1386,6,UDP,443,50468,,forward,20260823_170458_other_001_aa7d,Other
1787484956.454181,1386,6,UDP,443,50468,,forward,20260823_170458_other_001_aa7d,Other
1787484956.454181,1386,6,UDP,443,50468,,forward,20260823_170458_other_001_aa7d,Other
1787484956.454181,1386,6,UDP,443,50468,,forward,20260823_170458_other_001_aa7d,Other
1787484956.454181,1386,6,UDP,443,50468,,forward,20260823_170458_other_001_aa7d,Other
1787484956.454181,1386,6,UDP,443,50468,,forward,20260823_170458_other_001_aa7d,Other
1787484956.454181,1386,6,UDP,443,50468,,forward,20260823_170458_other_001_aa7d,Other
1787484956.454181,1386,6,UDP,443,50468,,forward,20260823_170458_other_001_aa7d,Other
1787484956.454181,1386,6,UDP,443,50468,,forward,20260823_170458_other_001_aa7d,Other
1787484956.454181,1386,6,UDP,443,50468,,forward,20260823_170458_other_001_aa7d,Other
1787484956.454181,1386,6,UDP,443,50468,,forward,20260823_170458_other_001_aa7d,Other
1787484956.454181,1386,6,UDP,443,50468,,forward,20260823_170458_other_001_aa7d,Other
1787484956.454181,1386,6,UDP,443,50468,,forward,20260823_170458_other_001_aa7d,Other
1787484956.454181,1386,6,UDP,443,50468,,forward,20260823_170458_other_001_aa7d,Other
1787484956.454181,1386,6,UDP,443,50468,,forward,20260823_170458_other_001_aa7d,Other
1787484956.454181,1386,6,UDP,443,50468,,forward,20260823_170458_other_001_aa7d,Other
1787484956.454181,1386,6,UDP,443,50468,,forward,20260823_170458_other_001_aa7d,Other
1787484956.454181,1386,6,UDP,443,50468,,forward,20260823_170458_other_001_aa7d,Other
1787484956.454181,1386,6,UDP,443,50468,,forward,20260823_170458_other_001_aa7d,Other
1787484956.454181,1386,6,UDP,443,50468,,forward,20260823_170458_other_001_aa7d,Other
1787484956.454181,1386,6,UDP,443,50468,,forward,20260823_170458_other_001_aa7d,Other
1787484956.454181,1386,6,UDP,443,50468,,forward,20260823_170458_other_001_aa7d,Other
1787484956.454181,1386,6,UDP,443,50468,,forward,20260823_170458_other_001_aa7d,Other
1787484956.454181,1386,6,UDP,443,50468,,forward,20260823_170458_other_001_aa7d,Other
1787484956.454181,1386,6,UDP,443,50468,,forward,20260823_170458_other_001_aa7d,Other
1787484956.454181,1386,6,UDP,443,50468,,forward,20260823_170458_other_001_aa7d,Other
1787484956.454181,1386,6,UDP,443,50468,,forward,20260823_170458_other_001_aa7d,Other
1787484956.454181,1386,6,UDP,443,50468,,forward,20260823_170458_other_001_aa7d,Other
1787484956.454181,1386,6,UDP,443,50468,,forward,20260823_170458_other_001_aa7d,Other
1787484956.454181,1386,6,UDP,443,50468,,forward,20260823_170458_other_001_aa7d,Other
1787484956.454181,1386,6,UDP,443,50468,,forward,20260823_170458_other_001_aa7d,Other
1787484956.454181,1386,6,UDP,443,50468,,forward,20260823_170458_other_001_aa7d,Other
1787484956.454181,1386,6,UDP,443,50468,,forward,20260823_170458_other_001_aa7d,Other
1787484956.454181,1386,6,UDP,443,50468,,forward,20260823_170458_other_001_aa7d,Other
1787484956.454181,1386,6,UDP,443,50468,,forward,20260823_170458_other_001_aa7d,Other
1787484956.454181,1386,6,UDP,443,50468,,forward,20260823_170458_other_001_aa7d,Other
1787484956.454181,1386,6,UDP,443,50468,,forward,20260823_170458_other_001_aa7d,Other
1787484956.454181,1386,6,UDP,443,50468,,forward,20260823_170458_other_001_aa7d,Other
1787484956.454181,1386,6,UDP,443,50468,,forward,20260823_170458_other_001_aa7d,Other
1787484956.454181,1386,6,UDP,443,50468,,forward,20260823_170458_other_001_aa7d,Other
1787484956.454181,1386,6,UDP,443,50468,,forward,20260823_170458_other_001_aa7d,Other
1787484956.454181,1386,6,UDP,443,50468,,forward,20260823_170458_other_001_aa7d,Other
1787484956.454181,1386,6,UDP,443,50468,,forward,20260823_170458_other_001_aa7d,Other
1787484956.454181,1386,6,UDP,443,50468,,forward,20260823_170458_other_001_aa7d,Other
1787484956.454181,1386,6,UDP,443,50468,,forward,20260823_170458_other_001_aa7d,Other
1787484956.454181,1386,6,UDP,443,50468,,forward,20260823_170458_other_001_aa7d,Other
1787484956.454181,1386,6,UDP,443,50468,,forward,20260823_170458_other_001_aa7d,Other
1787484956.454181,1386,6,UDP,443,50468,,forward,20260823_170458_other_001_aa7d,Other
1787484956.454181,1386,6,UDP,443,50468,,forward,20260823_170458_other_001_aa7d,Other
1787484956.454181,1386,6,UDP,443,50468,,forward,20260823_170458_other_001_aa7d,Other
1787484956.454181,1386,6,UDP,443,50468,,forward,20260823_170458_other_001_aa7d,Other
1787484956.454181,1386,6,UDP,443,50468,,forward,20260823_170458_other_001_aa7d,Other
1787484956.454181,1386,6,UDP,443,50468,,forward,20260823_170458_other_001_aa7d,Other
1787484956.454181,1386,6,UDP,443,50468,,forward,20260823_170458_other_001_aa7d,Other
1787484956.454181,1386,6,UDP,443,50468,,forward,20260823_170458_other_001_aa7d,Other
1787484956.454181,1386,6,UDP,443,50468,,forward,20260823_170458_other_001_aa7d,Other
1787484956.454181,1386,6,UDP,443,50468,,forward,20260823_170458_other_001_aa7d,Other
1787484956.454181,1386,6,UDP,443,50468,,forward,20260823_170458_other_001_aa7d,Other
1787484956.454181,1386,6,UDP,443,50468,,forward,20260823_170458_other_001_aa7d,Other
1787484956.454181,1386,6,UDP,443,50468,,forward,20260823_170458_other_001_aa7d,Other
1787484956.454181,1386,6,UDP,443,50468,,forward,20260823_170458_other_001_aa7d,Other
1787484956.454181,1386,6,UDP,443,50468,,forward,20260823_170458_other_001_aa7d,Other
1787484956.454181,1386,6,UDP,443,50468,,forward,20260823_170458_other_001_aa7d,Other
1787484956.454181,1386,6,UDP,443,50468,,forward,20260823_170458_other_001_aa7d,Other
1787484956.454181,1386,6,UDP,443,50468,,forward,20260823_170458_other_001_aa7d,Other
1787484956.454181,1386,6,UDP,443,50468,,forward,20260823_170458_other_001_aa7d,Other
1787484956.454181,1386,6,UDP,443,50468,,forward,20260823_170458_other_001_aa7d,Other
1787484956.454181,1386,6,UDP,443,50468,,forward,20260823_170458_other_001_aa7d,Other
1787484956.454181,1386,6,UDP,443,50468,,forward,20260823_170458_other_001_aa7d,Other
1787484956.454181,1386,6,UDP,443,50468,,forward,20260823_170458_other_001_aa7d,Other
1787484956.454181,1386,6,UDP,443,50468,,forward,20260823_170458_other_001_aa7d,Other
1787484956.454181,1386,6,UDP,443,50468,,forward,20260823_170458_other_001_aa7d,Other
1787484956.454181,1386,6,UDP,443,50468,,forward,20260823_170458_other_001_aa7d,Other
1787484956.454181,1386,6,UDP,443,50468,,forward,20260823_170458_other_001_aa7d,Other
1787484956.454181,1386,6,UDP,443,50468,,forward,20260823_170458_other_001_aa7d,Other
1787484956.454181,1386,6,UDP,443,50468,,forward,20260823_170458_other_001_aa7d,Other
1787484956.454181,1386,6,UDP,443,50468,,forward,20260823_170458_other_001_aa7d,Other
1787484956.454181,1386,6,UDP,443,50468,,forward,20260823_170458_other_001_aa7d,Other
1787484956.454181,1386,6,UDP,443,50468,,forward,20260823_170458_other_001_aa7d,Other
1787484956.454181,1386,6,UDP,443,50468,,forward,20260823_170458_other_001_aa7d,Other
1787484956.454181,1386,6,UDP,443,50468,,forward,20260823_170458_other_001_aa7d,Other
1787484956.454181,1386,6,UDP,443,50468,,forward,20260823_170458_other_001_aa7d,Other
1787484956.454181,1386,6,UDP,443,50468,,forward,20260823_170458_other_001_aa7d,Other
1787484956.454181,1386,6,UDP,443,50468,,forward,20260823_170458_other_001_aa7d,Other
1787484956.454181,1386,6,UDP,443,50468,,forward,20260823_170458_other_001_aa7d,Other
1787484956.454181,1386,6,UDP,443,50468,,forward,20260823_170458_other_001_aa7d,Other
1787484956.454181,1386,6,UDP,443,50468,,forward,20260823_170458_other_001_aa7d,Other
1787484956.454181,1386,6,UDP,443,50468,,forward,20260823_170458_other_001_aa7d,Other
1787484956.454181,1386,6,UDP,443,50468,,forward,20260823_170458_other_001_aa7d,Other
1787484956.454181,1386,6,UDP,443,50468,,forward,20260823_170458_other_001_aa7d,Other
1787484956.454181,1386,6,UDP,443,50468,,forward,20260823_170458_other_001_aa7d,Other
1787484956.454181,109,6,UDP,443,50468,,forward,20260823_170458_other_001_aa7d,Other
1787484956.454181,109,6,UDP,443,50468,,forward,20260823_170458_other_001_aa7d,Other
1787484956.454181,109,6,UDP,443,50468,,forward,20260823_170458_other_001_aa7d,Other
1787484956.454181,1386,6,UDP,443,50468,,forward,20260823_170458_other_001_aa7d,Other
1787484956.454181,1386,6,UDP,443,50468,,forward,20260823_170458_other_001_aa7d,Other
1787484956.454181,1386,6,UDP,443,50468,,forward,20260823_170458_other_001_aa7d,Other
1787484956.454181,1386,6,UDP,443,50468,,forward,20260823_170458_other_001_aa7d,Other
1787484956.454181,1386,6,UDP,443,50468,,forward,20260823_170458_other_001_aa7d,Other
1787484956.454181,1386,6,UDP,443,50468,,forward,20260823_170458_other_001_aa7d,Other
1787484956.454181,1386,6,UDP,443,50468,,forward,20260823_170458_other_001_aa7d,Other
1787484956.454181,1386,6,UDP,443,50468,,forward,20260823_170458_other_001_aa7d,Other
1787484956.454181,1386,6,UDP,443,50468,,forward,20260823_170458_other_001_aa7d,Other
1787484956.454181,1386,6,UDP,443,50468,,forward,20260823_170458_other_001_aa7d,Other
1787484956.454181,1386,6,UDP,443,50468,,forward,20260823_170458_other_001_aa7d,Other
1787484956.454181,1386,6,UDP,443,50468,,forward,20260823_170458_other_001_aa7d,Other
1787484956.454181,1386,6,UDP,443,50468,,forward,20260823_170458_other_001_aa7d,Other
1787484956.454181,1386,6,UDP,443,50468,,forward,20260823_170458_other_001_aa7d,Other
1787484956.454181,1386,6,UDP,443,50468,,forward,20260823_170458_other_001_aa7d,Other
1787484956.454181,1386,6,UDP,443,50468,,forward,20260823_170458_other_001_aa7d,Other
1787484956.454181,1386,6,UDP,443,50468,,forward,20260823_170458_other_001_aa7d,Other
1787484956.454181,1386,6,UDP,443,50468,,forward,20260823_170458_other_001_aa7d,Other
1787484956.454181,1386,6,UDP,443,50468,,forward,20260823_170458_other_001_aa7d,Other
1787484956.454181,1386,6,UDP,443,50468,,forward,20260823_170458_other_001_aa7d,Other
1787484956.454181,1386,6,UDP,443,50468,,forward,20260823_170458_other_001_aa7d,Other
1787484956.454181,1386,6,UDP,443,50468,,forward,20260823_170458_other_001_aa7d,Other
1787484956.454181,1386,6,UDP,443,50468,,forward,20260823_170458_other_001_aa7d,Other
1787484956.454181,1386,6,UDP,443,50468,,forward,20260823_170458_other_001_aa7d,Other
1787484956.454181,1386,6,UDP,443,50468,,forward,20260823_170458_other_001_aa7d,Other
1787484956.454181,1386,6,UDP,443,50468,,forward,20260823_170458_other_001_aa7d,Other
1787484956.454181,1386,6,UDP,443,50468,,forward,20260823_170458_other_001_aa7d,Other
1787484956.454181,1386,6,UDP,443,50468,,forward,20260823_170458_other_001_aa7d,Other
1787484956.454181,1386,6,UDP,443,50468,,forward,20260823_170458_other_001_aa7d,Other
1787484956.454181,1386,6,UDP,443,50468,,forward,20260823_170458_other_001_aa7d,Other
1787484956.454181,1386,6,UDP,443,50468,,forward,20260823_170458_other_001_aa7d,Other
1787484956.454181,1386,6,UDP,443,50468,,forward,20260823_170458_other_001_aa7d,Other
1787484956.454181,1386,6,UDP,443,50468,,forward,20260823_170458_other_001_aa7d,Other
1787484956.454181,1386,6,UDP,443,50468,,forward,20260823_170458_other_001_aa7d,Other
1787484956.454181,1386,6,UDP,443,50468,,forward,20260823_170458_other_001_aa7d,Other
1787484956.454181,1386,6,UDP,443,50468,,forward,20260823_170458_other_001_aa7d,Other
1787484956.454181,1386,6,UDP,443,50468,,forward,20260823_170458_other_001_aa7d,Other
1787484956.454181,1386,6,UDP,443,50468,,forward,20260823_170458_other_001_aa7d,Other
1787484956.454181,1386,6,UDP,443,50468,,forward,20260823_170458_other_001_aa7d,Other
1787484956.454181,1386,6,UDP,443,50468,,forward,20260823_170458_other_001_aa7d,Other
1787484956.454181,1386,6,UDP,443,50468,,forward,20260823_170458_other_001_aa7d,Other
1787484956.454181,1386,6,UDP,443,50468,,forward,20260823_170458_other_001_aa7d,Other
1787484956.454181,1386,6,UDP,443,50468,,forward,20260823_170458_other_001_aa7d,Other
1787484956.454181,1386,6,UDP,443,50468,,forward,20260823_170458_other_001_aa7d,Other
1787484956.454181,1386,6,UDP,443,50468,,forward,20260823_170458_other_001_aa7d,Other
1787484956.454181,1386,6,UDP,443,50468,,forward,20260823_170458_other_001_aa7d,Other
1787484956.454181,1386,6,UDP,443,50468,,forward,20260823_170458_other_001_aa7d,Other
1787484956.455556,109,6,UDP,50468,443,,forward,20260823_170458_other_001_aa7d,Other
1787484956.455907,109,6,UDP,50468,443,,forward,20260823_170458_other_001_aa7d,Other
1787484956.455955,109,6,UDP,50468,443,,forward,20260823_170458_other_001_aa7d,Other
1787484956.455988,325,6,UDP,50468,443,,forward,20260823_170458_other_001_aa7d,Other
1787484956.456231,111,6,UDP,50468,443,,forward,20260823_170458_other_001_aa7d,Other
1787484956.456472,111,6,UDP,50468,443,,forward,20260823_170458_other_001_aa7d,Other
1787484956.456546,112,6,UDP,50468,443,,forward,20260823_170458_other_001_aa7d,Other
1787484956.456601,1405,6,UDP,50468,443,,forward,20260823_170458_other_001_aa7d,Other
1787484956.456799,370,6,UDP,50468,443,,forward,20260823_170458_other_001_aa7d,Other
1787484956.457218,1399,6,UDP,50468,443,,forward,20260823_170458_other_001_aa7d,Other
1787484956.457356,1411,6,UDP,50468,443,,forward,20260823_170458_other_001_aa7d,Other
1787484956.457409,157,6,UDP,50468,443,,forward,20260823_170458_other_001_aa7d,Other
1787484956.457456,1411,6,UDP,50468,443,,forward,20260823_170458_other_001_aa7d,Other
1787484956.457493,271,6,UDP,50468,443,,forward,20260823_170458_other_001_aa7d,Other
1787484956.464041,1386,6,UDP,443,50468,,forward,20260823_170458_other_001_aa7d,Other
1787484956.464041,1386,6,UDP,443,50468,,forward,20260823_170458_other_001_aa7d,Other
1787484956.464041,1386,6,UDP,443,50468,,forward,20260823_170458_other_001_aa7d,Other
1787484956.464041,1386,6,UDP,443,50468,,forward,20260823_170458_other_001_aa7d,Other
1787484956.464041,1386,6,UDP,443,50468,,forward,20260823_170458_other_001_aa7d,Other
1787484956.464041,1386,6,UDP,443,50468,,forward,20260823_170458_other_001_aa7d,Other
1787484956.464041,1386,6,UDP,443,50468,,forward,20260823_170458_other_001_aa7d,Other
1787484956.464041,1386,6,UDP,443,50468,,forward,20260823_170458_other_001_aa7d,Other
1787484956.464041,1386,6,UDP,443,50468,,forward,20260823_170458_other_001_aa7d,Other
1787484956.464041,1386,6,UDP,443,50468,,forward,20260823_170458_other_001_aa7d,Other
1787484956.464041,1386,6,UDP,443,50468,,forward,20260823_170458_other_001_aa7d,Other
1787484956.464041,1386,6,UDP,443,50468,,forward,20260823_170458_other_001_aa7d,Other
1787484956.464041,1386,6,UDP,443,50468,,forward,20260823_170458_other_001_aa7d,Other
1787484956.464041,1386,6,UDP,443,50468,,forward,20260823_170458_other_001_aa7d,Other
1787484956.464041,1386,6,UDP,443,50468,,forward,20260823_170458_other_001_aa7d,Other
1787484956.464041,1386,6,UDP,443,50468,,forward,20260823_170458_other_001_aa7d,Other
1787484956.464041,1386,6,UDP,443,50468,,forward,20260823_170458_other_001_aa7d,Other
1787484956.464041,1386,6,UDP,443,50468,,forward,20260823_170458_other_001_aa7d,Other
1787484956.464041,1386,6,UDP,443,50468,,forward,20260823_170458_other_001_aa7d,Other
1787484956.464041,1386,6,UDP,443,50468,,forward,20260823_170458_other_001_aa7d,Other
1787484956.464041,1386,6,UDP,443,50468,,forward,20260823_170458_other_001_aa7d,Other
1787484956.464041,1386,6,UDP,443,50468,,forward,20260823_170458_other_001_aa7d,Other
1787484956.464041,1386,6,UDP,443,50468,,forward,20260823_170458_other_001_aa7d,Other
1787484956.464041,1386,6,UDP,443,50468,,forward,20260823_170458_other_001_aa7d,Other
1787484956.464041,1386,6,UDP,443,50468,,forward,20260823_170458_other_001_aa7d,Other
1787484956.464041,1386,6,UDP,443,50468,,forward,20260823_170458_other_001_aa7d,Other
1787484956.464041,1386,6,UDP,443,50468,,forward,20260823_170458_other_001_aa7d,Other
1787484956.464041,1386,6,UDP,443,50468,,forward,20260823_170458_other_001_aa7d,Other
1787484956.464041,1386,6,UDP,443,50468,,forward,20260823_170458_other_001_aa7d,Other
1787484956.464041,1386,6,UDP,443,50468,,forward,20260823_170458_other_001_aa7d,Other
1787484956.464041,1386,6,UDP,443,50468,,forward,20260823_170458_other_001_aa7d,Other
1787484956.464041,1386,6,UDP,443,50468,,forward,20260823_170458_other_001_aa7d,Other
1787484956.464041,1386,6,UDP,443,50468,,forward,20260823_170458_other_001_aa7d,Other
1787484956.464041,1386,6,UDP,443,50468,,forward,20260823_170458_other_001_aa7d,Other
1787484956.464041,1386,6,UDP,443,50468,,forward,20260823_170458_other_001_aa7d,Other
1787484956.464041,1386,6,UDP,443,50468,,forward,20260823_170458_other_001_aa7d,Other
1787484956.464041,1386,6,UDP,443,50468,,forward,20260823_170458_other_001_aa7d,Other
1787484956.464041,1386,6,UDP,443,50468,,forward,20260823_170458_other_001_aa7d,Other
1787484956.464041,1386,6,UDP,443,50468,,forward,20260823_170458_other_001_aa7d,Other
1787484956.464041,1386,6,UDP,443,50468,,forward,20260823_170458_other_001_aa7d,Other
1787484956.464041,1386,6,UDP,443,50468,,forward,20260823_170458_other_001_aa7d,Other
1787484956.464041,1386,6,UDP,443,50468,,forward,20260823_170458_other_001_aa7d,Other
1787484956.464041,1386,6,UDP,443,50468,,forward,20260823_170458_other_001_aa7d,Other
1787484956.464041,1386,6,UDP,443,50468,,forward,20260823_170458_other_001_aa7d,Other
1787484956.464041,1386,6,UDP,443,50468,,forward,20260823_170458_other_001_aa7d,Other
1787484956.464041,1386,6,UDP,443,50468,,forward,20260823_170458_other_001_aa7d,Other
1787484956.464041,1386,6,UDP,443,50468,,forward,20260823_170458_other_001_aa7d,Other
1787484956.464041,1386,6,UDP,443,50468,,forward,20260823_170458_other_001_aa7d,Other
1787484956.464041,1386,6,UDP,443,50468,,forward,20260823_170458_other_001_aa7d,Other
1787484956.464041,1386,6,UDP,443,50468,,forward,20260823_170458_other_001_aa7d,Other
1787484956.464041,1386,6,UDP,443,50468,,forward,20260823_170458_other_001_aa7d,Other
1787484956.464041,1386,6,UDP,443,50468,,forward,20260823_170458_other_001_aa7d,Other
1787484956.464041,1386,6,UDP,443,50468,,forward,20260823_170458_other_001_aa7d,Other
1787484956.464041,1386,6,UDP,443,50468,,forward,20260823_170458_other_001_aa7d,Other
1787484956.464041,1386,6,UDP,443,50468,,forward,20260823_170458_other_001_aa7d,Other
1787484956.464041,1386,6,UDP,443,50468,,forward,20260823_170458_other_001_aa7d,Other
1787484956.464041,1386,6,UDP,443,50468,,forward,20260823_170458_other_001_aa7d,Other
1787484956.464041,1386,6,UDP,443,50468,,forward,20260823_170458_other_001_aa7d,Other
1787484956.464041,1386,6,UDP,443,50468,,forward,20260823_170458_other_001_aa7d,Other
1787484956.464041,1386,6,UDP,443,50468,,forward,20260823_170458_other_001_aa7d,Other
1787484956.464041,1386,6,UDP,443,50468,,forward,20260823_170458_other_001_aa7d,Other
1787484956.464041,1386,6,UDP,443,50468,,forward,20260823_170458_other_001_aa7d,Other
1787484956.464041,1386,6,UDP,443,50468,,forward,20260823_170458_other_001_aa7d,Other
1787484956.464041,1386,6,UDP,443,50468,,forward,20260823_170458_other_001_aa7d,Other
1787484956.464041,1386,6,UDP,443,50468,,forward,20260823_170458_other_001_aa7d,Other
1787484956.464041,1386,6,UDP,443,50468,,forward,20260823_170458_other_001_aa7d,Other
1787484956.464041,1386,6,UDP,443,50468,,forward,20260823_170458_other_001_aa7d,Other
1787484956.464041,1386,6,UDP,443,50468,,forward,20260823_170458_other_001_aa7d,Other
1787484956.464041,1386,6,UDP,443,50468,,forward,20260823_170458_other_001_aa7d,Other
1787484956.464041,1386,6,UDP,443,50468,,forward,20260823_170458_other_001_aa7d,Other
1787484956.464041,1386,6,UDP,443,50468,,forward,20260823_170458_other_001_aa7d,Other
1787484956.464041,1386,6,UDP,443,50468,,forward,20260823_170458_other_001_aa7d,Other
1787484956.464041,1386,6,UDP,443,50468,,forward,20260823_170458_other_001_aa7d,Other
1787484956.464041,1386,6,UDP,443,50468,,forward,20260823_170458_other_001_aa7d,Other
1787484956.464041,1386,6,UDP,443,50468,,forward,20260823_170458_other_001_aa7d,Other
1787484956.464041,1386,6,UDP,443,50468,,forward,20260823_170458_other_001_aa7d,Other
1787484956.464041,1386,6,UDP,443,50468,,forward,20260823_170458_other_001_aa7d,Other
1787484956.464041,336,6,UDP,443,50468,,forward,20260823_170458_other_001_aa7d,Other
1787484956.464041,109,6,UDP,443,50468,,forward,20260823_170458_other_001_aa7d,Other
1787484956.464041,109,6,UDP,443,50468,,forward,20260823_170458_other_001_aa7d,Other
1787484956.464833,112,6,UDP,50468,443,,forward,20260823_170458_other_001_aa7d,Other
1787484956.465011,112,6,UDP,50468,443,,forward,20260823_170458_other_001_aa7d,Other
1787484956.465085,112,6,UDP,50468,443,,forward,20260823_170458_other_001_aa7d,Other
1787484956.46513,1411,6,UDP,50468,443,,forward,20260823_170458_other_001_aa7d,Other
1787484956.465158,442,6,UDP,50468,443,,forward,20260823_170458_other_001_aa7d,Other
1787484956.465177,214,6,UDP,50468,443,,forward,20260823_170458_other_001_aa7d,Other
1787484956.465197,328,6,UDP,50468,443,,forward,20260823_170458_other_001_aa7d,Other
1787484956.465218,214,6,UDP,50468,443,,forward,20260823_170458_other_001_aa7d,Other
1787484956.465235,214,6,UDP,50468,443,,forward,20260823_170458_other_001_aa7d,Other
1787484956.465253,214,6,UDP,50468,443,,forward,20260823_170458_other_001_aa7d,Other
1787484956.465271,157,6,UDP,50468,443,,forward,20260823_170458_other_001_aa7d,Other
1787484956.46535,385,6,UDP,50468,443,,forward,20260823_170458_other_001_aa7d,Other
1787484956.465436,727,6,UDP,50468,443,,forward,20260823_170458_other_001_aa7d,Other
1787484956.465494,613,6,UDP,50468,443,,forward,20260823_170458_other_001_aa7d,Other
1787484956.465521,499,6,UDP,50468,443,,forward,20260823_170458_other_001_aa7d,Other
1787484956.465572,328,6,UDP,50468,443,,forward,20260823_170458_other_001_aa7d,Other
1787484956.486715,109,6,UDP,443,50468,,forward,20260823_170458_other_001_aa7d,Other
1787484956.486715,109,6,UDP,443,50468,,forward,20260823_170458_other_001_aa7d,Other
1787484956.486715,108,6,UDP,443,50468,,forward,20260823_170458_other_001_aa7d,Other
1787484956.495023,108,6,UDP,443,50468,,forward,20260823_170458_other_001_aa7d,Other
1787484956.495023,1385,6,UDP,443,50468,,forward,20260823_170458_other_001_aa7d,Other
1787484956.495023,1385,6,UDP,443,50468,,forward,20260823_170458_other_001_aa7d,Other
1787484956.495023,1385,6,UDP,443,50468,,forward,20260823_170458_other_001_aa7d,Other
1787484956.495023,1385,6,UDP,443,50468,,forward,20260823_170458_other_001_aa7d,Other
1787484956.495023,1385,6,UDP,443,50468,,forward,20260823_170458_other_001_aa7d,Other
1787484956.495023,1385,6,UDP,443,50468,,forward,20260823_170458_other_001_aa7d,Other
1787484956.495023,1385,6,UDP,443,50468,,forward,20260823_170458_other_001_aa7d,Other
1787484956.495023,1385,6,UDP,443,50468,,forward,20260823_170458_other_001_aa7d,Other
1787484956.495023,1385,6,UDP,443,50468,,forward,20260823_170458_other_001_aa7d,Other
1787484956.495023,1385,6,UDP,443,50468,,forward,20260823_170458_other_001_aa7d,Other
1787484956.495023,1385,6,UDP,443,50468,,forward,20260823_170458_other_001_aa7d,Other
1787484956.495023,1385,6,UDP,443,50468,,forward,20260823_170458_other_001_aa7d,Other
1787484956.495023,1385,6,UDP,443,50468,,forward,20260823_170458_other_001_aa7d,Other
1787484956.495023,1385,6,UDP,443,50468,,forward,20260823_170458_other_001_aa7d,Other
1787484956.495023,108,6,UDP,443,50468,,forward,20260823_170458_other_001_aa7d,Other
1787484956.495023,108,6,UDP,443,50468,,forward,20260823_170458_other_001_aa7d,Other
1787484956.495427,108,6,UDP,50468,443,,forward,20260823_170458_other_001_aa7d,Other
1787484956.495673,613,6,UDP,50468,443,,forward,20260823_170458_other_001_aa7d,Other
1787484956.495736,328,6,UDP,50468,443,,forward,20260823_170458_other_001_aa7d,Other
1787484956.495923,145,6,UDP,50468,443,,forward,20260823_170458_other_001_aa7d,Other
1787484956.525732,108,6,UDP,443,50468,,forward,20260823_170458_other_001_aa7d,Other
1787484956.530016,191,6,UDP,50468,443,,forward,20260823_170458_other_001_aa7d,Other
1787484956.530362,191,6,UDP,50468,443,,forward,20260823_170458_other_001_aa7d,Other
1787484956.530884,191,6,UDP,50468,443,,forward,20260823_170458_other_001_aa7d,Other
1787484956.530955,191,6,UDP,50468,443,,forward,20260823_170458_other_001_aa7d,Other
1787484956.559736,108,6,UDP,443,50468,,forward,20260823_170458_other_001_aa7d,Other
1787484956.559736,108,6,UDP,443,50468,,forward,20260823_170458_other_001_aa7d,Other
1787484956.559736,378,6,UDP,443,50468,,forward,20260823_170458_other_001_aa7d,Other
1787484956.559972,108,6,UDP,50468,443,,forward,20260823_170458_other_001_aa7d,Other
1787484956.560653,209,6,UDP,50468,443,,forward,20260823_170458_other_001_aa7d,Other
1787484956.57205,191,6,UDP,50468,443,,forward,20260823_170458_other_001_aa7d,Other
1787484956.572215,191,6,UDP,50468,443,,forward,20260823_170458_other_001_aa7d,Other
1787484956.57242,191,6,UDP,50468,443,,forward,20260823_170458_other_001_aa7d,Other
1787484956.572875,191,6,UDP,50468,443,,forward,20260823_170458_other_001_aa7d,Other
1787484956.577862,328,6,UDP,443,50468,,forward,20260823_170458_other_001_aa7d,Other
1787484956.577862,328,6,UDP,443,50468,,forward,20260823_170458_other_001_aa7d,Other
1787484956.577862,108,6,UDP,443,50468,,forward,20260823_170458_other_001_aa7d,Other
1787484956.577862,378,6,UDP,443,50468,,forward,20260823_170458_other_001_aa7d,Other
1787484956.578129,108,6,UDP,50468,443,,forward,20260823_170458_other_001_aa7d,Other
1787484956.578811,209,6,UDP,50468,443,,forward,20260823_170458_other_001_aa7d,Other
1787484956.593033,108,6,UDP,443,50468,,forward,20260823_170458_other_001_aa7d,Other
1787484956.593033,280,6,UDP,443,50468,,forward,20260823_170458_other_001_aa7d,Other
1787484956.593269,108,6,UDP,50468,443,,forward,20260823_170458_other_001_aa7d,Other
1787484956.594637,157,6,UDP,50468,443,,forward,20260823_170458_other_001_aa7d,Other
1787484956.603313,108,6,UDP,443,50468,,forward,20260823_170458_other_001_aa7d,Other
1787484956.603313,328,6,UDP,443,50468,,forward,20260823_170458_other_001_aa7d,Other
1787484956.603313,656,6,UDP,443,50468,,forward,20260823_170458_other_001_aa7d,Other
1787484956.603313,328,6,UDP,443,50468,,forward,20260823_170458_other_001_aa7d,Other
1787484956.603588,108,6,UDP,50468,443,,forward,20260823_170458_other_001_aa7d,Other
1787484956.619965,108,6,UDP,443,50468,,forward,20260823_170458_other_001_aa7d,Other
1787484956.619965,280,6,UDP,443,50468,,forward,20260823_170458_other_001_aa7d,Other
1787484956.620204,108,6,UDP,50468,443,,forward,20260823_170458_other_001_aa7d,Other
1787484956.627267,108,6,UDP,443,50468,,forward,20260823_170458_other_001_aa7d,Other
1787484956.659333,248,6,UDP,443,50468,,forward,20260823_170458_other_001_aa7d,Other
1787484956.659556,108,6,UDP,50468,443,,forward,20260823_170458_other_001_aa7d,Other
1787484956.65977,145,6,UDP,50468,443,,forward,20260823_170458_other_001_aa7d,Other
1787484956.693481,108,6,UDP,443,50468,,forward,20260823_170458_other_001_aa7d,Other
1787484956.693481,590,6,UDP,443,50468,,forward,20260823_170458_other_001_aa7d,Other
1787484956.693722,108,6,UDP,50468,443,,forward,20260823_170458_other_001_aa7d,Other
1787484956.694052,145,6,UDP,50468,443,,forward,20260823_170458_other_001_aa7d,Other
1787484956.725622,108,6,UDP,443,50468,,forward,20260823_170458_other_001_aa7d,Other
1787484956.871604,157,6,UDP,443,50468,,forward,20260823_170458_other_001_aa7d,Other
1787484956.872788,108,6,UDP,50468,443,,forward,20260823_170458_other_001_aa7d,Other
1787484956.873054,145,6,UDP,50468,443,,forward,20260823_170458_other_001_aa7d,Other
1787484956.874541,357,6,UDP,50468,443,,forward,20260823_170458_other_001_aa7d,Other
1787484956.907601,108,6,UDP,443,50468,,forward,20260823_170458_other_001_aa7d,Other
1787484956.907601,108,6,UDP,443,50468,,forward,20260823_170458_other_001_aa7d,Other
1787484956.907601,145,6,UDP,443,50468,,forward,20260823_170458_other_001_aa7d,Other
1787484956.907849,108,6,UDP,50468,443,,forward,20260823_170458_other_001_aa7d,Other
1787484957.022105,165,6,UDP,443,50468,,forward,20260823_170458_other_001_aa7d,Other
1787484957.022317,108,6,UDP,50468,443,,forward,20260823_170458_other_001_aa7d,Other
1787484957.022598,165,6,UDP,50468,443,,forward,20260823_170458_other_001_aa7d,Other
1787484957.054218,108,6,UDP,443,50468,,forward,20260823_170458_other_001_aa7d,Other
1787484957.150538,1385,6,UDP,443,50468,,forward,20260823_170458_other_001_aa7d,Other
1787484957.150538,1385,6,UDP,443,50468,,forward,20260823_170458_other_001_aa7d,Other
1787484957.150538,1385,6,UDP,443,50468,,forward,20260823_170458_other_001_aa7d,Other
1787484957.150538,717,6,UDP,443,50468,,forward,20260823_170458_other_001_aa7d,Other
1787484957.150793,108,6,UDP,50468,443,,forward,20260823_170458_other_001_aa7d,Other
1787484957.151074,190,6,UDP,50468,443,,forward,20260823_170458_other_001_aa7d,Other
1787484957.157153,303,6,UDP,50468,443,,forward,20260823_170458_other_001_aa7d,Other
1787484957.182382,108,6,UDP,443,50468,,forward,20260823_170458_other_001_aa7d,Other
1787484957.186336,108,6,UDP,443,50468,,forward,20260823_170458_other_001_aa7d,Other
1787484957.186336,145,6,UDP,443,50468,,forward,20260823_170458_other_001_aa7d,Other
1787484957.186591,108,6,UDP,50468,443,,forward,20260823_170458_other_001_aa7d,Other
1787484957.440745,196,6,UDP,443,50468,,forward,20260823_170458_other_001_aa7d,Other
1787484957.440963,108,6,UDP,50468,443,,forward,20260823_170458_other_001_aa7d,Other
1787484957.446036,232,6,UDP,50468,443,,forward,20260823_170458_other_001_aa7d,Other
1787484957.446201,1385,6,UDP,50468,443,,forward,20260823_170458_other_001_aa7d,Other
1787484957.44627,458,6,UDP,50468,443,,forward,20260823_170458_other_001_aa7d,Other
1787484957.446346,1385,6,UDP,50468,443,,forward,20260823_170458_other_001_aa7d,Other
1787484957.446366,1172,6,UDP,50468,443,,forward,20260823_170458_other_001_aa7d,Other
1787484957.476632,108,6,UDP,443,50468,,forward,20260823_170458_other_001_aa7d,Other
1787484957.476632,304,6,UDP,443,50468,,forward,20260823_170458_other_001_aa7d,Other
1787484957.476894,108,6,UDP,50468,443,,forward,20260823_170458_other_001_aa7d,Other
1787484957.47723,183,6,UDP,50468,443,,forward,20260823_170458_other_001_aa7d,Other
1787484957.508742,108,6,UDP,443,50468,,forward,20260823_170458_other_001_aa7d,Other
1787484957.549726,145,6,UDP,443,50468,,forward,20260823_170458_other_001_aa7d,Other
1787484957.549955,108,6,UDP,50468,443,,forward,20260823_170458_other_001_aa7d,Other
1787484957.723742,183,6,UDP,443,50468,,forward,20260823_170458_other_001_aa7d,Other
1787484957.723972,108,6,UDP,50468,443,,forward,20260823_170458_other_001_aa7d,Other
1787484957.77042,145,6,UDP,50468,443,,forward,20260823_170458_other_001_aa7d,Other
1787484957.803049,108,6,UDP,443,50468,,forward,20260823_170458_other_001_aa7d,Other
1787484958.008282,430,6,UDP,443,50468,,forward,20260823_170458_other_001_aa7d,Other
1787484958.008485,108,6,UDP,50468,443,,forward,20260823_170458_other_001_aa7d,Other
1787484958.013941,145,6,UDP,50468,443,,forward,20260823_170458_other_001_aa7d,Other
1787484958.055286,108,6,UDP,443,50468,,forward,20260823_170458_other_001_aa7d,Other
1787484958.055286,145,6,UDP,443,50468,,forward,20260823_170458_other_001_aa7d,Other
1787484958.055642,108,6,UDP,50468,443,,forward,20260823_170458_other_001_aa7d,Other
1787484958.055951,145,6,UDP,50468,443,,forward,20260823_170458_other_001_aa7d,Other
1787484958.085794,108,6,UDP,443,50468,,forward,20260823_170458_other_001_aa7d,Other
1787484958.303802,165,6,UDP,443,50468,,forward,20260823_170458_other_001_aa7d,Other
1787484958.30407,108,6,UDP,50468,443,,forward,20260823_170458_other_001_aa7d,Other
1787484958.304284,165,6,UDP,50468,443,,forward,20260823_170458_other_001_aa7d,Other
1787484958.335672,108,6,UDP,443,50468,,forward,20260823_170458_other_001_aa7d,Other
1787484958.708358,1182,6,UDP,50468,443,,forward,20260823_170458_other_001_aa7d,Other
1787484958.737064,108,6,UDP,443,50468,,forward,20260823_170458_other_001_aa7d,Other
1787484958.737064,145,6,UDP,443,50468,,forward,20260823_170458_other_001_aa7d,Other
1787484958.73729,108,6,UDP,50468,443,,forward,20260823_170458_other_001_aa7d,Other
1787484958.831857,104,6,UDP,50468,443,,forward,20260823_170458_other_001_aa7d,Other
1787484958.863997,108,6,UDP,443,50468,,forward,20260823_170458_other_001_aa7d,Other
1787484958.97554,589,6,UDP,443,50468,,forward,20260823_170458_other_001_aa7d,Other
1787484958.975757,108,6,UDP,50468,443,,forward,20260823_170458_other_001_aa7d,Other
1787484958.975935,145,6,UDP,50468,443,,forward,20260823_170458_other_001_aa7d,Other
1787484959.00547,108,6,UDP,443,50468,,forward,20260823_170458_other_001_aa7d,Other
1787484959.062027,145,6,UDP,443,50468,,forward,20260823_170458_other_001_aa7d,Other
1787484959.062252,108,6,UDP,50468,443,,forward,20260823_170458_other_001_aa7d,Other
1787484959.062496,145,6,UDP,50468,443,,forward,20260823_170458_other_001_aa7d,Other
1787484959.094129,108,6,UDP,443,50468,,forward,20260823_170458_other_001_aa7d,Other
1787484959.861581,86,6,OTHER,0,0,,forward,20260823_170458_other_001_aa7d,Other
1787484959.877199,78,6,OTHER,0,0,,forward,20260823_170458_other_001_aa7d,Other
1787484960.098201,165,6,UDP,443,50468,,forward,20260823_170458_other_001_aa7d,Other
1787484960.098201,165,6,UDP,443,50468,,forward,20260823_170458_other_001_aa7d,Other
1787484960.09858,108,6,UDP,50468,443,,forward,20260823_170458_other_001_aa7d,Other
1787484960.098731,230,6,UDP,50468,443,,forward,20260823_170458_other_001_aa7d,Other
1787484960.129931,108,6,UDP,443,50468,,forward,20260823_170458_other_001_aa7d,Other
1787484960.909594,191,6,UDP,50468,443,,forward,20260823_170458_other_001_aa7d,Other
1787484960.909952,191,6,UDP,50468,443,,forward,20260823_170458_other_001_aa7d,Other
1787484960.939326,108,6,UDP,443,50468,,forward,20260823_170458_other_001_aa7d,Other
1787484960.940342,191,6,UDP,50468,443,,forward,20260823_170458_other_001_aa7d,Other
1787484960.948808,378,6,UDP,443,50468,,forward,20260823_170458_other_001_aa7d,Other
1787484960.948808,378,6,UDP,443,50468,,forward,20260823_170458_other_001_aa7d,Other
1787484960.949051,108,6,UDP,50468,443,,forward,20260823_170458_other_001_aa7d,Other
1787484960.949882,209,6,UDP,50468,443,,forward,20260823_170458_other_001_aa7d,Other
1787484960.949961,209,6,UDP,50468,443,,forward,20260823_170458_other_001_aa7d,Other
1787484960.956385,191,6,UDP,50468,443,,forward,20260823_170458_other_001_aa7d,Other
1787484960.970881,108,6,UDP,443,50468,,forward,20260823_170458_other_001_aa7d,Other
1787484960.970881,378,6,UDP,443,50468,,forward,20260823_170458_other_001_aa7d,Other
1787484960.971086,108,6,UDP,50468,443,,forward,20260823_170458_other_001_aa7d,Other
1787484960.971819,209,6,UDP,50468,443,,forward,20260823_170458_other_001_aa7d,Other
1787484960.982123,108,6,UDP,443,50468,,forward,20260823_170458_other_001_aa7d,Other
1787484960.985916,280,6,UDP,443,50468,,forward,20260823_170458_other_001_aa7d,Other
1787484960.985916,280,6,UDP,443,50468,,forward,20260823_170458_other_001_aa7d,Other
1787484960.985916,108,6,UDP,443,50468,,forward,20260823_170458_other_001_aa7d,Other
1787484960.985916,378,6,UDP,443,50468,,forward,20260823_170458_other_001_aa7d,Other
1787484960.986247,108,6,UDP,50468,443,,forward,20260823_170458_other_001_aa7d,Other
1787484961.015718,108,6,UDP,443,50468,,forward,20260823_170458_other_001_aa7d,Other
