timestamp,packet_length,ip_version,protocol,source_port,destination_port,tcp_flags,direction,session_id,traffic_class
1787484610.366871,137,6,UDP,50468,443,,forward,20260823_170006_other_001_2088,Other
1787484610.367057,356,6,UDP,50468,443,,forward,20260823_170006_other_001_2088,Other
1787484610.398317,108,6,UDP,443,50468,,forward,20260823_170006_other_001_2088,Other
1787484610.398317,528,6,UDP,443,50468,,forward,20260823_170006_other_001_2088,Other
1787484610.398547,108,6,UDP,50468,443,,forward,20260823_170006_other_001_2088,Other
1787484610.827707,104,6,UDP,50468,443,,forward,20260823_170006_other_001_2088,Other
1787484610.859469,108,6,UDP,443,50468,,forward,20260823_170006_other_001_2088,Other
1787484611.923136,145,6,UDP,443,50468,,forward,20260823_170006_other_001_2088,Other
1787484611.923827,108,6,UDP,50468,443,,forward,20260823_170006_other_001_2088,Other
1787484611.924627,145,6,UDP,50468,443,,forward,20260823_170006_other_001_2088,Other
1787484611.954576,108,6,UDP,443,50468,,forward,20260823_170006_other_001_2088,Other
1787484612.145589,378,6,UDP,443,50468,,forward,20260823_170006_other_001_2088,Other
1787484612.14615,108,6,UDP,50468,443,,forward,20260823_170006_other_001_2088,Other
1787484612.146946,300,6,UDP,50468,443,,forward,20260823_170006_other_001_2088,Other
1787484612.177596,108,6,UDP,443,50468,,forward,20260823_170006_other_001_2088,Other
1787484612.177596,165,6,UDP,443,50468,,forward,20260823_170006_other_001_2088,Other
1787484612.178472,108,6,UDP,50468,443,,forward,20260823_170006_other_001_2088,Other
1787484614.483476,145,6,UDP,443,50468,,forward,20260823_170006_other_001_2088,Other
1787484614.484077,108,6,UDP,50468,443,,forward,20260823_170006_other_001_2088,Other
1787484614.48437,145,6,UDP,50468,443,,forward,20260823_170006_other_001_2088,Other
1787484614.514843,108,6,UDP,443,50468,,forward,20260823_170006_other_001_2088,Other
1787484614.51539,190,6,UDP,50468,443,,forward,20260823_170006_other_001_2088,Other
1787484614.54434,108,6,UDP,443,50468,,forward,20260823_170006_other_001_2088,Other
1787484614.54434,145,6,UDP,443,50468,,forward,20260823_170006_other_001_2088,Other
1787484614.544576,108,6,UDP,50468,443,,forward,20260823_170006_other_001_2088,Other
1787484614.832233,104,6,UDP,50468,443,,forward,20260823_170006_other_001_2088,Other
1787484614.847536,86,6,OTHER,0,0,,forward,20260823_170006_other_001_2088,Other
1787484614.862591,78,6,OTHER,0,0,,forward,20260823_170006_other_001_2088,Other
1787484614.862591,108,6,UDP,443,50468,,forward,20260823_170006_other_001_2088,Other
1787484615.005073,145,6,UDP,443,50468,,forward,20260823_170006_other_001_2088,Other
1787484615.005073,190,6,UDP,443,50468,,forward,20260823_170006_other_001_2088,Other
1787484615.005073,145,6,UDP,443,50468,,forward,20260823_170006_other_001_2088,Other
1787484615.005073,235,6,UDP,443,50468,,forward,20260823_170006_other_001_2088,Other
1787484615.005073,190,6,UDP,443,50468,,forward,20260823_170006_other_001_2088,Other
1787484615.005073,145,6,UDP,443,50468,,forward,20260823_170006_other_001_2088,Other
1787484615.005073,190,6,UDP,443,50468,,forward,20260823_170006_other_001_2088,Other
1787484615.005073,145,6,UDP,443,50468,,forward,20260823_170006_other_001_2088,Other
1787484615.005601,108,6,UDP,50468,443,,forward,20260823_170006_other_001_2088,Other
1787484615.007547,415,6,UDP,50468,443,,forward,20260823_170006_other_001_2088,Other
1787484615.007647,370,6,UDP,50468,443,,forward,20260823_170006_other_001_2088,Other
1787484615.039726,108,6,UDP,443,50468,,forward,20260823_170006_other_001_2088,Other
1787484615.039726,108,6,UDP,443,50468,,forward,20260823_170006_other_001_2088,Other
1787484615.506289,145,6,UDP,443,50468,,forward,20260823_170006_other_001_2088,Other
1787484615.506289,190,6,UDP,443,50468,,forward,20260823_170006_other_001_2088,Other
1787484615.506579,108,6,UDP,50468,443,,forward,20260823_170006_other_001_2088,Other
1787484615.50683,235,6,UDP,50468,443,,forward,20260823_170006_other_001_2088,Other
1787484615.539041,108,6,UDP,443,50468,,forward,20260823_170006_other_001_2088,Other
1787484616.020293,165,6,UDP,443,50468,,forward,20260823_170006_other_001_2088,Other
1787484616.020495,108,6,UDP,50468,443,,forward,20260823_170006_other_001_2088,Other
1787484616.022225,165,6,UDP,50468,443,,forward,20260823_170006_other_001_2088,Other
1787484616.050735,108,6,UDP,443,50468,,forward,20260823_170006_other_001_2088,Other
1787484616.7887,165,6,UDP,443,50468,,forward,20260823_170006_other_001_2088,Other
1787484616.788919,108,6,UDP,50468,443,,forward,20260823_170006_other_001_2088,Other
1787484616.789188,165,6,UDP,50468,443,,forward,20260823_170006_other_001_2088,Other
1787484616.823338,108,6,UDP,443,50468,,forward,20260823_170006_other_001_2088,Other
1787484617.462963,594,6,UDP,443,50468,,forward,20260823_170006_other_001_2088,Other
1787484617.463646,108,6,UDP,50468,443,,forward,20260823_170006_other_001_2088,Other
1787484617.518099,145,6,UDP,50468,443,,forward,20260823_170006_other_001_2088,Other
1787484617.557487,108,6,UDP,443,50468,,forward,20260823_170006_other_001_2088,Other
1787484618.828915,104,6,UDP,50468,443,,forward,20260823_170006_other_001_2088,Other
1787484618.860243,108,6,UDP,443,50468,,forward,20260823_170006_other_001_2088,Other
1787484619.090727,165,6,UDP,443,50468,,forward,20260823_170006_other_001_2088,Other
1787484619.09091,108,6,UDP,50468,443,,forward,20260823_170006_other_001_2088,Other
1787484619.091122,165,6,UDP,50468,443,,forward,20260823_170006_other_001_2088,Other
1787484619.124296,108,6,UDP,443,50468,,forward,20260823_170006_other_001_2088,Other
1787484619.606871,165,6,UDP,443,50468,,forward,20260823_170006_other_001_2088,Other
1787484619.607199,108,6,UDP,50468,443,,forward,20260823_170006_other_001_2088,Other
1787484619.60742,165,6,UDP,50468,443,,forward,20260823_170006_other_001_2088,Other
1787484619.63743,108,6,UDP,443,50468,,forward,20260823_170006_other_001_2088,Other
1787484619.855235,86,6,OTHER,0,0,,forward,20260823_170006_other_001_2088,Other
1787484619.855297,86,6,OTHER,0,0,,forward,20260823_170006_other_001_2088,Other
1787484620.116159,165,6,UDP,443,50468,,forward,20260823_170006_other_001_2088,Other
1787484620.116501,108,6,UDP,50468,443,,forward,20260823_170006_other_001_2088,Other
1787484620.116658,165,6,UDP,50468,443,,forward,20260823_170006_other_001_2088,Other
1787484620.148659,108,6,UDP,443,50468,,forward,20260823_170006_other_001_2088,Other
1787484621.652641,165,6,UDP,443,50468,,forward,20260823_170006_other_001_2088,Other
1787484621.652871,108,6,UDP,50468,443,,forward,20260823_170006_other_001_2088,Other
1787484621.653098,165,6,UDP,50468,443,,forward,20260823_170006_other_001_2088,Other
1787484621.682792,108,6,UDP,443,50468,,forward,20260823_170006_other_001_2088,Other
1787484621.907696,145,6,UDP,443,50468,,forward,20260823_170006_other_001_2088,Other
1787484621.907917,108,6,UDP,50468,443,,forward,20260823_170006_other_001_2088,Other
1787484621.908165,145,6,UDP,50468,443,,forward,20260823_170006_other_001_2088,Other
1787484621.940693,108,6,UDP,443,50468,,forward,20260823_170006_other_001_2088,Other
1787484622.136973,341,6,UDP,443,50468,,forward,20260823_170006_other_001_2088,Other
1787484622.137358,108,6,UDP,50468,443,,forward,20260823_170006_other_001_2088,Other
1787484622.137789,300,6,UDP,50468,443,,forward,20260823_170006_other_001_2088,Other
1787484622.170243,165,6,UDP,443,50468,,forward,20260823_170006_other_001_2088,Other
1787484622.170243,108,6,UDP,443,50468,,forward,20260823_170006_other_001_2088,Other
1787484622.170243,165,6,UDP,443,50468,,forward,20260823_170006_other_001_2088,Other
1787484622.17046,108,6,UDP,50468,443,,forward,20260823_170006_other_001_2088,Other
1787484622.170808,165,6,UDP,50468,443,,forward,20260823_170006_other_001_2088,Other
1787484622.202348,108,6,UDP,443,50468,,forward,20260823_170006_other_001_2088,Other
1787484622.726471,189,6,UDP,443,50468,,forward,20260823_170006_other_001_2088,Other
1787484622.726817,108,6,UDP,50468,443,,forward,20260823_170006_other_001_2088,Other
1787484622.727194,193,6,UDP,50468,443,,forward,20260823_170006_other_001_2088,Other
1787484622.76232,108,6,UDP,443,50468,,forward,20260823_170006_other_001_2088,Other
1787484622.76232,165,6,UDP,443,50468,,forward,20260823_170006_other_001_2088,Other
1787484622.762716,108,6,UDP,50468,443,,forward,20260823_170006_other_001_2088,Other
1787484622.826547,104,6,UDP,50468,443,,forward,20260823_170006_other_001_2088,Other
1787484622.857918,108,6,UDP,443,50468,,forward,20260823_170006_other_001_2088,Other
1787484623.036343,1385,6,UDP,50468,443,,forward,20260823_170006_other_001_2088,Other
1787484623.036431,1385,6,UDP,50468,443,,forward,20260823_170006_other_001_2088,Other
1787484623.036459,1385,6,UDP,50468,443,,forward,20260823_170006_other_001_2088,Other
1787484623.036482,1385,6,UDP,50468,443,,forward,20260823_170006_other_001_2088,Other
1787484623.036509,1385,6,UDP,50468,443,,forward,20260823_170006_other_001_2088,Other
1787484623.036544,832,6,UDP,50468,443,,forward,20260823_170006_other_001_2088,Other
1787484623.036572,1385,6,UDP,50468,443,,forward,20260823_170006_other_001_2088,Other
1787484623.0366,1385,6,UDP,50468,443,,forward,20260823_170006_other_001_2088,Other
1787484623.03663,476,6,UDP,50468,443,,forward,20260823_170006_other_001_2088,Other
1787484623.078903,108,6,UDP,443,50468,,forward,20260823_170006_other_001_2088,Other
1787484623.078903,108,6,UDP,443,50468,,forward,20260823_170006_other_001_2088,Other
1787484623.078903,108,6,UDP,443,50468,,forward,20260823_170006_other_001_2088,Other
1787484623.078903,295,6,UDP,443,50468,,forward,20260823_170006_other_001_2088,Other
1787484623.078903,555,6,UDP,443,50468,,forward,20260823_170006_other_001_2088,Other
1787484623.078903,204,6,UDP,443,50468,,forward,20260823_170006_other_001_2088,Other
1787484623.079294,108,6,UDP,50468,443,,forward,20260823_170006_other_001_2088,Other
1787484623.127963,165,6,UDP,50468,443,,forward,20260823_170006_other_001_2088,Other
1787484623.172482,108,6,UDP,443,50468,,forward,20260823_170006_other_001_2088,Other
1787484623.172482,618,6,UDP,443,50468,,forward,20260823_170006_other_001_2088,Other
1787484623.172701,108,6,UDP,50468,443,,forward,20260823_170006_other_001_2088,Other
1787484623.173898,200,6,UDP,50468,443,,forward,20260823_170006_other_001_2088,Other
1787484623.202432,108,6,UDP,443,50468,,forward,20260823_170006_other_001_2088,Other
1787484623.249938,165,6,UDP,443,50468,,forward,20260823_170006_other_001_2088,Other
1787484623.25014,108,6,UDP,50468,443,,forward,20260823_170006_other_001_2088,Other
1787484623.553386,1385,6,UDP,50468,443,,forward,20260823_170006_other_001_2088,Other
1787484623.553485,1385,6,UDP,50468,443,,forward,20260823_170006_other_001_2088,Other
1787484623.553522,1385,6,UDP,50468,443,,forward,20260823_170006_other_001_2088,Other
1787484623.553548,1385,6,UDP,50468,443,,forward,20260823_170006_other_001_2088,Other
1787484623.553573,1385,6,UDP,50468,443,,forward,20260823_170006_other_001_2088,Other
1787484623.553607,1385,6,UDP,50468,443,,forward,20260823_170006_other_001_2088,Other
1787484623.553633,1385,6,UDP,50468,443,,forward,20260823_170006_other_001_2088,Other
1787484623.55366,1385,6,UDP,50468,443,,forward,20260823_170006_other_001_2088,Other
1787484623.55369,1385,6,UDP,50468,443,,forward,20260823_170006_other_001_2088,Other
1787484623.553727,1385,6,UDP,50468,443,,forward,20260823_170006_other_001_2088,Other
1787484623.553757,1385,6,UDP,50468,443,,forward,20260823_170006_other_001_2088,Other
1787484623.553787,1385,6,UDP,50468,443,,forward,20260823_170006_other_001_2088,Other
1787484623.553817,1385,6,UDP,50468,443,,forward,20260823_170006_other_001_2088,Other
1787484623.553848,711,6,UDP,50468,443,,forward,20260823_170006_other_001_2088,Other
1787484623.553881,1385,6,UDP,50468,443,,forward,20260823_170006_other_001_2088,Other
1787484623.553914,291,6,UDP,50468,443,,forward,20260823_170006_other_001_2088,Other
1787484623.585864,108,6,UDP,443,50468,,forward,20260823_170006_other_001_2088,Other
1787484623.585864,165,6,UDP,443,50468,,forward,20260823_170006_other_001_2088,Other
1787484623.585864,108,6,UDP,443,50468,,forward,20260823_170006_other_001_2088,Other
1787484623.585864,750,6,UDP,443,50468,,forward,20260823_170006_other_001_2088,Other
1787484623.586146,108,6,UDP,50468,443,,forward,20260823_170006_other_001_2088,Other
1787484623.597507,108,6,UDP,443,50468,,forward,20260823_170006_other_001_2088,Other
1787484623.597507,108,6,UDP,443,50468,,forward,20260823_170006_other_001_2088,Other
1787484623.597507,165,6,UDP,443,50468,,forward,20260823_170006_other_001_2088,Other
1787484623.597507,360,6,UDP,443,50468,,forward,20260823_170006_other_001_2088,Other
1787484623.59772,108,6,UDP,50468,443,,forward,20260823_170006_other_001_2088,Other
1787484623.754715,621,6,UDP,443,50468,,forward,20260823_170006_other_001_2088,Other
1787484623.754904,108,6,UDP,50468,443,,forward,20260823_170006_other_001_2088,Other
1787484623.802779,165,6,UDP,50468,443,,forward,20260823_170006_other_001_2088,Other
1787484623.833486,108,6,UDP,443,50468,,forward,20260823_170006_other_001_2088,Other
1787484623.833486,196,6,UDP,443,50468,,forward,20260823_170006_other_001_2088,Other
1787484623.833737,108,6,UDP,50468,443,,forward,20260823_170006_other_001_2088,Other
1787484623.887234,165,6,UDP,50468,443,,forward,20260823_170006_other_001_2088,Other
1787484623.921693,108,6,UDP,443,50468,,forward,20260823_170006_other_001_2088,Other
1787484625.370116,137,6,UDP,50468,443,,forward,20260823_170006_other_001_2088,Other
1787484625.370257,356,6,UDP,50468,443,,forward,20260823_170006_other_001_2088,Other
1787484625.40078,108,6,UDP,443,50468,,forward,20260823_170006_other_001_2088,Other
1787484625.40078,528,6,UDP,443,50468,,forward,20260823_170006_other_001_2088,Other
1787484625.401568,108,6,UDP,50468,443,,forward,20260823_170006_other_001_2088,Other
1787484626.257407,145,6,UDP,443,50468,,forward,20260823_170006_other_001_2088,Other
1787484626.257646,108,6,UDP,50468,443,,forward,20260823_170006_other_001_2088,Other
1787484626.258088,145,6,UDP,50468,443,,forward,20260823_170006_other_001_2088,Other
1787484626.289375,108,6,UDP,443,50468,,forward,20260823_170006_other_001_2088,Other
1787484626.542984,165,6,UDP,443,50468,,forward,20260823_170006_other_001_2088,Other
1787484626.543317,108,6,UDP,50468,443,,forward,20260823_170006_other_001_2088,Other
1787484626.543631,165,6,UDP,50468,443,,forward,20260823_170006_other_001_2088,Other
1787484626.544074,165,6,UDP,50468,443,,forward,20260823_170006_other_001_2088,Other
1787484626.573973,108,6,UDP,443,50468,,forward,20260823_170006_other_001_2088,Other
1787484626.573973,165,6,UDP,443,50468,,forward,20260823_170006_other_001_2088,Other
1787484626.574266,108,6,UDP,50468,443,,forward,20260823_170006_other_001_2088,Other
1787484626.826221,104,6,UDP,50468,443,,forward,20260823_170006_other_001_2088,Other
1787484626.857527,108,6,UDP,443,50468,,forward,20260823_170006_other_001_2088,Other
1787484627.619123,594,6,UDP,443,50468,,forward,20260823_170006_other_001_2088,Other
1787484627.619297,108,6,UDP,50468,443,,forward,20260823_170006_other_001_2088,Other
1787484627.672918,145,6,UDP,50468,443,,forward,20260823_170006_other_001_2088,Other
1787484627.712617,108,6,UDP,443,50468,,forward,20260823_170006_other_001_2088,Other
1787484628.825333,145,6,UDP,443,50468,,forward,20260823_170006_other_001_2088,Other
1787484628.82568,108,6,UDP,50468,443,,forward,20260823_170006_other_001_2088,Other
1787484628.826945,145,6,UDP,50468,443,,forward,20260823_170006_other_001_2088,Other
1787484628.856914,108,6,UDP,443,50468,,forward,20260823_170006_other_001_2088,Other
1787484629.331849,145,6,UDP,443,50468,,forward,20260823_170006_other_001_2088,Other
1787484629.331849,235,6,UDP,443,50468,,forward,20260823_170006_other_001_2088,Other
1787484629.331849,235,6,UDP,443,50468,,forward,20260823_170006_other_001_2088,Other
1787484629.331849,145,6,UDP,443,50468,,forward,20260823_170006_other_001_2088,Other
1787484629.331849,145,6,UDP,443,50468,,forward,20260823_170006_other_001_2088,Other
1787484629.331849,280,6,UDP,443,50468,,forward,20260823_170006_other_001_2088,Other
1787484629.332157,108,6,UDP,50468,443,,forward,20260823_170006_other_001_2088,Other
1787484629.332292,190,6,UDP,50468,443,,forward,20260823_170006_other_001_2088,Other
1787484629.332362,325,6,UDP,50468,443,,forward,20260823_170006_other_001_2088,Other
1787484629.332406,235,6,UDP,50468,443,,forward,20260823_170006_other_001_2088,Other
1787484629.332444,190,6,UDP,50468,443,,forward,20260823_170006_other_001_2088,Other
1787484629.332477,145,6,UDP,50468,443,,forward,20260823_170006_other_001_2088,Other
1787484629.364788,108,6,UDP,443,50468,,forward,20260823_170006_other_001_2088,Other
1787484629.843002,145,6,UDP,443,50468,,forward,20260823_170006_other_001_2088,Other
1787484629.843002,145,6,UDP,443,50468,,forward,20260823_170006_other_001_2088,Other
1787484629.843002,145,6,UDP,443,50468,,forward,20260823_170006_other_001_2088,Other
1787484629.843216,108,6,UDP,50468,443,,forward,20260823_170006_other_001_2088,Other
1787484629.844591,235,6,UDP,50468,443,,forward,20260823_170006_other_001_2088,Other
1787484629.885747,108,6,UDP,443,50468,,forward,20260823_170006_other_001_2088,Other
1787484630.367575,165,6,UDP,443,50468,,forward,20260823_170006_other_001_2088,Other
1787484630.367793,108,6,UDP,50468,443,,forward,20260823_170006_other_001_2088,Other
1787484630.368072,165,6,UDP,50468,443,,forward,20260823_170006_other_001_2088,Other
1787484630.413579,108,6,UDP,443,50468,,forward,20260823_170006_other_001_2088,Other
1787484630.828061,104,6,UDP,50468,443,,forward,20260823_170006_other_001_2088,Other
1787484630.859215,108,6,UDP,443,50468,,forward,20260823_170006_other_001_2088,Other
1787484632.142905,241,6,UDP,443,50468,,forward,20260823_170006_other_001_2088,Other
1787484632.143097,108,6,UDP,50468,443,,forward,20260823_170006_other_001_2088,Other
1787484632.14361,300,6,UDP,50468,443,,forward,20260823_170006_other_001_2088,Other
1787484632.172966,108,6,UDP,443,50468,,forward,20260823_170006_other_001_2088,Other
1787484632.172966,165,6,UDP,443,50468,,forward,20260823_170006_other_001_2088,Other
1787484632.173172,108,6,UDP,50468,443,,forward,20260823_170006_other_001_2088,Other
1787484633.948211,165,6,UDP,443,50468,,forward,20260823_170006_other_001_2088,Other
1787484633.948408,108,6,UDP,50468,443,,forward,20260823_170006_other_001_2088,Other
1787484633.948585,165,6,UDP,50468,443,,forward,20260823_170006_other_001_2088,Other
1787484633.979201,108,6,UDP,443,50468,,forward,20260823_170006_other_001_2088,Other
1787484634.454816,165,6,UDP,443,50468,,forward,20260823_170006_other_001_2088,Other
1787484634.455091,108,6,UDP,50468,443,,forward,20260823_170006_other_001_2088,Other
1787484634.455243,165,6,UDP,50468,443,,forward,20260823_170006_other_001_2088,Other
1787484634.486697,108,6,UDP,443,50468,,forward,20260823_170006_other_001_2088,Other
1787484634.837276,104,6,UDP,50468,443,,forward,20260823_170006_other_001_2088,Other
1787484634.868279,108,6,UDP,443,50468,,forward,20260823_170006_other_001_2088,Other
1787484635.994506,165,6,UDP,443,50468,,forward,20260823_170006_other_001_2088,Other
1787484635.994506,145,6,UDP,443,50468,,forward,20260823_170006_other_001_2088,Other
1787484635.995161,108,6,UDP,50468,443,,forward,20260823_170006_other_001_2088,Other
1787484635.997238,210,6,UDP,50468,443,,forward,20260823_170006_other_001_2088,Other
1787484636.040021,108,6,UDP,443,50468,,forward,20260823_170006_other_001_2088,Other
1787484636.488666,157,6,UDP,50468,443,,forward,20260823_170006_other_001_2088,Other
1787484636.533269,108,6,UDP,443,50468,,forward,20260823_170006_other_001_2088,Other
1787484636.78765,157,6,UDP,443,50468,,forward,20260823_170006_other_001_2088,Other
1787484636.787952,108,6,UDP,50468,443,,forward,20260823_170006_other_001_2088,Other
1787484636.788339,145,6,UDP,50468,443,,forward,20260823_170006_other_001_2088,Other
1787484636.791506,871,6,UDP,50468,443,,forward,20260823_170006_other_001_2088,Other
1787484636.833655,108,6,UDP,443,50468,,forward,20260823_170006_other_001_2088,Other
1787484636.833655,108,6,UDP,443,50468,,forward,20260823_170006_other_001_2088,Other
1787484636.833655,145,6,UDP,443,50468,,forward,20260823_170006_other_001_2088,Other
1787484636.83395,108,6,UDP,50468,443,,forward,20260823_170006_other_001_2088,Other
1787484636.983389,1385,6,UDP,50468,443,,forward,20260823_170006_other_001_2088,Other
1787484636.983485,1385,6,UDP,50468,443,,forward,20260823_170006_other_001_2088,Other
1787484636.983525,1385,6,UDP,50468,443,,forward,20260823_170006_other_001_2088,Other
1787484636.983558,1385,6,UDP,50468,443,,forward,20260823_170006_other_001_2088,Other
1787484636.983588,1385,6,UDP,50468,443,,forward,20260823_170006_other_001_2088,Other
1787484636.983628,1385,6,UDP,50468,443,,forward,20260823_170006_other_001_2088,Other
1787484636.983666,1276,6,UDP,50468,443,,forward,20260823_170006_other_001_2088,Other
1787484636.983698,1385,6,UDP,50468,443,,forward,20260823_170006_other_001_2088,Other
1787484636.983732,334,6,UDP,50468,443,,forward,20260823_170006_other_001_2088,Other
1787484637.023716,165,6,UDP,443,50468,,forward,20260823_170006_other_001_2088,Other
1787484637.023716,108,6,UDP,443,50468,,forward,20260823_170006_other_001_2088,Other
1787484637.023716,165,6,UDP,443,50468,,forward,20260823_170006_other_001_2088,Other
1787484637.023716,108,6,UDP,443,50468,,forward,20260823_170006_other_001_2088,Other
1787484637.023716,108,6,UDP,443,50468,,forward,20260823_170006_other_001_2088,Other
1787484637.023716,230,6,UDP,443,50468,,forward,20260823_170006_other_001_2088,Other
1787484637.023716,108,6,UDP,443,50468,,forward,20260823_170006_other_001_2088,Other
1787484637.023716,230,6,UDP,443,50468,,forward,20260823_170006_other_001_2088,Other
1787484637.023716,295,6,UDP,443,50468,,forward,20260823_170006_other_001_2088,Other
1787484637.023716,204,6,UDP,443,50468,,forward,20260823_170006_other_001_2088,Other
1787484637.023994,108,6,UDP,50468,443,,forward,20260823_170006_other_001_2088,Other
1787484637.024237,165,6,UDP,50468,443,,forward,20260823_170006_other_001_2088,Other
1787484637.054292,108,6,UDP,443,50468,,forward,20260823_170006_other_001_2088,Other
1787484637.071166,165,6,UDP,50468,443,,forward,20260823_170006_other_001_2088,Other
1787484637.101184,386,6,UDP,443,50468,,forward,20260823_170006_other_001_2088,Other
1787484637.101184,108,6,UDP,443,50468,,forward,20260823_170006_other_001_2088,Other
1787484637.101419,108,6,UDP,50468,443,,forward,20260823_170006_other_001_2088,Other
1787484637.101732,145,6,UDP,50468,443,,forward,20260823_170006_other_001_2088,Other
1787484637.107339,225,6,UDP,50468,443,,forward,20260823_170006_other_001_2088,Other
1787484637.10751,432,6,UDP,50468,443,,forward,20260823_170006_other_001_2088,Other
1787484637.13219,621,6,UDP,443,50468,,forward,20260823_170006_other_001_2088,Other
1787484637.13219,108,6,UDP,443,50468,,forward,20260823_170006_other_001_2088,Other
1787484637.13243,108,6,UDP,50468,443,,forward,20260823_170006_other_001_2088,Other
1787484637.133935,200,6,UDP,50468,443,,forward,20260823_170006_other_001_2088,Other
1787484637.142296,108,6,UDP,443,50468,,forward,20260823_170006_other_001_2088,Other
1787484637.142296,190,6,UDP,443,50468,,forward,20260823_170006_other_001_2088,Other
1787484637.14253,108,6,UDP,50468,443,,forward,20260823_170006_other_001_2088,Other
1787484637.162703,108,6,UDP,443,50468,,forward,20260823_170006_other_001_2088,Other
1787484637.208025,165,6,UDP,443,50468,,forward,20260823_170006_other_001_2088,Other
1787484637.208205,108,6,UDP,50468,443,,forward,20260823_170006_other_001_2088,Other
1787484637.404741,432,6,UDP,443,50468,,forward,20260823_170006_other_001_2088,Other
1787484637.404976,108,6,UDP,50468,443,,forward,20260823_170006_other_001_2088,Other
1787484637.405257,145,6,UDP,50468,443,,forward,20260823_170006_other_001_2088,Other
1787484637.436334,108,6,UDP,443,50468,,forward,20260823_170006_other_001_2088,Other
1787484637.482315,912,6,UDP,443,50468,,forward,20260823_170006_other_001_2088,Other
1787484637.482519,108,6,UDP,50468,443,,forward,20260823_170006_other_001_2088,Other
1787484637.482851,145,6,UDP,50468,443,,forward,20260823_170006_other_001_2088,Other
1787484637.524272,108,6,UDP,443,50468,,forward,20260823_170006_other_001_2088,Other
1787484637.839443,176,6,UDP,443,50468,,forward,20260823_170006_other_001_2088,Other
1787484637.839668,108,6,UDP,50468,443,,forward,20260823_170006_other_001_2088,Other
1787484637.840113,180,6,UDP,50468,443,,forward,20260823_170006_other_001_2088,Other
1787484637.871352,108,6,UDP,443,50468,,forward,20260823_170006_other_001_2088,Other
1787484637.871352,145,6,UDP,443,50468,,forward,20260823_170006_other_001_2088,Other
1787484637.871603,108,6,UDP,50468,443,,forward,20260823_170006_other_001_2088,Other
1787484637.90134,594,6,UDP,443,50468,,forward,20260823_170006_other_001_2088,Other
1787484637.901545,108,6,UDP,50468,443,,forward,20260823_170006_other_001_2088,Other
1787484637.916798,190,6,UDP,50468,443,,forward,20260823_170006_other_001_2088,Other
1787484637.916889,190,6,UDP,50468,443,,forward,20260823_170006_other_001_2088,Other
1787484637.917004,145,6,UDP,50468,443,,forward,20260823_170006_other_001_2088,Other
1787484637.917066,145,6,UDP,50468,443,,forward,20260823_170006_other_001_2088,Other
1787484637.917225,145,6,UDP,50468,443,,forward,20260823_170006_other_001_2088,Other
1787484637.917625,145,6,UDP,50468,443,,forward,20260823_170006_other_001_2088,Other
1787484637.917691,190,6,UDP,50468,443,,forward,20260823_170006_other_001_2088,Other
1787484637.917806,145,6,UDP,50468,443,,forward,20260823_170006_other_001_2088,Other
1787484637.917859,145,6,UDP,50468,443,,forward,20260823_170006_other_001_2088,Other
1787484637.917967,280,6,UDP,50468,443,,forward,20260823_170006_other_001_2088,Other
1787484637.947979,108,6,UDP,443,50468,,forward,20260823_170006_other_001_2088,Other
1787484637.947979,108,6,UDP,443,50468,,forward,20260823_170006_other_001_2088,Other
1787484637.947979,325,6,UDP,443,50468,,forward,20260823_170006_other_001_2088,Other
1787484637.947979,145,6,UDP,443,50468,,forward,20260823_170006_other_001_2088,Other
1787484637.947979,145,6,UDP,443,50468,,forward,20260823_170006_other_001_2088,Other
1787484637.947979,280,6,UDP,443,50468,,forward,20260823_170006_other_001_2088,Other
1787484637.947979,190,6,UDP,443,50468,,forward,20260823_170006_other_001_2088,Other
1787484637.947979,190,6,UDP,443,50468,,forward,20260823_170006_other_001_2088,Other
1787484637.947979,145,6,UDP,443,50468,,forward,20260823_170006_other_001_2088,Other
1787484637.948286,108,6,UDP,50468,443,,forward,20260823_170006_other_001_2088,Other
1787484637.94843,145,6,UDP,50468,443,,forward,20260823_170006_other_001_2088,Other
1787484637.949778,145,6,UDP,50468,443,,forward,20260823_170006_other_001_2088,Other
1787484637.95067,775,6,UDP,50468,443,,forward,20260823_170006_other_001_2088,Other
1787484637.977892,108,6,UDP,443,50468,,forward,20260823_170006_other_001_2088,Other
1787484637.977892,108,6,UDP,443,50468,,forward,20260823_170006_other_001_2088,Other
1787484638.835722,104,6,UDP,50468,443,,forward,20260823_170006_other_001_2088,Other
1787484638.867491,108,6,UDP,443,50468,,forward,20260823_170006_other_001_2088,Other
1787484640.358505,137,6,UDP,50468,443,,forward,20260823_170006_other_001_2088,Other
1787484640.35865,356,6,UDP,50468,443,,forward,20260823_170006_other_001_2088,Other
1787484640.388249,108,6,UDP,443,50468,,forward,20260823_170006_other_001_2088,Other
1787484640.388249,528,6,UDP,443,50468,,forward,20260823_170006_other_001_2088,Other
1787484640.388484,108,6,UDP,50468,443,,forward,20260823_170006_other_001_2088,Other
1787484640.607441,145,6,UDP,443,50468,,forward,20260823_170006_other_001_2088,Other
1787484640.607617,108,6,UDP,50468,443,,forward,20260823_170006_other_001_2088,Other
1787484640.607871,145,6,UDP,50468,443,,forward,20260823_170006_other_001_2088,Other
1787484640.640322,108,6,UDP,443,50468,,forward,20260823_170006_other_001_2088,Other
1787484642.147559,340,6,UDP,443,50468,,forward,20260823_170006_other_001_2088,Other
1787484642.147886,108,6,UDP,50468,443,,forward,20260823_170006_other_001_2088,Other
1787484642.148315,300,6,UDP,50468,443,,forward,20260823_170006_other_001_2088,Other
1787484642.195505,108,6,UDP,443,50468,,forward,20260823_170006_other_001_2088,Other
1787484642.195505,165,6,UDP,443,50468,,forward,20260823_170006_other_001_2088,Other
1787484642.196055,108,6,UDP,50468,443,,forward,20260823_170006_other_001_2088,Other
1787484642.489069,214,6,UDP,443,50468,,forward,20260823_170006_other_001_2088,Other
1787484642.489275,108,6,UDP,50468,443,,forward,20260823_170006_other_001_2088,Other
1787484642.489578,145,6,UDP,50468,443,,forward,20260823_170006_other_001_2088,Other
1787484642.489639,145,6,UDP,50468,443,,forward,20260823_170006_other_001_2088,Other
1787484642.52148,108,6,UDP,443,50468,,forward,20260823_170006_other_001_2088,Other
1787484642.732147,189,6,UDP,443,50468,,forward,20260823_170006_other_001_2088,Other
1787484642.732364,108,6,UDP,50468,443,,forward,20260823_170006_other_001_2088,Other
1787484642.733008,193,6,UDP,50468,443,,forward,20260823_170006_other_001_2088,Other
1787484642.762644,108,6,UDP,443,50468,,forward,20260823_170006_other_001_2088,Other
1787484642.762644,165,6,UDP,443,50468,,forward,20260823_170006_other_001_2088,Other
1787484642.762879,108,6,UDP,50468,443,,forward,20260823_170006_other_001_2088,Other
1787484642.824862,104,6,UDP,50468,443,,forward,20260823_170006_other_001_2088,Other
1787484642.854765,108,6,UDP,443,50468,,forward,20260823_170006_other_001_2088,Other
1787484644.192866,145,6,UDP,443,50468,,forward,20260823_170006_other_001_2088,Other
1787484644.193119,108,6,UDP,50468,443,,forward,20260823_170006_other_001_2088,Other
1787484644.193285,145,6,UDP,50468,443,,forward,20260823_170006_other_001_2088,Other
1787484644.224865,108,6,UDP,443,50468,,forward,20260823_170006_other_001_2088,Other
1787484644.69247,165,6,UDP,443,50468,,forward,20260823_170006_other_001_2088,Other
1787484644.692668,108,6,UDP,50468,443,,forward,20260823_170006_other_001_2088,Other
1787484644.692931,165,6,UDP,50468,443,,forward,20260823_170006_other_001_2088,Other
1787484644.724427,108,6,UDP,443,50468,,forward,20260823_170006_other_001_2088,Other
1787484646.834917,104,6,UDP,50468,443,,forward,20260823_170006_other_001_2088,Other
1787484646.868075,108,6,UDP,443,50468,,forward,20260823_170006_other_001_2088,Other
1787484648.218525,594,6,UDP,443,50468,,forward,20260823_170006_other_001_2088,Other
1787484648.219313,108,6,UDP,50468,443,,forward,20260823_170006_other_001_2088,Other
1787484648.220737,181,6,UDP,50468,443,,forward,20260823_170006_other_001_2088,Other
1787484648.221192,181,6,UDP,50468,443,,forward,20260823_170006_other_001_2088,Other
1787484648.250264,108,6,UDP,443,50468,,forward,20260823_170006_other_001_2088,Other
1787484648.266143,237,6,UDP,443,50468,,forward,20260823_170006_other_001_2088,Other
1787484648.266143,237,6,UDP,443,50468,,forward,20260823_170006_other_001_2088,Other
1787484648.266589,108,6,UDP,50468,443,,forward,20260823_170006_other_001_2088,Other
1787484648.267505,181,6,UDP,50468,443,,forward,20260823_170006_other_001_2088,Other
1787484648.268113,145,6,UDP,50468,443,,forward,20260823_170006_other_001_2088,Other
1787484648.28244,165,6,UDP,443,50468,,forward,20260823_170006_other_001_2088,Other
1787484648.282611,108,6,UDP,50468,443,,forward,20260823_170006_other_001_2088,Other
1787484648.282949,165,6,UDP,50468,443,,forward,20260823_170006_other_001_2088,Other
1787484648.297081,108,6,UDP,443,50468,,forward,20260823_170006_other_001_2088,Other
1787484648.297081,181,6,UDP,443,50468,,forward,20260823_170006_other_001_2088,Other
1787484648.297294,108,6,UDP,50468,443,,forward,20260823_170006_other_001_2088,Other
1787484648.304947,108,6,UDP,443,50468,,forward,20260823_170006_other_001_2088,Other
1787484648.312125,108,6,UDP,443,50468,,forward,20260823_170006_other_001_2088,Other
1787484648.786286,157,6,UDP,50468,443,,forward,20260823_170006_other_001_2088,Other
1787484648.789561,165,6,UDP,443,50468,,forward,20260823_170006_other_001_2088,Other
1787484648.789798,108,6,UDP,50468,443,,forward,20260823_170006_other_001_2088,Other
1787484648.789969,165,6,UDP,50468,443,,forward,20260823_170006_other_001_2088,Other
1787484648.818641,108,6,UDP,443,50468,,forward,20260823_170006_other_001_2088,Other
1787484648.818641,108,6,UDP,443,50468,,forward,20260823_170006_other_001_2088,Other
1787484648.82335,157,6,UDP,443,50468,,forward,20260823_170006_other_001_2088,Other
1787484648.823582,108,6,UDP,50468,443,,forward,20260823_170006_other_001_2088,Other
1787484648.823959,145,6,UDP,50468,443,,forward,20260823_170006_other_001_2088,Other
1787484648.835179,417,6,UDP,50468,443,,forward,20260823_170006_other_001_2088,Other
1787484648.859608,108,6,UDP,443,50468,,forward,20260823_170006_other_001_2088,Other
1787484648.865138,108,6,UDP,443,50468,,forward,20260823_170006_other_001_2088,Other
1787484648.865138,145,6,UDP,443,50468,,forward,20260823_170006_other_001_2088,Other
1787484648.865344,108,6,UDP,50468,443,,forward,20260823_170006_other_001_2088,Other
1787484648.880174,1385,6,UDP,443,50468,,forward,20260823_170006_other_001_2088,Other
1787484648.880174,953,6,UDP,443,50468,,forward,20260823_170006_other_001_2088,Other
1787484648.880174,1385,6,UDP,443,50468,,forward,20260823_170006_other_001_2088,Other
1787484648.880389,108,6,UDP,50468,443,,forward,20260823_170006_other_001_2088,Other
1787484648.881524,145,6,UDP,50468,443,,forward,20260823_170006_other_001_2088,Other
1787484648.88193,151,6,UDP,50468,443,,forward,20260823_170006_other_001_2088,Other
1787484648.911273,108,6,UDP,443,50468,,forward,20260823_170006_other_001_2088,Other
1787484648.911273,636,6,UDP,443,50468,,forward,20260823_170006_other_001_2088,Other
1787484648.911497,108,6,UDP,50468,443,,forward,20260823_170006_other_001_2088,Other
1787484648.91898,219,6,UDP,50468,443,,forward,20260823_170006_other_001_2088,Other
1787484648.919094,1385,6,UDP,50468,443,,forward,20260823_170006_other_001_2088,Other
1787484648.919142,1385,6,UDP,50468,443,,forward,20260823_170006_other_001_2088,Other
1787484648.919194,210,6,UDP,50468,443,,forward,20260823_170006_other_001_2088,Other
1787484648.956319,108,6,UDP,443,50468,,forward,20260823_170006_other_001_2088,Other
1787484648.956319,145,6,UDP,443,50468,,forward,20260823_170006_other_001_2088,Other
1787484648.956319,108,6,UDP,443,50468,,forward,20260823_170006_other_001_2088,Other
1787484648.956319,108,6,UDP,443,50468,,forward,20260823_170006_other_001_2088,Other
1787484648.956319,145,6,UDP,443,50468,,forward,20260823_170006_other_001_2088,Other
1787484648.956556,108,6,UDP,50468,443,,forward,20260823_170006_other_001_2088,Other
1787484648.972676,1385,6,UDP,443,50468,,forward,20260823_170006_other_001_2088,Other
1787484648.972676,346,6,UDP,443,50468,,forward,20260823_170006_other_001_2088,Other
1787484648.972951,108,6,UDP,50468,443,,forward,20260823_170006_other_001_2088,Other
1787484648.973147,145,6,UDP,50468,443,,forward,20260823_170006_other_001_2088,Other
1787484648.973674,214,6,UDP,50468,443,,forward,20260823_170006_other_001_2088,Other
1787484649.002686,108,6,UDP,443,50468,,forward,20260823_170006_other_001_2088,Other
1787484649.002686,145,6,UDP,443,50468,,forward,20260823_170006_other_001_2088,Other
1787484649.002905,108,6,UDP,50468,443,,forward,20260823_170006_other_001_2088,Other
1787484649.003099,145,6,UDP,50468,443,,forward,20260823_170006_other_001_2088,Other
1787484649.032672,108,6,UDP,443,50468,,forward,20260823_170006_other_001_2088,Other
1787484650.001129,248,6,UDP,50468,443,,forward,20260823_170006_other_001_2088,Other
1787484650.001812,174,6,UDP,50468,443,,forward,20260823_170006_other_001_2088,Other
1787484650.002469,174,6,UDP,50468,443,,forward,20260823_170006_other_001_2088,Other
1787484650.064843,248,6,UDP,50468,443,,forward,20260823_170006_other_001_2088,Other
1787484650.075135,108,6,UDP,443,50468,,forward,20260823_170006_other_001_2088,Other
1787484650.075135,351,6,UDP,443,50468,,forward,20260823_170006_other_001_2088,Other
1787484650.075135,351,6,UDP,443,50468,,forward,20260823_170006_other_001_2088,Other
1787484650.075135,778,6,UDP,443,50468,,forward,20260823_170006_other_001_2088,Other
1787484650.075462,108,6,UDP,50468,443,,forward,20260823_170006_other_001_2088,Other
1787484650.07803,1383,6,UDP,50468,443,,forward,20260823_170006_other_001_2088,Other
1787484650.078116,1383,6,UDP,50468,443,,forward,20260823_170006_other_001_2088,Other
1787484650.096898,108,6,UDP,443,50468,,forward,20260823_170006_other_001_2088,Other
1787484650.157985,108,6,UDP,443,50468,,forward,20260823_170006_other_001_2088,Other
1787484650.157985,423,6,UDP,443,50468,,forward,20260823_170006_other_001_2088,Other
1787484650.157985,351,6,UDP,443,50468,,forward,20260823_170006_other_001_2088,Other
1787484650.158215,108,6,UDP,50468,443,,forward,20260823_170006_other_001_2088,Other
1787484650.237849,222,4,UDP,5353,5353,,forward,20260823_170006_other_001_2088,Other
1787484650.238548,242,6,UDP,5353,5353,,forward,20260823_170006_other_001_2088,Other
1787484650.239249,88,4,UDP,5353,5353,,forward,20260823_170006_other_001_2088,Other
1787484650.239731,108,6,UDP,5353,5353,,forward,20260823_170006_other_001_2088,Other
1787484650.331372,165,6,UDP,443,50468,,forward,20260823_170006_other_001_2088,Other
1787484650.33159,108,6,UDP,50468,443,,forward,20260823_170006_other_001_2088,Other
1787484650.331723,165,6,UDP,50468,443,,forward,20260823_170006_other_001_2088,Other
1787484650.363027,166,6,UDP,50468,443,,forward,20260823_170006_other_001_2088,Other
1787484650.372058,193,6,UDP,443,50468,,forward,20260823_170006_other_001_2088,Other
1787484650.372058,1383,6,UDP,443,50468,,forward,20260823_170006_other_001_2088,Other
1787484650.372058,1383,6,UDP,443,50468,,forward,20260823_170006_other_001_2088,Other
1787484650.372058,1383,6,UDP,443,50468,,forward,20260823_170006_other_001_2088,Other
1787484650.372058,1383,6,UDP,443,50468,,forward,20260823_170006_other_001_2088,Other
1787484650.372058,1383,6,UDP,443,50468,,forward,20260823_170006_other_001_2088,Other
1787484650.372058,812,6,UDP,443,50468,,forward,20260823_170006_other_001_2088,Other
1787484650.372058,108,6,UDP,443,50468,,forward,20260823_170006_other_001_2088,Other
1787484650.372447,108,6,UDP,50468,443,,forward,20260823_170006_other_001_2088,Other
1787484650.373561,192,6,UDP,50468,443,,forward,20260823_170006_other_001_2088,Other
1787484650.374588,316,6,UDP,50468,443,,forward,20260823_170006_other_001_2088,Other
1787484650.374965,1383,6,UDP,50468,443,,forward,20260823_170006_other_001_2088,Other
1787484650.375033,1383,6,UDP,50468,443,,forward,20260823_170006_other_001_2088,Other
1787484650.375088,1383,6,UDP,50468,443,,forward,20260823_170006_other_001_2088,Other
1787484650.375871,1150,6,UDP,50468,443,,forward,20260823_170006_other_001_2088,Other
1787484650.405871,108,6,UDP,443,50468,,forward,20260823_170006_other_001_2088,Other
1787484650.405871,177,6,UDP,443,50468,,forward,20260823_170006_other_001_2088,Other
1787484650.405871,108,6,UDP,443,50468,,forward,20260823_170006_other_001_2088,Other
1787484650.405871,108,6,UDP,443,50468,,forward,20260823_170006_other_001_2088,Other
1787484650.405871,108,6,UDP,443,50468,,forward,20260823_170006_other_001_2088,Other
1787484650.406143,108,6,UDP,50468,443,,forward,20260823_170006_other_001_2088,Other
1787484650.409938,108,6,UDP,443,50468,,forward,20260823_170006_other_001_2088,Other
1787484650.448485,264,6,UDP,50468,443,,forward,20260823_170006_other_001_2088,Other
1787484650.488432,108,6,UDP,443,50468,,forward,20260823_170006_other_001_2088,Other
1787484650.488432,334,6,UDP,443,50468,,forward,20260823_170006_other_001_2088,Other
1787484650.488677,108,6,UDP,50468,443,,forward,20260823_170006_other_001_2088,Other
1787484650.508788,88,4,UDP,5353,5353,,forward,20260823_170006_other_001_2088,Other
1787484650.509652,108,6,UDP,5353,5353,,forward,20260823_170006_other_001_2088,Other
1787484650.53401,165,6,UDP,50468,443,,forward,20260823_170006_other_001_2088,Other
1787484650.564998,108,6,UDP,443,50468,,forward,20260823_170006_other_001_2088,Other
1787484650.656989,997,6,UDP,443,50468,,forward,20260823_170006_other_001_2088,Other
1787484650.656989,235,6,UDP,443,50468,,forward,20260823_170006_other_001_2088,Other
1787484650.656989,176,6,UDP,443,50468,,forward,20260823_170006_other_001_2088,Other
1787484650.656989,176,6,UDP,443,50468,,forward,20260823_170006_other_001_2088,Other
1787484650.657234,108,6,UDP,50468,443,,forward,20260823_170006_other_001_2088,Other
1787484650.657755,185,6,UDP,50468,443,,forward,20260823_170006_other_001_2088,Other
1787484650.65791,184,6,UDP,50468,443,,forward,20260823_170006_other_001_2088,Other
1787484650.672682,177,6,UDP,443,50468,,forward,20260823_170006_other_001_2088,Other
1787484650.672894,108,6,UDP,50468,443,,forward,20260823_170006_other_001_2088,Other
1787484650.687856,185,6,UDP,50468,443,,forward,20260823_170006_other_001_2088,Other
1787484650.692269,108,6,UDP,443,50468,,forward,20260823_170006_other_001_2088,Other
1787484650.719511,1379,6,UDP,443,50468,,forward,20260823_170006_other_001_2088,Other
1787484650.719511,408,6,UDP,443,50468,,forward,20260823_170006_other_001_2088,Other
1787484650.719511,1383,6,UDP,443,50468,,forward,20260823_170006_other_001_2088,Other
1787484650.719511,1383,6,UDP,443,50468,,forward,20260823_170006_other_001_2088,Other
1787484650.719511,1383,6,UDP,443,50468,,forward,20260823_170006_other_001_2088,Other
1787484650.719511,1383,6,UDP,443,50468,,forward,20260823_170006_other_001_2088,Other
1787484650.719511,1383,6,UDP,443,50468,,forward,20260823_170006_other_001_2088,Other
1787484650.719511,1383,6,UDP,443,50468,,forward,20260823_170006_other_001_2088,Other
1787484650.719511,455,6,UDP,443,50468,,forward,20260823_170006_other_001_2088,Other
1787484650.719511,108,6,UDP,443,50468,,forward,20260823_170006_other_001_2088,Other
1787484650.719833,108,6,UDP,50468,443,,forward,20260823_170006_other_001_2088,Other
1787484650.7204,188,6,UDP,50468,443,,forward,20260823_170006_other_001_2088,Other
1787484650.720543,268,6,UDP,50468,443,,forward,20260823_170006_other_001_2088,Other
1787484650.720623,184,6,UDP,50468,443,,forward,20260823_170006_other_001_2088,Other
1787484650.720803,184,6,UDP,50468,443,,forward,20260823_170006_other_001_2088,Other
1787484650.749988,108,6,UDP,443,50468,,forward,20260823_170006_other_001_2088,Other
1787484650.766618,88,4,UDP,5353,5353,,forward,20260823_170006_other_001_2088,Other
1787484650.767293,108,6,UDP,5353,5353,,forward,20260823_170006_other_001_2088,Other
1787484650.82818,104,6,UDP,50468,443,,forward,20260823_170006_other_001_2088,Other
1787484650.859557,108,6,UDP,443,50468,,forward,20260823_170006_other_001_2088,Other
1787484650.897265,194,6,UDP,50468,443,,forward,20260823_170006_other_001_2088,Other
1787484650.897383,194,6,UDP,50468,443,,forward,20260823_170006_other_001_2088,Other
1787484650.897654,194,6,UDP,50468,443,,forward,20260823_170006_other_001_2088,Other
1787484650.897865,194,6,UDP,50468,443,,forward,20260823_170006_other_001_2088,Other
1787484650.931111,108,6,UDP,443,50468,,forward,20260823_170006_other_001_2088,Other
1787484650.931111,383,6,UDP,443,50468,,forward,20260823_170006_other_001_2088,Other
1787484650.931111,383,6,UDP,443,50468,,forward,20260823_170006_other_001_2088,Other
1787484650.931111,321,6,UDP,443,50468,,forward,20260823_170006_other_001_2088,Other
1787484650.931111,321,6,UDP,443,50468,,forward,20260823_170006_other_001_2088,Other
1787484650.931387,108,6,UDP,50468,443,,forward,20260823_170006_other_001_2088,Other
1787484650.932087,332,6,UDP,50468,443,,forward,20260823_170006_other_001_2088,Other
1787484650.964988,108,6,UDP,443,50468,,forward,20260823_170006_other_001_2088,Other
1787484650.971064,299,6,UDP,443,50468,,forward,20260823_170006_other_001_2088,Other
1787484650.971064,299,6,UDP,443,50468,,forward,20260823_170006_other_001_2088,Other
1787484650.971301,108,6,UDP,50468,443,,forward,20260823_170006_other_001_2088,Other
1787484650.976153,157,6,UDP,50468,443,,forward,20260823_170006_other_001_2088,Other
1787484651.017064,108,6,UDP,443,50468,,forward,20260823_170006_other_001_2088,Other
1787484651.017064,177,6,UDP,443,50468,,forward,20260823_170006_other_001_2088,Other
1787484651.017323,108,6,UDP,50468,443,,forward,20260823_170006_other_001_2088,Other
1787484651.018943,624,4,UDP,5353,5353,,forward,20260823_170006_other_001_2088,Other
1787484651.019613,644,6,UDP,5353,5353,,forward,20260823_170006_other_001_2088,Other
1787484651.020115,565,4,UDP,5353,5353,,forward,20260823_170006_other_001_2088,Other
1787484651.020652,585,6,UDP,5353,5353,,forward,20260823_170006_other_001_2088,Other
1787484651.127879,166,6,UDP,50468,443,,forward,20260823_170006_other_001_2088,Other
1787484651.159106,108,6,UDP,443,50468,,forward,20260823_170006_other_001_2088,Other
1787484651.159106,177,6,UDP,443,50468,,forward,20260823_170006_other_001_2088,Other
1787484651.159345,108,6,UDP,50468,443,,forward,20260823_170006_other_001_2088,Other
1787484651.17445,157,6,UDP,443,50468,,forward,20260823_170006_other_001_2088,Other
1787484651.174683,108,6,UDP,50468,443,,forward,20260823_170006_other_001_2088,Other
1787484651.174927,145,6,UDP,50468,443,,forward,20260823_170006_other_001_2088,Other
1787484651.180154,609,6,UDP,50468,443,,forward,20260823_170006_other_001_2088,Other
1787484651.204094,108,6,UDP,443,50468,,forward,20260823_170006_other_001_2088,Other
1787484651.2201,108,6,UDP,443,50468,,forward,20260823_170006_other_001_2088,Other
1787484651.2201,145,6,UDP,443,50468,,forward,20260823_170006_other_001_2088,Other
1787484651.220303,108,6,UDP,50468,443,,forward,20260823_170006_other_001_2088,Other
1787484651.314624,594,6,UDP,443,50468,,forward,20260823_170006_other_001_2088,Other
1787484651.314829,108,6,UDP,50468,443,,forward,20260823_170006_other_001_2088,Other
1787484651.357921,165,6,UDP,443,50468,,forward,20260823_170006_other_001_2088,Other
1787484651.358151,108,6,UDP,50468,443,,forward,20260823_170006_other_001_2088,Other
1787484651.358349,165,6,UDP,50468,443,,forward,20260823_170006_other_001_2088,Other
1787484651.361993,145,6,UDP,50468,443,,forward,20260823_170006_other_001_2088,Other
1787484651.376312,1385,6,UDP,443,50468,,forward,20260823_170006_other_001_2088,Other
1787484651.376312,953,6,UDP,443,50468,,forward,20260823_170006_other_001_2088,Other
1787484651.376312,1385,6,UDP,443,50468,,forward,20260823_170006_other_001_2088,Other
1787484651.376312,1385,6,UDP,443,50468,,forward,20260823_170006_other_001_2088,Other
1787484651.376312,1385,6,UDP,443,50468,,forward,20260823_170006_other_001_2088,Other
1787484651.376312,1385,6,UDP,443,50468,,forward,20260823_170006_other_001_2088,Other
1787484651.376312,1385,6,UDP,443,50468,,forward,20260823_170006_other_001_2088,Other
1787484651.3766,108,6,UDP,50468,443,,forward,20260823_170006_other_001_2088,Other
1787484651.376803,145,6,UDP,50468,443,,forward,20260823_170006_other_001_2088,Other
1787484651.376919,235,6,UDP,50468,443,,forward,20260823_170006_other_001_2088,Other
1787484651.377007,145,6,UDP,50468,443,,forward,20260823_170006_other_001_2088,Other
1787484651.377066,190,6,UDP,50468,443,,forward,20260823_170006_other_001_2088,Other
1787484651.389784,108,6,UDP,443,50468,,forward,20260823_170006_other_001_2088,Other
1787484651.389784,108,6,UDP,443,50468,,forward,20260823_170006_other_001_2088,Other
1787484651.409026,108,6,UDP,443,50468,,forward,20260823_170006_other_001_2088,Other
1787484651.409026,889,6,UDP,443,50468,,forward,20260823_170006_other_001_2088,Other
1787484651.409274,108,6,UDP,50468,443,,forward,20260823_170006_other_001_2088,Other
1787484651.409492,145,6,UDP,50468,443,,forward,20260823_170006_other_001_2088,Other
1787484651.440832,108,6,UDP,443,50468,,forward,20260823_170006_other_001_2088,Other
1787484651.445689,225,6,UDP,50468,443,,forward,20260823_170006_other_001_2088,Other
1787484651.446324,1298,6,UDP,50468,443,,forward,20260823_170006_other_001_2088,Other
1787484651.44639,1385,6,UDP,50468,443,,forward,20260823_170006_other_001_2088,Other
1787484651.446422,321,6,UDP,50468,443,,forward,20260823_170006_other_001_2088,Other
1787484651.485746,108,6,UDP,443,50468,,forward,20260823_170006_other_001_2088,Other
1787484651.485746,145,6,UDP,443,50468,,forward,20260823_170006_other_001_2088,Other
1787484651.485746,108,6,UDP,443,50468,,forward,20260823_170006_other_001_2088,Other
1787484651.485746,145,6,UDP,443,50468,,forward,20260823_170006_other_001_2088,Other
1787484651.485746,108,6,UDP,443,50468,,forward,20260823_170006_other_001_2088,Other
1787484651.485746,108,6,UDP,443,50468,,forward,20260823_170006_other_001_2088,Other
1787484651.485746,145,6,UDP,443,50468,,forward,20260823_170006_other_001_2088,Other
1787484651.485746,145,6,UDP,443,50468,,forward,20260823_170006_other_001_2088,Other
1787484651.486688,108,6,UDP,50468,443,,forward,20260823_170006_other_001_2088,Other
1787484651.651101,248,6,UDP,443,50468,,forward,20260823_170006_other_001_2088,Other
1787484651.651346,108,6,UDP,50468,443,,forward,20260823_170006_other_001_2088,Other
1787484651.651543,145,6,UDP,50468,443,,forward,20260823_170006_other_001_2088,Other
1787484651.686952,108,6,UDP,443,50468,,forward,20260823_170006_other_001_2088,Other
1787484651.92874,145,6,UDP,443,50468,,forward,20260823_170006_other_001_2088,Other
1787484651.929119,108,6,UDP,50468,443,,forward,20260823_170006_other_001_2088,Other
1787484651.929361,145,6,UDP,50468,443,,forward,20260823_170006_other_001_2088,Other
1787484651.959245,108,6,UDP,443,50468,,forward,20260823_170006_other_001_2088,Other
1787484652.08676,591,6,UDP,443,50468,,forward,20260823_170006_other_001_2088,Other
1787484652.087147,108,6,UDP,50468,443,,forward,20260823_170006_other_001_2088,Other
1787484652.087414,145,6,UDP,50468,443,,forward,20260823_170006_other_001_2088,Other
1787484652.119939,108,6,UDP,443,50468,,forward,20260823_170006_other_001_2088,Other
1787484652.148271,442,6,UDP,443,50468,,forward,20260823_170006_other_001_2088,Other
1787484652.148731,108,6,UDP,50468,443,,forward,20260823_170006_other_001_2088,Other
1787484652.149248,300,6,UDP,50468,443,,forward,20260823_170006_other_001_2088,Other
1787484652.179273,108,6,UDP,443,50468,,forward,20260823_170006_other_001_2088,Other
1787484652.179273,165,6,UDP,443,50468,,forward,20260823_170006_other_001_2088,Other
1787484652.1795,108,6,UDP,50468,443,,forward,20260823_170006_other_001_2088,Other
1787484652.27304,191,6,UDP,50468,443,,forward,20260823_170006_other_001_2088,Other
1787484652.273192,191,6,UDP,50468,443,,forward,20260823_170006_other_001_2088,Other
1787484652.273859,191,6,UDP,50468,443,,forward,20260823_170006_other_001_2088,Other
1787484652.274173,191,6,UDP,50468,443,,forward,20260823_170006_other_001_2088,Other
1787484652.308906,108,6,UDP,443,50468,,forward,20260823_170006_other_001_2088,Other
1787484652.308906,331,6,UDP,443,50468,,forward,20260823_170006_other_001_2088,Other
1787484652.308906,331,6,UDP,443,50468,,forward,20260823_170006_other_001_2088,Other
1787484652.309165,108,6,UDP,50468,443,,forward,20260823_170006_other_001_2088,Other
1787484652.336801,373,6,UDP,443,50468,,forward,20260823_170006_other_001_2088,Other
1787484652.336801,373,6,UDP,443,50468,,forward,20260823_170006_other_001_2088,Other
1787484652.337387,108,6,UDP,50468,443,,forward,20260823_170006_other_001_2088,Other
1787484652.337795,282,6,UDP,50468,443,,forward,20260823_170006_other_001_2088,Other
1787484652.337911,204,6,UDP,50468,443,,forward,20260823_170006_other_001_2088,Other
1787484652.337966,204,6,UDP,50468,443,,forward,20260823_170006_other_001_2088,Other
1787484652.367334,108,6,UDP,443,50468,,forward,20260823_170006_other_001_2088,Other
1787484652.383349,373,6,UDP,443,50468,,forward,20260823_170006_other_001_2088,Other
1787484652.383349,373,6,UDP,443,50468,,forward,20260823_170006_other_001_2088,Other
1787484652.383349,275,6,UDP,443,50468,,forward,20260823_170006_other_001_2088,Other
1787484652.383349,275,6,UDP,443,50468,,forward,20260823_170006_other_001_2088,Other
1787484652.383607,108,6,UDP,50468,443,,forward,20260823_170006_other_001_2088,Other
1787484652.384272,204,6,UDP,50468,443,,forward,20260823_170006_other_001_2088,Other
1787484652.385159,157,6,UDP,50468,443,,forward,20260823_170006_other_001_2088,Other
1787484652.417272,108,6,UDP,443,50468,,forward,20260823_170006_other_001_2088,Other
1787484652.417272,108,6,UDP,443,50468,,forward,20260823_170006_other_001_2088,Other
1787484652.417272,275,6,UDP,443,50468,,forward,20260823_170006_other_001_2088,Other
1787484652.417529,108,6,UDP,50468,443,,forward,20260823_170006_other_001_2088,Other
1787484652.68979,157,6,UDP,443,50468,,forward,20260823_170006_other_001_2088,Other
1787484652.690031,108,6,UDP,50468,443,,forward,20260823_170006_other_001_2088,Other
1787484652.690523,145,6,UDP,50468,443,,forward,20260823_170006_other_001_2088,Other
1787484652.692132,357,6,UDP,50468,443,,forward,20260823_170006_other_001_2088,Other
1787484652.721886,108,6,UDP,443,50468,,forward,20260823_170006_other_001_2088,Other
1787484652.750507,108,6,UDP,443,50468,,forward,20260823_170006_other_001_2088,Other
1787484652.750507,145,6,UDP,443,50468,,forward,20260823_170006_other_001_2088,Other
1787484652.750749,108,6,UDP,50468,443,,forward,20260823_170006_other_001_2088,Other
1787484653.002434,1385,6,UDP,443,50468,,forward,20260823_170006_other_001_2088,Other
1787484653.002434,953,6,UDP,443,50468,,forward,20260823_170006_other_001_2088,Other
1787484653.002434,1385,6,UDP,443,50468,,forward,20260823_170006_other_001_2088,Other
1787484653.002719,108,6,UDP,50468,443,,forward,20260823_170006_other_001_2088,Other
1787484653.003211,145,6,UDP,50468,443,,forward,20260823_170006_other_001_2088,Other
1787484653.01227,145,6,UDP,50468,443,,forward,20260823_170006_other_001_2088,Other
1787484653.035532,108,6,UDP,443,50468,,forward,20260823_170006_other_001_2088,Other
1787484653.035532,1149,6,UDP,443,50468,,forward,20260823_170006_other_001_2088,Other
1787484653.03577,108,6,UDP,50468,443,,forward,20260823_170006_other_001_2088,Other
1787484653.036005,145,6,UDP,50468,443,,forward,20260823_170006_other_001_2088,Other
1787484653.041548,303,6,UDP,50468,443,,forward,20260823_170006_other_001_2088,Other
1787484653.049607,108,6,UDP,443,50468,,forward,20260823_170006_other_001_2088,Other
1787484653.080025,108,6,UDP,443,50468,,forward,20260823_170006_other_001_2088,Other
1787484653.080025,108,6,UDP,443,50468,,forward,20260823_170006_other_001_2088,Other
1787484653.080025,145,6,UDP,443,50468,,forward,20260823_170006_other_001_2088,Other
1787484653.080251,108,6,UDP,50468,443,,forward,20260823_170006_other_001_2088,Other
1787484653.347664,196,6,UDP,443,50468,,forward,20260823_170006_other_001_2088,Other
1787484653.347899,108,6,UDP,50468,443,,forward,20260823_170006_other_001_2088,Other
1787484653.352817,232,6,UDP,50468,443,,forward,20260823_170006_other_001_2088,Other
1787484653.352917,1385,6,UDP,50468,443,,forward,20260823_170006_other_001_2088,Other
1787484653.352952,436,6,UDP,50468,443,,forward,20260823_170006_other_001_2088,Other
1787484653.352985,1385,6,UDP,50468,443,,forward,20260823_170006_other_001_2088,Other
1787484653.353009,1367,6,UDP,50468,443,,forward,20260823_170006_other_001_2088,Other
1787484653.396508,108,6,UDP,443,50468,,forward,20260823_170006_other_001_2088,Other
1787484653.396508,108,6,UDP,443,50468,,forward,20260823_170006_other_001_2088,Other
1787484653.396508,214,6,UDP,443,50468,,forward,20260823_170006_other_001_2088,Other
1787484653.396508,145,6,UDP,443,50468,,forward,20260823_170006_other_001_2088,Other
1787484653.396508,145,6,UDP,443,50468,,forward,20260823_170006_other_001_2088,Other
1787484653.39811,108,6,UDP,50468,443,,forward,20260823_170006_other_001_2088,Other
1787484653.398471,183,6,UDP,50468,443,,forward,20260823_170006_other_001_2088,Other
1787484653.427529,108,6,UDP,443,50468,,forward,20260823_170006_other_001_2088,Other
1787484653.475166,145,6,UDP,443,50468,,forward,20260823_170006_other_001_2088,Other
1787484653.475374,108,6,UDP,50468,443,,forward,20260823_170006_other_001_2088,Other
1787484653.555466,1385,6,UDP,50468,443,,forward,20260823_170006_other_001_2088,Other
1787484653.555556,1385,6,UDP,50468,443,,forward,20260823_170006_other_001_2088,Other
1787484653.555587,1385,6,UDP,50468,443,,forward,20260823_170006_other_001_2088,Other
1787484653.555611,1385,6,UDP,50468,443,,forward,20260823_170006_other_001_2088,Other
1787484653.555634,1385,6,UDP,50468,443,,forward,20260823_170006_other_001_2088,Other
1787484653.555658,832,6,UDP,50468,443,,forward,20260823_170006_other_001_2088,Other
1787484653.555689,1385,6,UDP,50468,443,,forward,20260823_170006_other_001_2088,Other
1787484653.555716,1385,6,UDP,50468,443,,forward,20260823_170006_other_001_2088,Other
1787484653.555746,393,6,UDP,50468,443,,forward,20260823_170006_other_001_2088,Other
1787484653.600563,108,6,UDP,443,50468,,forward,20260823_170006_other_001_2088,Other
1787484653.600563,108,6,UDP,443,50468,,forward,20260823_170006_other_001_2088,Other
1787484653.600563,108,6,UDP,443,50468,,forward,20260823_170006_other_001_2088,Other
1787484653.600563,165,6,UDP,443,50468,,forward,20260823_170006_other_001_2088,Other
1787484653.600563,360,6,UDP,443,50468,,forward,20260823_170006_other_001_2088,Other
1787484653.600563,295,6,UDP,443,50468,,forward,20260823_170006_other_001_2088,Other
1787484653.600563,230,6,UDP,443,50468,,forward,20260823_170006_other_001_2088,Other
1787484653.600563,204,6,UDP,443,50468,,forward,20260823_170006_other_001_2088,Other
1787484653.601101,108,6,UDP,50468,443,,forward,20260823_170006_other_001_2088,Other
1787484653.64802,183,6,UDP,443,50468,,forward,20260823_170006_other_001_2088,Other
1787484653.648226,108,6,UDP,50468,443,,forward,20260823_170006_other_001_2088,Other
1787484653.653197,165,6,UDP,50468,443,,forward,20260823_170006_other_001_2088,Other
1787484653.694183,145,6,UDP,50468,443,,forward,20260823_170006_other_001_2088,Other
1787484653.695023,108,6,UDP,443,50468,,forward,20260823_170006_other_001_2088,Other
1787484653.695023,688,6,UDP,443,50468,,forward,20260823_170006_other_001_2088,Other
1787484653.695244,108,6,UDP,50468,443,,forward,20260823_170006_other_001_2088,Other
1787484653.696684,200,6,UDP,50468,443,,forward,20260823_170006_other_001_2088,Other
1787484653.72505,108,6,UDP,443,50468,,forward,20260823_170006_other_001_2088,Other
1787484653.772572,165,6,UDP,443,50468,,forward,20260823_170006_other_001_2088,Other
1787484653.773038,108,6,UDP,50468,443,,forward,20260823_170006_other_001_2088,Other
1787484653.962101,430,6,UDP,443,50468,,forward,20260823_170006_other_001_2088,Other
1787484653.962289,108,6,UDP,50468,443,,forward,20260823_170006_other_001_2088,Other
1787484653.966883,145,6,UDP,50468,443,,forward,20260823_170006_other_001_2088,Other
1787484654.008647,108,6,UDP,443,50468,,forward,20260823_170006_other_001_2088,Other
1787484654.008647,145,6,UDP,443,50468,,forward,20260823_170006_other_001_2088,Other
1787484654.008894,108,6,UDP,50468,443,,forward,20260823_170006_other_001_2088,Other
1787484654.00913,145,6,UDP,50468,443,,forward,20260823_170006_other_001_2088,Other
1787484654.039761,108,6,UDP,443,50468,,forward,20260823_170006_other_001_2088,Other
1787484654.062634,182,6,UDP,50468,443,,forward,20260823_170006_other_001_2088,Other
1787484654.062955,182,6,UDP,50468,443,,forward,20260823_170006_other_001_2088,Other
1787484654.064306,182,6,UDP,50468,443,,forward,20260823_170006_other_001_2088,Other
1787484654.064582,182,6,UDP,50468,443,,forward,20260823_170006_other_001_2088,Other
1787484654.103174,108,6,UDP,443,50468,,forward,20260823_170006_other_001_2088,Other
1787484654.103174,302,6,UDP,443,50468,,forward,20260823_170006_other_001_2088,Other
1787484654.103174,369,6,UDP,443,50468,,forward,20260823_170006_other_001_2088,Other
1787484654.103174,302,6,UDP,443,50468,,forward,20260823_170006_other_001_2088,Other
1787484654.103174,369,6,UDP,443,50468,,forward,20260823_170006_other_001_2088,Other
1787484654.103427,108,6,UDP,50468,443,,forward,20260823_170006_other_001_2088,Other
1787484654.104219,308,6,UDP,50468,443,,forward,20260823_170006_other_001_2088,Other
1787484654.135597,108,6,UDP,443,50468,,forward,20260823_170006_other_001_2088,Other
1787484654.136158,182,6,UDP,50468,443,,forward,20260823_170006_other_001_2088,Other
1787484654.136233,182,6,UDP,50468,443,,forward,20260823_170006_other_001_2088,Other
1787484654.142725,290,6,UDP,443,50468,,forward,20260823_170006_other_001_2088,Other
1787484654.142725,290,6,UDP,443,50468,,forward,20260823_170006_other_001_2088,Other
1787484654.14293,108,6,UDP,50468,443,,forward,20260823_170006_other_001_2088,Other
1787484654.148256,157,6,UDP,50468,443,,forward,20260823_170006_other_001_2088,Other
1787484654.165656,108,6,UDP,443,50468,,forward,20260823_170006_other_001_2088,Other
1787484654.174635,369,6,UDP,443,50468,,forward,20260823_170006_other_001_2088,Other
1787484654.174635,369,6,UDP,443,50468,,forward,20260823_170006_other_001_2088,Other
1787484654.174895,108,6,UDP,50468,443,,forward,20260823_170006_other_001_2088,Other
1787484654.180658,108,6,UDP,443,50468,,forward,20260823_170006_other_001_2088,Other
1787484654.195622,157,6,UDP,443,50468,,forward,20260823_170006_other_001_2088,Other
1787484654.196608,108,6,UDP,50468,443,,forward,20260823_170006_other_001_2088,Other
1787484654.197483,145,6,UDP,50468,443,,forward,20260823_170006_other_001_2088,Other
1787484654.201646,597,6,UDP,50468,443,,forward,20260823_170006_other_001_2088,Other
1787484654.241736,108,6,UDP,443,50468,,forward,20260823_170006_other_001_2088,Other
1787484654.241736,108,6,UDP,443,50468,,forward,20260823_170006_other_001_2088,Other
1787484654.241736,145,6,UDP,443,50468,,forward,20260823_170006_other_001_2088,Other
1787484654.241736,1385,6,UDP,443,50468,,forward,20260823_170006_other_001_2088,Other
1787484654.241736,953,6,UDP,443,50468,,forward,20260823_170006_other_001_2088,Other
1787484654.241736,1385,6,UDP,443,50468,,forward,20260823_170006_other_001_2088,Other
1787484654.241736,1385,6,UDP,443,50468,,forward,20260823_170006_other_001_2088,Other
1787484654.241736,1385,6,UDP,443,50468,,forward,20260823_170006_other_001_2088,Other
1787484654.241736,1385,6,UDP,443,50468,,forward,20260823_170006_other_001_2088,Other
1787484654.241736,1385,6,UDP,443,50468,,forward,20260823_170006_other_001_2088,Other
1787484654.242029,108,6,UDP,50468,443,,forward,20260823_170006_other_001_2088,Other
1787484654.242535,190,6,UDP,50468,443,,forward,20260823_170006_other_001_2088,Other
1787484654.242638,145,6,UDP,50468,443,,forward,20260823_170006_other_001_2088,Other
1787484654.274133,108,6,UDP,443,50468,,forward,20260823_170006_other_001_2088,Other
1787484654.274133,997,6,UDP,443,50468,,forward,20260823_170006_other_001_2088,Other
1787484654.274326,108,6,UDP,50468,443,,forward,20260823_170006_other_001_2088,Other
1787484654.275064,145,6,UDP,50468,443,,forward,20260823_170006_other_001_2088,Other
1787484654.296965,225,6,UDP,50468,443,,forward,20260823_170006_other_001_2088,Other
1787484654.297787,1385,6,UDP,50468,443,,forward,20260823_170006_other_001_2088,Other
1787484654.297869,672,6,UDP,50468,443,,forward,20260823_170006_other_001_2088,Other
1787484654.305187,108,6,UDP,443,50468,,forward,20260823_170006_other_001_2088,Other
1787484654.336182,108,6,UDP,443,50468,,forward,20260823_170006_other_001_2088,Other
1787484654.336182,108,6,UDP,443,50468,,forward,20260823_170006_other_001_2088,Other
1787484654.336182,145,6,UDP,443,50468,,forward,20260823_170006_other_001_2088,Other
1787484654.336182,248,6,UDP,443,50468,,forward,20260823_170006_other_001_2088,Other
1787484654.336463,108,6,UDP,50468,443,,forward,20260823_170006_other_001_2088,Other
1787484654.38386,145,6,UDP,50468,443,,forward,20260823_170006_other_001_2088,Other
1787484654.414668,108,6,UDP,443,50468,,forward,20260823_170006_other_001_2088,Other
1787484654.619709,658,6,UDP,443,50468,,forward,20260823_170006_other_001_2088,Other
1787484654.619902,108,6,UDP,50468,443,,forward,20260823_170006_other_001_2088,Other
1787484654.665629,1385,6,UDP,50468,443,,forward,20260823_170006_other_001_2088,Other
1787484654.665716,754,6,UDP,50468,443,,forward,20260823_170006_other_001_2088,Other
1787484654.665755,1239,6,UDP,50468,443,,forward,20260823_170006_other_001_2088,Other
1787484654.697307,108,6,UDP,443,50468,,forward,20260823_170006_other_001_2088,Other
1787484654.697307,145,6,UDP,443,50468,,forward,20260823_170006_other_001_2088,Other
1787484654.697505,108,6,UDP,50468,443,,forward,20260823_170006_other_001_2088,Other
1787484654.741809,145,6,UDP,443,50468,,forward,20260823_170006_other_001_2088,Other
1787484654.742047,108,6,UDP,50468,443,,forward,20260823_170006_other_001_2088,Other
1787484654.823879,104,6,UDP,50468,443,,forward,20260823_170006_other_001_2088,Other
1787484654.855265,108,6,UDP,443,50468,,forward,20260823_170006_other_001_2088,Other
1787484654.935253,145,6,UDP,443,50468,,forward,20260823_170006_other_001_2088,Other
1787484654.935597,108,6,UDP,50468,443,,forward,20260823_170006_other_001_2088,Other
1787484654.935926,145,6,UDP,50468,443,,forward,20260823_170006_other_001_2088,Other
1787484654.966801,108,6,UDP,443,50468,,forward,20260823_170006_other_001_2088,Other
1787484654.980008,1190,6,UDP,443,50468,,forward,20260823_170006_other_001_2088,Other
1787484654.980206,108,6,UDP,50468,443,,forward,20260823_170006_other_001_2088,Other
1787484654.98732,1385,6,UDP,50468,443,,forward,20260823_170006_other_001_2088,Other
1787484654.987403,729,6,UDP,50468,443,,forward,20260823_170006_other_001_2088,Other
1787484655.029762,108,6,UDP,443,50468,,forward,20260823_170006_other_001_2088,Other
1787484655.029762,190,6,UDP,443,50468,,forward,20260823_170006_other_001_2088,Other
1787484655.031406,108,6,UDP,50468,443,,forward,20260823_170006_other_001_2088,Other
1787484655.361126,137,6,UDP,50468,443,,forward,20260823_170006_other_001_2088,Other
1787484655.361233,356,6,UDP,50468,443,,forward,20260823_170006_other_001_2088,Other
1787484655.392845,108,6,UDP,443,50468,,forward,20260823_170006_other_001_2088,Other
1787484655.407465,108,6,UDP,443,50468,,forward,20260823_170006_other_001_2088,Other
1787484655.407465,528,6,UDP,443,50468,,forward,20260823_170006_other_001_2088,Other
1787484655.408025,108,6,UDP,50468,443,,forward,20260823_170006_other_001_2088,Other
1787484655.599046,1385,6,UDP,443,50468,,forward,20260823_170006_other_001_2088,Other
1787484655.599046,1385,6,UDP,443,50468,,forward,20260823_170006_other_001_2088,Other
1787484655.599046,1385,6,UDP,443,50468,,forward,20260823_170006_other_001_2088,Other
1787484655.599046,1385,6,UDP,443,50468,,forward,20260823_170006_other_001_2088,Other
1787484655.599284,108,6,UDP,50468,443,,forward,20260823_170006_other_001_2088,Other
1787484655.599465,145,6,UDP,50468,443,,forward,20260823_170006_other_001_2088,Other
1787484655.599643,145,6,UDP,50468,443,,forward,20260823_170006_other_001_2088,Other
1787484655.605453,1385,6,UDP,443,50468,,forward,20260823_170006_other_001_2088,Other
1787484655.605453,1113,6,UDP,443,50468,,forward,20260823_170006_other_001_2088,Other
1787484655.605453,1385,6,UDP,443,50468,,forward,20260823_170006_other_001_2088,Other
1787484655.605453,1385,6,UDP,443,50468,,forward,20260823_170006_other_001_2088,Other
1787484655.60568,108,6,UDP,50468,443,,forward,20260823_170006_other_001_2088,Other
1787484655.605908,145,6,UDP,50468,443,,forward,20260823_170006_other_001_2088,Other
1787484655.606062,145,6,UDP,50468,443,,forward,20260823_170006_other_001_2088,Other
1787484655.613944,1385,6,UDP,443,50468,,forward,20260823_170006_other_001_2088,Other
1787484655.613944,1385,6,UDP,443,50468,,forward,20260823_170006_other_001_2088,Other
1787484655.613944,1385,6,UDP,443,50468,,forward,20260823_170006_other_001_2088,Other
1787484655.613944,1385,6,UDP,443,50468,,forward,20260823_170006_other_001_2088,Other
1787484655.613944,1385,6,UDP,443,50468,,forward,20260823_170006_other_001_2088,Other
1787484655.613944,1385,6,UDP,443,50468,,forward,20260823_170006_other_001_2088,Other
1787484655.614239,108,6,UDP,50468,443,,forward,20260823_170006_other_001_2088,Other
1787484655.614403,190,6,UDP,50468,443,,forward,20260823_170006_other_001_2088,Other
1787484655.614469,145,6,UDP,50468,443,,forward,20260823_170006_other_001_2088,Other
1787484655.628959,1385,6,UDP,443,50468,,forward,20260823_170006_other_001_2088,Other
1787484655.628959,1385,6,UDP,443,50468,,forward,20260823_170006_other_001_2088,Other
1787484655.628959,1385,6,UDP,443,50468,,forward,20260823_170006_other_001_2088,Other
1787484655.628959,1385,6,UDP,443,50468,,forward,20260823_170006_other_001_2088,Other
1787484655.628959,1385,6,UDP,443,50468,,forward,20260823_170006_other_001_2088,Other
1787484655.628959,1385,6,UDP,443,50468,,forward,20260823_170006_other_001_2088,Other
1787484655.628959,1385,6,UDP,443,50468,,forward,20260823_170006_other_001_2088,Other
1787484655.629237,108,6,UDP,50468,443,,forward,20260823_170006_other_001_2088,Other
1787484655.629408,190,6,UDP,50468,443,,forward,20260823_170006_other_001_2088,Other
1787484655.629452,145,6,UDP,50468,443,,forward,20260823_170006_other_001_2088,Other
1787484655.638789,108,6,UDP,443,50468,,forward,20260823_170006_other_001_2088,Other
1787484655.638789,108,6,UDP,443,50468,,forward,20260823_170006_other_001_2088,Other
1787484655.638789,1385,6,UDP,443,50468,,forward,20260823_170006_other_001_2088,Other
1787484655.638789,1385,6,UDP,443,50468,,forward,20260823_170006_other_001_2088,Other
1787484655.638789,1385,6,UDP,443,50468,,forward,20260823_170006_other_001_2088,Other
1787484655.638789,1385,6,UDP,443,50468,,forward,20260823_170006_other_001_2088,Other
1787484655.638789,108,6,UDP,443,50468,,forward,20260823_170006_other_001_2088,Other
1787484655.638789,108,6,UDP,443,50468,,forward,20260823_170006_other_001_2088,Other
1787484655.638789,1385,6,UDP,443,50468,,forward,20260823_170006_other_001_2088,Other
1787484655.638789,1385,6,UDP,443,50468,,forward,20260823_170006_other_001_2088,Other
1787484655.63907,108,6,UDP,50468,443,,forward,20260823_170006_other_001_2088,Other
1787484655.63957,235,6,UDP,50468,443,,forward,20260823_170006_other_001_2088,Other
1787484655.644458,1385,6,UDP,443,50468,,forward,20260823_170006_other_001_2088,Other
1787484655.644458,1385,6,UDP,443,50468,,forward,20260823_170006_other_001_2088,Other
1787484655.644458,1385,6,UDP,443,50468,,forward,20260823_170006_other_001_2088,Other
1787484655.644458,1385,6,UDP,443,50468,,forward,20260823_170006_other_001_2088,Other
1787484655.644458,108,6,UDP,443,50468,,forward,20260823_170006_other_001_2088,Other
1787484655.644458,108,6,UDP,443,50468,,forward,20260823_170006_other_001_2088,Other
1787484655.644915,108,6,UDP,50468,443,,forward,20260823_170006_other_001_2088,Other
1787484655.645319,190,6,UDP,50468,443,,forward,20260823_170006_other_001_2088,Other
1787484655.660515,1385,6,UDP,443,50468,,forward,20260823_170006_other_001_2088,Other
1787484655.660515,685,6,UDP,443,50468,,forward,20260823_170006_other_001_2088,Other
1787484655.660515,108,6,UDP,443,50468,,forward,20260823_170006_other_001_2088,Other
1787484655.660844,108,6,UDP,50468,443,,forward,20260823_170006_other_001_2088,Other
1787484655.661477,145,6,UDP,50468,443,,forward,20260823_170006_other_001_2088,Other
1787484655.672314,108,6,UDP,443,50468,,forward,20260823_170006_other_001_2088,Other
1787484655.672314,108,6,UDP,443,50468,,forward,20260823_170006_other_001_2088,Other
1787484655.681887,1385,6,UDP,50468,443,,forward,20260823_170006_other_001_2088,Other
1787484655.681977,861,6,UDP,50468,443,,forward,20260823_170006_other_001_2088,Other
1787484655.704371,108,6,UDP,443,50468,,forward,20260823_170006_other_001_2088,Other
1787484655.722437,108,6,UDP,443,50468,,forward,20260823_170006_other_001_2088,Other
1787484655.722437,190,6,UDP,443,50468,,forward,20260823_170006_other_001_2088,Other
1787484655.722797,108,6,UDP,50468,443,,forward,20260823_170006_other_001_2088,Other
1787484655.876445,1385,6,UDP,443,50468,,forward,20260823_170006_other_001_2088,Other
1787484655.876445,1385,6,UDP,443,50468,,forward,20260823_170006_other_001_2088,Other
1787484655.876445,916,6,UDP,443,50468,,forward,20260823_170006_other_001_2088,Other
1787484655.876688,108,6,UDP,50468,443,,forward,20260823_170006_other_001_2088,Other
1787484655.877054,145,6,UDP,50468,443,,forward,20260823_170006_other_001_2088,Other
1787484655.886907,1385,6,UDP,50468,443,,forward,20260823_170006_other_001_2088,Other
1787484655.887023,810,6,UDP,50468,443,,forward,20260823_170006_other_001_2088,Other
1787484655.911441,108,6,UDP,443,50468,,forward,20260823_170006_other_001_2088,Other
1787484655.93249,108,6,UDP,443,50468,,forward,20260823_170006_other_001_2088,Other
1787484655.93249,190,6,UDP,443,50468,,forward,20260823_170006_other_001_2088,Other
1787484655.932725,108,6,UDP,50468,443,,forward,20260823_170006_other_001_2088,Other
1787484656.345456,1379,6,UDP,50468,443,,forward,20260823_170006_other_001_2088,Other
1787484656.345547,1383,6,UDP,50468,443,,forward,20260823_170006_other_001_2088,Other
1787484656.345577,1383,6,UDP,50468,443,,forward,20260823_170006_other_001_2088,Other
1787484656.345599,1383,6,UDP,50468,443,,forward,20260823_170006_other_001_2088,Other
1787484656.345621,777,6,UDP,50468,443,,forward,20260823_170006_other_001_2088,Other
1787484656.345647,1377,6,UDP,50468,443,,forward,20260823_170006_other_001_2088,Other
1787484656.345668,1319,6,UDP,50468,443,,forward,20260823_170006_other_001_2088,Other
1787484656.376742,108,6,UDP,443,50468,,forward,20260823_170006_other_001_2088,Other
1787484656.509108,1385,6,UDP,443,50468,,forward,20260823_170006_other_001_2088,Other
1787484656.509108,277,6,UDP,443,50468,,forward,20260823_170006_other_001_2088,Other
1787484656.509323,108,6,UDP,50468,443,,forward,20260823_170006_other_001_2088,Other
1787484656.509662,145,6,UDP,50468,443,,forward,20260823_170006_other_001_2088,Other
1787484656.541189,108,6,UDP,443,50468,,forward,20260823_170006_other_001_2088,Other
1787484656.623111,176,6,UDP,443,50468,,forward,20260823_170006_other_001_2088,Other
1787484656.623111,176,6,UDP,443,50468,,forward,20260823_170006_other_001_2088,Other
1787484656.623111,180,6,UDP,443,50468,,forward,20260823_170006_other_001_2088,Other
1787484656.623539,108,6,UDP,50468,443,,forward,20260823_170006_other_001_2088,Other
1787484656.62429,184,6,UDP,50468,443,,forward,20260823_170006_other_001_2088,Other
1787484656.653628,177,6,UDP,443,50468,,forward,20260823_170006_other_001_2088,Other
1787484656.653628,605,6,UDP,443,50468,,forward,20260823_170006_other_001_2088,Other
1787484656.653628,108,6,UDP,443,50468,,forward,20260823_170006_other_001_2088,Other
1787484656.65397,108,6,UDP,50468,443,,forward,20260823_170006_other_001_2088,Other
1787484656.65465,188,6,UDP,50468,443,,forward,20260823_170006_other_001_2088,Other
1787484656.699878,108,6,UDP,443,50468,,forward,20260823_170006_other_001_2088,Other
1787484656.889417,176,6,UDP,50468,443,,forward,20260823_170006_other_001_2088,Other
1787484656.889674,176,6,UDP,50468,443,,forward,20260823_170006_other_001_2088,Other
1787484656.889835,176,6,UDP,50468,443,,forward,20260823_170006_other_001_2088,Other
1787484656.890097,176,6,UDP,50468,443,,forward,20260823_170006_other_001_2088,Other
1787484656.933661,108,6,UDP,443,50468,,forward,20260823_170006_other_001_2088,Other
1787484656.933661,381,6,UDP,443,50468,,forward,20260823_170006_other_001_2088,Other
1787484656.933661,381,6,UDP,443,50468,,forward,20260823_170006_other_001_2088,Other
1787484656.933661,454,6,UDP,443,50468,,forward,20260823_170006_other_001_2088,Other
1787484656.933661,454,6,UDP,443,50468,,forward,20260823_170006_other_001_2088,Other
1787484656.933915,108,6,UDP,50468,443,,forward,20260823_170006_other_001_2088,Other
1787484656.934522,286,6,UDP,50468,443,,forward,20260823_170006_other_001_2088,Other
1787484656.964171,177,6,UDP,443,50468,,forward,20260823_170006_other_001_2088,Other
1787484656.964171,108,6,UDP,443,50468,,forward,20260823_170006_other_001_2088,Other
1787484656.96474,108,6,UDP,50468,443,,forward,20260823_170006_other_001_2088,Other
1787484656.965071,252,6,UDP,50468,443,,forward,20260823_170006_other_001_2088,Other
1787484656.979243,259,6,UDP,443,50468,,forward,20260823_170006_other_001_2088,Other
1787484656.979243,259,6,UDP,443,50468,,forward,20260823_170006_other_001_2088,Other
1787484656.979243,165,6,UDP,443,50468,,forward,20260823_170006_other_001_2088,Other
1787484656.979485,108,6,UDP,50468,443,,forward,20260823_170006_other_001_2088,Other
1787484656.979885,165,6,UDP,50468,443,,forward,20260823_170006_other_001_2088,Other
1787484656.984987,157,6,UDP,50468,443,,forward,20260823_170006_other_001_2088,Other
1787484657.009181,108,6,UDP,443,50468,,forward,20260823_170006_other_001_2088,Other
1787484657.009181,381,6,UDP,443,50468,,forward,20260823_170006_other_001_2088,Other
1787484657.009181,381,6,UDP,443,50468,,forward,20260823_170006_other_001_2088,Other
1787484657.009181,108,6,UDP,443,50468,,forward,20260823_170006_other_001_2088,Other
1787484657.009475,108,6,UDP,50468,443,,forward,20260823_170006_other_001_2088,Other
1787484657.013268,108,6,UDP,443,50468,,forward,20260823_170006_other_001_2088,Other
1787484657.03917,157,6,UDP,443,50468,,forward,20260823_170006_other_001_2088,Other
1787484657.039381,108,6,UDP,50468,443,,forward,20260823_170006_other_001_2088,Other
1787484657.039635,145,6,UDP,50468,443,,forward,20260823_170006_other_001_2088,Other
1787484657.044753,609,6,UDP,50468,443,,forward,20260823_170006_other_001_2088,Other
1787484657.072692,108,6,UDP,443,50468,,forward,20260823_170006_other_001_2088,Other
1787484657.072692,108,6,UDP,443,50468,,forward,20260823_170006_other_001_2088,Other
1787484657.072692,145,6,UDP,443,50468,,forward,20260823_170006_other_001_2088,Other
1787484657.07297,108,6,UDP,50468,443,,forward,20260823_170006_other_001_2088,Other
1787484657.080141,1385,6,UDP,443,50468,,forward,20260823_170006_other_001_2088,Other
1787484657.080141,1385,6,UDP,443,50468,,forward,20260823_170006_other_001_2088,Other
1787484657.080141,1385,6,UDP,443,50468,,forward,20260823_170006_other_001_2088,Other
1787484657.080141,380,6,UDP,443,50468,,forward,20260823_170006_other_001_2088,Other
1787484657.080382,108,6,UDP,50468,443,,forward,20260823_170006_other_001_2088,Other
1787484657.080705,190,6,UDP,50468,443,,forward,20260823_170006_other_001_2088,Other
1787484657.109979,303,6,UDP,50468,443,,forward,20260823_170006_other_001_2088,Other
1787484657.113168,108,6,UDP,443,50468,,forward,20260823_170006_other_001_2088,Other
1787484657.146256,108,6,UDP,443,50468,,forward,20260823_170006_other_001_2088,Other
1787484657.150183,196,6,UDP,443,50468,,forward,20260823_170006_other_001_2088,Other
1787484657.152651,108,6,UDP,50468,443,,forward,20260823_170006_other_001_2088,Other
1787484657.156599,445,6,UDP,50468,443,,forward,20260823_170006_other_001_2088,Other
1787484657.15668,1385,6,UDP,50468,443,,forward,20260823_170006_other_001_2088,Other
1787484657.156707,1385,6,UDP,50468,443,,forward,20260823_170006_other_001_2088,Other
1787484657.156731,1385,6,UDP,50468,443,,forward,20260823_170006_other_001_2088,Other
1787484657.156753,1385,6,UDP,50468,443,,forward,20260823_170006_other_001_2088,Other
1787484657.156775,1385,6,UDP,50468,443,,forward,20260823_170006_other_001_2088,Other
1787484657.156797,717,6,UDP,50468,443,,forward,20260823_170006_other_001_2088,Other
1787484657.197296,108,6,UDP,443,50468,,forward,20260823_170006_other_001_2088,Other
1787484657.197296,108,6,UDP,443,50468,,forward,20260823_170006_other_001_2088,Other
1787484657.197296,145,6,UDP,443,50468,,forward,20260823_170006_other_001_2088,Other
1787484657.197296,108,6,UDP,443,50468,,forward,20260823_170006_other_001_2088,Other
1787484657.197296,108,6,UDP,443,50468,,forward,20260823_170006_other_001_2088,Other
1787484657.197296,190,6,UDP,443,50468,,forward,20260823_170006_other_001_2088,Other
1787484657.197619,108,6,UDP,50468,443,,forward,20260823_170006_other_001_2088,Other
1787484657.24338,145,6,UDP,443,50468,,forward,20260823_170006_other_001_2088,Other
1787484657.243582,108,6,UDP,50468,443,,forward,20260823_170006_other_001_2088,Other
1787484657.434264,1385,6,UDP,443,50468,,forward,20260823_170006_other_001_2088,Other
1787484657.434264,1385,6,UDP,443,50468,,forward,20260823_170006_other_001_2088,Other
1787484657.434264,1385,6,UDP,443,50468,,forward,20260823_170006_other_001_2088,Other
1787484657.434264,1385,6,UDP,443,50468,,forward,20260823_170006_other_001_2088,Other
1787484657.434264,1385,6,UDP,443,50468,,forward,20260823_170006_other_001_2088,Other
1787484657.434264,1113,6,UDP,443,50468,,forward,20260823_170006_other_001_2088,Other
1787484657.434264,1385,6,UDP,443,50468,,forward,20260823_170006_other_001_2088,Other
1787484657.434264,1385,6,UDP,443,50468,,forward,20260823_170006_other_001_2088,Other
1787484657.434264,1385,6,UDP,443,50468,,forward,20260823_170006_other_001_2088,Other
1787484657.434264,1385,6,UDP,443,50468,,forward,20260823_170006_other_001_2088,Other
1787484657.434729,108,6,UDP,50468,443,,forward,20260823_170006_other_001_2088,Other
1787484657.435001,280,6,UDP,50468,443,,forward,20260823_170006_other_001_2088,Other
1787484657.435074,145,6,UDP,50468,443,,forward,20260823_170006_other_001_2088,Other
1787484657.447885,1385,6,UDP,443,50468,,forward,20260823_170006_other_001_2088,Other
1787484657.447885,1385,6,UDP,443,50468,,forward,20260823_170006_other_001_2088,Other
1787484657.447885,1385,6,UDP,443,50468,,forward,20260823_170006_other_001_2088,Other
1787484657.447885,1385,6,UDP,443,50468,,forward,20260823_170006_other_001_2088,Other
1787484657.447885,1385,6,UDP,443,50468,,forward,20260823_170006_other_001_2088,Other
1787484657.448105,108,6,UDP,50468,443,,forward,20260823_170006_other_001_2088,Other
1787484657.448355,190,6,UDP,50468,443,,forward,20260823_170006_other_001_2088,Other
1787484657.480728,108,6,UDP,443,50468,,forward,20260823_170006_other_001_2088,Other
1787484657.480728,214,6,UDP,443,50468,,forward,20260823_170006_other_001_2088,Other
1787484657.480728,108,6,UDP,443,50468,,forward,20260823_170006_other_001_2088,Other
1787484657.480965,108,6,UDP,50468,443,,forward,20260823_170006_other_001_2088,Other
1787484657.481125,145,6,UDP,50468,443,,forward,20260823_170006_other_001_2088,Other
1787484657.510743,108,6,UDP,443,50468,,forward,20260823_170006_other_001_2088,Other
1787484657.832668,187,6,UDP,50468,443,,forward,20260823_170006_other_001_2088,Other
1787484657.832962,187,6,UDP,50468,443,,forward,20260823_170006_other_001_2088,Other
1787484657.833192,187,6,UDP,50468,443,,forward,20260823_170006_other_001_2088,Other
1787484657.833344,187,6,UDP,50468,443,,forward,20260823_170006_other_001_2088,Other
1787484657.858789,86,6,OTHER,0,0,,forward,20260823_170006_other_001_2088,Other
1787484657.859197,277,6,UDP,50468,443,,forward,20260823_170006_other_001_2088,Other
1787484657.874785,108,6,UDP,443,50468,,forward,20260823_170006_other_001_2088,Other
1787484657.874785,78,6,OTHER,0,0,,forward,20260823_170006_other_001_2088,Other
1787484657.874785,276,6,UDP,443,50468,,forward,20260823_170006_other_001_2088,Other
1787484657.874785,108,6,UDP,443,50468,,forward,20260823_170006_other_001_2088,Other
1787484657.874785,276,6,UDP,443,50468,,forward,20260823_170006_other_001_2088,Other
1787484657.874785,323,6,UDP,443,50468,,forward,20260823_170006_other_001_2088,Other
1787484657.874785,323,6,UDP,443,50468,,forward,20260823_170006_other_001_2088,Other
1787484657.875052,108,6,UDP,50468,443,,forward,20260823_170006_other_001_2088,Other
1787484657.875703,306,6,UDP,50468,443,,forward,20260823_170006_other_001_2088,Other
1787484657.905854,274,6,UDP,50468,443,,forward,20260823_170006_other_001_2088,Other
1787484657.912132,108,6,UDP,443,50468,,forward,20260823_170006_other_001_2088,Other
1787484657.912132,145,6,UDP,443,50468,,forward,20260823_170006_other_001_2088,Other
1787484657.912132,108,6,UDP,443,50468,,forward,20260823_170006_other_001_2088,Other
1787484657.912387,108,6,UDP,50468,443,,forward,20260823_170006_other_001_2088,Other
1787484657.924835,269,6,UDP,443,50468,,forward,20260823_170006_other_001_2088,Other
1787484657.924835,269,6,UDP,443,50468,,forward,20260823_170006_other_001_2088,Other
1787484657.925052,108,6,UDP,50468,443,,forward,20260823_170006_other_001_2088,Other
1787484657.929937,157,6,UDP,50468,443,,forward,20260823_170006_other_001_2088,Other
1787484657.936846,108,6,UDP,443,50468,,forward,20260823_170006_other_001_2088,Other
1787484657.943978,323,6,UDP,443,50468,,forward,20260823_170006_other_001_2088,Other
1787484657.943978,323,6,UDP,443,50468,,forward,20260823_170006_other_001_2088,Other
1787484657.944219,108,6,UDP,50468,443,,forward,20260823_170006_other_001_2088,Other
1787484657.971432,108,6,UDP,443,50468,,forward,20260823_170006_other_001_2088,Other
1787484658.062849,246,6,UDP,443,50468,,forward,20260823_170006_other_001_2088,Other
1787484658.063045,108,6,UDP,50468,443,,forward,20260823_170006_other_001_2088,Other
1787484658.093845,157,6,UDP,443,50468,,forward,20260823_170006_other_001_2088,Other
1787484658.09405,108,6,UDP,50468,443,,forward,20260823_170006_other_001_2088,Other
1787484658.094438,145,6,UDP,50468,443,,forward,20260823_170006_other_001_2088,Other
1787484658.099915,620,6,UDP,50468,443,,forward,20260823_170006_other_001_2088,Other
1787484658.110465,145,6,UDP,50468,443,,forward,20260823_170006_other_001_2088,Other
1787484658.125854,108,6,UDP,443,50468,,forward,20260823_170006_other_001_2088,Other
1787484658.140835,108,6,UDP,443,50468,,forward,20260823_170006_other_001_2088,Other
1787484658.140835,145,6,UDP,443,50468,,forward,20260823_170006_other_001_2088,Other
1787484658.140835,108,6,UDP,443,50468,,forward,20260823_170006_other_001_2088,Other
1787484658.141095,108,6,UDP,50468,443,,forward,20260823_170006_other_001_2088,Other
1787484658.25188,1385,6,UDP,443,50468,,forward,20260823_170006_other_001_2088,Other
1787484658.25188,1385,6,UDP,443,50468,,forward,20260823_170006_other_001_2088,Other
1787484658.25188,1385,6,UDP,443,50468,,forward,20260823_170006_other_001_2088,Other
1787484658.25188,1385,6,UDP,443,50468,,forward,20260823_170006_other_001_2088,Other
1787484658.25188,1385,6,UDP,443,50468,,forward,20260823_170006_other_001_2088,Other
1787484658.25188,1113,6,UDP,443,50468,,forward,20260823_170006_other_001_2088,Other
1787484658.25188,1385,6,UDP,443,50468,,forward,20260823_170006_other_001_2088,Other
1787484658.252393,108,6,UDP,50468,443,,forward,20260823_170006_other_001_2088,Other
1787484658.252962,415,6,UDP,50468,443,,forward,20260823_170006_other_001_2088,Other
1787484658.274281,594,6,UDP,443,50468,,forward,20260823_170006_other_001_2088,Other
1787484658.274511,108,6,UDP,50468,443,,forward,20260823_170006_other_001_2088,Other
1787484658.297967,108,6,UDP,443,50468,,forward,20260823_170006_other_001_2088,Other
1787484658.297967,1290,6,UDP,443,50468,,forward,20260823_170006_other_001_2088,Other
1787484658.298388,108,6,UDP,50468,443,,forward,20260823_170006_other_001_2088,Other
1787484658.299467,145,6,UDP,50468,443,,forward,20260823_170006_other_001_2088,Other
1787484658.320386,271,6,UDP,50468,443,,forward,20260823_170006_other_001_2088,Other
1787484658.329083,108,6,UDP,443,50468,,forward,20260823_170006_other_001_2088,Other
1787484658.329291,145,6,UDP,50468,443,,forward,20260823_170006_other_001_2088,Other
1787484658.361379,108,6,UDP,443,50468,,forward,20260823_170006_other_001_2088,Other
1787484658.361379,145,6,UDP,443,50468,,forward,20260823_170006_other_001_2088,Other
1787484658.361379,108,6,UDP,443,50468,,forward,20260823_170006_other_001_2088,Other
1787484658.361684,108,6,UDP,50468,443,,forward,20260823_170006_other_001_2088,Other
1787484658.470945,419,6,UDP,443,50468,,forward,20260823_170006_other_001_2088,Other
1787484658.471168,108,6,UDP,50468,443,,forward,20260823_170006_other_001_2088,Other
1787484658.471437,145,6,UDP,50468,443,,forward,20260823_170006_other_001_2088,Other
1787484658.474305,232,6,UDP,50468,443,,forward,20260823_170006_other_001_2088,Other
1787484658.477929,1385,6,UDP,50468,443,,forward,20260823_170006_other_001_2088,Other
1787484658.478035,452,6,UDP,50468,443,,forward,20260823_170006_other_001_2088,Other
1787484658.50093,108,6,UDP,443,50468,,forward,20260823_170006_other_001_2088,Other
1787484658.50093,214,6,UDP,443,50468,,forward,20260823_170006_other_001_2088,Other
1787484658.50164,108,6,UDP,50468,443,,forward,20260823_170006_other_001_2088,Other
1787484658.501867,145,6,UDP,50468,443,,forward,20260823_170006_other_001_2088,Other
1787484658.501998,183,6,UDP,50468,443,,forward,20260823_170006_other_001_2088,Other
1787484658.516353,108,6,UDP,443,50468,,forward,20260823_170006_other_001_2088,Other
1787484658.516353,145,6,UDP,443,50468,,forward,20260823_170006_other_001_2088,Other
1787484658.516353,108,6,UDP,443,50468,,forward,20260823_170006_other_001_2088,Other
1787484658.516353,190,6,UDP,443,50468,,forward,20260823_170006_other_001_2088,Other
1787484658.516353,145,6,UDP,443,50468,,forward,20260823_170006_other_001_2088,Other
1787484658.516615,108,6,UDP,50468,443,,forward,20260823_170006_other_001_2088,Other
1787484658.516961,145,6,UDP,50468,443,,forward,20260823_170006_other_001_2088,Other
1787484658.533023,108,6,UDP,443,50468,,forward,20260823_170006_other_001_2088,Other
1787484658.533023,108,6,UDP,443,50468,,forward,20260823_170006_other_001_2088,Other
1787484658.533023,145,6,UDP,443,50468,,forward,20260823_170006_other_001_2088,Other
1787484658.533282,108,6,UDP,50468,443,,forward,20260823_170006_other_001_2088,Other
1787484658.546527,108,6,UDP,443,50468,,forward,20260823_170006_other_001_2088,Other
1787484658.625427,183,6,UDP,443,50468,,forward,20260823_170006_other_001_2088,Other
1787484658.625666,108,6,UDP,50468,443,,forward,20260823_170006_other_001_2088,Other
1787484658.625963,145,6,UDP,50468,443,,forward,20260823_170006_other_001_2088,Other
1787484658.656279,108,6,UDP,443,50468,,forward,20260823_170006_other_001_2088,Other
1787484658.831473,886,6,UDP,443,50468,,forward,20260823_170006_other_001_2088,Other
1787484658.831668,104,6,UDP,50468,443,,forward,20260823_170006_other_001_2088,Other
1787484658.831785,108,6,UDP,50468,443,,forward,20260823_170006_other_001_2088,Other
1787484658.832014,145,6,UDP,50468,443,,forward,20260823_170006_other_001_2088,Other
1787484658.863087,108,6,UDP,443,50468,,forward,20260823_170006_other_001_2088,Other
1787484662.151093,247,6,UDP,443,50468,,forward,20260823_170006_other_001_2088,Other
1787484662.151286,108,6,UDP,50468,443,,forward,20260823_170006_other_001_2088,Other
1787484662.151746,300,6,UDP,50468,443,,forward,20260823_170006_other_001_2088,Other
1787484662.182106,108,6,UDP,443,50468,,forward,20260823_170006_other_001_2088,Other
1787484662.182106,165,6,UDP,443,50468,,forward,20260823_170006_other_001_2088,Other
1787484662.182468,108,6,UDP,50468,443,,forward,20260823_170006_other_001_2088,Other
1787484662.737719,189,6,UDP,443,50468,,forward,20260823_170006_other_001_2088,Other
1787484662.738855,108,6,UDP,50468,443,,forward,20260823_170006_other_001_2088,Other
1787484662.739182,193,6,UDP,50468,443,,forward,20260823_170006_other_001_2088,Other
1787484662.771195,108,6,UDP,443,50468,,forward,20260823_170006_other_001_2088,Other
1787484662.771195,165,6,UDP,443,50468,,forward,20260823_170006_other_001_2088,Other
1787484662.771459,108,6,UDP,50468,443,,forward,20260823_170006_other_001_2088,Other
1787484662.831324,104,6,UDP,50468,443,,forward,20260823_170006_other_001_2088,Other
1787484662.861704,108,6,UDP,443,50468,,forward,20260823_170006_other_001_2088,Other
1787484662.862714,86,6,OTHER,0,0,,forward,20260823_170006_other_001_2088,Other
1787484662.862764,86,6,OTHER,0,0,,forward,20260823_170006_other_001_2088,Other
1787484664.406478,165,6,UDP,443,50468,,forward,20260823_170006_other_001_2088,Other
1787484664.406712,108,6,UDP,50468,443,,forward,20260823_170006_other_001_2088,Other
1787484664.406978,165,6,UDP,50468,443,,forward,20260823_170006_other_001_2088,Other
1787484664.438462,108,6,UDP,443,50468,,forward,20260823_170006_other_001_2088,Other
1787484664.661036,165,6,UDP,443,50468,,forward,20260823_170006_other_001_2088,Other
1787484664.661036,165,6,UDP,443,50468,,forward,20260823_170006_other_001_2088,Other
1787484664.66146,108,6,UDP,50468,443,,forward,20260823_170006_other_001_2088,Other
1787484664.661684,230,6,UDP,50468,443,,forward,20260823_170006_other_001_2088,Other
1787484664.704115,108,6,UDP,443,50468,,forward,20260823_170006_other_001_2088,Other
1787484665.17066,165,6,UDP,443,50468,,forward,20260823_170006_other_001_2088,Other
1787484665.170907,108,6,UDP,50468,443,,forward,20260823_170006_other_001_2088,Other
1787484665.171199,165,6,UDP,50468,443,,forward,20260823_170006_other_001_2088,Other
1787484665.202603,108,6,UDP,443,50468,,forward,20260823_170006_other_001_2088,Other
1787484666.19729,145,6,UDP,443,50468,,forward,20260823_170006_other_001_2088,Other
1787484666.197479,108,6,UDP,50468,443,,forward,20260823_170006_other_001_2088,Other
1787484666.19781,145,6,UDP,50468,443,,forward,20260823_170006_other_001_2088,Other
1787484666.229383,108,6,UDP,443,50468,,forward,20260823_170006_other_001_2088,Other
1787484666.438946,195,6,UDP,50468,443,,forward,20260823_170006_other_001_2088,Other
1787484666.439291,195,6,UDP,50468,443,,forward,20260823_170006_other_001_2088,Other
1787484666.439729,195,6,UDP,50468,443,,forward,20260823_170006_other_001_2088,Other
1787484666.440114,195,6,UDP,50468,443,,forward,20260823_170006_other_001_2088,Other
1787484666.482348,108,6,UDP,443,50468,,forward,20260823_170006_other_001_2088,Other
1787484666.482348,328,6,UDP,443,50468,,forward,20260823_170006_other_001_2088,Other
1787484666.482348,328,6,UDP,443,50468,,forward,20260823_170006_other_001_2088,Other
1787484666.482348,316,6,UDP,443,50468,,forward,20260823_170006_other_001_2088,Other
1787484666.482348,316,6,UDP,443,50468,,forward,20260823_170006_other_001_2088,Other
1787484666.482703,108,6,UDP,50468,443,,forward,20260823_170006_other_001_2088,Other
1787484666.48426,177,6,UDP,50468,443,,forward,20260823_170006_other_001_2088,Other
1787484666.515142,108,6,UDP,443,50468,,forward,20260823_170006_other_001_2088,Other
1787484666.767883,177,6,UDP,443,50468,,forward,20260823_170006_other_001_2088,Other
1787484666.768317,108,6,UDP,50468,443,,forward,20260823_170006_other_001_2088,Other
1787484666.768615,165,6,UDP,50468,443,,forward,20260823_170006_other_001_2088,Other
1787484666.769685,381,6,UDP,50468,443,,forward,20260823_170006_other_001_2088,Other
1787484666.798904,108,6,UDP,443,50468,,forward,20260823_170006_other_001_2088,Other
1787484666.81388,108,6,UDP,443,50468,,forward,20260823_170006_other_001_2088,Other
1787484666.81388,165,6,UDP,443,50468,,forward,20260823_170006_other_001_2088,Other
1787484666.814173,108,6,UDP,50468,443,,forward,20260823_170006_other_001_2088,Other
1787484666.828973,104,6,UDP,50468,443,,forward,20260823_170006_other_001_2088,Other
1787484666.855956,108,6,UDP,443,50468,,forward,20260823_170006_other_001_2088,Other
1787484667.050496,1385,6,UDP,443,50468,,forward,20260823_170006_other_001_2088,Other
1787484667.050496,1385,6,UDP,443,50468,,forward,20260823_170006_other_001_2088,Other
1787484667.050496,313,6,UDP,443,50468,,forward,20260823_170006_other_001_2088,Other
1787484667.050704,108,6,UDP,50468,443,,forward,20260823_170006_other_001_2088,Other
1787484667.051675,165,6,UDP,50468,443,,forward,20260823_170006_other_001_2088,Other
1787484667.066978,323,6,UDP,50468,443,,forward,20260823_170006_other_001_2088,Other
1787484667.082447,108,6,UDP,443,50468,,forward,20260823_170006_other_001_2088,Other
1787484667.113424,108,6,UDP,443,50468,,forward,20260823_170006_other_001_2088,Other
1787484667.113424,165,6,UDP,443,50468,,forward,20260823_170006_other_001_2088,Other
1787484667.113859,108,6,UDP,50468,443,,forward,20260823_170006_other_001_2088,Other
1787484667.117434,408,6,UDP,50468,443,,forward,20260823_170006_other_001_2088,Other
1787484667.153465,108,6,UDP,443,50468,,forward,20260823_170006_other_001_2088,Other
1787484667.153465,145,6,UDP,443,50468,,forward,20260823_170006_other_001_2088,Other
1787484667.153711,108,6,UDP,50468,443,,forward,20260823_170006_other_001_2088,Other
1787484667.302429,238,6,UDP,443,50468,,forward,20260823_170006_other_001_2088,Other
1787484667.3026,108,6,UDP,50468,443,,forward,20260823_170006_other_001_2088,Other
1787484667.34797,216,6,UDP,443,50468,,forward,20260823_170006_other_001_2088,Other
1787484667.348183,108,6,UDP,50468,443,,forward,20260823_170006_other_001_2088,Other
1787484667.348281,145,6,UDP,50468,443,,forward,20260823_170006_other_001_2088,Other
1787484667.350427,548,6,UDP,50468,443,,forward,20260823_170006_other_001_2088,Other
1787484667.350652,1385,6,UDP,50468,443,,forward,20260823_170006_other_001_2088,Other
1787484667.350721,1385,6,UDP,50468,443,,forward,20260823_170006_other_001_2088,Other
1787484667.350762,1385,6,UDP,50468,443,,forward,20260823_170006_other_001_2088,Other
1787484667.350796,1385,6,UDP,50468,443,,forward,20260823_170006_other_001_2088,Other
1787484667.350823,1385,6,UDP,50468,443,,forward,20260823_170006_other_001_2088,Other
1787484667.350848,1385,6,UDP,50468,443,,forward,20260823_170006_other_001_2088,Other
1787484667.350871,1385,6,UDP,50468,443,,forward,20260823_170006_other_001_2088,Other
1787484667.350897,1385,6,UDP,50468,443,,forward,20260823_170006_other_001_2088,Other
1787484667.350927,1385,6,UDP,50468,443,,forward,20260823_170006_other_001_2088,Other
1787484667.350954,1385,6,UDP,50468,443,,forward,20260823_170006_other_001_2088,Other
1787484667.385709,108,6,UDP,443,50468,,forward,20260823_170006_other_001_2088,Other
1787484667.385709,234,6,UDP,443,50468,,forward,20260823_170006_other_001_2088,Other
1787484667.385709,108,6,UDP,443,50468,,forward,20260823_170006_other_001_2088,Other
1787484667.385709,108,6,UDP,443,50468,,forward,20260823_170006_other_001_2088,Other
1787484667.385709,108,6,UDP,443,50468,,forward,20260823_170006_other_001_2088,Other
1787484667.385709,295,6,UDP,443,50468,,forward,20260823_170006_other_001_2088,Other
1787484667.385709,165,6,UDP,443,50468,,forward,20260823_170006_other_001_2088,Other
1787484667.385709,165,6,UDP,443,50468,,forward,20260823_170006_other_001_2088,Other
1787484667.386024,108,6,UDP,50468,443,,forward,20260823_170006_other_001_2088,Other
1787484667.386413,1385,6,UDP,50468,443,,forward,20260823_170006_other_001_2088,Other
1787484667.386473,1385,6,UDP,50468,443,,forward,20260823_170006_other_001_2088,Other
1787484667.386505,1385,6,UDP,50468,443,,forward,20260823_170006_other_001_2088,Other
1787484667.386533,1385,6,UDP,50468,443,,forward,20260823_170006_other_001_2088,Other
1787484667.386559,1385,6,UDP,50468,443,,forward,20260823_170006_other_001_2088,Other
1787484667.386595,1385,6,UDP,50468,443,,forward,20260823_170006_other_001_2088,Other
1787484667.386624,1385,6,UDP,50468,443,,forward,20260823_170006_other_001_2088,Other
1787484667.386657,1385,6,UDP,50468,443,,forward,20260823_170006_other_001_2088,Other
1787484667.386688,1385,6,UDP,50468,443,,forward,20260823_170006_other_001_2088,Other
1787484667.386714,1385,6,UDP,50468,443,,forward,20260823_170006_other_001_2088,Other
1787484667.386739,1385,6,UDP,50468,443,,forward,20260823_170006_other_001_2088,Other
1787484667.386764,1385,6,UDP,50468,443,,forward,20260823_170006_other_001_2088,Other
1787484667.386792,1385,6,UDP,50468,443,,forward,20260823_170006_other_001_2088,Other
1787484667.386823,1385,6,UDP,50468,443,,forward,20260823_170006_other_001_2088,Other
1787484667.386853,1385,6,UDP,50468,443,,forward,20260823_170006_other_001_2088,Other
1787484667.38688,1385,6,UDP,50468,443,,forward,20260823_170006_other_001_2088,Other
1787484667.386911,1385,6,UDP,50468,443,,forward,20260823_170006_other_001_2088,Other
1787484667.386945,1385,6,UDP,50468,443,,forward,20260823_170006_other_001_2088,Other
1787484667.417977,108,6,UDP,443,50468,,forward,20260823_170006_other_001_2088,Other
1787484667.417977,108,6,UDP,443,50468,,forward,20260823_170006_other_001_2088,Other
1787484667.417977,230,6,UDP,443,50468,,forward,20260823_170006_other_001_2088,Other
1787484667.417977,230,6,UDP,443,50468,,forward,20260823_170006_other_001_2088,Other
1787484667.418237,108,6,UDP,50468,443,,forward,20260823_170006_other_001_2088,Other
1787484667.418608,1385,6,UDP,50468,443,,forward,20260823_170006_other_001_2088,Other
1787484667.418677,463,6,UDP,50468,443,,forward,20260823_170006_other_001_2088,Other
1787484667.42502,108,6,UDP,443,50468,,forward,20260823_170006_other_001_2088,Other
1787484667.42502,108,6,UDP,443,50468,,forward,20260823_170006_other_001_2088,Other
1787484667.42502,108,6,UDP,443,50468,,forward,20260823_170006_other_001_2088,Other
1787484667.42502,165,6,UDP,443,50468,,forward,20260823_170006_other_001_2088,Other
1787484667.42502,230,6,UDP,443,50468,,forward,20260823_170006_other_001_2088,Other
1787484667.42502,230,6,UDP,443,50468,,forward,20260823_170006_other_001_2088,Other
1787484667.425273,108,6,UDP,50468,443,,forward,20260823_170006_other_001_2088,Other
1787484667.450303,108,6,UDP,443,50468,,forward,20260823_170006_other_001_2088,Other
1787484667.450303,165,6,UDP,443,50468,,forward,20260823_170006_other_001_2088,Other
1787484667.450564,108,6,UDP,50468,443,,forward,20260823_170006_other_001_2088,Other
1787484667.503661,165,6,UDP,443,50468,,forward,20260823_170006_other_001_2088,Other
1787484667.503856,108,6,UDP,50468,443,,forward,20260823_170006_other_001_2088,Other
1787484667.629975,203,6,UDP,443,50468,,forward,20260823_170006_other_001_2088,Other
1787484667.630322,108,6,UDP,50468,443,,forward,20260823_170006_other_001_2088,Other
1787484667.676815,165,6,UDP,50468,443,,forward,20260823_170006_other_001_2088,Other
1787484667.707513,108,6,UDP,443,50468,,forward,20260823_170006_other_001_2088,Other
1787484667.739496,165,6,UDP,443,50468,,forward,20260823_170006_other_001_2088,Other
1787484667.74009,108,6,UDP,50468,443,,forward,20260823_170006_other_001_2088,Other
1787484667.74134,165,6,UDP,50468,443,,forward,20260823_170006_other_001_2088,Other
1787484667.771034,108,6,UDP,443,50468,,forward,20260823_170006_other_001_2088,Other
1787484667.851092,180,6,UDP,50468,443,,forward,20260823_170006_other_001_2088,Other
1787484667.881014,108,6,UDP,443,50468,,forward,20260823_170006_other_001_2088,Other
1787484667.881014,145,6,UDP,443,50468,,forward,20260823_170006_other_001_2088,Other
1787484667.881281,108,6,UDP,50468,443,,forward,20260823_170006_other_001_2088,Other
1787484667.913557,1385,6,UDP,443,50468,,forward,20260823_170006_other_001_2088,Other
1787484667.913557,1385,6,UDP,443,50468,,forward,20260823_170006_other_001_2088,Other
1787484667.913557,754,6,UDP,443,50468,,forward,20260823_170006_other_001_2088,Other
1787484667.913923,108,6,UDP,50468,443,,forward,20260823_170006_other_001_2088,Other
1787484667.914354,165,6,UDP,50468,443,,forward,20260823_170006_other_001_2088,Other
1787484667.943547,108,6,UDP,443,50468,,forward,20260823_170006_other_001_2088,Other
1787484667.953214,250,6,UDP,50468,443,,forward,20260823_170006_other_001_2088,Other
1787484667.953315,1385,6,UDP,50468,443,,forward,20260823_170006_other_001_2088,Other
1787484667.953351,1385,6,UDP,50468,443,,forward,20260823_170006_other_001_2088,Other
1787484667.953374,1385,6,UDP,50468,443,,forward,20260823_170006_other_001_2088,Other
1787484667.953396,1385,6,UDP,50468,443,,forward,20260823_170006_other_001_2088,Other
1787484667.95342,1385,6,UDP,50468,443,,forward,20260823_170006_other_001_2088,Other
1787484667.953442,1385,6,UDP,50468,443,,forward,20260823_170006_other_001_2088,Other
1787484667.953464,1385,6,UDP,50468,443,,forward,20260823_170006_other_001_2088,Other
1787484667.953489,1385,6,UDP,50468,443,,forward,20260823_170006_other_001_2088,Other
1787484667.953515,1385,6,UDP,50468,443,,forward,20260823_170006_other_001_2088,Other
1787484667.953539,1385,6,UDP,50468,443,,forward,20260823_170006_other_001_2088,Other
1787484667.953564,1385,6,UDP,50468,443,,forward,20260823_170006_other_001_2088,Other
1787484667.953589,1385,6,UDP,50468,443,,forward,20260823_170006_other_001_2088,Other
1787484667.953612,1385,6,UDP,50468,443,,forward,20260823_170006_other_001_2088,Other
1787484667.953635,1385,6,UDP,50468,443,,forward,20260823_170006_other_001_2088,Other
1787484667.953657,1385,6,UDP,50468,443,,forward,20260823_170006_other_001_2088,Other
1787484667.95368,1385,6,UDP,50468,443,,forward,20260823_170006_other_001_2088,Other
1787484667.953702,1385,6,UDP,50468,443,,forward,20260823_170006_other_001_2088,Other
1787484667.953726,1385,6,UDP,50468,443,,forward,20260823_170006_other_001_2088,Other
1787484667.953751,1385,6,UDP,50468,443,,forward,20260823_170006_other_001_2088,Other
1787484667.95378,1385,6,UDP,50468,443,,forward,20260823_170006_other_001_2088,Other
1787484667.953807,1385,6,UDP,50468,443,,forward,20260823_170006_other_001_2088,Other
1787484667.953836,1385,6,UDP,50468,443,,forward,20260823_170006_other_001_2088,Other
1787484667.953865,1385,6,UDP,50468,443,,forward,20260823_170006_other_001_2088,Other
1787484667.953893,1385,6,UDP,50468,443,,forward,20260823_170006_other_001_2088,Other
1787484667.953921,1385,6,UDP,50468,443,,forward,20260823_170006_other_001_2088,Other
1787484667.953947,1385,6,UDP,50468,443,,forward,20260823_170006_other_001_2088,Other
1787484667.953978,1385,6,UDP,50468,443,,forward,20260823_170006_other_001_2088,Other
1787484667.954005,1385,6,UDP,50468,443,,forward,20260823_170006_other_001_2088,Other
1787484667.954034,1385,6,UDP,50468,443,,forward,20260823_170006_other_001_2088,Other
1787484667.954062,488,6,UDP,50468,443,,forward,20260823_170006_other_001_2088,Other
1787484667.990132,108,6,UDP,443,50468,,forward,20260823_170006_other_001_2088,Other
1787484667.990132,108,6,UDP,443,50468,,forward,20260823_170006_other_001_2088,Other
1787484667.990132,295,6,UDP,443,50468,,forward,20260823_170006_other_001_2088,Other
1787484667.990132,295,6,UDP,443,50468,,forward,20260823_170006_other_001_2088,Other
1787484667.990132,360,6,UDP,443,50468,,forward,20260823_170006_other_001_2088,Other
1787484667.990132,230,6,UDP,443,50468,,forward,20260823_170006_other_001_2088,Other
1787484667.990132,108,6,UDP,443,50468,,forward,20260823_170006_other_001_2088,Other
1787484667.990132,108,6,UDP,443,50468,,forward,20260823_170006_other_001_2088,Other
1787484667.990132,230,6,UDP,443,50468,,forward,20260823_170006_other_001_2088,Other
1787484667.990132,230,6,UDP,443,50468,,forward,20260823_170006_other_001_2088,Other
1787484667.990132,295,6,UDP,443,50468,,forward,20260823_170006_other_001_2088,Other
1787484667.990132,165,6,UDP,443,50468,,forward,20260823_170006_other_001_2088,Other
1787484667.990132,108,6,UDP,443,50468,,forward,20260823_170006_other_001_2088,Other
1787484667.990132,108,6,UDP,443,50468,,forward,20260823_170006_other_001_2088,Other
1787484667.990132,108,6,UDP,443,50468,,forward,20260823_170006_other_001_2088,Other
1787484667.990132,230,6,UDP,443,50468,,forward,20260823_170006_other_001_2088,Other
1787484667.990132,165,6,UDP,443,50468,,forward,20260823_170006_other_001_2088,Other
1787484667.990132,165,6,UDP,443,50468,,forward,20260823_170006_other_001_2088,Other
1787484667.990682,108,6,UDP,50468,443,,forward,20260823_170006_other_001_2088,Other
1787484668.273626,207,6,UDP,443,50468,,forward,20260823_170006_other_001_2088,Other
1787484668.273846,108,6,UDP,50468,443,,forward,20260823_170006_other_001_2088,Other
1787484668.300762,408,6,UDP,50468,443,,forward,20260823_170006_other_001_2088,Other
1787484668.321756,165,6,UDP,50468,443,,forward,20260823_170006_other_001_2088,Other
1787484668.336668,108,6,UDP,443,50468,,forward,20260823_170006_other_001_2088,Other
1787484668.336668,145,6,UDP,443,50468,,forward,20260823_170006_other_001_2088,Other
1787484668.336894,108,6,UDP,50468,443,,forward,20260823_170006_other_001_2088,Other
1787484668.352439,108,6,UDP,443,50468,,forward,20260823_170006_other_001_2088,Other
1787484668.478453,238,6,UDP,443,50468,,forward,20260823_170006_other_001_2088,Other
1787484668.478655,108,6,UDP,50468,443,,forward,20260823_170006_other_001_2088,Other
1787484668.526173,145,6,UDP,50468,443,,forward,20260823_170006_other_001_2088,Other
1787484668.558133,108,6,UDP,443,50468,,forward,20260823_170006_other_001_2088,Other
1787484668.732684,1385,6,UDP,443,50468,,forward,20260823_170006_other_001_2088,Other
1787484668.732684,1385,6,UDP,443,50468,,forward,20260823_170006_other_001_2088,Other
1787484668.732684,687,6,UDP,443,50468,,forward,20260823_170006_other_001_2088,Other
1787484668.732902,108,6,UDP,50468,443,,forward,20260823_170006_other_001_2088,Other
1787484668.733269,165,6,UDP,50468,443,,forward,20260823_170006_other_001_2088,Other
1787484668.764214,108,6,UDP,443,50468,,forward,20260823_170006_other_001_2088,Other
1787484668.780317,165,6,UDP,50468,443,,forward,20260823_170006_other_001_2088,Other
1787484668.809013,108,6,UDP,443,50468,,forward,20260823_170006_other_001_2088,Other
1787484669.272935,145,6,UDP,443,50468,,forward,20260823_170006_other_001_2088,Other
1787484669.27327,108,6,UDP,50468,443,,forward,20260823_170006_other_001_2088,Other
1787484669.2735,145,6,UDP,50468,443,,forward,20260823_170006_other_001_2088,Other
1787484669.30378,108,6,UDP,443,50468,,forward,20260823_170006_other_001_2088,Other
1787484670.007726,165,6,UDP,50468,443,,forward,20260823_170006_other_001_2088,Other
1787484670.035635,108,6,UDP,443,50468,,forward,20260823_170006_other_001_2088,Other
1787484670.035635,165,6,UDP,443,50468,,forward,20260823_170006_other_001_2088,Other
1787484670.035879,108,6,UDP,50468,443,,forward,20260823_170006_other_001_2088,Other
1787484670.036187,165,6,UDP,50468,443,,forward,20260823_170006_other_001_2088,Other
1787484670.070184,108,6,UDP,443,50468,,forward,20260823_170006_other_001_2088,Other
