timestamp,packet_length,ip_version,protocol,source_port,destination_port,tcp_flags,direction,session_id,traffic_class
1787484521.481982,169,6,UDP,443,50468,,forward,20260823_165837_other_001_2277,Other
1787484521.481982,145,6,UDP,443,50468,,forward,20260823_165837_other_001_2277,Other
1787484521.482193,108,6,UDP,50468,443,,forward,20260823_165837_other_001_2277,Other
1787484521.48248,190,6,UDP,50468,443,,forward,20260823_165837_other_001_2277,Other
1787484521.515283,108,6,UDP,443,50468,,forward,20260823_165837_other_001_2277,Other
1787484522.134076,291,6,UDP,443,50468,,forward,20260823_165837_other_001_2277,Other
1787484522.134305,108,6,UDP,50468,443,,forward,20260823_165837_other_001_2277,Other
1787484522.134704,200,6,UDP,50468,443,,forward,20260823_165837_other_001_2277,Other
1787484522.134742,200,6,UDP,50468,443,,forward,20260823_165837_other_001_2277,Other
1787484522.165088,108,6,UDP,443,50468,,forward,20260823_165837_other_001_2277,Other
1787484522.165088,165,6,UDP,443,50468,,forward,20260823_165837_other_001_2277,Other
1787484522.165446,108,6,UDP,50468,443,,forward,20260823_165837_other_001_2277,Other
1787484522.198574,187,6,UDP,50468,443,,forward,20260823_165837_other_001_2277,Other
1787484522.198664,187,6,UDP,50468,443,,forward,20260823_165837_other_001_2277,Other
1787484522.199062,187,6,UDP,50468,443,,forward,20260823_165837_other_001_2277,Other
1787484522.199505,187,6,UDP,50468,443,,forward,20260823_165837_other_001_2277,Other
1787484522.228641,108,6,UDP,443,50468,,forward,20260823_165837_other_001_2277,Other
1787484522.237596,108,6,UDP,443,50468,,forward,20260823_165837_other_001_2277,Other
1787484522.237596,430,6,UDP,443,50468,,forward,20260823_165837_other_001_2277,Other
1787484522.237596,430,6,UDP,443,50468,,forward,20260823_165837_other_001_2277,Other
1787484522.237822,108,6,UDP,50468,443,,forward,20260823_165837_other_001_2277,Other
1787484522.547765,380,6,UDP,443,50468,,forward,20260823_165837_other_001_2277,Other
1787484522.547765,380,6,UDP,443,50468,,forward,20260823_165837_other_001_2277,Other
1787484522.547983,108,6,UDP,50468,443,,forward,20260823_165837_other_001_2277,Other
1787484522.548639,227,6,UDP,50468,443,,forward,20260823_165837_other_001_2277,Other
1787484522.548894,227,6,UDP,50468,443,,forward,20260823_165837_other_001_2277,Other
1787484522.578179,108,6,UDP,443,50468,,forward,20260823_165837_other_001_2277,Other
1787484522.689188,305,6,UDP,443,50468,,forward,20260823_165837_other_001_2277,Other
1787484522.689188,305,6,UDP,443,50468,,forward,20260823_165837_other_001_2277,Other
1787484522.689389,108,6,UDP,50468,443,,forward,20260823_165837_other_001_2277,Other
1787484522.691283,157,6,UDP,50468,443,,forward,20260823_165837_other_001_2277,Other
1787484522.728974,108,6,UDP,443,50468,,forward,20260823_165837_other_001_2277,Other
1787484522.728974,189,6,UDP,443,50468,,forward,20260823_165837_other_001_2277,Other
1787484522.729244,108,6,UDP,50468,443,,forward,20260823_165837_other_001_2277,Other
1787484522.729682,193,6,UDP,50468,443,,forward,20260823_165837_other_001_2277,Other
1787484522.766812,108,6,UDP,443,50468,,forward,20260823_165837_other_001_2277,Other
1787484522.766812,165,6,UDP,443,50468,,forward,20260823_165837_other_001_2277,Other
1787484522.767045,108,6,UDP,50468,443,,forward,20260823_165837_other_001_2277,Other
1787484522.832032,104,6,UDP,50468,443,,forward,20260823_165837_other_001_2277,Other
1787484522.863806,108,6,UDP,443,50468,,forward,20260823_165837_other_001_2277,Other
1787484522.959226,157,6,UDP,443,50468,,forward,20260823_165837_other_001_2277,Other
1787484522.959459,108,6,UDP,50468,443,,forward,20260823_165837_other_001_2277,Other
1787484522.959654,145,6,UDP,50468,443,,forward,20260823_165837_other_001_2277,Other
1787484522.963876,602,6,UDP,50468,443,,forward,20260823_165837_other_001_2277,Other
1787484522.990759,108,6,UDP,443,50468,,forward,20260823_165837_other_001_2277,Other
1787484522.995723,108,6,UDP,443,50468,,forward,20260823_165837_other_001_2277,Other
1787484522.995723,145,6,UDP,443,50468,,forward,20260823_165837_other_001_2277,Other
1787484522.995971,108,6,UDP,50468,443,,forward,20260823_165837_other_001_2277,Other
1787484523.155261,407,6,UDP,50468,443,,forward,20260823_165837_other_001_2277,Other
1787484523.191584,108,6,UDP,443,50468,,forward,20260823_165837_other_001_2277,Other
1787484523.191584,145,6,UDP,443,50468,,forward,20260823_165837_other_001_2277,Other
1787484523.1918,108,6,UDP,50468,443,,forward,20260823_165837_other_001_2277,Other
1787484523.224619,1385,6,UDP,443,50468,,forward,20260823_165837_other_001_2277,Other
1787484523.224619,273,6,UDP,443,50468,,forward,20260823_165837_other_001_2277,Other
1787484523.224619,1385,6,UDP,443,50468,,forward,20260823_165837_other_001_2277,Other
1787484523.224619,1385,6,UDP,443,50468,,forward,20260823_165837_other_001_2277,Other
1787484523.224619,1385,6,UDP,443,50468,,forward,20260823_165837_other_001_2277,Other
1787484523.2249,108,6,UDP,50468,443,,forward,20260823_165837_other_001_2277,Other
1787484523.225094,145,6,UDP,50468,443,,forward,20260823_165837_other_001_2277,Other
1787484523.225195,235,6,UDP,50468,443,,forward,20260823_165837_other_001_2277,Other
1787484523.225258,145,6,UDP,50468,443,,forward,20260823_165837_other_001_2277,Other
1787484523.258707,108,6,UDP,443,50468,,forward,20260823_165837_other_001_2277,Other
1787484523.258707,564,6,UDP,443,50468,,forward,20260823_165837_other_001_2277,Other
1787484523.258913,108,6,UDP,50468,443,,forward,20260823_165837_other_001_2277,Other
1787484523.259116,145,6,UDP,50468,443,,forward,20260823_165837_other_001_2277,Other
1787484523.280094,256,6,UDP,50468,443,,forward,20260823_165837_other_001_2277,Other
1787484523.280994,178,6,UDP,50468,443,,forward,20260823_165837_other_001_2277,Other
1787484523.281346,178,6,UDP,50468,443,,forward,20260823_165837_other_001_2277,Other
1787484523.290357,108,6,UDP,443,50468,,forward,20260823_165837_other_001_2277,Other
1787484523.322311,108,6,UDP,443,50468,,forward,20260823_165837_other_001_2277,Other
1787484523.322311,260,6,UDP,443,50468,,forward,20260823_165837_other_001_2277,Other
1787484523.322311,284,6,UDP,443,50468,,forward,20260823_165837_other_001_2277,Other
1787484523.322311,260,6,UDP,443,50468,,forward,20260823_165837_other_001_2277,Other
1787484523.322311,284,6,UDP,443,50468,,forward,20260823_165837_other_001_2277,Other
1787484523.322527,108,6,UDP,50468,443,,forward,20260823_165837_other_001_2277,Other
1787484523.324162,177,6,UDP,50468,443,,forward,20260823_165837_other_001_2277,Other
1787484523.353841,165,6,UDP,443,50468,,forward,20260823_165837_other_001_2277,Other
1787484523.353841,108,6,UDP,443,50468,,forward,20260823_165837_other_001_2277,Other
1787484523.354164,108,6,UDP,50468,443,,forward,20260823_165837_other_001_2277,Other
1787484523.355162,165,6,UDP,50468,443,,forward,20260823_165837_other_001_2277,Other
1787484523.35832,177,6,UDP,443,50468,,forward,20260823_165837_other_001_2277,Other
1787484523.35832,237,6,UDP,443,50468,,forward,20260823_165837_other_001_2277,Other
1787484523.358541,108,6,UDP,50468,443,,forward,20260823_165837_other_001_2277,Other
1787484523.35874,165,6,UDP,50468,443,,forward,20260823_165837_other_001_2277,Other
1787484523.359044,396,6,UDP,50468,443,,forward,20260823_165837_other_001_2277,Other
1787484523.390997,108,6,UDP,443,50468,,forward,20260823_165837_other_001_2277,Other
1787484523.390997,108,6,UDP,443,50468,,forward,20260823_165837_other_001_2277,Other
1787484523.390997,165,6,UDP,443,50468,,forward,20260823_165837_other_001_2277,Other
1787484523.391222,108,6,UDP,50468,443,,forward,20260823_165837_other_001_2277,Other
1787484523.40237,145,6,UDP,50468,443,,forward,20260823_165837_other_001_2277,Other
1787484523.420671,1385,6,UDP,443,50468,,forward,20260823_165837_other_001_2277,Other
1787484523.420671,370,6,UDP,443,50468,,forward,20260823_165837_other_001_2277,Other
1787484523.420964,108,6,UDP,50468,443,,forward,20260823_165837_other_001_2277,Other
1787484523.421238,165,6,UDP,50468,443,,forward,20260823_165837_other_001_2277,Other
1787484523.439134,271,6,UDP,50468,443,,forward,20260823_165837_other_001_2277,Other
1787484523.44785,108,6,UDP,443,50468,,forward,20260823_165837_other_001_2277,Other
1787484523.458411,108,6,UDP,443,50468,,forward,20260823_165837_other_001_2277,Other
1787484523.47894,108,6,UDP,443,50468,,forward,20260823_165837_other_001_2277,Other
1787484523.47894,145,6,UDP,443,50468,,forward,20260823_165837_other_001_2277,Other
1787484523.479195,108,6,UDP,50468,443,,forward,20260823_165837_other_001_2277,Other
1787484523.701356,349,6,UDP,443,50468,,forward,20260823_165837_other_001_2277,Other
1787484523.701575,108,6,UDP,50468,443,,forward,20260823_165837_other_001_2277,Other
1787484523.701893,145,6,UDP,50468,443,,forward,20260823_165837_other_001_2277,Other
1787484523.704135,602,6,UDP,50468,443,,forward,20260823_165837_other_001_2277,Other
1787484523.732095,108,6,UDP,443,50468,,forward,20260823_165837_other_001_2277,Other
1787484523.747384,108,6,UDP,443,50468,,forward,20260823_165837_other_001_2277,Other
1787484523.747384,145,6,UDP,443,50468,,forward,20260823_165837_other_001_2277,Other
1787484523.747595,108,6,UDP,50468,443,,forward,20260823_165837_other_001_2277,Other
1787484523.857965,165,6,UDP,443,50468,,forward,20260823_165837_other_001_2277,Other
1787484523.858181,108,6,UDP,50468,443,,forward,20260823_165837_other_001_2277,Other
1787484523.858438,165,6,UDP,50468,443,,forward,20260823_165837_other_001_2277,Other
1787484523.903412,108,6,UDP,443,50468,,forward,20260823_165837_other_001_2277,Other
1787484523.966425,515,6,UDP,443,50468,,forward,20260823_165837_other_001_2277,Other
1787484523.966628,108,6,UDP,50468,443,,forward,20260823_165837_other_001_2277,Other
1787484523.966881,145,6,UDP,50468,443,,forward,20260823_165837_other_001_2277,Other
1787484523.975202,329,6,UDP,50468,443,,forward,20260823_165837_other_001_2277,Other
1787484523.997196,108,6,UDP,443,50468,,forward,20260823_165837_other_001_2277,Other
1787484524.01222,108,6,UDP,443,50468,,forward,20260823_165837_other_001_2277,Other
1787484524.01222,1385,6,UDP,443,50468,,forward,20260823_165837_other_001_2277,Other
1787484524.01222,1385,6,UDP,443,50468,,forward,20260823_165837_other_001_2277,Other
1787484524.01222,869,6,UDP,443,50468,,forward,20260823_165837_other_001_2277,Other
1787484524.012517,108,6,UDP,50468,443,,forward,20260823_165837_other_001_2277,Other
1787484524.012756,145,6,UDP,50468,443,,forward,20260823_165837_other_001_2277,Other
1787484524.043111,108,6,UDP,443,50468,,forward,20260823_165837_other_001_2277,Other
1787484524.068047,145,6,UDP,50468,443,,forward,20260823_165837_other_001_2277,Other
1787484524.106445,108,6,UDP,443,50468,,forward,20260823_165837_other_001_2277,Other
1787484524.373648,145,6,UDP,443,50468,,forward,20260823_165837_other_001_2277,Other
1787484524.374189,108,6,UDP,50468,443,,forward,20260823_165837_other_001_2277,Other
1787484524.374431,145,6,UDP,50468,443,,forward,20260823_165837_other_001_2277,Other
1787484524.405739,108,6,UDP,443,50468,,forward,20260823_165837_other_001_2277,Other
1787484524.867801,157,6,UDP,50468,443,,forward,20260823_165837_other_001_2277,Other
1787484524.900577,108,6,UDP,443,50468,,forward,20260823_165837_other_001_2277,Other
1787484525.139766,157,6,UDP,443,50468,,forward,20260823_165837_other_001_2277,Other
1787484525.13997,108,6,UDP,50468,443,,forward,20260823_165837_other_001_2277,Other
1787484525.14015,145,6,UDP,50468,443,,forward,20260823_165837_other_001_2277,Other
1787484525.140758,353,6,UDP,50468,443,,forward,20260823_165837_other_001_2277,Other
1787484525.187024,108,6,UDP,443,50468,,forward,20260823_165837_other_001_2277,Other
1787484525.187024,145,6,UDP,443,50468,,forward,20260823_165837_other_001_2277,Other
1787484525.187266,108,6,UDP,50468,443,,forward,20260823_165837_other_001_2277,Other
1787484525.407182,1385,6,UDP,443,50468,,forward,20260823_165837_other_001_2277,Other
1787484525.407182,953,6,UDP,443,50468,,forward,20260823_165837_other_001_2277,Other
1787484525.407182,1385,6,UDP,443,50468,,forward,20260823_165837_other_001_2277,Other
1787484525.407415,108,6,UDP,50468,443,,forward,20260823_165837_other_001_2277,Other
1787484525.407645,145,6,UDP,50468,443,,forward,20260823_165837_other_001_2277,Other
1787484525.451198,108,6,UDP,443,50468,,forward,20260823_165837_other_001_2277,Other
1787484525.451198,1097,6,UDP,443,50468,,forward,20260823_165837_other_001_2277,Other
1787484525.451466,108,6,UDP,50468,443,,forward,20260823_165837_other_001_2277,Other
1787484525.451551,145,6,UDP,50468,443,,forward,20260823_165837_other_001_2277,Other
1787484525.454708,238,6,UDP,50468,443,,forward,20260823_165837_other_001_2277,Other
1787484525.481709,108,6,UDP,443,50468,,forward,20260823_165837_other_001_2277,Other
1787484525.49057,108,6,UDP,443,50468,,forward,20260823_165837_other_001_2277,Other
1787484525.49057,145,6,UDP,443,50468,,forward,20260823_165837_other_001_2277,Other
1787484525.490789,108,6,UDP,50468,443,,forward,20260823_165837_other_001_2277,Other
1787484525.719763,349,6,UDP,443,50468,,forward,20260823_165837_other_001_2277,Other
1787484525.720014,108,6,UDP,50468,443,,forward,20260823_165837_other_001_2277,Other
1787484525.723813,713,6,UDP,50468,443,,forward,20260823_165837_other_001_2277,Other
1787484525.723921,863,6,UDP,50468,443,,forward,20260823_165837_other_001_2277,Other
1787484525.755436,108,6,UDP,443,50468,,forward,20260823_165837_other_001_2277,Other
1787484525.755436,214,6,UDP,443,50468,,forward,20260823_165837_other_001_2277,Other
1787484525.755436,145,6,UDP,443,50468,,forward,20260823_165837_other_001_2277,Other
1787484525.755663,108,6,UDP,50468,443,,forward,20260823_165837_other_001_2277,Other
1787484525.756054,183,6,UDP,50468,443,,forward,20260823_165837_other_001_2277,Other
1787484525.789015,108,6,UDP,443,50468,,forward,20260823_165837_other_001_2277,Other
1787484525.830272,145,6,UDP,443,50468,,forward,20260823_165837_other_001_2277,Other
1787484525.830477,108,6,UDP,50468,443,,forward,20260823_165837_other_001_2277,Other
1787484525.909795,145,6,UDP,443,50468,,forward,20260823_165837_other_001_2277,Other
1787484525.910004,108,6,UDP,50468,443,,forward,20260823_165837_other_001_2277,Other
1787484525.910216,145,6,UDP,50468,443,,forward,20260823_165837_other_001_2277,Other
1787484525.941861,108,6,UDP,443,50468,,forward,20260823_165837_other_001_2277,Other
1787484525.989303,183,6,UDP,443,50468,,forward,20260823_165837_other_001_2277,Other
1787484525.989553,108,6,UDP,50468,443,,forward,20260823_165837_other_001_2277,Other
1787484526.03743,145,6,UDP,50468,443,,forward,20260823_165837_other_001_2277,Other
1787484526.06889,722,6,UDP,50468,443,,forward,20260823_165837_other_001_2277,Other
1787484526.069023,108,6,UDP,443,50468,,forward,20260823_165837_other_001_2277,Other
1787484526.069023,276,6,UDP,443,50468,,forward,20260823_165837_other_001_2277,Other
1787484526.069339,108,6,UDP,50468,443,,forward,20260823_165837_other_001_2277,Other
1787484526.07004,145,6,UDP,50468,443,,forward,20260823_165837_other_001_2277,Other
1787484526.076112,157,6,UDP,50468,443,,forward,20260823_165837_other_001_2277,Other
1787484526.099838,108,6,UDP,443,50468,,forward,20260823_165837_other_001_2277,Other
1787484526.113637,108,6,UDP,443,50468,,forward,20260823_165837_other_001_2277,Other
1787484526.113637,145,6,UDP,443,50468,,forward,20260823_165837_other_001_2277,Other
1787484526.113637,1385,6,UDP,443,50468,,forward,20260823_165837_other_001_2277,Other
1787484526.113637,1385,6,UDP,443,50468,,forward,20260823_165837_other_001_2277,Other
1787484526.113637,1385,6,UDP,443,50468,,forward,20260823_165837_other_001_2277,Other
1787484526.113637,1385,6,UDP,443,50468,,forward,20260823_165837_other_001_2277,Other
1787484526.113637,1385,6,UDP,443,50468,,forward,20260823_165837_other_001_2277,Other
1787484526.113637,1385,6,UDP,443,50468,,forward,20260823_165837_other_001_2277,Other
1787484526.113637,1385,6,UDP,443,50468,,forward,20260823_165837_other_001_2277,Other
1787484526.113637,1385,6,UDP,443,50468,,forward,20260823_165837_other_001_2277,Other
1787484526.113637,1385,6,UDP,443,50468,,forward,20260823_165837_other_001_2277,Other
1787484526.113637,1385,6,UDP,443,50468,,forward,20260823_165837_other_001_2277,Other
1787484526.113637,1365,6,UDP,443,50468,,forward,20260823_165837_other_001_2277,Other
1787484526.113637,108,6,UDP,443,50468,,forward,20260823_165837_other_001_2277,Other
1787484526.113637,1385,6,UDP,443,50468,,forward,20260823_165837_other_001_2277,Other
1787484526.113637,1385,6,UDP,443,50468,,forward,20260823_165837_other_001_2277,Other
1787484526.114031,108,6,UDP,50468,443,,forward,20260823_165837_other_001_2277,Other
1787484526.114396,145,6,UDP,50468,443,,forward,20260823_165837_other_001_2277,Other
1787484526.114526,190,6,UDP,50468,443,,forward,20260823_165837_other_001_2277,Other
1787484526.114626,190,6,UDP,50468,443,,forward,20260823_165837_other_001_2277,Other
1787484526.11472,190,6,UDP,50468,443,,forward,20260823_165837_other_001_2277,Other
1787484526.146857,108,6,UDP,443,50468,,forward,20260823_165837_other_001_2277,Other
1787484526.146857,932,6,UDP,443,50468,,forward,20260823_165837_other_001_2277,Other
1787484526.147161,108,6,UDP,50468,443,,forward,20260823_165837_other_001_2277,Other
1787484526.14752,145,6,UDP,50468,443,,forward,20260823_165837_other_001_2277,Other
1787484526.178527,108,6,UDP,443,50468,,forward,20260823_165837_other_001_2277,Other
1787484526.346493,157,6,UDP,443,50468,,forward,20260823_165837_other_001_2277,Other
1787484526.3467,108,6,UDP,50468,443,,forward,20260823_165837_other_001_2277,Other
1787484526.346983,145,6,UDP,50468,443,,forward,20260823_165837_other_001_2277,Other
1787484526.347582,353,6,UDP,50468,443,,forward,20260823_165837_other_001_2277,Other
1787484526.379819,108,6,UDP,443,50468,,forward,20260823_165837_other_001_2277,Other
1787484526.379819,145,6,UDP,443,50468,,forward,20260823_165837_other_001_2277,Other
1787484526.380059,108,6,UDP,50468,443,,forward,20260823_165837_other_001_2277,Other
1787484526.618423,1385,6,UDP,443,50468,,forward,20260823_165837_other_001_2277,Other
1787484526.618423,953,6,UDP,443,50468,,forward,20260823_165837_other_001_2277,Other
1787484526.618423,1385,6,UDP,443,50468,,forward,20260823_165837_other_001_2277,Other
1787484526.620924,108,6,UDP,50468,443,,forward,20260823_165837_other_001_2277,Other
1787484526.624367,145,6,UDP,50468,443,,forward,20260823_165837_other_001_2277,Other
1787484526.666413,108,6,UDP,443,50468,,forward,20260823_165837_other_001_2277,Other
1787484526.666413,1097,6,UDP,443,50468,,forward,20260823_165837_other_001_2277,Other
1787484526.666663,108,6,UDP,50468,443,,forward,20260823_165837_other_001_2277,Other
1787484526.666992,145,6,UDP,50468,443,,forward,20260823_165837_other_001_2277,Other
1787484526.670452,238,6,UDP,50468,443,,forward,20260823_165837_other_001_2277,Other
1787484526.70694,108,6,UDP,443,50468,,forward,20260823_165837_other_001_2277,Other
1787484526.70694,108,6,UDP,443,50468,,forward,20260823_165837_other_001_2277,Other
1787484526.70694,145,6,UDP,443,50468,,forward,20260823_165837_other_001_2277,Other
1787484526.707175,108,6,UDP,50468,443,,forward,20260823_165837_other_001_2277,Other
1787484526.821681,104,6,UDP,50468,443,,forward,20260823_165837_other_001_2277,Other
1787484526.852453,86,6,OTHER,0,0,,forward,20260823_165837_other_001_2277,Other
1787484526.852642,108,6,UDP,443,50468,,forward,20260823_165837_other_001_2277,Other
1787484526.8675,78,6,OTHER,0,0,,forward,20260823_165837_other_001_2277,Other
1787484526.931956,145,6,UDP,443,50468,,forward,20260823_165837_other_001_2277,Other
1787484526.931956,165,6,UDP,443,50468,,forward,20260823_165837_other_001_2277,Other
1787484526.931956,165,6,UDP,443,50468,,forward,20260823_165837_other_001_2277,Other
1787484526.932175,108,6,UDP,50468,443,,forward,20260823_165837_other_001_2277,Other
1787484526.932459,210,6,UDP,50468,443,,forward,20260823_165837_other_001_2277,Other
1787484526.932522,165,6,UDP,50468,443,,forward,20260823_165837_other_001_2277,Other
1787484526.944178,418,6,UDP,443,50468,,forward,20260823_165837_other_001_2277,Other
1787484526.944418,108,6,UDP,50468,443,,forward,20260823_165837_other_001_2277,Other
1787484526.948364,713,6,UDP,50468,443,,forward,20260823_165837_other_001_2277,Other
1787484526.948481,183,6,UDP,50468,443,,forward,20260823_165837_other_001_2277,Other
1787484526.948576,854,6,UDP,50468,443,,forward,20260823_165837_other_001_2277,Other
1787484526.963041,108,6,UDP,443,50468,,forward,20260823_165837_other_001_2277,Other
1787484526.976195,108,6,UDP,443,50468,,forward,20260823_165837_other_001_2277,Other
1787484526.978003,280,6,UDP,443,50468,,forward,20260823_165837_other_001_2277,Other
1787484526.978224,108,6,UDP,50468,443,,forward,20260823_165837_other_001_2277,Other
1787484527.21554,183,6,UDP,443,50468,,forward,20260823_165837_other_001_2277,Other
1787484527.21588,108,6,UDP,50468,443,,forward,20260823_165837_other_001_2277,Other
1787484527.261663,145,6,UDP,50468,443,,forward,20260823_165837_other_001_2277,Other
1787484527.292062,108,6,UDP,443,50468,,forward,20260823_165837_other_001_2277,Other
1787484527.292062,276,6,UDP,443,50468,,forward,20260823_165837_other_001_2277,Other
1787484527.292294,108,6,UDP,50468,443,,forward,20260823_165837_other_001_2277,Other
1787484527.293204,145,6,UDP,50468,443,,forward,20260823_165837_other_001_2277,Other
1787484527.323086,108,6,UDP,443,50468,,forward,20260823_165837_other_001_2277,Other
1787484527.323086,145,6,UDP,443,50468,,forward,20260823_165837_other_001_2277,Other
1787484527.323398,108,6,UDP,50468,443,,forward,20260823_165837_other_001_2277,Other
1787484527.323551,145,6,UDP,50468,443,,forward,20260823_165837_other_001_2277,Other
1787484527.354126,108,6,UDP,443,50468,,forward,20260823_165837_other_001_2277,Other
1787484527.549914,1385,6,UDP,50468,443,,forward,20260823_165837_other_001_2277,Other
1787484527.550029,1385,6,UDP,50468,443,,forward,20260823_165837_other_001_2277,Other
1787484527.55007,1385,6,UDP,50468,443,,forward,20260823_165837_other_001_2277,Other
1787484527.550099,1385,6,UDP,50468,443,,forward,20260823_165837_other_001_2277,Other
1787484527.550124,1385,6,UDP,50468,443,,forward,20260823_165837_other_001_2277,Other
1787484527.550147,1385,6,UDP,50468,443,,forward,20260823_165837_other_001_2277,Other
1787484527.550171,1385,6,UDP,50468,443,,forward,20260823_165837_other_001_2277,Other
1787484527.550196,1385,6,UDP,50468,443,,forward,20260823_165837_other_001_2277,Other
1787484527.55022,1385,6,UDP,50468,443,,forward,20260823_165837_other_001_2277,Other
1787484527.550246,1385,6,UDP,50468,443,,forward,20260823_165837_other_001_2277,Other
1787484527.550272,1385,6,UDP,50468,443,,forward,20260823_165837_other_001_2277,Other
1787484527.550311,1385,6,UDP,50468,443,,forward,20260823_165837_other_001_2277,Other
1787484527.550335,1385,6,UDP,50468,443,,forward,20260823_165837_other_001_2277,Other
1787484527.550363,711,6,UDP,50468,443,,forward,20260823_165837_other_001_2277,Other
1787484527.550396,1385,6,UDP,50468,443,,forward,20260823_165837_other_001_2277,Other
1787484527.550423,291,6,UDP,50468,443,,forward,20260823_165837_other_001_2277,Other
1787484527.589745,108,6,UDP,443,50468,,forward,20260823_165837_other_001_2277,Other
1787484527.589745,108,6,UDP,443,50468,,forward,20260823_165837_other_001_2277,Other
1787484527.589745,230,6,UDP,443,50468,,forward,20260823_165837_other_001_2277,Other
1787484527.589745,295,6,UDP,443,50468,,forward,20260823_165837_other_001_2277,Other
1787484527.589745,108,6,UDP,443,50468,,forward,20260823_165837_other_001_2277,Other
1787484527.589745,165,6,UDP,443,50468,,forward,20260823_165837_other_001_2277,Other
1787484527.589745,108,6,UDP,443,50468,,forward,20260823_165837_other_001_2277,Other
1787484527.589745,230,6,UDP,443,50468,,forward,20260823_165837_other_001_2277,Other
1787484527.58998,108,6,UDP,50468,443,,forward,20260823_165837_other_001_2277,Other
1787484527.74884,608,6,UDP,443,50468,,forward,20260823_165837_other_001_2277,Other
1787484527.749044,108,6,UDP,50468,443,,forward,20260823_165837_other_001_2277,Other
1787484527.750182,200,6,UDP,50468,443,,forward,20260823_165837_other_001_2277,Other
1787484527.785561,108,6,UDP,443,50468,,forward,20260823_165837_other_001_2277,Other
1787484527.785561,196,6,UDP,443,50468,,forward,20260823_165837_other_001_2277,Other
1787484527.785772,108,6,UDP,50468,443,,forward,20260823_165837_other_001_2277,Other
1787484527.830963,165,6,UDP,50468,443,,forward,20260823_165837_other_001_2277,Other
1787484527.859924,108,6,UDP,443,50468,,forward,20260823_165837_other_001_2277,Other
1787484527.907346,288,6,UDP,50468,443,,forward,20260823_165837_other_001_2277,Other
1787484527.907774,194,6,UDP,50468,443,,forward,20260823_165837_other_001_2277,Other
1787484527.908079,194,6,UDP,50468,443,,forward,20260823_165837_other_001_2277,Other
1787484527.940852,108,6,UDP,443,50468,,forward,20260823_165837_other_001_2277,Other
1787484527.940852,281,6,UDP,443,50468,,forward,20260823_165837_other_001_2277,Other
1787484527.940852,281,6,UDP,443,50468,,forward,20260823_165837_other_001_2277,Other
1787484527.940852,338,6,UDP,443,50468,,forward,20260823_165837_other_001_2277,Other
1787484527.940852,338,6,UDP,443,50468,,forward,20260823_165837_other_001_2277,Other
1787484527.941091,108,6,UDP,50468,443,,forward,20260823_165837_other_001_2277,Other
1787484527.942035,199,6,UDP,50468,443,,forward,20260823_165837_other_001_2277,Other
1787484527.942111,199,6,UDP,50468,443,,forward,20260823_165837_other_001_2277,Other
1787484527.954189,165,6,UDP,443,50468,,forward,20260823_165837_other_001_2277,Other
1787484527.954189,145,6,UDP,443,50468,,forward,20260823_165837_other_001_2277,Other
1787484527.954445,108,6,UDP,50468,443,,forward,20260823_165837_other_001_2277,Other
1787484527.95461,165,6,UDP,50468,443,,forward,20260823_165837_other_001_2277,Other
1787484527.954727,145,6,UDP,50468,443,,forward,20260823_165837_other_001_2277,Other
1787484527.970157,108,6,UDP,443,50468,,forward,20260823_165837_other_001_2277,Other
1787484527.98567,108,6,UDP,443,50468,,forward,20260823_165837_other_001_2277,Other
1787484527.98567,272,6,UDP,443,50468,,forward,20260823_165837_other_001_2277,Other
1787484527.98567,272,6,UDP,443,50468,,forward,20260823_165837_other_001_2277,Other
1787484527.98567,108,6,UDP,443,50468,,forward,20260823_165837_other_001_2277,Other
1787484527.98567,108,6,UDP,443,50468,,forward,20260823_165837_other_001_2277,Other
1787484527.985922,108,6,UDP,50468,443,,forward,20260823_165837_other_001_2277,Other
1787484527.991083,157,6,UDP,50468,443,,forward,20260823_165837_other_001_2277,Other
1787484528.021434,108,6,UDP,443,50468,,forward,20260823_165837_other_001_2277,Other
1787484528.159183,157,6,UDP,443,50468,,forward,20260823_165837_other_001_2277,Other
1787484528.159457,108,6,UDP,50468,443,,forward,20260823_165837_other_001_2277,Other
1787484528.160135,145,6,UDP,50468,443,,forward,20260823_165837_other_001_2277,Other
1787484528.162335,360,6,UDP,50468,443,,forward,20260823_165837_other_001_2277,Other
1787484528.186623,108,6,UDP,443,50468,,forward,20260823_165837_other_001_2277,Other
1787484528.204688,108,6,UDP,443,50468,,forward,20260823_165837_other_001_2277,Other
1787484528.204688,145,6,UDP,443,50468,,forward,20260823_165837_other_001_2277,Other
1787484528.204904,108,6,UDP,50468,443,,forward,20260823_165837_other_001_2277,Other
1787484528.220572,181,6,UDP,50468,443,,forward,20260823_165837_other_001_2277,Other
1787484528.252933,108,6,UDP,443,50468,,forward,20260823_165837_other_001_2277,Other
1787484528.252933,181,6,UDP,443,50468,,forward,20260823_165837_other_001_2277,Other
1787484528.253164,108,6,UDP,50468,443,,forward,20260823_165837_other_001_2277,Other
1787484528.344205,1385,6,UDP,443,50468,,forward,20260823_165837_other_001_2277,Other
1787484528.344205,1328,6,UDP,443,50468,,forward,20260823_165837_other_001_2277,Other
1787484528.34442,108,6,UDP,50468,443,,forward,20260823_165837_other_001_2277,Other
1787484528.344664,145,6,UDP,50468,443,,forward,20260823_165837_other_001_2277,Other
1787484528.352042,303,6,UDP,50468,443,,forward,20260823_165837_other_001_2277,Other
1787484528.377217,108,6,UDP,443,50468,,forward,20260823_165837_other_001_2277,Other
1787484528.38414,108,6,UDP,443,50468,,forward,20260823_165837_other_001_2277,Other
1787484528.38414,145,6,UDP,443,50468,,forward,20260823_165837_other_001_2277,Other
1787484528.384354,108,6,UDP,50468,443,,forward,20260823_165837_other_001_2277,Other
1787484528.516272,196,6,UDP,443,50468,,forward,20260823_165837_other_001_2277,Other
1787484528.516494,108,6,UDP,50468,443,,forward,20260823_165837_other_001_2277,Other
1787484528.53708,465,6,UDP,50468,443,,forward,20260823_165837_other_001_2277,Other
1787484528.579034,108,6,UDP,443,50468,,forward,20260823_165837_other_001_2277,Other
1787484528.579034,145,6,UDP,443,50468,,forward,20260823_165837_other_001_2277,Other
1787484528.579253,108,6,UDP,50468,443,,forward,20260823_165837_other_001_2277,Other
1787484528.713044,835,6,UDP,443,50468,,forward,20260823_165837_other_001_2277,Other
1787484528.713242,108,6,UDP,50468,443,,forward,20260823_165837_other_001_2277,Other
1787484528.725629,292,6,UDP,50468,443,,forward,20260823_165837_other_001_2277,Other
1787484528.725709,196,6,UDP,50468,443,,forward,20260823_165837_other_001_2277,Other
1787484528.725732,196,6,UDP,50468,443,,forward,20260823_165837_other_001_2277,Other
1787484528.753441,145,6,UDP,50468,443,,forward,20260823_165837_other_001_2277,Other
1787484528.768374,108,6,UDP,443,50468,,forward,20260823_165837_other_001_2277,Other
1787484528.768374,348,6,UDP,443,50468,,forward,20260823_165837_other_001_2277,Other
1787484528.768374,348,6,UDP,443,50468,,forward,20260823_165837_other_001_2277,Other
1787484528.768374,306,6,UDP,443,50468,,forward,20260823_165837_other_001_2277,Other
1787484528.768374,306,6,UDP,443,50468,,forward,20260823_165837_other_001_2277,Other
1787484528.768675,108,6,UDP,50468,443,,forward,20260823_165837_other_001_2277,Other
1787484528.769273,270,6,UDP,50468,443,,forward,20260823_165837_other_001_2277,Other
1787484528.783846,108,6,UDP,443,50468,,forward,20260823_165837_other_001_2277,Other
1787484528.79893,108,6,UDP,443,50468,,forward,20260823_165837_other_001_2277,Other
1787484528.812831,246,6,UDP,443,50468,,forward,20260823_165837_other_001_2277,Other
1787484528.812831,246,6,UDP,443,50468,,forward,20260823_165837_other_001_2277,Other
1787484528.81309,108,6,UDP,50468,443,,forward,20260823_165837_other_001_2277,Other
1787484528.814362,157,6,UDP,50468,443,,forward,20260823_165837_other_001_2277,Other
1787484528.845816,108,6,UDP,443,50468,,forward,20260823_165837_other_001_2277,Other
1787484528.861444,157,6,UDP,443,50468,,forward,20260823_165837_other_001_2277,Other
1787484528.861682,108,6,UDP,50468,443,,forward,20260823_165837_other_001_2277,Other
1787484528.861879,145,6,UDP,50468,443,,forward,20260823_165837_other_001_2277,Other
1787484528.863411,362,6,UDP,50468,443,,forward,20260823_165837_other_001_2277,Other
1787484528.892364,108,6,UDP,443,50468,,forward,20260823_165837_other_001_2277,Other
1787484528.90736,108,6,UDP,443,50468,,forward,20260823_165837_other_001_2277,Other
1787484528.90736,145,6,UDP,443,50468,,forward,20260823_165837_other_001_2277,Other
1787484528.90736,1385,6,UDP,443,50468,,forward,20260823_165837_other_001_2277,Other
1787484528.90736,953,6,UDP,443,50468,,forward,20260823_165837_other_001_2277,Other
1787484528.90736,1385,6,UDP,443,50468,,forward,20260823_165837_other_001_2277,Other
1787484528.90736,1385,6,UDP,443,50468,,forward,20260823_165837_other_001_2277,Other
1787484528.90736,1385,6,UDP,443,50468,,forward,20260823_165837_other_001_2277,Other
1787484528.90736,1385,6,UDP,443,50468,,forward,20260823_165837_other_001_2277,Other
1787484528.90736,1385,6,UDP,443,50468,,forward,20260823_165837_other_001_2277,Other
1787484528.907664,108,6,UDP,50468,443,,forward,20260823_165837_other_001_2277,Other
1787484528.907948,190,6,UDP,50468,443,,forward,20260823_165837_other_001_2277,Other
1787484528.908074,145,6,UDP,50468,443,,forward,20260823_165837_other_001_2277,Other
1787484528.939342,108,6,UDP,443,50468,,forward,20260823_165837_other_001_2277,Other
1787484528.939342,498,6,UDP,443,50468,,forward,20260823_165837_other_001_2277,Other
1787484528.939581,108,6,UDP,50468,443,,forward,20260823_165837_other_001_2277,Other
1787484528.939755,145,6,UDP,50468,443,,forward,20260823_165837_other_001_2277,Other
1787484528.947717,238,6,UDP,50468,443,,forward,20260823_165837_other_001_2277,Other
1787484528.977908,108,6,UDP,443,50468,,forward,20260823_165837_other_001_2277,Other
1787484528.977908,165,6,UDP,443,50468,,forward,20260823_165837_other_001_2277,Other
1787484528.977908,108,6,UDP,443,50468,,forward,20260823_165837_other_001_2277,Other
1787484528.978164,108,6,UDP,50468,443,,forward,20260823_165837_other_001_2277,Other
1787484528.978427,165,6,UDP,50468,443,,forward,20260823_165837_other_001_2277,Other
1787484529.009839,108,6,UDP,443,50468,,forward,20260823_165837_other_001_2277,Other
1787484529.01585,451,6,UDP,443,50468,,forward,20260823_165837_other_001_2277,Other
1787484529.016042,108,6,UDP,50468,443,,forward,20260823_165837_other_001_2277,Other
1787484529.02799,474,6,UDP,50468,443,,forward,20260823_165837_other_001_2277,Other
1787484529.061845,108,6,UDP,443,50468,,forward,20260823_165837_other_001_2277,Other
1787484529.065096,407,6,UDP,50468,443,,forward,20260823_165837_other_001_2277,Other
1787484529.075835,1385,6,UDP,443,50468,,forward,20260823_165837_other_001_2277,Other
1787484529.075835,346,6,UDP,443,50468,,forward,20260823_165837_other_001_2277,Other
1787484529.076052,108,6,UDP,50468,443,,forward,20260823_165837_other_001_2277,Other
1787484529.076289,145,6,UDP,50468,443,,forward,20260823_165837_other_001_2277,Other
1787484529.109387,108,6,UDP,443,50468,,forward,20260823_165837_other_001_2277,Other
1787484529.109387,145,6,UDP,443,50468,,forward,20260823_165837_other_001_2277,Other
1787484529.109387,108,6,UDP,443,50468,,forward,20260823_165837_other_001_2277,Other
1787484529.109609,108,6,UDP,50468,443,,forward,20260823_165837_other_001_2277,Other
1787484529.110108,292,6,UDP,50468,443,,forward,20260823_165837_other_001_2277,Other
1787484529.11045,196,6,UDP,50468,443,,forward,20260823_165837_other_001_2277,Other
1787484529.11065,196,6,UDP,50468,443,,forward,20260823_165837_other_001_2277,Other
1787484529.139352,108,6,UDP,443,50468,,forward,20260823_165837_other_001_2277,Other
1787484529.14375,348,6,UDP,443,50468,,forward,20260823_165837_other_001_2277,Other
1787484529.14375,348,6,UDP,443,50468,,forward,20260823_165837_other_001_2277,Other
1787484529.14375,306,6,UDP,443,50468,,forward,20260823_165837_other_001_2277,Other
1787484529.14375,306,6,UDP,443,50468,,forward,20260823_165837_other_001_2277,Other
1787484529.143967,108,6,UDP,50468,443,,forward,20260823_165837_other_001_2277,Other
1787484529.145767,499,6,UDP,50468,443,,forward,20260823_165837_other_001_2277,Other
1787484529.145852,157,6,UDP,50468,443,,forward,20260823_165837_other_001_2277,Other
1787484529.146037,214,6,UDP,50468,443,,forward,20260823_165837_other_001_2277,Other
1787484529.165336,157,6,UDP,50468,443,,forward,20260823_165837_other_001_2277,Other
1787484529.175574,108,6,UDP,443,50468,,forward,20260823_165837_other_001_2277,Other
1787484529.18489,157,6,UDP,443,50468,,forward,20260823_165837_other_001_2277,Other
1787484529.18489,157,6,UDP,443,50468,,forward,20260823_165837_other_001_2277,Other
1787484529.18489,214,6,UDP,443,50468,,forward,20260823_165837_other_001_2277,Other
1787484529.18489,271,6,UDP,443,50468,,forward,20260823_165837_other_001_2277,Other
1787484529.18489,157,6,UDP,443,50468,,forward,20260823_165837_other_001_2277,Other
1787484529.18489,157,6,UDP,443,50468,,forward,20260823_165837_other_001_2277,Other
1787484529.185182,108,6,UDP,50468,443,,forward,20260823_165837_other_001_2277,Other
1787484529.185576,190,6,UDP,50468,443,,forward,20260823_165837_other_001_2277,Other
1787484529.185634,235,6,UDP,50468,443,,forward,20260823_165837_other_001_2277,Other
1787484529.185693,190,6,UDP,50468,443,,forward,20260823_165837_other_001_2277,Other
1787484529.185748,190,6,UDP,50468,443,,forward,20260823_165837_other_001_2277,Other
1787484529.186862,886,6,UDP,50468,443,,forward,20260823_165837_other_001_2277,Other
1787484529.187277,362,6,UDP,50468,443,,forward,20260823_165837_other_001_2277,Other
1787484529.187556,362,6,UDP,50468,443,,forward,20260823_165837_other_001_2277,Other
1787484529.187878,886,6,UDP,50468,443,,forward,20260823_165837_other_001_2277,Other
1787484529.188389,362,6,UDP,50468,443,,forward,20260823_165837_other_001_2277,Other
1787484529.199973,157,6,UDP,443,50468,,forward,20260823_165837_other_001_2277,Other
1787484529.199973,108,6,UDP,443,50468,,forward,20260823_165837_other_001_2277,Other
1787484529.199973,157,6,UDP,443,50468,,forward,20260823_165837_other_001_2277,Other
1787484529.200236,108,6,UDP,50468,443,,forward,20260823_165837_other_001_2277,Other
1787484529.200422,145,6,UDP,50468,443,,forward,20260823_165837_other_001_2277,Other
1787484529.200551,145,6,UDP,50468,443,,forward,20260823_165837_other_001_2277,Other
1787484529.20159,624,6,UDP,50468,443,,forward,20260823_165837_other_001_2277,Other
1787484529.214893,108,6,UDP,443,50468,,forward,20260823_165837_other_001_2277,Other
1787484529.214893,108,6,UDP,443,50468,,forward,20260823_165837_other_001_2277,Other
1787484529.214893,235,6,UDP,443,50468,,forward,20260823_165837_other_001_2277,Other
1787484529.214893,190,6,UDP,443,50468,,forward,20260823_165837_other_001_2277,Other
1787484529.215164,108,6,UDP,50468,443,,forward,20260823_165837_other_001_2277,Other
1787484529.22589,157,6,UDP,50468,443,,forward,20260823_165837_other_001_2277,Other
1787484529.230102,1385,6,UDP,443,50468,,forward,20260823_165837_other_001_2277,Other
1787484529.230102,953,6,UDP,443,50468,,forward,20260823_165837_other_001_2277,Other
1787484529.230102,1385,6,UDP,443,50468,,forward,20260823_165837_other_001_2277,Other
1787484529.230102,1385,6,UDP,443,50468,,forward,20260823_165837_other_001_2277,Other
1787484529.230102,1385,6,UDP,443,50468,,forward,20260823_165837_other_001_2277,Other
1787484529.230102,1385,6,UDP,443,50468,,forward,20260823_165837_other_001_2277,Other
1787484529.230102,953,6,UDP,443,50468,,forward,20260823_165837_other_001_2277,Other
1787484529.230102,1385,6,UDP,443,50468,,forward,20260823_165837_other_001_2277,Other
1787484529.230102,1385,6,UDP,443,50468,,forward,20260823_165837_other_001_2277,Other
1787484529.230102,953,6,UDP,443,50468,,forward,20260823_165837_other_001_2277,Other
1787484529.230102,1385,6,UDP,443,50468,,forward,20260823_165837_other_001_2277,Other
1787484529.230102,1385,6,UDP,443,50468,,forward,20260823_165837_other_001_2277,Other
1787484529.230102,1385,6,UDP,443,50468,,forward,20260823_165837_other_001_2277,Other
1787484529.230102,953,6,UDP,443,50468,,forward,20260823_165837_other_001_2277,Other
1787484529.230102,1385,6,UDP,443,50468,,forward,20260823_165837_other_001_2277,Other
1787484529.230102,1385,6,UDP,443,50468,,forward,20260823_165837_other_001_2277,Other
1787484529.230102,108,6,UDP,443,50468,,forward,20260823_165837_other_001_2277,Other
1787484529.230102,1385,6,UDP,443,50468,,forward,20260823_165837_other_001_2277,Other
1787484529.230102,953,6,UDP,443,50468,,forward,20260823_165837_other_001_2277,Other
1787484529.230102,145,6,UDP,443,50468,,forward,20260823_165837_other_001_2277,Other
1787484529.230102,145,6,UDP,443,50468,,forward,20260823_165837_other_001_2277,Other
1787484529.230102,1385,6,UDP,443,50468,,forward,20260823_165837_other_001_2277,Other
1787484529.230102,145,6,UDP,443,50468,,forward,20260823_165837_other_001_2277,Other
1787484529.230102,145,6,UDP,443,50468,,forward,20260823_165837_other_001_2277,Other
1787484529.230102,1385,6,UDP,443,50468,,forward,20260823_165837_other_001_2277,Other
1787484529.230102,1385,6,UDP,443,50468,,forward,20260823_165837_other_001_2277,Other
1787484529.230102,1385,6,UDP,443,50468,,forward,20260823_165837_other_001_2277,Other
1787484529.230102,1385,6,UDP,443,50468,,forward,20260823_165837_other_001_2277,Other
1787484529.230102,1385,6,UDP,443,50468,,forward,20260823_165837_other_001_2277,Other
1787484529.230102,1385,6,UDP,443,50468,,forward,20260823_165837_other_001_2277,Other
1787484529.230102,1385,6,UDP,443,50468,,forward,20260823_165837_other_001_2277,Other
1787484529.230102,1385,6,UDP,443,50468,,forward,20260823_165837_other_001_2277,Other
1787484529.230102,1385,6,UDP,443,50468,,forward,20260823_165837_other_001_2277,Other
1787484529.230102,1385,6,UDP,443,50468,,forward,20260823_165837_other_001_2277,Other
1787484529.230102,1385,6,UDP,443,50468,,forward,20260823_165837_other_001_2277,Other
1787484529.230102,1385,6,UDP,443,50468,,forward,20260823_165837_other_001_2277,Other
1787484529.230102,1385,6,UDP,443,50468,,forward,20260823_165837_other_001_2277,Other
1787484529.230102,1385,6,UDP,443,50468,,forward,20260823_165837_other_001_2277,Other
1787484529.230102,1385,6,UDP,443,50468,,forward,20260823_165837_other_001_2277,Other
1787484529.230102,1385,6,UDP,443,50468,,forward,20260823_165837_other_001_2277,Other
1787484529.230102,1385,6,UDP,443,50468,,forward,20260823_165837_other_001_2277,Other
1787484529.230102,1385,6,UDP,443,50468,,forward,20260823_165837_other_001_2277,Other
1787484529.230102,1385,6,UDP,443,50468,,forward,20260823_165837_other_001_2277,Other
1787484529.230102,1385,6,UDP,443,50468,,forward,20260823_165837_other_001_2277,Other
1787484529.230102,649,6,UDP,443,50468,,forward,20260823_165837_other_001_2277,Other
1787484529.230102,1385,6,UDP,443,50468,,forward,20260823_165837_other_001_2277,Other
1787484529.230102,953,6,UDP,443,50468,,forward,20260823_165837_other_001_2277,Other
1787484529.230102,1385,6,UDP,443,50468,,forward,20260823_165837_other_001_2277,Other
1787484529.230102,1385,6,UDP,443,50468,,forward,20260823_165837_other_001_2277,Other
1787484529.230102,1385,6,UDP,443,50468,,forward,20260823_165837_other_001_2277,Other
1787484529.230102,1385,6,UDP,443,50468,,forward,20260823_165837_other_001_2277,Other
1787484529.230102,1385,6,UDP,443,50468,,forward,20260823_165837_other_001_2277,Other
1787484529.230102,1385,6,UDP,443,50468,,forward,20260823_165837_other_001_2277,Other
1787484529.230102,649,6,UDP,443,50468,,forward,20260823_165837_other_001_2277,Other
1787484529.230102,1385,6,UDP,443,50468,,forward,20260823_165837_other_001_2277,Other
1787484529.230102,953,6,UDP,443,50468,,forward,20260823_165837_other_001_2277,Other
1787484529.230102,1385,6,UDP,443,50468,,forward,20260823_165837_other_001_2277,Other
1787484529.230102,1385,6,UDP,443,50468,,forward,20260823_165837_other_001_2277,Other
1787484529.230102,1385,6,UDP,443,50468,,forward,20260823_165837_other_001_2277,Other
1787484529.230102,1385,6,UDP,443,50468,,forward,20260823_165837_other_001_2277,Other
1787484529.230102,1385,6,UDP,443,50468,,forward,20260823_165837_other_001_2277,Other
1787484529.230102,1385,6,UDP,443,50468,,forward,20260823_165837_other_001_2277,Other
1787484529.230102,1385,6,UDP,443,50468,,forward,20260823_165837_other_001_2277,Other
1787484529.230102,1385,6,UDP,443,50468,,forward,20260823_165837_other_001_2277,Other
1787484529.230102,1385,6,UDP,443,50468,,forward,20260823_165837_other_001_2277,Other
1787484529.230102,1385,6,UDP,443,50468,,forward,20260823_165837_other_001_2277,Other
1787484529.230102,1385,6,UDP,443,50468,,forward,20260823_165837_other_001_2277,Other
1787484529.230102,1385,6,UDP,443,50468,,forward,20260823_165837_other_001_2277,Other
1787484529.230102,108,6,UDP,443,50468,,forward,20260823_165837_other_001_2277,Other
1787484529.230102,145,6,UDP,443,50468,,forward,20260823_165837_other_001_2277,Other
1787484529.230102,145,6,UDP,443,50468,,forward,20260823_165837_other_001_2277,Other
1787484529.230816,109,6,UDP,50468,443,,forward,20260823_165837_other_001_2277,Other
1787484529.231025,190,6,UDP,50468,443,,forward,20260823_165837_other_001_2277,Other
1787484529.231074,190,6,UDP,50468,443,,forward,20260823_165837_other_001_2277,Other
1787484529.231102,145,6,UDP,50468,443,,forward,20260823_165837_other_001_2277,Other
1787484529.231121,145,6,UDP,50468,443,,forward,20260823_165837_other_001_2277,Other
1787484529.231209,190,6,UDP,50468,443,,forward,20260823_165837_other_001_2277,Other
1787484529.231249,145,6,UDP,50468,443,,forward,20260823_165837_other_001_2277,Other
1787484529.231331,145,6,UDP,50468,443,,forward,20260823_165837_other_001_2277,Other
1787484529.231373,145,6,UDP,50468,443,,forward,20260823_165837_other_001_2277,Other
1787484529.231395,145,6,UDP,50468,443,,forward,20260823_165837_other_001_2277,Other
1787484529.231508,190,6,UDP,50468,443,,forward,20260823_165837_other_001_2277,Other
1787484529.23154,145,6,UDP,50468,443,,forward,20260823_165837_other_001_2277,Other
1787484529.231634,190,6,UDP,50468,443,,forward,20260823_165837_other_001_2277,Other
1787484529.231682,145,6,UDP,50468,443,,forward,20260823_165837_other_001_2277,Other
1787484529.23179,145,6,UDP,50468,443,,forward,20260823_165837_other_001_2277,Other
1787484529.231849,190,6,UDP,50468,443,,forward,20260823_165837_other_001_2277,Other
1787484529.2319,190,6,UDP,50468,443,,forward,20260823_165837_other_001_2277,Other
1787484529.231919,145,6,UDP,50468,443,,forward,20260823_165837_other_001_2277,Other
1787484529.231998,190,6,UDP,50468,443,,forward,20260823_165837_other_001_2277,Other
1787484529.232075,145,6,UDP,50468,443,,forward,20260823_165837_other_001_2277,Other
1787484529.242111,1385,6,UDP,443,50468,,forward,20260823_165837_other_001_2277,Other
1787484529.242111,1385,6,UDP,443,50468,,forward,20260823_165837_other_001_2277,Other
1787484529.242111,1385,6,UDP,443,50468,,forward,20260823_165837_other_001_2277,Other
1787484529.242111,1385,6,UDP,443,50468,,forward,20260823_165837_other_001_2277,Other
1787484529.242111,649,6,UDP,443,50468,,forward,20260823_165837_other_001_2277,Other
1787484529.242111,1385,6,UDP,443,50468,,forward,20260823_165837_other_001_2277,Other
1787484529.242111,1385,6,UDP,443,50468,,forward,20260823_165837_other_001_2277,Other
1787484529.242111,1385,6,UDP,443,50468,,forward,20260823_165837_other_001_2277,Other
1787484529.242111,1385,6,UDP,443,50468,,forward,20260823_165837_other_001_2277,Other
1787484529.242111,649,6,UDP,443,50468,,forward,20260823_165837_other_001_2277,Other
1787484529.242111,1385,6,UDP,443,50468,,forward,20260823_165837_other_001_2277,Other
1787484529.242111,1385,6,UDP,443,50468,,forward,20260823_165837_other_001_2277,Other
1787484529.242111,1385,6,UDP,443,50468,,forward,20260823_165837_other_001_2277,Other
1787484529.242111,1385,6,UDP,443,50468,,forward,20260823_165837_other_001_2277,Other
1787484529.242423,109,6,UDP,50468,443,,forward,20260823_165837_other_001_2277,Other
1787484529.242674,190,6,UDP,50468,443,,forward,20260823_165837_other_001_2277,Other
1787484529.242743,190,6,UDP,50468,443,,forward,20260823_165837_other_001_2277,Other
1787484529.242881,190,6,UDP,50468,443,,forward,20260823_165837_other_001_2277,Other
1787484529.26002,108,6,UDP,443,50468,,forward,20260823_165837_other_001_2277,Other
1787484529.26002,157,6,UDP,443,50468,,forward,20260823_165837_other_001_2277,Other
1787484529.260256,109,6,UDP,50468,443,,forward,20260823_165837_other_001_2277,Other
1787484529.260468,145,6,UDP,50468,443,,forward,20260823_165837_other_001_2277,Other
1787484529.261583,362,6,UDP,50468,443,,forward,20260823_165837_other_001_2277,Other
1787484529.275021,108,6,UDP,443,50468,,forward,20260823_165837_other_001_2277,Other
1787484529.275021,108,6,UDP,443,50468,,forward,20260823_165837_other_001_2277,Other
1787484529.275021,108,6,UDP,443,50468,,forward,20260823_165837_other_001_2277,Other
1787484529.275021,498,6,UDP,443,50468,,forward,20260823_165837_other_001_2277,Other
1787484529.275021,896,6,UDP,443,50468,,forward,20260823_165837_other_001_2277,Other
1787484529.275021,896,6,UDP,443,50468,,forward,20260823_165837_other_001_2277,Other
1787484529.275021,108,6,UDP,443,50468,,forward,20260823_165837_other_001_2277,Other
1787484529.275021,108,6,UDP,443,50468,,forward,20260823_165837_other_001_2277,Other
1787484529.275021,498,6,UDP,443,50468,,forward,20260823_165837_other_001_2277,Other
1787484529.275021,1200,6,UDP,443,50468,,forward,20260823_165837_other_001_2277,Other
1787484529.275021,802,6,UDP,443,50468,,forward,20260823_165837_other_001_2277,Other
1787484529.275021,237,6,UDP,443,50468,,forward,20260823_165837_other_001_2277,Other
1787484529.275021,108,6,UDP,443,50468,,forward,20260823_165837_other_001_2277,Other
1787484529.275021,802,6,UDP,443,50468,,forward,20260823_165837_other_001_2277,Other
1787484529.275021,802,6,UDP,443,50468,,forward,20260823_165837_other_001_2277,Other
1787484529.275099,370,6,UDP,50468,443,,forward,20260823_165837_other_001_2277,Other
1787484529.275273,108,6,UDP,50468,443,,forward,20260823_165837_other_001_2277,Other
1787484529.275498,190,6,UDP,50468,443,,forward,20260823_165837_other_001_2277,Other
1787484529.27556,145,6,UDP,50468,443,,forward,20260823_165837_other_001_2277,Other
1787484529.275686,190,6,UDP,50468,443,,forward,20260823_165837_other_001_2277,Other
1787484529.277793,238,6,UDP,50468,443,,forward,20260823_165837_other_001_2277,Other
1787484529.279174,238,6,UDP,50468,443,,forward,20260823_165837_other_001_2277,Other
1787484529.279288,238,6,UDP,50468,443,,forward,20260823_165837_other_001_2277,Other
1787484529.281491,238,6,UDP,50468,443,,forward,20260823_165837_other_001_2277,Other
1787484529.281725,238,6,UDP,50468,443,,forward,20260823_165837_other_001_2277,Other
1787484529.282299,238,6,UDP,50468,443,,forward,20260823_165837_other_001_2277,Other
1787484529.282494,238,6,UDP,50468,443,,forward,20260823_165837_other_001_2277,Other
1787484529.283166,238,6,UDP,50468,443,,forward,20260823_165837_other_001_2277,Other
1787484529.283546,238,6,UDP,50468,443,,forward,20260823_165837_other_001_2277,Other
1787484529.283856,238,6,UDP,50468,443,,forward,20260823_165837_other_001_2277,Other
1787484529.284872,238,6,UDP,50468,443,,forward,20260823_165837_other_001_2277,Other
1787484529.29057,108,6,UDP,443,50468,,forward,20260823_165837_other_001_2277,Other
1787484529.29057,108,6,UDP,443,50468,,forward,20260823_165837_other_001_2277,Other
1787484529.29057,145,6,UDP,443,50468,,forward,20260823_165837_other_001_2277,Other
1787484529.290794,108,6,UDP,50468,443,,forward,20260823_165837_other_001_2277,Other
1787484529.30199,157,6,UDP,50468,443,,forward,20260823_165837_other_001_2277,Other
1787484529.309013,1385,6,UDP,443,50468,,forward,20260823_165837_other_001_2277,Other
1787484529.309013,953,6,UDP,443,50468,,forward,20260823_165837_other_001_2277,Other
1787484529.309013,1385,6,UDP,443,50468,,forward,20260823_165837_other_001_2277,Other
1787484529.309013,1385,6,UDP,443,50468,,forward,20260823_165837_other_001_2277,Other
1787484529.309013,1385,6,UDP,443,50468,,forward,20260823_165837_other_001_2277,Other
1787484529.309013,1385,6,UDP,443,50468,,forward,20260823_165837_other_001_2277,Other
1787484529.309013,1385,6,UDP,443,50468,,forward,20260823_165837_other_001_2277,Other
1787484529.309013,108,6,UDP,443,50468,,forward,20260823_165837_other_001_2277,Other
1787484529.309013,108,6,UDP,443,50468,,forward,20260823_165837_other_001_2277,Other
1787484529.309013,108,6,UDP,443,50468,,forward,20260823_165837_other_001_2277,Other
1787484529.309013,451,6,UDP,443,50468,,forward,20260823_165837_other_001_2277,Other
1787484529.309013,108,6,UDP,443,50468,,forward,20260823_165837_other_001_2277,Other
1787484529.309013,108,6,UDP,443,50468,,forward,20260823_165837_other_001_2277,Other
1787484529.309288,108,6,UDP,50468,443,,forward,20260823_165837_other_001_2277,Other
1787484529.309581,235,6,UDP,50468,443,,forward,20260823_165837_other_001_2277,Other
1787484529.313651,717,6,UDP,50468,443,,forward,20260823_165837_other_001_2277,Other
1787484529.321507,451,6,UDP,443,50468,,forward,20260823_165837_other_001_2277,Other
1787484529.321507,451,6,UDP,443,50468,,forward,20260823_165837_other_001_2277,Other
1787484529.321507,108,6,UDP,443,50468,,forward,20260823_165837_other_001_2277,Other
1787484529.321507,108,6,UDP,443,50468,,forward,20260823_165837_other_001_2277,Other
1787484529.321507,451,6,UDP,443,50468,,forward,20260823_165837_other_001_2277,Other
1787484529.321507,108,6,UDP,443,50468,,forward,20260823_165837_other_001_2277,Other
1787484529.321507,451,6,UDP,443,50468,,forward,20260823_165837_other_001_2277,Other
1787484529.321507,451,6,UDP,443,50468,,forward,20260823_165837_other_001_2277,Other
1787484529.321507,451,6,UDP,443,50468,,forward,20260823_165837_other_001_2277,Other
1787484529.321507,451,6,UDP,443,50468,,forward,20260823_165837_other_001_2277,Other
1787484529.321507,802,6,UDP,443,50468,,forward,20260823_165837_other_001_2277,Other
1787484529.321507,451,6,UDP,443,50468,,forward,20260823_165837_other_001_2277,Other
1787484529.321798,108,6,UDP,50468,443,,forward,20260823_165837_other_001_2277,Other
1787484529.322205,145,6,UDP,50468,443,,forward,20260823_165837_other_001_2277,Other
1787484529.32643,764,6,UDP,50468,443,,forward,20260823_165837_other_001_2277,Other
1787484529.330518,717,6,UDP,50468,443,,forward,20260823_165837_other_001_2277,Other
1787484529.331722,717,6,UDP,50468,443,,forward,20260823_165837_other_001_2277,Other
1787484529.332494,717,6,UDP,50468,443,,forward,20260823_165837_other_001_2277,Other
1787484529.3334,746,6,UDP,50468,443,,forward,20260823_165837_other_001_2277,Other
1787484529.334447,717,6,UDP,50468,443,,forward,20260823_165837_other_001_2277,Other
1787484529.334782,1383,6,UDP,50468,443,,forward,20260823_165837_other_001_2277,Other
1787484529.335368,717,6,UDP,50468,443,,forward,20260823_165837_other_001_2277,Other
1787484529.336125,717,6,UDP,50468,443,,forward,20260823_165837_other_001_2277,Other
1787484529.33651,108,6,UDP,443,50468,,forward,20260823_165837_other_001_2277,Other
1787484529.341079,157,6,UDP,443,50468,,forward,20260823_165837_other_001_2277,Other
1787484529.341079,108,6,UDP,443,50468,,forward,20260823_165837_other_001_2277,Other
1787484529.341079,498,6,UDP,443,50468,,forward,20260823_165837_other_001_2277,Other
1787484529.341079,108,6,UDP,443,50468,,forward,20260823_165837_other_001_2277,Other
1787484529.341335,108,6,UDP,50468,443,,forward,20260823_165837_other_001_2277,Other
1787484529.341579,190,6,UDP,50468,443,,forward,20260823_165837_other_001_2277,Other
1787484529.342535,362,6,UDP,50468,443,,forward,20260823_165837_other_001_2277,Other
1787484529.343504,238,6,UDP,50468,443,,forward,20260823_165837_other_001_2277,Other
1787484529.352519,900,6,UDP,443,50468,,forward,20260823_165837_other_001_2277,Other
1787484529.352519,108,6,UDP,443,50468,,forward,20260823_165837_other_001_2277,Other
1787484529.352748,108,6,UDP,50468,443,,forward,20260823_165837_other_001_2277,Other
1787484529.367485,108,6,UDP,443,50468,,forward,20260823_165837_other_001_2277,Other
1787484529.367485,108,6,UDP,443,50468,,forward,20260823_165837_other_001_2277,Other
1787484529.367485,900,6,UDP,443,50468,,forward,20260823_165837_other_001_2277,Other
1787484529.367485,108,6,UDP,443,50468,,forward,20260823_165837_other_001_2277,Other
1787484529.367485,108,6,UDP,443,50468,,forward,20260823_165837_other_001_2277,Other
1787484529.367485,900,6,UDP,443,50468,,forward,20260823_165837_other_001_2277,Other
1787484529.367485,900,6,UDP,443,50468,,forward,20260823_165837_other_001_2277,Other
1787484529.367485,915,6,UDP,443,50468,,forward,20260823_165837_other_001_2277,Other
1787484529.36777,108,6,UDP,50468,443,,forward,20260823_165837_other_001_2277,Other
1787484529.373212,900,6,UDP,443,50468,,forward,20260823_165837_other_001_2277,Other
1787484529.373212,900,6,UDP,443,50468,,forward,20260823_165837_other_001_2277,Other
1787484529.373212,903,6,UDP,443,50468,,forward,20260823_165837_other_001_2277,Other
1787484529.373212,108,6,UDP,443,50468,,forward,20260823_165837_other_001_2277,Other
1787484529.373212,145,6,UDP,443,50468,,forward,20260823_165837_other_001_2277,Other
1787484529.373477,108,6,UDP,50468,443,,forward,20260823_165837_other_001_2277,Other
1787484529.382986,1385,6,UDP,443,50468,,forward,20260823_165837_other_001_2277,Other
1787484529.382986,1385,6,UDP,443,50468,,forward,20260823_165837_other_001_2277,Other
1787484529.382986,1385,6,UDP,443,50468,,forward,20260823_165837_other_001_2277,Other
1787484529.382986,1385,6,UDP,443,50468,,forward,20260823_165837_other_001_2277,Other
1787484529.382986,649,6,UDP,443,50468,,forward,20260823_165837_other_001_2277,Other
1787484529.382986,1385,6,UDP,443,50468,,forward,20260823_165837_other_001_2277,Other
1787484529.382986,1385,6,UDP,443,50468,,forward,20260823_165837_other_001_2277,Other
1787484529.382986,914,6,UDP,443,50468,,forward,20260823_165837_other_001_2277,Other
1787484529.383266,108,6,UDP,50468,443,,forward,20260823_165837_other_001_2277,Other
1787484529.383507,190,6,UDP,50468,443,,forward,20260823_165837_other_001_2277,Other
1787484529.383572,145,6,UDP,50468,443,,forward,20260823_165837_other_001_2277,Other
1787484529.39129,157,6,UDP,50468,443,,forward,20260823_165837_other_001_2277,Other
1787484529.398418,145,6,UDP,50468,443,,forward,20260823_165837_other_001_2277,Other
1787484529.403011,900,6,UDP,443,50468,,forward,20260823_165837_other_001_2277,Other
1787484529.403011,916,6,UDP,443,50468,,forward,20260823_165837_other_001_2277,Other
1787484529.403244,108,6,UDP,50468,443,,forward,20260823_165837_other_001_2277,Other
1787484529.410389,88,4,UDP,5353,5353,,forward,20260823_165837_other_001_2277,Other
1787484529.411078,108,6,UDP,5353,5353,,forward,20260823_165837_other_001_2277,Other
1787484529.413985,451,6,UDP,443,50468,,forward,20260823_165837_other_001_2277,Other
1787484529.413985,108,6,UDP,443,50468,,forward,20260823_165837_other_001_2277,Other
1787484529.413985,802,6,UDP,443,50468,,forward,20260823_165837_other_001_2277,Other
1787484529.414124,280,6,UDP,50468,443,,forward,20260823_165837_other_001_2277,Other
1787484529.414246,108,6,UDP,50468,443,,forward,20260823_165837_other_001_2277,Other
1787484529.414558,145,6,UDP,50468,443,,forward,20260823_165837_other_001_2277,Other
1787484529.414829,145,6,UDP,50468,443,,forward,20260823_165837_other_001_2277,Other
1787484529.416484,145,6,UDP,50468,443,,forward,20260823_165837_other_001_2277,Other
1787484529.416567,238,6,UDP,50468,443,,forward,20260823_165837_other_001_2277,Other
1787484529.421219,744,6,UDP,50468,443,,forward,20260823_165837_other_001_2277,Other
1787484529.423067,145,6,UDP,50468,443,,forward,20260823_165837_other_001_2277,Other
1787484529.429008,108,6,UDP,443,50468,,forward,20260823_165837_other_001_2277,Other
1787484529.429008,157,6,UDP,443,50468,,forward,20260823_165837_other_001_2277,Other
1787484529.429008,108,6,UDP,443,50468,,forward,20260823_165837_other_001_2277,Other
1787484529.429058,145,6,UDP,50468,443,,forward,20260823_165837_other_001_2277,Other
1787484529.429161,108,6,UDP,50468,443,,forward,20260823_165837_other_001_2277,Other
1787484529.429394,145,6,UDP,50468,443,,forward,20260823_165837_other_001_2277,Other
1787484529.430495,362,6,UDP,50468,443,,forward,20260823_165837_other_001_2277,Other
1787484529.443958,108,6,UDP,443,50468,,forward,20260823_165837_other_001_2277,Other
1787484529.444359,145,6,UDP,50468,443,,forward,20260823_165837_other_001_2277,Other
1787484529.458955,108,6,UDP,443,50468,,forward,20260823_165837_other_001_2277,Other
1787484529.458955,902,6,UDP,443,50468,,forward,20260823_165837_other_001_2277,Other
1787484529.4592,108,6,UDP,50468,443,,forward,20260823_165837_other_001_2277,Other
1787484529.460293,145,6,UDP,50468,443,,forward,20260823_165837_other_001_2277,Other
1787484529.474749,108,6,UDP,443,50468,,forward,20260823_165837_other_001_2277,Other
1787484529.474749,145,6,UDP,443,50468,,forward,20260823_165837_other_001_2277,Other
1787484529.474749,1385,6,UDP,443,50468,,forward,20260823_165837_other_001_2277,Other
1787484529.474749,953,6,UDP,443,50468,,forward,20260823_165837_other_001_2277,Other
1787484529.474749,1385,6,UDP,443,50468,,forward,20260823_165837_other_001_2277,Other
1787484529.474749,1385,6,UDP,443,50468,,forward,20260823_165837_other_001_2277,Other
1787484529.474749,1385,6,UDP,443,50468,,forward,20260823_165837_other_001_2277,Other
1787484529.474749,1385,6,UDP,443,50468,,forward,20260823_165837_other_001_2277,Other
1787484529.474749,1385,6,UDP,443,50468,,forward,20260823_165837_other_001_2277,Other
1787484529.474749,108,6,UDP,443,50468,,forward,20260823_165837_other_001_2277,Other
1787484529.47509,108,6,UDP,50468,443,,forward,20260823_165837_other_001_2277,Other
1787484529.475339,190,6,UDP,50468,443,,forward,20260823_165837_other_001_2277,Other
1787484529.475381,145,6,UDP,50468,443,,forward,20260823_165837_other_001_2277,Other
1787484529.491494,145,6,UDP,443,50468,,forward,20260823_165837_other_001_2277,Other
1787484529.491494,108,6,UDP,443,50468,,forward,20260823_165837_other_001_2277,Other
1787484529.491494,165,6,UDP,443,50468,,forward,20260823_165837_other_001_2277,Other
1787484529.491494,451,6,UDP,443,50468,,forward,20260823_165837_other_001_2277,Other
1787484529.491494,165,6,UDP,443,50468,,forward,20260823_165837_other_001_2277,Other
1787484529.49179,108,6,UDP,50468,443,,forward,20260823_165837_other_001_2277,Other
1787484529.491977,230,6,UDP,50468,443,,forward,20260823_165837_other_001_2277,Other
1787484529.500435,717,6,UDP,50468,443,,forward,20260823_165837_other_001_2277,Other
1787484529.505516,108,6,UDP,443,50468,,forward,20260823_165837_other_001_2277,Other
1787484529.505516,498,6,UDP,443,50468,,forward,20260823_165837_other_001_2277,Other
1787484529.505656,145,6,UDP,50468,443,,forward,20260823_165837_other_001_2277,Other
1787484529.505799,108,6,UDP,50468,443,,forward,20260823_165837_other_001_2277,Other
1787484529.505955,145,6,UDP,50468,443,,forward,20260823_165837_other_001_2277,Other
1787484529.511918,238,6,UDP,50468,443,,forward,20260823_165837_other_001_2277,Other
1787484529.52146,108,6,UDP,443,50468,,forward,20260823_165837_other_001_2277,Other
1787484529.536692,108,6,UDP,443,50468,,forward,20260823_165837_other_001_2277,Other
1787484529.536692,145,6,UDP,443,50468,,forward,20260823_165837_other_001_2277,Other
1787484529.536692,108,6,UDP,443,50468,,forward,20260823_165837_other_001_2277,Other
1787484529.536692,916,6,UDP,443,50468,,forward,20260823_165837_other_001_2277,Other
1787484529.537014,108,6,UDP,50468,443,,forward,20260823_165837_other_001_2277,Other
1787484529.542137,108,6,UDP,443,50468,,forward,20260823_165837_other_001_2277,Other
1787484529.551601,451,6,UDP,443,50468,,forward,20260823_165837_other_001_2277,Other
1787484529.551818,108,6,UDP,50468,443,,forward,20260823_165837_other_001_2277,Other
1787484529.564926,717,6,UDP,50468,443,,forward,20260823_165837_other_001_2277,Other
1787484529.582792,145,6,UDP,50468,443,,forward,20260823_165837_other_001_2277,Other
1787484529.600133,108,6,UDP,443,50468,,forward,20260823_165837_other_001_2277,Other
1787484529.600133,900,6,UDP,443,50468,,forward,20260823_165837_other_001_2277,Other
1787484529.60036,108,6,UDP,50468,443,,forward,20260823_165837_other_001_2277,Other
1787484529.613995,108,6,UDP,443,50468,,forward,20260823_165837_other_001_2277,Other
1787484529.644193,145,6,UDP,50468,443,,forward,20260823_165837_other_001_2277,Other
1787484529.674984,108,6,UDP,443,50468,,forward,20260823_165837_other_001_2277,Other
1787484529.683282,88,4,UDP,5353,5353,,forward,20260823_165837_other_001_2277,Other
1787484529.688634,108,6,UDP,5353,5353,,forward,20260823_165837_other_001_2277,Other
1787484529.946195,88,4,UDP,5353,5353,,forward,20260823_165837_other_001_2277,Other
1787484529.946789,108,6,UDP,5353,5353,,forward,20260823_165837_other_001_2277,Other
1787484530.007891,165,6,UDP,443,50468,,forward,20260823_165837_other_001_2277,Other
1787484530.008118,108,6,UDP,50468,443,,forward,20260823_165837_other_001_2277,Other
1787484530.008252,165,6,UDP,50468,443,,forward,20260823_165837_other_001_2277,Other
1787484530.036244,108,6,UDP,443,50468,,forward,20260823_165837_other_001_2277,Other
1787484530.23179,338,4,UDP,5353,5353,,forward,20260823_165837_other_001_2277,Other
1787484530.232409,358,6,UDP,5353,5353,,forward,20260823_165837_other_001_2277,Other
1787484530.232931,279,4,UDP,5353,5353,,forward,20260823_165837_other_001_2277,Other
1787484530.233618,299,6,UDP,5353,5353,,forward,20260823_165837_other_001_2277,Other
1787484530.303745,166,6,UDP,50468,443,,forward,20260823_165837_other_001_2277,Other
1787484530.336218,108,6,UDP,443,50468,,forward,20260823_165837_other_001_2277,Other
1787484530.336218,177,6,UDP,443,50468,,forward,20260823_165837_other_001_2277,Other
1787484530.33646,108,6,UDP,50468,443,,forward,20260823_165837_other_001_2277,Other
1787484530.526714,165,6,UDP,50468,443,,forward,20260823_165837_other_001_2277,Other
1787484530.558663,108,6,UDP,443,50468,,forward,20260823_165837_other_001_2277,Other
1787484530.558663,165,6,UDP,443,50468,,forward,20260823_165837_other_001_2277,Other
1787484530.558883,108,6,UDP,50468,443,,forward,20260823_165837_other_001_2277,Other
1787484530.559197,165,6,UDP,50468,443,,forward,20260823_165837_other_001_2277,Other
1787484530.58721,145,6,UDP,443,50468,,forward,20260823_165837_other_001_2277,Other
1787484530.58721,108,6,UDP,443,50468,,forward,20260823_165837_other_001_2277,Other
1787484530.587441,108,6,UDP,50468,443,,forward,20260823_165837_other_001_2277,Other
1787484530.587565,145,6,UDP,50468,443,,forward,20260823_165837_other_001_2277,Other
1787484530.61719,108,6,UDP,443,50468,,forward,20260823_165837_other_001_2277,Other
1787484530.822325,104,6,UDP,50468,443,,forward,20260823_165837_other_001_2277,Other
1787484530.853285,108,6,UDP,443,50468,,forward,20260823_165837_other_001_2277,Other
1787484531.00147,1385,6,UDP,50468,443,,forward,20260823_165837_other_001_2277,Other
1787484531.001567,1385,6,UDP,50468,443,,forward,20260823_165837_other_001_2277,Other
1787484531.001602,1385,6,UDP,50468,443,,forward,20260823_165837_other_001_2277,Other
1787484531.001625,1385,6,UDP,50468,443,,forward,20260823_165837_other_001_2277,Other
1787484531.001648,1385,6,UDP,50468,443,,forward,20260823_165837_other_001_2277,Other
1787484531.001674,722,6,UDP,50468,443,,forward,20260823_165837_other_001_2277,Other
1787484531.001698,1385,6,UDP,50468,443,,forward,20260823_165837_other_001_2277,Other
1787484531.001719,1385,6,UDP,50468,443,,forward,20260823_165837_other_001_2277,Other
1787484531.001741,1385,6,UDP,50468,443,,forward,20260823_165837_other_001_2277,Other
1787484531.001764,904,6,UDP,50468,443,,forward,20260823_165837_other_001_2277,Other
1787484531.044251,108,6,UDP,443,50468,,forward,20260823_165837_other_001_2277,Other
1787484531.044251,425,6,UDP,443,50468,,forward,20260823_165837_other_001_2277,Other
1787484531.044494,108,6,UDP,50468,443,,forward,20260823_165837_other_001_2277,Other
1787484531.107944,594,6,UDP,443,50468,,forward,20260823_165837_other_001_2277,Other
1787484531.108187,108,6,UDP,50468,443,,forward,20260823_165837_other_001_2277,Other
1787484531.156249,145,6,UDP,50468,443,,forward,20260823_165837_other_001_2277,Other
1787484531.186495,108,6,UDP,443,50468,,forward,20260823_165837_other_001_2277,Other
1787484531.297855,594,6,UDP,443,50468,,forward,20260823_165837_other_001_2277,Other
1787484531.29805,108,6,UDP,50468,443,,forward,20260823_165837_other_001_2277,Other
1787484531.345834,770,6,UDP,443,50468,,forward,20260823_165837_other_001_2277,Other
1787484531.346053,108,6,UDP,50468,443,,forward,20260823_165837_other_001_2277,Other
1787484531.346356,145,6,UDP,50468,443,,forward,20260823_165837_other_001_2277,Other
1787484531.393352,108,6,UDP,443,50468,,forward,20260823_165837_other_001_2277,Other
1787484531.39406,165,6,UDP,50468,443,,forward,20260823_165837_other_001_2277,Other
1787484531.425353,108,6,UDP,443,50468,,forward,20260823_165837_other_001_2277,Other
1787484531.425353,196,6,UDP,443,50468,,forward,20260823_165837_other_001_2277,Other
1787484531.425612,108,6,UDP,50468,443,,forward,20260823_165837_other_001_2277,Other
1787484531.472908,165,6,UDP,50468,443,,forward,20260823_165837_other_001_2277,Other
1787484531.503627,108,6,UDP,443,50468,,forward,20260823_165837_other_001_2277,Other
1787484531.931905,145,6,UDP,443,50468,,forward,20260823_165837_other_001_2277,Other
1787484531.93212,108,6,UDP,50468,443,,forward,20260823_165837_other_001_2277,Other
1787484531.932262,145,6,UDP,50468,443,,forward,20260823_165837_other_001_2277,Other
1787484531.962926,108,6,UDP,443,50468,,forward,20260823_165837_other_001_2277,Other
1787484532.137991,264,6,UDP,443,50468,,forward,20260823_165837_other_001_2277,Other
1787484532.138244,108,6,UDP,50468,443,,forward,20260823_165837_other_001_2277,Other
1787484532.138657,300,6,UDP,50468,443,,forward,20260823_165837_other_001_2277,Other
1787484532.169257,108,6,UDP,443,50468,,forward,20260823_165837_other_001_2277,Other
1787484532.169257,165,6,UDP,443,50468,,forward,20260823_165837_other_001_2277,Other
1787484532.169487,108,6,UDP,50468,443,,forward,20260823_165837_other_001_2277,Other
1787484532.223639,145,6,UDP,50468,443,,forward,20260823_165837_other_001_2277,Other
1787484532.224014,145,6,UDP,50468,443,,forward,20260823_165837_other_001_2277,Other
1787484532.224209,145,6,UDP,50468,443,,forward,20260823_165837_other_001_2277,Other
1787484532.224286,165,6,UDP,50468,443,,forward,20260823_165837_other_001_2277,Other
1787484532.264569,108,6,UDP,443,50468,,forward,20260823_165837_other_001_2277,Other
1787484532.264569,108,6,UDP,443,50468,,forward,20260823_165837_other_001_2277,Other
1787484534.832097,104,6,UDP,50468,443,,forward,20260823_165837_other_001_2277,Other
1787484534.866776,108,6,UDP,443,50468,,forward,20260823_165837_other_001_2277,Other
1787484535.355911,136,6,UDP,50468,443,,forward,20260823_165837_other_001_2277,Other
1787484535.356066,355,6,UDP,50468,443,,forward,20260823_165837_other_001_2277,Other
1787484535.389766,108,6,UDP,443,50468,,forward,20260823_165837_other_001_2277,Other
1787484535.389766,527,6,UDP,443,50468,,forward,20260823_165837_other_001_2277,Other
1787484535.390079,108,6,UDP,50468,443,,forward,20260823_165837_other_001_2277,Other
1787484535.877912,165,6,UDP,50468,443,,forward,20260823_165837_other_001_2277,Other
1787484535.878099,165,6,UDP,50468,443,,forward,20260823_165837_other_001_2277,Other
1787484535.908584,108,6,UDP,443,50468,,forward,20260823_165837_other_001_2277,Other
1787484535.908584,165,6,UDP,443,50468,,forward,20260823_165837_other_001_2277,Other
1787484535.908584,165,6,UDP,443,50468,,forward,20260823_165837_other_001_2277,Other
1787484535.90886,108,6,UDP,50468,443,,forward,20260823_165837_other_001_2277,Other
1787484535.90911,230,6,UDP,50468,443,,forward,20260823_165837_other_001_2277,Other
1787484535.939567,108,6,UDP,443,50468,,forward,20260823_165837_other_001_2277,Other
1787484536.774915,256,6,UDP,50468,443,,forward,20260823_165837_other_001_2277,Other
1787484536.775126,256,6,UDP,50468,443,,forward,20260823_165837_other_001_2277,Other
1787484536.814234,108,6,UDP,443,50468,,forward,20260823_165837_other_001_2277,Other
1787484536.814234,311,6,UDP,443,50468,,forward,20260823_165837_other_001_2277,Other
1787484536.814234,284,6,UDP,443,50468,,forward,20260823_165837_other_001_2277,Other
1787484536.814234,284,6,UDP,443,50468,,forward,20260823_165837_other_001_2277,Other
1787484536.814234,311,6,UDP,443,50468,,forward,20260823_165837_other_001_2277,Other
1787484536.814454,108,6,UDP,50468,443,,forward,20260823_165837_other_001_2277,Other
1787484536.815912,262,6,UDP,50468,443,,forward,20260823_165837_other_001_2277,Other
1787484536.859221,108,6,UDP,443,50468,,forward,20260823_165837_other_001_2277,Other
1787484536.859221,243,6,UDP,443,50468,,forward,20260823_165837_other_001_2277,Other
1787484536.859221,243,6,UDP,443,50468,,forward,20260823_165837_other_001_2277,Other
1787484536.859576,108,6,UDP,50468,443,,forward,20260823_165837_other_001_2277,Other
1787484536.861206,157,6,UDP,50468,443,,forward,20260823_165837_other_001_2277,Other
1787484536.892746,108,6,UDP,443,50468,,forward,20260823_165837_other_001_2277,Other
1787484536.901779,157,6,UDP,443,50468,,forward,20260823_165837_other_001_2277,Other
1787484536.901996,108,6,UDP,50468,443,,forward,20260823_165837_other_001_2277,Other
1787484536.902248,145,6,UDP,50468,443,,forward,20260823_165837_other_001_2277,Other
1787484536.902558,292,6,UDP,50468,443,,forward,20260823_165837_other_001_2277,Other
1787484536.935601,108,6,UDP,443,50468,,forward,20260823_165837_other_001_2277,Other
1787484536.935601,145,6,UDP,443,50468,,forward,20260823_165837_other_001_2277,Other
1787484536.935814,108,6,UDP,50468,443,,forward,20260823_165837_other_001_2277,Other
1787484536.936751,332,6,UDP,443,50468,,forward,20260823_165837_other_001_2277,Other
1787484536.936751,145,6,UDP,443,50468,,forward,20260823_165837_other_001_2277,Other
1787484536.936903,108,6,UDP,50468,443,,forward,20260823_165837_other_001_2277,Other
1787484536.937417,190,6,UDP,50468,443,,forward,20260823_165837_other_001_2277,Other
1787484536.982268,108,6,UDP,443,50468,,forward,20260823_165837_other_001_2277,Other
1787484536.982268,145,6,UDP,443,50468,,forward,20260823_165837_other_001_2277,Other
1787484536.982468,108,6,UDP,50468,443,,forward,20260823_165837_other_001_2277,Other
1787484537.171749,165,6,UDP,443,50468,,forward,20260823_165837_other_001_2277,Other
1787484537.172073,108,6,UDP,50468,443,,forward,20260823_165837_other_001_2277,Other
1787484537.172303,165,6,UDP,50468,443,,forward,20260823_165837_other_001_2277,Other
1787484537.202244,108,6,UDP,443,50468,,forward,20260823_165837_other_001_2277,Other
1787484538.20344,165,6,UDP,443,50468,,forward,20260823_165837_other_001_2277,Other
1787484538.203835,108,6,UDP,50468,443,,forward,20260823_165837_other_001_2277,Other
1787484538.203981,165,6,UDP,50468,443,,forward,20260823_165837_other_001_2277,Other
1787484538.234444,108,6,UDP,443,50468,,forward,20260823_165837_other_001_2277,Other
1787484538.716992,145,6,UDP,443,50468,,forward,20260823_165837_other_001_2277,Other
1787484538.717192,108,6,UDP,50468,443,,forward,20260823_165837_other_001_2277,Other
1787484538.717294,145,6,UDP,50468,443,,forward,20260823_165837_other_001_2277,Other
1787484538.757446,108,6,UDP,443,50468,,forward,20260823_165837_other_001_2277,Other
1787484538.835648,104,6,UDP,50468,443,,forward,20260823_165837_other_001_2277,Other
1787484538.867514,108,6,UDP,443,50468,,forward,20260823_165837_other_001_2277,Other
1787484540.024869,197,6,UDP,50468,443,,forward,20260823_165837_other_001_2277,Other
1787484540.024972,197,6,UDP,50468,443,,forward,20260823_165837_other_001_2277,Other
1787484540.025464,197,6,UDP,50468,443,,forward,20260823_165837_other_001_2277,Other
1787484540.025779,197,6,UDP,50468,443,,forward,20260823_165837_other_001_2277,Other
1787484540.059705,108,6,UDP,443,50468,,forward,20260823_165837_other_001_2277,Other
1787484540.059705,646,6,UDP,443,50468,,forward,20260823_165837_other_001_2277,Other
1787484540.059705,421,6,UDP,443,50468,,forward,20260823_165837_other_001_2277,Other
1787484540.059705,325,6,UDP,443,50468,,forward,20260823_165837_other_001_2277,Other
1787484540.05999,108,6,UDP,50468,443,,forward,20260823_165837_other_001_2277,Other
1787484540.062151,1383,6,UDP,50468,443,,forward,20260823_165837_other_001_2277,Other
1787484540.062228,1383,6,UDP,50468,443,,forward,20260823_165837_other_001_2277,Other
1787484540.062254,1383,6,UDP,50468,443,,forward,20260823_165837_other_001_2277,Other
1787484540.062812,235,6,UDP,50468,443,,forward,20260823_165837_other_001_2277,Other
1787484540.106239,108,6,UDP,443,50468,,forward,20260823_165837_other_001_2277,Other
1787484540.106239,286,6,UDP,443,50468,,forward,20260823_165837_other_001_2277,Other
1787484540.106239,1383,6,UDP,443,50468,,forward,20260823_165837_other_001_2277,Other
1787484540.106239,1383,6,UDP,443,50468,,forward,20260823_165837_other_001_2277,Other
1787484540.106239,1383,6,UDP,443,50468,,forward,20260823_165837_other_001_2277,Other
1787484540.106239,1244,6,UDP,443,50468,,forward,20260823_165837_other_001_2277,Other
1787484540.106482,108,6,UDP,50468,443,,forward,20260823_165837_other_001_2277,Other
1787484540.108164,1383,6,UDP,50468,443,,forward,20260823_165837_other_001_2277,Other
1787484540.108246,184,6,UDP,50468,443,,forward,20260823_165837_other_001_2277,Other
1787484540.108492,1379,6,UDP,50468,443,,forward,20260823_165837_other_001_2277,Other
1787484540.108541,400,6,UDP,50468,443,,forward,20260823_165837_other_001_2277,Other
1787484540.136308,177,6,UDP,443,50468,,forward,20260823_165837_other_001_2277,Other
1787484540.136308,108,6,UDP,443,50468,,forward,20260823_165837_other_001_2277,Other
1787484540.136531,108,6,UDP,50468,443,,forward,20260823_165837_other_001_2277,Other
1787484540.14889,273,6,UDP,443,50468,,forward,20260823_165837_other_001_2277,Other
1787484540.14889,260,6,UDP,443,50468,,forward,20260823_165837_other_001_2277,Other
1787484540.149184,108,6,UDP,50468,443,,forward,20260823_165837_other_001_2277,Other
1787484540.149664,184,6,UDP,50468,443,,forward,20260823_165837_other_001_2277,Other
1787484540.180923,108,6,UDP,443,50468,,forward,20260823_165837_other_001_2277,Other
1787484540.246758,145,6,UDP,443,50468,,forward,20260823_165837_other_001_2277,Other
1787484540.246758,145,6,UDP,443,50468,,forward,20260823_165837_other_001_2277,Other
1787484540.246992,108,6,UDP,50468,443,,forward,20260823_165837_other_001_2277,Other
1787484540.247211,190,6,UDP,50468,443,,forward,20260823_165837_other_001_2277,Other
1787484540.276761,108,6,UDP,443,50468,,forward,20260823_165837_other_001_2277,Other
1787484540.59381,1379,6,UDP,443,50468,,forward,20260823_165837_other_001_2277,Other
1787484540.59381,182,6,UDP,443,50468,,forward,20260823_165837_other_001_2277,Other
1787484540.594036,108,6,UDP,50468,443,,forward,20260823_165837_other_001_2277,Other
1787484540.594493,188,6,UDP,50468,443,,forward,20260823_165837_other_001_2277,Other
1787484540.625809,108,6,UDP,443,50468,,forward,20260823_165837_other_001_2277,Other
1787484540.657825,177,6,UDP,443,50468,,forward,20260823_165837_other_001_2277,Other
1787484540.658137,108,6,UDP,50468,443,,forward,20260823_165837_other_001_2277,Other
1787484541.275896,145,6,UDP,443,50468,,forward,20260823_165837_other_001_2277,Other
1787484541.276118,108,6,UDP,50468,443,,forward,20260823_165837_other_001_2277,Other
1787484541.276687,145,6,UDP,50468,443,,forward,20260823_165837_other_001_2277,Other
1787484541.306426,108,6,UDP,443,50468,,forward,20260823_165837_other_001_2277,Other
1787484541.577625,594,6,UDP,443,50468,,forward,20260823_165837_other_001_2277,Other
1787484541.577864,108,6,UDP,50468,443,,forward,20260823_165837_other_001_2277,Other
1787484541.630842,145,6,UDP,50468,443,,forward,20260823_165837_other_001_2277,Other
1787484541.672603,108,6,UDP,443,50468,,forward,20260823_165837_other_001_2277,Other
1787484542.140954,425,6,UDP,443,50468,,forward,20260823_165837_other_001_2277,Other
1787484542.141262,108,6,UDP,50468,443,,forward,20260823_165837_other_001_2277,Other
1787484542.142239,200,6,UDP,50468,443,,forward,20260823_165837_other_001_2277,Other
1787484542.14242,200,6,UDP,50468,443,,forward,20260823_165837_other_001_2277,Other
1787484542.1748,108,6,UDP,443,50468,,forward,20260823_165837_other_001_2277,Other
1787484542.1748,165,6,UDP,443,50468,,forward,20260823_165837_other_001_2277,Other
1787484542.175022,108,6,UDP,50468,443,,forward,20260823_165837_other_001_2277,Other
1787484542.730112,189,6,UDP,443,50468,,forward,20260823_165837_other_001_2277,Other
1787484542.730362,108,6,UDP,50468,443,,forward,20260823_165837_other_001_2277,Other
1787484542.730904,193,6,UDP,50468,443,,forward,20260823_165837_other_001_2277,Other
1787484542.762229,108,6,UDP,443,50468,,forward,20260823_165837_other_001_2277,Other
1787484542.762229,165,6,UDP,443,50468,,forward,20260823_165837_other_001_2277,Other
1787484542.762457,108,6,UDP,50468,443,,forward,20260823_165837_other_001_2277,Other
1787484542.785772,145,6,UDP,443,50468,,forward,20260823_165837_other_001_2277,Other
1787484542.785996,108,6,UDP,50468,443,,forward,20260823_165837_other_001_2277,Other
1787484542.786126,145,6,UDP,50468,443,,forward,20260823_165837_other_001_2277,Other
1787484542.81945,108,6,UDP,443,50468,,forward,20260823_165837_other_001_2277,Other
1787484542.823932,104,6,UDP,50468,443,,forward,20260823_165837_other_001_2277,Other
1787484542.85365,108,6,UDP,443,50468,,forward,20260823_165837_other_001_2277,Other
1787484543.312948,210,6,UDP,443,50468,,forward,20260823_165837_other_001_2277,Other
1787484543.313138,108,6,UDP,50468,443,,forward,20260823_165837_other_001_2277,Other
1787484543.313431,210,6,UDP,50468,443,,forward,20260823_165837_other_001_2277,Other
1787484543.344429,108,6,UDP,443,50468,,forward,20260823_165837_other_001_2277,Other
1787484543.441469,145,6,UDP,443,50468,,forward,20260823_165837_other_001_2277,Other
1787484543.441703,108,6,UDP,50468,443,,forward,20260823_165837_other_001_2277,Other
1787484543.441891,145,6,UDP,50468,443,,forward,20260823_165837_other_001_2277,Other
1787484543.455561,145,6,UDP,443,50468,,forward,20260823_165837_other_001_2277,Other
1787484543.455561,145,6,UDP,443,50468,,forward,20260823_165837_other_001_2277,Other
1787484543.455561,145,6,UDP,443,50468,,forward,20260823_165837_other_001_2277,Other
1787484543.455561,235,6,UDP,443,50468,,forward,20260823_165837_other_001_2277,Other
1787484543.455798,108,6,UDP,50468,443,,forward,20260823_165837_other_001_2277,Other
1787484543.455932,145,6,UDP,443,50468,,forward,20260823_165837_other_001_2277,Other
1787484543.456089,108,6,UDP,50468,443,,forward,20260823_165837_other_001_2277,Other
1787484543.456154,370,6,UDP,50468,443,,forward,20260823_165837_other_001_2277,Other
1787484543.456588,145,6,UDP,50468,443,,forward,20260823_165837_other_001_2277,Other
1787484543.470999,145,6,UDP,443,50468,,forward,20260823_165837_other_001_2277,Other
1787484543.471151,108,6,UDP,50468,443,,forward,20260823_165837_other_001_2277,Other
1787484543.471295,145,6,UDP,50468,443,,forward,20260823_165837_other_001_2277,Other
1787484543.485971,108,6,UDP,443,50468,,forward,20260823_165837_other_001_2277,Other
1787484543.485971,145,6,UDP,443,50468,,forward,20260823_165837_other_001_2277,Other
1787484543.485971,108,6,UDP,443,50468,,forward,20260823_165837_other_001_2277,Other
1787484543.486299,108,6,UDP,50468,443,,forward,20260823_165837_other_001_2277,Other
1787484543.486685,145,6,UDP,50468,443,,forward,20260823_165837_other_001_2277,Other
1787484543.491078,145,6,UDP,443,50468,,forward,20260823_165837_other_001_2277,Other
1787484543.491308,108,6,UDP,50468,443,,forward,20260823_165837_other_001_2277,Other
1787484543.491542,145,6,UDP,50468,443,,forward,20260823_165837_other_001_2277,Other
1787484543.500976,108,6,UDP,443,50468,,forward,20260823_165837_other_001_2277,Other
1787484543.515959,108,6,UDP,443,50468,,forward,20260823_165837_other_001_2277,Other
1787484543.52343,108,6,UDP,443,50468,,forward,20260823_165837_other_001_2277,Other
1787484543.54764,145,6,UDP,443,50468,,forward,20260823_165837_other_001_2277,Other
1787484543.547807,108,6,UDP,50468,443,,forward,20260823_165837_other_001_2277,Other
1787484543.548031,145,6,UDP,50468,443,,forward,20260823_165837_other_001_2277,Other
1787484543.578485,108,6,UDP,443,50468,,forward,20260823_165837_other_001_2277,Other
1787484543.832029,145,6,UDP,443,50468,,forward,20260823_165837_other_001_2277,Other
1787484543.832029,145,6,UDP,443,50468,,forward,20260823_165837_other_001_2277,Other
1787484543.832029,230,6,UDP,443,50468,,forward,20260823_165837_other_001_2277,Other
1787484543.83226,108,6,UDP,50468,443,,forward,20260823_165837_other_001_2277,Other
1787484543.832501,190,6,UDP,50468,443,,forward,20260823_165837_other_001_2277,Other
1787484543.83256,230,6,UDP,50468,443,,forward,20260823_165837_other_001_2277,Other
1787484543.862008,108,6,UDP,443,50468,,forward,20260823_165837_other_001_2277,Other
1787484544.33962,165,6,UDP,443,50468,,forward,20260823_165837_other_001_2277,Other
1787484544.33962,165,6,UDP,443,50468,,forward,20260823_165837_other_001_2277,Other
1787484544.340014,108,6,UDP,50468,443,,forward,20260823_165837_other_001_2277,Other
1787484544.340186,230,6,UDP,50468,443,,forward,20260823_165837_other_001_2277,Other
1787484544.370601,108,6,UDP,443,50468,,forward,20260823_165837_other_001_2277,Other
1787484544.863185,145,6,UDP,443,50468,,forward,20260823_165837_other_001_2277,Other
1787484544.863425,108,6,UDP,50468,443,,forward,20260823_165837_other_001_2277,Other
1787484544.863685,145,6,UDP,50468,443,,forward,20260823_165837_other_001_2277,Other
1787484544.894676,108,6,UDP,443,50468,,forward,20260823_165837_other_001_2277,Other
1787484545.560955,166,6,UDP,50468,443,,forward,20260823_165837_other_001_2277,Other
1787484545.607869,108,6,UDP,443,50468,,forward,20260823_165837_other_001_2277,Other
1787484545.607869,177,6,UDP,443,50468,,forward,20260823_165837_other_001_2277,Other
1787484545.608181,108,6,UDP,50468,443,,forward,20260823_165837_other_001_2277,Other
1787484545.876426,165,6,UDP,443,50468,,forward,20260823_165837_other_001_2277,Other
1787484545.876652,108,6,UDP,50468,443,,forward,20260823_165837_other_001_2277,Other
1787484545.877371,165,6,UDP,50468,443,,forward,20260823_165837_other_001_2277,Other
1787484545.907346,108,6,UDP,443,50468,,forward,20260823_165837_other_001_2277,Other
1787484546.39894,145,6,UDP,443,50468,,forward,20260823_165837_other_001_2277,Other
1787484546.399181,108,6,UDP,50468,443,,forward,20260823_165837_other_001_2277,Other
1787484546.399318,145,6,UDP,50468,443,,forward,20260823_165837_other_001_2277,Other
1787484546.432485,108,6,UDP,443,50468,,forward,20260823_165837_other_001_2277,Other
1787484546.82769,104,6,UDP,50468,443,,forward,20260823_165837_other_001_2277,Other
1787484546.85853,108,6,UDP,443,50468,,forward,20260823_165837_other_001_2277,Other
1787484547.843954,180,6,UDP,50468,443,,forward,20260823_165837_other_001_2277,Other
1787484547.874957,108,6,UDP,443,50468,,forward,20260823_165837_other_001_2277,Other
1787484547.874957,145,6,UDP,443,50468,,forward,20260823_165837_other_001_2277,Other
1787484547.875162,108,6,UDP,50468,443,,forward,20260823_165837_other_001_2277,Other
1787484550.368831,136,6,UDP,50468,443,,forward,20260823_165837_other_001_2277,Other
1787484550.36895,355,6,UDP,50468,443,,forward,20260823_165837_other_001_2277,Other
1787484550.400556,108,6,UDP,443,50468,,forward,20260823_165837_other_001_2277,Other
1787484550.400556,527,6,UDP,443,50468,,forward,20260823_165837_other_001_2277,Other
1787484550.400797,108,6,UDP,50468,443,,forward,20260823_165837_other_001_2277,Other
1787484550.829268,104,6,UDP,50468,443,,forward,20260823_165837_other_001_2277,Other
1787484550.860163,108,6,UDP,443,50468,,forward,20260823_165837_other_001_2277,Other
1787484552.145911,338,6,UDP,443,50468,,forward,20260823_165837_other_001_2277,Other
1787484552.1469,108,6,UDP,50468,443,,forward,20260823_165837_other_001_2277,Other
1787484552.147433,300,6,UDP,50468,443,,forward,20260823_165837_other_001_2277,Other
1787484552.177905,108,6,UDP,443,50468,,forward,20260823_165837_other_001_2277,Other
1787484552.177905,165,6,UDP,443,50468,,forward,20260823_165837_other_001_2277,Other
1787484552.178107,108,6,UDP,50468,443,,forward,20260823_165837_other_001_2277,Other
1787484552.542875,165,6,UDP,443,50468,,forward,20260823_165837_other_001_2277,Other
1787484552.543182,108,6,UDP,50468,443,,forward,20260823_165837_other_001_2277,Other
1787484552.544999,165,6,UDP,50468,443,,forward,20260823_165837_other_001_2277,Other
1787484552.579079,108,6,UDP,443,50468,,forward,20260823_165837_other_001_2277,Other
1787484553.045898,145,6,UDP,443,50468,,forward,20260823_165837_other_001_2277,Other
1787484553.046078,108,6,UDP,50468,443,,forward,20260823_165837_other_001_2277,Other
1787484553.046912,145,6,UDP,50468,443,,forward,20260823_165837_other_001_2277,Other
1787484553.080463,108,6,UDP,443,50468,,forward,20260823_165837_other_001_2277,Other
1787484553.193063,145,6,UDP,443,50468,,forward,20260823_165837_other_001_2277,Other
1787484553.193355,108,6,UDP,50468,443,,forward,20260823_165837_other_001_2277,Other
1787484553.194574,145,6,UDP,50468,443,,forward,20260823_165837_other_001_2277,Other
1787484553.195712,221,6,UDP,50468,443,,forward,20260823_165837_other_001_2277,Other
1787484553.224779,108,6,UDP,443,50468,,forward,20260823_165837_other_001_2277,Other
1787484553.224779,190,6,UDP,443,50468,,forward,20260823_165837_other_001_2277,Other
1787484553.225021,108,6,UDP,50468,443,,forward,20260823_165837_other_001_2277,Other
1787484554.590235,145,6,UDP,443,50468,,forward,20260823_165837_other_001_2277,Other
1787484554.590756,108,6,UDP,50468,443,,forward,20260823_165837_other_001_2277,Other
1787484554.59103,145,6,UDP,50468,443,,forward,20260823_165837_other_001_2277,Other
1787484554.621212,108,6,UDP,443,50468,,forward,20260823_165837_other_001_2277,Other
1787484554.652743,594,6,UDP,443,50468,,forward,20260823_165837_other_001_2277,Other
1787484554.653236,108,6,UDP,50468,443,,forward,20260823_165837_other_001_2277,Other
1787484554.706655,145,6,UDP,50468,443,,forward,20260823_165837_other_001_2277,Other
1787484554.748372,108,6,UDP,443,50468,,forward,20260823_165837_other_001_2277,Other
1787484554.82647,104,6,UDP,50468,443,,forward,20260823_165837_other_001_2277,Other
1787484554.858264,108,6,UDP,443,50468,,forward,20260823_165837_other_001_2277,Other
1787484555.602853,145,6,UDP,443,50468,,forward,20260823_165837_other_001_2277,Other
1787484555.603085,108,6,UDP,50468,443,,forward,20260823_165837_other_001_2277,Other
1787484555.604791,145,6,UDP,50468,443,,forward,20260823_165837_other_001_2277,Other
1787484555.646669,108,6,UDP,443,50468,,forward,20260823_165837_other_001_2277,Other
1787484557.141258,165,6,UDP,443,50468,,forward,20260823_165837_other_001_2277,Other
1787484557.141258,145,6,UDP,443,50468,,forward,20260823_165837_other_001_2277,Other
1787484557.141489,108,6,UDP,50468,443,,forward,20260823_165837_other_001_2277,Other
1787484557.141658,210,6,UDP,50468,443,,forward,20260823_165837_other_001_2277,Other
1787484557.17309,108,6,UDP,443,50468,,forward,20260823_165837_other_001_2277,Other
1787484557.182089,178,6,UDP,443,50468,,forward,20260823_165837_other_001_2277,Other
1787484557.182395,108,6,UDP,50468,443,,forward,20260823_165837_other_001_2277,Other
1787484557.197517,219,6,UDP,50468,443,,forward,20260823_165837_other_001_2277,Other
1787484557.201736,199,6,UDP,50468,443,,forward,20260823_165837_other_001_2277,Other
1787484557.234661,108,6,UDP,443,50468,,forward,20260823_165837_other_001_2277,Other
1787484557.234661,145,6,UDP,443,50468,,forward,20260823_165837_other_001_2277,Other
1787484557.234661,108,6,UDP,443,50468,,forward,20260823_165837_other_001_2277,Other
1787484557.234661,145,6,UDP,443,50468,,forward,20260823_165837_other_001_2277,Other
1787484557.234908,108,6,UDP,50468,443,,forward,20260823_165837_other_001_2277,Other
1787484557.377138,179,6,UDP,443,50468,,forward,20260823_165837_other_001_2277,Other
1787484557.377867,108,6,UDP,50468,443,,forward,20260823_165837_other_001_2277,Other
1787484557.425316,145,6,UDP,50468,443,,forward,20260823_165837_other_001_2277,Other
1787484557.456669,108,6,UDP,443,50468,,forward,20260823_165837_other_001_2277,Other
1787484557.504675,179,6,UDP,443,50468,,forward,20260823_165837_other_001_2277,Other
1787484557.504951,108,6,UDP,50468,443,,forward,20260823_165837_other_001_2277,Other
1787484557.549165,1385,6,UDP,50468,443,,forward,20260823_165837_other_001_2277,Other
1787484557.54927,1385,6,UDP,50468,443,,forward,20260823_165837_other_001_2277,Other
1787484557.549313,1385,6,UDP,50468,443,,forward,20260823_165837_other_001_2277,Other
1787484557.549342,1385,6,UDP,50468,443,,forward,20260823_165837_other_001_2277,Other
1787484557.549368,1385,6,UDP,50468,443,,forward,20260823_165837_other_001_2277,Other
1787484557.549403,832,6,UDP,50468,443,,forward,20260823_165837_other_001_2277,Other
1787484557.54943,1385,6,UDP,50468,443,,forward,20260823_165837_other_001_2277,Other
1787484557.549477,1385,6,UDP,50468,443,,forward,20260823_165837_other_001_2277,Other
1787484557.549514,203,6,UDP,50468,443,,forward,20260823_165837_other_001_2277,Other
1787484557.551873,145,6,UDP,50468,443,,forward,20260823_165837_other_001_2277,Other
1787484557.579407,108,6,UDP,443,50468,,forward,20260823_165837_other_001_2277,Other
1787484557.579407,230,6,UDP,443,50468,,forward,20260823_165837_other_001_2277,Other
1787484557.579407,295,6,UDP,443,50468,,forward,20260823_165837_other_001_2277,Other
1787484557.579407,204,6,UDP,443,50468,,forward,20260823_165837_other_001_2277,Other
1787484557.579649,108,6,UDP,50468,443,,forward,20260823_165837_other_001_2277,Other
1787484557.596245,108,6,UDP,443,50468,,forward,20260823_165837_other_001_2277,Other
1787484557.611347,219,6,UDP,50468,443,,forward,20260823_165837_other_001_2277,Other
1787484557.627018,165,6,UDP,50468,443,,forward,20260823_165837_other_001_2277,Other
1787484557.641737,108,6,UDP,443,50468,,forward,20260823_165837_other_001_2277,Other
1787484557.641737,145,6,UDP,443,50468,,forward,20260823_165837_other_001_2277,Other
1787484557.642122,108,6,UDP,50468,443,,forward,20260823_165837_other_001_2277,Other
1787484557.656726,145,6,UDP,443,50468,,forward,20260823_165837_other_001_2277,Other
1787484557.656726,190,6,UDP,443,50468,,forward,20260823_165837_other_001_2277,Other
1787484557.656726,280,6,UDP,443,50468,,forward,20260823_165837_other_001_2277,Other
1787484557.656726,145,6,UDP,443,50468,,forward,20260823_165837_other_001_2277,Other
1787484557.656726,145,6,UDP,443,50468,,forward,20260823_165837_other_001_2277,Other
1787484557.656726,190,6,UDP,443,50468,,forward,20260823_165837_other_001_2277,Other
1787484557.656726,190,6,UDP,443,50468,,forward,20260823_165837_other_001_2277,Other
1787484557.656726,108,6,UDP,443,50468,,forward,20260823_165837_other_001_2277,Other
1787484557.656726,589,6,UDP,443,50468,,forward,20260823_165837_other_001_2277,Other
1787484557.65701,108,6,UDP,50468,443,,forward,20260823_165837_other_001_2277,Other
1787484557.657386,550,6,UDP,50468,443,,forward,20260823_165837_other_001_2277,Other
1787484557.65745,235,6,UDP,50468,443,,forward,20260823_165837_other_001_2277,Other
1787484557.65854,200,6,UDP,50468,443,,forward,20260823_165837_other_001_2277,Other
1787484557.686704,108,6,UDP,443,50468,,forward,20260823_165837_other_001_2277,Other
1787484557.702727,108,6,UDP,443,50468,,forward,20260823_165837_other_001_2277,Other
1787484557.738215,165,6,UDP,443,50468,,forward,20260823_165837_other_001_2277,Other
1787484557.738427,108,6,UDP,50468,443,,forward,20260823_165837_other_001_2277,Other
1787484557.782816,179,6,UDP,443,50468,,forward,20260823_165837_other_001_2277,Other
1787484557.782995,108,6,UDP,50468,443,,forward,20260823_165837_other_001_2277,Other
1787484557.795629,220,6,UDP,50468,443,,forward,20260823_165837_other_001_2277,Other
1787484557.828753,108,6,UDP,443,50468,,forward,20260823_165837_other_001_2277,Other
1787484557.828753,145,6,UDP,443,50468,,forward,20260823_165837_other_001_2277,Other
1787484557.829067,108,6,UDP,50468,443,,forward,20260823_165837_other_001_2277,Other
1787484557.970241,179,6,UDP,443,50468,,forward,20260823_165837_other_001_2277,Other
1787484557.970782,108,6,UDP,50468,443,,forward,20260823_165837_other_001_2277,Other
1787484557.998806,237,6,UDP,50468,443,,forward,20260823_165837_other_001_2277,Other
1787484558.032894,108,6,UDP,443,50468,,forward,20260823_165837_other_001_2277,Other
1787484558.032894,145,6,UDP,443,50468,,forward,20260823_165837_other_001_2277,Other
1787484558.033376,108,6,UDP,50468,443,,forward,20260823_165837_other_001_2277,Other
1787484558.174305,145,6,UDP,443,50468,,forward,20260823_165837_other_001_2277,Other
1787484558.174305,165,6,UDP,443,50468,,forward,20260823_165837_other_001_2277,Other
1787484558.174305,145,6,UDP,443,50468,,forward,20260823_165837_other_001_2277,Other
1787484558.174305,165,6,UDP,443,50468,,forward,20260823_165837_other_001_2277,Other
1787484558.174305,385,6,UDP,443,50468,,forward,20260823_165837_other_001_2277,Other
1787484558.174519,108,6,UDP,50468,443,,forward,20260823_165837_other_001_2277,Other
1787484558.174746,210,6,UDP,50468,443,,forward,20260823_165837_other_001_2277,Other
1787484558.174803,210,6,UDP,50468,443,,forward,20260823_165837_other_001_2277,Other
1787484558.208382,108,6,UDP,443,50468,,forward,20260823_165837_other_001_2277,Other
1787484558.21943,145,6,UDP,50468,443,,forward,20260823_165837_other_001_2277,Other
1787484558.250815,108,6,UDP,443,50468,,forward,20260823_165837_other_001_2277,Other
1787484558.679889,165,6,UDP,443,50468,,forward,20260823_165837_other_001_2277,Other
1787484558.679889,165,6,UDP,443,50468,,forward,20260823_165837_other_001_2277,Other
1787484558.680091,108,6,UDP,50468,443,,forward,20260823_165837_other_001_2277,Other
1787484558.680326,230,6,UDP,50468,443,,forward,20260823_165837_other_001_2277,Other
1787484558.709883,108,6,UDP,443,50468,,forward,20260823_165837_other_001_2277,Other
1787484558.821567,104,6,UDP,50468,443,,forward,20260823_165837_other_001_2277,Other
1787484558.852987,108,6,UDP,443,50468,,forward,20260823_165837_other_001_2277,Other
1787484558.964446,594,6,UDP,443,50468,,forward,20260823_165837_other_001_2277,Other
1787484558.964763,108,6,UDP,50468,443,,forward,20260823_165837_other_001_2277,Other
1787484559.017581,145,6,UDP,50468,443,,forward,20260823_165837_other_001_2277,Other
1787484559.058966,108,6,UDP,443,50468,,forward,20260823_165837_other_001_2277,Other
1787484559.550167,1385,6,UDP,50468,443,,forward,20260823_165837_other_001_2277,Other
1787484559.550257,1385,6,UDP,50468,443,,forward,20260823_165837_other_001_2277,Other
1787484559.550284,1385,6,UDP,50468,443,,forward,20260823_165837_other_001_2277,Other
1787484559.550307,1385,6,UDP,50468,443,,forward,20260823_165837_other_001_2277,Other
1787484559.550331,1385,6,UDP,50468,443,,forward,20260823_165837_other_001_2277,Other
1787484559.550357,1385,6,UDP,50468,443,,forward,20260823_165837_other_001_2277,Other
1787484559.550379,1385,6,UDP,50468,443,,forward,20260823_165837_other_001_2277,Other
1787484559.550404,1385,6,UDP,50468,443,,forward,20260823_165837_other_001_2277,Other
1787484559.550428,1385,6,UDP,50468,443,,forward,20260823_165837_other_001_2277,Other
1787484559.550454,1385,6,UDP,50468,443,,forward,20260823_165837_other_001_2277,Other
1787484559.550478,1385,6,UDP,50468,443,,forward,20260823_165837_other_001_2277,Other
1787484559.550504,1385,6,UDP,50468,443,,forward,20260823_165837_other_001_2277,Other
1787484559.55053,1385,6,UDP,50468,443,,forward,20260823_165837_other_001_2277,Other
1787484559.550554,711,6,UDP,50468,443,,forward,20260823_165837_other_001_2277,Other
1787484559.55058,1385,6,UDP,50468,443,,forward,20260823_165837_other_001_2277,Other
1787484559.550605,291,6,UDP,50468,443,,forward,20260823_165837_other_001_2277,Other
1787484559.583782,108,6,UDP,443,50468,,forward,20260823_165837_other_001_2277,Other
1787484559.583782,108,6,UDP,443,50468,,forward,20260823_165837_other_001_2277,Other
1787484559.583782,425,6,UDP,443,50468,,forward,20260823_165837_other_001_2277,Other
1787484559.583782,425,6,UDP,443,50468,,forward,20260823_165837_other_001_2277,Other
1787484559.583782,165,6,UDP,443,50468,,forward,20260823_165837_other_001_2277,Other
1787484559.584214,108,6,UDP,50468,443,,forward,20260823_165837_other_001_2277,Other
1787484559.59853,108,6,UDP,443,50468,,forward,20260823_165837_other_001_2277,Other
1787484559.59853,108,6,UDP,443,50468,,forward,20260823_165837_other_001_2277,Other
1787484559.59853,425,6,UDP,443,50468,,forward,20260823_165837_other_001_2277,Other
1787484559.598893,108,6,UDP,50468,443,,forward,20260823_165837_other_001_2277,Other
1787484559.645055,165,6,UDP,443,50468,,forward,20260823_165837_other_001_2277,Other
1787484559.6453,108,6,UDP,50468,443,,forward,20260823_165837_other_001_2277,Other
1787484559.645768,165,6,UDP,50468,443,,forward,20260823_165837_other_001_2277,Other
1787484559.675033,108,6,UDP,443,50468,,forward,20260823_165837_other_001_2277,Other
1787484560.041109,598,6,UDP,443,50468,,forward,20260823_165837_other_001_2277,Other
1787484560.041304,108,6,UDP,50468,443,,forward,20260823_165837_other_001_2277,Other
1787484560.098382,165,6,UDP,50468,443,,forward,20260823_165837_other_001_2277,Other
1787484560.126303,108,6,UDP,443,50468,,forward,20260823_165837_other_001_2277,Other
1787484560.126303,196,6,UDP,443,50468,,forward,20260823_165837_other_001_2277,Other
1787484560.126617,108,6,UDP,50468,443,,forward,20260823_165837_other_001_2277,Other
1787484560.168358,165,6,UDP,50468,443,,forward,20260823_165837_other_001_2277,Other
1787484560.202748,108,6,UDP,443,50468,,forward,20260823_165837_other_001_2277,Other
1787484561.8824,145,6,UDP,443,50468,,forward,20260823_165837_other_001_2277,Other
1787484561.882775,108,6,UDP,50468,443,,forward,20260823_165837_other_001_2277,Other
1787484561.883001,145,6,UDP,50468,443,,forward,20260823_165837_other_001_2277,Other
1787484561.927916,108,6,UDP,443,50468,,forward,20260823_165837_other_001_2277,Other
1787484562.150948,208,6,UDP,443,50468,,forward,20260823_165837_other_001_2277,Other
1787484562.151171,108,6,UDP,50468,443,,forward,20260823_165837_other_001_2277,Other
1787484562.151836,200,6,UDP,50468,443,,forward,20260823_165837_other_001_2277,Other
1787484562.152006,200,6,UDP,50468,443,,forward,20260823_165837_other_001_2277,Other
1787484562.182117,108,6,UDP,443,50468,,forward,20260823_165837_other_001_2277,Other
1787484562.182117,165,6,UDP,443,50468,,forward,20260823_165837_other_001_2277,Other
1787484562.18376,108,6,UDP,50468,443,,forward,20260823_165837_other_001_2277,Other
1787484562.73703,189,6,UDP,443,50468,,forward,20260823_165837_other_001_2277,Other
1787484562.737241,108,6,UDP,50468,443,,forward,20260823_165837_other_001_2277,Other
1787484562.737759,193,6,UDP,50468,443,,forward,20260823_165837_other_001_2277,Other
1787484562.767036,108,6,UDP,443,50468,,forward,20260823_165837_other_001_2277,Other
1787484562.767036,165,6,UDP,443,50468,,forward,20260823_165837_other_001_2277,Other
1787484562.767217,108,6,UDP,50468,443,,forward,20260823_165837_other_001_2277,Other
1787484562.829741,104,6,UDP,50468,443,,forward,20260823_165837_other_001_2277,Other
1787484562.860559,108,6,UDP,443,50468,,forward,20260823_165837_other_001_2277,Other
1787484565.369854,136,6,UDP,50468,443,,forward,20260823_165837_other_001_2277,Other
1787484565.369972,355,6,UDP,50468,443,,forward,20260823_165837_other_001_2277,Other
1787484565.400443,108,6,UDP,443,50468,,forward,20260823_165837_other_001_2277,Other
1787484565.400443,527,6,UDP,443,50468,,forward,20260823_165837_other_001_2277,Other
1787484565.401662,108,6,UDP,50468,443,,forward,20260823_165837_other_001_2277,Other
1787484566.829528,104,6,UDP,50468,443,,forward,20260823_165837_other_001_2277,Other
1787484566.860218,108,6,UDP,443,50468,,forward,20260823_165837_other_001_2277,Other
1787484566.876186,165,6,UDP,443,50468,,forward,20260823_165837_other_001_2277,Other
1787484566.878437,108,6,UDP,50468,443,,forward,20260823_165837_other_001_2277,Other
1787484566.881218,165,6,UDP,50468,443,,forward,20260823_165837_other_001_2277,Other
1787484566.915604,108,6,UDP,443,50468,,forward,20260823_165837_other_001_2277,Other
1787484567.383772,145,6,UDP,443,50468,,forward,20260823_165837_other_001_2277,Other
1787484567.385381,108,6,UDP,50468,443,,forward,20260823_165837_other_001_2277,Other
1787484567.387035,145,6,UDP,50468,443,,forward,20260823_165837_other_001_2277,Other
1787484567.414774,108,6,UDP,443,50468,,forward,20260823_165837_other_001_2277,Other
1787484568.92151,145,6,UDP,443,50468,,forward,20260823_165837_other_001_2277,Other
1787484568.921715,108,6,UDP,50468,443,,forward,20260823_165837_other_001_2277,Other
1787484568.921912,145,6,UDP,50468,443,,forward,20260823_165837_other_001_2277,Other
1787484568.95302,108,6,UDP,443,50468,,forward,20260823_165837_other_001_2277,Other
1787484569.939179,145,6,UDP,443,50468,,forward,20260823_165837_other_001_2277,Other
1787484569.939396,108,6,UDP,50468,443,,forward,20260823_165837_other_001_2277,Other
1787484569.939549,145,6,UDP,50468,443,,forward,20260823_165837_other_001_2277,Other
1787484569.970188,108,6,UDP,443,50468,,forward,20260823_165837_other_001_2277,Other
1787484570.350218,86,6,OTHER,0,0,,forward,20260823_165837_other_001_2277,Other
1787484570.365321,78,6,OTHER,0,0,,forward,20260823_165837_other_001_2277,Other
1787484570.396246,594,6,UDP,443,50468,,forward,20260823_165837_other_001_2277,Other
1787484570.396781,108,6,UDP,50468,443,,forward,20260823_165837_other_001_2277,Other
1787484570.447941,145,6,UDP,50468,443,,forward,20260823_165837_other_001_2277,Other
1787484570.478784,108,6,UDP,443,50468,,forward,20260823_165837_other_001_2277,Other
1787484570.825467,104,6,UDP,50468,443,,forward,20260823_165837_other_001_2277,Other
1787484570.856938,108,6,UDP,443,50468,,forward,20260823_165837_other_001_2277,Other
1787484571.475273,145,6,UDP,443,50468,,forward,20260823_165837_other_001_2277,Other
1787484571.475491,108,6,UDP,50468,443,,forward,20260823_165837_other_001_2277,Other
1787484571.475771,145,6,UDP,50468,443,,forward,20260823_165837_other_001_2277,Other
1787484571.507948,108,6,UDP,443,50468,,forward,20260823_165837_other_001_2277,Other
1787484571.792801,178,6,UDP,50468,443,,forward,20260823_165837_other_001_2277,Other
1787484571.793037,178,6,UDP,50468,443,,forward,20260823_165837_other_001_2277,Other
1787484571.795893,178,6,UDP,50468,443,,forward,20260823_165837_other_001_2277,Other
1787484571.796243,178,6,UDP,50468,443,,forward,20260823_165837_other_001_2277,Other
1787484571.824488,108,6,UDP,443,50468,,forward,20260823_165837_other_001_2277,Other
1787484571.824488,194,6,UDP,443,50468,,forward,20260823_165837_other_001_2277,Other
1787484571.824488,194,6,UDP,443,50468,,forward,20260823_165837_other_001_2277,Other
1787484571.824875,108,6,UDP,50468,443,,forward,20260823_165837_other_001_2277,Other
1787484571.841027,108,6,UDP,443,50468,,forward,20260823_165837_other_001_2277,Other
1787484571.841027,312,6,UDP,443,50468,,forward,20260823_165837_other_001_2277,Other
1787484571.841252,108,6,UDP,50468,443,,forward,20260823_165837_other_001_2277,Other
1787484571.998537,145,6,UDP,443,50468,,forward,20260823_165837_other_001_2277,Other
1787484571.998537,280,6,UDP,443,50468,,forward,20260823_165837_other_001_2277,Other
1787484571.998537,145,6,UDP,443,50468,,forward,20260823_165837_other_001_2277,Other
1787484571.998537,235,6,UDP,443,50468,,forward,20260823_165837_other_001_2277,Other
1787484571.998537,145,6,UDP,443,50468,,forward,20260823_165837_other_001_2277,Other
1787484571.998537,145,6,UDP,443,50468,,forward,20260823_165837_other_001_2277,Other
1787484571.998537,145,6,UDP,443,50468,,forward,20260823_165837_other_001_2277,Other
1787484571.998537,145,6,UDP,443,50468,,forward,20260823_165837_other_001_2277,Other
1787484571.998772,108,6,UDP,50468,443,,forward,20260823_165837_other_001_2277,Other
1787484571.998907,235,6,UDP,50468,443,,forward,20260823_165837_other_001_2277,Other
1787484571.998997,460,6,UDP,50468,443,,forward,20260823_165837_other_001_2277,Other
1787484571.999069,190,6,UDP,50468,443,,forward,20260823_165837_other_001_2277,Other
1787484572.028999,108,6,UDP,443,50468,,forward,20260823_165837_other_001_2277,Other
1787484572.028999,108,6,UDP,443,50468,,forward,20260823_165837_other_001_2277,Other
1787484572.138562,396,6,UDP,443,50468,,forward,20260823_165837_other_001_2277,Other
1787484572.138763,108,6,UDP,50468,443,,forward,20260823_165837_other_001_2277,Other
1787484572.139365,300,6,UDP,50468,443,,forward,20260823_165837_other_001_2277,Other
1787484572.171404,108,6,UDP,443,50468,,forward,20260823_165837_other_001_2277,Other
1787484572.171404,165,6,UDP,443,50468,,forward,20260823_165837_other_001_2277,Other
1787484572.171642,108,6,UDP,50468,443,,forward,20260823_165837_other_001_2277,Other
1787484572.504094,165,6,UDP,443,50468,,forward,20260823_165837_other_001_2277,Other
1787484572.504094,165,6,UDP,443,50468,,forward,20260823_165837_other_001_2277,Other
1787484572.504094,145,6,UDP,443,50468,,forward,20260823_165837_other_001_2277,Other
1787484572.504094,145,6,UDP,443,50468,,forward,20260823_165837_other_001_2277,Other
1787484572.504094,145,6,UDP,443,50468,,forward,20260823_165837_other_001_2277,Other
1787484572.504439,108,6,UDP,50468,443,,forward,20260823_165837_other_001_2277,Other
1787484572.504632,365,6,UDP,50468,443,,forward,20260823_165837_other_001_2277,Other
1787484572.534595,108,6,UDP,443,50468,,forward,20260823_165837_other_001_2277,Other
1787484573.012695,165,6,UDP,443,50468,,forward,20260823_165837_other_001_2277,Other
1787484573.012695,165,6,UDP,443,50468,,forward,20260823_165837_other_001_2277,Other
1787484573.012921,108,6,UDP,50468,443,,forward,20260823_165837_other_001_2277,Other
1787484573.013233,230,6,UDP,50468,443,,forward,20260823_165837_other_001_2277,Other
1787484573.042197,108,6,UDP,443,50468,,forward,20260823_165837_other_001_2277,Other
1787484574.041029,180,6,UDP,50468,443,,forward,20260823_165837_other_001_2277,Other
1787484574.041136,180,6,UDP,50468,443,,forward,20260823_165837_other_001_2277,Other
1787484574.04147,180,6,UDP,50468,443,,forward,20260823_165837_other_001_2277,Other
1787484574.041941,180,6,UDP,50468,443,,forward,20260823_165837_other_001_2277,Other
1787484574.046169,165,6,UDP,443,50468,,forward,20260823_165837_other_001_2277,Other
1787484574.046419,108,6,UDP,50468,443,,forward,20260823_165837_other_001_2277,Other
1787484574.04657,165,6,UDP,50468,443,,forward,20260823_165837_other_001_2277,Other
1787484574.07741,108,6,UDP,443,50468,,forward,20260823_165837_other_001_2277,Other
1787484574.07741,208,6,UDP,443,50468,,forward,20260823_165837_other_001_2277,Other
1787484574.07741,292,6,UDP,443,50468,,forward,20260823_165837_other_001_2277,Other
1787484574.07741,208,6,UDP,443,50468,,forward,20260823_165837_other_001_2277,Other
1787484574.07741,108,6,UDP,443,50468,,forward,20260823_165837_other_001_2277,Other
1787484574.077675,108,6,UDP,50468,443,,forward,20260823_165837_other_001_2277,Other
1787484574.079599,177,6,UDP,50468,443,,forward,20260823_165837_other_001_2277,Other
1787484574.123737,108,6,UDP,443,50468,,forward,20260823_165837_other_001_2277,Other
1787484574.123737,177,6,UDP,443,50468,,forward,20260823_165837_other_001_2277,Other
1787484574.123987,108,6,UDP,50468,443,,forward,20260823_165837_other_001_2277,Other
1787484574.124224,165,6,UDP,50468,443,,forward,20260823_165837_other_001_2277,Other
1787484574.124629,425,6,UDP,50468,443,,forward,20260823_165837_other_001_2277,Other
1787484574.155564,108,6,UDP,443,50468,,forward,20260823_165837_other_001_2277,Other
1787484574.155564,165,6,UDP,443,50468,,forward,20260823_165837_other_001_2277,Other
1787484574.155811,108,6,UDP,50468,443,,forward,20260823_165837_other_001_2277,Other
1787484574.17565,784,6,UDP,443,50468,,forward,20260823_165837_other_001_2277,Other
1787484574.175908,108,6,UDP,50468,443,,forward,20260823_165837_other_001_2277,Other
1787484574.205907,497,6,UDP,50468,443,,forward,20260823_165837_other_001_2277,Other
1787484574.234583,108,6,UDP,443,50468,,forward,20260823_165837_other_001_2277,Other
1787484574.250611,1385,6,UDP,443,50468,,forward,20260823_165837_other_001_2277,Other
1787484574.250611,731,6,UDP,443,50468,,forward,20260823_165837_other_001_2277,Other
1787484574.250857,108,6,UDP,50468,443,,forward,20260823_165837_other_001_2277,Other
1787484574.251058,165,6,UDP,50468,443,,forward,20260823_165837_other_001_2277,Other
1787484574.281515,108,6,UDP,443,50468,,forward,20260823_165837_other_001_2277,Other
1787484574.549534,165,6,UDP,443,50468,,forward,20260823_165837_other_001_2277,Other
1787484574.549787,108,6,UDP,50468,443,,forward,20260823_165837_other_001_2277,Other
1787484574.550035,165,6,UDP,50468,443,,forward,20260823_165837_other_001_2277,Other
1787484574.582015,108,6,UDP,443,50468,,forward,20260823_165837_other_001_2277,Other
1787484574.836738,104,6,UDP,50468,443,,forward,20260823_165837_other_001_2277,Other
1787484574.868042,108,6,UDP,443,50468,,forward,20260823_165837_other_001_2277,Other
1787484575.343353,166,6,UDP,50468,443,,forward,20260823_165837_other_001_2277,Other
1787484575.374084,86,6,OTHER,0,0,,forward,20260823_165837_other_001_2277,Other
1787484575.374084,108,6,UDP,443,50468,,forward,20260823_165837_other_001_2277,Other
1787484575.374084,177,6,UDP,443,50468,,forward,20260823_165837_other_001_2277,Other
1787484575.374206,86,6,OTHER,0,0,,forward,20260823_165837_other_001_2277,Other
1787484575.374466,108,6,UDP,50468,443,,forward,20260823_165837_other_001_2277,Other
1787484575.933636,165,6,UDP,50468,443,,forward,20260823_165837_other_001_2277,Other
1787484575.938979,165,6,UDP,50468,443,,forward,20260823_165837_other_001_2277,Other
1787484575.979151,108,6,UDP,443,50468,,forward,20260823_165837_other_001_2277,Other
1787484575.979151,165,6,UDP,443,50468,,forward,20260823_165837_other_001_2277,Other
1787484575.979151,108,6,UDP,443,50468,,forward,20260823_165837_other_001_2277,Other
1787484575.979151,165,6,UDP,443,50468,,forward,20260823_165837_other_001_2277,Other
1787484575.979394,108,6,UDP,50468,443,,forward,20260823_165837_other_001_2277,Other
1787484575.97953,165,6,UDP,50468,443,,forward,20260823_165837_other_001_2277,Other
1787484575.979573,165,6,UDP,50468,443,,forward,20260823_165837_other_001_2277,Other
1787484576.016211,108,6,UDP,443,50468,,forward,20260823_165837_other_001_2277,Other
1787484576.085741,145,6,UDP,443,50468,,forward,20260823_165837_other_001_2277,Other
1787484576.086017,108,6,UDP,50468,443,,forward,20260823_165837_other_001_2277,Other
1787484576.086144,145,6,UDP,50468,443,,forward,20260823_165837_other_001_2277,Other
1787484576.114607,108,6,UDP,443,50468,,forward,20260823_165837_other_001_2277,Other
1787484576.148439,500,6,UDP,50468,443,,forward,20260823_165837_other_001_2277,Other
1787484576.179293,108,6,UDP,443,50468,,forward,20260823_165837_other_001_2277,Other
1787484576.195293,1385,6,UDP,443,50468,,forward,20260823_165837_other_001_2277,Other
1787484576.195293,928,6,UDP,443,50468,,forward,20260823_165837_other_001_2277,Other
1787484576.196909,108,6,UDP,50468,443,,forward,20260823_165837_other_001_2277,Other
1787484576.197325,165,6,UDP,50468,443,,forward,20260823_165837_other_001_2277,Other
1787484576.229119,108,6,UDP,443,50468,,forward,20260823_165837_other_001_2277,Other
1787484576.923856,594,6,UDP,443,50468,,forward,20260823_165837_other_001_2277,Other
1787484576.924061,108,6,UDP,50468,443,,forward,20260823_165837_other_001_2277,Other
1787484576.972191,145,6,UDP,50468,443,,forward,20260823_165837_other_001_2277,Other
1787484577.003376,108,6,UDP,443,50468,,forward,20260823_165837_other_001_2277,Other
1787484577.11489,165,6,UDP,443,50468,,forward,20260823_165837_other_001_2277,Other
1787484577.115233,108,6,UDP,50468,443,,forward,20260823_165837_other_001_2277,Other
1787484577.115475,165,6,UDP,50468,443,,forward,20260823_165837_other_001_2277,Other
1787484577.160399,108,6,UDP,443,50468,,forward,20260823_165837_other_001_2277,Other
1787484577.213579,282,6,UDP,50468,443,,forward,20260823_165837_other_001_2277,Other
1787484577.21367,282,6,UDP,50468,443,,forward,20260823_165837_other_001_2277,Other
1787484577.256216,108,6,UDP,443,50468,,forward,20260823_165837_other_001_2277,Other
1787484577.256216,207,6,UDP,443,50468,,forward,20260823_165837_other_001_2277,Other
1787484577.256216,219,6,UDP,443,50468,,forward,20260823_165837_other_001_2277,Other
1787484577.256216,207,6,UDP,443,50468,,forward,20260823_165837_other_001_2277,Other
1787484577.256216,219,6,UDP,443,50468,,forward,20260823_165837_other_001_2277,Other
1787484577.256549,108,6,UDP,50468,443,,forward,20260823_165837_other_001_2277,Other
1787484577.258754,1383,6,UDP,50468,443,,forward,20260823_165837_other_001_2277,Other
1787484577.258852,1383,6,UDP,50468,443,,forward,20260823_165837_other_001_2277,Other
1787484577.258902,1383,6,UDP,50468,443,,forward,20260823_165837_other_001_2277,Other
1787484577.260571,232,6,UDP,50468,443,,forward,20260823_165837_other_001_2277,Other
1787484577.287122,108,6,UDP,443,50468,,forward,20260823_165837_other_001_2277,Other
1787484577.300899,286,6,UDP,443,50468,,forward,20260823_165837_other_001_2277,Other
1787484577.300899,1391,6,UDP,443,50468,,forward,20260823_165837_other_001_2277,Other
1787484577.300899,1383,6,UDP,443,50468,,forward,20260823_165837_other_001_2277,Other
1787484577.300899,1383,6,UDP,443,50468,,forward,20260823_165837_other_001_2277,Other
1787484577.300899,449,6,UDP,443,50468,,forward,20260823_165837_other_001_2277,Other
1787484577.301187,108,6,UDP,50468,443,,forward,20260823_165837_other_001_2277,Other
1787484577.302406,247,6,UDP,50468,443,,forward,20260823_165837_other_001_2277,Other
1787484577.302641,1379,6,UDP,50468,443,,forward,20260823_165837_other_001_2277,Other
1787484577.3027,1383,6,UDP,50468,443,,forward,20260823_165837_other_001_2277,Other
1787484577.302728,1383,6,UDP,50468,443,,forward,20260823_165837_other_001_2277,Other
1787484577.302758,1383,6,UDP,50468,443,,forward,20260823_165837_other_001_2277,Other
1787484577.30279,1383,6,UDP,50468,443,,forward,20260823_165837_other_001_2277,Other
1787484577.302816,1383,6,UDP,50468,443,,forward,20260823_165837_other_001_2277,Other
1787484577.302845,1383,6,UDP,50468,443,,forward,20260823_165837_other_001_2277,Other
1787484577.317988,1311,6,UDP,443,50468,,forward,20260823_165837_other_001_2277,Other
1787484577.318188,108,6,UDP,50468,443,,forward,20260823_165837_other_001_2277,Other
1787484577.318262,1383,6,UDP,50468,443,,forward,20260823_165837_other_001_2277,Other
1787484577.318282,1383,6,UDP,50468,443,,forward,20260823_165837_other_001_2277,Other
1787484577.318296,1383,6,UDP,50468,443,,forward,20260823_165837_other_001_2277,Other
1787484577.318316,1383,6,UDP,50468,443,,forward,20260823_165837_other_001_2277,Other
1787484577.318334,1383,6,UDP,50468,443,,forward,20260823_165837_other_001_2277,Other
1787484577.318353,1383,6,UDP,50468,443,,forward,20260823_165837_other_001_2277,Other
1787484577.318373,1383,6,UDP,50468,443,,forward,20260823_165837_other_001_2277,Other
1787484577.318389,1383,6,UDP,50468,443,,forward,20260823_165837_other_001_2277,Other
1787484577.318411,1383,6,UDP,50468,443,,forward,20260823_165837_other_001_2277,Other
1787484577.318436,1267,6,UDP,50468,443,,forward,20260823_165837_other_001_2277,Other
1787484577.318554,185,6,UDP,50468,443,,forward,20260823_165837_other_001_2277,Other
1787484577.333568,108,6,UDP,443,50468,,forward,20260823_165837_other_001_2277,Other
1787484577.333568,273,6,UDP,443,50468,,forward,20260823_165837_other_001_2277,Other
1787484577.333568,182,6,UDP,443,50468,,forward,20260823_165837_other_001_2277,Other
1787484577.333568,334,6,UDP,443,50468,,forward,20260823_165837_other_001_2277,Other
1787484577.333568,108,6,UDP,443,50468,,forward,20260823_165837_other_001_2277,Other
1787484577.333836,108,6,UDP,50468,443,,forward,20260823_165837_other_001_2277,Other
1787484577.334442,184,6,UDP,50468,443,,forward,20260823_165837_other_001_2277,Other
1787484577.34858,178,6,UDP,443,50468,,forward,20260823_165837_other_001_2277,Other
1787484577.34858,108,6,UDP,443,50468,,forward,20260823_165837_other_001_2277,Other
1787484577.34858,108,6,UDP,443,50468,,forward,20260823_165837_other_001_2277,Other
1787484577.34858,178,6,UDP,443,50468,,forward,20260823_165837_other_001_2277,Other
1787484577.34858,412,6,UDP,443,50468,,forward,20260823_165837_other_001_2277,Other
1787484577.348829,108,6,UDP,50468,443,,forward,20260823_165837_other_001_2277,Other
1787484577.363491,108,6,UDP,443,50468,,forward,20260823_165837_other_001_2277,Other
1787484577.378602,177,6,UDP,443,50468,,forward,20260823_165837_other_001_2277,Other
1787484577.37882,108,6,UDP,50468,443,,forward,20260823_165837_other_001_2277,Other
1787484577.553901,886,6,UDP,443,50468,,forward,20260823_165837_other_001_2277,Other
1787484577.554186,108,6,UDP,50468,443,,forward,20260823_165837_other_001_2277,Other
1787484577.554957,188,6,UDP,50468,443,,forward,20260823_165837_other_001_2277,Other
1787484577.58545,108,6,UDP,443,50468,,forward,20260823_165837_other_001_2277,Other
1787484577.61649,177,6,UDP,443,50468,,forward,20260823_165837_other_001_2277,Other
1787484577.616958,108,6,UDP,50468,443,,forward,20260823_165837_other_001_2277,Other
1787484577.831026,176,6,UDP,443,50468,,forward,20260823_165837_other_001_2277,Other
1787484577.831207,108,6,UDP,50468,443,,forward,20260823_165837_other_001_2277,Other
1787484577.83157,180,6,UDP,50468,443,,forward,20260823_165837_other_001_2277,Other
1787484577.863676,108,6,UDP,443,50468,,forward,20260823_165837_other_001_2277,Other
1787484577.863676,145,6,UDP,443,50468,,forward,20260823_165837_other_001_2277,Other
1787484577.863868,108,6,UDP,50468,443,,forward,20260823_165837_other_001_2277,Other
1787484578.439147,500,6,UDP,50468,443,,forward,20260823_165837_other_001_2277,Other
1787484578.470136,108,6,UDP,443,50468,,forward,20260823_165837_other_001_2277,Other
1787484578.470136,1385,6,UDP,443,50468,,forward,20260823_165837_other_001_2277,Other
1787484578.470136,1352,6,UDP,443,50468,,forward,20260823_165837_other_001_2277,Other
1787484578.470774,108,6,UDP,50468,443,,forward,20260823_165837_other_001_2277,Other
1787484578.471656,165,6,UDP,50468,443,,forward,20260823_165837_other_001_2277,Other
1787484578.516203,108,6,UDP,443,50468,,forward,20260823_165837_other_001_2277,Other
1787484578.834289,104,6,UDP,50468,443,,forward,20260823_165837_other_001_2277,Other
1787484578.865327,108,6,UDP,443,50468,,forward,20260823_165837_other_001_2277,Other
1787484580.359183,137,6,UDP,50468,443,,forward,20260823_165837_other_001_2277,Other
1787484580.359303,356,6,UDP,50468,443,,forward,20260823_165837_other_001_2277,Other
1787484580.389941,108,6,UDP,443,50468,,forward,20260823_165837_other_001_2277,Other
1787484580.389941,528,6,UDP,443,50468,,forward,20260823_165837_other_001_2277,Other
1787484580.390179,108,6,UDP,50468,443,,forward,20260823_165837_other_001_2277,Other
1787484581.201013,165,6,UDP,443,50468,,forward,20260823_165837_other_001_2277,Other
1787484581.20123,108,6,UDP,50468,443,,forward,20260823_165837_other_001_2277,Other
1787484581.201469,165,6,UDP,50468,443,,forward,20260823_165837_other_001_2277,Other
1787484581.230242,108,6,UDP,443,50468,,forward,20260823_165837_other_001_2277,Other
