timestamp,packet_length,ip_version,protocol,source_port,destination_port,tcp_flags,direction,session_id,traffic_class
1787480633.455239,145,4,UDP,443,52783,,forward,20260823_155349_messaging_001_f90a,Messaging
1787480633.455433,88,4,UDP,52783,443,,forward,20260823_155349_messaging_001_f90a,Messaging
1787480633.455585,145,4,UDP,52783,443,,forward,20260823_155349_messaging_001_f90a,Messaging
1787480633.501805,88,4,UDP,443,52783,,forward,20260823_155349_messaging_001_f90a,Messaging
1787480633.549435,125,4,UDP,443,52783,,forward,20260823_155349_messaging_001_f90a,Messaging
1787480633.549919,88,4,UDP,52783,443,,forward,20260823_155349_messaging_001_f90a,Messaging
1787480633.550246,125,4,UDP,52783,443,,forward,20260823_155349_messaging_001_f90a,Messaging
1787480633.596476,88,4,UDP,443,52783,,forward,20260823_155349_messaging_001_f90a,Messaging
1787480633.675791,126,4,UDP,52783,443,,forward,20260823_155349_messaging_001_f90a,Messaging
1787480633.713178,88,4,UDP,443,52783,,forward,20260823_155349_messaging_001_f90a,Messaging
1787480633.713178,137,4,UDP,443,52783,,forward,20260823_155349_messaging_001_f90a,Messaging
1787480633.713405,88,4,UDP,52783,443,,forward,20260823_155349_messaging_001_f90a,Messaging
1787480634.069072,125,4,UDP,443,52783,,forward,20260823_155349_messaging_001_f90a,Messaging
1787480634.069389,88,4,UDP,52783,443,,forward,20260823_155349_messaging_001_f90a,Messaging
1787480634.06955,125,4,UDP,52783,443,,forward,20260823_155349_messaging_001_f90a,Messaging
1787480634.099642,88,4,UDP,443,52783,,forward,20260823_155349_messaging_001_f90a,Messaging
1787480634.1827,1365,4,UDP,52783,443,,forward,20260823_155349_messaging_001_f90a,Messaging
1787480634.182805,1365,4,UDP,52783,443,,forward,20260823_155349_messaging_001_f90a,Messaging
1787480634.182842,1365,4,UDP,52783,443,,forward,20260823_155349_messaging_001_f90a,Messaging
1787480634.182867,1365,4,UDP,52783,443,,forward,20260823_155349_messaging_001_f90a,Messaging
1787480634.18289,1365,4,UDP,52783,443,,forward,20260823_155349_messaging_001_f90a,Messaging
1787480634.182915,968,4,UDP,52783,443,,forward,20260823_155349_messaging_001_f90a,Messaging
1787480634.226367,88,4,UDP,443,52783,,forward,20260823_155349_messaging_001_f90a,Messaging
1787480634.226367,88,4,UDP,443,52783,,forward,20260823_155349_messaging_001_f90a,Messaging
1787480634.226367,210,4,UDP,443,52783,,forward,20260823_155349_messaging_001_f90a,Messaging
1787480634.226367,210,4,UDP,443,52783,,forward,20260823_155349_messaging_001_f90a,Messaging
1787480634.226367,184,4,UDP,443,52783,,forward,20260823_155349_messaging_001_f90a,Messaging
1787480634.226638,88,4,UDP,52783,443,,forward,20260823_155349_messaging_001_f90a,Messaging
1787480634.273364,145,4,UDP,52783,443,,forward,20260823_155349_messaging_001_f90a,Messaging
1787480634.304342,88,4,UDP,443,52783,,forward,20260823_155349_messaging_001_f90a,Messaging
1787480634.304342,547,4,UDP,443,52783,,forward,20260823_155349_messaging_001_f90a,Messaging
1787480634.304625,88,4,UDP,52783,443,,forward,20260823_155349_messaging_001_f90a,Messaging
1787480634.305892,180,4,UDP,52783,443,,forward,20260823_155349_messaging_001_f90a,Messaging
1787480634.335642,88,4,UDP,443,52783,,forward,20260823_155349_messaging_001_f90a,Messaging
1787480634.380166,145,4,UDP,443,52783,,forward,20260823_155349_messaging_001_f90a,Messaging
1787480634.380407,88,4,UDP,52783,443,,forward,20260823_155349_messaging_001_f90a,Messaging
1787480634.418501,1365,4,UDP,52783,443,,forward,20260823_155349_messaging_001_f90a,Messaging
1787480634.418611,1365,4,UDP,52783,443,,forward,20260823_155349_messaging_001_f90a,Messaging
1787480634.418653,1365,4,UDP,52783,443,,forward,20260823_155349_messaging_001_f90a,Messaging
1787480634.418679,1365,4,UDP,52783,443,,forward,20260823_155349_messaging_001_f90a,Messaging
1787480634.418705,1365,4,UDP,52783,443,,forward,20260823_155349_messaging_001_f90a,Messaging
1787480634.418729,680,4,UDP,52783,443,,forward,20260823_155349_messaging_001_f90a,Messaging
1787480634.418753,1365,4,UDP,52783,443,,forward,20260823_155349_messaging_001_f90a,Messaging
1787480634.418775,1365,4,UDP,52783,443,,forward,20260823_155349_messaging_001_f90a,Messaging
1787480634.41881,570,4,UDP,52783,443,,forward,20260823_155349_messaging_001_f90a,Messaging
1787480634.460906,88,4,UDP,443,52783,,forward,20260823_155349_messaging_001_f90a,Messaging
1787480634.460906,88,4,UDP,443,52783,,forward,20260823_155349_messaging_001_f90a,Messaging
1787480634.460906,145,4,UDP,443,52783,,forward,20260823_155349_messaging_001_f90a,Messaging
1787480634.460906,405,4,UDP,443,52783,,forward,20260823_155349_messaging_001_f90a,Messaging
1787480634.460906,275,4,UDP,443,52783,,forward,20260823_155349_messaging_001_f90a,Messaging
1787480634.461309,88,4,UDP,52783,443,,forward,20260823_155349_messaging_001_f90a,Messaging
1787480634.461409,146,4,UDP,52783,443,,forward,20260823_155349_messaging_001_f90a,Messaging
1787480634.482883,637,4,UDP,443,52783,,forward,20260823_155349_messaging_001_f90a,Messaging
1787480634.483117,88,4,UDP,52783,443,,forward,20260823_155349_messaging_001_f90a,Messaging
1787480634.507026,88,4,UDP,443,52783,,forward,20260823_155349_messaging_001_f90a,Messaging
1787480634.507026,157,4,UDP,443,52783,,forward,20260823_155349_messaging_001_f90a,Messaging
1787480634.507253,88,4,UDP,52783,443,,forward,20260823_155349_messaging_001_f90a,Messaging
1787480634.523186,145,4,UDP,52783,443,,forward,20260823_155349_messaging_001_f90a,Messaging
1787480634.554645,88,4,UDP,443,52783,,forward,20260823_155349_messaging_001_f90a,Messaging
1787480634.570115,176,4,UDP,443,52783,,forward,20260823_155349_messaging_001_f90a,Messaging
1787480634.570544,88,4,UDP,52783,443,,forward,20260823_155349_messaging_001_f90a,Messaging
1787480634.617392,145,4,UDP,52783,443,,forward,20260823_155349_messaging_001_f90a,Messaging
1787480634.648831,145,4,UDP,443,52783,,forward,20260823_155349_messaging_001_f90a,Messaging
1787480634.649039,88,4,UDP,52783,443,,forward,20260823_155349_messaging_001_f90a,Messaging
1787480634.64925,145,4,UDP,52783,443,,forward,20260823_155349_messaging_001_f90a,Messaging
1787480634.654509,88,4,UDP,443,52783,,forward,20260823_155349_messaging_001_f90a,Messaging
1787480634.688818,88,4,UDP,443,52783,,forward,20260823_155349_messaging_001_f90a,Messaging
1787480634.742953,165,4,UDP,443,52783,,forward,20260823_155349_messaging_001_f90a,Messaging
1787480634.743224,88,4,UDP,52783,443,,forward,20260823_155349_messaging_001_f90a,Messaging
1787480634.775494,170,4,UDP,52783,443,,forward,20260823_155349_messaging_001_f90a,Messaging
1787480634.806076,88,4,UDP,443,52783,,forward,20260823_155349_messaging_001_f90a,Messaging
1787480634.986051,156,4,UDP,443,52783,,forward,20260823_155349_messaging_001_f90a,Messaging
1787480634.986292,88,4,UDP,52783,443,,forward,20260823_155349_messaging_001_f90a,Messaging
1787480634.986664,160,4,UDP,52783,443,,forward,20260823_155349_messaging_001_f90a,Messaging
1787480635.019266,88,4,UDP,443,52783,,forward,20260823_155349_messaging_001_f90a,Messaging
1787480635.019266,125,4,UDP,443,52783,,forward,20260823_155349_messaging_001_f90a,Messaging
1787480635.019503,88,4,UDP,52783,443,,forward,20260823_155349_messaging_001_f90a,Messaging
1787480635.607944,146,4,UDP,52783,443,,forward,20260823_155349_messaging_001_f90a,Messaging
1787480635.639203,88,4,UDP,443,52783,,forward,20260823_155349_messaging_001_f90a,Messaging
1787480635.639203,157,4,UDP,443,52783,,forward,20260823_155349_messaging_001_f90a,Messaging
1787480635.639607,88,4,UDP,52783,443,,forward,20260823_155349_messaging_001_f90a,Messaging
1787480635.693007,1169,4,UDP,52783,443,,forward,20260823_155349_messaging_001_f90a,Messaging
1787480635.732807,88,4,UDP,443,52783,,forward,20260823_155349_messaging_001_f90a,Messaging
1787480635.765375,162,4,UDP,443,52783,,forward,20260823_155349_messaging_001_f90a,Messaging
1787480635.765595,88,4,UDP,52783,443,,forward,20260823_155349_messaging_001_f90a,Messaging
1787480635.781442,166,4,UDP,52783,443,,forward,20260823_155349_messaging_001_f90a,Messaging
1787480635.81299,202,4,UDP,443,52783,,forward,20260823_155349_messaging_001_f90a,Messaging
1787480635.81299,154,4,UDP,443,52783,,forward,20260823_155349_messaging_001_f90a,Messaging
1787480635.81299,88,4,UDP,443,52783,,forward,20260823_155349_messaging_001_f90a,Messaging
1787480635.813216,88,4,UDP,52783,443,,forward,20260823_155349_messaging_001_f90a,Messaging
1787480635.828286,170,4,UDP,52783,443,,forward,20260823_155349_messaging_001_f90a,Messaging
1787480635.864624,88,4,UDP,443,52783,,forward,20260823_155349_messaging_001_f90a,Messaging
1787480635.889284,158,4,UDP,443,52783,,forward,20260823_155349_messaging_001_f90a,Messaging
1787480635.889483,88,4,UDP,52783,443,,forward,20260823_155349_messaging_001_f90a,Messaging
1787480636.016322,84,4,UDP,52783,443,,forward,20260823_155349_messaging_001_f90a,Messaging
1787480636.06303,88,4,UDP,443,52783,,forward,20260823_155349_messaging_001_f90a,Messaging
1787480636.63152,125,4,UDP,443,52783,,forward,20260823_155349_messaging_001_f90a,Messaging
1787480636.631836,88,4,UDP,52783,443,,forward,20260823_155349_messaging_001_f90a,Messaging
1787480636.631998,125,4,UDP,52783,443,,forward,20260823_155349_messaging_001_f90a,Messaging
1787480636.671528,88,4,UDP,443,52783,,forward,20260823_155349_messaging_001_f90a,Messaging
1787480637.36203,1359,4,UDP,52783,443,,forward,20260823_155349_messaging_001_f90a,Messaging
1787480637.362169,1363,4,UDP,52783,443,,forward,20260823_155349_messaging_001_f90a,Messaging
1787480637.362223,277,4,UDP,52783,443,,forward,20260823_155349_messaging_001_f90a,Messaging
1787480637.40207,88,4,UDP,443,52783,,forward,20260823_155349_messaging_001_f90a,Messaging
1787480637.40207,88,4,UDP,443,52783,,forward,20260823_155349_messaging_001_f90a,Messaging
1787480637.405545,257,4,UDP,443,52783,,forward,20260823_155349_messaging_001_f90a,Messaging
1787480637.405545,1359,4,UDP,443,52783,,forward,20260823_155349_messaging_001_f90a,Messaging
1787480637.405805,88,4,UDP,52783,443,,forward,20260823_155349_messaging_001_f90a,Messaging
1787480637.417303,1363,4,UDP,443,52783,,forward,20260823_155349_messaging_001_f90a,Messaging
1787480637.417303,1363,4,UDP,443,52783,,forward,20260823_155349_messaging_001_f90a,Messaging
1787480637.417303,1363,4,UDP,443,52783,,forward,20260823_155349_messaging_001_f90a,Messaging
1787480637.417303,1363,4,UDP,443,52783,,forward,20260823_155349_messaging_001_f90a,Messaging
1787480637.417303,1363,4,UDP,443,52783,,forward,20260823_155349_messaging_001_f90a,Messaging
1787480637.417303,1363,4,UDP,443,52783,,forward,20260823_155349_messaging_001_f90a,Messaging
1787480637.417303,1363,4,UDP,443,52783,,forward,20260823_155349_messaging_001_f90a,Messaging
1787480637.417303,1363,4,UDP,443,52783,,forward,20260823_155349_messaging_001_f90a,Messaging
1787480637.417303,1363,4,UDP,443,52783,,forward,20260823_155349_messaging_001_f90a,Messaging
1787480637.417303,1363,4,UDP,443,52783,,forward,20260823_155349_messaging_001_f90a,Messaging
1787480637.417303,1363,4,UDP,443,52783,,forward,20260823_155349_messaging_001_f90a,Messaging
1787480637.417517,170,4,UDP,52783,443,,forward,20260823_155349_messaging_001_f90a,Messaging
1787480637.417303,1363,4,UDP,443,52783,,forward,20260823_155349_messaging_001_f90a,Messaging
1787480637.417303,1363,4,UDP,443,52783,,forward,20260823_155349_messaging_001_f90a,Messaging
1787480637.417303,1363,4,UDP,443,52783,,forward,20260823_155349_messaging_001_f90a,Messaging
1787480637.417303,1363,4,UDP,443,52783,,forward,20260823_155349_messaging_001_f90a,Messaging
1787480637.417303,1363,4,UDP,443,52783,,forward,20260823_155349_messaging_001_f90a,Messaging
1787480637.417303,1363,4,UDP,443,52783,,forward,20260823_155349_messaging_001_f90a,Messaging
1787480637.417303,1363,4,UDP,443,52783,,forward,20260823_155349_messaging_001_f90a,Messaging
1787480637.417303,1363,4,UDP,443,52783,,forward,20260823_155349_messaging_001_f90a,Messaging
1787480637.417303,1363,4,UDP,443,52783,,forward,20260823_155349_messaging_001_f90a,Messaging
1787480637.417303,1363,4,UDP,443,52783,,forward,20260823_155349_messaging_001_f90a,Messaging
1787480637.417303,1363,4,UDP,443,52783,,forward,20260823_155349_messaging_001_f90a,Messaging
1787480637.417303,1363,4,UDP,443,52783,,forward,20260823_155349_messaging_001_f90a,Messaging
1787480637.417303,1363,4,UDP,443,52783,,forward,20260823_155349_messaging_001_f90a,Messaging
1787480637.417303,1363,4,UDP,443,52783,,forward,20260823_155349_messaging_001_f90a,Messaging
1787480637.417303,1363,4,UDP,443,52783,,forward,20260823_155349_messaging_001_f90a,Messaging
1787480637.417303,1363,4,UDP,443,52783,,forward,20260823_155349_messaging_001_f90a,Messaging
1787480637.417303,1363,4,UDP,443,52783,,forward,20260823_155349_messaging_001_f90a,Messaging
1787480637.417303,1363,4,UDP,443,52783,,forward,20260823_155349_messaging_001_f90a,Messaging
1787480637.417303,1363,4,UDP,443,52783,,forward,20260823_155349_messaging_001_f90a,Messaging
1787480637.417303,1363,4,UDP,443,52783,,forward,20260823_155349_messaging_001_f90a,Messaging
1787480637.417303,1363,4,UDP,443,52783,,forward,20260823_155349_messaging_001_f90a,Messaging
1787480637.417303,1363,4,UDP,443,52783,,forward,20260823_155349_messaging_001_f90a,Messaging
1787480637.417303,1363,4,UDP,443,52783,,forward,20260823_155349_messaging_001_f90a,Messaging
1787480637.417303,1363,4,UDP,443,52783,,forward,20260823_155349_messaging_001_f90a,Messaging
1787480637.417303,1363,4,UDP,443,52783,,forward,20260823_155349_messaging_001_f90a,Messaging
1787480637.417303,1363,4,UDP,443,52783,,forward,20260823_155349_messaging_001_f90a,Messaging
1787480637.417303,1363,4,UDP,443,52783,,forward,20260823_155349_messaging_001_f90a,Messaging
1787480637.417303,1363,4,UDP,443,52783,,forward,20260823_155349_messaging_001_f90a,Messaging
1787480637.417303,1363,4,UDP,443,52783,,forward,20260823_155349_messaging_001_f90a,Messaging
1787480637.417303,1363,4,UDP,443,52783,,forward,20260823_155349_messaging_001_f90a,Messaging
1787480637.417303,1363,4,UDP,443,52783,,forward,20260823_155349_messaging_001_f90a,Messaging
1787480637.417303,1363,4,UDP,443,52783,,forward,20260823_155349_messaging_001_f90a,Messaging
1787480637.417303,1363,4,UDP,443,52783,,forward,20260823_155349_messaging_001_f90a,Messaging
1787480637.417303,1363,4,UDP,443,52783,,forward,20260823_155349_messaging_001_f90a,Messaging
1787480637.417303,1363,4,UDP,443,52783,,forward,20260823_155349_messaging_001_f90a,Messaging
1787480637.417303,1363,4,UDP,443,52783,,forward,20260823_155349_messaging_001_f90a,Messaging
1787480637.417303,1363,4,UDP,443,52783,,forward,20260823_155349_messaging_001_f90a,Messaging
1787480637.417303,1363,4,UDP,443,52783,,forward,20260823_155349_messaging_001_f90a,Messaging
1787480637.417303,1363,4,UDP,443,52783,,forward,20260823_155349_messaging_001_f90a,Messaging
1787480637.417303,1363,4,UDP,443,52783,,forward,20260823_155349_messaging_001_f90a,Messaging
1787480637.417303,1363,4,UDP,443,52783,,forward,20260823_155349_messaging_001_f90a,Messaging
1787480637.417303,1363,4,UDP,443,52783,,forward,20260823_155349_messaging_001_f90a,Messaging
1787480637.417303,1363,4,UDP,443,52783,,forward,20260823_155349_messaging_001_f90a,Messaging
1787480637.417303,1363,4,UDP,443,52783,,forward,20260823_155349_messaging_001_f90a,Messaging
1787480637.417303,1363,4,UDP,443,52783,,forward,20260823_155349_messaging_001_f90a,Messaging
1787480637.417303,1363,4,UDP,443,52783,,forward,20260823_155349_messaging_001_f90a,Messaging
1787480637.417303,1363,4,UDP,443,52783,,forward,20260823_155349_messaging_001_f90a,Messaging
1787480637.417303,1363,4,UDP,443,52783,,forward,20260823_155349_messaging_001_f90a,Messaging
1787480637.418059,88,4,UDP,52783,443,,forward,20260823_155349_messaging_001_f90a,Messaging
1787480637.418513,165,4,UDP,52783,443,,forward,20260823_155349_messaging_001_f90a,Messaging
1787480637.418614,165,4,UDP,52783,443,,forward,20260823_155349_messaging_001_f90a,Messaging
1787480637.418668,165,4,UDP,52783,443,,forward,20260823_155349_messaging_001_f90a,Messaging
1787480637.419142,250,4,UDP,52783,443,,forward,20260823_155349_messaging_001_f90a,Messaging
1787480637.433472,166,4,UDP,52783,443,,forward,20260823_155349_messaging_001_f90a,Messaging
1787480637.433368,1363,4,UDP,443,52783,,forward,20260823_155349_messaging_001_f90a,Messaging
1787480637.433368,1363,4,UDP,443,52783,,forward,20260823_155349_messaging_001_f90a,Messaging
1787480637.433368,1363,4,UDP,443,52783,,forward,20260823_155349_messaging_001_f90a,Messaging
1787480637.433368,1363,4,UDP,443,52783,,forward,20260823_155349_messaging_001_f90a,Messaging
1787480637.433368,1363,4,UDP,443,52783,,forward,20260823_155349_messaging_001_f90a,Messaging
1787480637.433368,1363,4,UDP,443,52783,,forward,20260823_155349_messaging_001_f90a,Messaging
1787480637.433368,1363,4,UDP,443,52783,,forward,20260823_155349_messaging_001_f90a,Messaging
1787480637.433368,1363,4,UDP,443,52783,,forward,20260823_155349_messaging_001_f90a,Messaging
1787480637.433368,1363,4,UDP,443,52783,,forward,20260823_155349_messaging_001_f90a,Messaging
1787480637.433368,1363,4,UDP,443,52783,,forward,20260823_155349_messaging_001_f90a,Messaging
1787480637.433368,1363,4,UDP,443,52783,,forward,20260823_155349_messaging_001_f90a,Messaging
1787480637.433368,1363,4,UDP,443,52783,,forward,20260823_155349_messaging_001_f90a,Messaging
1787480637.433368,1363,4,UDP,443,52783,,forward,20260823_155349_messaging_001_f90a,Messaging
1787480637.433368,1363,4,UDP,443,52783,,forward,20260823_155349_messaging_001_f90a,Messaging
1787480637.433368,1363,4,UDP,443,52783,,forward,20260823_155349_messaging_001_f90a,Messaging
1787480637.433368,1363,4,UDP,443,52783,,forward,20260823_155349_messaging_001_f90a,Messaging
1787480637.433368,1363,4,UDP,443,52783,,forward,20260823_155349_messaging_001_f90a,Messaging
1787480637.433368,1363,4,UDP,443,52783,,forward,20260823_155349_messaging_001_f90a,Messaging
1787480637.433368,1363,4,UDP,443,52783,,forward,20260823_155349_messaging_001_f90a,Messaging
1787480637.433368,1363,4,UDP,443,52783,,forward,20260823_155349_messaging_001_f90a,Messaging
1787480637.433368,1363,4,UDP,443,52783,,forward,20260823_155349_messaging_001_f90a,Messaging
1787480637.433368,1363,4,UDP,443,52783,,forward,20260823_155349_messaging_001_f90a,Messaging
1787480637.433368,1363,4,UDP,443,52783,,forward,20260823_155349_messaging_001_f90a,Messaging
1787480637.433368,1363,4,UDP,443,52783,,forward,20260823_155349_messaging_001_f90a,Messaging
1787480637.433368,1363,4,UDP,443,52783,,forward,20260823_155349_messaging_001_f90a,Messaging
1787480637.433368,1363,4,UDP,443,52783,,forward,20260823_155349_messaging_001_f90a,Messaging
1787480637.433368,1363,4,UDP,443,52783,,forward,20260823_155349_messaging_001_f90a,Messaging
1787480637.433368,1363,4,UDP,443,52783,,forward,20260823_155349_messaging_001_f90a,Messaging
1787480637.433368,1363,4,UDP,443,52783,,forward,20260823_155349_messaging_001_f90a,Messaging
1787480637.433368,1363,4,UDP,443,52783,,forward,20260823_155349_messaging_001_f90a,Messaging
1787480637.433368,1363,4,UDP,443,52783,,forward,20260823_155349_messaging_001_f90a,Messaging
1787480637.433368,1363,4,UDP,443,52783,,forward,20260823_155349_messaging_001_f90a,Messaging
1787480637.433368,1363,4,UDP,443,52783,,forward,20260823_155349_messaging_001_f90a,Messaging
1787480637.433368,1363,4,UDP,443,52783,,forward,20260823_155349_messaging_001_f90a,Messaging
1787480637.433368,1363,4,UDP,443,52783,,forward,20260823_155349_messaging_001_f90a,Messaging
1787480637.433368,1363,4,UDP,443,52783,,forward,20260823_155349_messaging_001_f90a,Messaging
1787480637.433368,1363,4,UDP,443,52783,,forward,20260823_155349_messaging_001_f90a,Messaging
1787480637.433368,1363,4,UDP,443,52783,,forward,20260823_155349_messaging_001_f90a,Messaging
1787480637.433368,1363,4,UDP,443,52783,,forward,20260823_155349_messaging_001_f90a,Messaging
1787480637.433368,1363,4,UDP,443,52783,,forward,20260823_155349_messaging_001_f90a,Messaging
1787480637.433368,1363,4,UDP,443,52783,,forward,20260823_155349_messaging_001_f90a,Messaging
1787480637.433368,1363,4,UDP,443,52783,,forward,20260823_155349_messaging_001_f90a,Messaging
1787480637.433368,1363,4,UDP,443,52783,,forward,20260823_155349_messaging_001_f90a,Messaging
1787480637.433368,1363,4,UDP,443,52783,,forward,20260823_155349_messaging_001_f90a,Messaging
1787480637.433368,1363,4,UDP,443,52783,,forward,20260823_155349_messaging_001_f90a,Messaging
1787480637.433368,1363,4,UDP,443,52783,,forward,20260823_155349_messaging_001_f90a,Messaging
1787480637.433368,1363,4,UDP,443,52783,,forward,20260823_155349_messaging_001_f90a,Messaging
1787480637.433368,1363,4,UDP,443,52783,,forward,20260823_155349_messaging_001_f90a,Messaging
1787480637.433368,1363,4,UDP,443,52783,,forward,20260823_155349_messaging_001_f90a,Messaging
1787480637.433368,1363,4,UDP,443,52783,,forward,20260823_155349_messaging_001_f90a,Messaging
1787480637.433368,1363,4,UDP,443,52783,,forward,20260823_155349_messaging_001_f90a,Messaging
1787480637.433368,1363,4,UDP,443,52783,,forward,20260823_155349_messaging_001_f90a,Messaging
1787480637.433368,1363,4,UDP,443,52783,,forward,20260823_155349_messaging_001_f90a,Messaging
1787480637.433368,1363,4,UDP,443,52783,,forward,20260823_155349_messaging_001_f90a,Messaging
1787480637.433368,1363,4,UDP,443,52783,,forward,20260823_155349_messaging_001_f90a,Messaging
1787480637.433368,1363,4,UDP,443,52783,,forward,20260823_155349_messaging_001_f90a,Messaging
1787480637.433368,1363,4,UDP,443,52783,,forward,20260823_155349_messaging_001_f90a,Messaging
1787480637.433368,1363,4,UDP,443,52783,,forward,20260823_155349_messaging_001_f90a,Messaging
1787480637.433368,1363,4,UDP,443,52783,,forward,20260823_155349_messaging_001_f90a,Messaging
1787480637.433368,1363,4,UDP,443,52783,,forward,20260823_155349_messaging_001_f90a,Messaging
1787480637.434194,89,4,UDP,52783,443,,forward,20260823_155349_messaging_001_f90a,Messaging
1787480637.434768,252,4,UDP,52783,443,,forward,20260823_155349_messaging_001_f90a,Messaging
1787480637.434859,166,4,UDP,52783,443,,forward,20260823_155349_messaging_001_f90a,Messaging
1787480637.435116,166,4,UDP,52783,443,,forward,20260823_155349_messaging_001_f90a,Messaging
1787480637.435312,166,4,UDP,52783,443,,forward,20260823_155349_messaging_001_f90a,Messaging
1787480637.440267,1363,4,UDP,443,52783,,forward,20260823_155349_messaging_001_f90a,Messaging
1787480637.440267,1363,4,UDP,443,52783,,forward,20260823_155349_messaging_001_f90a,Messaging
1787480637.440267,1364,4,UDP,443,52783,,forward,20260823_155349_messaging_001_f90a,Messaging
1787480637.440267,1364,4,UDP,443,52783,,forward,20260823_155349_messaging_001_f90a,Messaging
1787480637.440267,1364,4,UDP,443,52783,,forward,20260823_155349_messaging_001_f90a,Messaging
1787480637.440267,1364,4,UDP,443,52783,,forward,20260823_155349_messaging_001_f90a,Messaging
1787480637.440267,1364,4,UDP,443,52783,,forward,20260823_155349_messaging_001_f90a,Messaging
1787480637.440267,1364,4,UDP,443,52783,,forward,20260823_155349_messaging_001_f90a,Messaging
1787480637.440267,1364,4,UDP,443,52783,,forward,20260823_155349_messaging_001_f90a,Messaging
1787480637.440267,1364,4,UDP,443,52783,,forward,20260823_155349_messaging_001_f90a,Messaging
1787480637.440267,1364,4,UDP,443,52783,,forward,20260823_155349_messaging_001_f90a,Messaging
1787480637.440267,1364,4,UDP,443,52783,,forward,20260823_155349_messaging_001_f90a,Messaging
1787480637.440267,1364,4,UDP,443,52783,,forward,20260823_155349_messaging_001_f90a,Messaging
1787480637.440267,1364,4,UDP,443,52783,,forward,20260823_155349_messaging_001_f90a,Messaging
1787480637.440267,1364,4,UDP,443,52783,,forward,20260823_155349_messaging_001_f90a,Messaging
1787480637.440267,1364,4,UDP,443,52783,,forward,20260823_155349_messaging_001_f90a,Messaging
1787480637.440267,1364,4,UDP,443,52783,,forward,20260823_155349_messaging_001_f90a,Messaging
1787480637.440267,1364,4,UDP,443,52783,,forward,20260823_155349_messaging_001_f90a,Messaging
1787480637.440267,1364,4,UDP,443,52783,,forward,20260823_155349_messaging_001_f90a,Messaging
1787480637.440267,1364,4,UDP,443,52783,,forward,20260823_155349_messaging_001_f90a,Messaging
1787480637.440267,1364,4,UDP,443,52783,,forward,20260823_155349_messaging_001_f90a,Messaging
1787480637.440267,1364,4,UDP,443,52783,,forward,20260823_155349_messaging_001_f90a,Messaging
1787480637.440267,1364,4,UDP,443,52783,,forward,20260823_155349_messaging_001_f90a,Messaging
1787480637.440267,1364,4,UDP,443,52783,,forward,20260823_155349_messaging_001_f90a,Messaging
1787480637.440267,1364,4,UDP,443,52783,,forward,20260823_155349_messaging_001_f90a,Messaging
1787480637.440267,1364,4,UDP,443,52783,,forward,20260823_155349_messaging_001_f90a,Messaging
1787480637.440267,1364,4,UDP,443,52783,,forward,20260823_155349_messaging_001_f90a,Messaging
1787480637.440267,1364,4,UDP,443,52783,,forward,20260823_155349_messaging_001_f90a,Messaging
1787480637.440267,1364,4,UDP,443,52783,,forward,20260823_155349_messaging_001_f90a,Messaging
1787480637.440267,1364,4,UDP,443,52783,,forward,20260823_155349_messaging_001_f90a,Messaging
1787480637.440267,1364,4,UDP,443,52783,,forward,20260823_155349_messaging_001_f90a,Messaging
1787480637.440267,1364,4,UDP,443,52783,,forward,20260823_155349_messaging_001_f90a,Messaging
1787480637.440821,91,4,UDP,52783,443,,forward,20260823_155349_messaging_001_f90a,Messaging
1787480637.441353,432,4,UDP,52783,443,,forward,20260823_155349_messaging_001_f90a,Messaging
1787480637.441432,168,4,UDP,52783,443,,forward,20260823_155349_messaging_001_f90a,Messaging
1787480637.441601,168,4,UDP,52783,443,,forward,20260823_155349_messaging_001_f90a,Messaging
1787480637.448923,1364,4,UDP,443,52783,,forward,20260823_155349_messaging_001_f90a,Messaging
1787480637.448923,1364,4,UDP,443,52783,,forward,20260823_155349_messaging_001_f90a,Messaging
1787480637.448923,1364,4,UDP,443,52783,,forward,20260823_155349_messaging_001_f90a,Messaging
1787480637.448923,1364,4,UDP,443,52783,,forward,20260823_155349_messaging_001_f90a,Messaging
1787480637.448923,1364,4,UDP,443,52783,,forward,20260823_155349_messaging_001_f90a,Messaging
1787480637.448923,1364,4,UDP,443,52783,,forward,20260823_155349_messaging_001_f90a,Messaging
1787480637.448923,1364,4,UDP,443,52783,,forward,20260823_155349_messaging_001_f90a,Messaging
1787480637.448923,1364,4,UDP,443,52783,,forward,20260823_155349_messaging_001_f90a,Messaging
1787480637.448923,1364,4,UDP,443,52783,,forward,20260823_155349_messaging_001_f90a,Messaging
1787480637.448923,1364,4,UDP,443,52783,,forward,20260823_155349_messaging_001_f90a,Messaging
1787480637.448923,1364,4,UDP,443,52783,,forward,20260823_155349_messaging_001_f90a,Messaging
1787480637.448923,1364,4,UDP,443,52783,,forward,20260823_155349_messaging_001_f90a,Messaging
1787480637.448923,1364,4,UDP,443,52783,,forward,20260823_155349_messaging_001_f90a,Messaging
1787480637.448923,1364,4,UDP,443,52783,,forward,20260823_155349_messaging_001_f90a,Messaging
1787480637.448923,1364,4,UDP,443,52783,,forward,20260823_155349_messaging_001_f90a,Messaging
1787480637.448923,1364,4,UDP,443,52783,,forward,20260823_155349_messaging_001_f90a,Messaging
1787480637.448923,1364,4,UDP,443,52783,,forward,20260823_155349_messaging_001_f90a,Messaging
1787480637.448923,1364,4,UDP,443,52783,,forward,20260823_155349_messaging_001_f90a,Messaging
1787480637.448923,1364,4,UDP,443,52783,,forward,20260823_155349_messaging_001_f90a,Messaging
1787480637.448923,1364,4,UDP,443,52783,,forward,20260823_155349_messaging_001_f90a,Messaging
1787480637.448923,1364,4,UDP,443,52783,,forward,20260823_155349_messaging_001_f90a,Messaging
1787480637.448923,1364,4,UDP,443,52783,,forward,20260823_155349_messaging_001_f90a,Messaging
1787480637.448923,1364,4,UDP,443,52783,,forward,20260823_155349_messaging_001_f90a,Messaging
1787480637.448923,1364,4,UDP,443,52783,,forward,20260823_155349_messaging_001_f90a,Messaging
1787480637.448923,1364,4,UDP,443,52783,,forward,20260823_155349_messaging_001_f90a,Messaging
1787480637.448923,1364,4,UDP,443,52783,,forward,20260823_155349_messaging_001_f90a,Messaging
1787480637.448923,1364,4,UDP,443,52783,,forward,20260823_155349_messaging_001_f90a,Messaging
1787480637.448923,1364,4,UDP,443,52783,,forward,20260823_155349_messaging_001_f90a,Messaging
1787480637.449438,91,4,UDP,52783,443,,forward,20260823_155349_messaging_001_f90a,Messaging
1787480637.449919,168,4,UDP,52783,443,,forward,20260823_155349_messaging_001_f90a,Messaging
1787480637.449994,168,4,UDP,52783,443,,forward,20260823_155349_messaging_001_f90a,Messaging
1787480637.450156,173,4,UDP,52783,443,,forward,20260823_155349_messaging_001_f90a,Messaging
1787480637.464069,169,4,UDP,52783,443,,forward,20260823_155349_messaging_001_f90a,Messaging
1787480637.464098,1364,4,UDP,443,52783,,forward,20260823_155349_messaging_001_f90a,Messaging
1787480637.464098,1364,4,UDP,443,52783,,forward,20260823_155349_messaging_001_f90a,Messaging
1787480637.464098,1364,4,UDP,443,52783,,forward,20260823_155349_messaging_001_f90a,Messaging
1787480637.464098,1364,4,UDP,443,52783,,forward,20260823_155349_messaging_001_f90a,Messaging
1787480637.464098,1364,4,UDP,443,52783,,forward,20260823_155349_messaging_001_f90a,Messaging
1787480637.464098,1364,4,UDP,443,52783,,forward,20260823_155349_messaging_001_f90a,Messaging
1787480637.464098,1364,4,UDP,443,52783,,forward,20260823_155349_messaging_001_f90a,Messaging
1787480637.464098,1364,4,UDP,443,52783,,forward,20260823_155349_messaging_001_f90a,Messaging
1787480637.464098,89,4,UDP,443,52783,,forward,20260823_155349_messaging_001_f90a,Messaging
1787480637.464098,1364,4,UDP,443,52783,,forward,20260823_155349_messaging_001_f90a,Messaging
1787480637.464098,1364,4,UDP,443,52783,,forward,20260823_155349_messaging_001_f90a,Messaging
1787480637.464098,1364,4,UDP,443,52783,,forward,20260823_155349_messaging_001_f90a,Messaging
1787480637.464098,1364,4,UDP,443,52783,,forward,20260823_155349_messaging_001_f90a,Messaging
1787480637.464098,1364,4,UDP,443,52783,,forward,20260823_155349_messaging_001_f90a,Messaging
1787480637.464098,1364,4,UDP,443,52783,,forward,20260823_155349_messaging_001_f90a,Messaging
1787480637.464098,1364,4,UDP,443,52783,,forward,20260823_155349_messaging_001_f90a,Messaging
1787480637.464098,1364,4,UDP,443,52783,,forward,20260823_155349_messaging_001_f90a,Messaging
1787480637.464098,1364,4,UDP,443,52783,,forward,20260823_155349_messaging_001_f90a,Messaging
1787480637.464098,1364,4,UDP,443,52783,,forward,20260823_155349_messaging_001_f90a,Messaging
1787480637.464098,1364,4,UDP,443,52783,,forward,20260823_155349_messaging_001_f90a,Messaging
1787480637.464098,1364,4,UDP,443,52783,,forward,20260823_155349_messaging_001_f90a,Messaging
1787480637.464098,89,4,UDP,443,52783,,forward,20260823_155349_messaging_001_f90a,Messaging
1787480637.464098,1364,4,UDP,443,52783,,forward,20260823_155349_messaging_001_f90a,Messaging
1787480637.464098,1364,4,UDP,443,52783,,forward,20260823_155349_messaging_001_f90a,Messaging
1787480637.464098,1364,4,UDP,443,52783,,forward,20260823_155349_messaging_001_f90a,Messaging
1787480637.464098,1364,4,UDP,443,52783,,forward,20260823_155349_messaging_001_f90a,Messaging
1787480637.464098,1364,4,UDP,443,52783,,forward,20260823_155349_messaging_001_f90a,Messaging
1787480637.464098,1364,4,UDP,443,52783,,forward,20260823_155349_messaging_001_f90a,Messaging
1787480637.464098,1364,4,UDP,443,52783,,forward,20260823_155349_messaging_001_f90a,Messaging
1787480637.464098,1364,4,UDP,443,52783,,forward,20260823_155349_messaging_001_f90a,Messaging
1787480637.464098,1364,4,UDP,443,52783,,forward,20260823_155349_messaging_001_f90a,Messaging
1787480637.464098,1364,4,UDP,443,52783,,forward,20260823_155349_messaging_001_f90a,Messaging
1787480637.464098,1364,4,UDP,443,52783,,forward,20260823_155349_messaging_001_f90a,Messaging
1787480637.464098,1364,4,UDP,443,52783,,forward,20260823_155349_messaging_001_f90a,Messaging
1787480637.464098,1364,4,UDP,443,52783,,forward,20260823_155349_messaging_001_f90a,Messaging
1787480637.464098,1364,4,UDP,443,52783,,forward,20260823_155349_messaging_001_f90a,Messaging
1787480637.464098,1364,4,UDP,443,52783,,forward,20260823_155349_messaging_001_f90a,Messaging
1787480637.464098,1364,4,UDP,443,52783,,forward,20260823_155349_messaging_001_f90a,Messaging
1787480637.464098,1364,4,UDP,443,52783,,forward,20260823_155349_messaging_001_f90a,Messaging
1787480637.464098,1364,4,UDP,443,52783,,forward,20260823_155349_messaging_001_f90a,Messaging
1787480637.464098,1364,4,UDP,443,52783,,forward,20260823_155349_messaging_001_f90a,Messaging
1787480637.464098,1364,4,UDP,443,52783,,forward,20260823_155349_messaging_001_f90a,Messaging
1787480637.464098,1364,4,UDP,443,52783,,forward,20260823_155349_messaging_001_f90a,Messaging
1787480637.464098,1364,4,UDP,443,52783,,forward,20260823_155349_messaging_001_f90a,Messaging
1787480637.464098,1364,4,UDP,443,52783,,forward,20260823_155349_messaging_001_f90a,Messaging
1787480637.464098,1364,4,UDP,443,52783,,forward,20260823_155349_messaging_001_f90a,Messaging
1787480637.464098,1364,4,UDP,443,52783,,forward,20260823_155349_messaging_001_f90a,Messaging
1787480637.464098,1364,4,UDP,443,52783,,forward,20260823_155349_messaging_001_f90a,Messaging
1787480637.464098,1364,4,UDP,443,52783,,forward,20260823_155349_messaging_001_f90a,Messaging
1787480637.464098,1364,4,UDP,443,52783,,forward,20260823_155349_messaging_001_f90a,Messaging
1787480637.464098,1364,4,UDP,443,52783,,forward,20260823_155349_messaging_001_f90a,Messaging
1787480637.464098,1364,4,UDP,443,52783,,forward,20260823_155349_messaging_001_f90a,Messaging
1787480637.464098,1364,4,UDP,443,52783,,forward,20260823_155349_messaging_001_f90a,Messaging
1787480637.464098,1364,4,UDP,443,52783,,forward,20260823_155349_messaging_001_f90a,Messaging
1787480637.464098,1364,4,UDP,443,52783,,forward,20260823_155349_messaging_001_f90a,Messaging
1787480637.464098,1364,4,UDP,443,52783,,forward,20260823_155349_messaging_001_f90a,Messaging
1787480637.464098,1364,4,UDP,443,52783,,forward,20260823_155349_messaging_001_f90a,Messaging
1787480637.464098,1364,4,UDP,443,52783,,forward,20260823_155349_messaging_001_f90a,Messaging
1787480637.464098,1364,4,UDP,443,52783,,forward,20260823_155349_messaging_001_f90a,Messaging
1787480637.464098,1364,4,UDP,443,52783,,forward,20260823_155349_messaging_001_f90a,Messaging
1787480637.464098,1364,4,UDP,443,52783,,forward,20260823_155349_messaging_001_f90a,Messaging
1787480637.464098,1364,4,UDP,443,52783,,forward,20260823_155349_messaging_001_f90a,Messaging
1787480637.464098,1364,4,UDP,443,52783,,forward,20260823_155349_messaging_001_f90a,Messaging
1787480637.464098,1364,4,UDP,443,52783,,forward,20260823_155349_messaging_001_f90a,Messaging
1787480637.464098,1364,4,UDP,443,52783,,forward,20260823_155349_messaging_001_f90a,Messaging
1787480637.464098,1364,4,UDP,443,52783,,forward,20260823_155349_messaging_001_f90a,Messaging
1787480637.464098,1364,4,UDP,443,52783,,forward,20260823_155349_messaging_001_f90a,Messaging
1787480637.464098,1364,4,UDP,443,52783,,forward,20260823_155349_messaging_001_f90a,Messaging
1787480637.464098,1364,4,UDP,443,52783,,forward,20260823_155349_messaging_001_f90a,Messaging
1787480637.464098,1364,4,UDP,443,52783,,forward,20260823_155349_messaging_001_f90a,Messaging
1787480637.464912,91,4,UDP,52783,443,,forward,20260823_155349_messaging_001_f90a,Messaging
1787480637.46548,169,4,UDP,52783,443,,forward,20260823_155349_messaging_001_f90a,Messaging
1787480637.465559,169,4,UDP,52783,443,,forward,20260823_155349_messaging_001_f90a,Messaging
1787480637.465637,169,4,UDP,52783,443,,forward,20260823_155349_messaging_001_f90a,Messaging
1787480637.465828,169,4,UDP,52783,443,,forward,20260823_155349_messaging_001_f90a,Messaging
1787480637.465905,169,4,UDP,52783,443,,forward,20260823_155349_messaging_001_f90a,Messaging
1787480637.466071,169,4,UDP,52783,443,,forward,20260823_155349_messaging_001_f90a,Messaging
1787480637.475421,1364,4,UDP,443,52783,,forward,20260823_155349_messaging_001_f90a,Messaging
1787480637.475421,1364,4,UDP,443,52783,,forward,20260823_155349_messaging_001_f90a,Messaging
1787480637.475421,1364,4,UDP,443,52783,,forward,20260823_155349_messaging_001_f90a,Messaging
1787480637.475421,1364,4,UDP,443,52783,,forward,20260823_155349_messaging_001_f90a,Messaging
1787480637.475421,1364,4,UDP,443,52783,,forward,20260823_155349_messaging_001_f90a,Messaging
1787480637.475421,1364,4,UDP,443,52783,,forward,20260823_155349_messaging_001_f90a,Messaging
1787480637.475421,1364,4,UDP,443,52783,,forward,20260823_155349_messaging_001_f90a,Messaging
1787480637.475421,1364,4,UDP,443,52783,,forward,20260823_155349_messaging_001_f90a,Messaging
1787480637.475421,1364,4,UDP,443,52783,,forward,20260823_155349_messaging_001_f90a,Messaging
1787480637.475421,1364,4,UDP,443,52783,,forward,20260823_155349_messaging_001_f90a,Messaging
1787480637.475421,1364,4,UDP,443,52783,,forward,20260823_155349_messaging_001_f90a,Messaging
1787480637.475421,1364,4,UDP,443,52783,,forward,20260823_155349_messaging_001_f90a,Messaging
1787480637.475421,1364,4,UDP,443,52783,,forward,20260823_155349_messaging_001_f90a,Messaging
1787480637.475421,1364,4,UDP,443,52783,,forward,20260823_155349_messaging_001_f90a,Messaging
1787480637.475421,1364,4,UDP,443,52783,,forward,20260823_155349_messaging_001_f90a,Messaging
1787480637.475421,1364,4,UDP,443,52783,,forward,20260823_155349_messaging_001_f90a,Messaging
1787480637.475421,1364,4,UDP,443,52783,,forward,20260823_155349_messaging_001_f90a,Messaging
1787480637.475421,1364,4,UDP,443,52783,,forward,20260823_155349_messaging_001_f90a,Messaging
1787480637.475421,1364,4,UDP,443,52783,,forward,20260823_155349_messaging_001_f90a,Messaging
1787480637.475421,1364,4,UDP,443,52783,,forward,20260823_155349_messaging_001_f90a,Messaging
1787480637.475421,1364,4,UDP,443,52783,,forward,20260823_155349_messaging_001_f90a,Messaging
1787480637.475421,1364,4,UDP,443,52783,,forward,20260823_155349_messaging_001_f90a,Messaging
1787480637.475421,1364,4,UDP,443,52783,,forward,20260823_155349_messaging_001_f90a,Messaging
1787480637.475421,1364,4,UDP,443,52783,,forward,20260823_155349_messaging_001_f90a,Messaging
1787480637.475421,89,4,UDP,443,52783,,forward,20260823_155349_messaging_001_f90a,Messaging
1787480637.475421,1364,4,UDP,443,52783,,forward,20260823_155349_messaging_001_f90a,Messaging
1787480637.475421,1364,4,UDP,443,52783,,forward,20260823_155349_messaging_001_f90a,Messaging
1787480637.475421,1364,4,UDP,443,52783,,forward,20260823_155349_messaging_001_f90a,Messaging
1787480637.475421,1364,4,UDP,443,52783,,forward,20260823_155349_messaging_001_f90a,Messaging
1787480637.475421,1364,4,UDP,443,52783,,forward,20260823_155349_messaging_001_f90a,Messaging
1787480637.475421,1364,4,UDP,443,52783,,forward,20260823_155349_messaging_001_f90a,Messaging
1787480637.475421,1364,4,UDP,443,52783,,forward,20260823_155349_messaging_001_f90a,Messaging
1787480637.475421,1364,4,UDP,443,52783,,forward,20260823_155349_messaging_001_f90a,Messaging
1787480637.475421,1364,4,UDP,443,52783,,forward,20260823_155349_messaging_001_f90a,Messaging
1787480637.475421,1364,4,UDP,443,52783,,forward,20260823_155349_messaging_001_f90a,Messaging
1787480637.475421,1364,4,UDP,443,52783,,forward,20260823_155349_messaging_001_f90a,Messaging
1787480637.475421,1364,4,UDP,443,52783,,forward,20260823_155349_messaging_001_f90a,Messaging
1787480637.475421,89,4,UDP,443,52783,,forward,20260823_155349_messaging_001_f90a,Messaging
1787480637.475421,1364,4,UDP,443,52783,,forward,20260823_155349_messaging_001_f90a,Messaging
1787480637.475421,1364,4,UDP,443,52783,,forward,20260823_155349_messaging_001_f90a,Messaging
1787480637.475421,1364,4,UDP,443,52783,,forward,20260823_155349_messaging_001_f90a,Messaging
1787480637.475421,1364,4,UDP,443,52783,,forward,20260823_155349_messaging_001_f90a,Messaging
1787480637.475421,1364,4,UDP,443,52783,,forward,20260823_155349_messaging_001_f90a,Messaging
1787480637.475421,1364,4,UDP,443,52783,,forward,20260823_155349_messaging_001_f90a,Messaging
1787480637.475421,1364,4,UDP,443,52783,,forward,20260823_155349_messaging_001_f90a,Messaging
1787480637.475421,1364,4,UDP,443,52783,,forward,20260823_155349_messaging_001_f90a,Messaging
1787480637.476054,89,4,UDP,52783,443,,forward,20260823_155349_messaging_001_f90a,Messaging
1787480637.476577,169,4,UDP,52783,443,,forward,20260823_155349_messaging_001_f90a,Messaging
1787480637.476644,169,4,UDP,52783,443,,forward,20260823_155349_messaging_001_f90a,Messaging
1787480637.476818,258,4,UDP,52783,443,,forward,20260823_155349_messaging_001_f90a,Messaging
1787480637.477041,169,4,UDP,52783,443,,forward,20260823_155349_messaging_001_f90a,Messaging
1787480637.479412,1364,4,UDP,443,52783,,forward,20260823_155349_messaging_001_f90a,Messaging
1787480637.479412,1364,4,UDP,443,52783,,forward,20260823_155349_messaging_001_f90a,Messaging
1787480637.479412,1364,4,UDP,443,52783,,forward,20260823_155349_messaging_001_f90a,Messaging
1787480637.479412,1364,4,UDP,443,52783,,forward,20260823_155349_messaging_001_f90a,Messaging
1787480637.479412,1364,4,UDP,443,52783,,forward,20260823_155349_messaging_001_f90a,Messaging
1787480637.479412,1364,4,UDP,443,52783,,forward,20260823_155349_messaging_001_f90a,Messaging
1787480637.479412,1364,4,UDP,443,52783,,forward,20260823_155349_messaging_001_f90a,Messaging
1787480637.479412,1364,4,UDP,443,52783,,forward,20260823_155349_messaging_001_f90a,Messaging
1787480637.479412,1364,4,UDP,443,52783,,forward,20260823_155349_messaging_001_f90a,Messaging
1787480637.479412,1364,4,UDP,443,52783,,forward,20260823_155349_messaging_001_f90a,Messaging
1787480637.479412,1364,4,UDP,443,52783,,forward,20260823_155349_messaging_001_f90a,Messaging
1787480637.479412,1364,4,UDP,443,52783,,forward,20260823_155349_messaging_001_f90a,Messaging
1787480637.479412,1364,4,UDP,443,52783,,forward,20260823_155349_messaging_001_f90a,Messaging
1787480637.479412,1364,4,UDP,443,52783,,forward,20260823_155349_messaging_001_f90a,Messaging
1787480637.479412,1364,4,UDP,443,52783,,forward,20260823_155349_messaging_001_f90a,Messaging
1787480637.479412,1364,4,UDP,443,52783,,forward,20260823_155349_messaging_001_f90a,Messaging
1787480637.479833,89,4,UDP,52783,443,,forward,20260823_155349_messaging_001_f90a,Messaging
1787480637.480266,169,4,UDP,52783,443,,forward,20260823_155349_messaging_001_f90a,Messaging
1787480637.494956,1364,4,UDP,443,52783,,forward,20260823_155349_messaging_001_f90a,Messaging
1787480637.494956,1364,4,UDP,443,52783,,forward,20260823_155349_messaging_001_f90a,Messaging
1787480637.494956,1364,4,UDP,443,52783,,forward,20260823_155349_messaging_001_f90a,Messaging
1787480637.494956,1364,4,UDP,443,52783,,forward,20260823_155349_messaging_001_f90a,Messaging
1787480637.494956,1364,4,UDP,443,52783,,forward,20260823_155349_messaging_001_f90a,Messaging
1787480637.494956,1364,4,UDP,443,52783,,forward,20260823_155349_messaging_001_f90a,Messaging
1787480637.494956,1364,4,UDP,443,52783,,forward,20260823_155349_messaging_001_f90a,Messaging
1787480637.494956,1364,4,UDP,443,52783,,forward,20260823_155349_messaging_001_f90a,Messaging
1787480637.494956,89,4,UDP,443,52783,,forward,20260823_155349_messaging_001_f90a,Messaging
1787480637.494956,1364,4,UDP,443,52783,,forward,20260823_155349_messaging_001_f90a,Messaging
1787480637.494956,1364,4,UDP,443,52783,,forward,20260823_155349_messaging_001_f90a,Messaging
1787480637.494956,1364,4,UDP,443,52783,,forward,20260823_155349_messaging_001_f90a,Messaging
1787480637.494956,1364,4,UDP,443,52783,,forward,20260823_155349_messaging_001_f90a,Messaging
1787480637.494956,1364,4,UDP,443,52783,,forward,20260823_155349_messaging_001_f90a,Messaging
1787480637.494956,1364,4,UDP,443,52783,,forward,20260823_155349_messaging_001_f90a,Messaging
1787480637.494956,1364,4,UDP,443,52783,,forward,20260823_155349_messaging_001_f90a,Messaging
1787480637.494956,1364,4,UDP,443,52783,,forward,20260823_155349_messaging_001_f90a,Messaging
1787480637.494956,89,4,UDP,443,52783,,forward,20260823_155349_messaging_001_f90a,Messaging
1787480637.494956,1364,4,UDP,443,52783,,forward,20260823_155349_messaging_001_f90a,Messaging
1787480637.494956,1364,4,UDP,443,52783,,forward,20260823_155349_messaging_001_f90a,Messaging
1787480637.494956,1364,4,UDP,443,52783,,forward,20260823_155349_messaging_001_f90a,Messaging
1787480637.494956,1364,4,UDP,443,52783,,forward,20260823_155349_messaging_001_f90a,Messaging
1787480637.494956,1364,4,UDP,443,52783,,forward,20260823_155349_messaging_001_f90a,Messaging
1787480637.494956,1364,4,UDP,443,52783,,forward,20260823_155349_messaging_001_f90a,Messaging
1787480637.494956,1364,4,UDP,443,52783,,forward,20260823_155349_messaging_001_f90a,Messaging
1787480637.494956,1364,4,UDP,443,52783,,forward,20260823_155349_messaging_001_f90a,Messaging
1787480637.494956,1364,4,UDP,443,52783,,forward,20260823_155349_messaging_001_f90a,Messaging
1787480637.494956,1364,4,UDP,443,52783,,forward,20260823_155349_messaging_001_f90a,Messaging
1787480637.494956,1364,4,UDP,443,52783,,forward,20260823_155349_messaging_001_f90a,Messaging
1787480637.494956,1364,4,UDP,443,52783,,forward,20260823_155349_messaging_001_f90a,Messaging
1787480637.494956,1364,4,UDP,443,52783,,forward,20260823_155349_messaging_001_f90a,Messaging
1787480637.494956,1364,4,UDP,443,52783,,forward,20260823_155349_messaging_001_f90a,Messaging
1787480637.494956,1364,4,UDP,443,52783,,forward,20260823_155349_messaging_001_f90a,Messaging
1787480637.494956,1364,4,UDP,443,52783,,forward,20260823_155349_messaging_001_f90a,Messaging
1787480637.494956,1364,4,UDP,443,52783,,forward,20260823_155349_messaging_001_f90a,Messaging
1787480637.494956,1364,4,UDP,443,52783,,forward,20260823_155349_messaging_001_f90a,Messaging
1787480637.494956,1364,4,UDP,443,52783,,forward,20260823_155349_messaging_001_f90a,Messaging
1787480637.495159,170,4,UDP,52783,443,,forward,20260823_155349_messaging_001_f90a,Messaging
1787480637.494956,1364,4,UDP,443,52783,,forward,20260823_155349_messaging_001_f90a,Messaging
1787480637.494956,1364,4,UDP,443,52783,,forward,20260823_155349_messaging_001_f90a,Messaging
1787480637.494956,1364,4,UDP,443,52783,,forward,20260823_155349_messaging_001_f90a,Messaging
1787480637.495543,89,4,UDP,52783,443,,forward,20260823_155349_messaging_001_f90a,Messaging
1787480637.496004,169,4,UDP,52783,443,,forward,20260823_155349_messaging_001_f90a,Messaging
1787480637.496125,166,4,UDP,52783,443,,forward,20260823_155349_messaging_001_f90a,Messaging
1787480637.49631,166,4,UDP,52783,443,,forward,20260823_155349_messaging_001_f90a,Messaging
1787480637.508419,88,4,UDP,443,52783,,forward,20260823_155349_messaging_001_f90a,Messaging
1787480637.508419,88,4,UDP,443,52783,,forward,20260823_155349_messaging_001_f90a,Messaging
1787480637.508419,1363,4,UDP,443,52783,,forward,20260823_155349_messaging_001_f90a,Messaging
1787480637.508419,1363,4,UDP,443,52783,,forward,20260823_155349_messaging_001_f90a,Messaging
1787480637.508419,1363,4,UDP,443,52783,,forward,20260823_155349_messaging_001_f90a,Messaging
1787480637.508419,1363,4,UDP,443,52783,,forward,20260823_155349_messaging_001_f90a,Messaging
1787480637.508419,1363,4,UDP,443,52783,,forward,20260823_155349_messaging_001_f90a,Messaging
1787480637.508419,1363,4,UDP,443,52783,,forward,20260823_155349_messaging_001_f90a,Messaging
1787480637.508419,1363,4,UDP,443,52783,,forward,20260823_155349_messaging_001_f90a,Messaging
1787480637.508419,1363,4,UDP,443,52783,,forward,20260823_155349_messaging_001_f90a,Messaging
1787480637.508419,1363,4,UDP,443,52783,,forward,20260823_155349_messaging_001_f90a,Messaging
1787480637.508419,1363,4,UDP,443,52783,,forward,20260823_155349_messaging_001_f90a,Messaging
1787480637.508419,1363,4,UDP,443,52783,,forward,20260823_155349_messaging_001_f90a,Messaging
1787480637.508419,1363,4,UDP,443,52783,,forward,20260823_155349_messaging_001_f90a,Messaging
1787480637.508419,1363,4,UDP,443,52783,,forward,20260823_155349_messaging_001_f90a,Messaging
1787480637.508419,1363,4,UDP,443,52783,,forward,20260823_155349_messaging_001_f90a,Messaging
1787480637.508419,1363,4,UDP,443,52783,,forward,20260823_155349_messaging_001_f90a,Messaging
1787480637.508419,1363,4,UDP,443,52783,,forward,20260823_155349_messaging_001_f90a,Messaging
1787480637.508419,1363,4,UDP,443,52783,,forward,20260823_155349_messaging_001_f90a,Messaging
1787480637.508419,1363,4,UDP,443,52783,,forward,20260823_155349_messaging_001_f90a,Messaging
1787480637.508419,1363,4,UDP,443,52783,,forward,20260823_155349_messaging_001_f90a,Messaging
1787480637.508419,1363,4,UDP,443,52783,,forward,20260823_155349_messaging_001_f90a,Messaging
1787480637.508419,1363,4,UDP,443,52783,,forward,20260823_155349_messaging_001_f90a,Messaging
1787480637.508419,1363,4,UDP,443,52783,,forward,20260823_155349_messaging_001_f90a,Messaging
1787480637.508419,1364,4,UDP,443,52783,,forward,20260823_155349_messaging_001_f90a,Messaging
1787480637.508419,1364,4,UDP,443,52783,,forward,20260823_155349_messaging_001_f90a,Messaging
1787480637.508419,1364,4,UDP,443,52783,,forward,20260823_155349_messaging_001_f90a,Messaging
1787480637.508419,1364,4,UDP,443,52783,,forward,20260823_155349_messaging_001_f90a,Messaging
1787480637.508419,1364,4,UDP,443,52783,,forward,20260823_155349_messaging_001_f90a,Messaging
1787480637.508419,1364,4,UDP,443,52783,,forward,20260823_155349_messaging_001_f90a,Messaging
1787480637.508419,1364,4,UDP,443,52783,,forward,20260823_155349_messaging_001_f90a,Messaging
1787480637.508419,1364,4,UDP,443,52783,,forward,20260823_155349_messaging_001_f90a,Messaging
1787480637.508419,1364,4,UDP,443,52783,,forward,20260823_155349_messaging_001_f90a,Messaging
1787480637.508419,1364,4,UDP,443,52783,,forward,20260823_155349_messaging_001_f90a,Messaging
1787480637.508419,1364,4,UDP,443,52783,,forward,20260823_155349_messaging_001_f90a,Messaging
1787480637.508419,1364,4,UDP,443,52783,,forward,20260823_155349_messaging_001_f90a,Messaging
1787480637.508419,1364,4,UDP,443,52783,,forward,20260823_155349_messaging_001_f90a,Messaging
1787480637.508419,1364,4,UDP,443,52783,,forward,20260823_155349_messaging_001_f90a,Messaging
1787480637.508419,1364,4,UDP,443,52783,,forward,20260823_155349_messaging_001_f90a,Messaging
1787480637.508419,1364,4,UDP,443,52783,,forward,20260823_155349_messaging_001_f90a,Messaging
1787480637.508419,1364,4,UDP,443,52783,,forward,20260823_155349_messaging_001_f90a,Messaging
1787480637.508419,1364,4,UDP,443,52783,,forward,20260823_155349_messaging_001_f90a,Messaging
1787480637.508419,88,4,UDP,443,52783,,forward,20260823_155349_messaging_001_f90a,Messaging
1787480637.509088,89,4,UDP,52783,443,,forward,20260823_155349_messaging_001_f90a,Messaging
1787480637.509606,166,4,UDP,52783,443,,forward,20260823_155349_messaging_001_f90a,Messaging
1787480637.509669,166,4,UDP,52783,443,,forward,20260823_155349_messaging_001_f90a,Messaging
1787480637.50983,257,4,UDP,52783,443,,forward,20260823_155349_messaging_001_f90a,Messaging
1787480637.525613,167,4,UDP,52783,443,,forward,20260823_155349_messaging_001_f90a,Messaging
1787480637.525597,1363,4,UDP,443,52783,,forward,20260823_155349_messaging_001_f90a,Messaging
1787480637.525597,1363,4,UDP,443,52783,,forward,20260823_155349_messaging_001_f90a,Messaging
1787480637.525597,1363,4,UDP,443,52783,,forward,20260823_155349_messaging_001_f90a,Messaging
1787480637.525597,1363,4,UDP,443,52783,,forward,20260823_155349_messaging_001_f90a,Messaging
1787480637.525597,1363,4,UDP,443,52783,,forward,20260823_155349_messaging_001_f90a,Messaging
1787480637.525597,1363,4,UDP,443,52783,,forward,20260823_155349_messaging_001_f90a,Messaging
1787480637.525597,1363,4,UDP,443,52783,,forward,20260823_155349_messaging_001_f90a,Messaging
1787480637.525597,1363,4,UDP,443,52783,,forward,20260823_155349_messaging_001_f90a,Messaging
1787480637.525597,1363,4,UDP,443,52783,,forward,20260823_155349_messaging_001_f90a,Messaging
1787480637.525597,1363,4,UDP,443,52783,,forward,20260823_155349_messaging_001_f90a,Messaging
1787480637.525597,1363,4,UDP,443,52783,,forward,20260823_155349_messaging_001_f90a,Messaging
1787480637.525597,1363,4,UDP,443,52783,,forward,20260823_155349_messaging_001_f90a,Messaging
1787480637.525597,1363,4,UDP,443,52783,,forward,20260823_155349_messaging_001_f90a,Messaging
1787480637.525597,1363,4,UDP,443,52783,,forward,20260823_155349_messaging_001_f90a,Messaging
1787480637.525597,1363,4,UDP,443,52783,,forward,20260823_155349_messaging_001_f90a,Messaging
1787480637.525597,1363,4,UDP,443,52783,,forward,20260823_155349_messaging_001_f90a,Messaging
1787480637.525597,88,4,UDP,443,52783,,forward,20260823_155349_messaging_001_f90a,Messaging
1787480637.525597,1363,4,UDP,443,52783,,forward,20260823_155349_messaging_001_f90a,Messaging
1787480637.525597,1363,4,UDP,443,52783,,forward,20260823_155349_messaging_001_f90a,Messaging
1787480637.525597,1363,4,UDP,443,52783,,forward,20260823_155349_messaging_001_f90a,Messaging
1787480637.525597,1363,4,UDP,443,52783,,forward,20260823_155349_messaging_001_f90a,Messaging
1787480637.525597,1363,4,UDP,443,52783,,forward,20260823_155349_messaging_001_f90a,Messaging
1787480637.525597,1363,4,UDP,443,52783,,forward,20260823_155349_messaging_001_f90a,Messaging
1787480637.525597,1363,4,UDP,443,52783,,forward,20260823_155349_messaging_001_f90a,Messaging
1787480637.525597,1363,4,UDP,443,52783,,forward,20260823_155349_messaging_001_f90a,Messaging
1787480637.525597,1363,4,UDP,443,52783,,forward,20260823_155349_messaging_001_f90a,Messaging
1787480637.525597,1363,4,UDP,443,52783,,forward,20260823_155349_messaging_001_f90a,Messaging
1787480637.525597,1363,4,UDP,443,52783,,forward,20260823_155349_messaging_001_f90a,Messaging
1787480637.525597,1363,4,UDP,443,52783,,forward,20260823_155349_messaging_001_f90a,Messaging
1787480637.525597,1363,4,UDP,443,52783,,forward,20260823_155349_messaging_001_f90a,Messaging
1787480637.525597,1363,4,UDP,443,52783,,forward,20260823_155349_messaging_001_f90a,Messaging
1787480637.525597,1363,4,UDP,443,52783,,forward,20260823_155349_messaging_001_f90a,Messaging
1787480637.525597,1363,4,UDP,443,52783,,forward,20260823_155349_messaging_001_f90a,Messaging
1787480637.525597,1363,4,UDP,443,52783,,forward,20260823_155349_messaging_001_f90a,Messaging
1787480637.525597,1363,4,UDP,443,52783,,forward,20260823_155349_messaging_001_f90a,Messaging
1787480637.525597,1363,4,UDP,443,52783,,forward,20260823_155349_messaging_001_f90a,Messaging
1787480637.525597,1363,4,UDP,443,52783,,forward,20260823_155349_messaging_001_f90a,Messaging
1787480637.525597,1363,4,UDP,443,52783,,forward,20260823_155349_messaging_001_f90a,Messaging
1787480637.525597,1363,4,UDP,443,52783,,forward,20260823_155349_messaging_001_f90a,Messaging
1787480637.525597,1363,4,UDP,443,52783,,forward,20260823_155349_messaging_001_f90a,Messaging
1787480637.525597,1363,4,UDP,443,52783,,forward,20260823_155349_messaging_001_f90a,Messaging
1787480637.525597,1363,4,UDP,443,52783,,forward,20260823_155349_messaging_001_f90a,Messaging
1787480637.525597,1363,4,UDP,443,52783,,forward,20260823_155349_messaging_001_f90a,Messaging
1787480637.525597,1364,4,UDP,443,52783,,forward,20260823_155349_messaging_001_f90a,Messaging
1787480637.525597,1364,4,UDP,443,52783,,forward,20260823_155349_messaging_001_f90a,Messaging
1787480637.525597,1364,4,UDP,443,52783,,forward,20260823_155349_messaging_001_f90a,Messaging
1787480637.525597,1364,4,UDP,443,52783,,forward,20260823_155349_messaging_001_f90a,Messaging
1787480637.525597,1364,4,UDP,443,52783,,forward,20260823_155349_messaging_001_f90a,Messaging
1787480637.525597,1364,4,UDP,443,52783,,forward,20260823_155349_messaging_001_f90a,Messaging
1787480637.525597,1364,4,UDP,443,52783,,forward,20260823_155349_messaging_001_f90a,Messaging
1787480637.525597,1364,4,UDP,443,52783,,forward,20260823_155349_messaging_001_f90a,Messaging
1787480637.525597,1364,4,UDP,443,52783,,forward,20260823_155349_messaging_001_f90a,Messaging
1787480637.525597,1364,4,UDP,443,52783,,forward,20260823_155349_messaging_001_f90a,Messaging
1787480637.525597,1364,4,UDP,443,52783,,forward,20260823_155349_messaging_001_f90a,Messaging
1787480637.525597,1364,4,UDP,443,52783,,forward,20260823_155349_messaging_001_f90a,Messaging
1787480637.525597,1364,4,UDP,443,52783,,forward,20260823_155349_messaging_001_f90a,Messaging
1787480637.525597,1364,4,UDP,443,52783,,forward,20260823_155349_messaging_001_f90a,Messaging
1787480637.525597,1364,4,UDP,443,52783,,forward,20260823_155349_messaging_001_f90a,Messaging
1787480637.525597,1364,4,UDP,443,52783,,forward,20260823_155349_messaging_001_f90a,Messaging
1787480637.525597,1364,4,UDP,443,52783,,forward,20260823_155349_messaging_001_f90a,Messaging
1787480637.525597,1364,4,UDP,443,52783,,forward,20260823_155349_messaging_001_f90a,Messaging
1787480637.525597,1364,4,UDP,443,52783,,forward,20260823_155349_messaging_001_f90a,Messaging
1787480637.525597,1364,4,UDP,443,52783,,forward,20260823_155349_messaging_001_f90a,Messaging
1787480637.525597,1364,4,UDP,443,52783,,forward,20260823_155349_messaging_001_f90a,Messaging
1787480637.525597,1364,4,UDP,443,52783,,forward,20260823_155349_messaging_001_f90a,Messaging
1787480637.525597,1364,4,UDP,443,52783,,forward,20260823_155349_messaging_001_f90a,Messaging
1787480637.525597,1364,4,UDP,443,52783,,forward,20260823_155349_messaging_001_f90a,Messaging
1787480637.525597,1364,4,UDP,443,52783,,forward,20260823_155349_messaging_001_f90a,Messaging
1787480637.525597,1364,4,UDP,443,52783,,forward,20260823_155349_messaging_001_f90a,Messaging
1787480637.525597,89,4,UDP,443,52783,,forward,20260823_155349_messaging_001_f90a,Messaging
1787480637.526393,89,4,UDP,52783,443,,forward,20260823_155349_messaging_001_f90a,Messaging
1787480637.526922,252,4,UDP,52783,443,,forward,20260823_155349_messaging_001_f90a,Messaging
1787480637.527128,166,4,UDP,52783,443,,forward,20260823_155349_messaging_001_f90a,Messaging
1787480637.527298,166,4,UDP,52783,443,,forward,20260823_155349_messaging_001_f90a,Messaging
1787480637.527506,252,4,UDP,52783,443,,forward,20260823_155349_messaging_001_f90a,Messaging
1787480637.541147,167,4,UDP,52783,443,,forward,20260823_155349_messaging_001_f90a,Messaging
1787480637.541074,1364,4,UDP,443,52783,,forward,20260823_155349_messaging_001_f90a,Messaging
1787480637.541074,1364,4,UDP,443,52783,,forward,20260823_155349_messaging_001_f90a,Messaging
1787480637.541074,1364,4,UDP,443,52783,,forward,20260823_155349_messaging_001_f90a,Messaging
1787480637.541074,1364,4,UDP,443,52783,,forward,20260823_155349_messaging_001_f90a,Messaging
1787480637.541074,1364,4,UDP,443,52783,,forward,20260823_155349_messaging_001_f90a,Messaging
1787480637.541074,1364,4,UDP,443,52783,,forward,20260823_155349_messaging_001_f90a,Messaging
1787480637.541074,1364,4,UDP,443,52783,,forward,20260823_155349_messaging_001_f90a,Messaging
1787480637.541074,1364,4,UDP,443,52783,,forward,20260823_155349_messaging_001_f90a,Messaging
1787480637.541074,1364,4,UDP,443,52783,,forward,20260823_155349_messaging_001_f90a,Messaging
1787480637.541074,1364,4,UDP,443,52783,,forward,20260823_155349_messaging_001_f90a,Messaging
1787480637.541074,1364,4,UDP,443,52783,,forward,20260823_155349_messaging_001_f90a,Messaging
1787480637.541074,1364,4,UDP,443,52783,,forward,20260823_155349_messaging_001_f90a,Messaging
1787480637.541074,88,4,UDP,443,52783,,forward,20260823_155349_messaging_001_f90a,Messaging
1787480637.541074,1364,4,UDP,443,52783,,forward,20260823_155349_messaging_001_f90a,Messaging
1787480637.541074,1364,4,UDP,443,52783,,forward,20260823_155349_messaging_001_f90a,Messaging
1787480637.541074,1364,4,UDP,443,52783,,forward,20260823_155349_messaging_001_f90a,Messaging
1787480637.541074,1364,4,UDP,443,52783,,forward,20260823_155349_messaging_001_f90a,Messaging
1787480637.541074,1364,4,UDP,443,52783,,forward,20260823_155349_messaging_001_f90a,Messaging
1787480637.541074,1364,4,UDP,443,52783,,forward,20260823_155349_messaging_001_f90a,Messaging
1787480637.541074,1364,4,UDP,443,52783,,forward,20260823_155349_messaging_001_f90a,Messaging
1787480637.541074,1364,4,UDP,443,52783,,forward,20260823_155349_messaging_001_f90a,Messaging
1787480637.541074,1364,4,UDP,443,52783,,forward,20260823_155349_messaging_001_f90a,Messaging
1787480637.541074,1364,4,UDP,443,52783,,forward,20260823_155349_messaging_001_f90a,Messaging
1787480637.541074,1364,4,UDP,443,52783,,forward,20260823_155349_messaging_001_f90a,Messaging
1787480637.541074,1364,4,UDP,443,52783,,forward,20260823_155349_messaging_001_f90a,Messaging
1787480637.541074,1364,4,UDP,443,52783,,forward,20260823_155349_messaging_001_f90a,Messaging
1787480637.541074,1364,4,UDP,443,52783,,forward,20260823_155349_messaging_001_f90a,Messaging
1787480637.541074,1364,4,UDP,443,52783,,forward,20260823_155349_messaging_001_f90a,Messaging
1787480637.541074,1364,4,UDP,443,52783,,forward,20260823_155349_messaging_001_f90a,Messaging
1787480637.541074,1364,4,UDP,443,52783,,forward,20260823_155349_messaging_001_f90a,Messaging
1787480637.541074,1364,4,UDP,443,52783,,forward,20260823_155349_messaging_001_f90a,Messaging
1787480637.541074,1364,4,UDP,443,52783,,forward,20260823_155349_messaging_001_f90a,Messaging
1787480637.541074,1364,4,UDP,443,52783,,forward,20260823_155349_messaging_001_f90a,Messaging
1787480637.541074,1364,4,UDP,443,52783,,forward,20260823_155349_messaging_001_f90a,Messaging
1787480637.541074,1364,4,UDP,443,52783,,forward,20260823_155349_messaging_001_f90a,Messaging
1787480637.541074,1364,4,UDP,443,52783,,forward,20260823_155349_messaging_001_f90a,Messaging
1787480637.541074,1364,4,UDP,443,52783,,forward,20260823_155349_messaging_001_f90a,Messaging
1787480637.541074,1364,4,UDP,443,52783,,forward,20260823_155349_messaging_001_f90a,Messaging
1787480637.541074,1364,4,UDP,443,52783,,forward,20260823_155349_messaging_001_f90a,Messaging
1787480637.541074,1364,4,UDP,443,52783,,forward,20260823_155349_messaging_001_f90a,Messaging
1787480637.541074,1364,4,UDP,443,52783,,forward,20260823_155349_messaging_001_f90a,Messaging
1787480637.541074,1364,4,UDP,443,52783,,forward,20260823_155349_messaging_001_f90a,Messaging
1787480637.541074,1364,4,UDP,443,52783,,forward,20260823_155349_messaging_001_f90a,Messaging
1787480637.541074,1364,4,UDP,443,52783,,forward,20260823_155349_messaging_001_f90a,Messaging
1787480637.541074,1364,4,UDP,443,52783,,forward,20260823_155349_messaging_001_f90a,Messaging
1787480637.541074,1364,4,UDP,443,52783,,forward,20260823_155349_messaging_001_f90a,Messaging
1787480637.541074,1364,4,UDP,443,52783,,forward,20260823_155349_messaging_001_f90a,Messaging
1787480637.541074,1364,4,UDP,443,52783,,forward,20260823_155349_messaging_001_f90a,Messaging
1787480637.541074,1364,4,UDP,443,52783,,forward,20260823_155349_messaging_001_f90a,Messaging
1787480637.541074,1364,4,UDP,443,52783,,forward,20260823_155349_messaging_001_f90a,Messaging
1787480637.541074,1364,4,UDP,443,52783,,forward,20260823_155349_messaging_001_f90a,Messaging
1787480637.541074,1364,4,UDP,443,52783,,forward,20260823_155349_messaging_001_f90a,Messaging
1787480637.541074,1364,4,UDP,443,52783,,forward,20260823_155349_messaging_001_f90a,Messaging
1787480637.541074,1364,4,UDP,443,52783,,forward,20260823_155349_messaging_001_f90a,Messaging
1787480637.541074,1364,4,UDP,443,52783,,forward,20260823_155349_messaging_001_f90a,Messaging
1787480637.541074,1364,4,UDP,443,52783,,forward,20260823_155349_messaging_001_f90a,Messaging
1787480637.541074,1364,4,UDP,443,52783,,forward,20260823_155349_messaging_001_f90a,Messaging
1787480637.541074,1364,4,UDP,443,52783,,forward,20260823_155349_messaging_001_f90a,Messaging
1787480637.541074,1364,4,UDP,443,52783,,forward,20260823_155349_messaging_001_f90a,Messaging
1787480637.541074,1364,4,UDP,443,52783,,forward,20260823_155349_messaging_001_f90a,Messaging
1787480637.541074,1364,4,UDP,443,52783,,forward,20260823_155349_messaging_001_f90a,Messaging
1787480637.541074,1364,4,UDP,443,52783,,forward,20260823_155349_messaging_001_f90a,Messaging
1787480637.541074,1364,4,UDP,443,52783,,forward,20260823_155349_messaging_001_f90a,Messaging
1787480637.541074,1364,4,UDP,443,52783,,forward,20260823_155349_messaging_001_f90a,Messaging
1787480637.541074,1364,4,UDP,443,52783,,forward,20260823_155349_messaging_001_f90a,Messaging
1787480637.541074,89,4,UDP,443,52783,,forward,20260823_155349_messaging_001_f90a,Messaging
1787480637.541984,89,4,UDP,52783,443,,forward,20260823_155349_messaging_001_f90a,Messaging
1787480637.54257,252,4,UDP,52783,443,,forward,20260823_155349_messaging_001_f90a,Messaging
1787480637.542819,166,4,UDP,52783,443,,forward,20260823_155349_messaging_001_f90a,Messaging
1787480637.542969,166,4,UDP,52783,443,,forward,20260823_155349_messaging_001_f90a,Messaging
1787480637.543156,166,4,UDP,52783,443,,forward,20260823_155349_messaging_001_f90a,Messaging
1787480637.556073,1364,4,UDP,443,52783,,forward,20260823_155349_messaging_001_f90a,Messaging
1787480637.556073,1364,4,UDP,443,52783,,forward,20260823_155349_messaging_001_f90a,Messaging
1787480637.556073,1364,4,UDP,443,52783,,forward,20260823_155349_messaging_001_f90a,Messaging
1787480637.556073,1364,4,UDP,443,52783,,forward,20260823_155349_messaging_001_f90a,Messaging
1787480637.556073,1364,4,UDP,443,52783,,forward,20260823_155349_messaging_001_f90a,Messaging
1787480637.556073,1364,4,UDP,443,52783,,forward,20260823_155349_messaging_001_f90a,Messaging
1787480637.556073,1364,4,UDP,443,52783,,forward,20260823_155349_messaging_001_f90a,Messaging
1787480637.556073,1364,4,UDP,443,52783,,forward,20260823_155349_messaging_001_f90a,Messaging
1787480637.556073,1364,4,UDP,443,52783,,forward,20260823_155349_messaging_001_f90a,Messaging
1787480637.556073,1364,4,UDP,443,52783,,forward,20260823_155349_messaging_001_f90a,Messaging
1787480637.556073,1364,4,UDP,443,52783,,forward,20260823_155349_messaging_001_f90a,Messaging
1787480637.556073,1364,4,UDP,443,52783,,forward,20260823_155349_messaging_001_f90a,Messaging
1787480637.556073,1364,4,UDP,443,52783,,forward,20260823_155349_messaging_001_f90a,Messaging
1787480637.556073,1364,4,UDP,443,52783,,forward,20260823_155349_messaging_001_f90a,Messaging
1787480637.556073,1364,4,UDP,443,52783,,forward,20260823_155349_messaging_001_f90a,Messaging
1787480637.556073,1364,4,UDP,443,52783,,forward,20260823_155349_messaging_001_f90a,Messaging
1787480637.556073,1364,4,UDP,443,52783,,forward,20260823_155349_messaging_001_f90a,Messaging
1787480637.556073,1364,4,UDP,443,52783,,forward,20260823_155349_messaging_001_f90a,Messaging
1787480637.556073,1364,4,UDP,443,52783,,forward,20260823_155349_messaging_001_f90a,Messaging
1787480637.556073,1364,4,UDP,443,52783,,forward,20260823_155349_messaging_001_f90a,Messaging
1787480637.556073,1364,4,UDP,443,52783,,forward,20260823_155349_messaging_001_f90a,Messaging
1787480637.556073,1364,4,UDP,443,52783,,forward,20260823_155349_messaging_001_f90a,Messaging
1787480637.556073,1364,4,UDP,443,52783,,forward,20260823_155349_messaging_001_f90a,Messaging
1787480637.556073,1364,4,UDP,443,52783,,forward,20260823_155349_messaging_001_f90a,Messaging
1787480637.556073,1364,4,UDP,443,52783,,forward,20260823_155349_messaging_001_f90a,Messaging
1787480637.556073,1364,4,UDP,443,52783,,forward,20260823_155349_messaging_001_f90a,Messaging
1787480637.556073,1364,4,UDP,443,52783,,forward,20260823_155349_messaging_001_f90a,Messaging
1787480637.556073,1364,4,UDP,443,52783,,forward,20260823_155349_messaging_001_f90a,Messaging
1787480637.556073,1364,4,UDP,443,52783,,forward,20260823_155349_messaging_001_f90a,Messaging
1787480637.556073,1364,4,UDP,443,52783,,forward,20260823_155349_messaging_001_f90a,Messaging
1787480637.556073,1364,4,UDP,443,52783,,forward,20260823_155349_messaging_001_f90a,Messaging
1787480637.556073,1364,4,UDP,443,52783,,forward,20260823_155349_messaging_001_f90a,Messaging
1787480637.556073,1364,4,UDP,443,52783,,forward,20260823_155349_messaging_001_f90a,Messaging
1787480637.556073,1364,4,UDP,443,52783,,forward,20260823_155349_messaging_001_f90a,Messaging
1787480637.556073,1364,4,UDP,443,52783,,forward,20260823_155349_messaging_001_f90a,Messaging
1787480637.556073,1364,4,UDP,443,52783,,forward,20260823_155349_messaging_001_f90a,Messaging
1787480637.556073,1364,4,UDP,443,52783,,forward,20260823_155349_messaging_001_f90a,Messaging
1787480637.556073,1364,4,UDP,443,52783,,forward,20260823_155349_messaging_001_f90a,Messaging
1787480637.556073,1364,4,UDP,443,52783,,forward,20260823_155349_messaging_001_f90a,Messaging
1787480637.556073,1364,4,UDP,443,52783,,forward,20260823_155349_messaging_001_f90a,Messaging
1787480637.556073,1364,4,UDP,443,52783,,forward,20260823_155349_messaging_001_f90a,Messaging
1787480637.556073,1364,4,UDP,443,52783,,forward,20260823_155349_messaging_001_f90a,Messaging
1787480637.556073,1364,4,UDP,443,52783,,forward,20260823_155349_messaging_001_f90a,Messaging
1787480637.556073,1364,4,UDP,443,52783,,forward,20260823_155349_messaging_001_f90a,Messaging
1787480637.556073,1364,4,UDP,443,52783,,forward,20260823_155349_messaging_001_f90a,Messaging
1787480637.556073,1364,4,UDP,443,52783,,forward,20260823_155349_messaging_001_f90a,Messaging
1787480637.556073,1364,4,UDP,443,52783,,forward,20260823_155349_messaging_001_f90a,Messaging
1787480637.556073,1364,4,UDP,443,52783,,forward,20260823_155349_messaging_001_f90a,Messaging
1787480637.556073,1364,4,UDP,443,52783,,forward,20260823_155349_messaging_001_f90a,Messaging
1787480637.556073,1364,4,UDP,443,52783,,forward,20260823_155349_messaging_001_f90a,Messaging
1787480637.556073,1364,4,UDP,443,52783,,forward,20260823_155349_messaging_001_f90a,Messaging
1787480637.556073,1364,4,UDP,443,52783,,forward,20260823_155349_messaging_001_f90a,Messaging
1787480637.556073,1364,4,UDP,443,52783,,forward,20260823_155349_messaging_001_f90a,Messaging
1787480637.556073,1364,4,UDP,443,52783,,forward,20260823_155349_messaging_001_f90a,Messaging
1787480637.556073,1364,4,UDP,443,52783,,forward,20260823_155349_messaging_001_f90a,Messaging
1787480637.556073,1364,4,UDP,443,52783,,forward,20260823_155349_messaging_001_f90a,Messaging
1787480637.556073,1364,4,UDP,443,52783,,forward,20260823_155349_messaging_001_f90a,Messaging
1787480637.556073,1364,4,UDP,443,52783,,forward,20260823_155349_messaging_001_f90a,Messaging
1787480637.556073,1364,4,UDP,443,52783,,forward,20260823_155349_messaging_001_f90a,Messaging
1787480637.556073,1364,4,UDP,443,52783,,forward,20260823_155349_messaging_001_f90a,Messaging
1787480637.556869,91,4,UDP,52783,443,,forward,20260823_155349_messaging_001_f90a,Messaging
1787480637.557314,432,4,UDP,52783,443,,forward,20260823_155349_messaging_001_f90a,Messaging
1787480637.557468,168,4,UDP,52783,443,,forward,20260823_155349_messaging_001_f90a,Messaging
1787480637.557525,173,4,UDP,52783,443,,forward,20260823_155349_messaging_001_f90a,Messaging
1787480637.557677,168,4,UDP,52783,443,,forward,20260823_155349_messaging_001_f90a,Messaging
1787480637.557741,168,4,UDP,52783,443,,forward,20260823_155349_messaging_001_f90a,Messaging
1787480637.557922,168,4,UDP,52783,443,,forward,20260823_155349_messaging_001_f90a,Messaging
1787480637.571547,89,4,UDP,443,52783,,forward,20260823_155349_messaging_001_f90a,Messaging
1787480637.571547,1364,4,UDP,443,52783,,forward,20260823_155349_messaging_001_f90a,Messaging
1787480637.571547,1364,4,UDP,443,52783,,forward,20260823_155349_messaging_001_f90a,Messaging
1787480637.571547,1364,4,UDP,443,52783,,forward,20260823_155349_messaging_001_f90a,Messaging
1787480637.571721,169,4,UDP,52783,443,,forward,20260823_155349_messaging_001_f90a,Messaging
1787480637.571547,1364,4,UDP,443,52783,,forward,20260823_155349_messaging_001_f90a,Messaging
1787480637.571547,1364,4,UDP,443,52783,,forward,20260823_155349_messaging_001_f90a,Messaging
1787480637.571547,1364,4,UDP,443,52783,,forward,20260823_155349_messaging_001_f90a,Messaging
1787480637.571547,1364,4,UDP,443,52783,,forward,20260823_155349_messaging_001_f90a,Messaging
1787480637.571547,1364,4,UDP,443,52783,,forward,20260823_155349_messaging_001_f90a,Messaging
1787480637.571547,1364,4,UDP,443,52783,,forward,20260823_155349_messaging_001_f90a,Messaging
1787480637.571547,1364,4,UDP,443,52783,,forward,20260823_155349_messaging_001_f90a,Messaging
1787480637.571547,1364,4,UDP,443,52783,,forward,20260823_155349_messaging_001_f90a,Messaging
1787480637.571547,1364,4,UDP,443,52783,,forward,20260823_155349_messaging_001_f90a,Messaging
1787480637.571547,1364,4,UDP,443,52783,,forward,20260823_155349_messaging_001_f90a,Messaging
1787480637.571547,1364,4,UDP,443,52783,,forward,20260823_155349_messaging_001_f90a,Messaging
1787480637.571547,1364,4,UDP,443,52783,,forward,20260823_155349_messaging_001_f90a,Messaging
1787480637.571547,1364,4,UDP,443,52783,,forward,20260823_155349_messaging_001_f90a,Messaging
1787480637.571547,1364,4,UDP,443,52783,,forward,20260823_155349_messaging_001_f90a,Messaging
1787480637.571547,1364,4,UDP,443,52783,,forward,20260823_155349_messaging_001_f90a,Messaging
1787480637.571547,1364,4,UDP,443,52783,,forward,20260823_155349_messaging_001_f90a,Messaging
1787480637.571547,1364,4,UDP,443,52783,,forward,20260823_155349_messaging_001_f90a,Messaging
1787480637.571547,89,4,UDP,443,52783,,forward,20260823_155349_messaging_001_f90a,Messaging
1787480637.571547,1364,4,UDP,443,52783,,forward,20260823_155349_messaging_001_f90a,Messaging
1787480637.571547,1364,4,UDP,443,52783,,forward,20260823_155349_messaging_001_f90a,Messaging
1787480637.571547,1364,4,UDP,443,52783,,forward,20260823_155349_messaging_001_f90a,Messaging
1787480637.571547,1364,4,UDP,443,52783,,forward,20260823_155349_messaging_001_f90a,Messaging
1787480637.571547,1364,4,UDP,443,52783,,forward,20260823_155349_messaging_001_f90a,Messaging
1787480637.571547,1364,4,UDP,443,52783,,forward,20260823_155349_messaging_001_f90a,Messaging
1787480637.571547,1364,4,UDP,443,52783,,forward,20260823_155349_messaging_001_f90a,Messaging
1787480637.571547,1364,4,UDP,443,52783,,forward,20260823_155349_messaging_001_f90a,Messaging
1787480637.571547,1364,4,UDP,443,52783,,forward,20260823_155349_messaging_001_f90a,Messaging
1787480637.571547,1364,4,UDP,443,52783,,forward,20260823_155349_messaging_001_f90a,Messaging
1787480637.571547,1364,4,UDP,443,52783,,forward,20260823_155349_messaging_001_f90a,Messaging
1787480637.571547,1364,4,UDP,443,52783,,forward,20260823_155349_messaging_001_f90a,Messaging
1787480637.571547,1364,4,UDP,443,52783,,forward,20260823_155349_messaging_001_f90a,Messaging
1787480637.571547,1364,4,UDP,443,52783,,forward,20260823_155349_messaging_001_f90a,Messaging
1787480637.571547,1364,4,UDP,443,52783,,forward,20260823_155349_messaging_001_f90a,Messaging
1787480637.571547,1364,4,UDP,443,52783,,forward,20260823_155349_messaging_001_f90a,Messaging
1787480637.571547,1364,4,UDP,443,52783,,forward,20260823_155349_messaging_001_f90a,Messaging
1787480637.571547,1364,4,UDP,443,52783,,forward,20260823_155349_messaging_001_f90a,Messaging
1787480637.571547,1364,4,UDP,443,52783,,forward,20260823_155349_messaging_001_f90a,Messaging
1787480637.571547,1364,4,UDP,443,52783,,forward,20260823_155349_messaging_001_f90a,Messaging
1787480637.571547,1364,4,UDP,443,52783,,forward,20260823_155349_messaging_001_f90a,Messaging
1787480637.571547,1364,4,UDP,443,52783,,forward,20260823_155349_messaging_001_f90a,Messaging
1787480637.571547,1364,4,UDP,443,52783,,forward,20260823_155349_messaging_001_f90a,Messaging
1787480637.571547,1364,4,UDP,443,52783,,forward,20260823_155349_messaging_001_f90a,Messaging
1787480637.571547,1364,4,UDP,443,52783,,forward,20260823_155349_messaging_001_f90a,Messaging
1787480637.571547,1364,4,UDP,443,52783,,forward,20260823_155349_messaging_001_f90a,Messaging
1787480637.571547,1364,4,UDP,443,52783,,forward,20260823_155349_messaging_001_f90a,Messaging
1787480637.571547,1364,4,UDP,443,52783,,forward,20260823_155349_messaging_001_f90a,Messaging
1787480637.572214,91,4,UDP,52783,443,,forward,20260823_155349_messaging_001_f90a,Messaging
1787480637.572816,258,4,UDP,52783,443,,forward,20260823_155349_messaging_001_f90a,Messaging
1787480637.573029,258,4,UDP,52783,443,,forward,20260823_155349_messaging_001_f90a,Messaging
1787480637.574968,1364,4,UDP,443,52783,,forward,20260823_155349_messaging_001_f90a,Messaging
1787480637.574968,1364,4,UDP,443,52783,,forward,20260823_155349_messaging_001_f90a,Messaging
1787480637.574968,1364,4,UDP,443,52783,,forward,20260823_155349_messaging_001_f90a,Messaging
1787480637.574968,1364,4,UDP,443,52783,,forward,20260823_155349_messaging_001_f90a,Messaging
1787480637.574968,1364,4,UDP,443,52783,,forward,20260823_155349_messaging_001_f90a,Messaging
1787480637.574968,1364,4,UDP,443,52783,,forward,20260823_155349_messaging_001_f90a,Messaging
1787480637.574968,1364,4,UDP,443,52783,,forward,20260823_155349_messaging_001_f90a,Messaging
1787480637.574968,1364,4,UDP,443,52783,,forward,20260823_155349_messaging_001_f90a,Messaging
1787480637.574968,89,4,UDP,443,52783,,forward,20260823_155349_messaging_001_f90a,Messaging
1787480637.574968,1364,4,UDP,443,52783,,forward,20260823_155349_messaging_001_f90a,Messaging
1787480637.574968,1364,4,UDP,443,52783,,forward,20260823_155349_messaging_001_f90a,Messaging
1787480637.574968,1364,4,UDP,443,52783,,forward,20260823_155349_messaging_001_f90a,Messaging
1787480637.574968,1364,4,UDP,443,52783,,forward,20260823_155349_messaging_001_f90a,Messaging
1787480637.574968,1364,4,UDP,443,52783,,forward,20260823_155349_messaging_001_f90a,Messaging
1787480637.574968,1364,4,UDP,443,52783,,forward,20260823_155349_messaging_001_f90a,Messaging
1787480637.574968,1364,4,UDP,443,52783,,forward,20260823_155349_messaging_001_f90a,Messaging
1787480637.574968,1364,4,UDP,443,52783,,forward,20260823_155349_messaging_001_f90a,Messaging
1787480637.575338,91,4,UDP,52783,443,,forward,20260823_155349_messaging_001_f90a,Messaging
1787480637.575872,169,4,UDP,52783,443,,forward,20260823_155349_messaging_001_f90a,Messaging
1787480637.575995,169,4,UDP,52783,443,,forward,20260823_155349_messaging_001_f90a,Messaging
1787480637.587243,170,4,UDP,52783,443,,forward,20260823_155349_messaging_001_f90a,Messaging
1787480637.587168,1364,4,UDP,443,52783,,forward,20260823_155349_messaging_001_f90a,Messaging
1787480637.587168,1364,4,UDP,443,52783,,forward,20260823_155349_messaging_001_f90a,Messaging
1787480637.587168,1364,4,UDP,443,52783,,forward,20260823_155349_messaging_001_f90a,Messaging
1787480637.587168,1364,4,UDP,443,52783,,forward,20260823_155349_messaging_001_f90a,Messaging
1787480637.587168,1364,4,UDP,443,52783,,forward,20260823_155349_messaging_001_f90a,Messaging
1787480637.587168,1364,4,UDP,443,52783,,forward,20260823_155349_messaging_001_f90a,Messaging
1787480637.587168,1364,4,UDP,443,52783,,forward,20260823_155349_messaging_001_f90a,Messaging
1787480637.587168,1364,4,UDP,443,52783,,forward,20260823_155349_messaging_001_f90a,Messaging
1787480637.587168,89,4,UDP,443,52783,,forward,20260823_155349_messaging_001_f90a,Messaging
1787480637.587168,1364,4,UDP,443,52783,,forward,20260823_155349_messaging_001_f90a,Messaging
1787480637.587168,1364,4,UDP,443,52783,,forward,20260823_155349_messaging_001_f90a,Messaging
1787480637.587168,1364,4,UDP,443,52783,,forward,20260823_155349_messaging_001_f90a,Messaging
1787480637.587168,1364,4,UDP,443,52783,,forward,20260823_155349_messaging_001_f90a,Messaging
1787480637.587168,1364,4,UDP,443,52783,,forward,20260823_155349_messaging_001_f90a,Messaging
1787480637.587168,1364,4,UDP,443,52783,,forward,20260823_155349_messaging_001_f90a,Messaging
1787480637.587168,1364,4,UDP,443,52783,,forward,20260823_155349_messaging_001_f90a,Messaging
1787480637.587168,1364,4,UDP,443,52783,,forward,20260823_155349_messaging_001_f90a,Messaging
1787480637.587168,1364,4,UDP,443,52783,,forward,20260823_155349_messaging_001_f90a,Messaging
1787480637.587168,1364,4,UDP,443,52783,,forward,20260823_155349_messaging_001_f90a,Messaging
1787480637.587168,1364,4,UDP,443,52783,,forward,20260823_155349_messaging_001_f90a,Messaging
1787480637.587168,1364,4,UDP,443,52783,,forward,20260823_155349_messaging_001_f90a,Messaging
1787480637.587168,1364,4,UDP,443,52783,,forward,20260823_155349_messaging_001_f90a,Messaging
1787480637.587168,1364,4,UDP,443,52783,,forward,20260823_155349_messaging_001_f90a,Messaging
1787480637.587168,1364,4,UDP,443,52783,,forward,20260823_155349_messaging_001_f90a,Messaging
1787480637.587168,1364,4,UDP,443,52783,,forward,20260823_155349_messaging_001_f90a,Messaging
1787480637.587168,1364,4,UDP,443,52783,,forward,20260823_155349_messaging_001_f90a,Messaging
1787480637.587168,1364,4,UDP,443,52783,,forward,20260823_155349_messaging_001_f90a,Messaging
1787480637.587168,1364,4,UDP,443,52783,,forward,20260823_155349_messaging_001_f90a,Messaging
1787480637.587168,1364,4,UDP,443,52783,,forward,20260823_155349_messaging_001_f90a,Messaging
1787480637.587168,1364,4,UDP,443,52783,,forward,20260823_155349_messaging_001_f90a,Messaging
1787480637.587168,1364,4,UDP,443,52783,,forward,20260823_155349_messaging_001_f90a,Messaging
1787480637.587168,1364,4,UDP,443,52783,,forward,20260823_155349_messaging_001_f90a,Messaging
1787480637.587168,1364,4,UDP,443,52783,,forward,20260823_155349_messaging_001_f90a,Messaging
1787480637.587168,1364,4,UDP,443,52783,,forward,20260823_155349_messaging_001_f90a,Messaging
1787480637.587168,1364,4,UDP,443,52783,,forward,20260823_155349_messaging_001_f90a,Messaging
1787480637.587168,1364,4,UDP,443,52783,,forward,20260823_155349_messaging_001_f90a,Messaging
1787480637.587168,1364,4,UDP,443,52783,,forward,20260823_155349_messaging_001_f90a,Messaging
1787480637.587168,1364,4,UDP,443,52783,,forward,20260823_155349_messaging_001_f90a,Messaging
1787480637.587168,1364,4,UDP,443,52783,,forward,20260823_155349_messaging_001_f90a,Messaging
1787480637.587168,1364,4,UDP,443,52783,,forward,20260823_155349_messaging_001_f90a,Messaging
1787480637.587168,1364,4,UDP,443,52783,,forward,20260823_155349_messaging_001_f90a,Messaging
1787480637.587857,89,4,UDP,52783,443,,forward,20260823_155349_messaging_001_f90a,Messaging
1787480637.588295,169,4,UDP,52783,443,,forward,20260823_155349_messaging_001_f90a,Messaging
1787480637.588418,169,4,UDP,52783,443,,forward,20260823_155349_messaging_001_f90a,Messaging
1787480637.588485,169,4,UDP,52783,443,,forward,20260823_155349_messaging_001_f90a,Messaging
1787480637.588561,169,4,UDP,52783,443,,forward,20260823_155349_messaging_001_f90a,Messaging
1787480637.603184,88,4,UDP,443,52783,,forward,20260823_155349_messaging_001_f90a,Messaging
1787480637.603184,88,4,UDP,443,52783,,forward,20260823_155349_messaging_001_f90a,Messaging
1787480637.603184,1363,4,UDP,443,52783,,forward,20260823_155349_messaging_001_f90a,Messaging
1787480637.603184,1363,4,UDP,443,52783,,forward,20260823_155349_messaging_001_f90a,Messaging
1787480637.603184,1363,4,UDP,443,52783,,forward,20260823_155349_messaging_001_f90a,Messaging
1787480637.603184,1363,4,UDP,443,52783,,forward,20260823_155349_messaging_001_f90a,Messaging
1787480637.603184,1363,4,UDP,443,52783,,forward,20260823_155349_messaging_001_f90a,Messaging
1787480637.603184,1363,4,UDP,443,52783,,forward,20260823_155349_messaging_001_f90a,Messaging
1787480637.603184,1363,4,UDP,443,52783,,forward,20260823_155349_messaging_001_f90a,Messaging
1787480637.603184,1363,4,UDP,443,52783,,forward,20260823_155349_messaging_001_f90a,Messaging
1787480637.603184,1363,4,UDP,443,52783,,forward,20260823_155349_messaging_001_f90a,Messaging
1787480637.603184,1363,4,UDP,443,52783,,forward,20260823_155349_messaging_001_f90a,Messaging
1787480637.603184,1363,4,UDP,443,52783,,forward,20260823_155349_messaging_001_f90a,Messaging
1787480637.603184,1363,4,UDP,443,52783,,forward,20260823_155349_messaging_001_f90a,Messaging
1787480637.603184,1363,4,UDP,443,52783,,forward,20260823_155349_messaging_001_f90a,Messaging
1787480637.603184,1363,4,UDP,443,52783,,forward,20260823_155349_messaging_001_f90a,Messaging
1787480637.603184,1363,4,UDP,443,52783,,forward,20260823_155349_messaging_001_f90a,Messaging
1787480637.603184,1363,4,UDP,443,52783,,forward,20260823_155349_messaging_001_f90a,Messaging
1787480637.603184,1364,4,UDP,443,52783,,forward,20260823_155349_messaging_001_f90a,Messaging
1787480637.603184,1364,4,UDP,443,52783,,forward,20260823_155349_messaging_001_f90a,Messaging
1787480637.603184,1364,4,UDP,443,52783,,forward,20260823_155349_messaging_001_f90a,Messaging
1787480637.603184,1364,4,UDP,443,52783,,forward,20260823_155349_messaging_001_f90a,Messaging
1787480637.603184,1364,4,UDP,443,52783,,forward,20260823_155349_messaging_001_f90a,Messaging
1787480637.603184,1364,4,UDP,443,52783,,forward,20260823_155349_messaging_001_f90a,Messaging
1787480637.603184,165,4,UDP,443,52783,,forward,20260823_155349_messaging_001_f90a,Messaging
1787480637.603184,1364,4,UDP,443,52783,,forward,20260823_155349_messaging_001_f90a,Messaging
1787480637.603184,1364,4,UDP,443,52783,,forward,20260823_155349_messaging_001_f90a,Messaging
1787480637.603184,1364,4,UDP,443,52783,,forward,20260823_155349_messaging_001_f90a,Messaging
1787480637.603184,1364,4,UDP,443,52783,,forward,20260823_155349_messaging_001_f90a,Messaging
1787480637.603184,1364,4,UDP,443,52783,,forward,20260823_155349_messaging_001_f90a,Messaging
1787480637.603184,1364,4,UDP,443,52783,,forward,20260823_155349_messaging_001_f90a,Messaging
1787480637.603184,1364,4,UDP,443,52783,,forward,20260823_155349_messaging_001_f90a,Messaging
1787480637.603184,1364,4,UDP,443,52783,,forward,20260823_155349_messaging_001_f90a,Messaging
1787480637.603184,1364,4,UDP,443,52783,,forward,20260823_155349_messaging_001_f90a,Messaging
1787480637.603184,1364,4,UDP,443,52783,,forward,20260823_155349_messaging_001_f90a,Messaging
1787480637.603184,1364,4,UDP,443,52783,,forward,20260823_155349_messaging_001_f90a,Messaging
1787480637.603184,1364,4,UDP,443,52783,,forward,20260823_155349_messaging_001_f90a,Messaging
1787480637.603184,1364,4,UDP,443,52783,,forward,20260823_155349_messaging_001_f90a,Messaging
1787480637.603184,1364,4,UDP,443,52783,,forward,20260823_155349_messaging_001_f90a,Messaging
1787480637.603184,1364,4,UDP,443,52783,,forward,20260823_155349_messaging_001_f90a,Messaging
1787480637.603184,1364,4,UDP,443,52783,,forward,20260823_155349_messaging_001_f90a,Messaging
1787480637.603184,1364,4,UDP,443,52783,,forward,20260823_155349_messaging_001_f90a,Messaging
1787480637.603184,1364,4,UDP,443,52783,,forward,20260823_155349_messaging_001_f90a,Messaging
1787480637.603184,1364,4,UDP,443,52783,,forward,20260823_155349_messaging_001_f90a,Messaging
1787480637.603184,1364,4,UDP,443,52783,,forward,20260823_155349_messaging_001_f90a,Messaging
1787480637.603184,1364,4,UDP,443,52783,,forward,20260823_155349_messaging_001_f90a,Messaging
1787480637.603184,1364,4,UDP,443,52783,,forward,20260823_155349_messaging_001_f90a,Messaging
1787480637.603184,1364,4,UDP,443,52783,,forward,20260823_155349_messaging_001_f90a,Messaging
1787480637.603184,1364,4,UDP,443,52783,,forward,20260823_155349_messaging_001_f90a,Messaging
1787480637.603184,1364,4,UDP,443,52783,,forward,20260823_155349_messaging_001_f90a,Messaging
1787480637.603184,1364,4,UDP,443,52783,,forward,20260823_155349_messaging_001_f90a,Messaging
1787480637.603184,1364,4,UDP,443,52783,,forward,20260823_155349_messaging_001_f90a,Messaging
1787480637.603184,1364,4,UDP,443,52783,,forward,20260823_155349_messaging_001_f90a,Messaging
1787480637.603184,1364,4,UDP,443,52783,,forward,20260823_155349_messaging_001_f90a,Messaging
1787480637.603184,1364,4,UDP,443,52783,,forward,20260823_155349_messaging_001_f90a,Messaging
1787480637.603184,1364,4,UDP,443,52783,,forward,20260823_155349_messaging_001_f90a,Messaging
1787480637.603184,1364,4,UDP,443,52783,,forward,20260823_155349_messaging_001_f90a,Messaging
1787480637.603184,1364,4,UDP,443,52783,,forward,20260823_155349_messaging_001_f90a,Messaging
1787480637.604087,89,4,UDP,52783,443,,forward,20260823_155349_messaging_001_f90a,Messaging
1787480637.604669,252,4,UDP,52783,443,,forward,20260823_155349_messaging_001_f90a,Messaging
1787480637.604877,166,4,UDP,52783,443,,forward,20260823_155349_messaging_001_f90a,Messaging
1787480637.605219,166,4,UDP,52783,443,,forward,20260823_155349_messaging_001_f90a,Messaging
1787480637.605421,171,4,UDP,52783,443,,forward,20260823_155349_messaging_001_f90a,Messaging
1787480637.610113,1364,4,UDP,443,52783,,forward,20260823_155349_messaging_001_f90a,Messaging
1787480637.610113,1364,4,UDP,443,52783,,forward,20260823_155349_messaging_001_f90a,Messaging
1787480637.610113,1364,4,UDP,443,52783,,forward,20260823_155349_messaging_001_f90a,Messaging
1787480637.610113,1364,4,UDP,443,52783,,forward,20260823_155349_messaging_001_f90a,Messaging
1787480637.610113,1364,4,UDP,443,52783,,forward,20260823_155349_messaging_001_f90a,Messaging
1787480637.610113,1364,4,UDP,443,52783,,forward,20260823_155349_messaging_001_f90a,Messaging
1787480637.610113,1364,4,UDP,443,52783,,forward,20260823_155349_messaging_001_f90a,Messaging
1787480637.610113,88,4,UDP,443,52783,,forward,20260823_155349_messaging_001_f90a,Messaging
1787480637.610113,1363,4,UDP,443,52783,,forward,20260823_155349_messaging_001_f90a,Messaging
1787480637.610113,1363,4,UDP,443,52783,,forward,20260823_155349_messaging_001_f90a,Messaging
1787480637.610113,1371,4,UDP,443,52783,,forward,20260823_155349_messaging_001_f90a,Messaging
1787480637.610113,1363,4,UDP,443,52783,,forward,20260823_155349_messaging_001_f90a,Messaging
1787480637.610113,1363,4,UDP,443,52783,,forward,20260823_155349_messaging_001_f90a,Messaging
1787480637.610113,1363,4,UDP,443,52783,,forward,20260823_155349_messaging_001_f90a,Messaging
1787480637.610113,1363,4,UDP,443,52783,,forward,20260823_155349_messaging_001_f90a,Messaging
1787480637.610113,1363,4,UDP,443,52783,,forward,20260823_155349_messaging_001_f90a,Messaging
1787480637.610554,89,4,UDP,52783,443,,forward,20260823_155349_messaging_001_f90a,Messaging
1787480637.611142,252,4,UDP,52783,443,,forward,20260823_155349_messaging_001_f90a,Messaging
1787480637.618606,1363,4,UDP,443,52783,,forward,20260823_155349_messaging_001_f90a,Messaging
1787480637.618606,1363,4,UDP,443,52783,,forward,20260823_155349_messaging_001_f90a,Messaging
1787480637.618606,1363,4,UDP,443,52783,,forward,20260823_155349_messaging_001_f90a,Messaging
1787480637.618606,1363,4,UDP,443,52783,,forward,20260823_155349_messaging_001_f90a,Messaging
1787480637.618606,1363,4,UDP,443,52783,,forward,20260823_155349_messaging_001_f90a,Messaging
1787480637.618606,1363,4,UDP,443,52783,,forward,20260823_155349_messaging_001_f90a,Messaging
1787480637.618606,1363,4,UDP,443,52783,,forward,20260823_155349_messaging_001_f90a,Messaging
1787480637.618606,1363,4,UDP,443,52783,,forward,20260823_155349_messaging_001_f90a,Messaging
1787480637.618606,1363,4,UDP,443,52783,,forward,20260823_155349_messaging_001_f90a,Messaging
1787480637.618606,1363,4,UDP,443,52783,,forward,20260823_155349_messaging_001_f90a,Messaging
1787480637.618606,1363,4,UDP,443,52783,,forward,20260823_155349_messaging_001_f90a,Messaging
1787480637.618606,1364,4,UDP,443,52783,,forward,20260823_155349_messaging_001_f90a,Messaging
1787480637.618606,1364,4,UDP,443,52783,,forward,20260823_155349_messaging_001_f90a,Messaging
1787480637.618606,1364,4,UDP,443,52783,,forward,20260823_155349_messaging_001_f90a,Messaging
1787480637.618606,1364,4,UDP,443,52783,,forward,20260823_155349_messaging_001_f90a,Messaging
1787480637.618606,1364,4,UDP,443,52783,,forward,20260823_155349_messaging_001_f90a,Messaging
1787480637.618606,1364,4,UDP,443,52783,,forward,20260823_155349_messaging_001_f90a,Messaging
1787480637.618606,1364,4,UDP,443,52783,,forward,20260823_155349_messaging_001_f90a,Messaging
1787480637.618606,1364,4,UDP,443,52783,,forward,20260823_155349_messaging_001_f90a,Messaging
1787480637.618606,1364,4,UDP,443,52783,,forward,20260823_155349_messaging_001_f90a,Messaging
1787480637.618606,1364,4,UDP,443,52783,,forward,20260823_155349_messaging_001_f90a,Messaging
1787480637.618606,1364,4,UDP,443,52783,,forward,20260823_155349_messaging_001_f90a,Messaging
1787480637.618606,1364,4,UDP,443,52783,,forward,20260823_155349_messaging_001_f90a,Messaging
1787480637.618606,1364,4,UDP,443,52783,,forward,20260823_155349_messaging_001_f90a,Messaging
1787480637.618606,1364,4,UDP,443,52783,,forward,20260823_155349_messaging_001_f90a,Messaging
1787480637.618606,1364,4,UDP,443,52783,,forward,20260823_155349_messaging_001_f90a,Messaging
1787480637.618606,1364,4,UDP,443,52783,,forward,20260823_155349_messaging_001_f90a,Messaging
1787480637.618606,1364,4,UDP,443,52783,,forward,20260823_155349_messaging_001_f90a,Messaging
1787480637.618606,1364,4,UDP,443,52783,,forward,20260823_155349_messaging_001_f90a,Messaging
1787480637.618606,1364,4,UDP,443,52783,,forward,20260823_155349_messaging_001_f90a,Messaging
1787480637.618606,1364,4,UDP,443,52783,,forward,20260823_155349_messaging_001_f90a,Messaging
1787480637.618606,1364,4,UDP,443,52783,,forward,20260823_155349_messaging_001_f90a,Messaging
1787480637.618606,89,4,UDP,443,52783,,forward,20260823_155349_messaging_001_f90a,Messaging
1787480637.618606,1364,4,UDP,443,52783,,forward,20260823_155349_messaging_001_f90a,Messaging
1787480637.618606,1364,4,UDP,443,52783,,forward,20260823_155349_messaging_001_f90a,Messaging
1787480637.618606,1364,4,UDP,443,52783,,forward,20260823_155349_messaging_001_f90a,Messaging
1787480637.618606,1364,4,UDP,443,52783,,forward,20260823_155349_messaging_001_f90a,Messaging
1787480637.618606,1364,4,UDP,443,52783,,forward,20260823_155349_messaging_001_f90a,Messaging
1787480637.618606,1364,4,UDP,443,52783,,forward,20260823_155349_messaging_001_f90a,Messaging
1787480637.618606,1364,4,UDP,443,52783,,forward,20260823_155349_messaging_001_f90a,Messaging
1787480637.618606,1364,4,UDP,443,52783,,forward,20260823_155349_messaging_001_f90a,Messaging
1787480637.619267,89,4,UDP,52783,443,,forward,20260823_155349_messaging_001_f90a,Messaging
1787480637.619749,166,4,UDP,52783,443,,forward,20260823_155349_messaging_001_f90a,Messaging
1787480637.619813,166,4,UDP,52783,443,,forward,20260823_155349_messaging_001_f90a,Messaging
1787480637.62007,166,4,UDP,52783,443,,forward,20260823_155349_messaging_001_f90a,Messaging
1787480637.620607,166,4,UDP,52783,443,,forward,20260823_155349_messaging_001_f90a,Messaging
1787480637.633789,167,4,UDP,52783,443,,forward,20260823_155349_messaging_001_f90a,Messaging
1787480637.633785,1364,4,UDP,443,52783,,forward,20260823_155349_messaging_001_f90a,Messaging
1787480637.633785,1364,4,UDP,443,52783,,forward,20260823_155349_messaging_001_f90a,Messaging
1787480637.633785,1364,4,UDP,443,52783,,forward,20260823_155349_messaging_001_f90a,Messaging
1787480637.633785,1364,4,UDP,443,52783,,forward,20260823_155349_messaging_001_f90a,Messaging
1787480637.633785,1364,4,UDP,443,52783,,forward,20260823_155349_messaging_001_f90a,Messaging
1787480637.633785,1364,4,UDP,443,52783,,forward,20260823_155349_messaging_001_f90a,Messaging
1787480637.633785,1364,4,UDP,443,52783,,forward,20260823_155349_messaging_001_f90a,Messaging
1787480637.633785,1364,4,UDP,443,52783,,forward,20260823_155349_messaging_001_f90a,Messaging
1787480637.633785,88,4,UDP,443,52783,,forward,20260823_155349_messaging_001_f90a,Messaging
1787480637.633785,1363,4,UDP,443,52783,,forward,20260823_155349_messaging_001_f90a,Messaging
1787480637.633785,1363,4,UDP,443,52783,,forward,20260823_155349_messaging_001_f90a,Messaging
1787480637.633785,1364,4,UDP,443,52783,,forward,20260823_155349_messaging_001_f90a,Messaging
1787480637.633785,1364,4,UDP,443,52783,,forward,20260823_155349_messaging_001_f90a,Messaging
1787480637.633785,1364,4,UDP,443,52783,,forward,20260823_155349_messaging_001_f90a,Messaging
1787480637.633785,1364,4,UDP,443,52783,,forward,20260823_155349_messaging_001_f90a,Messaging
1787480637.633785,1364,4,UDP,443,52783,,forward,20260823_155349_messaging_001_f90a,Messaging
1787480637.633785,1364,4,UDP,443,52783,,forward,20260823_155349_messaging_001_f90a,Messaging
1787480637.633785,1364,4,UDP,443,52783,,forward,20260823_155349_messaging_001_f90a,Messaging
1787480637.633785,1364,4,UDP,443,52783,,forward,20260823_155349_messaging_001_f90a,Messaging
1787480637.633785,1364,4,UDP,443,52783,,forward,20260823_155349_messaging_001_f90a,Messaging
1787480637.633785,1364,4,UDP,443,52783,,forward,20260823_155349_messaging_001_f90a,Messaging
1787480637.633785,1364,4,UDP,443,52783,,forward,20260823_155349_messaging_001_f90a,Messaging
1787480637.633785,1364,4,UDP,443,52783,,forward,20260823_155349_messaging_001_f90a,Messaging
1787480637.633785,1364,4,UDP,443,52783,,forward,20260823_155349_messaging_001_f90a,Messaging
1787480637.633785,1364,4,UDP,443,52783,,forward,20260823_155349_messaging_001_f90a,Messaging
1787480637.633785,1364,4,UDP,443,52783,,forward,20260823_155349_messaging_001_f90a,Messaging
1787480637.633785,1364,4,UDP,443,52783,,forward,20260823_155349_messaging_001_f90a,Messaging
1787480637.633785,1364,4,UDP,443,52783,,forward,20260823_155349_messaging_001_f90a,Messaging
1787480637.633785,1364,4,UDP,443,52783,,forward,20260823_155349_messaging_001_f90a,Messaging
1787480637.633785,1364,4,UDP,443,52783,,forward,20260823_155349_messaging_001_f90a,Messaging
1787480637.633785,1364,4,UDP,443,52783,,forward,20260823_155349_messaging_001_f90a,Messaging
1787480637.633785,1364,4,UDP,443,52783,,forward,20260823_155349_messaging_001_f90a,Messaging
1787480637.633785,1364,4,UDP,443,52783,,forward,20260823_155349_messaging_001_f90a,Messaging
1787480637.633785,1364,4,UDP,443,52783,,forward,20260823_155349_messaging_001_f90a,Messaging
1787480637.633785,1364,4,UDP,443,52783,,forward,20260823_155349_messaging_001_f90a,Messaging
1787480637.633785,1364,4,UDP,443,52783,,forward,20260823_155349_messaging_001_f90a,Messaging
1787480637.633785,1364,4,UDP,443,52783,,forward,20260823_155349_messaging_001_f90a,Messaging
1787480637.633785,1364,4,UDP,443,52783,,forward,20260823_155349_messaging_001_f90a,Messaging
1787480637.633785,1364,4,UDP,443,52783,,forward,20260823_155349_messaging_001_f90a,Messaging
1787480637.633785,1364,4,UDP,443,52783,,forward,20260823_155349_messaging_001_f90a,Messaging
1787480637.633785,1364,4,UDP,443,52783,,forward,20260823_155349_messaging_001_f90a,Messaging
1787480637.633785,1364,4,UDP,443,52783,,forward,20260823_155349_messaging_001_f90a,Messaging
1787480637.633785,1364,4,UDP,443,52783,,forward,20260823_155349_messaging_001_f90a,Messaging
1787480637.633785,1364,4,UDP,443,52783,,forward,20260823_155349_messaging_001_f90a,Messaging
1787480637.633785,1364,4,UDP,443,52783,,forward,20260823_155349_messaging_001_f90a,Messaging
1787480637.633785,1364,4,UDP,443,52783,,forward,20260823_155349_messaging_001_f90a,Messaging
1787480637.633785,1364,4,UDP,443,52783,,forward,20260823_155349_messaging_001_f90a,Messaging
1787480637.633785,1364,4,UDP,443,52783,,forward,20260823_155349_messaging_001_f90a,Messaging
1787480637.633785,1364,4,UDP,443,52783,,forward,20260823_155349_messaging_001_f90a,Messaging
1787480637.633785,1364,4,UDP,443,52783,,forward,20260823_155349_messaging_001_f90a,Messaging
1787480637.633785,1364,4,UDP,443,52783,,forward,20260823_155349_messaging_001_f90a,Messaging
1787480637.633785,1364,4,UDP,443,52783,,forward,20260823_155349_messaging_001_f90a,Messaging
1787480637.633785,1364,4,UDP,443,52783,,forward,20260823_155349_messaging_001_f90a,Messaging
1787480637.633785,1364,4,UDP,443,52783,,forward,20260823_155349_messaging_001_f90a,Messaging
1787480637.633785,1364,4,UDP,443,52783,,forward,20260823_155349_messaging_001_f90a,Messaging
1787480637.633785,1364,4,UDP,443,52783,,forward,20260823_155349_messaging_001_f90a,Messaging
1787480637.63449,89,4,UDP,52783,443,,forward,20260823_155349_messaging_001_f90a,Messaging
1787480637.634951,166,4,UDP,52783,443,,forward,20260823_155349_messaging_001_f90a,Messaging
1787480637.635033,166,4,UDP,52783,443,,forward,20260823_155349_messaging_001_f90a,Messaging
1787480637.635091,166,4,UDP,52783,443,,forward,20260823_155349_messaging_001_f90a,Messaging
1787480637.63536,166,4,UDP,52783,443,,forward,20260823_155349_messaging_001_f90a,Messaging
1787480637.635417,166,4,UDP,52783,443,,forward,20260823_155349_messaging_001_f90a,Messaging
1787480637.644202,1364,4,UDP,443,52783,,forward,20260823_155349_messaging_001_f90a,Messaging
1787480637.644202,1364,4,UDP,443,52783,,forward,20260823_155349_messaging_001_f90a,Messaging
1787480637.644202,1364,4,UDP,443,52783,,forward,20260823_155349_messaging_001_f90a,Messaging
1787480637.644202,1364,4,UDP,443,52783,,forward,20260823_155349_messaging_001_f90a,Messaging
1787480637.644202,1364,4,UDP,443,52783,,forward,20260823_155349_messaging_001_f90a,Messaging
1787480637.644202,1364,4,UDP,443,52783,,forward,20260823_155349_messaging_001_f90a,Messaging
1787480637.644202,1364,4,UDP,443,52783,,forward,20260823_155349_messaging_001_f90a,Messaging
1787480637.644202,88,4,UDP,443,52783,,forward,20260823_155349_messaging_001_f90a,Messaging
1787480637.644202,1363,4,UDP,443,52783,,forward,20260823_155349_messaging_001_f90a,Messaging
1787480637.644202,1363,4,UDP,443,52783,,forward,20260823_155349_messaging_001_f90a,Messaging
1787480637.644202,1363,4,UDP,443,52783,,forward,20260823_155349_messaging_001_f90a,Messaging
1787480637.644202,1363,4,UDP,443,52783,,forward,20260823_155349_messaging_001_f90a,Messaging
1787480637.644202,1363,4,UDP,443,52783,,forward,20260823_155349_messaging_001_f90a,Messaging
1787480637.644202,1363,4,UDP,443,52783,,forward,20260823_155349_messaging_001_f90a,Messaging
1787480637.644202,1363,4,UDP,443,52783,,forward,20260823_155349_messaging_001_f90a,Messaging
1787480637.644202,1363,4,UDP,443,52783,,forward,20260823_155349_messaging_001_f90a,Messaging
1787480637.644202,88,4,UDP,443,52783,,forward,20260823_155349_messaging_001_f90a,Messaging
1787480637.644202,1363,4,UDP,443,52783,,forward,20260823_155349_messaging_001_f90a,Messaging
1787480637.644202,1363,4,UDP,443,52783,,forward,20260823_155349_messaging_001_f90a,Messaging
1787480637.644202,1363,4,UDP,443,52783,,forward,20260823_155349_messaging_001_f90a,Messaging
1787480637.644202,1363,4,UDP,443,52783,,forward,20260823_155349_messaging_001_f90a,Messaging
1787480637.644202,1363,4,UDP,443,52783,,forward,20260823_155349_messaging_001_f90a,Messaging
1787480637.644202,1363,4,UDP,443,52783,,forward,20260823_155349_messaging_001_f90a,Messaging
1787480637.644202,1363,4,UDP,443,52783,,forward,20260823_155349_messaging_001_f90a,Messaging
1787480637.644202,1363,4,UDP,443,52783,,forward,20260823_155349_messaging_001_f90a,Messaging
1787480637.64469,89,4,UDP,52783,443,,forward,20260823_155349_messaging_001_f90a,Messaging
1787480637.645469,166,4,UDP,52783,443,,forward,20260823_155349_messaging_001_f90a,Messaging
1787480637.645568,166,4,UDP,52783,443,,forward,20260823_155349_messaging_001_f90a,Messaging
1787480637.645825,166,4,UDP,52783,443,,forward,20260823_155349_messaging_001_f90a,Messaging
1787480637.649138,1363,4,UDP,443,52783,,forward,20260823_155349_messaging_001_f90a,Messaging
1787480637.649138,1363,4,UDP,443,52783,,forward,20260823_155349_messaging_001_f90a,Messaging
1787480637.649138,1363,4,UDP,443,52783,,forward,20260823_155349_messaging_001_f90a,Messaging
1787480637.649138,1363,4,UDP,443,52783,,forward,20260823_155349_messaging_001_f90a,Messaging
1787480637.649138,1364,4,UDP,443,52783,,forward,20260823_155349_messaging_001_f90a,Messaging
1787480637.649138,1364,4,UDP,443,52783,,forward,20260823_155349_messaging_001_f90a,Messaging
1787480637.649138,1364,4,UDP,443,52783,,forward,20260823_155349_messaging_001_f90a,Messaging
1787480637.649138,1364,4,UDP,443,52783,,forward,20260823_155349_messaging_001_f90a,Messaging
1787480637.649138,1364,4,UDP,443,52783,,forward,20260823_155349_messaging_001_f90a,Messaging
1787480637.649138,1364,4,UDP,443,52783,,forward,20260823_155349_messaging_001_f90a,Messaging
1787480637.649138,1364,4,UDP,443,52783,,forward,20260823_155349_messaging_001_f90a,Messaging
1787480637.649138,1364,4,UDP,443,52783,,forward,20260823_155349_messaging_001_f90a,Messaging
1787480637.649138,1364,4,UDP,443,52783,,forward,20260823_155349_messaging_001_f90a,Messaging
1787480637.649138,1364,4,UDP,443,52783,,forward,20260823_155349_messaging_001_f90a,Messaging
1787480637.649138,1364,4,UDP,443,52783,,forward,20260823_155349_messaging_001_f90a,Messaging
1787480637.649138,1364,4,UDP,443,52783,,forward,20260823_155349_messaging_001_f90a,Messaging
1787480637.649138,1364,4,UDP,443,52783,,forward,20260823_155349_messaging_001_f90a,Messaging
1787480637.649138,1364,4,UDP,443,52783,,forward,20260823_155349_messaging_001_f90a,Messaging
1787480637.649138,1364,4,UDP,443,52783,,forward,20260823_155349_messaging_001_f90a,Messaging
1787480637.649138,1364,4,UDP,443,52783,,forward,20260823_155349_messaging_001_f90a,Messaging
1787480637.649575,89,4,UDP,52783,443,,forward,20260823_155349_messaging_001_f90a,Messaging
1787480637.649993,166,4,UDP,52783,443,,forward,20260823_155349_messaging_001_f90a,Messaging
1787480637.650065,166,4,UDP,52783,443,,forward,20260823_155349_messaging_001_f90a,Messaging
1787480637.66427,167,4,UDP,52783,443,,forward,20260823_155349_messaging_001_f90a,Messaging
1787480637.664317,1363,4,UDP,443,52783,,forward,20260823_155349_messaging_001_f90a,Messaging
1787480637.664317,1363,4,UDP,443,52783,,forward,20260823_155349_messaging_001_f90a,Messaging
1787480637.664317,1363,4,UDP,443,52783,,forward,20260823_155349_messaging_001_f90a,Messaging
1787480637.664317,1363,4,UDP,443,52783,,forward,20260823_155349_messaging_001_f90a,Messaging
1787480637.664317,1363,4,UDP,443,52783,,forward,20260823_155349_messaging_001_f90a,Messaging
1787480637.664317,1363,4,UDP,443,52783,,forward,20260823_155349_messaging_001_f90a,Messaging
1787480637.664317,1363,4,UDP,443,52783,,forward,20260823_155349_messaging_001_f90a,Messaging
1787480637.664317,1363,4,UDP,443,52783,,forward,20260823_155349_messaging_001_f90a,Messaging
1787480637.664317,1363,4,UDP,443,52783,,forward,20260823_155349_messaging_001_f90a,Messaging
1787480637.664317,1363,4,UDP,443,52783,,forward,20260823_155349_messaging_001_f90a,Messaging
1787480637.664317,1363,4,UDP,443,52783,,forward,20260823_155349_messaging_001_f90a,Messaging
1787480637.664317,1363,4,UDP,443,52783,,forward,20260823_155349_messaging_001_f90a,Messaging
1787480637.664317,1363,4,UDP,443,52783,,forward,20260823_155349_messaging_001_f90a,Messaging
1787480637.664317,1363,4,UDP,443,52783,,forward,20260823_155349_messaging_001_f90a,Messaging
1787480637.664317,1363,4,UDP,443,52783,,forward,20260823_155349_messaging_001_f90a,Messaging
1787480637.664317,1363,4,UDP,443,52783,,forward,20260823_155349_messaging_001_f90a,Messaging
1787480637.664317,1363,4,UDP,443,52783,,forward,20260823_155349_messaging_001_f90a,Messaging
1787480637.664317,1363,4,UDP,443,52783,,forward,20260823_155349_messaging_001_f90a,Messaging
1787480637.664317,1363,4,UDP,443,52783,,forward,20260823_155349_messaging_001_f90a,Messaging
1787480637.664317,1363,4,UDP,443,52783,,forward,20260823_155349_messaging_001_f90a,Messaging
1787480637.664317,1363,4,UDP,443,52783,,forward,20260823_155349_messaging_001_f90a,Messaging
1787480637.664317,1363,4,UDP,443,52783,,forward,20260823_155349_messaging_001_f90a,Messaging
1787480637.664317,1363,4,UDP,443,52783,,forward,20260823_155349_messaging_001_f90a,Messaging
1787480637.664317,1363,4,UDP,443,52783,,forward,20260823_155349_messaging_001_f90a,Messaging
1787480637.664317,88,4,UDP,443,52783,,forward,20260823_155349_messaging_001_f90a,Messaging
1787480637.664317,1364,4,UDP,443,52783,,forward,20260823_155349_messaging_001_f90a,Messaging
1787480637.664317,1364,4,UDP,443,52783,,forward,20260823_155349_messaging_001_f90a,Messaging
1787480637.664317,1364,4,UDP,443,52783,,forward,20260823_155349_messaging_001_f90a,Messaging
1787480637.664317,1364,4,UDP,443,52783,,forward,20260823_155349_messaging_001_f90a,Messaging
1787480637.664317,1364,4,UDP,443,52783,,forward,20260823_155349_messaging_001_f90a,Messaging
1787480637.664317,1364,4,UDP,443,52783,,forward,20260823_155349_messaging_001_f90a,Messaging
1787480637.664317,1364,4,UDP,443,52783,,forward,20260823_155349_messaging_001_f90a,Messaging
1787480637.664317,1364,4,UDP,443,52783,,forward,20260823_155349_messaging_001_f90a,Messaging
1787480637.664317,1364,4,UDP,443,52783,,forward,20260823_155349_messaging_001_f90a,Messaging
1787480637.664317,1364,4,UDP,443,52783,,forward,20260823_155349_messaging_001_f90a,Messaging
1787480637.664317,1364,4,UDP,443,52783,,forward,20260823_155349_messaging_001_f90a,Messaging
1787480637.664317,1364,4,UDP,443,52783,,forward,20260823_155349_messaging_001_f90a,Messaging
1787480637.664317,1364,4,UDP,443,52783,,forward,20260823_155349_messaging_001_f90a,Messaging
1787480637.664317,1364,4,UDP,443,52783,,forward,20260823_155349_messaging_001_f90a,Messaging
1787480637.664317,1364,4,UDP,443,52783,,forward,20260823_155349_messaging_001_f90a,Messaging
1787480637.664317,1364,4,UDP,443,52783,,forward,20260823_155349_messaging_001_f90a,Messaging
1787480637.664317,1364,4,UDP,443,52783,,forward,20260823_155349_messaging_001_f90a,Messaging
1787480637.664317,1364,4,UDP,443,52783,,forward,20260823_155349_messaging_001_f90a,Messaging
1787480637.664317,1364,4,UDP,443,52783,,forward,20260823_155349_messaging_001_f90a,Messaging
1787480637.664317,1364,4,UDP,443,52783,,forward,20260823_155349_messaging_001_f90a,Messaging
1787480637.664317,1364,4,UDP,443,52783,,forward,20260823_155349_messaging_001_f90a,Messaging
1787480637.664317,1364,4,UDP,443,52783,,forward,20260823_155349_messaging_001_f90a,Messaging
1787480637.664317,1364,4,UDP,443,52783,,forward,20260823_155349_messaging_001_f90a,Messaging
1787480637.664317,1364,4,UDP,443,52783,,forward,20260823_155349_messaging_001_f90a,Messaging
1787480637.664317,1364,4,UDP,443,52783,,forward,20260823_155349_messaging_001_f90a,Messaging
1787480637.664317,1364,4,UDP,443,52783,,forward,20260823_155349_messaging_001_f90a,Messaging
1787480637.664317,1364,4,UDP,443,52783,,forward,20260823_155349_messaging_001_f90a,Messaging
1787480637.664317,1364,4,UDP,443,52783,,forward,20260823_155349_messaging_001_f90a,Messaging
1787480637.664317,1364,4,UDP,443,52783,,forward,20260823_155349_messaging_001_f90a,Messaging
1787480637.664317,1364,4,UDP,443,52783,,forward,20260823_155349_messaging_001_f90a,Messaging
1787480637.664317,1364,4,UDP,443,52783,,forward,20260823_155349_messaging_001_f90a,Messaging
1787480637.664317,1364,4,UDP,443,52783,,forward,20260823_155349_messaging_001_f90a,Messaging
1787480637.664317,1364,4,UDP,443,52783,,forward,20260823_155349_messaging_001_f90a,Messaging
1787480637.664317,1364,4,UDP,443,52783,,forward,20260823_155349_messaging_001_f90a,Messaging
1787480637.664317,1364,4,UDP,443,52783,,forward,20260823_155349_messaging_001_f90a,Messaging
1787480637.664317,1364,4,UDP,443,52783,,forward,20260823_155349_messaging_001_f90a,Messaging
1787480637.664317,1364,4,UDP,443,52783,,forward,20260823_155349_messaging_001_f90a,Messaging
1787480637.664317,1364,4,UDP,443,52783,,forward,20260823_155349_messaging_001_f90a,Messaging
1787480637.664317,1364,4,UDP,443,52783,,forward,20260823_155349_messaging_001_f90a,Messaging
1787480637.664317,1364,4,UDP,443,52783,,forward,20260823_155349_messaging_001_f90a,Messaging
1787480637.665134,89,4,UDP,52783,443,,forward,20260823_155349_messaging_001_f90a,Messaging
1787480637.665729,257,4,UDP,52783,443,,forward,20260823_155349_messaging_001_f90a,Messaging
1787480637.665936,166,4,UDP,52783,443,,forward,20260823_155349_messaging_001_f90a,Messaging
1787480637.66618,166,4,UDP,52783,443,,forward,20260823_155349_messaging_001_f90a,Messaging
1787480637.666248,166,4,UDP,52783,443,,forward,20260823_155349_messaging_001_f90a,Messaging
1787480637.66642,166,4,UDP,52783,443,,forward,20260823_155349_messaging_001_f90a,Messaging
1787480637.677855,88,4,UDP,443,52783,,forward,20260823_155349_messaging_001_f90a,Messaging
1787480637.677855,88,4,UDP,443,52783,,forward,20260823_155349_messaging_001_f90a,Messaging
1787480637.677855,1363,4,UDP,443,52783,,forward,20260823_155349_messaging_001_f90a,Messaging
1787480637.677855,1363,4,UDP,443,52783,,forward,20260823_155349_messaging_001_f90a,Messaging
1787480637.677855,1363,4,UDP,443,52783,,forward,20260823_155349_messaging_001_f90a,Messaging
1787480637.677855,1363,4,UDP,443,52783,,forward,20260823_155349_messaging_001_f90a,Messaging
1787480637.677855,1363,4,UDP,443,52783,,forward,20260823_155349_messaging_001_f90a,Messaging
1787480637.677855,1363,4,UDP,443,52783,,forward,20260823_155349_messaging_001_f90a,Messaging
1787480637.677855,1363,4,UDP,443,52783,,forward,20260823_155349_messaging_001_f90a,Messaging
1787480637.677855,1363,4,UDP,443,52783,,forward,20260823_155349_messaging_001_f90a,Messaging
1787480637.677855,1363,4,UDP,443,52783,,forward,20260823_155349_messaging_001_f90a,Messaging
1787480637.677855,1363,4,UDP,443,52783,,forward,20260823_155349_messaging_001_f90a,Messaging
1787480637.677855,1363,4,UDP,443,52783,,forward,20260823_155349_messaging_001_f90a,Messaging
1787480637.677855,1363,4,UDP,443,52783,,forward,20260823_155349_messaging_001_f90a,Messaging
1787480637.677855,1363,4,UDP,443,52783,,forward,20260823_155349_messaging_001_f90a,Messaging
1787480637.677855,1363,4,UDP,443,52783,,forward,20260823_155349_messaging_001_f90a,Messaging
1787480637.677855,1364,4,UDP,443,52783,,forward,20260823_155349_messaging_001_f90a,Messaging
1787480637.677855,1364,4,UDP,443,52783,,forward,20260823_155349_messaging_001_f90a,Messaging
1787480637.677855,1364,4,UDP,443,52783,,forward,20260823_155349_messaging_001_f90a,Messaging
1787480637.677855,1364,4,UDP,443,52783,,forward,20260823_155349_messaging_001_f90a,Messaging
1787480637.677855,1364,4,UDP,443,52783,,forward,20260823_155349_messaging_001_f90a,Messaging
1787480637.677855,1364,4,UDP,443,52783,,forward,20260823_155349_messaging_001_f90a,Messaging
1787480637.677855,1364,4,UDP,443,52783,,forward,20260823_155349_messaging_001_f90a,Messaging
1787480637.677855,1364,4,UDP,443,52783,,forward,20260823_155349_messaging_001_f90a,Messaging
1787480637.677855,1364,4,UDP,443,52783,,forward,20260823_155349_messaging_001_f90a,Messaging
1787480637.677855,1364,4,UDP,443,52783,,forward,20260823_155349_messaging_001_f90a,Messaging
1787480637.677855,1364,4,UDP,443,52783,,forward,20260823_155349_messaging_001_f90a,Messaging
1787480637.677855,1364,4,UDP,443,52783,,forward,20260823_155349_messaging_001_f90a,Messaging
1787480637.677855,1364,4,UDP,443,52783,,forward,20260823_155349_messaging_001_f90a,Messaging
1787480637.677855,1364,4,UDP,443,52783,,forward,20260823_155349_messaging_001_f90a,Messaging
1787480637.677855,1364,4,UDP,443,52783,,forward,20260823_155349_messaging_001_f90a,Messaging
1787480637.677855,1364,4,UDP,443,52783,,forward,20260823_155349_messaging_001_f90a,Messaging
1787480637.677855,1364,4,UDP,443,52783,,forward,20260823_155349_messaging_001_f90a,Messaging
1787480637.677855,1364,4,UDP,443,52783,,forward,20260823_155349_messaging_001_f90a,Messaging
1787480637.677855,1364,4,UDP,443,52783,,forward,20260823_155349_messaging_001_f90a,Messaging
1787480637.677855,1364,4,UDP,443,52783,,forward,20260823_155349_messaging_001_f90a,Messaging
1787480637.677855,1364,4,UDP,443,52783,,forward,20260823_155349_messaging_001_f90a,Messaging
1787480637.677855,1364,4,UDP,443,52783,,forward,20260823_155349_messaging_001_f90a,Messaging
1787480637.677855,1364,4,UDP,443,52783,,forward,20260823_155349_messaging_001_f90a,Messaging
1787480637.677855,1364,4,UDP,443,52783,,forward,20260823_155349_messaging_001_f90a,Messaging
1787480637.677855,1364,4,UDP,443,52783,,forward,20260823_155349_messaging_001_f90a,Messaging
1787480637.677855,1364,4,UDP,443,52783,,forward,20260823_155349_messaging_001_f90a,Messaging
1787480637.677855,1364,4,UDP,443,52783,,forward,20260823_155349_messaging_001_f90a,Messaging
1787480637.677855,1364,4,UDP,443,52783,,forward,20260823_155349_messaging_001_f90a,Messaging
1787480637.677855,1364,4,UDP,443,52783,,forward,20260823_155349_messaging_001_f90a,Messaging
1787480637.677855,1364,4,UDP,443,52783,,forward,20260823_155349_messaging_001_f90a,Messaging
1787480637.677855,1364,4,UDP,443,52783,,forward,20260823_155349_messaging_001_f90a,Messaging
1787480637.677855,1364,4,UDP,443,52783,,forward,20260823_155349_messaging_001_f90a,Messaging
1787480637.677855,1364,4,UDP,443,52783,,forward,20260823_155349_messaging_001_f90a,Messaging
1787480637.677855,1364,4,UDP,443,52783,,forward,20260823_155349_messaging_001_f90a,Messaging
1787480637.677855,89,4,UDP,443,52783,,forward,20260823_155349_messaging_001_f90a,Messaging
1787480637.677855,1364,4,UDP,443,52783,,forward,20260823_155349_messaging_001_f90a,Messaging
1787480637.677855,1364,4,UDP,443,52783,,forward,20260823_155349_messaging_001_f90a,Messaging
1787480637.677855,1364,4,UDP,443,52783,,forward,20260823_155349_messaging_001_f90a,Messaging
1787480637.677855,1364,4,UDP,443,52783,,forward,20260823_155349_messaging_001_f90a,Messaging
1787480637.677855,1364,4,UDP,443,52783,,forward,20260823_155349_messaging_001_f90a,Messaging
1787480637.677855,1364,4,UDP,443,52783,,forward,20260823_155349_messaging_001_f90a,Messaging
1787480637.677855,1364,4,UDP,443,52783,,forward,20260823_155349_messaging_001_f90a,Messaging
1787480637.677855,1364,4,UDP,443,52783,,forward,20260823_155349_messaging_001_f90a,Messaging
1787480637.678651,89,4,UDP,52783,443,,forward,20260823_155349_messaging_001_f90a,Messaging
1787480637.67914,166,4,UDP,52783,443,,forward,20260823_155349_messaging_001_f90a,Messaging
1787480637.679206,166,4,UDP,52783,443,,forward,20260823_155349_messaging_001_f90a,Messaging
1787480637.679309,166,4,UDP,52783,443,,forward,20260823_155349_messaging_001_f90a,Messaging
1787480637.679538,166,4,UDP,52783,443,,forward,20260823_155349_messaging_001_f90a,Messaging
1787480637.67982,166,4,UDP,52783,443,,forward,20260823_155349_messaging_001_f90a,Messaging
1787480637.680048,166,4,UDP,52783,443,,forward,20260823_155349_messaging_001_f90a,Messaging
1787480637.695348,167,4,UDP,52783,443,,forward,20260823_155349_messaging_001_f90a,Messaging
1787480637.695484,1364,4,UDP,443,52783,,forward,20260823_155349_messaging_001_f90a,Messaging
1787480637.695484,1364,4,UDP,443,52783,,forward,20260823_155349_messaging_001_f90a,Messaging
1787480637.695484,1364,4,UDP,443,52783,,forward,20260823_155349_messaging_001_f90a,Messaging
1787480637.695484,1364,4,UDP,443,52783,,forward,20260823_155349_messaging_001_f90a,Messaging
1787480637.695484,1364,4,UDP,443,52783,,forward,20260823_155349_messaging_001_f90a,Messaging
1787480637.695484,1364,4,UDP,443,52783,,forward,20260823_155349_messaging_001_f90a,Messaging
1787480637.695484,1364,4,UDP,443,52783,,forward,20260823_155349_messaging_001_f90a,Messaging
1787480637.695484,1364,4,UDP,443,52783,,forward,20260823_155349_messaging_001_f90a,Messaging
1787480637.695484,1364,4,UDP,443,52783,,forward,20260823_155349_messaging_001_f90a,Messaging
1787480637.695484,1364,4,UDP,443,52783,,forward,20260823_155349_messaging_001_f90a,Messaging
1787480637.695484,1364,4,UDP,443,52783,,forward,20260823_155349_messaging_001_f90a,Messaging
1787480637.695484,1364,4,UDP,443,52783,,forward,20260823_155349_messaging_001_f90a,Messaging
1787480637.695484,89,4,UDP,443,52783,,forward,20260823_155349_messaging_001_f90a,Messaging
1787480637.695484,1364,4,UDP,443,52783,,forward,20260823_155349_messaging_001_f90a,Messaging
1787480637.695484,1364,4,UDP,443,52783,,forward,20260823_155349_messaging_001_f90a,Messaging
1787480637.695484,1364,4,UDP,443,52783,,forward,20260823_155349_messaging_001_f90a,Messaging
1787480637.695484,1364,4,UDP,443,52783,,forward,20260823_155349_messaging_001_f90a,Messaging
1787480637.695484,1364,4,UDP,443,52783,,forward,20260823_155349_messaging_001_f90a,Messaging
1787480637.695484,1364,4,UDP,443,52783,,forward,20260823_155349_messaging_001_f90a,Messaging
1787480637.695484,1364,4,UDP,443,52783,,forward,20260823_155349_messaging_001_f90a,Messaging
1787480637.695484,1364,4,UDP,443,52783,,forward,20260823_155349_messaging_001_f90a,Messaging
1787480637.695484,1364,4,UDP,443,52783,,forward,20260823_155349_messaging_001_f90a,Messaging
1787480637.695484,1364,4,UDP,443,52783,,forward,20260823_155349_messaging_001_f90a,Messaging
1787480637.695484,1364,4,UDP,443,52783,,forward,20260823_155349_messaging_001_f90a,Messaging
1787480637.695484,1364,4,UDP,443,52783,,forward,20260823_155349_messaging_001_f90a,Messaging
1787480637.695484,1364,4,UDP,443,52783,,forward,20260823_155349_messaging_001_f90a,Messaging
1787480637.695484,1364,4,UDP,443,52783,,forward,20260823_155349_messaging_001_f90a,Messaging
1787480637.695484,1364,4,UDP,443,52783,,forward,20260823_155349_messaging_001_f90a,Messaging
1787480637.695484,1364,4,UDP,443,52783,,forward,20260823_155349_messaging_001_f90a,Messaging
1787480637.695484,1364,4,UDP,443,52783,,forward,20260823_155349_messaging_001_f90a,Messaging
1787480637.695484,1364,4,UDP,443,52783,,forward,20260823_155349_messaging_001_f90a,Messaging
1787480637.695484,1364,4,UDP,443,52783,,forward,20260823_155349_messaging_001_f90a,Messaging
1787480637.695484,1364,4,UDP,443,52783,,forward,20260823_155349_messaging_001_f90a,Messaging
1787480637.695484,1364,4,UDP,443,52783,,forward,20260823_155349_messaging_001_f90a,Messaging
1787480637.695484,1364,4,UDP,443,52783,,forward,20260823_155349_messaging_001_f90a,Messaging
1787480637.695484,1364,4,UDP,443,52783,,forward,20260823_155349_messaging_001_f90a,Messaging
1787480637.695484,1364,4,UDP,443,52783,,forward,20260823_155349_messaging_001_f90a,Messaging
1787480637.695484,1364,4,UDP,443,52783,,forward,20260823_155349_messaging_001_f90a,Messaging
1787480637.695484,1364,4,UDP,443,52783,,forward,20260823_155349_messaging_001_f90a,Messaging
1787480637.695484,1364,4,UDP,443,52783,,forward,20260823_155349_messaging_001_f90a,Messaging
1787480637.695484,1364,4,UDP,443,52783,,forward,20260823_155349_messaging_001_f90a,Messaging
1787480637.695484,1364,4,UDP,443,52783,,forward,20260823_155349_messaging_001_f90a,Messaging
1787480637.695484,1364,4,UDP,443,52783,,forward,20260823_155349_messaging_001_f90a,Messaging
1787480637.695484,1364,4,UDP,443,52783,,forward,20260823_155349_messaging_001_f90a,Messaging
1787480637.695484,1364,4,UDP,443,52783,,forward,20260823_155349_messaging_001_f90a,Messaging
1787480637.695484,1364,4,UDP,443,52783,,forward,20260823_155349_messaging_001_f90a,Messaging
1787480637.695484,1364,4,UDP,443,52783,,forward,20260823_155349_messaging_001_f90a,Messaging
1787480637.695484,1364,4,UDP,443,52783,,forward,20260823_155349_messaging_001_f90a,Messaging
1787480637.695484,1364,4,UDP,443,52783,,forward,20260823_155349_messaging_001_f90a,Messaging
1787480637.695484,1364,4,UDP,443,52783,,forward,20260823_155349_messaging_001_f90a,Messaging
1787480637.695484,1364,4,UDP,443,52783,,forward,20260823_155349_messaging_001_f90a,Messaging
1787480637.695484,1364,4,UDP,443,52783,,forward,20260823_155349_messaging_001_f90a,Messaging
1787480637.695484,1364,4,UDP,443,52783,,forward,20260823_155349_messaging_001_f90a,Messaging
1787480637.695484,1364,4,UDP,443,52783,,forward,20260823_155349_messaging_001_f90a,Messaging
1787480637.695484,1364,4,UDP,443,52783,,forward,20260823_155349_messaging_001_f90a,Messaging
1787480637.695484,1364,4,UDP,443,52783,,forward,20260823_155349_messaging_001_f90a,Messaging
1787480637.695484,1364,4,UDP,443,52783,,forward,20260823_155349_messaging_001_f90a,Messaging
1787480637.695484,1364,4,UDP,443,52783,,forward,20260823_155349_messaging_001_f90a,Messaging
1787480637.695484,1364,4,UDP,443,52783,,forward,20260823_155349_messaging_001_f90a,Messaging
1787480637.695484,1364,4,UDP,443,52783,,forward,20260823_155349_messaging_001_f90a,Messaging
1787480637.695484,1364,4,UDP,443,52783,,forward,20260823_155349_messaging_001_f90a,Messaging
1787480637.695484,1364,4,UDP,443,52783,,forward,20260823_155349_messaging_001_f90a,Messaging
1787480637.695484,1364,4,UDP,443,52783,,forward,20260823_155349_messaging_001_f90a,Messaging
1787480637.695484,1364,4,UDP,443,52783,,forward,20260823_155349_messaging_001_f90a,Messaging
1787480637.695484,1364,4,UDP,443,52783,,forward,20260823_155349_messaging_001_f90a,Messaging
1787480637.695484,1364,4,UDP,443,52783,,forward,20260823_155349_messaging_001_f90a,Messaging
1787480637.695484,1364,4,UDP,443,52783,,forward,20260823_155349_messaging_001_f90a,Messaging
1787480637.695484,1364,4,UDP,443,52783,,forward,20260823_155349_messaging_001_f90a,Messaging
1787480637.695484,1364,4,UDP,443,52783,,forward,20260823_155349_messaging_001_f90a,Messaging
1787480637.695484,1364,4,UDP,443,52783,,forward,20260823_155349_messaging_001_f90a,Messaging
1787480637.695484,1364,4,UDP,443,52783,,forward,20260823_155349_messaging_001_f90a,Messaging
1787480637.695484,1364,4,UDP,443,52783,,forward,20260823_155349_messaging_001_f90a,Messaging
1787480637.695484,1364,4,UDP,443,52783,,forward,20260823_155349_messaging_001_f90a,Messaging
1787480637.696596,89,4,UDP,52783,443,,forward,20260823_155349_messaging_001_f90a,Messaging
1787480637.697071,166,4,UDP,52783,443,,forward,20260823_155349_messaging_001_f90a,Messaging
1787480637.697193,166,4,UDP,52783,443,,forward,20260823_155349_messaging_001_f90a,Messaging
1787480637.697358,166,4,UDP,52783,443,,forward,20260823_155349_messaging_001_f90a,Messaging
1787480637.697522,166,4,UDP,52783,443,,forward,20260823_155349_messaging_001_f90a,Messaging
1787480637.697625,166,4,UDP,52783,443,,forward,20260823_155349_messaging_001_f90a,Messaging
1787480637.697754,166,4,UDP,52783,443,,forward,20260823_155349_messaging_001_f90a,Messaging
1787480637.69808,166,4,UDP,52783,443,,forward,20260823_155349_messaging_001_f90a,Messaging
1787480637.710744,1129,4,UDP,443,52783,,forward,20260823_155349_messaging_001_f90a,Messaging
1787480637.710744,89,4,UDP,443,52783,,forward,20260823_155349_messaging_001_f90a,Messaging
1787480637.710744,159,4,UDP,443,52783,,forward,20260823_155349_messaging_001_f90a,Messaging
1787480637.710893,167,4,UDP,52783,443,,forward,20260823_155349_messaging_001_f90a,Messaging
1787480637.711018,89,4,UDP,52783,443,,forward,20260823_155349_messaging_001_f90a,Messaging
1787480637.713207,88,4,UDP,443,52783,,forward,20260823_155349_messaging_001_f90a,Messaging
1787480637.725976,172,4,UDP,52783,443,,forward,20260823_155349_messaging_001_f90a,Messaging
1787480637.741256,88,4,UDP,443,52783,,forward,20260823_155349_messaging_001_f90a,Messaging
1787480637.741256,88,4,UDP,443,52783,,forward,20260823_155349_messaging_001_f90a,Messaging
1787480637.756274,88,4,UDP,443,52783,,forward,20260823_155349_messaging_001_f90a,Messaging
1787480637.77178,159,4,UDP,443,52783,,forward,20260823_155349_messaging_001_f90a,Messaging
1787480637.771985,88,4,UDP,52783,443,,forward,20260823_155349_messaging_001_f90a,Messaging
1787480638.417579,145,4,UDP,443,52783,,forward,20260823_155349_messaging_001_f90a,Messaging
1787480638.417853,88,4,UDP,52783,443,,forward,20260823_155349_messaging_001_f90a,Messaging
1787480638.417964,145,4,UDP,52783,443,,forward,20260823_155349_messaging_001_f90a,Messaging
1787480638.448321,88,4,UDP,443,52783,,forward,20260823_155349_messaging_001_f90a,Messaging
1787480639.58459,117,4,UDP,52783,443,,forward,20260823_155349_messaging_001_f90a,Messaging
1787480639.58472,347,4,UDP,52783,443,,forward,20260823_155349_messaging_001_f90a,Messaging
1787480639.629819,88,4,UDP,443,52783,,forward,20260823_155349_messaging_001_f90a,Messaging
1787480639.629819,521,4,UDP,443,52783,,forward,20260823_155349_messaging_001_f90a,Messaging
1787480639.63014,88,4,UDP,52783,443,,forward,20260823_155349_messaging_001_f90a,Messaging
1787480639.793744,1363,4,UDP,52783,443,,forward,20260823_155349_messaging_001_f90a,Messaging
1787480639.793845,1363,4,UDP,52783,443,,forward,20260823_155349_messaging_001_f90a,Messaging
1787480639.79392,210,4,UDP,52783,443,,forward,20260823_155349_messaging_001_f90a,Messaging
1787480639.794254,863,4,UDP,52783,443,,forward,20260823_155349_messaging_001_f90a,Messaging
1787480639.82626,88,4,UDP,443,52783,,forward,20260823_155349_messaging_001_f90a,Messaging
1787480639.835067,88,4,UDP,443,52783,,forward,20260823_155349_messaging_001_f90a,Messaging
1787480639.896745,173,4,UDP,443,52783,,forward,20260823_155349_messaging_001_f90a,Messaging
1787480639.896745,1363,4,UDP,443,52783,,forward,20260823_155349_messaging_001_f90a,Messaging
1787480639.896745,1363,4,UDP,443,52783,,forward,20260823_155349_messaging_001_f90a,Messaging
1787480639.896745,410,4,UDP,443,52783,,forward,20260823_155349_messaging_001_f90a,Messaging
1787480639.896745,1150,4,UDP,443,52783,,forward,20260823_155349_messaging_001_f90a,Messaging
1787480639.896745,1359,4,UDP,443,52783,,forward,20260823_155349_messaging_001_f90a,Messaging
1787480639.896745,1363,4,UDP,443,52783,,forward,20260823_155349_messaging_001_f90a,Messaging
1787480639.896745,1363,4,UDP,443,52783,,forward,20260823_155349_messaging_001_f90a,Messaging
1787480639.896745,347,4,UDP,443,52783,,forward,20260823_155349_messaging_001_f90a,Messaging
1787480639.897027,88,4,UDP,52783,443,,forward,20260823_155349_messaging_001_f90a,Messaging
1787480639.898063,211,4,UDP,52783,443,,forward,20260823_155349_messaging_001_f90a,Messaging
1787480639.898158,164,4,UDP,52783,443,,forward,20260823_155349_messaging_001_f90a,Messaging
1787480639.898321,168,4,UDP,52783,443,,forward,20260823_155349_messaging_001_f90a,Messaging
1787480639.898388,164,4,UDP,52783,443,,forward,20260823_155349_messaging_001_f90a,Messaging
1787480639.93361,88,4,UDP,443,52783,,forward,20260823_155349_messaging_001_f90a,Messaging
1787480639.990781,329,4,UDP,443,52783,,forward,20260823_155349_messaging_001_f90a,Messaging
1787480639.991006,88,4,UDP,52783,443,,forward,20260823_155349_messaging_001_f90a,Messaging
1787480640.02145,84,4,UDP,52783,443,,forward,20260823_155349_messaging_001_f90a,Messaging
1787480640.021608,165,4,UDP,52783,443,,forward,20260823_155349_messaging_001_f90a,Messaging
1787480640.052012,88,4,UDP,443,52783,,forward,20260823_155349_messaging_001_f90a,Messaging
1787480640.157974,162,4,UDP,52783,443,,forward,20260823_155349_messaging_001_f90a,Messaging
1787480640.158071,162,4,UDP,52783,443,,forward,20260823_155349_messaging_001_f90a,Messaging
1787480640.15855,162,4,UDP,52783,443,,forward,20260823_155349_messaging_001_f90a,Messaging
1787480640.158887,162,4,UDP,52783,443,,forward,20260823_155349_messaging_001_f90a,Messaging
1787480640.192389,88,4,UDP,443,52783,,forward,20260823_155349_messaging_001_f90a,Messaging
1787480640.192389,88,4,UDP,443,52783,,forward,20260823_155349_messaging_001_f90a,Messaging
1787480640.192389,302,4,UDP,443,52783,,forward,20260823_155349_messaging_001_f90a,Messaging
1787480640.192389,286,4,UDP,443,52783,,forward,20260823_155349_messaging_001_f90a,Messaging
1787480640.192389,508,4,UDP,443,52783,,forward,20260823_155349_messaging_001_f90a,Messaging
1787480640.192637,88,4,UDP,52783,443,,forward,20260823_155349_messaging_001_f90a,Messaging
1787480640.207165,1363,4,UDP,52783,443,,forward,20260823_155349_messaging_001_f90a,Messaging
1787480640.207284,1363,4,UDP,52783,443,,forward,20260823_155349_messaging_001_f90a,Messaging
1787480640.207335,214,4,UDP,52783,443,,forward,20260823_155349_messaging_001_f90a,Messaging
1787480640.255127,88,4,UDP,443,52783,,forward,20260823_155349_messaging_001_f90a,Messaging
1787480640.255127,88,4,UDP,443,52783,,forward,20260823_155349_messaging_001_f90a,Messaging
1787480640.255127,173,4,UDP,443,52783,,forward,20260823_155349_messaging_001_f90a,Messaging
1787480640.255127,1363,4,UDP,443,52783,,forward,20260823_155349_messaging_001_f90a,Messaging
1787480640.255127,1363,4,UDP,443,52783,,forward,20260823_155349_messaging_001_f90a,Messaging
1787480640.255127,416,4,UDP,443,52783,,forward,20260823_155349_messaging_001_f90a,Messaging
1787480640.255127,1163,4,UDP,443,52783,,forward,20260823_155349_messaging_001_f90a,Messaging
1787480640.25547,88,4,UDP,52783,443,,forward,20260823_155349_messaging_001_f90a,Messaging
1787480640.26841,295,4,UDP,52783,443,,forward,20260823_155349_messaging_001_f90a,Messaging
1787480640.268776,1359,4,UDP,52783,443,,forward,20260823_155349_messaging_001_f90a,Messaging
1787480640.268846,1363,4,UDP,52783,443,,forward,20260823_155349_messaging_001_f90a,Messaging
1787480640.268885,217,4,UDP,52783,443,,forward,20260823_155349_messaging_001_f90a,Messaging
1787480640.270701,157,4,UDP,443,52783,,forward,20260823_155349_messaging_001_f90a,Messaging
1787480640.270937,88,4,UDP,52783,443,,forward,20260823_155349_messaging_001_f90a,Messaging
1787480640.315796,88,4,UDP,443,52783,,forward,20260823_155349_messaging_001_f90a,Messaging
1787480640.315796,253,4,UDP,443,52783,,forward,20260823_155349_messaging_001_f90a,Messaging
1787480640.315796,162,4,UDP,443,52783,,forward,20260823_155349_messaging_001_f90a,Messaging
1787480640.316092,88,4,UDP,52783,443,,forward,20260823_155349_messaging_001_f90a,Messaging
1787480640.316666,164,4,UDP,52783,443,,forward,20260823_155349_messaging_001_f90a,Messaging
1787480640.361929,88,4,UDP,443,52783,,forward,20260823_155349_messaging_001_f90a,Messaging
1787480640.456737,574,4,UDP,443,52783,,forward,20260823_155349_messaging_001_f90a,Messaging
1787480640.456737,1359,4,UDP,443,52783,,forward,20260823_155349_messaging_001_f90a,Messaging
1787480640.456737,506,4,UDP,443,52783,,forward,20260823_155349_messaging_001_f90a,Messaging
1787480640.456737,364,4,UDP,443,52783,,forward,20260823_155349_messaging_001_f90a,Messaging
1787480640.456979,88,4,UDP,52783,443,,forward,20260823_155349_messaging_001_f90a,Messaging
1787480640.457468,168,4,UDP,52783,443,,forward,20260823_155349_messaging_001_f90a,Messaging
1787480640.487573,165,4,UDP,52783,443,,forward,20260823_155349_messaging_001_f90a,Messaging
1787480640.501303,88,4,UDP,443,52783,,forward,20260823_155349_messaging_001_f90a,Messaging
1787480640.503392,125,4,UDP,52783,443,,forward,20260823_155349_messaging_001_f90a,Messaging
1787480640.518474,157,4,UDP,443,52783,,forward,20260823_155349_messaging_001_f90a,Messaging
1787480640.518474,88,4,UDP,443,52783,,forward,20260823_155349_messaging_001_f90a,Messaging
1787480640.518733,88,4,UDP,52783,443,,forward,20260823_155349_messaging_001_f90a,Messaging
1787480640.533467,88,4,UDP,443,52783,,forward,20260823_155349_messaging_001_f90a,Messaging
1787480640.719653,145,4,UDP,443,52783,,forward,20260823_155349_messaging_001_f90a,Messaging
1787480640.719948,88,4,UDP,52783,443,,forward,20260823_155349_messaging_001_f90a,Messaging
1787480640.720136,145,4,UDP,52783,443,,forward,20260823_155349_messaging_001_f90a,Messaging
1787480640.752306,88,4,UDP,443,52783,,forward,20260823_155349_messaging_001_f90a,Messaging
1787480641.241345,145,4,UDP,443,52783,,forward,20260823_155349_messaging_001_f90a,Messaging
1787480641.241345,145,4,UDP,443,52783,,forward,20260823_155349_messaging_001_f90a,Messaging
1787480641.241345,145,4,UDP,443,52783,,forward,20260823_155349_messaging_001_f90a,Messaging
1787480641.2417,88,4,UDP,52783,443,,forward,20260823_155349_messaging_001_f90a,Messaging
1787480641.242056,275,4,UDP,52783,443,,forward,20260823_155349_messaging_001_f90a,Messaging
1787480641.287459,88,4,UDP,443,52783,,forward,20260823_155349_messaging_001_f90a,Messaging
1787480641.743263,145,4,UDP,443,52783,,forward,20260823_155349_messaging_001_f90a,Messaging
1787480641.743451,88,4,UDP,52783,443,,forward,20260823_155349_messaging_001_f90a,Messaging
1787480641.743678,145,4,UDP,52783,443,,forward,20260823_155349_messaging_001_f90a,Messaging
1787480641.775332,88,4,UDP,443,52783,,forward,20260823_155349_messaging_001_f90a,Messaging
1787480641.900355,169,4,UDP,443,52783,,forward,20260823_155349_messaging_001_f90a,Messaging
1787480641.900569,88,4,UDP,52783,443,,forward,20260823_155349_messaging_001_f90a,Messaging
1787480641.900986,173,4,UDP,52783,443,,forward,20260823_155349_messaging_001_f90a,Messaging
1787480641.946917,88,4,UDP,443,52783,,forward,20260823_155349_messaging_001_f90a,Messaging
1787480641.946917,145,4,UDP,443,52783,,forward,20260823_155349_messaging_001_f90a,Messaging
1787480641.947717,88,4,UDP,52783,443,,forward,20260823_155349_messaging_001_f90a,Messaging
1787480643.218787,146,4,UDP,52783,443,,forward,20260823_155349_messaging_001_f90a,Messaging
1787480643.260744,88,4,UDP,443,52783,,forward,20260823_155349_messaging_001_f90a,Messaging
1787480643.260744,157,4,UDP,443,52783,,forward,20260823_155349_messaging_001_f90a,Messaging
1787480643.261051,88,4,UDP,52783,443,,forward,20260823_155349_messaging_001_f90a,Messaging
1787480643.341674,574,4,UDP,443,52783,,forward,20260823_155349_messaging_001_f90a,Messaging
1787480643.34193,88,4,UDP,52783,443,,forward,20260823_155349_messaging_001_f90a,Messaging
1787480643.387571,125,4,UDP,52783,443,,forward,20260823_155349_messaging_001_f90a,Messaging
1787480643.419042,88,4,UDP,443,52783,,forward,20260823_155349_messaging_001_f90a,Messaging
1787480643.419603,146,4,UDP,52783,443,,forward,20260823_155349_messaging_001_f90a,Messaging
1787480643.450646,88,4,UDP,443,52783,,forward,20260823_155349_messaging_001_f90a,Messaging
1787480643.450646,157,4,UDP,443,52783,,forward,20260823_155349_messaging_001_f90a,Messaging
1787480643.45093,88,4,UDP,52783,443,,forward,20260823_155349_messaging_001_f90a,Messaging
1787480643.457662,1359,4,UDP,52783,443,,forward,20260823_155349_messaging_001_f90a,Messaging
1787480643.45778,1363,4,UDP,52783,443,,forward,20260823_155349_messaging_001_f90a,Messaging
1787480643.45782,272,4,UDP,52783,443,,forward,20260823_155349_messaging_001_f90a,Messaging
1787480643.496797,88,4,UDP,443,52783,,forward,20260823_155349_messaging_001_f90a,Messaging
1787480643.496797,257,4,UDP,443,52783,,forward,20260823_155349_messaging_001_f90a,Messaging
1787480643.496797,1359,4,UDP,443,52783,,forward,20260823_155349_messaging_001_f90a,Messaging
1787480643.496797,1363,4,UDP,443,52783,,forward,20260823_155349_messaging_001_f90a,Messaging
1787480643.496797,1363,4,UDP,443,52783,,forward,20260823_155349_messaging_001_f90a,Messaging
1787480643.496797,1363,4,UDP,443,52783,,forward,20260823_155349_messaging_001_f90a,Messaging
1787480643.496797,1363,4,UDP,443,52783,,forward,20260823_155349_messaging_001_f90a,Messaging
1787480643.496797,1363,4,UDP,443,52783,,forward,20260823_155349_messaging_001_f90a,Messaging
1787480643.496797,1363,4,UDP,443,52783,,forward,20260823_155349_messaging_001_f90a,Messaging
1787480643.496797,1363,4,UDP,443,52783,,forward,20260823_155349_messaging_001_f90a,Messaging
1787480643.496797,1363,4,UDP,443,52783,,forward,20260823_155349_messaging_001_f90a,Messaging
1787480643.496797,1363,4,UDP,443,52783,,forward,20260823_155349_messaging_001_f90a,Messaging
1787480643.496797,1363,4,UDP,443,52783,,forward,20260823_155349_messaging_001_f90a,Messaging
1787480643.496797,1363,4,UDP,443,52783,,forward,20260823_155349_messaging_001_f90a,Messaging
1787480643.496797,1363,4,UDP,443,52783,,forward,20260823_155349_messaging_001_f90a,Messaging
1787480643.496797,1363,4,UDP,443,52783,,forward,20260823_155349_messaging_001_f90a,Messaging
1787480643.496797,1363,4,UDP,443,52783,,forward,20260823_155349_messaging_001_f90a,Messaging
1787480643.496797,1363,4,UDP,443,52783,,forward,20260823_155349_messaging_001_f90a,Messaging
1787480643.496797,1363,4,UDP,443,52783,,forward,20260823_155349_messaging_001_f90a,Messaging
1787480643.496797,1363,4,UDP,443,52783,,forward,20260823_155349_messaging_001_f90a,Messaging
1787480643.496797,1363,4,UDP,443,52783,,forward,20260823_155349_messaging_001_f90a,Messaging
1787480643.496797,1363,4,UDP,443,52783,,forward,20260823_155349_messaging_001_f90a,Messaging
1787480643.497217,88,4,UDP,52783,443,,forward,20260823_155349_messaging_001_f90a,Messaging
1787480643.497943,169,4,UDP,52783,443,,forward,20260823_155349_messaging_001_f90a,Messaging
1787480643.498098,165,4,UDP,52783,443,,forward,20260823_155349_messaging_001_f90a,Messaging
1787480643.508307,1363,4,UDP,443,52783,,forward,20260823_155349_messaging_001_f90a,Messaging
1787480643.508307,1363,4,UDP,443,52783,,forward,20260823_155349_messaging_001_f90a,Messaging
1787480643.508307,1363,4,UDP,443,52783,,forward,20260823_155349_messaging_001_f90a,Messaging
1787480643.508307,1363,4,UDP,443,52783,,forward,20260823_155349_messaging_001_f90a,Messaging
1787480643.508307,1363,4,UDP,443,52783,,forward,20260823_155349_messaging_001_f90a,Messaging
1787480643.508307,1363,4,UDP,443,52783,,forward,20260823_155349_messaging_001_f90a,Messaging
1787480643.508307,1363,4,UDP,443,52783,,forward,20260823_155349_messaging_001_f90a,Messaging
1787480643.508307,1363,4,UDP,443,52783,,forward,20260823_155349_messaging_001_f90a,Messaging
1787480643.508307,1363,4,UDP,443,52783,,forward,20260823_155349_messaging_001_f90a,Messaging
1787480643.508307,1363,4,UDP,443,52783,,forward,20260823_155349_messaging_001_f90a,Messaging
1787480643.508307,1363,4,UDP,443,52783,,forward,20260823_155349_messaging_001_f90a,Messaging
1787480643.508307,1363,4,UDP,443,52783,,forward,20260823_155349_messaging_001_f90a,Messaging
1787480643.508307,1363,4,UDP,443,52783,,forward,20260823_155349_messaging_001_f90a,Messaging
1787480643.508307,1363,4,UDP,443,52783,,forward,20260823_155349_messaging_001_f90a,Messaging
1787480643.508307,1363,4,UDP,443,52783,,forward,20260823_155349_messaging_001_f90a,Messaging
1787480643.508307,1363,4,UDP,443,52783,,forward,20260823_155349_messaging_001_f90a,Messaging
1787480643.508307,1363,4,UDP,443,52783,,forward,20260823_155349_messaging_001_f90a,Messaging
1787480643.508307,1363,4,UDP,443,52783,,forward,20260823_155349_messaging_001_f90a,Messaging
1787480643.508307,1363,4,UDP,443,52783,,forward,20260823_155349_messaging_001_f90a,Messaging
1787480643.508307,1363,4,UDP,443,52783,,forward,20260823_155349_messaging_001_f90a,Messaging
1787480643.508307,1363,4,UDP,443,52783,,forward,20260823_155349_messaging_001_f90a,Messaging
1787480643.508307,1363,4,UDP,443,52783,,forward,20260823_155349_messaging_001_f90a,Messaging
1787480643.508307,1363,4,UDP,443,52783,,forward,20260823_155349_messaging_001_f90a,Messaging
1787480643.508307,1363,4,UDP,443,52783,,forward,20260823_155349_messaging_001_f90a,Messaging
1787480643.508307,1363,4,UDP,443,52783,,forward,20260823_155349_messaging_001_f90a,Messaging
1787480643.508307,1363,4,UDP,443,52783,,forward,20260823_155349_messaging_001_f90a,Messaging
1787480643.508307,1363,4,UDP,443,52783,,forward,20260823_155349_messaging_001_f90a,Messaging
1787480643.508307,1363,4,UDP,443,52783,,forward,20260823_155349_messaging_001_f90a,Messaging
1787480643.508307,1363,4,UDP,443,52783,,forward,20260823_155349_messaging_001_f90a,Messaging
1787480643.508307,1363,4,UDP,443,52783,,forward,20260823_155349_messaging_001_f90a,Messaging
1787480643.508307,1363,4,UDP,443,52783,,forward,20260823_155349_messaging_001_f90a,Messaging
1787480643.508307,1363,4,UDP,443,52783,,forward,20260823_155349_messaging_001_f90a,Messaging
1787480643.508307,1363,4,UDP,443,52783,,forward,20260823_155349_messaging_001_f90a,Messaging
1787480643.508307,1363,4,UDP,443,52783,,forward,20260823_155349_messaging_001_f90a,Messaging
1787480643.508307,1363,4,UDP,443,52783,,forward,20260823_155349_messaging_001_f90a,Messaging
1787480643.508307,1363,4,UDP,443,52783,,forward,20260823_155349_messaging_001_f90a,Messaging
1787480643.508307,1363,4,UDP,443,52783,,forward,20260823_155349_messaging_001_f90a,Messaging
1787480643.508307,1363,4,UDP,443,52783,,forward,20260823_155349_messaging_001_f90a,Messaging
1787480643.508307,1363,4,UDP,443,52783,,forward,20260823_155349_messaging_001_f90a,Messaging
1787480643.508307,1363,4,UDP,443,52783,,forward,20260823_155349_messaging_001_f90a,Messaging
1787480643.508307,1363,4,UDP,443,52783,,forward,20260823_155349_messaging_001_f90a,Messaging
1787480643.508307,1363,4,UDP,443,52783,,forward,20260823_155349_messaging_001_f90a,Messaging
1787480643.508307,1363,4,UDP,443,52783,,forward,20260823_155349_messaging_001_f90a,Messaging
1787480643.508307,1363,4,UDP,443,52783,,forward,20260823_155349_messaging_001_f90a,Messaging
1787480643.508858,89,4,UDP,52783,443,,forward,20260823_155349_messaging_001_f90a,Messaging
1787480643.509265,250,4,UDP,52783,443,,forward,20260823_155349_messaging_001_f90a,Messaging
1787480643.509336,165,4,UDP,52783,443,,forward,20260823_155349_messaging_001_f90a,Messaging
1787480643.509421,165,4,UDP,52783,443,,forward,20260823_155349_messaging_001_f90a,Messaging
1787480643.509644,165,4,UDP,52783,443,,forward,20260823_155349_messaging_001_f90a,Messaging
1787480643.512341,1363,4,UDP,443,52783,,forward,20260823_155349_messaging_001_f90a,Messaging
1787480643.512341,1363,4,UDP,443,52783,,forward,20260823_155349_messaging_001_f90a,Messaging
1787480643.512341,1363,4,UDP,443,52783,,forward,20260823_155349_messaging_001_f90a,Messaging
1787480643.512341,1363,4,UDP,443,52783,,forward,20260823_155349_messaging_001_f90a,Messaging
1787480643.512341,1363,4,UDP,443,52783,,forward,20260823_155349_messaging_001_f90a,Messaging
1787480643.512341,1363,4,UDP,443,52783,,forward,20260823_155349_messaging_001_f90a,Messaging
1787480643.512341,1363,4,UDP,443,52783,,forward,20260823_155349_messaging_001_f90a,Messaging
1787480643.512341,1363,4,UDP,443,52783,,forward,20260823_155349_messaging_001_f90a,Messaging
1787480643.512341,1363,4,UDP,443,52783,,forward,20260823_155349_messaging_001_f90a,Messaging
1787480643.512341,1363,4,UDP,443,52783,,forward,20260823_155349_messaging_001_f90a,Messaging
1787480643.512341,1363,4,UDP,443,52783,,forward,20260823_155349_messaging_001_f90a,Messaging
1787480643.512341,1363,4,UDP,443,52783,,forward,20260823_155349_messaging_001_f90a,Messaging
1787480643.512341,1363,4,UDP,443,52783,,forward,20260823_155349_messaging_001_f90a,Messaging
1787480643.512341,1363,4,UDP,443,52783,,forward,20260823_155349_messaging_001_f90a,Messaging
1787480643.512341,1363,4,UDP,443,52783,,forward,20260823_155349_messaging_001_f90a,Messaging
1787480643.512341,1363,4,UDP,443,52783,,forward,20260823_155349_messaging_001_f90a,Messaging
1787480643.512341,1363,4,UDP,443,52783,,forward,20260823_155349_messaging_001_f90a,Messaging
1787480643.512341,1363,4,UDP,443,52783,,forward,20260823_155349_messaging_001_f90a,Messaging
1787480643.512341,1363,4,UDP,443,52783,,forward,20260823_155349_messaging_001_f90a,Messaging
1787480643.512341,1363,4,UDP,443,52783,,forward,20260823_155349_messaging_001_f90a,Messaging
1787480643.512791,89,4,UDP,52783,443,,forward,20260823_155349_messaging_001_f90a,Messaging
1787480643.513205,166,4,UDP,52783,443,,forward,20260823_155349_messaging_001_f90a,Messaging
1787480643.513334,166,4,UDP,52783,443,,forward,20260823_155349_messaging_001_f90a,Messaging
1787480643.527464,1363,4,UDP,443,52783,,forward,20260823_155349_messaging_001_f90a,Messaging
1787480643.527464,1363,4,UDP,443,52783,,forward,20260823_155349_messaging_001_f90a,Messaging
1787480643.527464,1363,4,UDP,443,52783,,forward,20260823_155349_messaging_001_f90a,Messaging
1787480643.527464,1363,4,UDP,443,52783,,forward,20260823_155349_messaging_001_f90a,Messaging
1787480643.527464,1363,4,UDP,443,52783,,forward,20260823_155349_messaging_001_f90a,Messaging
1787480643.527464,1363,4,UDP,443,52783,,forward,20260823_155349_messaging_001_f90a,Messaging
1787480643.527464,1363,4,UDP,443,52783,,forward,20260823_155349_messaging_001_f90a,Messaging
1787480643.527464,1363,4,UDP,443,52783,,forward,20260823_155349_messaging_001_f90a,Messaging
1787480643.527464,1363,4,UDP,443,52783,,forward,20260823_155349_messaging_001_f90a,Messaging
1787480643.527464,1363,4,UDP,443,52783,,forward,20260823_155349_messaging_001_f90a,Messaging
1787480643.527464,1363,4,UDP,443,52783,,forward,20260823_155349_messaging_001_f90a,Messaging
1787480643.527464,1363,4,UDP,443,52783,,forward,20260823_155349_messaging_001_f90a,Messaging
1787480643.527464,1363,4,UDP,443,52783,,forward,20260823_155349_messaging_001_f90a,Messaging
1787480643.527464,1363,4,UDP,443,52783,,forward,20260823_155349_messaging_001_f90a,Messaging
1787480643.527464,1363,4,UDP,443,52783,,forward,20260823_155349_messaging_001_f90a,Messaging
1787480643.527464,1363,4,UDP,443,52783,,forward,20260823_155349_messaging_001_f90a,Messaging
1787480643.527464,1363,4,UDP,443,52783,,forward,20260823_155349_messaging_001_f90a,Messaging
1787480643.527464,1363,4,UDP,443,52783,,forward,20260823_155349_messaging_001_f90a,Messaging
1787480643.527464,1363,4,UDP,443,52783,,forward,20260823_155349_messaging_001_f90a,Messaging
1787480643.527464,1363,4,UDP,443,52783,,forward,20260823_155349_messaging_001_f90a,Messaging
1787480643.527464,1363,4,UDP,443,52783,,forward,20260823_155349_messaging_001_f90a,Messaging
1787480643.527464,1363,4,UDP,443,52783,,forward,20260823_155349_messaging_001_f90a,Messaging
1787480643.527464,1363,4,UDP,443,52783,,forward,20260823_155349_messaging_001_f90a,Messaging
1787480643.527464,1363,4,UDP,443,52783,,forward,20260823_155349_messaging_001_f90a,Messaging
1787480643.527464,1363,4,UDP,443,52783,,forward,20260823_155349_messaging_001_f90a,Messaging
1787480643.527464,1363,4,UDP,443,52783,,forward,20260823_155349_messaging_001_f90a,Messaging
1787480643.527464,1363,4,UDP,443,52783,,forward,20260823_155349_messaging_001_f90a,Messaging
1787480643.527464,1363,4,UDP,443,52783,,forward,20260823_155349_messaging_001_f90a,Messaging
1787480643.527464,1363,4,UDP,443,52783,,forward,20260823_155349_messaging_001_f90a,Messaging
1787480643.527464,1363,4,UDP,443,52783,,forward,20260823_155349_messaging_001_f90a,Messaging
1787480643.527464,1363,4,UDP,443,52783,,forward,20260823_155349_messaging_001_f90a,Messaging
1787480643.527464,1363,4,UDP,443,52783,,forward,20260823_155349_messaging_001_f90a,Messaging
1787480643.527464,1363,4,UDP,443,52783,,forward,20260823_155349_messaging_001_f90a,Messaging
1787480643.527464,1363,4,UDP,443,52783,,forward,20260823_155349_messaging_001_f90a,Messaging
1787480643.527464,1363,4,UDP,443,52783,,forward,20260823_155349_messaging_001_f90a,Messaging
1787480643.527464,1363,4,UDP,443,52783,,forward,20260823_155349_messaging_001_f90a,Messaging
1787480643.527464,1363,4,UDP,443,52783,,forward,20260823_155349_messaging_001_f90a,Messaging
1787480643.527464,1363,4,UDP,443,52783,,forward,20260823_155349_messaging_001_f90a,Messaging
1787480643.527464,1363,4,UDP,443,52783,,forward,20260823_155349_messaging_001_f90a,Messaging
1787480643.527464,1363,4,UDP,443,52783,,forward,20260823_155349_messaging_001_f90a,Messaging
1787480643.527464,1364,4,UDP,443,52783,,forward,20260823_155349_messaging_001_f90a,Messaging
1787480643.527464,1364,4,UDP,443,52783,,forward,20260823_155349_messaging_001_f90a,Messaging
1787480643.527464,1364,4,UDP,443,52783,,forward,20260823_155349_messaging_001_f90a,Messaging
1787480643.527464,1364,4,UDP,443,52783,,forward,20260823_155349_messaging_001_f90a,Messaging
1787480643.527464,1364,4,UDP,443,52783,,forward,20260823_155349_messaging_001_f90a,Messaging
1787480643.527464,1364,4,UDP,443,52783,,forward,20260823_155349_messaging_001_f90a,Messaging
1787480643.527464,1364,4,UDP,443,52783,,forward,20260823_155349_messaging_001_f90a,Messaging
1787480643.527464,1364,4,UDP,443,52783,,forward,20260823_155349_messaging_001_f90a,Messaging
1787480643.527464,1364,4,UDP,443,52783,,forward,20260823_155349_messaging_001_f90a,Messaging
1787480643.527464,1364,4,UDP,443,52783,,forward,20260823_155349_messaging_001_f90a,Messaging
1787480643.527464,1364,4,UDP,443,52783,,forward,20260823_155349_messaging_001_f90a,Messaging
1787480643.527464,1364,4,UDP,443,52783,,forward,20260823_155349_messaging_001_f90a,Messaging
1787480643.527666,167,4,UDP,52783,443,,forward,20260823_155349_messaging_001_f90a,Messaging
1787480643.528249,89,4,UDP,52783,443,,forward,20260823_155349_messaging_001_f90a,Messaging
1787480643.528498,89,4,UDP,52783,443,,forward,20260823_155349_messaging_001_f90a,Messaging
1787480643.52857,166,4,UDP,52783,443,,forward,20260823_155349_messaging_001_f90a,Messaging
1787480643.528662,252,4,UDP,52783,443,,forward,20260823_155349_messaging_001_f90a,Messaging
1787480643.52912,166,4,UDP,52783,443,,forward,20260823_155349_messaging_001_f90a,Messaging
1787480643.52924,166,4,UDP,52783,443,,forward,20260823_155349_messaging_001_f90a,Messaging
1787480643.543438,167,4,UDP,52783,443,,forward,20260823_155349_messaging_001_f90a,Messaging
1787480643.543636,1364,4,UDP,443,52783,,forward,20260823_155349_messaging_001_f90a,Messaging
1787480643.543636,1364,4,UDP,443,52783,,forward,20260823_155349_messaging_001_f90a,Messaging
1787480643.543636,1364,4,UDP,443,52783,,forward,20260823_155349_messaging_001_f90a,Messaging
1787480643.543636,1364,4,UDP,443,52783,,forward,20260823_155349_messaging_001_f90a,Messaging
1787480643.543636,1364,4,UDP,443,52783,,forward,20260823_155349_messaging_001_f90a,Messaging
1787480643.543636,1364,4,UDP,443,52783,,forward,20260823_155349_messaging_001_f90a,Messaging
1787480643.543636,1364,4,UDP,443,52783,,forward,20260823_155349_messaging_001_f90a,Messaging
1787480643.543636,1364,4,UDP,443,52783,,forward,20260823_155349_messaging_001_f90a,Messaging
1787480643.543636,1364,4,UDP,443,52783,,forward,20260823_155349_messaging_001_f90a,Messaging
1787480643.543636,1364,4,UDP,443,52783,,forward,20260823_155349_messaging_001_f90a,Messaging
1787480643.543636,1364,4,UDP,443,52783,,forward,20260823_155349_messaging_001_f90a,Messaging
1787480643.543636,1364,4,UDP,443,52783,,forward,20260823_155349_messaging_001_f90a,Messaging
1787480643.543636,89,4,UDP,443,52783,,forward,20260823_155349_messaging_001_f90a,Messaging
1787480643.543636,1364,4,UDP,443,52783,,forward,20260823_155349_messaging_001_f90a,Messaging
1787480643.543636,1364,4,UDP,443,52783,,forward,20260823_155349_messaging_001_f90a,Messaging
1787480643.543636,1364,4,UDP,443,52783,,forward,20260823_155349_messaging_001_f90a,Messaging
1787480643.543636,1364,4,UDP,443,52783,,forward,20260823_155349_messaging_001_f90a,Messaging
1787480643.543636,1364,4,UDP,443,52783,,forward,20260823_155349_messaging_001_f90a,Messaging
1787480643.543636,1364,4,UDP,443,52783,,forward,20260823_155349_messaging_001_f90a,Messaging
1787480643.543636,1364,4,UDP,443,52783,,forward,20260823_155349_messaging_001_f90a,Messaging
1787480643.543636,1364,4,UDP,443,52783,,forward,20260823_155349_messaging_001_f90a,Messaging
1787480643.543636,1364,4,UDP,443,52783,,forward,20260823_155349_messaging_001_f90a,Messaging
1787480643.543636,1364,4,UDP,443,52783,,forward,20260823_155349_messaging_001_f90a,Messaging
1787480643.543636,1364,4,UDP,443,52783,,forward,20260823_155349_messaging_001_f90a,Messaging
1787480643.543636,1364,4,UDP,443,52783,,forward,20260823_155349_messaging_001_f90a,Messaging
1787480643.543636,1364,4,UDP,443,52783,,forward,20260823_155349_messaging_001_f90a,Messaging
1787480643.543636,1364,4,UDP,443,52783,,forward,20260823_155349_messaging_001_f90a,Messaging
1787480643.543636,1364,4,UDP,443,52783,,forward,20260823_155349_messaging_001_f90a,Messaging
1787480643.543636,1364,4,UDP,443,52783,,forward,20260823_155349_messaging_001_f90a,Messaging
1787480643.543636,1364,4,UDP,443,52783,,forward,20260823_155349_messaging_001_f90a,Messaging
1787480643.543636,1364,4,UDP,443,52783,,forward,20260823_155349_messaging_001_f90a,Messaging
1787480643.543636,1364,4,UDP,443,52783,,forward,20260823_155349_messaging_001_f90a,Messaging
1787480643.543636,1364,4,UDP,443,52783,,forward,20260823_155349_messaging_001_f90a,Messaging
1787480643.543636,1364,4,UDP,443,52783,,forward,20260823_155349_messaging_001_f90a,Messaging
1787480643.543636,1364,4,UDP,443,52783,,forward,20260823_155349_messaging_001_f90a,Messaging
1787480643.543636,1364,4,UDP,443,52783,,forward,20260823_155349_messaging_001_f90a,Messaging
1787480643.543636,1364,4,UDP,443,52783,,forward,20260823_155349_messaging_001_f90a,Messaging
1787480643.543636,1364,4,UDP,443,52783,,forward,20260823_155349_messaging_001_f90a,Messaging
1787480643.543636,1364,4,UDP,443,52783,,forward,20260823_155349_messaging_001_f90a,Messaging
1787480643.543636,1364,4,UDP,443,52783,,forward,20260823_155349_messaging_001_f90a,Messaging
1787480643.543636,1364,4,UDP,443,52783,,forward,20260823_155349_messaging_001_f90a,Messaging
1787480643.543636,1364,4,UDP,443,52783,,forward,20260823_155349_messaging_001_f90a,Messaging
1787480643.543636,1364,4,UDP,443,52783,,forward,20260823_155349_messaging_001_f90a,Messaging
1787480643.543636,1364,4,UDP,443,52783,,forward,20260823_155349_messaging_001_f90a,Messaging
1787480643.543636,1364,4,UDP,443,52783,,forward,20260823_155349_messaging_001_f90a,Messaging
1787480643.543636,1364,4,UDP,443,52783,,forward,20260823_155349_messaging_001_f90a,Messaging
1787480643.543636,1364,4,UDP,443,52783,,forward,20260823_155349_messaging_001_f90a,Messaging
1787480643.543636,1364,4,UDP,443,52783,,forward,20260823_155349_messaging_001_f90a,Messaging
1787480643.543636,1364,4,UDP,443,52783,,forward,20260823_155349_messaging_001_f90a,Messaging
1787480643.543636,1364,4,UDP,443,52783,,forward,20260823_155349_messaging_001_f90a,Messaging
1787480643.543636,1364,4,UDP,443,52783,,forward,20260823_155349_messaging_001_f90a,Messaging
1787480643.543636,1364,4,UDP,443,52783,,forward,20260823_155349_messaging_001_f90a,Messaging
1787480643.543636,1364,4,UDP,443,52783,,forward,20260823_155349_messaging_001_f90a,Messaging
1787480643.543636,1364,4,UDP,443,52783,,forward,20260823_155349_messaging_001_f90a,Messaging
1787480643.543636,1364,4,UDP,443,52783,,forward,20260823_155349_messaging_001_f90a,Messaging
1787480643.543636,1364,4,UDP,443,52783,,forward,20260823_155349_messaging_001_f90a,Messaging
1787480643.543636,1364,4,UDP,443,52783,,forward,20260823_155349_messaging_001_f90a,Messaging
1787480643.543636,1364,4,UDP,443,52783,,forward,20260823_155349_messaging_001_f90a,Messaging
1787480643.543636,1364,4,UDP,443,52783,,forward,20260823_155349_messaging_001_f90a,Messaging
1787480643.543636,1364,4,UDP,443,52783,,forward,20260823_155349_messaging_001_f90a,Messaging
1787480643.543636,1364,4,UDP,443,52783,,forward,20260823_155349_messaging_001_f90a,Messaging
1787480643.543636,89,4,UDP,443,52783,,forward,20260823_155349_messaging_001_f90a,Messaging
1787480643.543636,1364,4,UDP,443,52783,,forward,20260823_155349_messaging_001_f90a,Messaging
1787480643.543636,1364,4,UDP,443,52783,,forward,20260823_155349_messaging_001_f90a,Messaging
1787480643.543636,1364,4,UDP,443,52783,,forward,20260823_155349_messaging_001_f90a,Messaging
1787480643.543636,1364,4,UDP,443,52783,,forward,20260823_155349_messaging_001_f90a,Messaging
1787480643.543636,1364,4,UDP,443,52783,,forward,20260823_155349_messaging_001_f90a,Messaging
1787480643.543636,1364,4,UDP,443,52783,,forward,20260823_155349_messaging_001_f90a,Messaging
1787480643.543636,1364,4,UDP,443,52783,,forward,20260823_155349_messaging_001_f90a,Messaging
1787480643.543636,1364,4,UDP,443,52783,,forward,20260823_155349_messaging_001_f90a,Messaging
1787480643.543636,1364,4,UDP,443,52783,,forward,20260823_155349_messaging_001_f90a,Messaging
1787480643.543636,1364,4,UDP,443,52783,,forward,20260823_155349_messaging_001_f90a,Messaging
1787480643.543636,1364,4,UDP,443,52783,,forward,20260823_155349_messaging_001_f90a,Messaging
1787480643.543636,1364,4,UDP,443,52783,,forward,20260823_155349_messaging_001_f90a,Messaging
1787480643.544376,89,4,UDP,52783,443,,forward,20260823_155349_messaging_001_f90a,Messaging
1787480643.544549,89,4,UDP,52783,443,,forward,20260823_155349_messaging_001_f90a,Messaging
1787480643.545076,166,4,UDP,52783,443,,forward,20260823_155349_messaging_001_f90a,Messaging
1787480643.545231,166,4,UDP,52783,443,,forward,20260823_155349_messaging_001_f90a,Messaging
1787480643.545427,166,4,UDP,52783,443,,forward,20260823_155349_messaging_001_f90a,Messaging
1787480643.545764,166,4,UDP,52783,443,,forward,20260823_155349_messaging_001_f90a,Messaging
1787480643.545838,171,4,UDP,52783,443,,forward,20260823_155349_messaging_001_f90a,Messaging
1787480643.546024,166,4,UDP,52783,443,,forward,20260823_155349_messaging_001_f90a,Messaging
1787480643.546223,166,4,UDP,52783,443,,forward,20260823_155349_messaging_001_f90a,Messaging
1787480643.559067,167,4,UDP,52783,443,,forward,20260823_155349_messaging_001_f90a,Messaging
1787480643.559155,1364,4,UDP,443,52783,,forward,20260823_155349_messaging_001_f90a,Messaging
1787480643.559155,1364,4,UDP,443,52783,,forward,20260823_155349_messaging_001_f90a,Messaging
1787480643.559155,1364,4,UDP,443,52783,,forward,20260823_155349_messaging_001_f90a,Messaging
1787480643.559155,1364,4,UDP,443,52783,,forward,20260823_155349_messaging_001_f90a,Messaging
1787480643.559155,1364,4,UDP,443,52783,,forward,20260823_155349_messaging_001_f90a,Messaging
1787480643.559155,1364,4,UDP,443,52783,,forward,20260823_155349_messaging_001_f90a,Messaging
1787480643.559155,1364,4,UDP,443,52783,,forward,20260823_155349_messaging_001_f90a,Messaging
1787480643.559155,1364,4,UDP,443,52783,,forward,20260823_155349_messaging_001_f90a,Messaging
1787480643.559155,89,4,UDP,443,52783,,forward,20260823_155349_messaging_001_f90a,Messaging
1787480643.559155,1364,4,UDP,443,52783,,forward,20260823_155349_messaging_001_f90a,Messaging
1787480643.559155,1364,4,UDP,443,52783,,forward,20260823_155349_messaging_001_f90a,Messaging
1787480643.559155,1364,4,UDP,443,52783,,forward,20260823_155349_messaging_001_f90a,Messaging
1787480643.559155,1364,4,UDP,443,52783,,forward,20260823_155349_messaging_001_f90a,Messaging
1787480643.559155,1364,4,UDP,443,52783,,forward,20260823_155349_messaging_001_f90a,Messaging
1787480643.559155,1364,4,UDP,443,52783,,forward,20260823_155349_messaging_001_f90a,Messaging
1787480643.559155,1364,4,UDP,443,52783,,forward,20260823_155349_messaging_001_f90a,Messaging
1787480643.559155,1364,4,UDP,443,52783,,forward,20260823_155349_messaging_001_f90a,Messaging
1787480643.559155,1364,4,UDP,443,52783,,forward,20260823_155349_messaging_001_f90a,Messaging
1787480643.559155,1364,4,UDP,443,52783,,forward,20260823_155349_messaging_001_f90a,Messaging
1787480643.559155,1364,4,UDP,443,52783,,forward,20260823_155349_messaging_001_f90a,Messaging
1787480643.559155,1364,4,UDP,443,52783,,forward,20260823_155349_messaging_001_f90a,Messaging
1787480643.559155,1364,4,UDP,443,52783,,forward,20260823_155349_messaging_001_f90a,Messaging
1787480643.559155,1364,4,UDP,443,52783,,forward,20260823_155349_messaging_001_f90a,Messaging
1787480643.559155,1364,4,UDP,443,52783,,forward,20260823_155349_messaging_001_f90a,Messaging
1787480643.559155,1364,4,UDP,443,52783,,forward,20260823_155349_messaging_001_f90a,Messaging
1787480643.559155,1364,4,UDP,443,52783,,forward,20260823_155349_messaging_001_f90a,Messaging
1787480643.559155,1364,4,UDP,443,52783,,forward,20260823_155349_messaging_001_f90a,Messaging
1787480643.559155,1364,4,UDP,443,52783,,forward,20260823_155349_messaging_001_f90a,Messaging
1787480643.559155,1364,4,UDP,443,52783,,forward,20260823_155349_messaging_001_f90a,Messaging
1787480643.559155,1364,4,UDP,443,52783,,forward,20260823_155349_messaging_001_f90a,Messaging
1787480643.559155,1364,4,UDP,443,52783,,forward,20260823_155349_messaging_001_f90a,Messaging
1787480643.559155,1364,4,UDP,443,52783,,forward,20260823_155349_messaging_001_f90a,Messaging
1787480643.559155,1364,4,UDP,443,52783,,forward,20260823_155349_messaging_001_f90a,Messaging
1787480643.559155,1364,4,UDP,443,52783,,forward,20260823_155349_messaging_001_f90a,Messaging
1787480643.559155,1364,4,UDP,443,52783,,forward,20260823_155349_messaging_001_f90a,Messaging
1787480643.559155,1364,4,UDP,443,52783,,forward,20260823_155349_messaging_001_f90a,Messaging
1787480643.559155,1364,4,UDP,443,52783,,forward,20260823_155349_messaging_001_f90a,Messaging
1787480643.559155,1364,4,UDP,443,52783,,forward,20260823_155349_messaging_001_f90a,Messaging
1787480643.559155,1364,4,UDP,443,52783,,forward,20260823_155349_messaging_001_f90a,Messaging
1787480643.559155,1364,4,UDP,443,52783,,forward,20260823_155349_messaging_001_f90a,Messaging
1787480643.559155,1364,4,UDP,443,52783,,forward,20260823_155349_messaging_001_f90a,Messaging
1787480643.559155,1364,4,UDP,443,52783,,forward,20260823_155349_messaging_001_f90a,Messaging
1787480643.559155,1364,4,UDP,443,52783,,forward,20260823_155349_messaging_001_f90a,Messaging
1787480643.559155,1364,4,UDP,443,52783,,forward,20260823_155349_messaging_001_f90a,Messaging
1787480643.559155,1364,4,UDP,443,52783,,forward,20260823_155349_messaging_001_f90a,Messaging
1787480643.559155,1364,4,UDP,443,52783,,forward,20260823_155349_messaging_001_f90a,Messaging
1787480643.559155,1364,4,UDP,443,52783,,forward,20260823_155349_messaging_001_f90a,Messaging
1787480643.559155,1364,4,UDP,443,52783,,forward,20260823_155349_messaging_001_f90a,Messaging
1787480643.559155,1364,4,UDP,443,52783,,forward,20260823_155349_messaging_001_f90a,Messaging
1787480643.559155,1364,4,UDP,443,52783,,forward,20260823_155349_messaging_001_f90a,Messaging
1787480643.559155,1364,4,UDP,443,52783,,forward,20260823_155349_messaging_001_f90a,Messaging
1787480643.559155,1364,4,UDP,443,52783,,forward,20260823_155349_messaging_001_f90a,Messaging
1787480643.559155,1364,4,UDP,443,52783,,forward,20260823_155349_messaging_001_f90a,Messaging
1787480643.559155,1364,4,UDP,443,52783,,forward,20260823_155349_messaging_001_f90a,Messaging
1787480643.559155,1364,4,UDP,443,52783,,forward,20260823_155349_messaging_001_f90a,Messaging
1787480643.559155,1364,4,UDP,443,52783,,forward,20260823_155349_messaging_001_f90a,Messaging
1787480643.559155,1364,4,UDP,443,52783,,forward,20260823_155349_messaging_001_f90a,Messaging
1787480643.559155,1364,4,UDP,443,52783,,forward,20260823_155349_messaging_001_f90a,Messaging
1787480643.559155,1364,4,UDP,443,52783,,forward,20260823_155349_messaging_001_f90a,Messaging
1787480643.559155,1364,4,UDP,443,52783,,forward,20260823_155349_messaging_001_f90a,Messaging
1787480643.559155,1364,4,UDP,443,52783,,forward,20260823_155349_messaging_001_f90a,Messaging
1787480643.559867,89,4,UDP,52783,443,,forward,20260823_155349_messaging_001_f90a,Messaging
1787480643.560377,252,4,UDP,52783,443,,forward,20260823_155349_messaging_001_f90a,Messaging
1787480643.560535,166,4,UDP,52783,443,,forward,20260823_155349_messaging_001_f90a,Messaging
1787480643.560897,166,4,UDP,52783,443,,forward,20260823_155349_messaging_001_f90a,Messaging
1787480643.561006,252,4,UDP,52783,443,,forward,20260823_155349_messaging_001_f90a,Messaging
1787480643.574192,1364,4,UDP,443,52783,,forward,20260823_155349_messaging_001_f90a,Messaging
1787480643.574192,1364,4,UDP,443,52783,,forward,20260823_155349_messaging_001_f90a,Messaging
1787480643.574192,1364,4,UDP,443,52783,,forward,20260823_155349_messaging_001_f90a,Messaging
1787480643.574192,1364,4,UDP,443,52783,,forward,20260823_155349_messaging_001_f90a,Messaging
1787480643.574192,1364,4,UDP,443,52783,,forward,20260823_155349_messaging_001_f90a,Messaging
1787480643.574192,1364,4,UDP,443,52783,,forward,20260823_155349_messaging_001_f90a,Messaging
1787480643.574192,1364,4,UDP,443,52783,,forward,20260823_155349_messaging_001_f90a,Messaging
1787480643.574192,1364,4,UDP,443,52783,,forward,20260823_155349_messaging_001_f90a,Messaging
1787480643.574192,1364,4,UDP,443,52783,,forward,20260823_155349_messaging_001_f90a,Messaging
1787480643.574192,1364,4,UDP,443,52783,,forward,20260823_155349_messaging_001_f90a,Messaging
1787480643.574192,1364,4,UDP,443,52783,,forward,20260823_155349_messaging_001_f90a,Messaging
1787480643.574192,1364,4,UDP,443,52783,,forward,20260823_155349_messaging_001_f90a,Messaging
1787480643.574192,89,4,UDP,443,52783,,forward,20260823_155349_messaging_001_f90a,Messaging
1787480643.574192,1364,4,UDP,443,52783,,forward,20260823_155349_messaging_001_f90a,Messaging
1787480643.574192,1364,4,UDP,443,52783,,forward,20260823_155349_messaging_001_f90a,Messaging
1787480643.574192,1364,4,UDP,443,52783,,forward,20260823_155349_messaging_001_f90a,Messaging
1787480643.574192,1364,4,UDP,443,52783,,forward,20260823_155349_messaging_001_f90a,Messaging
1787480643.574192,1364,4,UDP,443,52783,,forward,20260823_155349_messaging_001_f90a,Messaging
1787480643.574192,1364,4,UDP,443,52783,,forward,20260823_155349_messaging_001_f90a,Messaging
1787480643.574192,1364,4,UDP,443,52783,,forward,20260823_155349_messaging_001_f90a,Messaging
1787480643.574192,1364,4,UDP,443,52783,,forward,20260823_155349_messaging_001_f90a,Messaging
1787480643.574192,1364,4,UDP,443,52783,,forward,20260823_155349_messaging_001_f90a,Messaging
1787480643.574192,1364,4,UDP,443,52783,,forward,20260823_155349_messaging_001_f90a,Messaging
1787480643.574192,1364,4,UDP,443,52783,,forward,20260823_155349_messaging_001_f90a,Messaging
1787480643.574192,1364,4,UDP,443,52783,,forward,20260823_155349_messaging_001_f90a,Messaging
1787480643.574192,1364,4,UDP,443,52783,,forward,20260823_155349_messaging_001_f90a,Messaging
1787480643.574192,1364,4,UDP,443,52783,,forward,20260823_155349_messaging_001_f90a,Messaging
1787480643.574192,1364,4,UDP,443,52783,,forward,20260823_155349_messaging_001_f90a,Messaging
1787480643.574192,1364,4,UDP,443,52783,,forward,20260823_155349_messaging_001_f90a,Messaging
1787480643.574192,1364,4,UDP,443,52783,,forward,20260823_155349_messaging_001_f90a,Messaging
1787480643.574192,1364,4,UDP,443,52783,,forward,20260823_155349_messaging_001_f90a,Messaging
1787480643.574192,1364,4,UDP,443,52783,,forward,20260823_155349_messaging_001_f90a,Messaging
1787480643.574192,1364,4,UDP,443,52783,,forward,20260823_155349_messaging_001_f90a,Messaging
1787480643.574192,1364,4,UDP,443,52783,,forward,20260823_155349_messaging_001_f90a,Messaging
1787480643.574192,1364,4,UDP,443,52783,,forward,20260823_155349_messaging_001_f90a,Messaging
1787480643.574192,1364,4,UDP,443,52783,,forward,20260823_155349_messaging_001_f90a,Messaging
1787480643.574192,1364,4,UDP,443,52783,,forward,20260823_155349_messaging_001_f90a,Messaging
1787480643.574192,1364,4,UDP,443,52783,,forward,20260823_155349_messaging_001_f90a,Messaging
1787480643.574192,1364,4,UDP,443,52783,,forward,20260823_155349_messaging_001_f90a,Messaging
1787480643.574192,1364,4,UDP,443,52783,,forward,20260823_155349_messaging_001_f90a,Messaging
1787480643.574192,1364,4,UDP,443,52783,,forward,20260823_155349_messaging_001_f90a,Messaging
1787480643.574192,1364,4,UDP,443,52783,,forward,20260823_155349_messaging_001_f90a,Messaging
1787480643.574192,1364,4,UDP,443,52783,,forward,20260823_155349_messaging_001_f90a,Messaging
1787480643.574192,1364,4,UDP,443,52783,,forward,20260823_155349_messaging_001_f90a,Messaging
1787480643.574192,1364,4,UDP,443,52783,,forward,20260823_155349_messaging_001_f90a,Messaging
1787480643.574192,1364,4,UDP,443,52783,,forward,20260823_155349_messaging_001_f90a,Messaging
1787480643.574192,1364,4,UDP,443,52783,,forward,20260823_155349_messaging_001_f90a,Messaging
1787480643.574192,1364,4,UDP,443,52783,,forward,20260823_155349_messaging_001_f90a,Messaging
1787480643.574192,1364,4,UDP,443,52783,,forward,20260823_155349_messaging_001_f90a,Messaging
1787480643.574192,1364,4,UDP,443,52783,,forward,20260823_155349_messaging_001_f90a,Messaging
1787480643.574192,1364,4,UDP,443,52783,,forward,20260823_155349_messaging_001_f90a,Messaging
1787480643.574192,1364,4,UDP,443,52783,,forward,20260823_155349_messaging_001_f90a,Messaging
1787480643.574192,1364,4,UDP,443,52783,,forward,20260823_155349_messaging_001_f90a,Messaging
1787480643.574192,1364,4,UDP,443,52783,,forward,20260823_155349_messaging_001_f90a,Messaging
1787480643.574192,1364,4,UDP,443,52783,,forward,20260823_155349_messaging_001_f90a,Messaging
1787480643.574192,1364,4,UDP,443,52783,,forward,20260823_155349_messaging_001_f90a,Messaging
1787480643.574192,1364,4,UDP,443,52783,,forward,20260823_155349_messaging_001_f90a,Messaging
1787480643.574192,1364,4,UDP,443,52783,,forward,20260823_155349_messaging_001_f90a,Messaging
1787480643.574192,1364,4,UDP,443,52783,,forward,20260823_155349_messaging_001_f90a,Messaging
1787480643.574192,1364,4,UDP,443,52783,,forward,20260823_155349_messaging_001_f90a,Messaging
1787480643.574192,1364,4,UDP,443,52783,,forward,20260823_155349_messaging_001_f90a,Messaging
1787480643.574192,1364,4,UDP,443,52783,,forward,20260823_155349_messaging_001_f90a,Messaging
1787480643.574192,1364,4,UDP,443,52783,,forward,20260823_155349_messaging_001_f90a,Messaging
1787480643.574192,1364,4,UDP,443,52783,,forward,20260823_155349_messaging_001_f90a,Messaging
1787480643.574192,1364,4,UDP,443,52783,,forward,20260823_155349_messaging_001_f90a,Messaging
1787480643.575121,89,4,UDP,52783,443,,forward,20260823_155349_messaging_001_f90a,Messaging
1787480643.575282,89,4,UDP,52783,443,,forward,20260823_155349_messaging_001_f90a,Messaging
1787480643.57561,166,4,UDP,52783,443,,forward,20260823_155349_messaging_001_f90a,Messaging
1787480643.575763,166,4,UDP,52783,443,,forward,20260823_155349_messaging_001_f90a,Messaging
1787480643.575872,166,4,UDP,52783,443,,forward,20260823_155349_messaging_001_f90a,Messaging
1787480643.576146,166,4,UDP,52783,443,,forward,20260823_155349_messaging_001_f90a,Messaging
1787480643.576265,166,4,UDP,52783,443,,forward,20260823_155349_messaging_001_f90a,Messaging
1787480643.57637,166,4,UDP,52783,443,,forward,20260823_155349_messaging_001_f90a,Messaging
1787480643.579863,1364,4,UDP,443,52783,,forward,20260823_155349_messaging_001_f90a,Messaging
1787480643.579863,1364,4,UDP,443,52783,,forward,20260823_155349_messaging_001_f90a,Messaging
1787480643.579863,1364,4,UDP,443,52783,,forward,20260823_155349_messaging_001_f90a,Messaging
1787480643.579863,1364,4,UDP,443,52783,,forward,20260823_155349_messaging_001_f90a,Messaging
1787480643.579863,1364,4,UDP,443,52783,,forward,20260823_155349_messaging_001_f90a,Messaging
1787480643.579863,1364,4,UDP,443,52783,,forward,20260823_155349_messaging_001_f90a,Messaging
1787480643.579863,1364,4,UDP,443,52783,,forward,20260823_155349_messaging_001_f90a,Messaging
1787480643.579863,1364,4,UDP,443,52783,,forward,20260823_155349_messaging_001_f90a,Messaging
1787480643.579863,89,4,UDP,443,52783,,forward,20260823_155349_messaging_001_f90a,Messaging
1787480643.579863,89,4,UDP,443,52783,,forward,20260823_155349_messaging_001_f90a,Messaging
1787480643.579863,1364,4,UDP,443,52783,,forward,20260823_155349_messaging_001_f90a,Messaging
1787480643.579863,1364,4,UDP,443,52783,,forward,20260823_155349_messaging_001_f90a,Messaging
1787480643.579863,1364,4,UDP,443,52783,,forward,20260823_155349_messaging_001_f90a,Messaging
1787480643.579863,1364,4,UDP,443,52783,,forward,20260823_155349_messaging_001_f90a,Messaging
1787480643.579863,1364,4,UDP,443,52783,,forward,20260823_155349_messaging_001_f90a,Messaging
1787480643.579863,1364,4,UDP,443,52783,,forward,20260823_155349_messaging_001_f90a,Messaging
1787480643.579863,1364,4,UDP,443,52783,,forward,20260823_155349_messaging_001_f90a,Messaging
1787480643.579863,1364,4,UDP,443,52783,,forward,20260823_155349_messaging_001_f90a,Messaging
1787480643.579863,1364,4,UDP,443,52783,,forward,20260823_155349_messaging_001_f90a,Messaging
1787480643.579863,1364,4,UDP,443,52783,,forward,20260823_155349_messaging_001_f90a,Messaging
1787480643.579863,1364,4,UDP,443,52783,,forward,20260823_155349_messaging_001_f90a,Messaging
1787480643.579863,1364,4,UDP,443,52783,,forward,20260823_155349_messaging_001_f90a,Messaging
1787480643.579863,1364,4,UDP,443,52783,,forward,20260823_155349_messaging_001_f90a,Messaging
1787480643.579863,1364,4,UDP,443,52783,,forward,20260823_155349_messaging_001_f90a,Messaging
1787480643.579863,1364,4,UDP,443,52783,,forward,20260823_155349_messaging_001_f90a,Messaging
1787480643.579863,1364,4,UDP,443,52783,,forward,20260823_155349_messaging_001_f90a,Messaging
1787480643.580236,89,4,UDP,52783,443,,forward,20260823_155349_messaging_001_f90a,Messaging
1787480643.580722,166,4,UDP,52783,443,,forward,20260823_155349_messaging_001_f90a,Messaging
1787480643.580798,166,4,UDP,52783,443,,forward,20260823_155349_messaging_001_f90a,Messaging
1787480643.589634,146,4,UDP,52783,443,,forward,20260823_155349_messaging_001_f90a,Messaging
1787480643.589745,1364,4,UDP,443,52783,,forward,20260823_155349_messaging_001_f90a,Messaging
1787480643.589745,1364,4,UDP,443,52783,,forward,20260823_155349_messaging_001_f90a,Messaging
1787480643.589745,1364,4,UDP,443,52783,,forward,20260823_155349_messaging_001_f90a,Messaging
1787480643.589745,1364,4,UDP,443,52783,,forward,20260823_155349_messaging_001_f90a,Messaging
1787480643.589745,1364,4,UDP,443,52783,,forward,20260823_155349_messaging_001_f90a,Messaging
1787480643.589745,1364,4,UDP,443,52783,,forward,20260823_155349_messaging_001_f90a,Messaging
1787480643.589745,1364,4,UDP,443,52783,,forward,20260823_155349_messaging_001_f90a,Messaging
1787480643.589745,1364,4,UDP,443,52783,,forward,20260823_155349_messaging_001_f90a,Messaging
1787480643.589745,1364,4,UDP,443,52783,,forward,20260823_155349_messaging_001_f90a,Messaging
1787480643.589745,1364,4,UDP,443,52783,,forward,20260823_155349_messaging_001_f90a,Messaging
1787480643.589745,1364,4,UDP,443,52783,,forward,20260823_155349_messaging_001_f90a,Messaging
1787480643.589745,1364,4,UDP,443,52783,,forward,20260823_155349_messaging_001_f90a,Messaging
1787480643.589745,1364,4,UDP,443,52783,,forward,20260823_155349_messaging_001_f90a,Messaging
1787480643.589745,1364,4,UDP,443,52783,,forward,20260823_155349_messaging_001_f90a,Messaging
1787480643.589745,1364,4,UDP,443,52783,,forward,20260823_155349_messaging_001_f90a,Messaging
1787480643.589745,1364,4,UDP,443,52783,,forward,20260823_155349_messaging_001_f90a,Messaging
1787480643.589745,1364,4,UDP,443,52783,,forward,20260823_155349_messaging_001_f90a,Messaging
1787480643.589745,1364,4,UDP,443,52783,,forward,20260823_155349_messaging_001_f90a,Messaging
1787480643.589745,1364,4,UDP,443,52783,,forward,20260823_155349_messaging_001_f90a,Messaging
1787480643.589745,1364,4,UDP,443,52783,,forward,20260823_155349_messaging_001_f90a,Messaging
1787480643.589745,1364,4,UDP,443,52783,,forward,20260823_155349_messaging_001_f90a,Messaging
1787480643.589745,1364,4,UDP,443,52783,,forward,20260823_155349_messaging_001_f90a,Messaging
1787480643.589745,1364,4,UDP,443,52783,,forward,20260823_155349_messaging_001_f90a,Messaging
1787480643.589745,1364,4,UDP,443,52783,,forward,20260823_155349_messaging_001_f90a,Messaging
1787480643.589745,1364,4,UDP,443,52783,,forward,20260823_155349_messaging_001_f90a,Messaging
1787480643.589745,1364,4,UDP,443,52783,,forward,20260823_155349_messaging_001_f90a,Messaging
1787480643.589745,1364,4,UDP,443,52783,,forward,20260823_155349_messaging_001_f90a,Messaging
1787480643.589745,1364,4,UDP,443,52783,,forward,20260823_155349_messaging_001_f90a,Messaging
1787480643.589745,1364,4,UDP,443,52783,,forward,20260823_155349_messaging_001_f90a,Messaging
1787480643.589745,1364,4,UDP,443,52783,,forward,20260823_155349_messaging_001_f90a,Messaging
1787480643.589745,1364,4,UDP,443,52783,,forward,20260823_155349_messaging_001_f90a,Messaging
1787480643.589745,1364,4,UDP,443,52783,,forward,20260823_155349_messaging_001_f90a,Messaging
1787480643.589745,1364,4,UDP,443,52783,,forward,20260823_155349_messaging_001_f90a,Messaging
1787480643.589745,1364,4,UDP,443,52783,,forward,20260823_155349_messaging_001_f90a,Messaging
1787480643.589745,1364,4,UDP,443,52783,,forward,20260823_155349_messaging_001_f90a,Messaging
1787480643.589745,1364,4,UDP,443,52783,,forward,20260823_155349_messaging_001_f90a,Messaging
1787480643.589745,1364,4,UDP,443,52783,,forward,20260823_155349_messaging_001_f90a,Messaging
1787480643.589745,1364,4,UDP,443,52783,,forward,20260823_155349_messaging_001_f90a,Messaging
1787480643.589745,1364,4,UDP,443,52783,,forward,20260823_155349_messaging_001_f90a,Messaging
1787480643.589745,1364,4,UDP,443,52783,,forward,20260823_155349_messaging_001_f90a,Messaging
1787480643.590269,89,4,UDP,52783,443,,forward,20260823_155349_messaging_001_f90a,Messaging
1787480643.590668,166,4,UDP,52783,443,,forward,20260823_155349_messaging_001_f90a,Messaging
1787480643.590791,166,4,UDP,52783,443,,forward,20260823_155349_messaging_001_f90a,Messaging
1787480643.590893,171,4,UDP,52783,443,,forward,20260823_155349_messaging_001_f90a,Messaging
1787480643.590988,166,4,UDP,52783,443,,forward,20260823_155349_messaging_001_f90a,Messaging
1787480643.605124,167,4,UDP,52783,443,,forward,20260823_155349_messaging_001_f90a,Messaging
1787480643.605214,1364,4,UDP,443,52783,,forward,20260823_155349_messaging_001_f90a,Messaging
1787480643.605214,1364,4,UDP,443,52783,,forward,20260823_155349_messaging_001_f90a,Messaging
1787480643.605214,1364,4,UDP,443,52783,,forward,20260823_155349_messaging_001_f90a,Messaging
1787480643.605214,1364,4,UDP,443,52783,,forward,20260823_155349_messaging_001_f90a,Messaging
1787480643.605214,1364,4,UDP,443,52783,,forward,20260823_155349_messaging_001_f90a,Messaging
1787480643.605214,1364,4,UDP,443,52783,,forward,20260823_155349_messaging_001_f90a,Messaging
1787480643.605214,1364,4,UDP,443,52783,,forward,20260823_155349_messaging_001_f90a,Messaging
1787480643.605214,1364,4,UDP,443,52783,,forward,20260823_155349_messaging_001_f90a,Messaging
1787480643.605214,1364,4,UDP,443,52783,,forward,20260823_155349_messaging_001_f90a,Messaging
1787480643.605214,1364,4,UDP,443,52783,,forward,20260823_155349_messaging_001_f90a,Messaging
1787480643.605214,1364,4,UDP,443,52783,,forward,20260823_155349_messaging_001_f90a,Messaging
1787480643.605214,1364,4,UDP,443,52783,,forward,20260823_155349_messaging_001_f90a,Messaging
1787480643.605214,89,4,UDP,443,52783,,forward,20260823_155349_messaging_001_f90a,Messaging
1787480643.605214,1364,4,UDP,443,52783,,forward,20260823_155349_messaging_001_f90a,Messaging
1787480643.605214,1364,4,UDP,443,52783,,forward,20260823_155349_messaging_001_f90a,Messaging
1787480643.605214,1364,4,UDP,443,52783,,forward,20260823_155349_messaging_001_f90a,Messaging
1787480643.605214,1364,4,UDP,443,52783,,forward,20260823_155349_messaging_001_f90a,Messaging
1787480643.605214,1364,4,UDP,443,52783,,forward,20260823_155349_messaging_001_f90a,Messaging
1787480643.605214,1364,4,UDP,443,52783,,forward,20260823_155349_messaging_001_f90a,Messaging
1787480643.605214,1364,4,UDP,443,52783,,forward,20260823_155349_messaging_001_f90a,Messaging
1787480643.605214,1364,4,UDP,443,52783,,forward,20260823_155349_messaging_001_f90a,Messaging
1787480643.605214,1364,4,UDP,443,52783,,forward,20260823_155349_messaging_001_f90a,Messaging
1787480643.605214,1364,4,UDP,443,52783,,forward,20260823_155349_messaging_001_f90a,Messaging
1787480643.605214,1364,4,UDP,443,52783,,forward,20260823_155349_messaging_001_f90a,Messaging
1787480643.605214,1364,4,UDP,443,52783,,forward,20260823_155349_messaging_001_f90a,Messaging
1787480643.605214,1364,4,UDP,443,52783,,forward,20260823_155349_messaging_001_f90a,Messaging
1787480643.605214,1364,4,UDP,443,52783,,forward,20260823_155349_messaging_001_f90a,Messaging
1787480643.605214,1364,4,UDP,443,52783,,forward,20260823_155349_messaging_001_f90a,Messaging
1787480643.605214,1364,4,UDP,443,52783,,forward,20260823_155349_messaging_001_f90a,Messaging
1787480643.605214,1364,4,UDP,443,52783,,forward,20260823_155349_messaging_001_f90a,Messaging
1787480643.605214,1364,4,UDP,443,52783,,forward,20260823_155349_messaging_001_f90a,Messaging
1787480643.605214,1364,4,UDP,443,52783,,forward,20260823_155349_messaging_001_f90a,Messaging
1787480643.605214,1364,4,UDP,443,52783,,forward,20260823_155349_messaging_001_f90a,Messaging
1787480643.605214,1364,4,UDP,443,52783,,forward,20260823_155349_messaging_001_f90a,Messaging
1787480643.605214,1364,4,UDP,443,52783,,forward,20260823_155349_messaging_001_f90a,Messaging
1787480643.605214,1364,4,UDP,443,52783,,forward,20260823_155349_messaging_001_f90a,Messaging
1787480643.605214,1364,4,UDP,443,52783,,forward,20260823_155349_messaging_001_f90a,Messaging
1787480643.605214,1364,4,UDP,443,52783,,forward,20260823_155349_messaging_001_f90a,Messaging
1787480643.605214,1364,4,UDP,443,52783,,forward,20260823_155349_messaging_001_f90a,Messaging
1787480643.605214,1364,4,UDP,443,52783,,forward,20260823_155349_messaging_001_f90a,Messaging
1787480643.605214,1364,4,UDP,443,52783,,forward,20260823_155349_messaging_001_f90a,Messaging
1787480643.605214,1364,4,UDP,443,52783,,forward,20260823_155349_messaging_001_f90a,Messaging
1787480643.605214,1364,4,UDP,443,52783,,forward,20260823_155349_messaging_001_f90a,Messaging
1787480643.605214,1364,4,UDP,443,52783,,forward,20260823_155349_messaging_001_f90a,Messaging
1787480643.605214,1364,4,UDP,443,52783,,forward,20260823_155349_messaging_001_f90a,Messaging
1787480643.605214,1364,4,UDP,443,52783,,forward,20260823_155349_messaging_001_f90a,Messaging
1787480643.605214,1364,4,UDP,443,52783,,forward,20260823_155349_messaging_001_f90a,Messaging
1787480643.605214,1364,4,UDP,443,52783,,forward,20260823_155349_messaging_001_f90a,Messaging
1787480643.605214,1364,4,UDP,443,52783,,forward,20260823_155349_messaging_001_f90a,Messaging
1787480643.605214,1364,4,UDP,443,52783,,forward,20260823_155349_messaging_001_f90a,Messaging
1787480643.605214,1364,4,UDP,443,52783,,forward,20260823_155349_messaging_001_f90a,Messaging
1787480643.605214,1364,4,UDP,443,52783,,forward,20260823_155349_messaging_001_f90a,Messaging
1787480643.605214,1364,4,UDP,443,52783,,forward,20260823_155349_messaging_001_f90a,Messaging
1787480643.605214,1364,4,UDP,443,52783,,forward,20260823_155349_messaging_001_f90a,Messaging
1787480643.605214,1364,4,UDP,443,52783,,forward,20260823_155349_messaging_001_f90a,Messaging
1787480643.605214,1364,4,UDP,443,52783,,forward,20260823_155349_messaging_001_f90a,Messaging
1787480643.605214,1364,4,UDP,443,52783,,forward,20260823_155349_messaging_001_f90a,Messaging
1787480643.605214,1364,4,UDP,443,52783,,forward,20260823_155349_messaging_001_f90a,Messaging
1787480643.605214,1364,4,UDP,443,52783,,forward,20260823_155349_messaging_001_f90a,Messaging
1787480643.605214,1364,4,UDP,443,52783,,forward,20260823_155349_messaging_001_f90a,Messaging
1787480643.605214,1364,4,UDP,443,52783,,forward,20260823_155349_messaging_001_f90a,Messaging
1787480643.605941,89,4,UDP,52783,443,,forward,20260823_155349_messaging_001_f90a,Messaging
1787480643.606374,166,4,UDP,52783,443,,forward,20260823_155349_messaging_001_f90a,Messaging
1787480643.606452,166,4,UDP,52783,443,,forward,20260823_155349_messaging_001_f90a,Messaging
1787480643.606648,166,4,UDP,52783,443,,forward,20260823_155349_messaging_001_f90a,Messaging
1787480643.606983,166,4,UDP,52783,443,,forward,20260823_155349_messaging_001_f90a,Messaging
1787480643.607056,166,4,UDP,52783,443,,forward,20260823_155349_messaging_001_f90a,Messaging
1787480643.607143,166,4,UDP,52783,443,,forward,20260823_155349_messaging_001_f90a,Messaging
1787480643.614685,1364,4,UDP,443,52783,,forward,20260823_155349_messaging_001_f90a,Messaging
1787480643.614685,1364,4,UDP,443,52783,,forward,20260823_155349_messaging_001_f90a,Messaging
1787480643.614685,1364,4,UDP,443,52783,,forward,20260823_155349_messaging_001_f90a,Messaging
1787480643.614685,1364,4,UDP,443,52783,,forward,20260823_155349_messaging_001_f90a,Messaging
1787480643.614685,1364,4,UDP,443,52783,,forward,20260823_155349_messaging_001_f90a,Messaging
1787480643.614685,1364,4,UDP,443,52783,,forward,20260823_155349_messaging_001_f90a,Messaging
1787480643.614685,1364,4,UDP,443,52783,,forward,20260823_155349_messaging_001_f90a,Messaging
1787480643.614685,1364,4,UDP,443,52783,,forward,20260823_155349_messaging_001_f90a,Messaging
1787480643.614685,1364,4,UDP,443,52783,,forward,20260823_155349_messaging_001_f90a,Messaging
1787480643.614685,1364,4,UDP,443,52783,,forward,20260823_155349_messaging_001_f90a,Messaging
1787480643.614685,1364,4,UDP,443,52783,,forward,20260823_155349_messaging_001_f90a,Messaging
1787480643.614685,1364,4,UDP,443,52783,,forward,20260823_155349_messaging_001_f90a,Messaging
1787480643.614685,89,4,UDP,443,52783,,forward,20260823_155349_messaging_001_f90a,Messaging
1787480643.614685,1364,4,UDP,443,52783,,forward,20260823_155349_messaging_001_f90a,Messaging
1787480643.614685,1364,4,UDP,443,52783,,forward,20260823_155349_messaging_001_f90a,Messaging
1787480643.614685,1364,4,UDP,443,52783,,forward,20260823_155349_messaging_001_f90a,Messaging
1787480643.614685,1364,4,UDP,443,52783,,forward,20260823_155349_messaging_001_f90a,Messaging
1787480643.614685,1364,4,UDP,443,52783,,forward,20260823_155349_messaging_001_f90a,Messaging
1787480643.614685,1364,4,UDP,443,52783,,forward,20260823_155349_messaging_001_f90a,Messaging
1787480643.614685,1364,4,UDP,443,52783,,forward,20260823_155349_messaging_001_f90a,Messaging
1787480643.614685,1364,4,UDP,443,52783,,forward,20260823_155349_messaging_001_f90a,Messaging
1787480643.614685,1364,4,UDP,443,52783,,forward,20260823_155349_messaging_001_f90a,Messaging
1787480643.614685,1364,4,UDP,443,52783,,forward,20260823_155349_messaging_001_f90a,Messaging
1787480643.614685,1364,4,UDP,443,52783,,forward,20260823_155349_messaging_001_f90a,Messaging
1787480643.614685,1364,4,UDP,443,52783,,forward,20260823_155349_messaging_001_f90a,Messaging
1787480643.614685,1364,4,UDP,443,52783,,forward,20260823_155349_messaging_001_f90a,Messaging
1787480643.614685,1364,4,UDP,443,52783,,forward,20260823_155349_messaging_001_f90a,Messaging
1787480643.614685,1364,4,UDP,443,52783,,forward,20260823_155349_messaging_001_f90a,Messaging
1787480643.614685,1364,4,UDP,443,52783,,forward,20260823_155349_messaging_001_f90a,Messaging
1787480643.614685,1364,4,UDP,443,52783,,forward,20260823_155349_messaging_001_f90a,Messaging
1787480643.614685,1364,4,UDP,443,52783,,forward,20260823_155349_messaging_001_f90a,Messaging
1787480643.614685,1364,4,UDP,443,52783,,forward,20260823_155349_messaging_001_f90a,Messaging
1787480643.614685,1364,4,UDP,443,52783,,forward,20260823_155349_messaging_001_f90a,Messaging
1787480643.614685,89,4,UDP,443,52783,,forward,20260823_155349_messaging_001_f90a,Messaging
1787480643.615267,89,4,UDP,52783,443,,forward,20260823_155349_messaging_001_f90a,Messaging
1787480643.615924,252,4,UDP,52783,443,,forward,20260823_155349_messaging_001_f90a,Messaging
1787480643.616126,166,4,UDP,52783,443,,forward,20260823_155349_messaging_001_f90a,Messaging
1787480643.620626,1364,4,UDP,443,52783,,forward,20260823_155349_messaging_001_f90a,Messaging
1787480643.620626,1364,4,UDP,443,52783,,forward,20260823_155349_messaging_001_f90a,Messaging
1787480643.620626,1364,4,UDP,443,52783,,forward,20260823_155349_messaging_001_f90a,Messaging
1787480643.620626,1364,4,UDP,443,52783,,forward,20260823_155349_messaging_001_f90a,Messaging
1787480643.620626,1364,4,UDP,443,52783,,forward,20260823_155349_messaging_001_f90a,Messaging
1787480643.620626,1364,4,UDP,443,52783,,forward,20260823_155349_messaging_001_f90a,Messaging
1787480643.620626,1364,4,UDP,443,52783,,forward,20260823_155349_messaging_001_f90a,Messaging
1787480643.620626,1364,4,UDP,443,52783,,forward,20260823_155349_messaging_001_f90a,Messaging
1787480643.620626,1364,4,UDP,443,52783,,forward,20260823_155349_messaging_001_f90a,Messaging
1787480643.620626,1364,4,UDP,443,52783,,forward,20260823_155349_messaging_001_f90a,Messaging
1787480643.620626,1364,4,UDP,443,52783,,forward,20260823_155349_messaging_001_f90a,Messaging
1787480643.620626,1364,4,UDP,443,52783,,forward,20260823_155349_messaging_001_f90a,Messaging
1787480643.620626,1364,4,UDP,443,52783,,forward,20260823_155349_messaging_001_f90a,Messaging
1787480643.620626,1364,4,UDP,443,52783,,forward,20260823_155349_messaging_001_f90a,Messaging
1787480643.620626,1364,4,UDP,443,52783,,forward,20260823_155349_messaging_001_f90a,Messaging
1787480643.620626,1364,4,UDP,443,52783,,forward,20260823_155349_messaging_001_f90a,Messaging
1787480643.620626,1364,4,UDP,443,52783,,forward,20260823_155349_messaging_001_f90a,Messaging
1787480643.620626,1364,4,UDP,443,52783,,forward,20260823_155349_messaging_001_f90a,Messaging
1787480643.620626,1364,4,UDP,443,52783,,forward,20260823_155349_messaging_001_f90a,Messaging
1787480643.620626,1364,4,UDP,443,52783,,forward,20260823_155349_messaging_001_f90a,Messaging
1787480643.620626,1364,4,UDP,443,52783,,forward,20260823_155349_messaging_001_f90a,Messaging
1787480643.620626,1364,4,UDP,443,52783,,forward,20260823_155349_messaging_001_f90a,Messaging
1787480643.620626,1364,4,UDP,443,52783,,forward,20260823_155349_messaging_001_f90a,Messaging
1787480643.620626,1364,4,UDP,443,52783,,forward,20260823_155349_messaging_001_f90a,Messaging
1787480643.620626,1364,4,UDP,443,52783,,forward,20260823_155349_messaging_001_f90a,Messaging
1787480643.620626,1364,4,UDP,443,52783,,forward,20260823_155349_messaging_001_f90a,Messaging
1787480643.620626,1364,4,UDP,443,52783,,forward,20260823_155349_messaging_001_f90a,Messaging
1787480643.620626,1364,4,UDP,443,52783,,forward,20260823_155349_messaging_001_f90a,Messaging
1787480643.620626,1364,4,UDP,443,52783,,forward,20260823_155349_messaging_001_f90a,Messaging
1787480643.620626,1364,4,UDP,443,52783,,forward,20260823_155349_messaging_001_f90a,Messaging
1787480643.620626,1364,4,UDP,443,52783,,forward,20260823_155349_messaging_001_f90a,Messaging
1787480643.620626,1364,4,UDP,443,52783,,forward,20260823_155349_messaging_001_f90a,Messaging
1787480643.620626,89,4,UDP,443,52783,,forward,20260823_155349_messaging_001_f90a,Messaging
1787480643.621174,89,4,UDP,52783,443,,forward,20260823_155349_messaging_001_f90a,Messaging
1787480643.621678,252,4,UDP,52783,443,,forward,20260823_155349_messaging_001_f90a,Messaging
1787480643.621799,166,4,UDP,52783,443,,forward,20260823_155349_messaging_001_f90a,Messaging
1787480643.635645,167,4,UDP,52783,443,,forward,20260823_155349_messaging_001_f90a,Messaging
1787480643.635768,158,4,UDP,443,52783,,forward,20260823_155349_messaging_001_f90a,Messaging
1787480643.635768,89,4,UDP,443,52783,,forward,20260823_155349_messaging_001_f90a,Messaging
1787480643.635768,1364,4,UDP,443,52783,,forward,20260823_155349_messaging_001_f90a,Messaging
1787480643.635768,1364,4,UDP,443,52783,,forward,20260823_155349_messaging_001_f90a,Messaging
1787480643.635768,1364,4,UDP,443,52783,,forward,20260823_155349_messaging_001_f90a,Messaging
1787480643.635768,1364,4,UDP,443,52783,,forward,20260823_155349_messaging_001_f90a,Messaging
1787480643.635768,1364,4,UDP,443,52783,,forward,20260823_155349_messaging_001_f90a,Messaging
1787480643.635768,1364,4,UDP,443,52783,,forward,20260823_155349_messaging_001_f90a,Messaging
1787480643.635768,1364,4,UDP,443,52783,,forward,20260823_155349_messaging_001_f90a,Messaging
1787480643.635768,1364,4,UDP,443,52783,,forward,20260823_155349_messaging_001_f90a,Messaging
1787480643.635768,1364,4,UDP,443,52783,,forward,20260823_155349_messaging_001_f90a,Messaging
1787480643.635768,1364,4,UDP,443,52783,,forward,20260823_155349_messaging_001_f90a,Messaging
1787480643.635768,1364,4,UDP,443,52783,,forward,20260823_155349_messaging_001_f90a,Messaging
1787480643.635768,1364,4,UDP,443,52783,,forward,20260823_155349_messaging_001_f90a,Messaging
1787480643.635768,1364,4,UDP,443,52783,,forward,20260823_155349_messaging_001_f90a,Messaging
1787480643.635768,1364,4,UDP,443,52783,,forward,20260823_155349_messaging_001_f90a,Messaging
1787480643.635768,1364,4,UDP,443,52783,,forward,20260823_155349_messaging_001_f90a,Messaging
1787480643.635768,1364,4,UDP,443,52783,,forward,20260823_155349_messaging_001_f90a,Messaging
1787480643.635768,1364,4,UDP,443,52783,,forward,20260823_155349_messaging_001_f90a,Messaging
1787480643.635768,1364,4,UDP,443,52783,,forward,20260823_155349_messaging_001_f90a,Messaging
1787480643.635768,1364,4,UDP,443,52783,,forward,20260823_155349_messaging_001_f90a,Messaging
1787480643.635768,1364,4,UDP,443,52783,,forward,20260823_155349_messaging_001_f90a,Messaging
1787480643.635768,1364,4,UDP,443,52783,,forward,20260823_155349_messaging_001_f90a,Messaging
1787480643.635768,1364,4,UDP,443,52783,,forward,20260823_155349_messaging_001_f90a,Messaging
1787480643.635768,1364,4,UDP,443,52783,,forward,20260823_155349_messaging_001_f90a,Messaging
1787480643.635768,1364,4,UDP,443,52783,,forward,20260823_155349_messaging_001_f90a,Messaging
1787480643.635768,1364,4,UDP,443,52783,,forward,20260823_155349_messaging_001_f90a,Messaging
1787480643.635768,1364,4,UDP,443,52783,,forward,20260823_155349_messaging_001_f90a,Messaging
1787480643.635768,1364,4,UDP,443,52783,,forward,20260823_155349_messaging_001_f90a,Messaging
1787480643.635768,1364,4,UDP,443,52783,,forward,20260823_155349_messaging_001_f90a,Messaging
1787480643.635768,1364,4,UDP,443,52783,,forward,20260823_155349_messaging_001_f90a,Messaging
1787480643.635768,1364,4,UDP,443,52783,,forward,20260823_155349_messaging_001_f90a,Messaging
1787480643.635768,1364,4,UDP,443,52783,,forward,20260823_155349_messaging_001_f90a,Messaging
1787480643.635768,1364,4,UDP,443,52783,,forward,20260823_155349_messaging_001_f90a,Messaging
1787480643.635768,1364,4,UDP,443,52783,,forward,20260823_155349_messaging_001_f90a,Messaging
1787480643.635768,1364,4,UDP,443,52783,,forward,20260823_155349_messaging_001_f90a,Messaging
1787480643.635768,1364,4,UDP,443,52783,,forward,20260823_155349_messaging_001_f90a,Messaging
1787480643.635768,1364,4,UDP,443,52783,,forward,20260823_155349_messaging_001_f90a,Messaging
1787480643.635768,1364,4,UDP,443,52783,,forward,20260823_155349_messaging_001_f90a,Messaging
1787480643.635768,1364,4,UDP,443,52783,,forward,20260823_155349_messaging_001_f90a,Messaging
1787480643.635768,1364,4,UDP,443,52783,,forward,20260823_155349_messaging_001_f90a,Messaging
1787480643.635768,1364,4,UDP,443,52783,,forward,20260823_155349_messaging_001_f90a,Messaging
1787480643.635768,1364,4,UDP,443,52783,,forward,20260823_155349_messaging_001_f90a,Messaging
1787480643.635768,1364,4,UDP,443,52783,,forward,20260823_155349_messaging_001_f90a,Messaging
1787480643.635768,1364,4,UDP,443,52783,,forward,20260823_155349_messaging_001_f90a,Messaging
1787480643.635768,1364,4,UDP,443,52783,,forward,20260823_155349_messaging_001_f90a,Messaging
1787480643.635768,1364,4,UDP,443,52783,,forward,20260823_155349_messaging_001_f90a,Messaging
1787480643.635768,1364,4,UDP,443,52783,,forward,20260823_155349_messaging_001_f90a,Messaging
1787480643.635768,1364,4,UDP,443,52783,,forward,20260823_155349_messaging_001_f90a,Messaging
1787480643.635768,1364,4,UDP,443,52783,,forward,20260823_155349_messaging_001_f90a,Messaging
1787480643.635768,1364,4,UDP,443,52783,,forward,20260823_155349_messaging_001_f90a,Messaging
1787480643.635768,1364,4,UDP,443,52783,,forward,20260823_155349_messaging_001_f90a,Messaging
1787480643.635768,1364,4,UDP,443,52783,,forward,20260823_155349_messaging_001_f90a,Messaging
1787480643.635768,1364,4,UDP,443,52783,,forward,20260823_155349_messaging_001_f90a,Messaging
1787480643.635768,1364,4,UDP,443,52783,,forward,20260823_155349_messaging_001_f90a,Messaging
1787480643.635768,1364,4,UDP,443,52783,,forward,20260823_155349_messaging_001_f90a,Messaging
1787480643.635768,1364,4,UDP,443,52783,,forward,20260823_155349_messaging_001_f90a,Messaging
1787480643.635768,1364,4,UDP,443,52783,,forward,20260823_155349_messaging_001_f90a,Messaging
1787480643.636484,89,4,UDP,52783,443,,forward,20260823_155349_messaging_001_f90a,Messaging
1787480643.636937,166,4,UDP,52783,443,,forward,20260823_155349_messaging_001_f90a,Messaging
1787480643.637098,166,4,UDP,52783,443,,forward,20260823_155349_messaging_001_f90a,Messaging
1787480643.637192,166,4,UDP,52783,443,,forward,20260823_155349_messaging_001_f90a,Messaging
1787480643.637443,166,4,UDP,52783,443,,forward,20260823_155349_messaging_001_f90a,Messaging
1787480643.637533,171,4,UDP,52783,443,,forward,20260823_155349_messaging_001_f90a,Messaging
1787480643.651162,167,4,UDP,52783,443,,forward,20260823_155349_messaging_001_f90a,Messaging
1787480643.651329,1364,4,UDP,443,52783,,forward,20260823_155349_messaging_001_f90a,Messaging
1787480643.651329,1364,4,UDP,443,52783,,forward,20260823_155349_messaging_001_f90a,Messaging
1787480643.651329,1364,4,UDP,443,52783,,forward,20260823_155349_messaging_001_f90a,Messaging
1787480643.651329,1364,4,UDP,443,52783,,forward,20260823_155349_messaging_001_f90a,Messaging
1787480643.651329,1364,4,UDP,443,52783,,forward,20260823_155349_messaging_001_f90a,Messaging
1787480643.651329,1364,4,UDP,443,52783,,forward,20260823_155349_messaging_001_f90a,Messaging
1787480643.651329,1364,4,UDP,443,52783,,forward,20260823_155349_messaging_001_f90a,Messaging
1787480643.651329,1364,4,UDP,443,52783,,forward,20260823_155349_messaging_001_f90a,Messaging
1787480643.651329,1364,4,UDP,443,52783,,forward,20260823_155349_messaging_001_f90a,Messaging
1787480643.651329,1364,4,UDP,443,52783,,forward,20260823_155349_messaging_001_f90a,Messaging
1787480643.651329,1364,4,UDP,443,52783,,forward,20260823_155349_messaging_001_f90a,Messaging
1787480643.651329,1364,4,UDP,443,52783,,forward,20260823_155349_messaging_001_f90a,Messaging
1787480643.651329,89,4,UDP,443,52783,,forward,20260823_155349_messaging_001_f90a,Messaging
1787480643.651329,89,4,UDP,443,52783,,forward,20260823_155349_messaging_001_f90a,Messaging
1787480643.651329,1364,4,UDP,443,52783,,forward,20260823_155349_messaging_001_f90a,Messaging
1787480643.651329,1364,4,UDP,443,52783,,forward,20260823_155349_messaging_001_f90a,Messaging
1787480643.651329,1364,4,UDP,443,52783,,forward,20260823_155349_messaging_001_f90a,Messaging
1787480643.651329,1364,4,UDP,443,52783,,forward,20260823_155349_messaging_001_f90a,Messaging
1787480643.651329,1364,4,UDP,443,52783,,forward,20260823_155349_messaging_001_f90a,Messaging
1787480643.651329,1364,4,UDP,443,52783,,forward,20260823_155349_messaging_001_f90a,Messaging
1787480643.651329,1364,4,UDP,443,52783,,forward,20260823_155349_messaging_001_f90a,Messaging
1787480643.651329,1364,4,UDP,443,52783,,forward,20260823_155349_messaging_001_f90a,Messaging
1787480643.651329,1364,4,UDP,443,52783,,forward,20260823_155349_messaging_001_f90a,Messaging
1787480643.651329,1364,4,UDP,443,52783,,forward,20260823_155349_messaging_001_f90a,Messaging
1787480643.651329,1364,4,UDP,443,52783,,forward,20260823_155349_messaging_001_f90a,Messaging
1787480643.651329,1364,4,UDP,443,52783,,forward,20260823_155349_messaging_001_f90a,Messaging
1787480643.651329,1364,4,UDP,443,52783,,forward,20260823_155349_messaging_001_f90a,Messaging
1787480643.651329,1364,4,UDP,443,52783,,forward,20260823_155349_messaging_001_f90a,Messaging
1787480643.651329,1364,4,UDP,443,52783,,forward,20260823_155349_messaging_001_f90a,Messaging
1787480643.651329,1364,4,UDP,443,52783,,forward,20260823_155349_messaging_001_f90a,Messaging
1787480643.651329,89,4,UDP,443,52783,,forward,20260823_155349_messaging_001_f90a,Messaging
1787480643.651329,1364,4,UDP,443,52783,,forward,20260823_155349_messaging_001_f90a,Messaging
1787480643.651329,1364,4,UDP,443,52783,,forward,20260823_155349_messaging_001_f90a,Messaging
1787480643.651329,1364,4,UDP,443,52783,,forward,20260823_155349_messaging_001_f90a,Messaging
1787480643.651329,1364,4,UDP,443,52783,,forward,20260823_155349_messaging_001_f90a,Messaging
1787480643.651329,1364,4,UDP,443,52783,,forward,20260823_155349_messaging_001_f90a,Messaging
1787480643.651329,1364,4,UDP,443,52783,,forward,20260823_155349_messaging_001_f90a,Messaging
1787480643.651329,1364,4,UDP,443,52783,,forward,20260823_155349_messaging_001_f90a,Messaging
1787480643.651329,1364,4,UDP,443,52783,,forward,20260823_155349_messaging_001_f90a,Messaging
1787480643.651329,1364,4,UDP,443,52783,,forward,20260823_155349_messaging_001_f90a,Messaging
1787480643.651329,1364,4,UDP,443,52783,,forward,20260823_155349_messaging_001_f90a,Messaging
1787480643.651329,1364,4,UDP,443,52783,,forward,20260823_155349_messaging_001_f90a,Messaging
1787480643.651329,1364,4,UDP,443,52783,,forward,20260823_155349_messaging_001_f90a,Messaging
1787480643.651329,1364,4,UDP,443,52783,,forward,20260823_155349_messaging_001_f90a,Messaging
1787480643.651329,1364,4,UDP,443,52783,,forward,20260823_155349_messaging_001_f90a,Messaging
1787480643.651329,1364,4,UDP,443,52783,,forward,20260823_155349_messaging_001_f90a,Messaging
1787480643.651329,1364,4,UDP,443,52783,,forward,20260823_155349_messaging_001_f90a,Messaging
1787480643.651329,1364,4,UDP,443,52783,,forward,20260823_155349_messaging_001_f90a,Messaging
1787480643.651329,1364,4,UDP,443,52783,,forward,20260823_155349_messaging_001_f90a,Messaging
1787480643.651329,1364,4,UDP,443,52783,,forward,20260823_155349_messaging_001_f90a,Messaging
1787480643.651329,1364,4,UDP,443,52783,,forward,20260823_155349_messaging_001_f90a,Messaging
1787480643.651329,1364,4,UDP,443,52783,,forward,20260823_155349_messaging_001_f90a,Messaging
1787480643.651329,1364,4,UDP,443,52783,,forward,20260823_155349_messaging_001_f90a,Messaging
1787480643.651329,1364,4,UDP,443,52783,,forward,20260823_155349_messaging_001_f90a,Messaging
1787480643.651329,1364,4,UDP,443,52783,,forward,20260823_155349_messaging_001_f90a,Messaging
1787480643.651329,89,4,UDP,443,52783,,forward,20260823_155349_messaging_001_f90a,Messaging
1787480643.651329,1364,4,UDP,443,52783,,forward,20260823_155349_messaging_001_f90a,Messaging
1787480643.651329,1364,4,UDP,443,52783,,forward,20260823_155349_messaging_001_f90a,Messaging
1787480643.651329,1364,4,UDP,443,52783,,forward,20260823_155349_messaging_001_f90a,Messaging
1787480643.651329,1364,4,UDP,443,52783,,forward,20260823_155349_messaging_001_f90a,Messaging
1787480643.651329,1364,4,UDP,443,52783,,forward,20260823_155349_messaging_001_f90a,Messaging
1787480643.651329,1364,4,UDP,443,52783,,forward,20260823_155349_messaging_001_f90a,Messaging
1787480643.651329,1364,4,UDP,443,52783,,forward,20260823_155349_messaging_001_f90a,Messaging
1787480643.651329,1364,4,UDP,443,52783,,forward,20260823_155349_messaging_001_f90a,Messaging
1787480643.651329,1364,4,UDP,443,52783,,forward,20260823_155349_messaging_001_f90a,Messaging
1787480643.651329,1364,4,UDP,443,52783,,forward,20260823_155349_messaging_001_f90a,Messaging
1787480643.651329,1364,4,UDP,443,52783,,forward,20260823_155349_messaging_001_f90a,Messaging
1787480643.651329,1364,4,UDP,443,52783,,forward,20260823_155349_messaging_001_f90a,Messaging
1787480643.651329,1364,4,UDP,443,52783,,forward,20260823_155349_messaging_001_f90a,Messaging
1787480643.651329,1364,4,UDP,443,52783,,forward,20260823_155349_messaging_001_f90a,Messaging
1787480643.651329,1364,4,UDP,443,52783,,forward,20260823_155349_messaging_001_f90a,Messaging
1787480643.651329,1364,4,UDP,443,52783,,forward,20260823_155349_messaging_001_f90a,Messaging
1787480643.651329,1364,4,UDP,443,52783,,forward,20260823_155349_messaging_001_f90a,Messaging
1787480643.651329,1364,4,UDP,443,52783,,forward,20260823_155349_messaging_001_f90a,Messaging
1787480643.651329,1364,4,UDP,443,52783,,forward,20260823_155349_messaging_001_f90a,Messaging
1787480643.651329,1364,4,UDP,443,52783,,forward,20260823_155349_messaging_001_f90a,Messaging
1787480643.652131,89,4,UDP,52783,443,,forward,20260823_155349_messaging_001_f90a,Messaging
1787480643.652725,166,4,UDP,52783,443,,forward,20260823_155349_messaging_001_f90a,Messaging
1787480643.653047,252,4,UDP,52783,443,,forward,20260823_155349_messaging_001_f90a,Messaging
1787480643.65319,166,4,UDP,52783,443,,forward,20260823_155349_messaging_001_f90a,Messaging
1787480643.653288,252,4,UDP,52783,443,,forward,20260823_155349_messaging_001_f90a,Messaging
1787480643.653397,166,4,UDP,52783,443,,forward,20260823_155349_messaging_001_f90a,Messaging
1787480643.653791,89,4,UDP,443,52783,,forward,20260823_155349_messaging_001_f90a,Messaging
1787480643.666336,167,4,UDP,52783,443,,forward,20260823_155349_messaging_001_f90a,Messaging
1787480643.66645,1364,4,UDP,443,52783,,forward,20260823_155349_messaging_001_f90a,Messaging
1787480643.66645,1364,4,UDP,443,52783,,forward,20260823_155349_messaging_001_f90a,Messaging
1787480643.66645,1364,4,UDP,443,52783,,forward,20260823_155349_messaging_001_f90a,Messaging
1787480643.66645,1364,4,UDP,443,52783,,forward,20260823_155349_messaging_001_f90a,Messaging
1787480643.66645,1364,4,UDP,443,52783,,forward,20260823_155349_messaging_001_f90a,Messaging
1787480643.66645,1364,4,UDP,443,52783,,forward,20260823_155349_messaging_001_f90a,Messaging
1787480643.66645,1364,4,UDP,443,52783,,forward,20260823_155349_messaging_001_f90a,Messaging
1787480643.66645,1364,4,UDP,443,52783,,forward,20260823_155349_messaging_001_f90a,Messaging
1787480643.66645,1364,4,UDP,443,52783,,forward,20260823_155349_messaging_001_f90a,Messaging
1787480643.66645,1364,4,UDP,443,52783,,forward,20260823_155349_messaging_001_f90a,Messaging
1787480643.66645,1364,4,UDP,443,52783,,forward,20260823_155349_messaging_001_f90a,Messaging
1787480643.66645,1364,4,UDP,443,52783,,forward,20260823_155349_messaging_001_f90a,Messaging
1787480643.66645,1364,4,UDP,443,52783,,forward,20260823_155349_messaging_001_f90a,Messaging
1787480643.66645,1364,4,UDP,443,52783,,forward,20260823_155349_messaging_001_f90a,Messaging
1787480643.66645,1364,4,UDP,443,52783,,forward,20260823_155349_messaging_001_f90a,Messaging
1787480643.66645,1364,4,UDP,443,52783,,forward,20260823_155349_messaging_001_f90a,Messaging
1787480643.66645,1364,4,UDP,443,52783,,forward,20260823_155349_messaging_001_f90a,Messaging
1787480643.66645,1364,4,UDP,443,52783,,forward,20260823_155349_messaging_001_f90a,Messaging
1787480643.66645,1364,4,UDP,443,52783,,forward,20260823_155349_messaging_001_f90a,Messaging
1787480643.66645,1364,4,UDP,443,52783,,forward,20260823_155349_messaging_001_f90a,Messaging
1787480643.66645,1364,4,UDP,443,52783,,forward,20260823_155349_messaging_001_f90a,Messaging
1787480643.66645,1364,4,UDP,443,52783,,forward,20260823_155349_messaging_001_f90a,Messaging
1787480643.66645,1364,4,UDP,443,52783,,forward,20260823_155349_messaging_001_f90a,Messaging
1787480643.66645,1364,4,UDP,443,52783,,forward,20260823_155349_messaging_001_f90a,Messaging
1787480643.66645,1364,4,UDP,443,52783,,forward,20260823_155349_messaging_001_f90a,Messaging
1787480643.66645,1364,4,UDP,443,52783,,forward,20260823_155349_messaging_001_f90a,Messaging
1787480643.66645,1364,4,UDP,443,52783,,forward,20260823_155349_messaging_001_f90a,Messaging
1787480643.66645,1364,4,UDP,443,52783,,forward,20260823_155349_messaging_001_f90a,Messaging
1787480643.66645,1364,4,UDP,443,52783,,forward,20260823_155349_messaging_001_f90a,Messaging
1787480643.66645,1364,4,UDP,443,52783,,forward,20260823_155349_messaging_001_f90a,Messaging
1787480643.66645,1364,4,UDP,443,52783,,forward,20260823_155349_messaging_001_f90a,Messaging
1787480643.66645,1364,4,UDP,443,52783,,forward,20260823_155349_messaging_001_f90a,Messaging
1787480643.66645,1364,4,UDP,443,52783,,forward,20260823_155349_messaging_001_f90a,Messaging
1787480643.66645,1364,4,UDP,443,52783,,forward,20260823_155349_messaging_001_f90a,Messaging
1787480643.66645,1364,4,UDP,443,52783,,forward,20260823_155349_messaging_001_f90a,Messaging
1787480643.66645,1364,4,UDP,443,52783,,forward,20260823_155349_messaging_001_f90a,Messaging
1787480643.66645,1364,4,UDP,443,52783,,forward,20260823_155349_messaging_001_f90a,Messaging
1787480643.66645,1364,4,UDP,443,52783,,forward,20260823_155349_messaging_001_f90a,Messaging
1787480643.66645,1364,4,UDP,443,52783,,forward,20260823_155349_messaging_001_f90a,Messaging
1787480643.66645,1364,4,UDP,443,52783,,forward,20260823_155349_messaging_001_f90a,Messaging
1787480643.66645,1364,4,UDP,443,52783,,forward,20260823_155349_messaging_001_f90a,Messaging
1787480643.66645,1364,4,UDP,443,52783,,forward,20260823_155349_messaging_001_f90a,Messaging
1787480643.66645,1364,4,UDP,443,52783,,forward,20260823_155349_messaging_001_f90a,Messaging
1787480643.66645,1364,4,UDP,443,52783,,forward,20260823_155349_messaging_001_f90a,Messaging
1787480643.66645,1364,4,UDP,443,52783,,forward,20260823_155349_messaging_001_f90a,Messaging
1787480643.66645,1364,4,UDP,443,52783,,forward,20260823_155349_messaging_001_f90a,Messaging
1787480643.66645,1364,4,UDP,443,52783,,forward,20260823_155349_messaging_001_f90a,Messaging
1787480643.66645,1364,4,UDP,443,52783,,forward,20260823_155349_messaging_001_f90a,Messaging
1787480643.66645,1364,4,UDP,443,52783,,forward,20260823_155349_messaging_001_f90a,Messaging
1787480643.66645,1364,4,UDP,443,52783,,forward,20260823_155349_messaging_001_f90a,Messaging
1787480643.66645,1364,4,UDP,443,52783,,forward,20260823_155349_messaging_001_f90a,Messaging
1787480643.66645,1364,4,UDP,443,52783,,forward,20260823_155349_messaging_001_f90a,Messaging
1787480643.66645,1364,4,UDP,443,52783,,forward,20260823_155349_messaging_001_f90a,Messaging
1787480643.66645,1364,4,UDP,443,52783,,forward,20260823_155349_messaging_001_f90a,Messaging
1787480643.66645,1364,4,UDP,443,52783,,forward,20260823_155349_messaging_001_f90a,Messaging
1787480643.66645,1364,4,UDP,443,52783,,forward,20260823_155349_messaging_001_f90a,Messaging
1787480643.66645,1364,4,UDP,443,52783,,forward,20260823_155349_messaging_001_f90a,Messaging
1787480643.66645,1364,4,UDP,443,52783,,forward,20260823_155349_messaging_001_f90a,Messaging
1787480643.66645,1364,4,UDP,443,52783,,forward,20260823_155349_messaging_001_f90a,Messaging
1787480643.66645,1364,4,UDP,443,52783,,forward,20260823_155349_messaging_001_f90a,Messaging
1787480643.66709,89,4,UDP,52783,443,,forward,20260823_155349_messaging_001_f90a,Messaging
1787480643.667613,166,4,UDP,52783,443,,forward,20260823_155349_messaging_001_f90a,Messaging
1787480643.66774,252,4,UDP,52783,443,,forward,20260823_155349_messaging_001_f90a,Messaging
1787480643.668036,166,4,UDP,52783,443,,forward,20260823_155349_messaging_001_f90a,Messaging
1787480643.668119,166,4,UDP,52783,443,,forward,20260823_155349_messaging_001_f90a,Messaging
1787480643.668265,166,4,UDP,52783,443,,forward,20260823_155349_messaging_001_f90a,Messaging
1787480643.68189,1364,4,UDP,443,52783,,forward,20260823_155349_messaging_001_f90a,Messaging
1787480643.68189,1364,4,UDP,443,52783,,forward,20260823_155349_messaging_001_f90a,Messaging
1787480643.68189,1364,4,UDP,443,52783,,forward,20260823_155349_messaging_001_f90a,Messaging
1787480643.68189,1364,4,UDP,443,52783,,forward,20260823_155349_messaging_001_f90a,Messaging
1787480643.68189,1364,4,UDP,443,52783,,forward,20260823_155349_messaging_001_f90a,Messaging
1787480643.68189,1364,4,UDP,443,52783,,forward,20260823_155349_messaging_001_f90a,Messaging
1787480643.68189,1364,4,UDP,443,52783,,forward,20260823_155349_messaging_001_f90a,Messaging
1787480643.68189,1364,4,UDP,443,52783,,forward,20260823_155349_messaging_001_f90a,Messaging
1787480643.68189,1364,4,UDP,443,52783,,forward,20260823_155349_messaging_001_f90a,Messaging
1787480643.68189,1364,4,UDP,443,52783,,forward,20260823_155349_messaging_001_f90a,Messaging
1787480643.68189,1364,4,UDP,443,52783,,forward,20260823_155349_messaging_001_f90a,Messaging
1787480643.68189,1364,4,UDP,443,52783,,forward,20260823_155349_messaging_001_f90a,Messaging
1787480643.68189,89,4,UDP,443,52783,,forward,20260823_155349_messaging_001_f90a,Messaging
1787480643.68189,1364,4,UDP,443,52783,,forward,20260823_155349_messaging_001_f90a,Messaging
1787480643.68189,1364,4,UDP,443,52783,,forward,20260823_155349_messaging_001_f90a,Messaging
1787480643.68189,1364,4,UDP,443,52783,,forward,20260823_155349_messaging_001_f90a,Messaging
1787480643.68189,1364,4,UDP,443,52783,,forward,20260823_155349_messaging_001_f90a,Messaging
1787480643.68189,1364,4,UDP,443,52783,,forward,20260823_155349_messaging_001_f90a,Messaging
1787480643.68189,1364,4,UDP,443,52783,,forward,20260823_155349_messaging_001_f90a,Messaging
1787480643.68189,1364,4,UDP,443,52783,,forward,20260823_155349_messaging_001_f90a,Messaging
1787480643.68189,1364,4,UDP,443,52783,,forward,20260823_155349_messaging_001_f90a,Messaging
1787480643.68189,1364,4,UDP,443,52783,,forward,20260823_155349_messaging_001_f90a,Messaging
1787480643.68189,1364,4,UDP,443,52783,,forward,20260823_155349_messaging_001_f90a,Messaging
1787480643.68189,1364,4,UDP,443,52783,,forward,20260823_155349_messaging_001_f90a,Messaging
1787480643.68189,1364,4,UDP,443,52783,,forward,20260823_155349_messaging_001_f90a,Messaging
1787480643.68189,1364,4,UDP,443,52783,,forward,20260823_155349_messaging_001_f90a,Messaging
1787480643.68189,1364,4,UDP,443,52783,,forward,20260823_155349_messaging_001_f90a,Messaging
1787480643.68189,1364,4,UDP,443,52783,,forward,20260823_155349_messaging_001_f90a,Messaging
1787480643.68189,1364,4,UDP,443,52783,,forward,20260823_155349_messaging_001_f90a,Messaging
1787480643.68189,1364,4,UDP,443,52783,,forward,20260823_155349_messaging_001_f90a,Messaging
1787480643.68189,1364,4,UDP,443,52783,,forward,20260823_155349_messaging_001_f90a,Messaging
1787480643.68189,1364,4,UDP,443,52783,,forward,20260823_155349_messaging_001_f90a,Messaging
1787480643.68189,1364,4,UDP,443,52783,,forward,20260823_155349_messaging_001_f90a,Messaging
1787480643.68189,1364,4,UDP,443,52783,,forward,20260823_155349_messaging_001_f90a,Messaging
1787480643.68189,1364,4,UDP,443,52783,,forward,20260823_155349_messaging_001_f90a,Messaging
1787480643.68189,1364,4,UDP,443,52783,,forward,20260823_155349_messaging_001_f90a,Messaging
1787480643.68189,1364,4,UDP,443,52783,,forward,20260823_155349_messaging_001_f90a,Messaging
1787480643.68189,1364,4,UDP,443,52783,,forward,20260823_155349_messaging_001_f90a,Messaging
1787480643.68189,1364,4,UDP,443,52783,,forward,20260823_155349_messaging_001_f90a,Messaging
1787480643.68189,1364,4,UDP,443,52783,,forward,20260823_155349_messaging_001_f90a,Messaging
1787480643.68189,1364,4,UDP,443,52783,,forward,20260823_155349_messaging_001_f90a,Messaging
1787480643.68189,1364,4,UDP,443,52783,,forward,20260823_155349_messaging_001_f90a,Messaging
1787480643.68189,1364,4,UDP,443,52783,,forward,20260823_155349_messaging_001_f90a,Messaging
1787480643.68189,1364,4,UDP,443,52783,,forward,20260823_155349_messaging_001_f90a,Messaging
1787480643.68189,1364,4,UDP,443,52783,,forward,20260823_155349_messaging_001_f90a,Messaging
1787480643.68189,1364,4,UDP,443,52783,,forward,20260823_155349_messaging_001_f90a,Messaging
1787480643.68189,1364,4,UDP,443,52783,,forward,20260823_155349_messaging_001_f90a,Messaging
1787480643.68189,1364,4,UDP,443,52783,,forward,20260823_155349_messaging_001_f90a,Messaging
1787480643.68189,1364,4,UDP,443,52783,,forward,20260823_155349_messaging_001_f90a,Messaging
1787480643.68189,1364,4,UDP,443,52783,,forward,20260823_155349_messaging_001_f90a,Messaging
1787480643.68189,1364,4,UDP,443,52783,,forward,20260823_155349_messaging_001_f90a,Messaging
1787480643.68189,1364,4,UDP,443,52783,,forward,20260823_155349_messaging_001_f90a,Messaging
1787480643.68189,1364,4,UDP,443,52783,,forward,20260823_155349_messaging_001_f90a,Messaging
1787480643.68189,1364,4,UDP,443,52783,,forward,20260823_155349_messaging_001_f90a,Messaging
1787480643.68189,1364,4,UDP,443,52783,,forward,20260823_155349_messaging_001_f90a,Messaging
1787480643.68189,1364,4,UDP,443,52783,,forward,20260823_155349_messaging_001_f90a,Messaging
1787480643.68189,1364,4,UDP,443,52783,,forward,20260823_155349_messaging_001_f90a,Messaging
1787480643.68189,1364,4,UDP,443,52783,,forward,20260823_155349_messaging_001_f90a,Messaging
1787480643.68189,1364,4,UDP,443,52783,,forward,20260823_155349_messaging_001_f90a,Messaging
1787480643.68189,1364,4,UDP,443,52783,,forward,20260823_155349_messaging_001_f90a,Messaging
1787480643.68189,1364,4,UDP,443,52783,,forward,20260823_155349_messaging_001_f90a,Messaging
1787480643.68189,89,4,UDP,443,52783,,forward,20260823_155349_messaging_001_f90a,Messaging
1787480643.682612,91,4,UDP,52783,443,,forward,20260823_155349_messaging_001_f90a,Messaging
1787480643.683336,252,4,UDP,52783,443,,forward,20260823_155349_messaging_001_f90a,Messaging
1787480643.683412,166,4,UDP,52783,443,,forward,20260823_155349_messaging_001_f90a,Messaging
1787480643.683531,171,4,UDP,52783,443,,forward,20260823_155349_messaging_001_f90a,Messaging
1787480643.683951,166,4,UDP,52783,443,,forward,20260823_155349_messaging_001_f90a,Messaging
1787480643.684024,168,4,UDP,52783,443,,forward,20260823_155349_messaging_001_f90a,Messaging
1787480643.68713,1364,4,UDP,443,52783,,forward,20260823_155349_messaging_001_f90a,Messaging
1787480643.68713,1364,4,UDP,443,52783,,forward,20260823_155349_messaging_001_f90a,Messaging
1787480643.68713,1364,4,UDP,443,52783,,forward,20260823_155349_messaging_001_f90a,Messaging
1787480643.68713,1364,4,UDP,443,52783,,forward,20260823_155349_messaging_001_f90a,Messaging
1787480643.68713,1364,4,UDP,443,52783,,forward,20260823_155349_messaging_001_f90a,Messaging
1787480643.68713,1364,4,UDP,443,52783,,forward,20260823_155349_messaging_001_f90a,Messaging
1787480643.68713,1364,4,UDP,443,52783,,forward,20260823_155349_messaging_001_f90a,Messaging
1787480643.68713,1364,4,UDP,443,52783,,forward,20260823_155349_messaging_001_f90a,Messaging
1787480643.68713,1364,4,UDP,443,52783,,forward,20260823_155349_messaging_001_f90a,Messaging
1787480643.68713,1364,4,UDP,443,52783,,forward,20260823_155349_messaging_001_f90a,Messaging
1787480643.68713,1364,4,UDP,443,52783,,forward,20260823_155349_messaging_001_f90a,Messaging
1787480643.68713,1364,4,UDP,443,52783,,forward,20260823_155349_messaging_001_f90a,Messaging
1787480643.68713,89,4,UDP,443,52783,,forward,20260823_155349_messaging_001_f90a,Messaging
1787480643.68713,1364,4,UDP,443,52783,,forward,20260823_155349_messaging_001_f90a,Messaging
1787480643.68713,1364,4,UDP,443,52783,,forward,20260823_155349_messaging_001_f90a,Messaging
1787480643.68713,1364,4,UDP,443,52783,,forward,20260823_155349_messaging_001_f90a,Messaging
1787480643.68713,1364,4,UDP,443,52783,,forward,20260823_155349_messaging_001_f90a,Messaging
1787480643.68713,1364,4,UDP,443,52783,,forward,20260823_155349_messaging_001_f90a,Messaging
1787480643.68713,1364,4,UDP,443,52783,,forward,20260823_155349_messaging_001_f90a,Messaging
1787480643.68713,1364,4,UDP,443,52783,,forward,20260823_155349_messaging_001_f90a,Messaging
1787480643.68713,1364,4,UDP,443,52783,,forward,20260823_155349_messaging_001_f90a,Messaging
1787480643.68713,1364,4,UDP,443,52783,,forward,20260823_155349_messaging_001_f90a,Messaging
1787480643.68713,1364,4,UDP,443,52783,,forward,20260823_155349_messaging_001_f90a,Messaging
1787480643.68713,1364,4,UDP,443,52783,,forward,20260823_155349_messaging_001_f90a,Messaging
1787480643.68713,1364,4,UDP,443,52783,,forward,20260823_155349_messaging_001_f90a,Messaging
1787480643.68713,1364,4,UDP,443,52783,,forward,20260823_155349_messaging_001_f90a,Messaging
1787480643.68713,1364,4,UDP,443,52783,,forward,20260823_155349_messaging_001_f90a,Messaging
1787480643.68713,1364,4,UDP,443,52783,,forward,20260823_155349_messaging_001_f90a,Messaging
1787480643.68713,1364,4,UDP,443,52783,,forward,20260823_155349_messaging_001_f90a,Messaging
1787480643.687594,93,4,UDP,52783,443,,forward,20260823_155349_messaging_001_f90a,Messaging
1787480643.687916,260,4,UDP,52783,443,,forward,20260823_155349_messaging_001_f90a,Messaging
1787480643.687994,170,4,UDP,52783,443,,forward,20260823_155349_messaging_001_f90a,Messaging
1787480643.68803,170,4,UDP,52783,443,,forward,20260823_155349_messaging_001_f90a,Messaging
1787480643.688107,170,4,UDP,52783,443,,forward,20260823_155349_messaging_001_f90a,Messaging
1787480643.688227,170,4,UDP,52783,443,,forward,20260823_155349_messaging_001_f90a,Messaging
1787480643.697216,1364,4,UDP,443,52783,,forward,20260823_155349_messaging_001_f90a,Messaging
1787480643.697216,1364,4,UDP,443,52783,,forward,20260823_155349_messaging_001_f90a,Messaging
1787480643.697216,165,4,UDP,443,52783,,forward,20260823_155349_messaging_001_f90a,Messaging
1787480643.697216,89,4,UDP,443,52783,,forward,20260823_155349_messaging_001_f90a,Messaging
1787480643.697443,93,4,UDP,52783,443,,forward,20260823_155349_messaging_001_f90a,Messaging
1787480643.697541,171,4,UDP,52783,443,,forward,20260823_155349_messaging_001_f90a,Messaging
1787480643.713196,88,4,UDP,443,52783,,forward,20260823_155349_messaging_001_f90a,Messaging
1787480643.713467,171,4,UDP,52783,443,,forward,20260823_155349_messaging_001_f90a,Messaging
1787480643.722163,88,4,UDP,443,52783,,forward,20260823_155349_messaging_001_f90a,Messaging
1787480643.722163,1363,4,UDP,443,52783,,forward,20260823_155349_messaging_001_f90a,Messaging
1787480643.722163,1363,4,UDP,443,52783,,forward,20260823_155349_messaging_001_f90a,Messaging
1787480643.722163,163,4,UDP,443,52783,,forward,20260823_155349_messaging_001_f90a,Messaging
1787480643.722163,88,4,UDP,443,52783,,forward,20260823_155349_messaging_001_f90a,Messaging
1787480643.722464,88,4,UDP,52783,443,,forward,20260823_155349_messaging_001_f90a,Messaging
1787480643.728741,1363,4,UDP,443,52783,,forward,20260823_155349_messaging_001_f90a,Messaging
1787480643.728741,1361,4,UDP,443,52783,,forward,20260823_155349_messaging_001_f90a,Messaging
1787480643.728741,1363,4,UDP,443,52783,,forward,20260823_155349_messaging_001_f90a,Messaging
1787480643.728741,1363,4,UDP,443,52783,,forward,20260823_155349_messaging_001_f90a,Messaging
1787480643.728741,1363,4,UDP,443,52783,,forward,20260823_155349_messaging_001_f90a,Messaging
1787480643.728741,1359,4,UDP,443,52783,,forward,20260823_155349_messaging_001_f90a,Messaging
1787480643.728741,88,4,UDP,443,52783,,forward,20260823_155349_messaging_001_f90a,Messaging
1787480643.729092,88,4,UDP,52783,443,,forward,20260823_155349_messaging_001_f90a,Messaging
1787480643.743839,166,4,UDP,52783,443,,forward,20260823_155349_messaging_001_f90a,Messaging
1787480643.750412,88,4,UDP,443,52783,,forward,20260823_155349_messaging_001_f90a,Messaging
1787480643.789763,88,4,UDP,443,52783,,forward,20260823_155349_messaging_001_f90a,Messaging
1787480644.021543,84,4,UDP,52783,443,,forward,20260823_155349_messaging_001_f90a,Messaging
1787480644.052042,88,4,UDP,443,52783,,forward,20260823_155349_messaging_001_f90a,Messaging
1787480644.729817,165,4,UDP,443,52783,,forward,20260823_155349_messaging_001_f90a,Messaging
1787480644.730109,88,4,UDP,52783,443,,forward,20260823_155349_messaging_001_f90a,Messaging
1787480644.763517,170,4,UDP,52783,443,,forward,20260823_155349_messaging_001_f90a,Messaging
1787480644.797408,88,4,UDP,443,52783,,forward,20260823_155349_messaging_001_f90a,Messaging
1787480645.203323,125,4,UDP,443,52783,,forward,20260823_155349_messaging_001_f90a,Messaging
1787480645.203323,125,4,UDP,443,52783,,forward,20260823_155349_messaging_001_f90a,Messaging
1787480645.203544,88,4,UDP,52783,443,,forward,20260823_155349_messaging_001_f90a,Messaging
1787480645.203786,170,4,UDP,52783,443,,forward,20260823_155349_messaging_001_f90a,Messaging
1787480645.246365,88,4,UDP,443,52783,,forward,20260823_155349_messaging_001_f90a,Messaging
1787480645.327922,145,4,UDP,443,52783,,forward,20260823_155349_messaging_001_f90a,Messaging
1787480645.32834,88,4,UDP,52783,443,,forward,20260823_155349_messaging_001_f90a,Messaging
1787480645.328719,145,4,UDP,52783,443,,forward,20260823_155349_messaging_001_f90a,Messaging
1787480645.374475,88,4,UDP,443,52783,,forward,20260823_155349_messaging_001_f90a,Messaging
1787480645.720723,145,4,UDP,443,52783,,forward,20260823_155349_messaging_001_f90a,Messaging
1787480645.720934,88,4,UDP,52783,443,,forward,20260823_155349_messaging_001_f90a,Messaging
1787480645.721045,145,4,UDP,52783,443,,forward,20260823_155349_messaging_001_f90a,Messaging
1787480645.766311,88,4,UDP,443,52783,,forward,20260823_155349_messaging_001_f90a,Messaging
1787480646.106107,131,4,UDP,443,52783,,forward,20260823_155349_messaging_001_f90a,Messaging
1787480646.106335,88,4,UDP,52783,443,,forward,20260823_155349_messaging_001_f90a,Messaging
1787480646.106627,135,4,UDP,52783,443,,forward,20260823_155349_messaging_001_f90a,Messaging
1787480646.141623,88,4,UDP,443,52783,,forward,20260823_155349_messaging_001_f90a,Messaging
1787480646.141623,125,4,UDP,443,52783,,forward,20260823_155349_messaging_001_f90a,Messaging
1787480646.14187,88,4,UDP,52783,443,,forward,20260823_155349_messaging_001_f90a,Messaging
1787480646.709763,146,4,UDP,52783,443,,forward,20260823_155349_messaging_001_f90a,Messaging
1787480646.755268,88,4,UDP,443,52783,,forward,20260823_155349_messaging_001_f90a,Messaging
1787480646.755268,157,4,UDP,443,52783,,forward,20260823_155349_messaging_001_f90a,Messaging
1787480646.755482,88,4,UDP,52783,443,,forward,20260823_155349_messaging_001_f90a,Messaging
1787480646.861688,389,4,UDP,52783,443,,forward,20260823_155349_messaging_001_f90a,Messaging
1787480646.897194,88,4,UDP,443,52783,,forward,20260823_155349_messaging_001_f90a,Messaging
1787480646.897194,125,4,UDP,443,52783,,forward,20260823_155349_messaging_001_f90a,Messaging
1787480646.897496,88,4,UDP,52783,443,,forward,20260823_155349_messaging_001_f90a,Messaging
1787480646.934031,1359,4,UDP,52783,443,,forward,20260823_155349_messaging_001_f90a,Messaging
1787480646.934114,1363,4,UDP,52783,443,,forward,20260823_155349_messaging_001_f90a,Messaging
1787480646.934143,272,4,UDP,52783,443,,forward,20260823_155349_messaging_001_f90a,Messaging
1787480646.967846,88,4,UDP,443,52783,,forward,20260823_155349_messaging_001_f90a,Messaging
1787480646.967846,256,4,UDP,443,52783,,forward,20260823_155349_messaging_001_f90a,Messaging
1787480646.968081,88,4,UDP,52783,443,,forward,20260823_155349_messaging_001_f90a,Messaging
1787480646.991598,170,4,UDP,52783,443,,forward,20260823_155349_messaging_001_f90a,Messaging
1787480647.00201,1359,4,UDP,443,52783,,forward,20260823_155349_messaging_001_f90a,Messaging
1787480647.00201,1363,4,UDP,443,52783,,forward,20260823_155349_messaging_001_f90a,Messaging
1787480647.00201,1363,4,UDP,443,52783,,forward,20260823_155349_messaging_001_f90a,Messaging
1787480647.00201,1363,4,UDP,443,52783,,forward,20260823_155349_messaging_001_f90a,Messaging
1787480647.00201,1363,4,UDP,443,52783,,forward,20260823_155349_messaging_001_f90a,Messaging
1787480647.00201,1363,4,UDP,443,52783,,forward,20260823_155349_messaging_001_f90a,Messaging
1787480647.00201,1363,4,UDP,443,52783,,forward,20260823_155349_messaging_001_f90a,Messaging
1787480647.00201,1363,4,UDP,443,52783,,forward,20260823_155349_messaging_001_f90a,Messaging
1787480647.00201,1363,4,UDP,443,52783,,forward,20260823_155349_messaging_001_f90a,Messaging
1787480647.00201,1363,4,UDP,443,52783,,forward,20260823_155349_messaging_001_f90a,Messaging
1787480647.00201,1363,4,UDP,443,52783,,forward,20260823_155349_messaging_001_f90a,Messaging
1787480647.00201,1363,4,UDP,443,52783,,forward,20260823_155349_messaging_001_f90a,Messaging
1787480647.00201,1363,4,UDP,443,52783,,forward,20260823_155349_messaging_001_f90a,Messaging
1787480647.00201,1363,4,UDP,443,52783,,forward,20260823_155349_messaging_001_f90a,Messaging
1787480647.00201,1363,4,UDP,443,52783,,forward,20260823_155349_messaging_001_f90a,Messaging
1787480647.00201,1363,4,UDP,443,52783,,forward,20260823_155349_messaging_001_f90a,Messaging
1787480647.00201,1363,4,UDP,443,52783,,forward,20260823_155349_messaging_001_f90a,Messaging
1787480647.00201,1363,4,UDP,443,52783,,forward,20260823_155349_messaging_001_f90a,Messaging
1787480647.00201,1363,4,UDP,443,52783,,forward,20260823_155349_messaging_001_f90a,Messaging
1787480647.00201,1363,4,UDP,443,52783,,forward,20260823_155349_messaging_001_f90a,Messaging
1787480647.00201,1363,4,UDP,443,52783,,forward,20260823_155349_messaging_001_f90a,Messaging
1787480647.00201,1363,4,UDP,443,52783,,forward,20260823_155349_messaging_001_f90a,Messaging
1787480647.00201,1363,4,UDP,443,52783,,forward,20260823_155349_messaging_001_f90a,Messaging
1787480647.00201,1363,4,UDP,443,52783,,forward,20260823_155349_messaging_001_f90a,Messaging
1787480647.00201,1363,4,UDP,443,52783,,forward,20260823_155349_messaging_001_f90a,Messaging
1787480647.00201,1363,4,UDP,443,52783,,forward,20260823_155349_messaging_001_f90a,Messaging
1787480647.00201,1363,4,UDP,443,52783,,forward,20260823_155349_messaging_001_f90a,Messaging
1787480647.00201,1363,4,UDP,443,52783,,forward,20260823_155349_messaging_001_f90a,Messaging
1787480647.002518,88,4,UDP,52783,443,,forward,20260823_155349_messaging_001_f90a,Messaging
1787480647.003059,165,4,UDP,52783,443,,forward,20260823_155349_messaging_001_f90a,Messaging
1787480647.003147,165,4,UDP,52783,443,,forward,20260823_155349_messaging_001_f90a,Messaging
1787480647.006482,1363,4,UDP,443,52783,,forward,20260823_155349_messaging_001_f90a,Messaging
1787480647.006482,1363,4,UDP,443,52783,,forward,20260823_155349_messaging_001_f90a,Messaging
1787480647.006482,1363,4,UDP,443,52783,,forward,20260823_155349_messaging_001_f90a,Messaging
1787480647.006482,1363,4,UDP,443,52783,,forward,20260823_155349_messaging_001_f90a,Messaging
1787480647.006482,1363,4,UDP,443,52783,,forward,20260823_155349_messaging_001_f90a,Messaging
1787480647.006482,1363,4,UDP,443,52783,,forward,20260823_155349_messaging_001_f90a,Messaging
1787480647.006482,1363,4,UDP,443,52783,,forward,20260823_155349_messaging_001_f90a,Messaging
1787480647.006482,1363,4,UDP,443,52783,,forward,20260823_155349_messaging_001_f90a,Messaging
1787480647.006482,1363,4,UDP,443,52783,,forward,20260823_155349_messaging_001_f90a,Messaging
1787480647.006482,1363,4,UDP,443,52783,,forward,20260823_155349_messaging_001_f90a,Messaging
1787480647.006482,1363,4,UDP,443,52783,,forward,20260823_155349_messaging_001_f90a,Messaging
1787480647.006482,1363,4,UDP,443,52783,,forward,20260823_155349_messaging_001_f90a,Messaging
1787480647.006791,88,4,UDP,52783,443,,forward,20260823_155349_messaging_001_f90a,Messaging
1787480647.00717,250,4,UDP,52783,443,,forward,20260823_155349_messaging_001_f90a,Messaging
1787480647.022078,1363,4,UDP,443,52783,,forward,20260823_155349_messaging_001_f90a,Messaging
1787480647.022078,1363,4,UDP,443,52783,,forward,20260823_155349_messaging_001_f90a,Messaging
1787480647.022078,1363,4,UDP,443,52783,,forward,20260823_155349_messaging_001_f90a,Messaging
1787480647.022078,1363,4,UDP,443,52783,,forward,20260823_155349_messaging_001_f90a,Messaging
1787480647.022078,1363,4,UDP,443,52783,,forward,20260823_155349_messaging_001_f90a,Messaging
1787480647.022078,1363,4,UDP,443,52783,,forward,20260823_155349_messaging_001_f90a,Messaging
1787480647.022078,1363,4,UDP,443,52783,,forward,20260823_155349_messaging_001_f90a,Messaging
1787480647.022078,1363,4,UDP,443,52783,,forward,20260823_155349_messaging_001_f90a,Messaging
1787480647.022078,1363,4,UDP,443,52783,,forward,20260823_155349_messaging_001_f90a,Messaging
1787480647.022078,1363,4,UDP,443,52783,,forward,20260823_155349_messaging_001_f90a,Messaging
1787480647.022078,1363,4,UDP,443,52783,,forward,20260823_155349_messaging_001_f90a,Messaging
1787480647.022078,1363,4,UDP,443,52783,,forward,20260823_155349_messaging_001_f90a,Messaging
1787480647.022078,1363,4,UDP,443,52783,,forward,20260823_155349_messaging_001_f90a,Messaging
1787480647.022078,1363,4,UDP,443,52783,,forward,20260823_155349_messaging_001_f90a,Messaging
1787480647.022078,1363,4,UDP,443,52783,,forward,20260823_155349_messaging_001_f90a,Messaging
1787480647.022078,1363,4,UDP,443,52783,,forward,20260823_155349_messaging_001_f90a,Messaging
1787480647.022078,1363,4,UDP,443,52783,,forward,20260823_155349_messaging_001_f90a,Messaging
1787480647.022078,1363,4,UDP,443,52783,,forward,20260823_155349_messaging_001_f90a,Messaging
1787480647.022078,1363,4,UDP,443,52783,,forward,20260823_155349_messaging_001_f90a,Messaging
1787480647.022078,1363,4,UDP,443,52783,,forward,20260823_155349_messaging_001_f90a,Messaging
1787480647.022078,1363,4,UDP,443,52783,,forward,20260823_155349_messaging_001_f90a,Messaging
1787480647.022078,1363,4,UDP,443,52783,,forward,20260823_155349_messaging_001_f90a,Messaging
1787480647.022078,1363,4,UDP,443,52783,,forward,20260823_155349_messaging_001_f90a,Messaging
1787480647.022078,1363,4,UDP,443,52783,,forward,20260823_155349_messaging_001_f90a,Messaging
1787480647.022078,1363,4,UDP,443,52783,,forward,20260823_155349_messaging_001_f90a,Messaging
1787480647.022078,1363,4,UDP,443,52783,,forward,20260823_155349_messaging_001_f90a,Messaging
1787480647.022078,1363,4,UDP,443,52783,,forward,20260823_155349_messaging_001_f90a,Messaging
1787480647.022078,1363,4,UDP,443,52783,,forward,20260823_155349_messaging_001_f90a,Messaging
1787480647.022078,1363,4,UDP,443,52783,,forward,20260823_155349_messaging_001_f90a,Messaging
1787480647.022078,1363,4,UDP,443,52783,,forward,20260823_155349_messaging_001_f90a,Messaging
1787480647.022078,1363,4,UDP,443,52783,,forward,20260823_155349_messaging_001_f90a,Messaging
1787480647.022078,1363,4,UDP,443,52783,,forward,20260823_155349_messaging_001_f90a,Messaging
1787480647.022078,1363,4,UDP,443,52783,,forward,20260823_155349_messaging_001_f90a,Messaging
1787480647.022078,1363,4,UDP,443,52783,,forward,20260823_155349_messaging_001_f90a,Messaging
1787480647.022078,1363,4,UDP,443,52783,,forward,20260823_155349_messaging_001_f90a,Messaging
1787480647.022078,1363,4,UDP,443,52783,,forward,20260823_155349_messaging_001_f90a,Messaging
1787480647.022078,1363,4,UDP,443,52783,,forward,20260823_155349_messaging_001_f90a,Messaging
1787480647.022078,1363,4,UDP,443,52783,,forward,20260823_155349_messaging_001_f90a,Messaging
1787480647.022078,1363,4,UDP,443,52783,,forward,20260823_155349_messaging_001_f90a,Messaging
1787480647.022078,1363,4,UDP,443,52783,,forward,20260823_155349_messaging_001_f90a,Messaging
1787480647.022078,1363,4,UDP,443,52783,,forward,20260823_155349_messaging_001_f90a,Messaging
1787480647.022078,1363,4,UDP,443,52783,,forward,20260823_155349_messaging_001_f90a,Messaging
1787480647.022078,1363,4,UDP,443,52783,,forward,20260823_155349_messaging_001_f90a,Messaging
1787480647.022078,1363,4,UDP,443,52783,,forward,20260823_155349_messaging_001_f90a,Messaging
1787480647.022078,1363,4,UDP,443,52783,,forward,20260823_155349_messaging_001_f90a,Messaging
1787480647.022078,1363,4,UDP,443,52783,,forward,20260823_155349_messaging_001_f90a,Messaging
1787480647.022078,1363,4,UDP,443,52783,,forward,20260823_155349_messaging_001_f90a,Messaging
1787480647.022078,1363,4,UDP,443,52783,,forward,20260823_155349_messaging_001_f90a,Messaging
1787480647.022078,1363,4,UDP,443,52783,,forward,20260823_155349_messaging_001_f90a,Messaging
1787480647.022078,1363,4,UDP,443,52783,,forward,20260823_155349_messaging_001_f90a,Messaging
1787480647.022078,1363,4,UDP,443,52783,,forward,20260823_155349_messaging_001_f90a,Messaging
1787480647.022078,1363,4,UDP,443,52783,,forward,20260823_155349_messaging_001_f90a,Messaging
1787480647.022078,1363,4,UDP,443,52783,,forward,20260823_155349_messaging_001_f90a,Messaging
1787480647.022078,1363,4,UDP,443,52783,,forward,20260823_155349_messaging_001_f90a,Messaging
1787480647.022078,1363,4,UDP,443,52783,,forward,20260823_155349_messaging_001_f90a,Messaging
1787480647.022078,1363,4,UDP,443,52783,,forward,20260823_155349_messaging_001_f90a,Messaging
1787480647.022078,1363,4,UDP,443,52783,,forward,20260823_155349_messaging_001_f90a,Messaging
1787480647.022078,1363,4,UDP,443,52783,,forward,20260823_155349_messaging_001_f90a,Messaging
1787480647.022078,1363,4,UDP,443,52783,,forward,20260823_155349_messaging_001_f90a,Messaging
1787480647.022078,1363,4,UDP,443,52783,,forward,20260823_155349_messaging_001_f90a,Messaging
1787480647.022078,1363,4,UDP,443,52783,,forward,20260823_155349_messaging_001_f90a,Messaging
1787480647.022078,1363,4,UDP,443,52783,,forward,20260823_155349_messaging_001_f90a,Messaging
1787480647.022078,1363,4,UDP,443,52783,,forward,20260823_155349_messaging_001_f90a,Messaging
1787480647.022078,1363,4,UDP,443,52783,,forward,20260823_155349_messaging_001_f90a,Messaging
1787480647.022554,89,4,UDP,52783,443,,forward,20260823_155349_messaging_001_f90a,Messaging
1787480647.023582,336,4,UDP,52783,443,,forward,20260823_155349_messaging_001_f90a,Messaging
1787480647.023757,252,4,UDP,52783,443,,forward,20260823_155349_messaging_001_f90a,Messaging
1787480647.023829,166,4,UDP,52783,443,,forward,20260823_155349_messaging_001_f90a,Messaging
1787480647.037164,1363,4,UDP,443,52783,,forward,20260823_155349_messaging_001_f90a,Messaging
1787480647.037164,1363,4,UDP,443,52783,,forward,20260823_155349_messaging_001_f90a,Messaging
1787480647.037164,1363,4,UDP,443,52783,,forward,20260823_155349_messaging_001_f90a,Messaging
1787480647.037164,1363,4,UDP,443,52783,,forward,20260823_155349_messaging_001_f90a,Messaging
1787480647.037164,1363,4,UDP,443,52783,,forward,20260823_155349_messaging_001_f90a,Messaging
1787480647.037164,1363,4,UDP,443,52783,,forward,20260823_155349_messaging_001_f90a,Messaging
1787480647.037164,1363,4,UDP,443,52783,,forward,20260823_155349_messaging_001_f90a,Messaging
1787480647.037164,1363,4,UDP,443,52783,,forward,20260823_155349_messaging_001_f90a,Messaging
1787480647.037164,88,4,UDP,443,52783,,forward,20260823_155349_messaging_001_f90a,Messaging
1787480647.037164,1363,4,UDP,443,52783,,forward,20260823_155349_messaging_001_f90a,Messaging
1787480647.037164,1363,4,UDP,443,52783,,forward,20260823_155349_messaging_001_f90a,Messaging
1787480647.037164,1363,4,UDP,443,52783,,forward,20260823_155349_messaging_001_f90a,Messaging
1787480647.037164,1363,4,UDP,443,52783,,forward,20260823_155349_messaging_001_f90a,Messaging
1787480647.037164,1363,4,UDP,443,52783,,forward,20260823_155349_messaging_001_f90a,Messaging
1787480647.037164,1363,4,UDP,443,52783,,forward,20260823_155349_messaging_001_f90a,Messaging
1787480647.037164,1363,4,UDP,443,52783,,forward,20260823_155349_messaging_001_f90a,Messaging
1787480647.037164,1363,4,UDP,443,52783,,forward,20260823_155349_messaging_001_f90a,Messaging
1787480647.037164,1363,4,UDP,443,52783,,forward,20260823_155349_messaging_001_f90a,Messaging
1787480647.037164,1363,4,UDP,443,52783,,forward,20260823_155349_messaging_001_f90a,Messaging
1787480647.037164,1363,4,UDP,443,52783,,forward,20260823_155349_messaging_001_f90a,Messaging
1787480647.037164,1363,4,UDP,443,52783,,forward,20260823_155349_messaging_001_f90a,Messaging
1787480647.037164,1363,4,UDP,443,52783,,forward,20260823_155349_messaging_001_f90a,Messaging
1787480647.037164,1364,4,UDP,443,52783,,forward,20260823_155349_messaging_001_f90a,Messaging
1787480647.037164,1364,4,UDP,443,52783,,forward,20260823_155349_messaging_001_f90a,Messaging
1787480647.037164,1364,4,UDP,443,52783,,forward,20260823_155349_messaging_001_f90a,Messaging
1787480647.037164,1364,4,UDP,443,52783,,forward,20260823_155349_messaging_001_f90a,Messaging
1787480647.037164,1364,4,UDP,443,52783,,forward,20260823_155349_messaging_001_f90a,Messaging
1787480647.037164,1364,4,UDP,443,52783,,forward,20260823_155349_messaging_001_f90a,Messaging
1787480647.037164,1364,4,UDP,443,52783,,forward,20260823_155349_messaging_001_f90a,Messaging
1787480647.037164,1364,4,UDP,443,52783,,forward,20260823_155349_messaging_001_f90a,Messaging
1787480647.037164,1364,4,UDP,443,52783,,forward,20260823_155349_messaging_001_f90a,Messaging
1787480647.037164,1364,4,UDP,443,52783,,forward,20260823_155349_messaging_001_f90a,Messaging
1787480647.037164,1364,4,UDP,443,52783,,forward,20260823_155349_messaging_001_f90a,Messaging
1787480647.037164,1364,4,UDP,443,52783,,forward,20260823_155349_messaging_001_f90a,Messaging
1787480647.037164,1364,4,UDP,443,52783,,forward,20260823_155349_messaging_001_f90a,Messaging
1787480647.037164,1364,4,UDP,443,52783,,forward,20260823_155349_messaging_001_f90a,Messaging
1787480647.037164,1364,4,UDP,443,52783,,forward,20260823_155349_messaging_001_f90a,Messaging
1787480647.037164,1364,4,UDP,443,52783,,forward,20260823_155349_messaging_001_f90a,Messaging
1787480647.037164,1364,4,UDP,443,52783,,forward,20260823_155349_messaging_001_f90a,Messaging
1787480647.037164,1364,4,UDP,443,52783,,forward,20260823_155349_messaging_001_f90a,Messaging
1787480647.037164,1364,4,UDP,443,52783,,forward,20260823_155349_messaging_001_f90a,Messaging
1787480647.037164,1364,4,UDP,443,52783,,forward,20260823_155349_messaging_001_f90a,Messaging
1787480647.037164,1364,4,UDP,443,52783,,forward,20260823_155349_messaging_001_f90a,Messaging
1787480647.037164,1364,4,UDP,443,52783,,forward,20260823_155349_messaging_001_f90a,Messaging
1787480647.037164,1364,4,UDP,443,52783,,forward,20260823_155349_messaging_001_f90a,Messaging
1787480647.037164,1364,4,UDP,443,52783,,forward,20260823_155349_messaging_001_f90a,Messaging
1787480647.037164,1364,4,UDP,443,52783,,forward,20260823_155349_messaging_001_f90a,Messaging
1787480647.037164,1364,4,UDP,443,52783,,forward,20260823_155349_messaging_001_f90a,Messaging
1787480647.037164,1364,4,UDP,443,52783,,forward,20260823_155349_messaging_001_f90a,Messaging
1787480647.037311,167,4,UDP,52783,443,,forward,20260823_155349_messaging_001_f90a,Messaging
1787480647.037656,89,4,UDP,52783,443,,forward,20260823_155349_messaging_001_f90a,Messaging
1787480647.038089,166,4,UDP,52783,443,,forward,20260823_155349_messaging_001_f90a,Messaging
1787480647.038177,166,4,UDP,52783,443,,forward,20260823_155349_messaging_001_f90a,Messaging
1787480647.038345,166,4,UDP,52783,443,,forward,20260823_155349_messaging_001_f90a,Messaging
1787480647.038552,166,4,UDP,52783,443,,forward,20260823_155349_messaging_001_f90a,Messaging
1787480647.053212,167,4,UDP,52783,443,,forward,20260823_155349_messaging_001_f90a,Messaging
1787480647.053318,1363,4,UDP,443,52783,,forward,20260823_155349_messaging_001_f90a,Messaging
1787480647.053318,1372,4,UDP,443,52783,,forward,20260823_155349_messaging_001_f90a,Messaging
1787480647.053318,1364,4,UDP,443,52783,,forward,20260823_155349_messaging_001_f90a,Messaging
1787480647.053318,1364,4,UDP,443,52783,,forward,20260823_155349_messaging_001_f90a,Messaging
1787480647.053318,1364,4,UDP,443,52783,,forward,20260823_155349_messaging_001_f90a,Messaging
1787480647.053318,1364,4,UDP,443,52783,,forward,20260823_155349_messaging_001_f90a,Messaging
1787480647.053318,1364,4,UDP,443,52783,,forward,20260823_155349_messaging_001_f90a,Messaging
1787480647.053318,1364,4,UDP,443,52783,,forward,20260823_155349_messaging_001_f90a,Messaging
1787480647.053318,1364,4,UDP,443,52783,,forward,20260823_155349_messaging_001_f90a,Messaging
1787480647.053318,1364,4,UDP,443,52783,,forward,20260823_155349_messaging_001_f90a,Messaging
1787480647.053318,1364,4,UDP,443,52783,,forward,20260823_155349_messaging_001_f90a,Messaging
1787480647.053318,1364,4,UDP,443,52783,,forward,20260823_155349_messaging_001_f90a,Messaging
1787480647.053318,220,4,UDP,443,52783,,forward,20260823_155349_messaging_001_f90a,Messaging
1787480647.053318,1364,4,UDP,443,52783,,forward,20260823_155349_messaging_001_f90a,Messaging
1787480647.053318,1364,4,UDP,443,52783,,forward,20260823_155349_messaging_001_f90a,Messaging
1787480647.053318,1364,4,UDP,443,52783,,forward,20260823_155349_messaging_001_f90a,Messaging
1787480647.053318,1364,4,UDP,443,52783,,forward,20260823_155349_messaging_001_f90a,Messaging
1787480647.053318,1364,4,UDP,443,52783,,forward,20260823_155349_messaging_001_f90a,Messaging
1787480647.053318,1364,4,UDP,443,52783,,forward,20260823_155349_messaging_001_f90a,Messaging
1787480647.053318,1364,4,UDP,443,52783,,forward,20260823_155349_messaging_001_f90a,Messaging
1787480647.053318,1364,4,UDP,443,52783,,forward,20260823_155349_messaging_001_f90a,Messaging
1787480647.053318,1364,4,UDP,443,52783,,forward,20260823_155349_messaging_001_f90a,Messaging
1787480647.053318,1364,4,UDP,443,52783,,forward,20260823_155349_messaging_001_f90a,Messaging
1787480647.053318,1364,4,UDP,443,52783,,forward,20260823_155349_messaging_001_f90a,Messaging
1787480647.053318,1364,4,UDP,443,52783,,forward,20260823_155349_messaging_001_f90a,Messaging
1787480647.053318,1364,4,UDP,443,52783,,forward,20260823_155349_messaging_001_f90a,Messaging
1787480647.053318,1364,4,UDP,443,52783,,forward,20260823_155349_messaging_001_f90a,Messaging
1787480647.053318,1364,4,UDP,443,52783,,forward,20260823_155349_messaging_001_f90a,Messaging
1787480647.053318,1364,4,UDP,443,52783,,forward,20260823_155349_messaging_001_f90a,Messaging
1787480647.053318,1364,4,UDP,443,52783,,forward,20260823_155349_messaging_001_f90a,Messaging
1787480647.053318,1364,4,UDP,443,52783,,forward,20260823_155349_messaging_001_f90a,Messaging
1787480647.053318,1364,4,UDP,443,52783,,forward,20260823_155349_messaging_001_f90a,Messaging
1787480647.053318,1364,4,UDP,443,52783,,forward,20260823_155349_messaging_001_f90a,Messaging
1787480647.053318,1364,4,UDP,443,52783,,forward,20260823_155349_messaging_001_f90a,Messaging
1787480647.053318,1364,4,UDP,443,52783,,forward,20260823_155349_messaging_001_f90a,Messaging
1787480647.053318,1364,4,UDP,443,52783,,forward,20260823_155349_messaging_001_f90a,Messaging
1787480647.053318,1364,4,UDP,443,52783,,forward,20260823_155349_messaging_001_f90a,Messaging
1787480647.053318,89,4,UDP,443,52783,,forward,20260823_155349_messaging_001_f90a,Messaging
1787480647.053318,1364,4,UDP,443,52783,,forward,20260823_155349_messaging_001_f90a,Messaging
1787480647.053318,1364,4,UDP,443,52783,,forward,20260823_155349_messaging_001_f90a,Messaging
1787480647.053318,1364,4,UDP,443,52783,,forward,20260823_155349_messaging_001_f90a,Messaging
1787480647.053318,1364,4,UDP,443,52783,,forward,20260823_155349_messaging_001_f90a,Messaging
1787480647.053318,1364,4,UDP,443,52783,,forward,20260823_155349_messaging_001_f90a,Messaging
1787480647.053318,1364,4,UDP,443,52783,,forward,20260823_155349_messaging_001_f90a,Messaging
1787480647.053318,1364,4,UDP,443,52783,,forward,20260823_155349_messaging_001_f90a,Messaging
1787480647.053318,1364,4,UDP,443,52783,,forward,20260823_155349_messaging_001_f90a,Messaging
1787480647.053318,1364,4,UDP,443,52783,,forward,20260823_155349_messaging_001_f90a,Messaging
1787480647.053318,1364,4,UDP,443,52783,,forward,20260823_155349_messaging_001_f90a,Messaging
1787480647.053318,1364,4,UDP,443,52783,,forward,20260823_155349_messaging_001_f90a,Messaging
1787480647.053318,1364,4,UDP,443,52783,,forward,20260823_155349_messaging_001_f90a,Messaging
1787480647.053318,1364,4,UDP,443,52783,,forward,20260823_155349_messaging_001_f90a,Messaging
1787480647.053318,1364,4,UDP,443,52783,,forward,20260823_155349_messaging_001_f90a,Messaging
1787480647.053318,1364,4,UDP,443,52783,,forward,20260823_155349_messaging_001_f90a,Messaging
1787480647.053318,1364,4,UDP,443,52783,,forward,20260823_155349_messaging_001_f90a,Messaging
1787480647.053318,1364,4,UDP,443,52783,,forward,20260823_155349_messaging_001_f90a,Messaging
1787480647.053318,1364,4,UDP,443,52783,,forward,20260823_155349_messaging_001_f90a,Messaging
1787480647.053318,1364,4,UDP,443,52783,,forward,20260823_155349_messaging_001_f90a,Messaging
1787480647.053318,1364,4,UDP,443,52783,,forward,20260823_155349_messaging_001_f90a,Messaging
1787480647.053318,1364,4,UDP,443,52783,,forward,20260823_155349_messaging_001_f90a,Messaging
1787480647.053318,1364,4,UDP,443,52783,,forward,20260823_155349_messaging_001_f90a,Messaging
1787480647.053318,1364,4,UDP,443,52783,,forward,20260823_155349_messaging_001_f90a,Messaging
1787480647.053318,1364,4,UDP,443,52783,,forward,20260823_155349_messaging_001_f90a,Messaging
1787480647.053318,1364,4,UDP,443,52783,,forward,20260823_155349_messaging_001_f90a,Messaging
1787480647.053318,1364,4,UDP,443,52783,,forward,20260823_155349_messaging_001_f90a,Messaging
1787480647.053318,1364,4,UDP,443,52783,,forward,20260823_155349_messaging_001_f90a,Messaging
1787480647.053318,1364,4,UDP,443,52783,,forward,20260823_155349_messaging_001_f90a,Messaging
1787480647.053318,1364,4,UDP,443,52783,,forward,20260823_155349_messaging_001_f90a,Messaging
1787480647.053318,1364,4,UDP,443,52783,,forward,20260823_155349_messaging_001_f90a,Messaging
1787480647.053318,1364,4,UDP,443,52783,,forward,20260823_155349_messaging_001_f90a,Messaging
1787480647.053318,1364,4,UDP,443,52783,,forward,20260823_155349_messaging_001_f90a,Messaging
1787480647.053318,1364,4,UDP,443,52783,,forward,20260823_155349_messaging_001_f90a,Messaging
1787480647.053318,1364,4,UDP,443,52783,,forward,20260823_155349_messaging_001_f90a,Messaging
1787480647.053318,1364,4,UDP,443,52783,,forward,20260823_155349_messaging_001_f90a,Messaging
1787480647.053318,1364,4,UDP,443,52783,,forward,20260823_155349_messaging_001_f90a,Messaging
1787480647.053318,1364,4,UDP,443,52783,,forward,20260823_155349_messaging_001_f90a,Messaging
1787480647.053318,1364,4,UDP,443,52783,,forward,20260823_155349_messaging_001_f90a,Messaging
1787480647.053318,1364,4,UDP,443,52783,,forward,20260823_155349_messaging_001_f90a,Messaging
1787480647.053318,1364,4,UDP,443,52783,,forward,20260823_155349_messaging_001_f90a,Messaging
1787480647.053318,1364,4,UDP,443,52783,,forward,20260823_155349_messaging_001_f90a,Messaging
1787480647.053318,1364,4,UDP,443,52783,,forward,20260823_155349_messaging_001_f90a,Messaging
1787480647.053318,1364,4,UDP,443,52783,,forward,20260823_155349_messaging_001_f90a,Messaging
1787480647.053318,1364,4,UDP,443,52783,,forward,20260823_155349_messaging_001_f90a,Messaging
1787480647.054146,89,4,UDP,52783,443,,forward,20260823_155349_messaging_001_f90a,Messaging
1787480647.054607,166,4,UDP,52783,443,,forward,20260823_155349_messaging_001_f90a,Messaging
1787480647.054661,166,4,UDP,52783,443,,forward,20260823_155349_messaging_001_f90a,Messaging
1787480647.054806,166,4,UDP,52783,443,,forward,20260823_155349_messaging_001_f90a,Messaging
1787480647.05504,171,4,UDP,52783,443,,forward,20260823_155349_messaging_001_f90a,Messaging
1787480647.055111,166,4,UDP,52783,443,,forward,20260823_155349_messaging_001_f90a,Messaging
1787480647.055239,166,4,UDP,52783,443,,forward,20260823_155349_messaging_001_f90a,Messaging
1787480647.055482,166,4,UDP,52783,443,,forward,20260823_155349_messaging_001_f90a,Messaging
1787480647.055549,166,4,UDP,52783,443,,forward,20260823_155349_messaging_001_f90a,Messaging
1787480647.068819,1364,4,UDP,443,52783,,forward,20260823_155349_messaging_001_f90a,Messaging
1787480647.068819,1364,4,UDP,443,52783,,forward,20260823_155349_messaging_001_f90a,Messaging
1787480647.068819,1364,4,UDP,443,52783,,forward,20260823_155349_messaging_001_f90a,Messaging
1787480647.068819,1364,4,UDP,443,52783,,forward,20260823_155349_messaging_001_f90a,Messaging
1787480647.068819,1364,4,UDP,443,52783,,forward,20260823_155349_messaging_001_f90a,Messaging
1787480647.068819,1364,4,UDP,443,52783,,forward,20260823_155349_messaging_001_f90a,Messaging
1787480647.068819,1364,4,UDP,443,52783,,forward,20260823_155349_messaging_001_f90a,Messaging
1787480647.068819,1364,4,UDP,443,52783,,forward,20260823_155349_messaging_001_f90a,Messaging
1787480647.068819,1364,4,UDP,443,52783,,forward,20260823_155349_messaging_001_f90a,Messaging
1787480647.068819,1364,4,UDP,443,52783,,forward,20260823_155349_messaging_001_f90a,Messaging
1787480647.068819,1364,4,UDP,443,52783,,forward,20260823_155349_messaging_001_f90a,Messaging
1787480647.068819,1364,4,UDP,443,52783,,forward,20260823_155349_messaging_001_f90a,Messaging
1787480647.068819,89,4,UDP,443,52783,,forward,20260823_155349_messaging_001_f90a,Messaging
1787480647.068819,1364,4,UDP,443,52783,,forward,20260823_155349_messaging_001_f90a,Messaging
1787480647.068819,1364,4,UDP,443,52783,,forward,20260823_155349_messaging_001_f90a,Messaging
1787480647.068819,1364,4,UDP,443,52783,,forward,20260823_155349_messaging_001_f90a,Messaging
1787480647.068819,1364,4,UDP,443,52783,,forward,20260823_155349_messaging_001_f90a,Messaging
1787480647.068819,1364,4,UDP,443,52783,,forward,20260823_155349_messaging_001_f90a,Messaging
1787480647.068819,1364,4,UDP,443,52783,,forward,20260823_155349_messaging_001_f90a,Messaging
1787480647.068819,1364,4,UDP,443,52783,,forward,20260823_155349_messaging_001_f90a,Messaging
1787480647.068819,1364,4,UDP,443,52783,,forward,20260823_155349_messaging_001_f90a,Messaging
1787480647.068819,1364,4,UDP,443,52783,,forward,20260823_155349_messaging_001_f90a,Messaging
1787480647.068819,1364,4,UDP,443,52783,,forward,20260823_155349_messaging_001_f90a,Messaging
1787480647.068819,1364,4,UDP,443,52783,,forward,20260823_155349_messaging_001_f90a,Messaging
1787480647.068819,1364,4,UDP,443,52783,,forward,20260823_155349_messaging_001_f90a,Messaging
1787480647.068819,1364,4,UDP,443,52783,,forward,20260823_155349_messaging_001_f90a,Messaging
1787480647.068819,1364,4,UDP,443,52783,,forward,20260823_155349_messaging_001_f90a,Messaging
1787480647.068819,1364,4,UDP,443,52783,,forward,20260823_155349_messaging_001_f90a,Messaging
1787480647.068819,1364,4,UDP,443,52783,,forward,20260823_155349_messaging_001_f90a,Messaging
1787480647.068819,1364,4,UDP,443,52783,,forward,20260823_155349_messaging_001_f90a,Messaging
1787480647.068819,1364,4,UDP,443,52783,,forward,20260823_155349_messaging_001_f90a,Messaging
1787480647.068819,1364,4,UDP,443,52783,,forward,20260823_155349_messaging_001_f90a,Messaging
1787480647.068819,1364,4,UDP,443,52783,,forward,20260823_155349_messaging_001_f90a,Messaging
1787480647.068819,1364,4,UDP,443,52783,,forward,20260823_155349_messaging_001_f90a,Messaging
1787480647.068819,1364,4,UDP,443,52783,,forward,20260823_155349_messaging_001_f90a,Messaging
1787480647.068819,1364,4,UDP,443,52783,,forward,20260823_155349_messaging_001_f90a,Messaging
1787480647.068819,1364,4,UDP,443,52783,,forward,20260823_155349_messaging_001_f90a,Messaging
1787480647.068819,1364,4,UDP,443,52783,,forward,20260823_155349_messaging_001_f90a,Messaging
1787480647.068819,1364,4,UDP,443,52783,,forward,20260823_155349_messaging_001_f90a,Messaging
1787480647.068819,1364,4,UDP,443,52783,,forward,20260823_155349_messaging_001_f90a,Messaging
1787480647.068819,1364,4,UDP,443,52783,,forward,20260823_155349_messaging_001_f90a,Messaging
1787480647.068819,1364,4,UDP,443,52783,,forward,20260823_155349_messaging_001_f90a,Messaging
1787480647.068819,1364,4,UDP,443,52783,,forward,20260823_155349_messaging_001_f90a,Messaging
1787480647.068819,1364,4,UDP,443,52783,,forward,20260823_155349_messaging_001_f90a,Messaging
1787480647.068819,1364,4,UDP,443,52783,,forward,20260823_155349_messaging_001_f90a,Messaging
1787480647.068819,1364,4,UDP,443,52783,,forward,20260823_155349_messaging_001_f90a,Messaging
1787480647.068819,1364,4,UDP,443,52783,,forward,20260823_155349_messaging_001_f90a,Messaging
1787480647.068819,1364,4,UDP,443,52783,,forward,20260823_155349_messaging_001_f90a,Messaging
1787480647.068819,1364,4,UDP,443,52783,,forward,20260823_155349_messaging_001_f90a,Messaging
1787480647.068819,1364,4,UDP,443,52783,,forward,20260823_155349_messaging_001_f90a,Messaging
1787480647.068819,1364,4,UDP,443,52783,,forward,20260823_155349_messaging_001_f90a,Messaging
1787480647.068819,1364,4,UDP,443,52783,,forward,20260823_155349_messaging_001_f90a,Messaging
1787480647.068819,1364,4,UDP,443,52783,,forward,20260823_155349_messaging_001_f90a,Messaging
1787480647.068819,1364,4,UDP,443,52783,,forward,20260823_155349_messaging_001_f90a,Messaging
1787480647.068819,1364,4,UDP,443,52783,,forward,20260823_155349_messaging_001_f90a,Messaging
1787480647.068819,1364,4,UDP,443,52783,,forward,20260823_155349_messaging_001_f90a,Messaging
1787480647.068819,1364,4,UDP,443,52783,,forward,20260823_155349_messaging_001_f90a,Messaging
1787480647.068819,1364,4,UDP,443,52783,,forward,20260823_155349_messaging_001_f90a,Messaging
1787480647.068819,1364,4,UDP,443,52783,,forward,20260823_155349_messaging_001_f90a,Messaging
1787480647.068819,1364,4,UDP,443,52783,,forward,20260823_155349_messaging_001_f90a,Messaging
1787480647.068819,1364,4,UDP,443,52783,,forward,20260823_155349_messaging_001_f90a,Messaging
1787480647.068819,1364,4,UDP,443,52783,,forward,20260823_155349_messaging_001_f90a,Messaging
1787480647.068819,1364,4,UDP,443,52783,,forward,20260823_155349_messaging_001_f90a,Messaging
1787480647.068819,1364,4,UDP,443,52783,,forward,20260823_155349_messaging_001_f90a,Messaging
1787480647.068819,1364,4,UDP,443,52783,,forward,20260823_155349_messaging_001_f90a,Messaging
1787480647.069468,89,4,UDP,52783,443,,forward,20260823_155349_messaging_001_f90a,Messaging
1787480647.069944,166,4,UDP,52783,443,,forward,20260823_155349_messaging_001_f90a,Messaging
1787480647.070006,166,4,UDP,52783,443,,forward,20260823_155349_messaging_001_f90a,Messaging
1787480647.070148,166,4,UDP,52783,443,,forward,20260823_155349_messaging_001_f90a,Messaging
1787480647.070512,166,4,UDP,52783,443,,forward,20260823_155349_messaging_001_f90a,Messaging
1787480647.070704,252,4,UDP,52783,443,,forward,20260823_155349_messaging_001_f90a,Messaging
1787480647.071552,1364,4,UDP,443,52783,,forward,20260823_155349_messaging_001_f90a,Messaging
1787480647.071552,1364,4,UDP,443,52783,,forward,20260823_155349_messaging_001_f90a,Messaging
1787480647.071552,1364,4,UDP,443,52783,,forward,20260823_155349_messaging_001_f90a,Messaging
1787480647.071552,1364,4,UDP,443,52783,,forward,20260823_155349_messaging_001_f90a,Messaging
1787480647.071552,1364,4,UDP,443,52783,,forward,20260823_155349_messaging_001_f90a,Messaging
1787480647.071552,1364,4,UDP,443,52783,,forward,20260823_155349_messaging_001_f90a,Messaging
1787480647.071552,1364,4,UDP,443,52783,,forward,20260823_155349_messaging_001_f90a,Messaging
1787480647.071552,1364,4,UDP,443,52783,,forward,20260823_155349_messaging_001_f90a,Messaging
1787480647.071552,1364,4,UDP,443,52783,,forward,20260823_155349_messaging_001_f90a,Messaging
1787480647.071552,1364,4,UDP,443,52783,,forward,20260823_155349_messaging_001_f90a,Messaging
1787480647.071552,1364,4,UDP,443,52783,,forward,20260823_155349_messaging_001_f90a,Messaging
1787480647.071552,1364,4,UDP,443,52783,,forward,20260823_155349_messaging_001_f90a,Messaging
1787480647.071552,89,4,UDP,443,52783,,forward,20260823_155349_messaging_001_f90a,Messaging
1787480647.071915,89,4,UDP,52783,443,,forward,20260823_155349_messaging_001_f90a,Messaging
1787480647.072422,166,4,UDP,52783,443,,forward,20260823_155349_messaging_001_f90a,Messaging
1787480647.084513,167,4,UDP,52783,443,,forward,20260823_155349_messaging_001_f90a,Messaging
1787480647.084427,1364,4,UDP,443,52783,,forward,20260823_155349_messaging_001_f90a,Messaging
1787480647.084427,1364,4,UDP,443,52783,,forward,20260823_155349_messaging_001_f90a,Messaging
1787480647.084427,1364,4,UDP,443,52783,,forward,20260823_155349_messaging_001_f90a,Messaging
1787480647.084427,1364,4,UDP,443,52783,,forward,20260823_155349_messaging_001_f90a,Messaging
1787480647.084427,1364,4,UDP,443,52783,,forward,20260823_155349_messaging_001_f90a,Messaging
1787480647.084427,1364,4,UDP,443,52783,,forward,20260823_155349_messaging_001_f90a,Messaging
1787480647.084427,1364,4,UDP,443,52783,,forward,20260823_155349_messaging_001_f90a,Messaging
1787480647.084427,1364,4,UDP,443,52783,,forward,20260823_155349_messaging_001_f90a,Messaging
1787480647.084427,1364,4,UDP,443,52783,,forward,20260823_155349_messaging_001_f90a,Messaging
1787480647.084427,1364,4,UDP,443,52783,,forward,20260823_155349_messaging_001_f90a,Messaging
1787480647.084427,1364,4,UDP,443,52783,,forward,20260823_155349_messaging_001_f90a,Messaging
1787480647.084427,1364,4,UDP,443,52783,,forward,20260823_155349_messaging_001_f90a,Messaging
1787480647.084427,1364,4,UDP,443,52783,,forward,20260823_155349_messaging_001_f90a,Messaging
1787480647.084427,1364,4,UDP,443,52783,,forward,20260823_155349_messaging_001_f90a,Messaging
1787480647.084427,1364,4,UDP,443,52783,,forward,20260823_155349_messaging_001_f90a,Messaging
1787480647.084427,1364,4,UDP,443,52783,,forward,20260823_155349_messaging_001_f90a,Messaging
1787480647.084427,1364,4,UDP,443,52783,,forward,20260823_155349_messaging_001_f90a,Messaging
1787480647.084427,1364,4,UDP,443,52783,,forward,20260823_155349_messaging_001_f90a,Messaging
1787480647.084427,1364,4,UDP,443,52783,,forward,20260823_155349_messaging_001_f90a,Messaging
1787480647.084427,1364,4,UDP,443,52783,,forward,20260823_155349_messaging_001_f90a,Messaging
1787480647.084427,1364,4,UDP,443,52783,,forward,20260823_155349_messaging_001_f90a,Messaging
1787480647.084427,1364,4,UDP,443,52783,,forward,20260823_155349_messaging_001_f90a,Messaging
1787480647.084427,1364,4,UDP,443,52783,,forward,20260823_155349_messaging_001_f90a,Messaging
1787480647.084427,1364,4,UDP,443,52783,,forward,20260823_155349_messaging_001_f90a,Messaging
1787480647.084427,1364,4,UDP,443,52783,,forward,20260823_155349_messaging_001_f90a,Messaging
1787480647.084427,1364,4,UDP,443,52783,,forward,20260823_155349_messaging_001_f90a,Messaging
1787480647.084427,1364,4,UDP,443,52783,,forward,20260823_155349_messaging_001_f90a,Messaging
1787480647.084427,1364,4,UDP,443,52783,,forward,20260823_155349_messaging_001_f90a,Messaging
1787480647.084427,1364,4,UDP,443,52783,,forward,20260823_155349_messaging_001_f90a,Messaging
1787480647.084427,1364,4,UDP,443,52783,,forward,20260823_155349_messaging_001_f90a,Messaging
1787480647.084427,1364,4,UDP,443,52783,,forward,20260823_155349_messaging_001_f90a,Messaging
1787480647.084427,1364,4,UDP,443,52783,,forward,20260823_155349_messaging_001_f90a,Messaging
1787480647.084427,1364,4,UDP,443,52783,,forward,20260823_155349_messaging_001_f90a,Messaging
1787480647.084427,1364,4,UDP,443,52783,,forward,20260823_155349_messaging_001_f90a,Messaging
1787480647.084427,1364,4,UDP,443,52783,,forward,20260823_155349_messaging_001_f90a,Messaging
1787480647.084427,1364,4,UDP,443,52783,,forward,20260823_155349_messaging_001_f90a,Messaging
1787480647.084427,1364,4,UDP,443,52783,,forward,20260823_155349_messaging_001_f90a,Messaging
1787480647.084427,1364,4,UDP,443,52783,,forward,20260823_155349_messaging_001_f90a,Messaging
1787480647.084427,1364,4,UDP,443,52783,,forward,20260823_155349_messaging_001_f90a,Messaging
1787480647.084427,1364,4,UDP,443,52783,,forward,20260823_155349_messaging_001_f90a,Messaging
1787480647.084427,1364,4,UDP,443,52783,,forward,20260823_155349_messaging_001_f90a,Messaging
1787480647.084427,1364,4,UDP,443,52783,,forward,20260823_155349_messaging_001_f90a,Messaging
1787480647.084427,1364,4,UDP,443,52783,,forward,20260823_155349_messaging_001_f90a,Messaging
1787480647.084427,1364,4,UDP,443,52783,,forward,20260823_155349_messaging_001_f90a,Messaging
1787480647.084427,1364,4,UDP,443,52783,,forward,20260823_155349_messaging_001_f90a,Messaging
1787480647.084427,1364,4,UDP,443,52783,,forward,20260823_155349_messaging_001_f90a,Messaging
1787480647.084427,1364,4,UDP,443,52783,,forward,20260823_155349_messaging_001_f90a,Messaging
1787480647.084427,1364,4,UDP,443,52783,,forward,20260823_155349_messaging_001_f90a,Messaging
1787480647.084427,1364,4,UDP,443,52783,,forward,20260823_155349_messaging_001_f90a,Messaging
1787480647.084427,1364,4,UDP,443,52783,,forward,20260823_155349_messaging_001_f90a,Messaging
1787480647.084427,1364,4,UDP,443,52783,,forward,20260823_155349_messaging_001_f90a,Messaging
1787480647.084427,1364,4,UDP,443,52783,,forward,20260823_155349_messaging_001_f90a,Messaging
1787480647.085056,89,4,UDP,52783,443,,forward,20260823_155349_messaging_001_f90a,Messaging
1787480647.085888,166,4,UDP,52783,443,,forward,20260823_155349_messaging_001_f90a,Messaging
1787480647.085972,166,4,UDP,52783,443,,forward,20260823_155349_messaging_001_f90a,Messaging
1787480647.086085,166,4,UDP,52783,443,,forward,20260823_155349_messaging_001_f90a,Messaging
1787480647.086364,166,4,UDP,52783,443,,forward,20260823_155349_messaging_001_f90a,Messaging
1787480647.086497,166,4,UDP,52783,443,,forward,20260823_155349_messaging_001_f90a,Messaging
1787480647.099803,167,4,UDP,52783,443,,forward,20260823_155349_messaging_001_f90a,Messaging
1787480647.099926,125,4,UDP,52783,443,,forward,20260823_155349_messaging_001_f90a,Messaging
1787480647.099858,1364,4,UDP,443,52783,,forward,20260823_155349_messaging_001_f90a,Messaging
1787480647.099858,1364,4,UDP,443,52783,,forward,20260823_155349_messaging_001_f90a,Messaging
1787480647.099858,1364,4,UDP,443,52783,,forward,20260823_155349_messaging_001_f90a,Messaging
1787480647.099858,1364,4,UDP,443,52783,,forward,20260823_155349_messaging_001_f90a,Messaging
1787480647.099858,1364,4,UDP,443,52783,,forward,20260823_155349_messaging_001_f90a,Messaging
1787480647.099858,1364,4,UDP,443,52783,,forward,20260823_155349_messaging_001_f90a,Messaging
1787480647.099858,1364,4,UDP,443,52783,,forward,20260823_155349_messaging_001_f90a,Messaging
1787480647.099858,1364,4,UDP,443,52783,,forward,20260823_155349_messaging_001_f90a,Messaging
1787480647.099858,89,4,UDP,443,52783,,forward,20260823_155349_messaging_001_f90a,Messaging
1787480647.099858,1364,4,UDP,443,52783,,forward,20260823_155349_messaging_001_f90a,Messaging
1787480647.099858,1364,4,UDP,443,52783,,forward,20260823_155349_messaging_001_f90a,Messaging
1787480647.099858,1364,4,UDP,443,52783,,forward,20260823_155349_messaging_001_f90a,Messaging
1787480647.099858,1364,4,UDP,443,52783,,forward,20260823_155349_messaging_001_f90a,Messaging
1787480647.099858,1364,4,UDP,443,52783,,forward,20260823_155349_messaging_001_f90a,Messaging
1787480647.099858,1364,4,UDP,443,52783,,forward,20260823_155349_messaging_001_f90a,Messaging
1787480647.099858,1364,4,UDP,443,52783,,forward,20260823_155349_messaging_001_f90a,Messaging
1787480647.099858,1364,4,UDP,443,52783,,forward,20260823_155349_messaging_001_f90a,Messaging
1787480647.099858,1364,4,UDP,443,52783,,forward,20260823_155349_messaging_001_f90a,Messaging
1787480647.099858,1364,4,UDP,443,52783,,forward,20260823_155349_messaging_001_f90a,Messaging
1787480647.099858,1364,4,UDP,443,52783,,forward,20260823_155349_messaging_001_f90a,Messaging
1787480647.099858,1364,4,UDP,443,52783,,forward,20260823_155349_messaging_001_f90a,Messaging
1787480647.099858,1364,4,UDP,443,52783,,forward,20260823_155349_messaging_001_f90a,Messaging
1787480647.099858,1364,4,UDP,443,52783,,forward,20260823_155349_messaging_001_f90a,Messaging
1787480647.099858,1364,4,UDP,443,52783,,forward,20260823_155349_messaging_001_f90a,Messaging
1787480647.099858,1364,4,UDP,443,52783,,forward,20260823_155349_messaging_001_f90a,Messaging
1787480647.099858,1364,4,UDP,443,52783,,forward,20260823_155349_messaging_001_f90a,Messaging
1787480647.099858,1364,4,UDP,443,52783,,forward,20260823_155349_messaging_001_f90a,Messaging
1787480647.099858,1364,4,UDP,443,52783,,forward,20260823_155349_messaging_001_f90a,Messaging
1787480647.099858,1364,4,UDP,443,52783,,forward,20260823_155349_messaging_001_f90a,Messaging
1787480647.099858,1364,4,UDP,443,52783,,forward,20260823_155349_messaging_001_f90a,Messaging
1787480647.099858,1364,4,UDP,443,52783,,forward,20260823_155349_messaging_001_f90a,Messaging
1787480647.099858,1364,4,UDP,443,52783,,forward,20260823_155349_messaging_001_f90a,Messaging
1787480647.099858,1364,4,UDP,443,52783,,forward,20260823_155349_messaging_001_f90a,Messaging
1787480647.099858,1364,4,UDP,443,52783,,forward,20260823_155349_messaging_001_f90a,Messaging
1787480647.099858,1364,4,UDP,443,52783,,forward,20260823_155349_messaging_001_f90a,Messaging
1787480647.099858,1364,4,UDP,443,52783,,forward,20260823_155349_messaging_001_f90a,Messaging
1787480647.099858,1364,4,UDP,443,52783,,forward,20260823_155349_messaging_001_f90a,Messaging
1787480647.099858,1364,4,UDP,443,52783,,forward,20260823_155349_messaging_001_f90a,Messaging
1787480647.099858,1364,4,UDP,443,52783,,forward,20260823_155349_messaging_001_f90a,Messaging
1787480647.099858,1364,4,UDP,443,52783,,forward,20260823_155349_messaging_001_f90a,Messaging
1787480647.099858,1364,4,UDP,443,52783,,forward,20260823_155349_messaging_001_f90a,Messaging
1787480647.099858,1364,4,UDP,443,52783,,forward,20260823_155349_messaging_001_f90a,Messaging
1787480647.099858,1364,4,UDP,443,52783,,forward,20260823_155349_messaging_001_f90a,Messaging
1787480647.099858,1364,4,UDP,443,52783,,forward,20260823_155349_messaging_001_f90a,Messaging
1787480647.099858,1364,4,UDP,443,52783,,forward,20260823_155349_messaging_001_f90a,Messaging
1787480647.099858,1364,4,UDP,443,52783,,forward,20260823_155349_messaging_001_f90a,Messaging
1787480647.099858,1364,4,UDP,443,52783,,forward,20260823_155349_messaging_001_f90a,Messaging
1787480647.099858,1364,4,UDP,443,52783,,forward,20260823_155349_messaging_001_f90a,Messaging
1787480647.099858,1364,4,UDP,443,52783,,forward,20260823_155349_messaging_001_f90a,Messaging
1787480647.099858,1364,4,UDP,443,52783,,forward,20260823_155349_messaging_001_f90a,Messaging
1787480647.099858,1364,4,UDP,443,52783,,forward,20260823_155349_messaging_001_f90a,Messaging
1787480647.099858,1364,4,UDP,443,52783,,forward,20260823_155349_messaging_001_f90a,Messaging
1787480647.099858,1364,4,UDP,443,52783,,forward,20260823_155349_messaging_001_f90a,Messaging
1787480647.099858,1364,4,UDP,443,52783,,forward,20260823_155349_messaging_001_f90a,Messaging
1787480647.099858,1364,4,UDP,443,52783,,forward,20260823_155349_messaging_001_f90a,Messaging
1787480647.099858,1364,4,UDP,443,52783,,forward,20260823_155349_messaging_001_f90a,Messaging
1787480647.099858,1364,4,UDP,443,52783,,forward,20260823_155349_messaging_001_f90a,Messaging
1787480647.099858,1364,4,UDP,443,52783,,forward,20260823_155349_messaging_001_f90a,Messaging
1787480647.099858,1364,4,UDP,443,52783,,forward,20260823_155349_messaging_001_f90a,Messaging
1787480647.099858,1364,4,UDP,443,52783,,forward,20260823_155349_messaging_001_f90a,Messaging
1787480647.099858,1364,4,UDP,443,52783,,forward,20260823_155349_messaging_001_f90a,Messaging
1787480647.099858,1364,4,UDP,443,52783,,forward,20260823_155349_messaging_001_f90a,Messaging
1787480647.099858,1364,4,UDP,443,52783,,forward,20260823_155349_messaging_001_f90a,Messaging
1787480647.099858,1364,4,UDP,443,52783,,forward,20260823_155349_messaging_001_f90a,Messaging
1787480647.099858,1364,4,UDP,443,52783,,forward,20260823_155349_messaging_001_f90a,Messaging
1787480647.100585,89,4,UDP,52783,443,,forward,20260823_155349_messaging_001_f90a,Messaging
1787480647.101202,166,4,UDP,52783,443,,forward,20260823_155349_messaging_001_f90a,Messaging
1787480647.101275,171,4,UDP,52783,443,,forward,20260823_155349_messaging_001_f90a,Messaging
1787480647.101475,166,4,UDP,52783,443,,forward,20260823_155349_messaging_001_f90a,Messaging
1787480647.101724,166,4,UDP,52783,443,,forward,20260823_155349_messaging_001_f90a,Messaging
1787480647.10178,166,4,UDP,52783,443,,forward,20260823_155349_messaging_001_f90a,Messaging
1787480647.102384,166,4,UDP,52783,443,,forward,20260823_155349_messaging_001_f90a,Messaging
1787480647.106223,1364,4,UDP,443,52783,,forward,20260823_155349_messaging_001_f90a,Messaging
1787480647.106223,1364,4,UDP,443,52783,,forward,20260823_155349_messaging_001_f90a,Messaging
1787480647.106223,1364,4,UDP,443,52783,,forward,20260823_155349_messaging_001_f90a,Messaging
1787480647.106223,1364,4,UDP,443,52783,,forward,20260823_155349_messaging_001_f90a,Messaging
1787480647.106223,1364,4,UDP,443,52783,,forward,20260823_155349_messaging_001_f90a,Messaging
1787480647.106223,1364,4,UDP,443,52783,,forward,20260823_155349_messaging_001_f90a,Messaging
1787480647.106223,1364,4,UDP,443,52783,,forward,20260823_155349_messaging_001_f90a,Messaging
1787480647.106223,1364,4,UDP,443,52783,,forward,20260823_155349_messaging_001_f90a,Messaging
1787480647.106223,1364,4,UDP,443,52783,,forward,20260823_155349_messaging_001_f90a,Messaging
1787480647.106223,1364,4,UDP,443,52783,,forward,20260823_155349_messaging_001_f90a,Messaging
1787480647.106223,1364,4,UDP,443,52783,,forward,20260823_155349_messaging_001_f90a,Messaging
1787480647.106223,1364,4,UDP,443,52783,,forward,20260823_155349_messaging_001_f90a,Messaging
1787480647.106223,1364,4,UDP,443,52783,,forward,20260823_155349_messaging_001_f90a,Messaging
1787480647.106223,1364,4,UDP,443,52783,,forward,20260823_155349_messaging_001_f90a,Messaging
1787480647.106223,1364,4,UDP,443,52783,,forward,20260823_155349_messaging_001_f90a,Messaging
1787480647.106223,1364,4,UDP,443,52783,,forward,20260823_155349_messaging_001_f90a,Messaging
1787480647.106223,89,4,UDP,443,52783,,forward,20260823_155349_messaging_001_f90a,Messaging
1787480647.106223,89,4,UDP,443,52783,,forward,20260823_155349_messaging_001_f90a,Messaging
1787480647.106223,1364,4,UDP,443,52783,,forward,20260823_155349_messaging_001_f90a,Messaging
1787480647.106223,1364,4,UDP,443,52783,,forward,20260823_155349_messaging_001_f90a,Messaging
1787480647.106223,1364,4,UDP,443,52783,,forward,20260823_155349_messaging_001_f90a,Messaging
1787480647.106223,1364,4,UDP,443,52783,,forward,20260823_155349_messaging_001_f90a,Messaging
1787480647.106223,1364,4,UDP,443,52783,,forward,20260823_155349_messaging_001_f90a,Messaging
1787480647.106223,1364,4,UDP,443,52783,,forward,20260823_155349_messaging_001_f90a,Messaging
1787480647.106223,1364,4,UDP,443,52783,,forward,20260823_155349_messaging_001_f90a,Messaging
1787480647.106223,1364,4,UDP,443,52783,,forward,20260823_155349_messaging_001_f90a,Messaging
1787480647.106223,1364,4,UDP,443,52783,,forward,20260823_155349_messaging_001_f90a,Messaging
1787480647.106223,1364,4,UDP,443,52783,,forward,20260823_155349_messaging_001_f90a,Messaging
1787480647.106223,1364,4,UDP,443,52783,,forward,20260823_155349_messaging_001_f90a,Messaging
1787480647.106223,1364,4,UDP,443,52783,,forward,20260823_155349_messaging_001_f90a,Messaging
1787480647.106738,89,4,UDP,52783,443,,forward,20260823_155349_messaging_001_f90a,Messaging
1787480647.107322,166,4,UDP,52783,443,,forward,20260823_155349_messaging_001_f90a,Messaging
1787480647.107401,166,4,UDP,52783,443,,forward,20260823_155349_messaging_001_f90a,Messaging
1787480647.107514,166,4,UDP,52783,443,,forward,20260823_155349_messaging_001_f90a,Messaging
1787480647.114755,1364,4,UDP,443,52783,,forward,20260823_155349_messaging_001_f90a,Messaging
1787480647.114755,1364,4,UDP,443,52783,,forward,20260823_155349_messaging_001_f90a,Messaging
1787480647.114755,1364,4,UDP,443,52783,,forward,20260823_155349_messaging_001_f90a,Messaging
1787480647.114755,1364,4,UDP,443,52783,,forward,20260823_155349_messaging_001_f90a,Messaging
1787480647.114755,1364,4,UDP,443,52783,,forward,20260823_155349_messaging_001_f90a,Messaging
1787480647.114755,1364,4,UDP,443,52783,,forward,20260823_155349_messaging_001_f90a,Messaging
1787480647.114755,1364,4,UDP,443,52783,,forward,20260823_155349_messaging_001_f90a,Messaging
1787480647.114755,1364,4,UDP,443,52783,,forward,20260823_155349_messaging_001_f90a,Messaging
1787480647.114755,1364,4,UDP,443,52783,,forward,20260823_155349_messaging_001_f90a,Messaging
1787480647.114755,1364,4,UDP,443,52783,,forward,20260823_155349_messaging_001_f90a,Messaging
1787480647.114755,1364,4,UDP,443,52783,,forward,20260823_155349_messaging_001_f90a,Messaging
1787480647.114755,1364,4,UDP,443,52783,,forward,20260823_155349_messaging_001_f90a,Messaging
1787480647.114755,1364,4,UDP,443,52783,,forward,20260823_155349_messaging_001_f90a,Messaging
1787480647.114755,1364,4,UDP,443,52783,,forward,20260823_155349_messaging_001_f90a,Messaging
1787480647.114755,1364,4,UDP,443,52783,,forward,20260823_155349_messaging_001_f90a,Messaging
1787480647.114755,1364,4,UDP,443,52783,,forward,20260823_155349_messaging_001_f90a,Messaging
1787480647.114755,1364,4,UDP,443,52783,,forward,20260823_155349_messaging_001_f90a,Messaging
1787480647.114755,1364,4,UDP,443,52783,,forward,20260823_155349_messaging_001_f90a,Messaging
1787480647.114755,1364,4,UDP,443,52783,,forward,20260823_155349_messaging_001_f90a,Messaging
1787480647.114755,1364,4,UDP,443,52783,,forward,20260823_155349_messaging_001_f90a,Messaging
1787480647.114755,1364,4,UDP,443,52783,,forward,20260823_155349_messaging_001_f90a,Messaging
1787480647.114755,1364,4,UDP,443,52783,,forward,20260823_155349_messaging_001_f90a,Messaging
1787480647.114755,1364,4,UDP,443,52783,,forward,20260823_155349_messaging_001_f90a,Messaging
1787480647.114755,1364,4,UDP,443,52783,,forward,20260823_155349_messaging_001_f90a,Messaging
1787480647.114755,1364,4,UDP,443,52783,,forward,20260823_155349_messaging_001_f90a,Messaging
1787480647.114755,1364,4,UDP,443,52783,,forward,20260823_155349_messaging_001_f90a,Messaging
1787480647.114755,1364,4,UDP,443,52783,,forward,20260823_155349_messaging_001_f90a,Messaging
1787480647.114755,1364,4,UDP,443,52783,,forward,20260823_155349_messaging_001_f90a,Messaging
1787480647.114755,1364,4,UDP,443,52783,,forward,20260823_155349_messaging_001_f90a,Messaging
1787480647.114755,1364,4,UDP,443,52783,,forward,20260823_155349_messaging_001_f90a,Messaging
1787480647.114755,1364,4,UDP,443,52783,,forward,20260823_155349_messaging_001_f90a,Messaging
1787480647.114755,1364,4,UDP,443,52783,,forward,20260823_155349_messaging_001_f90a,Messaging
1787480647.114755,89,4,UDP,443,52783,,forward,20260823_155349_messaging_001_f90a,Messaging
1787480647.115252,89,4,UDP,52783,443,,forward,20260823_155349_messaging_001_f90a,Messaging
1787480647.115642,166,4,UDP,52783,443,,forward,20260823_155349_messaging_001_f90a,Messaging
1787480647.115726,166,4,UDP,52783,443,,forward,20260823_155349_messaging_001_f90a,Messaging
1787480647.115779,166,4,UDP,52783,443,,forward,20260823_155349_messaging_001_f90a,Messaging
1787480647.130242,1364,4,UDP,443,52783,,forward,20260823_155349_messaging_001_f90a,Messaging
1787480647.130242,1364,4,UDP,443,52783,,forward,20260823_155349_messaging_001_f90a,Messaging
1787480647.130242,1364,4,UDP,443,52783,,forward,20260823_155349_messaging_001_f90a,Messaging
1787480647.130242,1364,4,UDP,443,52783,,forward,20260823_155349_messaging_001_f90a,Messaging
1787480647.130242,1364,4,UDP,443,52783,,forward,20260823_155349_messaging_001_f90a,Messaging
1787480647.130242,1364,4,UDP,443,52783,,forward,20260823_155349_messaging_001_f90a,Messaging
1787480647.130242,1364,4,UDP,443,52783,,forward,20260823_155349_messaging_001_f90a,Messaging
1787480647.130242,1364,4,UDP,443,52783,,forward,20260823_155349_messaging_001_f90a,Messaging
1787480647.130242,922,4,UDP,443,52783,,forward,20260823_155349_messaging_001_f90a,Messaging
1787480647.130242,89,4,UDP,443,52783,,forward,20260823_155349_messaging_001_f90a,Messaging
1787480647.130365,167,4,UDP,52783,443,,forward,20260823_155349_messaging_001_f90a,Messaging
1787480647.130498,89,4,UDP,52783,443,,forward,20260823_155349_messaging_001_f90a,Messaging
1787480647.141646,88,4,UDP,443,52783,,forward,20260823_155349_messaging_001_f90a,Messaging
1787480647.141646,88,4,UDP,443,52783,,forward,20260823_155349_messaging_001_f90a,Messaging
1787480647.145398,167,4,UDP,52783,443,,forward,20260823_155349_messaging_001_f90a,Messaging
1787480647.160762,159,4,UDP,443,52783,,forward,20260823_155349_messaging_001_f90a,Messaging
1787480647.160762,88,4,UDP,443,52783,,forward,20260823_155349_messaging_001_f90a,Messaging
1787480647.160994,88,4,UDP,52783,443,,forward,20260823_155349_messaging_001_f90a,Messaging
1787480647.175805,88,4,UDP,443,52783,,forward,20260823_155349_messaging_001_f90a,Messaging
1787480647.190752,88,4,UDP,443,52783,,forward,20260823_155349_messaging_001_f90a,Messaging
1787480647.763902,125,4,UDP,443,52783,,forward,20260823_155349_messaging_001_f90a,Messaging
1787480647.764117,88,4,UDP,52783,443,,forward,20260823_155349_messaging_001_f90a,Messaging
1787480647.764328,125,4,UDP,52783,443,,forward,20260823_155349_messaging_001_f90a,Messaging
1787480647.798944,88,4,UDP,443,52783,,forward,20260823_155349_messaging_001_f90a,Messaging
1787480648.024316,84,4,UDP,52783,443,,forward,20260823_155349_messaging_001_f90a,Messaging
1787480648.055682,88,4,UDP,443,52783,,forward,20260823_155349_messaging_001_f90a,Messaging
1787480648.400292,125,4,UDP,443,52783,,forward,20260823_155349_messaging_001_f90a,Messaging
1787480648.400605,88,4,UDP,52783,443,,forward,20260823_155349_messaging_001_f90a,Messaging
1787480648.400839,125,4,UDP,52783,443,,forward,20260823_155349_messaging_001_f90a,Messaging
1787480648.447331,88,4,UDP,443,52783,,forward,20260823_155349_messaging_001_f90a,Messaging
1787480648.52595,145,4,UDP,443,52783,,forward,20260823_155349_messaging_001_f90a,Messaging
1787480648.526644,88,4,UDP,52783,443,,forward,20260823_155349_messaging_001_f90a,Messaging
1787480648.527456,145,4,UDP,52783,443,,forward,20260823_155349_messaging_001_f90a,Messaging
1787480648.571998,88,4,UDP,443,52783,,forward,20260823_155349_messaging_001_f90a,Messaging
1787480648.909974,145,4,UDP,443,52783,,forward,20260823_155349_messaging_001_f90a,Messaging
1787480648.910233,88,4,UDP,52783,443,,forward,20260823_155349_messaging_001_f90a,Messaging
1787480648.910541,145,4,UDP,52783,443,,forward,20260823_155349_messaging_001_f90a,Messaging
1787480648.948851,88,4,UDP,443,52783,,forward,20260823_155349_messaging_001_f90a,Messaging
1787480649.03997,125,4,UDP,443,52783,,forward,20260823_155349_messaging_001_f90a,Messaging
1787480649.040193,88,4,UDP,52783,443,,forward,20260823_155349_messaging_001_f90a,Messaging
1787480649.040342,125,4,UDP,52783,443,,forward,20260823_155349_messaging_001_f90a,Messaging
1787480649.120687,88,4,UDP,443,52783,,forward,20260823_155349_messaging_001_f90a,Messaging
1787480649.513109,146,4,UDP,52783,443,,forward,20260823_155349_messaging_001_f90a,Messaging
1787480649.560072,88,4,UDP,443,52783,,forward,20260823_155349_messaging_001_f90a,Messaging
1787480649.560072,157,4,UDP,443,52783,,forward,20260823_155349_messaging_001_f90a,Messaging
1787480649.560415,88,4,UDP,52783,443,,forward,20260823_155349_messaging_001_f90a,Messaging
1787480649.682806,145,4,UDP,443,52783,,forward,20260823_155349_messaging_001_f90a,Messaging
1787480649.68309,88,4,UDP,52783,443,,forward,20260823_155349_messaging_001_f90a,Messaging
1787480649.683225,145,4,UDP,52783,443,,forward,20260823_155349_messaging_001_f90a,Messaging
1787480649.716491,88,4,UDP,443,52783,,forward,20260823_155349_messaging_001_f90a,Messaging
1787480650.101915,238,4,UDP,52783,443,,forward,20260823_155349_messaging_001_f90a,Messaging
1787480650.102358,159,4,UDP,52783,443,,forward,20260823_155349_messaging_001_f90a,Messaging
1787480650.102694,159,4,UDP,52783,443,,forward,20260823_155349_messaging_001_f90a,Messaging
1787480650.141695,88,4,UDP,443,52783,,forward,20260823_155349_messaging_001_f90a,Messaging
1787480650.141695,191,4,UDP,443,52783,,forward,20260823_155349_messaging_001_f90a,Messaging
1787480650.141695,191,4,UDP,443,52783,,forward,20260823_155349_messaging_001_f90a,Messaging
1787480650.141695,221,4,UDP,443,52783,,forward,20260823_155349_messaging_001_f90a,Messaging
1787480650.141695,221,4,UDP,443,52783,,forward,20260823_155349_messaging_001_f90a,Messaging
1787480650.142032,88,4,UDP,52783,443,,forward,20260823_155349_messaging_001_f90a,Messaging
1787480650.143566,137,4,UDP,52783,443,,forward,20260823_155349_messaging_001_f90a,Messaging
1787480650.18163,88,4,UDP,443,52783,,forward,20260823_155349_messaging_001_f90a,Messaging
1787480650.18163,137,4,UDP,443,52783,,forward,20260823_155349_messaging_001_f90a,Messaging
1787480650.181938,88,4,UDP,52783,443,,forward,20260823_155349_messaging_001_f90a,Messaging
1787480650.182293,125,4,UDP,52783,443,,forward,20260823_155349_messaging_001_f90a,Messaging
1787480650.183087,325,4,UDP,52783,443,,forward,20260823_155349_messaging_001_f90a,Messaging
1787480650.217191,88,4,UDP,443,52783,,forward,20260823_155349_messaging_001_f90a,Messaging
1787480650.217191,125,4,UDP,443,52783,,forward,20260823_155349_messaging_001_f90a,Messaging
1787480650.217411,88,4,UDP,52783,443,,forward,20260823_155349_messaging_001_f90a,Messaging
1787480650.233354,1365,4,UDP,443,52783,,forward,20260823_155349_messaging_001_f90a,Messaging
1787480650.233354,1365,4,UDP,443,52783,,forward,20260823_155349_messaging_001_f90a,Messaging
1787480650.233354,361,4,UDP,443,52783,,forward,20260823_155349_messaging_001_f90a,Messaging
1787480650.233563,88,4,UDP,52783,443,,forward,20260823_155349_messaging_001_f90a,Messaging
1787480650.233843,125,4,UDP,52783,443,,forward,20260823_155349_messaging_001_f90a,Messaging
1787480650.236252,218,4,UDP,52783,443,,forward,20260823_155349_messaging_001_f90a,Messaging
1787480650.279394,88,4,UDP,443,52783,,forward,20260823_155349_messaging_001_f90a,Messaging
1787480650.279394,88,4,UDP,443,52783,,forward,20260823_155349_messaging_001_f90a,Messaging
1787480650.279394,452,4,UDP,443,52783,,forward,20260823_155349_messaging_001_f90a,Messaging
1787480650.279681,88,4,UDP,52783,443,,forward,20260823_155349_messaging_001_f90a,Messaging
1787480650.287749,405,4,UDP,52783,443,,forward,20260823_155349_messaging_001_f90a,Messaging
1787480650.287877,163,4,UDP,52783,443,,forward,20260823_155349_messaging_001_f90a,Messaging
1787480650.32516,88,4,UDP,443,52783,,forward,20260823_155349_messaging_001_f90a,Messaging
1787480650.32516,125,4,UDP,443,52783,,forward,20260823_155349_messaging_001_f90a,Messaging
1787480650.32516,163,4,UDP,443,52783,,forward,20260823_155349_messaging_001_f90a,Messaging
1787480650.325414,88,4,UDP,52783,443,,forward,20260823_155349_messaging_001_f90a,Messaging
1787480650.373511,125,4,UDP,52783,443,,forward,20260823_155349_messaging_001_f90a,Messaging
1787480650.420441,88,4,UDP,443,52783,,forward,20260823_155349_messaging_001_f90a,Messaging
1787480650.420441,836,4,UDP,443,52783,,forward,20260823_155349_messaging_001_f90a,Messaging
1787480650.420712,88,4,UDP,52783,443,,forward,20260823_155349_messaging_001_f90a,Messaging
1787480650.421803,125,4,UDP,52783,443,,forward,20260823_155349_messaging_001_f90a,Messaging
1787480650.466361,88,4,UDP,443,52783,,forward,20260823_155349_messaging_001_f90a,Messaging
1787480650.466361,125,4,UDP,443,52783,,forward,20260823_155349_messaging_001_f90a,Messaging
1787480650.466666,88,4,UDP,52783,443,,forward,20260823_155349_messaging_001_f90a,Messaging
1787480650.466874,125,4,UDP,52783,443,,forward,20260823_155349_messaging_001_f90a,Messaging
1787480650.507876,88,4,UDP,443,52783,,forward,20260823_155349_messaging_001_f90a,Messaging
1787480650.653922,146,4,UDP,52783,443,,forward,20260823_155349_messaging_001_f90a,Messaging
1787480650.69533,88,4,UDP,443,52783,,forward,20260823_155349_messaging_001_f90a,Messaging
1787480650.69533,157,4,UDP,443,52783,,forward,20260823_155349_messaging_001_f90a,Messaging
1787480650.69558,88,4,UDP,52783,443,,forward,20260823_155349_messaging_001_f90a,Messaging
1787480650.967583,125,4,UDP,443,52783,,forward,20260823_155349_messaging_001_f90a,Messaging
1787480650.967795,88,4,UDP,52783,443,,forward,20260823_155349_messaging_001_f90a,Messaging
1787480650.968026,125,4,UDP,52783,443,,forward,20260823_155349_messaging_001_f90a,Messaging
1787480651.003096,88,4,UDP,443,52783,,forward,20260823_155349_messaging_001_f90a,Messaging
1787480652.021267,84,4,UDP,52783,443,,forward,20260823_155349_messaging_001_f90a,Messaging
1787480652.051774,88,4,UDP,443,52783,,forward,20260823_155349_messaging_001_f90a,Messaging
1787480652.357419,1359,4,UDP,52783,443,,forward,20260823_155349_messaging_001_f90a,Messaging
1787480652.35752,1363,4,UDP,52783,443,,forward,20260823_155349_messaging_001_f90a,Messaging
1787480652.357558,272,4,UDP,52783,443,,forward,20260823_155349_messaging_001_f90a,Messaging
1787480652.398484,88,4,UDP,443,52783,,forward,20260823_155349_messaging_001_f90a,Messaging
1787480652.398484,88,4,UDP,443,52783,,forward,20260823_155349_messaging_001_f90a,Messaging
1787480652.398484,88,4,UDP,443,52783,,forward,20260823_155349_messaging_001_f90a,Messaging
1787480652.398484,257,4,UDP,443,52783,,forward,20260823_155349_messaging_001_f90a,Messaging
1787480652.398484,1359,4,UDP,443,52783,,forward,20260823_155349_messaging_001_f90a,Messaging
1787480652.398484,1363,4,UDP,443,52783,,forward,20260823_155349_messaging_001_f90a,Messaging
1787480652.398484,1363,4,UDP,443,52783,,forward,20260823_155349_messaging_001_f90a,Messaging
1787480652.398484,1363,4,UDP,443,52783,,forward,20260823_155349_messaging_001_f90a,Messaging
1787480652.398484,1363,4,UDP,443,52783,,forward,20260823_155349_messaging_001_f90a,Messaging
1787480652.398484,1363,4,UDP,443,52783,,forward,20260823_155349_messaging_001_f90a,Messaging
1787480652.398484,1363,4,UDP,443,52783,,forward,20260823_155349_messaging_001_f90a,Messaging
1787480652.398484,1363,4,UDP,443,52783,,forward,20260823_155349_messaging_001_f90a,Messaging
1787480652.398484,1363,4,UDP,443,52783,,forward,20260823_155349_messaging_001_f90a,Messaging
1787480652.398484,1363,4,UDP,443,52783,,forward,20260823_155349_messaging_001_f90a,Messaging
1787480652.398484,1363,4,UDP,443,52783,,forward,20260823_155349_messaging_001_f90a,Messaging
1787480652.398484,1363,4,UDP,443,52783,,forward,20260823_155349_messaging_001_f90a,Messaging
1787480652.398484,1363,4,UDP,443,52783,,forward,20260823_155349_messaging_001_f90a,Messaging
1787480652.398484,1363,4,UDP,443,52783,,forward,20260823_155349_messaging_001_f90a,Messaging
1787480652.398484,1363,4,UDP,443,52783,,forward,20260823_155349_messaging_001_f90a,Messaging
1787480652.398484,1363,4,UDP,443,52783,,forward,20260823_155349_messaging_001_f90a,Messaging
1787480652.398484,1363,4,UDP,443,52783,,forward,20260823_155349_messaging_001_f90a,Messaging
1787480652.398484,1363,4,UDP,443,52783,,forward,20260823_155349_messaging_001_f90a,Messaging
1787480652.398484,1363,4,UDP,443,52783,,forward,20260823_155349_messaging_001_f90a,Messaging
1787480652.398484,1363,4,UDP,443,52783,,forward,20260823_155349_messaging_001_f90a,Messaging
1787480652.398932,88,4,UDP,52783,443,,forward,20260823_155349_messaging_001_f90a,Messaging
1787480652.399857,169,4,UDP,52783,443,,forward,20260823_155349_messaging_001_f90a,Messaging
1787480652.399973,165,4,UDP,52783,443,,forward,20260823_155349_messaging_001_f90a,Messaging
1787480652.413578,166,4,UDP,52783,443,,forward,20260823_155349_messaging_001_f90a,Messaging
1787480652.413583,1363,4,UDP,443,52783,,forward,20260823_155349_messaging_001_f90a,Messaging
1787480652.413583,1363,4,UDP,443,52783,,forward,20260823_155349_messaging_001_f90a,Messaging
1787480652.413583,1363,4,UDP,443,52783,,forward,20260823_155349_messaging_001_f90a,Messaging
1787480652.413583,1363,4,UDP,443,52783,,forward,20260823_155349_messaging_001_f90a,Messaging
1787480652.413583,1363,4,UDP,443,52783,,forward,20260823_155349_messaging_001_f90a,Messaging
1787480652.413583,1363,4,UDP,443,52783,,forward,20260823_155349_messaging_001_f90a,Messaging
1787480652.413583,1363,4,UDP,443,52783,,forward,20260823_155349_messaging_001_f90a,Messaging
1787480652.413583,1363,4,UDP,443,52783,,forward,20260823_155349_messaging_001_f90a,Messaging
1787480652.413583,1363,4,UDP,443,52783,,forward,20260823_155349_messaging_001_f90a,Messaging
1787480652.413583,1363,4,UDP,443,52783,,forward,20260823_155349_messaging_001_f90a,Messaging
1787480652.413583,1363,4,UDP,443,52783,,forward,20260823_155349_messaging_001_f90a,Messaging
1787480652.413583,1363,4,UDP,443,52783,,forward,20260823_155349_messaging_001_f90a,Messaging
1787480652.413583,1363,4,UDP,443,52783,,forward,20260823_155349_messaging_001_f90a,Messaging
1787480652.413583,1363,4,UDP,443,52783,,forward,20260823_155349_messaging_001_f90a,Messaging
1787480652.413583,1363,4,UDP,443,52783,,forward,20260823_155349_messaging_001_f90a,Messaging
1787480652.413583,1363,4,UDP,443,52783,,forward,20260823_155349_messaging_001_f90a,Messaging
1787480652.413583,1363,4,UDP,443,52783,,forward,20260823_155349_messaging_001_f90a,Messaging
1787480652.413583,1363,4,UDP,443,52783,,forward,20260823_155349_messaging_001_f90a,Messaging
1787480652.413583,1363,4,UDP,443,52783,,forward,20260823_155349_messaging_001_f90a,Messaging
1787480652.413583,1363,4,UDP,443,52783,,forward,20260823_155349_messaging_001_f90a,Messaging
1787480652.413583,1363,4,UDP,443,52783,,forward,20260823_155349_messaging_001_f90a,Messaging
1787480652.413583,1363,4,UDP,443,52783,,forward,20260823_155349_messaging_001_f90a,Messaging
1787480652.413583,1363,4,UDP,443,52783,,forward,20260823_155349_messaging_001_f90a,Messaging
1787480652.413583,1363,4,UDP,443,52783,,forward,20260823_155349_messaging_001_f90a,Messaging
1787480652.413583,1363,4,UDP,443,52783,,forward,20260823_155349_messaging_001_f90a,Messaging
1787480652.413583,1363,4,UDP,443,52783,,forward,20260823_155349_messaging_001_f90a,Messaging
1787480652.413583,1363,4,UDP,443,52783,,forward,20260823_155349_messaging_001_f90a,Messaging
1787480652.413583,1363,4,UDP,443,52783,,forward,20260823_155349_messaging_001_f90a,Messaging
1787480652.413583,1363,4,UDP,443,52783,,forward,20260823_155349_messaging_001_f90a,Messaging
1787480652.413583,1363,4,UDP,443,52783,,forward,20260823_155349_messaging_001_f90a,Messaging
1787480652.413583,1363,4,UDP,443,52783,,forward,20260823_155349_messaging_001_f90a,Messaging
1787480652.413583,1363,4,UDP,443,52783,,forward,20260823_155349_messaging_001_f90a,Messaging
1787480652.413583,1363,4,UDP,443,52783,,forward,20260823_155349_messaging_001_f90a,Messaging
1787480652.413583,1363,4,UDP,443,52783,,forward,20260823_155349_messaging_001_f90a,Messaging
1787480652.413583,1363,4,UDP,443,52783,,forward,20260823_155349_messaging_001_f90a,Messaging
1787480652.413583,1363,4,UDP,443,52783,,forward,20260823_155349_messaging_001_f90a,Messaging
1787480652.413583,1363,4,UDP,443,52783,,forward,20260823_155349_messaging_001_f90a,Messaging
1787480652.413583,1363,4,UDP,443,52783,,forward,20260823_155349_messaging_001_f90a,Messaging
1787480652.413583,1363,4,UDP,443,52783,,forward,20260823_155349_messaging_001_f90a,Messaging
1787480652.413583,1363,4,UDP,443,52783,,forward,20260823_155349_messaging_001_f90a,Messaging
1787480652.413583,1363,4,UDP,443,52783,,forward,20260823_155349_messaging_001_f90a,Messaging
1787480652.413583,1363,4,UDP,443,52783,,forward,20260823_155349_messaging_001_f90a,Messaging
1787480652.413583,1363,4,UDP,443,52783,,forward,20260823_155349_messaging_001_f90a,Messaging
1787480652.413583,1363,4,UDP,443,52783,,forward,20260823_155349_messaging_001_f90a,Messaging
1787480652.413583,1363,4,UDP,443,52783,,forward,20260823_155349_messaging_001_f90a,Messaging
1787480652.413583,1363,4,UDP,443,52783,,forward,20260823_155349_messaging_001_f90a,Messaging
1787480652.413583,1363,4,UDP,443,52783,,forward,20260823_155349_messaging_001_f90a,Messaging
1787480652.413583,1363,4,UDP,443,52783,,forward,20260823_155349_messaging_001_f90a,Messaging
1787480652.413583,1363,4,UDP,443,52783,,forward,20260823_155349_messaging_001_f90a,Messaging
1787480652.413583,1363,4,UDP,443,52783,,forward,20260823_155349_messaging_001_f90a,Messaging
1787480652.413583,1363,4,UDP,443,52783,,forward,20260823_155349_messaging_001_f90a,Messaging
1787480652.413583,1363,4,UDP,443,52783,,forward,20260823_155349_messaging_001_f90a,Messaging
1787480652.413583,1363,4,UDP,443,52783,,forward,20260823_155349_messaging_001_f90a,Messaging
1787480652.413583,1363,4,UDP,443,52783,,forward,20260823_155349_messaging_001_f90a,Messaging
1787480652.413583,1363,4,UDP,443,52783,,forward,20260823_155349_messaging_001_f90a,Messaging
1787480652.413583,1363,4,UDP,443,52783,,forward,20260823_155349_messaging_001_f90a,Messaging
1787480652.414129,89,4,UDP,52783,443,,forward,20260823_155349_messaging_001_f90a,Messaging
1787480652.414567,165,4,UDP,52783,443,,forward,20260823_155349_messaging_001_f90a,Messaging
1787480652.414772,165,4,UDP,52783,443,,forward,20260823_155349_messaging_001_f90a,Messaging
1787480652.414914,165,4,UDP,52783,443,,forward,20260823_155349_messaging_001_f90a,Messaging
1787480652.415166,165,4,UDP,52783,443,,forward,20260823_155349_messaging_001_f90a,Messaging
1787480652.415222,166,4,UDP,52783,443,,forward,20260823_155349_messaging_001_f90a,Messaging
1787480652.429172,167,4,UDP,52783,443,,forward,20260823_155349_messaging_001_f90a,Messaging
1787480652.429236,1363,4,UDP,443,52783,,forward,20260823_155349_messaging_001_f90a,Messaging
1787480652.429236,1363,4,UDP,443,52783,,forward,20260823_155349_messaging_001_f90a,Messaging
1787480652.429236,1363,4,UDP,443,52783,,forward,20260823_155349_messaging_001_f90a,Messaging
1787480652.429236,1363,4,UDP,443,52783,,forward,20260823_155349_messaging_001_f90a,Messaging
1787480652.429236,1363,4,UDP,443,52783,,forward,20260823_155349_messaging_001_f90a,Messaging
1787480652.429236,1363,4,UDP,443,52783,,forward,20260823_155349_messaging_001_f90a,Messaging
1787480652.429236,1363,4,UDP,443,52783,,forward,20260823_155349_messaging_001_f90a,Messaging
1787480652.429236,1363,4,UDP,443,52783,,forward,20260823_155349_messaging_001_f90a,Messaging
1787480652.429236,1363,4,UDP,443,52783,,forward,20260823_155349_messaging_001_f90a,Messaging
1787480652.429236,1363,4,UDP,443,52783,,forward,20260823_155349_messaging_001_f90a,Messaging
1787480652.429236,1363,4,UDP,443,52783,,forward,20260823_155349_messaging_001_f90a,Messaging
1787480652.429236,1363,4,UDP,443,52783,,forward,20260823_155349_messaging_001_f90a,Messaging
1787480652.429236,1363,4,UDP,443,52783,,forward,20260823_155349_messaging_001_f90a,Messaging
1787480652.429236,1363,4,UDP,443,52783,,forward,20260823_155349_messaging_001_f90a,Messaging
1787480652.429236,1363,4,UDP,443,52783,,forward,20260823_155349_messaging_001_f90a,Messaging
1787480652.429236,1363,4,UDP,443,52783,,forward,20260823_155349_messaging_001_f90a,Messaging
1787480652.429236,1363,4,UDP,443,52783,,forward,20260823_155349_messaging_001_f90a,Messaging
1787480652.429236,1363,4,UDP,443,52783,,forward,20260823_155349_messaging_001_f90a,Messaging
1787480652.429236,1363,4,UDP,443,52783,,forward,20260823_155349_messaging_001_f90a,Messaging
1787480652.429236,1363,4,UDP,443,52783,,forward,20260823_155349_messaging_001_f90a,Messaging
1787480652.429236,1363,4,UDP,443,52783,,forward,20260823_155349_messaging_001_f90a,Messaging
1787480652.429236,1363,4,UDP,443,52783,,forward,20260823_155349_messaging_001_f90a,Messaging
1787480652.429236,1363,4,UDP,443,52783,,forward,20260823_155349_messaging_001_f90a,Messaging
1787480652.429236,1363,4,UDP,443,52783,,forward,20260823_155349_messaging_001_f90a,Messaging
1787480652.429236,1363,4,UDP,443,52783,,forward,20260823_155349_messaging_001_f90a,Messaging
1787480652.429236,1363,4,UDP,443,52783,,forward,20260823_155349_messaging_001_f90a,Messaging
1787480652.429236,1363,4,UDP,443,52783,,forward,20260823_155349_messaging_001_f90a,Messaging
1787480652.429236,1363,4,UDP,443,52783,,forward,20260823_155349_messaging_001_f90a,Messaging
1787480652.429236,1363,4,UDP,443,52783,,forward,20260823_155349_messaging_001_f90a,Messaging
1787480652.429236,1363,4,UDP,443,52783,,forward,20260823_155349_messaging_001_f90a,Messaging
1787480652.429236,1363,4,UDP,443,52783,,forward,20260823_155349_messaging_001_f90a,Messaging
1787480652.429236,1363,4,UDP,443,52783,,forward,20260823_155349_messaging_001_f90a,Messaging
1787480652.429236,1363,4,UDP,443,52783,,forward,20260823_155349_messaging_001_f90a,Messaging
1787480652.429236,1363,4,UDP,443,52783,,forward,20260823_155349_messaging_001_f90a,Messaging
1787480652.429236,1363,4,UDP,443,52783,,forward,20260823_155349_messaging_001_f90a,Messaging
1787480652.429236,1363,4,UDP,443,52783,,forward,20260823_155349_messaging_001_f90a,Messaging
1787480652.429236,1363,4,UDP,443,52783,,forward,20260823_155349_messaging_001_f90a,Messaging
1787480652.429236,1363,4,UDP,443,52783,,forward,20260823_155349_messaging_001_f90a,Messaging
1787480652.429236,1363,4,UDP,443,52783,,forward,20260823_155349_messaging_001_f90a,Messaging
1787480652.429236,1363,4,UDP,443,52783,,forward,20260823_155349_messaging_001_f90a,Messaging
1787480652.429236,1363,4,UDP,443,52783,,forward,20260823_155349_messaging_001_f90a,Messaging
1787480652.429236,1363,4,UDP,443,52783,,forward,20260823_155349_messaging_001_f90a,Messaging
1787480652.429236,1363,4,UDP,443,52783,,forward,20260823_155349_messaging_001_f90a,Messaging
1787480652.429236,1363,4,UDP,443,52783,,forward,20260823_155349_messaging_001_f90a,Messaging
1787480652.429236,1364,4,UDP,443,52783,,forward,20260823_155349_messaging_001_f90a,Messaging
1787480652.429236,1364,4,UDP,443,52783,,forward,20260823_155349_messaging_001_f90a,Messaging
1787480652.429236,1364,4,UDP,443,52783,,forward,20260823_155349_messaging_001_f90a,Messaging
1787480652.429236,1364,4,UDP,443,52783,,forward,20260823_155349_messaging_001_f90a,Messaging
1787480652.429236,1364,4,UDP,443,52783,,forward,20260823_155349_messaging_001_f90a,Messaging
1787480652.429236,1364,4,UDP,443,52783,,forward,20260823_155349_messaging_001_f90a,Messaging
1787480652.429236,1364,4,UDP,443,52783,,forward,20260823_155349_messaging_001_f90a,Messaging
1787480652.429236,1364,4,UDP,443,52783,,forward,20260823_155349_messaging_001_f90a,Messaging
1787480652.429236,1364,4,UDP,443,52783,,forward,20260823_155349_messaging_001_f90a,Messaging
1787480652.429236,1364,4,UDP,443,52783,,forward,20260823_155349_messaging_001_f90a,Messaging
1787480652.429236,1364,4,UDP,443,52783,,forward,20260823_155349_messaging_001_f90a,Messaging
1787480652.429236,1364,4,UDP,443,52783,,forward,20260823_155349_messaging_001_f90a,Messaging
1787480652.429236,1364,4,UDP,443,52783,,forward,20260823_155349_messaging_001_f90a,Messaging
1787480652.429236,1364,4,UDP,443,52783,,forward,20260823_155349_messaging_001_f90a,Messaging
1787480652.429236,1364,4,UDP,443,52783,,forward,20260823_155349_messaging_001_f90a,Messaging
1787480652.429236,1364,4,UDP,443,52783,,forward,20260823_155349_messaging_001_f90a,Messaging
1787480652.429236,1364,4,UDP,443,52783,,forward,20260823_155349_messaging_001_f90a,Messaging
1787480652.429236,1364,4,UDP,443,52783,,forward,20260823_155349_messaging_001_f90a,Messaging
1787480652.429236,1364,4,UDP,443,52783,,forward,20260823_155349_messaging_001_f90a,Messaging
1787480652.429236,1364,4,UDP,443,52783,,forward,20260823_155349_messaging_001_f90a,Messaging
1787480652.429236,1364,4,UDP,443,52783,,forward,20260823_155349_messaging_001_f90a,Messaging
1787480652.429691,89,4,UDP,52783,443,,forward,20260823_155349_messaging_001_f90a,Messaging
1787480652.429879,89,4,UDP,52783,443,,forward,20260823_155349_messaging_001_f90a,Messaging
1787480652.430152,166,4,UDP,52783,443,,forward,20260823_155349_messaging_001_f90a,Messaging
1787480652.430251,166,4,UDP,52783,443,,forward,20260823_155349_messaging_001_f90a,Messaging
1787480652.430388,166,4,UDP,52783,443,,forward,20260823_155349_messaging_001_f90a,Messaging
1787480652.430645,166,4,UDP,52783,443,,forward,20260823_155349_messaging_001_f90a,Messaging
1787480652.430744,166,4,UDP,52783,443,,forward,20260823_155349_messaging_001_f90a,Messaging
1787480652.430882,166,4,UDP,52783,443,,forward,20260823_155349_messaging_001_f90a,Messaging
1787480652.444312,167,4,UDP,52783,443,,forward,20260823_155349_messaging_001_f90a,Messaging
1787480652.444349,1364,4,UDP,443,52783,,forward,20260823_155349_messaging_001_f90a,Messaging
1787480652.444349,1364,4,UDP,443,52783,,forward,20260823_155349_messaging_001_f90a,Messaging
1787480652.444349,1364,4,UDP,443,52783,,forward,20260823_155349_messaging_001_f90a,Messaging
1787480652.444349,1364,4,UDP,443,52783,,forward,20260823_155349_messaging_001_f90a,Messaging
1787480652.444349,1364,4,UDP,443,52783,,forward,20260823_155349_messaging_001_f90a,Messaging
1787480652.444349,1364,4,UDP,443,52783,,forward,20260823_155349_messaging_001_f90a,Messaging
1787480652.444349,1364,4,UDP,443,52783,,forward,20260823_155349_messaging_001_f90a,Messaging
1787480652.444349,89,4,UDP,443,52783,,forward,20260823_155349_messaging_001_f90a,Messaging
1787480652.444349,1364,4,UDP,443,52783,,forward,20260823_155349_messaging_001_f90a,Messaging
1787480652.444349,1364,4,UDP,443,52783,,forward,20260823_155349_messaging_001_f90a,Messaging
1787480652.444349,1364,4,UDP,443,52783,,forward,20260823_155349_messaging_001_f90a,Messaging
1787480652.444349,1364,4,UDP,443,52783,,forward,20260823_155349_messaging_001_f90a,Messaging
1787480652.444349,1364,4,UDP,443,52783,,forward,20260823_155349_messaging_001_f90a,Messaging
1787480652.444349,1364,4,UDP,443,52783,,forward,20260823_155349_messaging_001_f90a,Messaging
1787480652.444349,1364,4,UDP,443,52783,,forward,20260823_155349_messaging_001_f90a,Messaging
1787480652.444349,1364,4,UDP,443,52783,,forward,20260823_155349_messaging_001_f90a,Messaging
1787480652.444349,1364,4,UDP,443,52783,,forward,20260823_155349_messaging_001_f90a,Messaging
1787480652.444349,1364,4,UDP,443,52783,,forward,20260823_155349_messaging_001_f90a,Messaging
1787480652.444349,1364,4,UDP,443,52783,,forward,20260823_155349_messaging_001_f90a,Messaging
1787480652.444349,1364,4,UDP,443,52783,,forward,20260823_155349_messaging_001_f90a,Messaging
1787480652.444349,1364,4,UDP,443,52783,,forward,20260823_155349_messaging_001_f90a,Messaging
1787480652.444349,1364,4,UDP,443,52783,,forward,20260823_155349_messaging_001_f90a,Messaging
1787480652.444349,1364,4,UDP,443,52783,,forward,20260823_155349_messaging_001_f90a,Messaging
1787480652.444349,1364,4,UDP,443,52783,,forward,20260823_155349_messaging_001_f90a,Messaging
1787480652.444349,1364,4,UDP,443,52783,,forward,20260823_155349_messaging_001_f90a,Messaging
1787480652.444349,1364,4,UDP,443,52783,,forward,20260823_155349_messaging_001_f90a,Messaging
1787480652.444349,1364,4,UDP,443,52783,,forward,20260823_155349_messaging_001_f90a,Messaging
1787480652.444349,1364,4,UDP,443,52783,,forward,20260823_155349_messaging_001_f90a,Messaging
1787480652.444349,1364,4,UDP,443,52783,,forward,20260823_155349_messaging_001_f90a,Messaging
1787480652.444349,1364,4,UDP,443,52783,,forward,20260823_155349_messaging_001_f90a,Messaging
1787480652.444349,1364,4,UDP,443,52783,,forward,20260823_155349_messaging_001_f90a,Messaging
1787480652.444349,1364,4,UDP,443,52783,,forward,20260823_155349_messaging_001_f90a,Messaging
1787480652.444349,1364,4,UDP,443,52783,,forward,20260823_155349_messaging_001_f90a,Messaging
1787480652.444349,1364,4,UDP,443,52783,,forward,20260823_155349_messaging_001_f90a,Messaging
1787480652.444349,1364,4,UDP,443,52783,,forward,20260823_155349_messaging_001_f90a,Messaging
1787480652.444349,1364,4,UDP,443,52783,,forward,20260823_155349_messaging_001_f90a,Messaging
1787480652.444349,1364,4,UDP,443,52783,,forward,20260823_155349_messaging_001_f90a,Messaging
1787480652.444349,1364,4,UDP,443,52783,,forward,20260823_155349_messaging_001_f90a,Messaging
1787480652.444349,1364,4,UDP,443,52783,,forward,20260823_155349_messaging_001_f90a,Messaging
1787480652.444349,1364,4,UDP,443,52783,,forward,20260823_155349_messaging_001_f90a,Messaging
1787480652.444349,1364,4,UDP,443,52783,,forward,20260823_155349_messaging_001_f90a,Messaging
1787480652.444349,1364,4,UDP,443,52783,,forward,20260823_155349_messaging_001_f90a,Messaging
1787480652.444349,1364,4,UDP,443,52783,,forward,20260823_155349_messaging_001_f90a,Messaging
1787480652.444349,1364,4,UDP,443,52783,,forward,20260823_155349_messaging_001_f90a,Messaging
1787480652.444349,1364,4,UDP,443,52783,,forward,20260823_155349_messaging_001_f90a,Messaging
1787480652.444349,1364,4,UDP,443,52783,,forward,20260823_155349_messaging_001_f90a,Messaging
1787480652.444349,1364,4,UDP,443,52783,,forward,20260823_155349_messaging_001_f90a,Messaging
1787480652.444349,1364,4,UDP,443,52783,,forward,20260823_155349_messaging_001_f90a,Messaging
1787480652.444349,1364,4,UDP,443,52783,,forward,20260823_155349_messaging_001_f90a,Messaging
1787480652.444349,1364,4,UDP,443,52783,,forward,20260823_155349_messaging_001_f90a,Messaging
1787480652.444349,1364,4,UDP,443,52783,,forward,20260823_155349_messaging_001_f90a,Messaging
1787480652.444349,1364,4,UDP,443,52783,,forward,20260823_155349_messaging_001_f90a,Messaging
1787480652.444349,1364,4,UDP,443,52783,,forward,20260823_155349_messaging_001_f90a,Messaging
1787480652.444349,1364,4,UDP,443,52783,,forward,20260823_155349_messaging_001_f90a,Messaging
1787480652.444349,1364,4,UDP,443,52783,,forward,20260823_155349_messaging_001_f90a,Messaging
1787480652.444349,1364,4,UDP,443,52783,,forward,20260823_155349_messaging_001_f90a,Messaging
1787480652.444349,1364,4,UDP,443,52783,,forward,20260823_155349_messaging_001_f90a,Messaging
1787480652.444349,1364,4,UDP,443,52783,,forward,20260823_155349_messaging_001_f90a,Messaging
1787480652.444349,1364,4,UDP,443,52783,,forward,20260823_155349_messaging_001_f90a,Messaging
1787480652.444349,1364,4,UDP,443,52783,,forward,20260823_155349_messaging_001_f90a,Messaging
1787480652.444349,1364,4,UDP,443,52783,,forward,20260823_155349_messaging_001_f90a,Messaging
1787480652.444349,1364,4,UDP,443,52783,,forward,20260823_155349_messaging_001_f90a,Messaging
1787480652.444349,1364,4,UDP,443,52783,,forward,20260823_155349_messaging_001_f90a,Messaging
1787480652.444349,1364,4,UDP,443,52783,,forward,20260823_155349_messaging_001_f90a,Messaging
1787480652.444349,1364,4,UDP,443,52783,,forward,20260823_155349_messaging_001_f90a,Messaging
1787480652.444349,1364,4,UDP,443,52783,,forward,20260823_155349_messaging_001_f90a,Messaging
1787480652.444349,1364,4,UDP,443,52783,,forward,20260823_155349_messaging_001_f90a,Messaging
1787480652.444349,1364,4,UDP,443,52783,,forward,20260823_155349_messaging_001_f90a,Messaging
1787480652.445004,89,4,UDP,52783,443,,forward,20260823_155349_messaging_001_f90a,Messaging
1787480652.445529,166,4,UDP,52783,443,,forward,20260823_155349_messaging_001_f90a,Messaging
1787480652.445594,166,4,UDP,52783,443,,forward,20260823_155349_messaging_001_f90a,Messaging
1787480652.445754,166,4,UDP,52783,443,,forward,20260823_155349_messaging_001_f90a,Messaging
1787480652.445988,166,4,UDP,52783,443,,forward,20260823_155349_messaging_001_f90a,Messaging
1787480652.446148,171,4,UDP,52783,443,,forward,20260823_155349_messaging_001_f90a,Messaging
1787480652.446208,166,4,UDP,52783,443,,forward,20260823_155349_messaging_001_f90a,Messaging
1787480652.459913,167,4,UDP,52783,443,,forward,20260823_155349_messaging_001_f90a,Messaging
1787480652.459874,1364,4,UDP,443,52783,,forward,20260823_155349_messaging_001_f90a,Messaging
1787480652.459874,1364,4,UDP,443,52783,,forward,20260823_155349_messaging_001_f90a,Messaging
1787480652.459874,1364,4,UDP,443,52783,,forward,20260823_155349_messaging_001_f90a,Messaging
1787480652.459874,1364,4,UDP,443,52783,,forward,20260823_155349_messaging_001_f90a,Messaging
1787480652.459874,1364,4,UDP,443,52783,,forward,20260823_155349_messaging_001_f90a,Messaging
1787480652.459874,1364,4,UDP,443,52783,,forward,20260823_155349_messaging_001_f90a,Messaging
1787480652.459874,1364,4,UDP,443,52783,,forward,20260823_155349_messaging_001_f90a,Messaging
1787480652.459874,1364,4,UDP,443,52783,,forward,20260823_155349_messaging_001_f90a,Messaging
1787480652.459874,1364,4,UDP,443,52783,,forward,20260823_155349_messaging_001_f90a,Messaging
1787480652.459874,1364,4,UDP,443,52783,,forward,20260823_155349_messaging_001_f90a,Messaging
1787480652.459874,1364,4,UDP,443,52783,,forward,20260823_155349_messaging_001_f90a,Messaging
1787480652.459874,1364,4,UDP,443,52783,,forward,20260823_155349_messaging_001_f90a,Messaging
1787480652.459874,89,4,UDP,443,52783,,forward,20260823_155349_messaging_001_f90a,Messaging
1787480652.459874,1364,4,UDP,443,52783,,forward,20260823_155349_messaging_001_f90a,Messaging
1787480652.459874,1364,4,UDP,443,52783,,forward,20260823_155349_messaging_001_f90a,Messaging
1787480652.459874,1364,4,UDP,443,52783,,forward,20260823_155349_messaging_001_f90a,Messaging
1787480652.459874,1364,4,UDP,443,52783,,forward,20260823_155349_messaging_001_f90a,Messaging
1787480652.459874,1364,4,UDP,443,52783,,forward,20260823_155349_messaging_001_f90a,Messaging
1787480652.459874,1364,4,UDP,443,52783,,forward,20260823_155349_messaging_001_f90a,Messaging
1787480652.459874,1364,4,UDP,443,52783,,forward,20260823_155349_messaging_001_f90a,Messaging
1787480652.459874,1364,4,UDP,443,52783,,forward,20260823_155349_messaging_001_f90a,Messaging
1787480652.459874,1364,4,UDP,443,52783,,forward,20260823_155349_messaging_001_f90a,Messaging
1787480652.459874,1364,4,UDP,443,52783,,forward,20260823_155349_messaging_001_f90a,Messaging
1787480652.459874,1364,4,UDP,443,52783,,forward,20260823_155349_messaging_001_f90a,Messaging
1787480652.459874,1364,4,UDP,443,52783,,forward,20260823_155349_messaging_001_f90a,Messaging
1787480652.459874,1364,4,UDP,443,52783,,forward,20260823_155349_messaging_001_f90a,Messaging
1787480652.459874,1364,4,UDP,443,52783,,forward,20260823_155349_messaging_001_f90a,Messaging
1787480652.459874,1364,4,UDP,443,52783,,forward,20260823_155349_messaging_001_f90a,Messaging
1787480652.459874,1364,4,UDP,443,52783,,forward,20260823_155349_messaging_001_f90a,Messaging
1787480652.459874,1364,4,UDP,443,52783,,forward,20260823_155349_messaging_001_f90a,Messaging
1787480652.459874,1364,4,UDP,443,52783,,forward,20260823_155349_messaging_001_f90a,Messaging
1787480652.459874,1364,4,UDP,443,52783,,forward,20260823_155349_messaging_001_f90a,Messaging
1787480652.459874,1364,4,UDP,443,52783,,forward,20260823_155349_messaging_001_f90a,Messaging
1787480652.459874,1364,4,UDP,443,52783,,forward,20260823_155349_messaging_001_f90a,Messaging
1787480652.459874,1364,4,UDP,443,52783,,forward,20260823_155349_messaging_001_f90a,Messaging
1787480652.459874,1364,4,UDP,443,52783,,forward,20260823_155349_messaging_001_f90a,Messaging
1787480652.459874,1364,4,UDP,443,52783,,forward,20260823_155349_messaging_001_f90a,Messaging
1787480652.459874,1364,4,UDP,443,52783,,forward,20260823_155349_messaging_001_f90a,Messaging
1787480652.459874,1364,4,UDP,443,52783,,forward,20260823_155349_messaging_001_f90a,Messaging
1787480652.459874,1364,4,UDP,443,52783,,forward,20260823_155349_messaging_001_f90a,Messaging
1787480652.459874,1364,4,UDP,443,52783,,forward,20260823_155349_messaging_001_f90a,Messaging
1787480652.459874,1364,4,UDP,443,52783,,forward,20260823_155349_messaging_001_f90a,Messaging
1787480652.459874,1364,4,UDP,443,52783,,forward,20260823_155349_messaging_001_f90a,Messaging
1787480652.459874,1364,4,UDP,443,52783,,forward,20260823_155349_messaging_001_f90a,Messaging
1787480652.459874,1364,4,UDP,443,52783,,forward,20260823_155349_messaging_001_f90a,Messaging
1787480652.459874,1364,4,UDP,443,52783,,forward,20260823_155349_messaging_001_f90a,Messaging
1787480652.459874,1364,4,UDP,443,52783,,forward,20260823_155349_messaging_001_f90a,Messaging
1787480652.459874,1364,4,UDP,443,52783,,forward,20260823_155349_messaging_001_f90a,Messaging
1787480652.459874,1364,4,UDP,443,52783,,forward,20260823_155349_messaging_001_f90a,Messaging
1787480652.459874,89,4,UDP,443,52783,,forward,20260823_155349_messaging_001_f90a,Messaging
1787480652.460438,89,4,UDP,52783,443,,forward,20260823_155349_messaging_001_f90a,Messaging
1787480652.460885,252,4,UDP,52783,443,,forward,20260823_155349_messaging_001_f90a,Messaging
1787480652.460948,166,4,UDP,52783,443,,forward,20260823_155349_messaging_001_f90a,Messaging
1787480652.461134,166,4,UDP,52783,443,,forward,20260823_155349_messaging_001_f90a,Messaging
1787480652.474831,167,4,UDP,52783,443,,forward,20260823_155349_messaging_001_f90a,Messaging
1787480652.474907,1364,4,UDP,443,52783,,forward,20260823_155349_messaging_001_f90a,Messaging
1787480652.474907,1364,4,UDP,443,52783,,forward,20260823_155349_messaging_001_f90a,Messaging
1787480652.474907,1364,4,UDP,443,52783,,forward,20260823_155349_messaging_001_f90a,Messaging
1787480652.474907,1364,4,UDP,443,52783,,forward,20260823_155349_messaging_001_f90a,Messaging
1787480652.474907,1364,4,UDP,443,52783,,forward,20260823_155349_messaging_001_f90a,Messaging
1787480652.474907,1364,4,UDP,443,52783,,forward,20260823_155349_messaging_001_f90a,Messaging
1787480652.474907,1364,4,UDP,443,52783,,forward,20260823_155349_messaging_001_f90a,Messaging
1787480652.474907,1364,4,UDP,443,52783,,forward,20260823_155349_messaging_001_f90a,Messaging
1787480652.474907,1364,4,UDP,443,52783,,forward,20260823_155349_messaging_001_f90a,Messaging
1787480652.474907,1364,4,UDP,443,52783,,forward,20260823_155349_messaging_001_f90a,Messaging
1787480652.474907,1364,4,UDP,443,52783,,forward,20260823_155349_messaging_001_f90a,Messaging
1787480652.474907,1364,4,UDP,443,52783,,forward,20260823_155349_messaging_001_f90a,Messaging
1787480652.474907,1364,4,UDP,443,52783,,forward,20260823_155349_messaging_001_f90a,Messaging
1787480652.474907,1364,4,UDP,443,52783,,forward,20260823_155349_messaging_001_f90a,Messaging
1787480652.474907,1364,4,UDP,443,52783,,forward,20260823_155349_messaging_001_f90a,Messaging
1787480652.474907,1364,4,UDP,443,52783,,forward,20260823_155349_messaging_001_f90a,Messaging
1787480652.474907,89,4,UDP,443,52783,,forward,20260823_155349_messaging_001_f90a,Messaging
1787480652.474907,1364,4,UDP,443,52783,,forward,20260823_155349_messaging_001_f90a,Messaging
1787480652.474907,1364,4,UDP,443,52783,,forward,20260823_155349_messaging_001_f90a,Messaging
1787480652.474907,1364,4,UDP,443,52783,,forward,20260823_155349_messaging_001_f90a,Messaging
1787480652.474907,1364,4,UDP,443,52783,,forward,20260823_155349_messaging_001_f90a,Messaging
1787480652.474907,1364,4,UDP,443,52783,,forward,20260823_155349_messaging_001_f90a,Messaging
1787480652.474907,1364,4,UDP,443,52783,,forward,20260823_155349_messaging_001_f90a,Messaging
1787480652.474907,1364,4,UDP,443,52783,,forward,20260823_155349_messaging_001_f90a,Messaging
1787480652.474907,1364,4,UDP,443,52783,,forward,20260823_155349_messaging_001_f90a,Messaging
1787480652.474907,1364,4,UDP,443,52783,,forward,20260823_155349_messaging_001_f90a,Messaging
1787480652.474907,1364,4,UDP,443,52783,,forward,20260823_155349_messaging_001_f90a,Messaging
1787480652.474907,1364,4,UDP,443,52783,,forward,20260823_155349_messaging_001_f90a,Messaging
1787480652.474907,1364,4,UDP,443,52783,,forward,20260823_155349_messaging_001_f90a,Messaging
1787480652.474907,1364,4,UDP,443,52783,,forward,20260823_155349_messaging_001_f90a,Messaging
1787480652.474907,1364,4,UDP,443,52783,,forward,20260823_155349_messaging_001_f90a,Messaging
1787480652.474907,1364,4,UDP,443,52783,,forward,20260823_155349_messaging_001_f90a,Messaging
1787480652.474907,1364,4,UDP,443,52783,,forward,20260823_155349_messaging_001_f90a,Messaging
1787480652.474907,1364,4,UDP,443,52783,,forward,20260823_155349_messaging_001_f90a,Messaging
1787480652.474907,1364,4,UDP,443,52783,,forward,20260823_155349_messaging_001_f90a,Messaging
1787480652.474907,1364,4,UDP,443,52783,,forward,20260823_155349_messaging_001_f90a,Messaging
1787480652.474907,1364,4,UDP,443,52783,,forward,20260823_155349_messaging_001_f90a,Messaging
1787480652.474907,1364,4,UDP,443,52783,,forward,20260823_155349_messaging_001_f90a,Messaging
1787480652.474907,1364,4,UDP,443,52783,,forward,20260823_155349_messaging_001_f90a,Messaging
1787480652.474907,1364,4,UDP,443,52783,,forward,20260823_155349_messaging_001_f90a,Messaging
1787480652.474907,1364,4,UDP,443,52783,,forward,20260823_155349_messaging_001_f90a,Messaging
1787480652.474907,1364,4,UDP,443,52783,,forward,20260823_155349_messaging_001_f90a,Messaging
1787480652.474907,1364,4,UDP,443,52783,,forward,20260823_155349_messaging_001_f90a,Messaging
1787480652.474907,1364,4,UDP,443,52783,,forward,20260823_155349_messaging_001_f90a,Messaging
1787480652.474907,1364,4,UDP,443,52783,,forward,20260823_155349_messaging_001_f90a,Messaging
1787480652.474907,1364,4,UDP,443,52783,,forward,20260823_155349_messaging_001_f90a,Messaging
1787480652.474907,1364,4,UDP,443,52783,,forward,20260823_155349_messaging_001_f90a,Messaging
1787480652.474907,1364,4,UDP,443,52783,,forward,20260823_155349_messaging_001_f90a,Messaging
1787480652.474907,1364,4,UDP,443,52783,,forward,20260823_155349_messaging_001_f90a,Messaging
1787480652.474907,1364,4,UDP,443,52783,,forward,20260823_155349_messaging_001_f90a,Messaging
1787480652.474907,1364,4,UDP,443,52783,,forward,20260823_155349_messaging_001_f90a,Messaging
1787480652.474907,1364,4,UDP,443,52783,,forward,20260823_155349_messaging_001_f90a,Messaging
1787480652.474907,1364,4,UDP,443,52783,,forward,20260823_155349_messaging_001_f90a,Messaging
1787480652.474907,1364,4,UDP,443,52783,,forward,20260823_155349_messaging_001_f90a,Messaging
1787480652.474907,1364,4,UDP,443,52783,,forward,20260823_155349_messaging_001_f90a,Messaging
1787480652.474907,1364,4,UDP,443,52783,,forward,20260823_155349_messaging_001_f90a,Messaging
1787480652.474907,1364,4,UDP,443,52783,,forward,20260823_155349_messaging_001_f90a,Messaging
1787480652.474907,88,4,UDP,443,52783,,forward,20260823_155349_messaging_001_f90a,Messaging
1787480652.475577,89,4,UDP,52783,443,,forward,20260823_155349_messaging_001_f90a,Messaging
1787480652.476304,252,4,UDP,52783,443,,forward,20260823_155349_messaging_001_f90a,Messaging
1787480652.476382,166,4,UDP,52783,443,,forward,20260823_155349_messaging_001_f90a,Messaging
1787480652.476634,252,4,UDP,52783,443,,forward,20260823_155349_messaging_001_f90a,Messaging
1787480652.490346,167,4,UDP,52783,443,,forward,20260823_155349_messaging_001_f90a,Messaging
1787480652.490429,88,4,UDP,443,52783,,forward,20260823_155349_messaging_001_f90a,Messaging
1787480652.490429,88,4,UDP,443,52783,,forward,20260823_155349_messaging_001_f90a,Messaging
1787480652.490429,1363,4,UDP,443,52783,,forward,20260823_155349_messaging_001_f90a,Messaging
1787480652.490429,1363,4,UDP,443,52783,,forward,20260823_155349_messaging_001_f90a,Messaging
1787480652.490429,1363,4,UDP,443,52783,,forward,20260823_155349_messaging_001_f90a,Messaging
1787480652.490429,1363,4,UDP,443,52783,,forward,20260823_155349_messaging_001_f90a,Messaging
1787480652.490429,1363,4,UDP,443,52783,,forward,20260823_155349_messaging_001_f90a,Messaging
1787480652.490429,1363,4,UDP,443,52783,,forward,20260823_155349_messaging_001_f90a,Messaging
1787480652.490429,1363,4,UDP,443,52783,,forward,20260823_155349_messaging_001_f90a,Messaging
1787480652.490429,1363,4,UDP,443,52783,,forward,20260823_155349_messaging_001_f90a,Messaging
1787480652.490429,1363,4,UDP,443,52783,,forward,20260823_155349_messaging_001_f90a,Messaging
1787480652.490429,1363,4,UDP,443,52783,,forward,20260823_155349_messaging_001_f90a,Messaging
1787480652.490429,1363,4,UDP,443,52783,,forward,20260823_155349_messaging_001_f90a,Messaging
1787480652.490429,1363,4,UDP,443,52783,,forward,20260823_155349_messaging_001_f90a,Messaging
1787480652.490429,1363,4,UDP,443,52783,,forward,20260823_155349_messaging_001_f90a,Messaging
1787480652.490429,1363,4,UDP,443,52783,,forward,20260823_155349_messaging_001_f90a,Messaging
1787480652.490429,1363,4,UDP,443,52783,,forward,20260823_155349_messaging_001_f90a,Messaging
1787480652.490429,1363,4,UDP,443,52783,,forward,20260823_155349_messaging_001_f90a,Messaging
1787480652.490429,1372,4,UDP,443,52783,,forward,20260823_155349_messaging_001_f90a,Messaging
1787480652.490429,1364,4,UDP,443,52783,,forward,20260823_155349_messaging_001_f90a,Messaging
1787480652.490429,1364,4,UDP,443,52783,,forward,20260823_155349_messaging_001_f90a,Messaging
1787480652.490429,1364,4,UDP,443,52783,,forward,20260823_155349_messaging_001_f90a,Messaging
1787480652.490429,1364,4,UDP,443,52783,,forward,20260823_155349_messaging_001_f90a,Messaging
1787480652.490429,1364,4,UDP,443,52783,,forward,20260823_155349_messaging_001_f90a,Messaging
1787480652.490429,1364,4,UDP,443,52783,,forward,20260823_155349_messaging_001_f90a,Messaging
1787480652.490429,1364,4,UDP,443,52783,,forward,20260823_155349_messaging_001_f90a,Messaging
1787480652.490429,1364,4,UDP,443,52783,,forward,20260823_155349_messaging_001_f90a,Messaging
1787480652.490429,1364,4,UDP,443,52783,,forward,20260823_155349_messaging_001_f90a,Messaging
1787480652.490429,1364,4,UDP,443,52783,,forward,20260823_155349_messaging_001_f90a,Messaging
1787480652.490429,1364,4,UDP,443,52783,,forward,20260823_155349_messaging_001_f90a,Messaging
1787480652.490429,1364,4,UDP,443,52783,,forward,20260823_155349_messaging_001_f90a,Messaging
1787480652.490429,1364,4,UDP,443,52783,,forward,20260823_155349_messaging_001_f90a,Messaging
1787480652.490429,1364,4,UDP,443,52783,,forward,20260823_155349_messaging_001_f90a,Messaging
1787480652.490429,1364,4,UDP,443,52783,,forward,20260823_155349_messaging_001_f90a,Messaging
1787480652.490429,1364,4,UDP,443,52783,,forward,20260823_155349_messaging_001_f90a,Messaging
1787480652.490429,1364,4,UDP,443,52783,,forward,20260823_155349_messaging_001_f90a,Messaging
1787480652.490429,1364,4,UDP,443,52783,,forward,20260823_155349_messaging_001_f90a,Messaging
1787480652.490429,1364,4,UDP,443,52783,,forward,20260823_155349_messaging_001_f90a,Messaging
1787480652.490429,1364,4,UDP,443,52783,,forward,20260823_155349_messaging_001_f90a,Messaging
1787480652.490429,1364,4,UDP,443,52783,,forward,20260823_155349_messaging_001_f90a,Messaging
1787480652.490429,1364,4,UDP,443,52783,,forward,20260823_155349_messaging_001_f90a,Messaging
1787480652.490429,1364,4,UDP,443,52783,,forward,20260823_155349_messaging_001_f90a,Messaging
1787480652.490429,1364,4,UDP,443,52783,,forward,20260823_155349_messaging_001_f90a,Messaging
1787480652.490429,1364,4,UDP,443,52783,,forward,20260823_155349_messaging_001_f90a,Messaging
1787480652.490429,1364,4,UDP,443,52783,,forward,20260823_155349_messaging_001_f90a,Messaging
1787480652.490429,1364,4,UDP,443,52783,,forward,20260823_155349_messaging_001_f90a,Messaging
1787480652.490429,1364,4,UDP,443,52783,,forward,20260823_155349_messaging_001_f90a,Messaging
1787480652.490429,1364,4,UDP,443,52783,,forward,20260823_155349_messaging_001_f90a,Messaging
1787480652.490429,1364,4,UDP,443,52783,,forward,20260823_155349_messaging_001_f90a,Messaging
1787480652.490429,1364,4,UDP,443,52783,,forward,20260823_155349_messaging_001_f90a,Messaging
1787480652.490429,1364,4,UDP,443,52783,,forward,20260823_155349_messaging_001_f90a,Messaging
1787480652.490429,1364,4,UDP,443,52783,,forward,20260823_155349_messaging_001_f90a,Messaging
1787480652.490429,1364,4,UDP,443,52783,,forward,20260823_155349_messaging_001_f90a,Messaging
1787480652.490429,1364,4,UDP,443,52783,,forward,20260823_155349_messaging_001_f90a,Messaging
1787480652.490429,1364,4,UDP,443,52783,,forward,20260823_155349_messaging_001_f90a,Messaging
1787480652.490429,1364,4,UDP,443,52783,,forward,20260823_155349_messaging_001_f90a,Messaging
1787480652.490429,1364,4,UDP,443,52783,,forward,20260823_155349_messaging_001_f90a,Messaging
1787480652.490429,1364,4,UDP,443,52783,,forward,20260823_155349_messaging_001_f90a,Messaging
1787480652.490429,1364,4,UDP,443,52783,,forward,20260823_155349_messaging_001_f90a,Messaging
1787480652.490429,1364,4,UDP,443,52783,,forward,20260823_155349_messaging_001_f90a,Messaging
1787480652.490429,1364,4,UDP,443,52783,,forward,20260823_155349_messaging_001_f90a,Messaging
1787480652.490429,1364,4,UDP,443,52783,,forward,20260823_155349_messaging_001_f90a,Messaging
1787480652.490429,1364,4,UDP,443,52783,,forward,20260823_155349_messaging_001_f90a,Messaging
1787480652.490429,826,4,UDP,443,52783,,forward,20260823_155349_messaging_001_f90a,Messaging
1787480652.49091,89,4,UDP,52783,443,,forward,20260823_155349_messaging_001_f90a,Messaging
1787480652.491076,89,4,UDP,52783,443,,forward,20260823_155349_messaging_001_f90a,Messaging
1787480652.49134,166,4,UDP,52783,443,,forward,20260823_155349_messaging_001_f90a,Messaging
1787480652.49145,166,4,UDP,52783,443,,forward,20260823_155349_messaging_001_f90a,Messaging
1787480652.491566,166,4,UDP,52783,443,,forward,20260823_155349_messaging_001_f90a,Messaging
1787480652.491857,166,4,UDP,52783,443,,forward,20260823_155349_messaging_001_f90a,Messaging
1787480652.491955,166,4,UDP,52783,443,,forward,20260823_155349_messaging_001_f90a,Messaging
1787480652.492084,166,4,UDP,52783,443,,forward,20260823_155349_messaging_001_f90a,Messaging
1787480652.497172,88,4,UDP,443,52783,,forward,20260823_155349_messaging_001_f90a,Messaging
1787480652.497172,145,4,UDP,443,52783,,forward,20260823_155349_messaging_001_f90a,Messaging
1787480652.497454,89,4,UDP,52783,443,,forward,20260823_155349_messaging_001_f90a,Messaging
1787480652.497589,145,4,UDP,52783,443,,forward,20260823_155349_messaging_001_f90a,Messaging
1787480652.505891,172,4,UDP,52783,443,,forward,20260823_155349_messaging_001_f90a,Messaging
1787480652.521219,88,4,UDP,443,52783,,forward,20260823_155349_messaging_001_f90a,Messaging
1787480652.530633,88,4,UDP,443,52783,,forward,20260823_155349_messaging_001_f90a,Messaging
1787480652.530633,88,4,UDP,443,52783,,forward,20260823_155349_messaging_001_f90a,Messaging
1787480652.536245,88,4,UDP,443,52783,,forward,20260823_155349_messaging_001_f90a,Messaging
1787480652.55179,159,4,UDP,443,52783,,forward,20260823_155349_messaging_001_f90a,Messaging
1787480652.552043,88,4,UDP,52783,443,,forward,20260823_155349_messaging_001_f90a,Messaging
1787480653.21404,70,4,UDP,5353,5353,,forward,20260823_155349_messaging_001_f90a,Messaging
1787480653.214917,90,6,UDP,5353,5353,,forward,20260823_155349_messaging_001_f90a,Messaging
1787480653.215489,70,4,UDP,5353,5353,,forward,20260823_155349_messaging_001_f90a,Messaging
1787480653.215964,90,6,UDP,5353,5353,,forward,20260823_155349_messaging_001_f90a,Messaging
1787480653.216454,70,4,UDP,5353,5353,,forward,20260823_155349_messaging_001_f90a,Messaging
1787480653.216903,90,6,UDP,5353,5353,,forward,20260823_155349_messaging_001_f90a,Messaging
1787480653.217304,70,4,UDP,5353,5353,,forward,20260823_155349_messaging_001_f90a,Messaging
1787480653.217789,90,6,UDP,5353,5353,,forward,20260823_155349_messaging_001_f90a,Messaging
1787480653.632214,574,4,UDP,443,52783,,forward,20260823_155349_messaging_001_f90a,Messaging
1787480653.632472,88,4,UDP,52783,443,,forward,20260823_155349_messaging_001_f90a,Messaging
1787480653.632701,70,4,UDP,5353,5353,,forward,20260823_155349_messaging_001_f90a,Messaging
1787480653.633118,90,6,UDP,5353,5353,,forward,20260823_155349_messaging_001_f90a,Messaging
1787480653.633393,92,4,UDP,137,137,,forward,20260823_155349_messaging_001_f90a,Messaging
1787480653.633661,70,4,UDP,5353,5353,,forward,20260823_155349_messaging_001_f90a,Messaging
1787480653.633807,84,6,UDP,62123,5355,,forward,20260823_155349_messaging_001_f90a,Messaging
1787480653.633943,64,4,UDP,62123,5355,,forward,20260823_155349_messaging_001_f90a,Messaging
1787480653.634049,70,4,UDP,5353,5353,,forward,20260823_155349_messaging_001_f90a,Messaging
1787480653.634554,84,6,UDP,51288,5355,,forward,20260823_155349_messaging_001_f90a,Messaging
1787480653.634631,90,6,UDP,5353,5353,,forward,20260823_155349_messaging_001_f90a,Messaging
1787480653.634774,64,4,UDP,51288,5355,,forward,20260823_155349_messaging_001_f90a,Messaging
1787480653.63528,90,6,UDP,5353,5353,,forward,20260823_155349_messaging_001_f90a,Messaging
1787480653.635837,70,4,UDP,5353,5353,,forward,20260823_155349_messaging_001_f90a,Messaging
1787480653.636343,90,6,UDP,5353,5353,,forward,20260823_155349_messaging_001_f90a,Messaging
1787480653.67898,125,4,UDP,52783,443,,forward,20260823_155349_messaging_001_f90a,Messaging
1787480653.725349,88,4,UDP,443,52783,,forward,20260823_155349_messaging_001_f90a,Messaging
1787480654.053116,84,6,UDP,62123,5355,,forward,20260823_155349_messaging_001_f90a,Messaging
1787480654.053245,64,4,UDP,62123,5355,,forward,20260823_155349_messaging_001_f90a,Messaging
1787480654.05334,84,6,UDP,51288,5355,,forward,20260823_155349_messaging_001_f90a,Messaging
1787480654.053417,64,4,UDP,51288,5355,,forward,20260823_155349_messaging_001_f90a,Messaging
1787480654.053556,70,4,UDP,5353,5353,,forward,20260823_155349_messaging_001_f90a,Messaging
1787480654.054129,90,6,UDP,5353,5353,,forward,20260823_155349_messaging_001_f90a,Messaging
1787480654.054602,70,4,UDP,5353,5353,,forward,20260823_155349_messaging_001_f90a,Messaging
1787480654.054964,90,6,UDP,5353,5353,,forward,20260823_155349_messaging_001_f90a,Messaging
1787480654.055346,70,4,UDP,5353,5353,,forward,20260823_155349_messaging_001_f90a,Messaging
1787480654.055699,90,6,UDP,5353,5353,,forward,20260823_155349_messaging_001_f90a,Messaging
1787480654.056179,70,4,UDP,5353,5353,,forward,20260823_155349_messaging_001_f90a,Messaging
1787480654.056718,90,6,UDP,5353,5353,,forward,20260823_155349_messaging_001_f90a,Messaging
1787480654.394708,92,4,UDP,137,137,,forward,20260823_155349_messaging_001_f90a,Messaging
1787480654.485263,389,4,UDP,52783,443,,forward,20260823_155349_messaging_001_f90a,Messaging
1787480654.519908,88,4,UDP,443,52783,,forward,20260823_155349_messaging_001_f90a,Messaging
1787480654.519908,125,4,UDP,443,52783,,forward,20260823_155349_messaging_001_f90a,Messaging
1787480654.520194,88,4,UDP,52783,443,,forward,20260823_155349_messaging_001_f90a,Messaging
1787480654.581224,117,4,UDP,52783,443,,forward,20260823_155349_messaging_001_f90a,Messaging
1787480654.581335,347,4,UDP,52783,443,,forward,20260823_155349_messaging_001_f90a,Messaging
1787480654.612053,88,4,UDP,443,52783,,forward,20260823_155349_messaging_001_f90a,Messaging
1787480654.612053,88,4,UDP,443,52783,,forward,20260823_155349_messaging_001_f90a,Messaging
1787480654.612053,521,4,UDP,443,52783,,forward,20260823_155349_messaging_001_f90a,Messaging
1787480654.612518,88,4,UDP,52783,443,,forward,20260823_155349_messaging_001_f90a,Messaging
1787480654.690153,219,4,UDP,443,52783,,forward,20260823_155349_messaging_001_f90a,Messaging
1787480654.690433,88,4,UDP,52783,443,,forward,20260823_155349_messaging_001_f90a,Messaging
1787480654.737216,165,4,UDP,443,52783,,forward,20260823_155349_messaging_001_f90a,Messaging
1787480654.737723,88,4,UDP,52783,443,,forward,20260823_155349_messaging_001_f90a,Messaging
1787480654.742491,125,4,UDP,52783,443,,forward,20260823_155349_messaging_001_f90a,Messaging
1787480654.769129,170,4,UDP,52783,443,,forward,20260823_155349_messaging_001_f90a,Messaging
1787480654.780263,88,4,UDP,443,52783,,forward,20260823_155349_messaging_001_f90a,Messaging
1787480654.799876,88,4,UDP,443,52783,,forward,20260823_155349_messaging_001_f90a,Messaging
1787480655.14596,92,4,UDP,137,137,,forward,20260823_155349_messaging_001_f90a,Messaging
1787480655.607257,1359,4,UDP,52783,443,,forward,20260823_155349_messaging_001_f90a,Messaging
1787480655.607351,1363,4,UDP,52783,443,,forward,20260823_155349_messaging_001_f90a,Messaging
1787480655.607385,272,4,UDP,52783,443,,forward,20260823_155349_messaging_001_f90a,Messaging
1787480655.642975,88,4,UDP,443,52783,,forward,20260823_155349_messaging_001_f90a,Messaging
1787480655.642975,88,4,UDP,443,52783,,forward,20260823_155349_messaging_001_f90a,Messaging
1787480655.642975,257,4,UDP,443,52783,,forward,20260823_155349_messaging_001_f90a,Messaging
1787480655.642975,1359,4,UDP,443,52783,,forward,20260823_155349_messaging_001_f90a,Messaging
1787480655.642975,1363,4,UDP,443,52783,,forward,20260823_155349_messaging_001_f90a,Messaging
1787480655.642975,1363,4,UDP,443,52783,,forward,20260823_155349_messaging_001_f90a,Messaging
1787480655.642975,1363,4,UDP,443,52783,,forward,20260823_155349_messaging_001_f90a,Messaging
1787480655.642975,1363,4,UDP,443,52783,,forward,20260823_155349_messaging_001_f90a,Messaging
1787480655.642975,1363,4,UDP,443,52783,,forward,20260823_155349_messaging_001_f90a,Messaging
1787480655.642975,1363,4,UDP,443,52783,,forward,20260823_155349_messaging_001_f90a,Messaging
1787480655.642975,1363,4,UDP,443,52783,,forward,20260823_155349_messaging_001_f90a,Messaging
1787480655.643293,88,4,UDP,52783,443,,forward,20260823_155349_messaging_001_f90a,Messaging
1787480655.64858,1363,4,UDP,443,52783,,forward,20260823_155349_messaging_001_f90a,Messaging
1787480655.64858,1363,4,UDP,443,52783,,forward,20260823_155349_messaging_001_f90a,Messaging
1787480655.64858,1363,4,UDP,443,52783,,forward,20260823_155349_messaging_001_f90a,Messaging
1787480655.64858,1363,4,UDP,443,52783,,forward,20260823_155349_messaging_001_f90a,Messaging
1787480655.64858,1363,4,UDP,443,52783,,forward,20260823_155349_messaging_001_f90a,Messaging
1787480655.64858,1363,4,UDP,443,52783,,forward,20260823_155349_messaging_001_f90a,Messaging
1787480655.64858,1363,4,UDP,443,52783,,forward,20260823_155349_messaging_001_f90a,Messaging
1787480655.64858,1363,4,UDP,443,52783,,forward,20260823_155349_messaging_001_f90a,Messaging
1787480655.64858,1363,4,UDP,443,52783,,forward,20260823_155349_messaging_001_f90a,Messaging
1787480655.64858,1363,4,UDP,443,52783,,forward,20260823_155349_messaging_001_f90a,Messaging
1787480655.64858,1363,4,UDP,443,52783,,forward,20260823_155349_messaging_001_f90a,Messaging
1787480655.64858,1363,4,UDP,443,52783,,forward,20260823_155349_messaging_001_f90a,Messaging
1787480655.64858,1363,4,UDP,443,52783,,forward,20260823_155349_messaging_001_f90a,Messaging
1787480655.64858,1363,4,UDP,443,52783,,forward,20260823_155349_messaging_001_f90a,Messaging
1787480655.64858,1363,4,UDP,443,52783,,forward,20260823_155349_messaging_001_f90a,Messaging
1787480655.64858,1363,4,UDP,443,52783,,forward,20260823_155349_messaging_001_f90a,Messaging
1787480655.64889,88,4,UDP,52783,443,,forward,20260823_155349_messaging_001_f90a,Messaging
1787480655.649279,169,4,UDP,52783,443,,forward,20260823_155349_messaging_001_f90a,Messaging
1787480655.64937,165,4,UDP,52783,443,,forward,20260823_155349_messaging_001_f90a,Messaging
1787480655.663687,1363,4,UDP,443,52783,,forward,20260823_155349_messaging_001_f90a,Messaging
1787480655.663687,1363,4,UDP,443,52783,,forward,20260823_155349_messaging_001_f90a,Messaging
1787480655.663687,1363,4,UDP,443,52783,,forward,20260823_155349_messaging_001_f90a,Messaging
1787480655.663687,1363,4,UDP,443,52783,,forward,20260823_155349_messaging_001_f90a,Messaging
1787480655.663687,1363,4,UDP,443,52783,,forward,20260823_155349_messaging_001_f90a,Messaging
1787480655.663687,1363,4,UDP,443,52783,,forward,20260823_155349_messaging_001_f90a,Messaging
1787480655.663687,1363,4,UDP,443,52783,,forward,20260823_155349_messaging_001_f90a,Messaging
1787480655.663687,1363,4,UDP,443,52783,,forward,20260823_155349_messaging_001_f90a,Messaging
1787480655.663687,1363,4,UDP,443,52783,,forward,20260823_155349_messaging_001_f90a,Messaging
1787480655.663687,1363,4,UDP,443,52783,,forward,20260823_155349_messaging_001_f90a,Messaging
1787480655.663687,1363,4,UDP,443,52783,,forward,20260823_155349_messaging_001_f90a,Messaging
1787480655.663687,1363,4,UDP,443,52783,,forward,20260823_155349_messaging_001_f90a,Messaging
1787480655.663687,1363,4,UDP,443,52783,,forward,20260823_155349_messaging_001_f90a,Messaging
1787480655.663687,1363,4,UDP,443,52783,,forward,20260823_155349_messaging_001_f90a,Messaging
1787480655.663687,1363,4,UDP,443,52783,,forward,20260823_155349_messaging_001_f90a,Messaging
1787480655.663687,1363,4,UDP,443,52783,,forward,20260823_155349_messaging_001_f90a,Messaging
1787480655.663687,1363,4,UDP,443,52783,,forward,20260823_155349_messaging_001_f90a,Messaging
1787480655.663687,1363,4,UDP,443,52783,,forward,20260823_155349_messaging_001_f90a,Messaging
1787480655.663687,1363,4,UDP,443,52783,,forward,20260823_155349_messaging_001_f90a,Messaging
1787480655.663687,1363,4,UDP,443,52783,,forward,20260823_155349_messaging_001_f90a,Messaging
1787480655.663687,1363,4,UDP,443,52783,,forward,20260823_155349_messaging_001_f90a,Messaging
1787480655.663687,1363,4,UDP,443,52783,,forward,20260823_155349_messaging_001_f90a,Messaging
1787480655.663687,1363,4,UDP,443,52783,,forward,20260823_155349_messaging_001_f90a,Messaging
1787480655.663687,1363,4,UDP,443,52783,,forward,20260823_155349_messaging_001_f90a,Messaging
1787480655.663687,1363,4,UDP,443,52783,,forward,20260823_155349_messaging_001_f90a,Messaging
1787480655.663687,1363,4,UDP,443,52783,,forward,20260823_155349_messaging_001_f90a,Messaging
1787480655.663687,1363,4,UDP,443,52783,,forward,20260823_155349_messaging_001_f90a,Messaging
1787480655.663687,1363,4,UDP,443,52783,,forward,20260823_155349_messaging_001_f90a,Messaging
1787480655.663687,1363,4,UDP,443,52783,,forward,20260823_155349_messaging_001_f90a,Messaging
1787480655.663687,1363,4,UDP,443,52783,,forward,20260823_155349_messaging_001_f90a,Messaging
1787480655.663687,1363,4,UDP,443,52783,,forward,20260823_155349_messaging_001_f90a,Messaging
1787480655.663687,1363,4,UDP,443,52783,,forward,20260823_155349_messaging_001_f90a,Messaging
1787480655.663687,1363,4,UDP,443,52783,,forward,20260823_155349_messaging_001_f90a,Messaging
1787480655.663687,1363,4,UDP,443,52783,,forward,20260823_155349_messaging_001_f90a,Messaging
1787480655.663687,1363,4,UDP,443,52783,,forward,20260823_155349_messaging_001_f90a,Messaging
1787480655.663687,1363,4,UDP,443,52783,,forward,20260823_155349_messaging_001_f90a,Messaging
1787480655.663687,1363,4,UDP,443,52783,,forward,20260823_155349_messaging_001_f90a,Messaging
1787480655.663687,1363,4,UDP,443,52783,,forward,20260823_155349_messaging_001_f90a,Messaging
1787480655.663687,1363,4,UDP,443,52783,,forward,20260823_155349_messaging_001_f90a,Messaging
1787480655.663687,1363,4,UDP,443,52783,,forward,20260823_155349_messaging_001_f90a,Messaging
1787480655.663687,1363,4,UDP,443,52783,,forward,20260823_155349_messaging_001_f90a,Messaging
1787480655.663687,1363,4,UDP,443,52783,,forward,20260823_155349_messaging_001_f90a,Messaging
1787480655.663687,1363,4,UDP,443,52783,,forward,20260823_155349_messaging_001_f90a,Messaging
1787480655.663687,1363,4,UDP,443,52783,,forward,20260823_155349_messaging_001_f90a,Messaging
1787480655.663687,1363,4,UDP,443,52783,,forward,20260823_155349_messaging_001_f90a,Messaging
1787480655.663687,1363,4,UDP,443,52783,,forward,20260823_155349_messaging_001_f90a,Messaging
1787480655.663687,1363,4,UDP,443,52783,,forward,20260823_155349_messaging_001_f90a,Messaging
1787480655.663687,1363,4,UDP,443,52783,,forward,20260823_155349_messaging_001_f90a,Messaging
1787480655.663687,1363,4,UDP,443,52783,,forward,20260823_155349_messaging_001_f90a,Messaging
1787480655.663687,1363,4,UDP,443,52783,,forward,20260823_155349_messaging_001_f90a,Messaging
1787480655.663687,1363,4,UDP,443,52783,,forward,20260823_155349_messaging_001_f90a,Messaging
1787480655.663687,1363,4,UDP,443,52783,,forward,20260823_155349_messaging_001_f90a,Messaging
1787480655.663687,1363,4,UDP,443,52783,,forward,20260823_155349_messaging_001_f90a,Messaging
1787480655.663687,1363,4,UDP,443,52783,,forward,20260823_155349_messaging_001_f90a,Messaging
1787480655.663687,1363,4,UDP,443,52783,,forward,20260823_155349_messaging_001_f90a,Messaging
1787480655.663687,1363,4,UDP,443,52783,,forward,20260823_155349_messaging_001_f90a,Messaging
1787480655.663687,1363,4,UDP,443,52783,,forward,20260823_155349_messaging_001_f90a,Messaging
1787480655.663687,1363,4,UDP,443,52783,,forward,20260823_155349_messaging_001_f90a,Messaging
1787480655.663687,1363,4,UDP,443,52783,,forward,20260823_155349_messaging_001_f90a,Messaging
1787480655.663687,1363,4,UDP,443,52783,,forward,20260823_155349_messaging_001_f90a,Messaging
1787480655.66425,166,4,UDP,52783,443,,forward,20260823_155349_messaging_001_f90a,Messaging
1787480655.664752,89,4,UDP,52783,443,,forward,20260823_155349_messaging_001_f90a,Messaging
1787480655.666803,507,4,UDP,52783,443,,forward,20260823_155349_messaging_001_f90a,Messaging
1787480655.678227,1363,4,UDP,443,52783,,forward,20260823_155349_messaging_001_f90a,Messaging
1787480655.678227,1363,4,UDP,443,52783,,forward,20260823_155349_messaging_001_f90a,Messaging
1787480655.678227,1363,4,UDP,443,52783,,forward,20260823_155349_messaging_001_f90a,Messaging
1787480655.678227,1363,4,UDP,443,52783,,forward,20260823_155349_messaging_001_f90a,Messaging
1787480655.678227,1363,4,UDP,443,52783,,forward,20260823_155349_messaging_001_f90a,Messaging
1787480655.678227,1363,4,UDP,443,52783,,forward,20260823_155349_messaging_001_f90a,Messaging
1787480655.678227,1363,4,UDP,443,52783,,forward,20260823_155349_messaging_001_f90a,Messaging
1787480655.678227,1363,4,UDP,443,52783,,forward,20260823_155349_messaging_001_f90a,Messaging
1787480655.678227,1363,4,UDP,443,52783,,forward,20260823_155349_messaging_001_f90a,Messaging
1787480655.678227,1363,4,UDP,443,52783,,forward,20260823_155349_messaging_001_f90a,Messaging
1787480655.678227,1363,4,UDP,443,52783,,forward,20260823_155349_messaging_001_f90a,Messaging
1787480655.678227,1363,4,UDP,443,52783,,forward,20260823_155349_messaging_001_f90a,Messaging
1787480655.678227,1363,4,UDP,443,52783,,forward,20260823_155349_messaging_001_f90a,Messaging
1787480655.678227,1363,4,UDP,443,52783,,forward,20260823_155349_messaging_001_f90a,Messaging
1787480655.678227,1363,4,UDP,443,52783,,forward,20260823_155349_messaging_001_f90a,Messaging
1787480655.678227,1363,4,UDP,443,52783,,forward,20260823_155349_messaging_001_f90a,Messaging
1787480655.678227,1363,4,UDP,443,52783,,forward,20260823_155349_messaging_001_f90a,Messaging
1787480655.678227,1363,4,UDP,443,52783,,forward,20260823_155349_messaging_001_f90a,Messaging
1787480655.678227,1363,4,UDP,443,52783,,forward,20260823_155349_messaging_001_f90a,Messaging
1787480655.678227,1363,4,UDP,443,52783,,forward,20260823_155349_messaging_001_f90a,Messaging
1787480655.678227,1363,4,UDP,443,52783,,forward,20260823_155349_messaging_001_f90a,Messaging
1787480655.678227,1363,4,UDP,443,52783,,forward,20260823_155349_messaging_001_f90a,Messaging
1787480655.678227,1363,4,UDP,443,52783,,forward,20260823_155349_messaging_001_f90a,Messaging
1787480655.678227,1363,4,UDP,443,52783,,forward,20260823_155349_messaging_001_f90a,Messaging
1787480655.678227,1363,4,UDP,443,52783,,forward,20260823_155349_messaging_001_f90a,Messaging
1787480655.678227,1363,4,UDP,443,52783,,forward,20260823_155349_messaging_001_f90a,Messaging
1787480655.678227,1363,4,UDP,443,52783,,forward,20260823_155349_messaging_001_f90a,Messaging
1787480655.678227,1363,4,UDP,443,52783,,forward,20260823_155349_messaging_001_f90a,Messaging
1787480655.678227,1363,4,UDP,443,52783,,forward,20260823_155349_messaging_001_f90a,Messaging
1787480655.678227,1363,4,UDP,443,52783,,forward,20260823_155349_messaging_001_f90a,Messaging
1787480655.678227,1363,4,UDP,443,52783,,forward,20260823_155349_messaging_001_f90a,Messaging
1787480655.678227,1363,4,UDP,443,52783,,forward,20260823_155349_messaging_001_f90a,Messaging
1787480655.678227,1363,4,UDP,443,52783,,forward,20260823_155349_messaging_001_f90a,Messaging
1787480655.678227,1363,4,UDP,443,52783,,forward,20260823_155349_messaging_001_f90a,Messaging
1787480655.678227,1363,4,UDP,443,52783,,forward,20260823_155349_messaging_001_f90a,Messaging
1787480655.678227,1363,4,UDP,443,52783,,forward,20260823_155349_messaging_001_f90a,Messaging
1787480655.678227,1363,4,UDP,443,52783,,forward,20260823_155349_messaging_001_f90a,Messaging
1787480655.678227,1364,4,UDP,443,52783,,forward,20260823_155349_messaging_001_f90a,Messaging
1787480655.678227,1364,4,UDP,443,52783,,forward,20260823_155349_messaging_001_f90a,Messaging
1787480655.678227,1364,4,UDP,443,52783,,forward,20260823_155349_messaging_001_f90a,Messaging
1787480655.678227,1364,4,UDP,443,52783,,forward,20260823_155349_messaging_001_f90a,Messaging
1787480655.678227,1364,4,UDP,443,52783,,forward,20260823_155349_messaging_001_f90a,Messaging
1787480655.678227,1364,4,UDP,443,52783,,forward,20260823_155349_messaging_001_f90a,Messaging
1787480655.678227,1364,4,UDP,443,52783,,forward,20260823_155349_messaging_001_f90a,Messaging
1787480655.678227,1364,4,UDP,443,52783,,forward,20260823_155349_messaging_001_f90a,Messaging
1787480655.678227,1364,4,UDP,443,52783,,forward,20260823_155349_messaging_001_f90a,Messaging
1787480655.678227,1364,4,UDP,443,52783,,forward,20260823_155349_messaging_001_f90a,Messaging
1787480655.678227,1364,4,UDP,443,52783,,forward,20260823_155349_messaging_001_f90a,Messaging
1787480655.678227,1363,4,UDP,443,52783,,forward,20260823_155349_messaging_001_f90a,Messaging
1787480655.678227,1363,4,UDP,443,52783,,forward,20260823_155349_messaging_001_f90a,Messaging
1787480655.678771,91,4,UDP,52783,443,,forward,20260823_155349_messaging_001_f90a,Messaging
1787480655.679116,1364,4,UDP,443,52783,,forward,20260823_155349_messaging_001_f90a,Messaging
1787480655.679116,1364,4,UDP,443,52783,,forward,20260823_155349_messaging_001_f90a,Messaging
1787480655.679116,1364,4,UDP,443,52783,,forward,20260823_155349_messaging_001_f90a,Messaging
1787480655.679132,168,4,UDP,52783,443,,forward,20260823_155349_messaging_001_f90a,Messaging
1787480655.679212,256,4,UDP,52783,443,,forward,20260823_155349_messaging_001_f90a,Messaging
1787480655.679298,91,4,UDP,52783,443,,forward,20260823_155349_messaging_001_f90a,Messaging
1787480655.679417,256,4,UDP,52783,443,,forward,20260823_155349_messaging_001_f90a,Messaging
1787480655.679474,168,4,UDP,52783,443,,forward,20260823_155349_messaging_001_f90a,Messaging
1787480655.679634,168,4,UDP,52783,443,,forward,20260823_155349_messaging_001_f90a,Messaging
1787480655.679768,168,4,UDP,52783,443,,forward,20260823_155349_messaging_001_f90a,Messaging
1787480655.682349,1363,4,UDP,52783,443,,forward,20260823_155349_messaging_001_f90a,Messaging
1787480655.682464,504,4,UDP,52783,443,,forward,20260823_155349_messaging_001_f90a,Messaging
1787480655.694331,169,4,UDP,52783,443,,forward,20260823_155349_messaging_001_f90a,Messaging
1787480655.69439,1364,4,UDP,443,52783,,forward,20260823_155349_messaging_001_f90a,Messaging
1787480655.69439,1364,4,UDP,443,52783,,forward,20260823_155349_messaging_001_f90a,Messaging
1787480655.69439,1364,4,UDP,443,52783,,forward,20260823_155349_messaging_001_f90a,Messaging
1787480655.69439,1364,4,UDP,443,52783,,forward,20260823_155349_messaging_001_f90a,Messaging
1787480655.69439,1364,4,UDP,443,52783,,forward,20260823_155349_messaging_001_f90a,Messaging
1787480655.69439,1364,4,UDP,443,52783,,forward,20260823_155349_messaging_001_f90a,Messaging
1787480655.69439,1364,4,UDP,443,52783,,forward,20260823_155349_messaging_001_f90a,Messaging
1787480655.69439,1364,4,UDP,443,52783,,forward,20260823_155349_messaging_001_f90a,Messaging
1787480655.69439,1364,4,UDP,443,52783,,forward,20260823_155349_messaging_001_f90a,Messaging
1787480655.69439,1364,4,UDP,443,52783,,forward,20260823_155349_messaging_001_f90a,Messaging
1787480655.69439,1364,4,UDP,443,52783,,forward,20260823_155349_messaging_001_f90a,Messaging
1787480655.69439,1364,4,UDP,443,52783,,forward,20260823_155349_messaging_001_f90a,Messaging
1787480655.69439,1364,4,UDP,443,52783,,forward,20260823_155349_messaging_001_f90a,Messaging
1787480655.69439,1364,4,UDP,443,52783,,forward,20260823_155349_messaging_001_f90a,Messaging
1787480655.69439,1364,4,UDP,443,52783,,forward,20260823_155349_messaging_001_f90a,Messaging
1787480655.69439,1364,4,UDP,443,52783,,forward,20260823_155349_messaging_001_f90a,Messaging
1787480655.69439,1364,4,UDP,443,52783,,forward,20260823_155349_messaging_001_f90a,Messaging
1787480655.69439,1364,4,UDP,443,52783,,forward,20260823_155349_messaging_001_f90a,Messaging
1787480655.69439,1364,4,UDP,443,52783,,forward,20260823_155349_messaging_001_f90a,Messaging
1787480655.69439,89,4,UDP,443,52783,,forward,20260823_155349_messaging_001_f90a,Messaging
1787480655.69439,1364,4,UDP,443,52783,,forward,20260823_155349_messaging_001_f90a,Messaging
1787480655.69439,1364,4,UDP,443,52783,,forward,20260823_155349_messaging_001_f90a,Messaging
1787480655.69439,1364,4,UDP,443,52783,,forward,20260823_155349_messaging_001_f90a,Messaging
1787480655.69439,1364,4,UDP,443,52783,,forward,20260823_155349_messaging_001_f90a,Messaging
1787480655.69439,1364,4,UDP,443,52783,,forward,20260823_155349_messaging_001_f90a,Messaging
1787480655.69439,1364,4,UDP,443,52783,,forward,20260823_155349_messaging_001_f90a,Messaging
1787480655.69439,1364,4,UDP,443,52783,,forward,20260823_155349_messaging_001_f90a,Messaging
1787480655.69439,1364,4,UDP,443,52783,,forward,20260823_155349_messaging_001_f90a,Messaging
1787480655.69439,1364,4,UDP,443,52783,,forward,20260823_155349_messaging_001_f90a,Messaging
1787480655.69439,1364,4,UDP,443,52783,,forward,20260823_155349_messaging_001_f90a,Messaging
1787480655.69439,1364,4,UDP,443,52783,,forward,20260823_155349_messaging_001_f90a,Messaging
1787480655.69439,1364,4,UDP,443,52783,,forward,20260823_155349_messaging_001_f90a,Messaging
1787480655.69439,1364,4,UDP,443,52783,,forward,20260823_155349_messaging_001_f90a,Messaging
1787480655.69439,1364,4,UDP,443,52783,,forward,20260823_155349_messaging_001_f90a,Messaging
1787480655.69439,1364,4,UDP,443,52783,,forward,20260823_155349_messaging_001_f90a,Messaging
1787480655.69439,1364,4,UDP,443,52783,,forward,20260823_155349_messaging_001_f90a,Messaging
1787480655.69439,1364,4,UDP,443,52783,,forward,20260823_155349_messaging_001_f90a,Messaging
1787480655.69439,1364,4,UDP,443,52783,,forward,20260823_155349_messaging_001_f90a,Messaging
1787480655.69439,1364,4,UDP,443,52783,,forward,20260823_155349_messaging_001_f90a,Messaging
1787480655.69439,1364,4,UDP,443,52783,,forward,20260823_155349_messaging_001_f90a,Messaging
1787480655.69439,1364,4,UDP,443,52783,,forward,20260823_155349_messaging_001_f90a,Messaging
1787480655.69439,1364,4,UDP,443,52783,,forward,20260823_155349_messaging_001_f90a,Messaging
1787480655.69439,1364,4,UDP,443,52783,,forward,20260823_155349_messaging_001_f90a,Messaging
1787480655.69439,1364,4,UDP,443,52783,,forward,20260823_155349_messaging_001_f90a,Messaging
1787480655.69439,1364,4,UDP,443,52783,,forward,20260823_155349_messaging_001_f90a,Messaging
1787480655.69439,1364,4,UDP,443,52783,,forward,20260823_155349_messaging_001_f90a,Messaging
1787480655.69439,1364,4,UDP,443,52783,,forward,20260823_155349_messaging_001_f90a,Messaging
1787480655.69439,1364,4,UDP,443,52783,,forward,20260823_155349_messaging_001_f90a,Messaging
1787480655.69439,1364,4,UDP,443,52783,,forward,20260823_155349_messaging_001_f90a,Messaging
1787480655.69439,1364,4,UDP,443,52783,,forward,20260823_155349_messaging_001_f90a,Messaging
1787480655.69439,1364,4,UDP,443,52783,,forward,20260823_155349_messaging_001_f90a,Messaging
1787480655.69439,1364,4,UDP,443,52783,,forward,20260823_155349_messaging_001_f90a,Messaging
1787480655.69439,1364,4,UDP,443,52783,,forward,20260823_155349_messaging_001_f90a,Messaging
1787480655.69439,1364,4,UDP,443,52783,,forward,20260823_155349_messaging_001_f90a,Messaging
1787480655.69439,1364,4,UDP,443,52783,,forward,20260823_155349_messaging_001_f90a,Messaging
1787480655.69439,1364,4,UDP,443,52783,,forward,20260823_155349_messaging_001_f90a,Messaging
1787480655.69439,1364,4,UDP,443,52783,,forward,20260823_155349_messaging_001_f90a,Messaging
1787480655.69439,1364,4,UDP,443,52783,,forward,20260823_155349_messaging_001_f90a,Messaging
1787480655.69439,1364,4,UDP,443,52783,,forward,20260823_155349_messaging_001_f90a,Messaging
1787480655.69439,1364,4,UDP,443,52783,,forward,20260823_155349_messaging_001_f90a,Messaging
1787480655.69439,1364,4,UDP,443,52783,,forward,20260823_155349_messaging_001_f90a,Messaging
1787480655.69439,1364,4,UDP,443,52783,,forward,20260823_155349_messaging_001_f90a,Messaging
1787480655.69439,1364,4,UDP,443,52783,,forward,20260823_155349_messaging_001_f90a,Messaging
1787480655.69439,1364,4,UDP,443,52783,,forward,20260823_155349_messaging_001_f90a,Messaging
1787480655.69439,1364,4,UDP,443,52783,,forward,20260823_155349_messaging_001_f90a,Messaging
1787480655.69439,1364,4,UDP,443,52783,,forward,20260823_155349_messaging_001_f90a,Messaging
1787480655.69439,1364,4,UDP,443,52783,,forward,20260823_155349_messaging_001_f90a,Messaging
1787480655.69439,1364,4,UDP,443,52783,,forward,20260823_155349_messaging_001_f90a,Messaging
1787480655.69439,1364,4,UDP,443,52783,,forward,20260823_155349_messaging_001_f90a,Messaging
1787480655.69439,1364,4,UDP,443,52783,,forward,20260823_155349_messaging_001_f90a,Messaging
1787480655.69439,1364,4,UDP,443,52783,,forward,20260823_155349_messaging_001_f90a,Messaging
1787480655.69439,1364,4,UDP,443,52783,,forward,20260823_155349_messaging_001_f90a,Messaging
1787480655.695034,91,4,UDP,52783,443,,forward,20260823_155349_messaging_001_f90a,Messaging
1787480655.695502,168,4,UDP,52783,443,,forward,20260823_155349_messaging_001_f90a,Messaging
1787480655.695569,168,4,UDP,52783,443,,forward,20260823_155349_messaging_001_f90a,Messaging
1787480655.6956,168,4,UDP,52783,443,,forward,20260823_155349_messaging_001_f90a,Messaging
1787480655.695711,173,4,UDP,52783,443,,forward,20260823_155349_messaging_001_f90a,Messaging
1787480655.695765,168,4,UDP,52783,443,,forward,20260823_155349_messaging_001_f90a,Messaging
1787480655.695908,256,4,UDP,52783,443,,forward,20260823_155349_messaging_001_f90a,Messaging
1787480655.709465,169,4,UDP,52783,443,,forward,20260823_155349_messaging_001_f90a,Messaging
1787480655.709604,1364,4,UDP,443,52783,,forward,20260823_155349_messaging_001_f90a,Messaging
1787480655.709604,1364,4,UDP,443,52783,,forward,20260823_155349_messaging_001_f90a,Messaging
1787480655.709604,1364,4,UDP,443,52783,,forward,20260823_155349_messaging_001_f90a,Messaging
1787480655.709604,1364,4,UDP,443,52783,,forward,20260823_155349_messaging_001_f90a,Messaging
1787480655.709604,1364,4,UDP,443,52783,,forward,20260823_155349_messaging_001_f90a,Messaging
1787480655.709604,1364,4,UDP,443,52783,,forward,20260823_155349_messaging_001_f90a,Messaging
1787480655.709604,1364,4,UDP,443,52783,,forward,20260823_155349_messaging_001_f90a,Messaging
1787480655.709604,1364,4,UDP,443,52783,,forward,20260823_155349_messaging_001_f90a,Messaging
1787480655.709604,1364,4,UDP,443,52783,,forward,20260823_155349_messaging_001_f90a,Messaging
1787480655.709604,1364,4,UDP,443,52783,,forward,20260823_155349_messaging_001_f90a,Messaging
1787480655.709604,1364,4,UDP,443,52783,,forward,20260823_155349_messaging_001_f90a,Messaging
1787480655.709604,1364,4,UDP,443,52783,,forward,20260823_155349_messaging_001_f90a,Messaging
1787480655.709604,1364,4,UDP,443,52783,,forward,20260823_155349_messaging_001_f90a,Messaging
1787480655.709604,1364,4,UDP,443,52783,,forward,20260823_155349_messaging_001_f90a,Messaging
1787480655.709604,1364,4,UDP,443,52783,,forward,20260823_155349_messaging_001_f90a,Messaging
1787480655.709604,1364,4,UDP,443,52783,,forward,20260823_155349_messaging_001_f90a,Messaging
1787480655.709604,1364,4,UDP,443,52783,,forward,20260823_155349_messaging_001_f90a,Messaging
1787480655.709604,1364,4,UDP,443,52783,,forward,20260823_155349_messaging_001_f90a,Messaging
1787480655.709604,1364,4,UDP,443,52783,,forward,20260823_155349_messaging_001_f90a,Messaging
1787480655.709604,1364,4,UDP,443,52783,,forward,20260823_155349_messaging_001_f90a,Messaging
1787480655.709604,1364,4,UDP,443,52783,,forward,20260823_155349_messaging_001_f90a,Messaging
1787480655.709604,1364,4,UDP,443,52783,,forward,20260823_155349_messaging_001_f90a,Messaging
1787480655.709604,1364,4,UDP,443,52783,,forward,20260823_155349_messaging_001_f90a,Messaging
1787480655.709604,1364,4,UDP,443,52783,,forward,20260823_155349_messaging_001_f90a,Messaging
1787480655.709604,1364,4,UDP,443,52783,,forward,20260823_155349_messaging_001_f90a,Messaging
1787480655.709604,1364,4,UDP,443,52783,,forward,20260823_155349_messaging_001_f90a,Messaging
1787480655.709604,1364,4,UDP,443,52783,,forward,20260823_155349_messaging_001_f90a,Messaging
1787480655.709604,1364,4,UDP,443,52783,,forward,20260823_155349_messaging_001_f90a,Messaging
1787480655.709604,89,4,UDP,443,52783,,forward,20260823_155349_messaging_001_f90a,Messaging
1787480655.709604,89,4,UDP,443,52783,,forward,20260823_155349_messaging_001_f90a,Messaging
1787480655.709604,1364,4,UDP,443,52783,,forward,20260823_155349_messaging_001_f90a,Messaging
1787480655.709604,1364,4,UDP,443,52783,,forward,20260823_155349_messaging_001_f90a,Messaging
1787480655.709604,1364,4,UDP,443,52783,,forward,20260823_155349_messaging_001_f90a,Messaging
1787480655.709604,1364,4,UDP,443,52783,,forward,20260823_155349_messaging_001_f90a,Messaging
1787480655.709604,1364,4,UDP,443,52783,,forward,20260823_155349_messaging_001_f90a,Messaging
1787480655.709604,1364,4,UDP,443,52783,,forward,20260823_155349_messaging_001_f90a,Messaging
1787480655.709604,1364,4,UDP,443,52783,,forward,20260823_155349_messaging_001_f90a,Messaging
1787480655.709604,1364,4,UDP,443,52783,,forward,20260823_155349_messaging_001_f90a,Messaging
1787480655.709604,1364,4,UDP,443,52783,,forward,20260823_155349_messaging_001_f90a,Messaging
1787480655.709604,1364,4,UDP,443,52783,,forward,20260823_155349_messaging_001_f90a,Messaging
1787480655.709604,1364,4,UDP,443,52783,,forward,20260823_155349_messaging_001_f90a,Messaging
1787480655.709604,1364,4,UDP,443,52783,,forward,20260823_155349_messaging_001_f90a,Messaging
1787480655.709604,1364,4,UDP,443,52783,,forward,20260823_155349_messaging_001_f90a,Messaging
1787480655.709604,1364,4,UDP,443,52783,,forward,20260823_155349_messaging_001_f90a,Messaging
1787480655.709604,1364,4,UDP,443,52783,,forward,20260823_155349_messaging_001_f90a,Messaging
1787480655.709604,1364,4,UDP,443,52783,,forward,20260823_155349_messaging_001_f90a,Messaging
1787480655.709604,1364,4,UDP,443,52783,,forward,20260823_155349_messaging_001_f90a,Messaging
1787480655.709604,1364,4,UDP,443,52783,,forward,20260823_155349_messaging_001_f90a,Messaging
1787480655.709604,1364,4,UDP,443,52783,,forward,20260823_155349_messaging_001_f90a,Messaging
1787480655.709604,1364,4,UDP,443,52783,,forward,20260823_155349_messaging_001_f90a,Messaging
1787480655.709604,1364,4,UDP,443,52783,,forward,20260823_155349_messaging_001_f90a,Messaging
1787480655.709604,1364,4,UDP,443,52783,,forward,20260823_155349_messaging_001_f90a,Messaging
1787480655.709604,1364,4,UDP,443,52783,,forward,20260823_155349_messaging_001_f90a,Messaging
1787480655.709604,1364,4,UDP,443,52783,,forward,20260823_155349_messaging_001_f90a,Messaging
1787480655.709604,1364,4,UDP,443,52783,,forward,20260823_155349_messaging_001_f90a,Messaging
1787480655.709604,1364,4,UDP,443,52783,,forward,20260823_155349_messaging_001_f90a,Messaging
1787480655.709604,1364,4,UDP,443,52783,,forward,20260823_155349_messaging_001_f90a,Messaging
1787480655.709604,1364,4,UDP,443,52783,,forward,20260823_155349_messaging_001_f90a,Messaging
1787480655.709604,1364,4,UDP,443,52783,,forward,20260823_155349_messaging_001_f90a,Messaging
1787480655.709604,1364,4,UDP,443,52783,,forward,20260823_155349_messaging_001_f90a,Messaging
1787480655.709604,1364,4,UDP,443,52783,,forward,20260823_155349_messaging_001_f90a,Messaging
1787480655.709604,1364,4,UDP,443,52783,,forward,20260823_155349_messaging_001_f90a,Messaging
1787480655.709604,1364,4,UDP,443,52783,,forward,20260823_155349_messaging_001_f90a,Messaging
1787480655.709604,1364,4,UDP,443,52783,,forward,20260823_155349_messaging_001_f90a,Messaging
1787480655.709604,1364,4,UDP,443,52783,,forward,20260823_155349_messaging_001_f90a,Messaging
1787480655.709604,1364,4,UDP,443,52783,,forward,20260823_155349_messaging_001_f90a,Messaging
1787480655.709604,1364,4,UDP,443,52783,,forward,20260823_155349_messaging_001_f90a,Messaging
1787480655.709604,1364,4,UDP,443,52783,,forward,20260823_155349_messaging_001_f90a,Messaging
1787480655.709604,1364,4,UDP,443,52783,,forward,20260823_155349_messaging_001_f90a,Messaging
1787480655.709604,1364,4,UDP,443,52783,,forward,20260823_155349_messaging_001_f90a,Messaging
1787480655.710191,89,4,UDP,52783,443,,forward,20260823_155349_messaging_001_f90a,Messaging
1787480655.710325,89,4,UDP,52783,443,,forward,20260823_155349_messaging_001_f90a,Messaging
1787480655.710699,256,4,UDP,52783,443,,forward,20260823_155349_messaging_001_f90a,Messaging
1787480655.710734,168,4,UDP,52783,443,,forward,20260823_155349_messaging_001_f90a,Messaging
1787480655.710939,344,4,UDP,52783,443,,forward,20260823_155349_messaging_001_f90a,Messaging
1787480655.715713,89,4,UDP,443,52783,,forward,20260823_155349_messaging_001_f90a,Messaging
1787480655.715713,1364,4,UDP,443,52783,,forward,20260823_155349_messaging_001_f90a,Messaging
1787480655.715713,1364,4,UDP,443,52783,,forward,20260823_155349_messaging_001_f90a,Messaging
1787480655.715713,1364,4,UDP,443,52783,,forward,20260823_155349_messaging_001_f90a,Messaging
1787480655.715713,1364,4,UDP,443,52783,,forward,20260823_155349_messaging_001_f90a,Messaging
1787480655.715713,1364,4,UDP,443,52783,,forward,20260823_155349_messaging_001_f90a,Messaging
1787480655.715713,1364,4,UDP,443,52783,,forward,20260823_155349_messaging_001_f90a,Messaging
1787480655.715713,1364,4,UDP,443,52783,,forward,20260823_155349_messaging_001_f90a,Messaging
1787480655.715713,1364,4,UDP,443,52783,,forward,20260823_155349_messaging_001_f90a,Messaging
1787480655.715713,1364,4,UDP,443,52783,,forward,20260823_155349_messaging_001_f90a,Messaging
1787480655.715713,1364,4,UDP,443,52783,,forward,20260823_155349_messaging_001_f90a,Messaging
1787480655.715713,1364,4,UDP,443,52783,,forward,20260823_155349_messaging_001_f90a,Messaging
1787480655.715713,1364,4,UDP,443,52783,,forward,20260823_155349_messaging_001_f90a,Messaging
1787480655.715713,1364,4,UDP,443,52783,,forward,20260823_155349_messaging_001_f90a,Messaging
1787480655.715713,1364,4,UDP,443,52783,,forward,20260823_155349_messaging_001_f90a,Messaging
1787480655.715713,1364,4,UDP,443,52783,,forward,20260823_155349_messaging_001_f90a,Messaging
1787480655.715713,1364,4,UDP,443,52783,,forward,20260823_155349_messaging_001_f90a,Messaging
1787480655.715713,1364,4,UDP,443,52783,,forward,20260823_155349_messaging_001_f90a,Messaging
1787480655.715713,1364,4,UDP,443,52783,,forward,20260823_155349_messaging_001_f90a,Messaging
1787480655.715713,1364,4,UDP,443,52783,,forward,20260823_155349_messaging_001_f90a,Messaging
1787480655.715713,1364,4,UDP,443,52783,,forward,20260823_155349_messaging_001_f90a,Messaging
1787480655.715713,1364,4,UDP,443,52783,,forward,20260823_155349_messaging_001_f90a,Messaging
1787480655.715713,1364,4,UDP,443,52783,,forward,20260823_155349_messaging_001_f90a,Messaging
1787480655.715713,1364,4,UDP,443,52783,,forward,20260823_155349_messaging_001_f90a,Messaging
1787480655.715713,1364,4,UDP,443,52783,,forward,20260823_155349_messaging_001_f90a,Messaging
1787480655.715713,89,4,UDP,443,52783,,forward,20260823_155349_messaging_001_f90a,Messaging
1787480655.715713,89,4,UDP,443,52783,,forward,20260823_155349_messaging_001_f90a,Messaging
1787480655.716081,89,4,UDP,52783,443,,forward,20260823_155349_messaging_001_f90a,Messaging
1787480655.716451,168,4,UDP,52783,443,,forward,20260823_155349_messaging_001_f90a,Messaging
1787480655.716592,168,4,UDP,52783,443,,forward,20260823_155349_messaging_001_f90a,Messaging
1787480655.716719,168,4,UDP,52783,443,,forward,20260823_155349_messaging_001_f90a,Messaging
1787480655.72439,1364,4,UDP,443,52783,,forward,20260823_155349_messaging_001_f90a,Messaging
1787480655.72439,1364,4,UDP,443,52783,,forward,20260823_155349_messaging_001_f90a,Messaging
1787480655.72439,1364,4,UDP,443,52783,,forward,20260823_155349_messaging_001_f90a,Messaging
1787480655.72439,1364,4,UDP,443,52783,,forward,20260823_155349_messaging_001_f90a,Messaging
1787480655.72439,1364,4,UDP,443,52783,,forward,20260823_155349_messaging_001_f90a,Messaging
1787480655.72439,1364,4,UDP,443,52783,,forward,20260823_155349_messaging_001_f90a,Messaging
1787480655.72439,1364,4,UDP,443,52783,,forward,20260823_155349_messaging_001_f90a,Messaging
1787480655.72439,1364,4,UDP,443,52783,,forward,20260823_155349_messaging_001_f90a,Messaging
1787480655.72439,1364,4,UDP,443,52783,,forward,20260823_155349_messaging_001_f90a,Messaging
1787480655.72439,1364,4,UDP,443,52783,,forward,20260823_155349_messaging_001_f90a,Messaging
1787480655.72439,1364,4,UDP,443,52783,,forward,20260823_155349_messaging_001_f90a,Messaging
1787480655.72439,1364,4,UDP,443,52783,,forward,20260823_155349_messaging_001_f90a,Messaging
1787480655.72439,163,4,UDP,443,52783,,forward,20260823_155349_messaging_001_f90a,Messaging
1787480655.72439,1364,4,UDP,443,52783,,forward,20260823_155349_messaging_001_f90a,Messaging
1787480655.72439,1364,4,UDP,443,52783,,forward,20260823_155349_messaging_001_f90a,Messaging
1787480655.72439,1364,4,UDP,443,52783,,forward,20260823_155349_messaging_001_f90a,Messaging
1787480655.72439,1364,4,UDP,443,52783,,forward,20260823_155349_messaging_001_f90a,Messaging
1787480655.72439,1364,4,UDP,443,52783,,forward,20260823_155349_messaging_001_f90a,Messaging
1787480655.72439,1364,4,UDP,443,52783,,forward,20260823_155349_messaging_001_f90a,Messaging
1787480655.72439,1364,4,UDP,443,52783,,forward,20260823_155349_messaging_001_f90a,Messaging
1787480655.72439,1364,4,UDP,443,52783,,forward,20260823_155349_messaging_001_f90a,Messaging
1787480655.72439,1364,4,UDP,443,52783,,forward,20260823_155349_messaging_001_f90a,Messaging
1787480655.72439,1364,4,UDP,443,52783,,forward,20260823_155349_messaging_001_f90a,Messaging
1787480655.72439,1364,4,UDP,443,52783,,forward,20260823_155349_messaging_001_f90a,Messaging
1787480655.72439,1364,4,UDP,443,52783,,forward,20260823_155349_messaging_001_f90a,Messaging
1787480655.72439,1364,4,UDP,443,52783,,forward,20260823_155349_messaging_001_f90a,Messaging
1787480655.72439,1364,4,UDP,443,52783,,forward,20260823_155349_messaging_001_f90a,Messaging
1787480655.72439,1364,4,UDP,443,52783,,forward,20260823_155349_messaging_001_f90a,Messaging
1787480655.72439,1364,4,UDP,443,52783,,forward,20260823_155349_messaging_001_f90a,Messaging
1787480655.72439,1364,4,UDP,443,52783,,forward,20260823_155349_messaging_001_f90a,Messaging
1787480655.72439,1364,4,UDP,443,52783,,forward,20260823_155349_messaging_001_f90a,Messaging
1787480655.72439,1364,4,UDP,443,52783,,forward,20260823_155349_messaging_001_f90a,Messaging
1787480655.72439,1364,4,UDP,443,52783,,forward,20260823_155349_messaging_001_f90a,Messaging
1787480655.725005,89,4,UDP,52783,443,,forward,20260823_155349_messaging_001_f90a,Messaging
1787480655.725603,168,4,UDP,52783,443,,forward,20260823_155349_messaging_001_f90a,Messaging
1787480655.725697,168,4,UDP,52783,443,,forward,20260823_155349_messaging_001_f90a,Messaging
1787480655.725825,168,4,UDP,52783,443,,forward,20260823_155349_messaging_001_f90a,Messaging
1787480655.725879,168,4,UDP,52783,443,,forward,20260823_155349_messaging_001_f90a,Messaging
1787480655.739936,89,4,UDP,443,52783,,forward,20260823_155349_messaging_001_f90a,Messaging
1787480655.739926,255,4,UDP,52783,443,,forward,20260823_155349_messaging_001_f90a,Messaging
1787480655.739936,1364,4,UDP,443,52783,,forward,20260823_155349_messaging_001_f90a,Messaging
1787480655.739936,1364,4,UDP,443,52783,,forward,20260823_155349_messaging_001_f90a,Messaging
1787480655.739936,1364,4,UDP,443,52783,,forward,20260823_155349_messaging_001_f90a,Messaging
1787480655.739936,1364,4,UDP,443,52783,,forward,20260823_155349_messaging_001_f90a,Messaging
1787480655.739936,1364,4,UDP,443,52783,,forward,20260823_155349_messaging_001_f90a,Messaging
1787480655.739936,1364,4,UDP,443,52783,,forward,20260823_155349_messaging_001_f90a,Messaging
1787480655.739936,1364,4,UDP,443,52783,,forward,20260823_155349_messaging_001_f90a,Messaging
1787480655.739936,1364,4,UDP,443,52783,,forward,20260823_155349_messaging_001_f90a,Messaging
1787480655.739936,1364,4,UDP,443,52783,,forward,20260823_155349_messaging_001_f90a,Messaging
1787480655.739936,1364,4,UDP,443,52783,,forward,20260823_155349_messaging_001_f90a,Messaging
1787480655.739936,1364,4,UDP,443,52783,,forward,20260823_155349_messaging_001_f90a,Messaging
1787480655.739936,1364,4,UDP,443,52783,,forward,20260823_155349_messaging_001_f90a,Messaging
1787480655.739936,1364,4,UDP,443,52783,,forward,20260823_155349_messaging_001_f90a,Messaging
1787480655.739936,1364,4,UDP,443,52783,,forward,20260823_155349_messaging_001_f90a,Messaging
1787480655.739936,1364,4,UDP,443,52783,,forward,20260823_155349_messaging_001_f90a,Messaging
1787480655.739936,1364,4,UDP,443,52783,,forward,20260823_155349_messaging_001_f90a,Messaging
1787480655.739936,1364,4,UDP,443,52783,,forward,20260823_155349_messaging_001_f90a,Messaging
1787480655.739936,1364,4,UDP,443,52783,,forward,20260823_155349_messaging_001_f90a,Messaging
1787480655.739936,1364,4,UDP,443,52783,,forward,20260823_155349_messaging_001_f90a,Messaging
1787480655.739936,1364,4,UDP,443,52783,,forward,20260823_155349_messaging_001_f90a,Messaging
1787480655.739936,1364,4,UDP,443,52783,,forward,20260823_155349_messaging_001_f90a,Messaging
1787480655.739936,1364,4,UDP,443,52783,,forward,20260823_155349_messaging_001_f90a,Messaging
1787480655.739936,1364,4,UDP,443,52783,,forward,20260823_155349_messaging_001_f90a,Messaging
1787480655.739936,1364,4,UDP,443,52783,,forward,20260823_155349_messaging_001_f90a,Messaging
1787480655.739936,1364,4,UDP,443,52783,,forward,20260823_155349_messaging_001_f90a,Messaging
1787480655.739936,1364,4,UDP,443,52783,,forward,20260823_155349_messaging_001_f90a,Messaging
1787480655.739936,1364,4,UDP,443,52783,,forward,20260823_155349_messaging_001_f90a,Messaging
1787480655.739936,1364,4,UDP,443,52783,,forward,20260823_155349_messaging_001_f90a,Messaging
1787480655.739936,1364,4,UDP,443,52783,,forward,20260823_155349_messaging_001_f90a,Messaging
1787480655.739936,1364,4,UDP,443,52783,,forward,20260823_155349_messaging_001_f90a,Messaging
1787480655.739936,1364,4,UDP,443,52783,,forward,20260823_155349_messaging_001_f90a,Messaging
1787480655.739936,1364,4,UDP,443,52783,,forward,20260823_155349_messaging_001_f90a,Messaging
1787480655.739936,1364,4,UDP,443,52783,,forward,20260823_155349_messaging_001_f90a,Messaging
1787480655.739936,1364,4,UDP,443,52783,,forward,20260823_155349_messaging_001_f90a,Messaging
1787480655.739936,1364,4,UDP,443,52783,,forward,20260823_155349_messaging_001_f90a,Messaging
1787480655.739936,1364,4,UDP,443,52783,,forward,20260823_155349_messaging_001_f90a,Messaging
1787480655.739936,1364,4,UDP,443,52783,,forward,20260823_155349_messaging_001_f90a,Messaging
1787480655.739936,1364,4,UDP,443,52783,,forward,20260823_155349_messaging_001_f90a,Messaging
1787480655.739936,1364,4,UDP,443,52783,,forward,20260823_155349_messaging_001_f90a,Messaging
1787480655.739936,1364,4,UDP,443,52783,,forward,20260823_155349_messaging_001_f90a,Messaging
1787480655.739936,89,4,UDP,443,52783,,forward,20260823_155349_messaging_001_f90a,Messaging
1787480655.740376,89,4,UDP,52783,443,,forward,20260823_155349_messaging_001_f90a,Messaging
1787480655.74089,257,4,UDP,52783,443,,forward,20260823_155349_messaging_001_f90a,Messaging
1787480655.741068,166,4,UDP,52783,443,,forward,20260823_155349_messaging_001_f90a,Messaging
1787480655.741304,166,4,UDP,52783,443,,forward,20260823_155349_messaging_001_f90a,Messaging
1787480655.752345,1364,4,UDP,443,52783,,forward,20260823_155349_messaging_001_f90a,Messaging
1787480655.752345,1364,4,UDP,443,52783,,forward,20260823_155349_messaging_001_f90a,Messaging
1787480655.752345,1364,4,UDP,443,52783,,forward,20260823_155349_messaging_001_f90a,Messaging
1787480655.752345,1364,4,UDP,443,52783,,forward,20260823_155349_messaging_001_f90a,Messaging
1787480655.752345,1364,4,UDP,443,52783,,forward,20260823_155349_messaging_001_f90a,Messaging
1787480655.752345,1364,4,UDP,443,52783,,forward,20260823_155349_messaging_001_f90a,Messaging
1787480655.752345,1364,4,UDP,443,52783,,forward,20260823_155349_messaging_001_f90a,Messaging
1787480655.752345,1364,4,UDP,443,52783,,forward,20260823_155349_messaging_001_f90a,Messaging
1787480655.752345,1364,4,UDP,443,52783,,forward,20260823_155349_messaging_001_f90a,Messaging
1787480655.752345,1364,4,UDP,443,52783,,forward,20260823_155349_messaging_001_f90a,Messaging
1787480655.752345,1364,4,UDP,443,52783,,forward,20260823_155349_messaging_001_f90a,Messaging
1787480655.752345,1364,4,UDP,443,52783,,forward,20260823_155349_messaging_001_f90a,Messaging
1787480655.752345,88,4,UDP,443,52783,,forward,20260823_155349_messaging_001_f90a,Messaging
1787480655.752345,1363,4,UDP,443,52783,,forward,20260823_155349_messaging_001_f90a,Messaging
1787480655.752345,1363,4,UDP,443,52783,,forward,20260823_155349_messaging_001_f90a,Messaging
1787480655.752345,1363,4,UDP,443,52783,,forward,20260823_155349_messaging_001_f90a,Messaging
1787480655.752345,1363,4,UDP,443,52783,,forward,20260823_155349_messaging_001_f90a,Messaging
1787480655.752345,1363,4,UDP,443,52783,,forward,20260823_155349_messaging_001_f90a,Messaging
1787480655.752345,1363,4,UDP,443,52783,,forward,20260823_155349_messaging_001_f90a,Messaging
1787480655.752345,1363,4,UDP,443,52783,,forward,20260823_155349_messaging_001_f90a,Messaging
1787480655.752345,1363,4,UDP,443,52783,,forward,20260823_155349_messaging_001_f90a,Messaging
1787480655.752345,1363,4,UDP,443,52783,,forward,20260823_155349_messaging_001_f90a,Messaging
1787480655.752345,1363,4,UDP,443,52783,,forward,20260823_155349_messaging_001_f90a,Messaging
1787480655.752345,1363,4,UDP,443,52783,,forward,20260823_155349_messaging_001_f90a,Messaging
1787480655.752345,1364,4,UDP,443,52783,,forward,20260823_155349_messaging_001_f90a,Messaging
1787480655.752345,1364,4,UDP,443,52783,,forward,20260823_155349_messaging_001_f90a,Messaging
1787480655.752345,1364,4,UDP,443,52783,,forward,20260823_155349_messaging_001_f90a,Messaging
1787480655.752345,1364,4,UDP,443,52783,,forward,20260823_155349_messaging_001_f90a,Messaging
1787480655.752345,1364,4,UDP,443,52783,,forward,20260823_155349_messaging_001_f90a,Messaging
1787480655.752345,1364,4,UDP,443,52783,,forward,20260823_155349_messaging_001_f90a,Messaging
1787480655.752345,1364,4,UDP,443,52783,,forward,20260823_155349_messaging_001_f90a,Messaging
1787480655.752345,1364,4,UDP,443,52783,,forward,20260823_155349_messaging_001_f90a,Messaging
1787480655.752345,1364,4,UDP,443,52783,,forward,20260823_155349_messaging_001_f90a,Messaging
1787480655.752345,88,4,UDP,443,52783,,forward,20260823_155349_messaging_001_f90a,Messaging
1787480655.752345,1363,4,UDP,443,52783,,forward,20260823_155349_messaging_001_f90a,Messaging
1787480655.752345,1363,4,UDP,443,52783,,forward,20260823_155349_messaging_001_f90a,Messaging
1787480655.752345,1363,4,UDP,443,52783,,forward,20260823_155349_messaging_001_f90a,Messaging
1787480655.752345,1363,4,UDP,443,52783,,forward,20260823_155349_messaging_001_f90a,Messaging
1787480655.752345,1363,4,UDP,443,52783,,forward,20260823_155349_messaging_001_f90a,Messaging
1787480655.752345,1363,4,UDP,443,52783,,forward,20260823_155349_messaging_001_f90a,Messaging
1787480655.752345,1363,4,UDP,443,52783,,forward,20260823_155349_messaging_001_f90a,Messaging
1787480655.752345,1363,4,UDP,443,52783,,forward,20260823_155349_messaging_001_f90a,Messaging
1787480655.752345,1363,4,UDP,443,52783,,forward,20260823_155349_messaging_001_f90a,Messaging
1787480655.752345,1363,4,UDP,443,52783,,forward,20260823_155349_messaging_001_f90a,Messaging
1787480655.752345,1363,4,UDP,443,52783,,forward,20260823_155349_messaging_001_f90a,Messaging
1787480655.752345,1363,4,UDP,443,52783,,forward,20260823_155349_messaging_001_f90a,Messaging
1787480655.752345,1363,4,UDP,443,52783,,forward,20260823_155349_messaging_001_f90a,Messaging
1787480655.752345,1363,4,UDP,443,52783,,forward,20260823_155349_messaging_001_f90a,Messaging
1787480655.752345,1363,4,UDP,443,52783,,forward,20260823_155349_messaging_001_f90a,Messaging
1787480655.752345,1363,4,UDP,443,52783,,forward,20260823_155349_messaging_001_f90a,Messaging
1787480655.752345,1363,4,UDP,443,52783,,forward,20260823_155349_messaging_001_f90a,Messaging
1787480655.752986,89,4,UDP,52783,443,,forward,20260823_155349_messaging_001_f90a,Messaging
1787480655.75347,252,4,UDP,52783,443,,forward,20260823_155349_messaging_001_f90a,Messaging
1787480655.753539,166,4,UDP,52783,443,,forward,20260823_155349_messaging_001_f90a,Messaging
1787480655.753708,166,4,UDP,52783,443,,forward,20260823_155349_messaging_001_f90a,Messaging
1787480655.77057,167,4,UDP,52783,443,,forward,20260823_155349_messaging_001_f90a,Messaging
1787480655.770539,1364,4,UDP,443,52783,,forward,20260823_155349_messaging_001_f90a,Messaging
1787480655.770539,1364,4,UDP,443,52783,,forward,20260823_155349_messaging_001_f90a,Messaging
1787480655.770539,1364,4,UDP,443,52783,,forward,20260823_155349_messaging_001_f90a,Messaging
1787480655.770539,1364,4,UDP,443,52783,,forward,20260823_155349_messaging_001_f90a,Messaging
1787480655.770539,1364,4,UDP,443,52783,,forward,20260823_155349_messaging_001_f90a,Messaging
1787480655.770539,1364,4,UDP,443,52783,,forward,20260823_155349_messaging_001_f90a,Messaging
1787480655.770539,1364,4,UDP,443,52783,,forward,20260823_155349_messaging_001_f90a,Messaging
1787480655.770539,1364,4,UDP,443,52783,,forward,20260823_155349_messaging_001_f90a,Messaging
1787480655.770539,1364,4,UDP,443,52783,,forward,20260823_155349_messaging_001_f90a,Messaging
1787480655.770539,1364,4,UDP,443,52783,,forward,20260823_155349_messaging_001_f90a,Messaging
1787480655.770539,1364,4,UDP,443,52783,,forward,20260823_155349_messaging_001_f90a,Messaging
1787480655.770539,1364,4,UDP,443,52783,,forward,20260823_155349_messaging_001_f90a,Messaging
1787480655.770539,1364,4,UDP,443,52783,,forward,20260823_155349_messaging_001_f90a,Messaging
1787480655.770539,1364,4,UDP,443,52783,,forward,20260823_155349_messaging_001_f90a,Messaging
1787480655.770539,1364,4,UDP,443,52783,,forward,20260823_155349_messaging_001_f90a,Messaging
1787480655.770539,88,4,UDP,443,52783,,forward,20260823_155349_messaging_001_f90a,Messaging
1787480655.770539,1363,4,UDP,443,52783,,forward,20260823_155349_messaging_001_f90a,Messaging
1787480655.770539,1363,4,UDP,443,52783,,forward,20260823_155349_messaging_001_f90a,Messaging
1787480655.770539,1363,4,UDP,443,52783,,forward,20260823_155349_messaging_001_f90a,Messaging
1787480655.770539,1363,4,UDP,443,52783,,forward,20260823_155349_messaging_001_f90a,Messaging
1787480655.770539,1363,4,UDP,443,52783,,forward,20260823_155349_messaging_001_f90a,Messaging
1787480655.770539,1363,4,UDP,443,52783,,forward,20260823_155349_messaging_001_f90a,Messaging
1787480655.770539,1363,4,UDP,443,52783,,forward,20260823_155349_messaging_001_f90a,Messaging
1787480655.770539,1363,4,UDP,443,52783,,forward,20260823_155349_messaging_001_f90a,Messaging
1787480655.770539,1363,4,UDP,443,52783,,forward,20260823_155349_messaging_001_f90a,Messaging
1787480655.770539,1363,4,UDP,443,52783,,forward,20260823_155349_messaging_001_f90a,Messaging
1787480655.770539,1363,4,UDP,443,52783,,forward,20260823_155349_messaging_001_f90a,Messaging
1787480655.770539,1363,4,UDP,443,52783,,forward,20260823_155349_messaging_001_f90a,Messaging
1787480655.770539,1363,4,UDP,443,52783,,forward,20260823_155349_messaging_001_f90a,Messaging
1787480655.770539,1363,4,UDP,443,52783,,forward,20260823_155349_messaging_001_f90a,Messaging
1787480655.770539,1363,4,UDP,443,52783,,forward,20260823_155349_messaging_001_f90a,Messaging
1787480655.770539,1363,4,UDP,443,52783,,forward,20260823_155349_messaging_001_f90a,Messaging
1787480655.770539,1363,4,UDP,443,52783,,forward,20260823_155349_messaging_001_f90a,Messaging
1787480655.770539,1364,4,UDP,443,52783,,forward,20260823_155349_messaging_001_f90a,Messaging
1787480655.770539,1364,4,UDP,443,52783,,forward,20260823_155349_messaging_001_f90a,Messaging
1787480655.770539,1364,4,UDP,443,52783,,forward,20260823_155349_messaging_001_f90a,Messaging
1787480655.770539,1364,4,UDP,443,52783,,forward,20260823_155349_messaging_001_f90a,Messaging
1787480655.770539,1364,4,UDP,443,52783,,forward,20260823_155349_messaging_001_f90a,Messaging
1787480655.770539,1364,4,UDP,443,52783,,forward,20260823_155349_messaging_001_f90a,Messaging
1787480655.770539,1364,4,UDP,443,52783,,forward,20260823_155349_messaging_001_f90a,Messaging
1787480655.770539,1364,4,UDP,443,52783,,forward,20260823_155349_messaging_001_f90a,Messaging
1787480655.770539,1364,4,UDP,443,52783,,forward,20260823_155349_messaging_001_f90a,Messaging
1787480655.770539,1364,4,UDP,443,52783,,forward,20260823_155349_messaging_001_f90a,Messaging
1787480655.770539,1364,4,UDP,443,52783,,forward,20260823_155349_messaging_001_f90a,Messaging
1787480655.770539,1364,4,UDP,443,52783,,forward,20260823_155349_messaging_001_f90a,Messaging
1787480655.770539,1364,4,UDP,443,52783,,forward,20260823_155349_messaging_001_f90a,Messaging
1787480655.770539,1364,4,UDP,443,52783,,forward,20260823_155349_messaging_001_f90a,Messaging
1787480655.770539,1364,4,UDP,443,52783,,forward,20260823_155349_messaging_001_f90a,Messaging
1787480655.770539,1364,4,UDP,443,52783,,forward,20260823_155349_messaging_001_f90a,Messaging
1787480655.770539,1364,4,UDP,443,52783,,forward,20260823_155349_messaging_001_f90a,Messaging
1787480655.770539,1364,4,UDP,443,52783,,forward,20260823_155349_messaging_001_f90a,Messaging
1787480655.770539,1364,4,UDP,443,52783,,forward,20260823_155349_messaging_001_f90a,Messaging
1787480655.770539,1364,4,UDP,443,52783,,forward,20260823_155349_messaging_001_f90a,Messaging
1787480655.770539,1364,4,UDP,443,52783,,forward,20260823_155349_messaging_001_f90a,Messaging
1787480655.770539,1364,4,UDP,443,52783,,forward,20260823_155349_messaging_001_f90a,Messaging
1787480655.770539,1364,4,UDP,443,52783,,forward,20260823_155349_messaging_001_f90a,Messaging
1787480655.770539,1364,4,UDP,443,52783,,forward,20260823_155349_messaging_001_f90a,Messaging
1787480655.770539,1364,4,UDP,443,52783,,forward,20260823_155349_messaging_001_f90a,Messaging
1787480655.770539,1364,4,UDP,443,52783,,forward,20260823_155349_messaging_001_f90a,Messaging
1787480655.770539,1364,4,UDP,443,52783,,forward,20260823_155349_messaging_001_f90a,Messaging
1787480655.770539,1364,4,UDP,443,52783,,forward,20260823_155349_messaging_001_f90a,Messaging
1787480655.770539,1364,4,UDP,443,52783,,forward,20260823_155349_messaging_001_f90a,Messaging
1787480655.770539,1364,4,UDP,443,52783,,forward,20260823_155349_messaging_001_f90a,Messaging
1787480655.770539,1364,4,UDP,443,52783,,forward,20260823_155349_messaging_001_f90a,Messaging
1787480655.770539,1364,4,UDP,443,52783,,forward,20260823_155349_messaging_001_f90a,Messaging
1787480655.770539,1364,4,UDP,443,52783,,forward,20260823_155349_messaging_001_f90a,Messaging
1787480655.770539,1364,4,UDP,443,52783,,forward,20260823_155349_messaging_001_f90a,Messaging
1787480655.770539,1364,4,UDP,443,52783,,forward,20260823_155349_messaging_001_f90a,Messaging
1787480655.771107,89,4,UDP,52783,443,,forward,20260823_155349_messaging_001_f90a,Messaging
1787480655.77123,89,4,UDP,52783,443,,forward,20260823_155349_messaging_001_f90a,Messaging
1787480655.771542,166,4,UDP,52783,443,,forward,20260823_155349_messaging_001_f90a,Messaging
1787480655.771709,166,4,UDP,52783,443,,forward,20260823_155349_messaging_001_f90a,Messaging
1787480655.771776,166,4,UDP,52783,443,,forward,20260823_155349_messaging_001_f90a,Messaging
1787480655.772836,338,4,UDP,52783,443,,forward,20260823_155349_messaging_001_f90a,Messaging
1787480655.785538,167,4,UDP,52783,443,,forward,20260823_155349_messaging_001_f90a,Messaging
1787480655.785632,1364,4,UDP,443,52783,,forward,20260823_155349_messaging_001_f90a,Messaging
1787480655.785632,1364,4,UDP,443,52783,,forward,20260823_155349_messaging_001_f90a,Messaging
1787480655.785632,1364,4,UDP,443,52783,,forward,20260823_155349_messaging_001_f90a,Messaging
1787480655.785632,1364,4,UDP,443,52783,,forward,20260823_155349_messaging_001_f90a,Messaging
1787480655.785632,1364,4,UDP,443,52783,,forward,20260823_155349_messaging_001_f90a,Messaging
1787480655.785632,1364,4,UDP,443,52783,,forward,20260823_155349_messaging_001_f90a,Messaging
1787480655.785632,1364,4,UDP,443,52783,,forward,20260823_155349_messaging_001_f90a,Messaging
1787480655.785632,1364,4,UDP,443,52783,,forward,20260823_155349_messaging_001_f90a,Messaging
1787480655.785632,1364,4,UDP,443,52783,,forward,20260823_155349_messaging_001_f90a,Messaging
1787480655.785632,1364,4,UDP,443,52783,,forward,20260823_155349_messaging_001_f90a,Messaging
1787480655.785632,1364,4,UDP,443,52783,,forward,20260823_155349_messaging_001_f90a,Messaging
1787480655.785632,1364,4,UDP,443,52783,,forward,20260823_155349_messaging_001_f90a,Messaging
1787480655.785632,89,4,UDP,443,52783,,forward,20260823_155349_messaging_001_f90a,Messaging
1787480655.785632,1364,4,UDP,443,52783,,forward,20260823_155349_messaging_001_f90a,Messaging
1787480655.785632,1364,4,UDP,443,52783,,forward,20260823_155349_messaging_001_f90a,Messaging
1787480655.785632,1364,4,UDP,443,52783,,forward,20260823_155349_messaging_001_f90a,Messaging
1787480655.785632,1364,4,UDP,443,52783,,forward,20260823_155349_messaging_001_f90a,Messaging
1787480655.785632,1364,4,UDP,443,52783,,forward,20260823_155349_messaging_001_f90a,Messaging
1787480655.785632,1364,4,UDP,443,52783,,forward,20260823_155349_messaging_001_f90a,Messaging
1787480655.785632,1364,4,UDP,443,52783,,forward,20260823_155349_messaging_001_f90a,Messaging
1787480655.785632,1364,4,UDP,443,52783,,forward,20260823_155349_messaging_001_f90a,Messaging
1787480655.785632,1364,4,UDP,443,52783,,forward,20260823_155349_messaging_001_f90a,Messaging
1787480655.785632,1364,4,UDP,443,52783,,forward,20260823_155349_messaging_001_f90a,Messaging
1787480655.785632,1364,4,UDP,443,52783,,forward,20260823_155349_messaging_001_f90a,Messaging
1787480655.785632,1364,4,UDP,443,52783,,forward,20260823_155349_messaging_001_f90a,Messaging
1787480655.785632,1364,4,UDP,443,52783,,forward,20260823_155349_messaging_001_f90a,Messaging
1787480655.785632,1364,4,UDP,443,52783,,forward,20260823_155349_messaging_001_f90a,Messaging
1787480655.785632,1364,4,UDP,443,52783,,forward,20260823_155349_messaging_001_f90a,Messaging
1787480655.785632,1364,4,UDP,443,52783,,forward,20260823_155349_messaging_001_f90a,Messaging
1787480655.785632,1364,4,UDP,443,52783,,forward,20260823_155349_messaging_001_f90a,Messaging
1787480655.785632,1364,4,UDP,443,52783,,forward,20260823_155349_messaging_001_f90a,Messaging
1787480655.785632,1364,4,UDP,443,52783,,forward,20260823_155349_messaging_001_f90a,Messaging
1787480655.785632,1364,4,UDP,443,52783,,forward,20260823_155349_messaging_001_f90a,Messaging
1787480655.785632,89,4,UDP,443,52783,,forward,20260823_155349_messaging_001_f90a,Messaging
1787480655.785632,1364,4,UDP,443,52783,,forward,20260823_155349_messaging_001_f90a,Messaging
1787480655.785632,1364,4,UDP,443,52783,,forward,20260823_155349_messaging_001_f90a,Messaging
1787480655.785632,1364,4,UDP,443,52783,,forward,20260823_155349_messaging_001_f90a,Messaging
1787480655.785632,1364,4,UDP,443,52783,,forward,20260823_155349_messaging_001_f90a,Messaging
1787480655.785632,1364,4,UDP,443,52783,,forward,20260823_155349_messaging_001_f90a,Messaging
1787480655.785632,1364,4,UDP,443,52783,,forward,20260823_155349_messaging_001_f90a,Messaging
1787480655.785632,1364,4,UDP,443,52783,,forward,20260823_155349_messaging_001_f90a,Messaging
1787480655.785632,1364,4,UDP,443,52783,,forward,20260823_155349_messaging_001_f90a,Messaging
1787480655.785632,1364,4,UDP,443,52783,,forward,20260823_155349_messaging_001_f90a,Messaging
1787480655.785632,1364,4,UDP,443,52783,,forward,20260823_155349_messaging_001_f90a,Messaging
1787480655.785632,1364,4,UDP,443,52783,,forward,20260823_155349_messaging_001_f90a,Messaging
1787480655.785632,1364,4,UDP,443,52783,,forward,20260823_155349_messaging_001_f90a,Messaging
1787480655.785632,1364,4,UDP,443,52783,,forward,20260823_155349_messaging_001_f90a,Messaging
1787480655.785632,1364,4,UDP,443,52783,,forward,20260823_155349_messaging_001_f90a,Messaging
1787480655.785632,1364,4,UDP,443,52783,,forward,20260823_155349_messaging_001_f90a,Messaging
1787480655.785632,1364,4,UDP,443,52783,,forward,20260823_155349_messaging_001_f90a,Messaging
1787480655.785632,1364,4,UDP,443,52783,,forward,20260823_155349_messaging_001_f90a,Messaging
1787480655.785632,1364,4,UDP,443,52783,,forward,20260823_155349_messaging_001_f90a,Messaging
1787480655.785632,1364,4,UDP,443,52783,,forward,20260823_155349_messaging_001_f90a,Messaging
1787480655.785632,1364,4,UDP,443,52783,,forward,20260823_155349_messaging_001_f90a,Messaging
1787480655.785632,1364,4,UDP,443,52783,,forward,20260823_155349_messaging_001_f90a,Messaging
1787480655.785632,1364,4,UDP,443,52783,,forward,20260823_155349_messaging_001_f90a,Messaging
1787480655.785632,1364,4,UDP,443,52783,,forward,20260823_155349_messaging_001_f90a,Messaging
1787480655.785632,1364,4,UDP,443,52783,,forward,20260823_155349_messaging_001_f90a,Messaging
1787480655.785632,1364,4,UDP,443,52783,,forward,20260823_155349_messaging_001_f90a,Messaging
1787480655.785632,1364,4,UDP,443,52783,,forward,20260823_155349_messaging_001_f90a,Messaging
1787480655.785632,1364,4,UDP,443,52783,,forward,20260823_155349_messaging_001_f90a,Messaging
1787480655.785632,1364,4,UDP,443,52783,,forward,20260823_155349_messaging_001_f90a,Messaging
1787480655.785632,1364,4,UDP,443,52783,,forward,20260823_155349_messaging_001_f90a,Messaging
1787480655.785632,1364,4,UDP,443,52783,,forward,20260823_155349_messaging_001_f90a,Messaging
1787480655.785632,1364,4,UDP,443,52783,,forward,20260823_155349_messaging_001_f90a,Messaging
1787480655.785632,1364,4,UDP,443,52783,,forward,20260823_155349_messaging_001_f90a,Messaging
1787480655.785632,89,4,UDP,443,52783,,forward,20260823_155349_messaging_001_f90a,Messaging
1787480655.785632,204,4,UDP,443,52783,,forward,20260823_155349_messaging_001_f90a,Messaging
1787480655.78649,89,4,UDP,52783,443,,forward,20260823_155349_messaging_001_f90a,Messaging
1787480655.786812,89,4,UDP,52783,443,,forward,20260823_155349_messaging_001_f90a,Messaging
1787480655.787042,166,4,UDP,52783,443,,forward,20260823_155349_messaging_001_f90a,Messaging
1787480655.787119,166,4,UDP,52783,443,,forward,20260823_155349_messaging_001_f90a,Messaging
1787480655.787173,166,4,UDP,52783,443,,forward,20260823_155349_messaging_001_f90a,Messaging
1787480655.787304,1364,4,UDP,443,52783,,forward,20260823_155349_messaging_001_f90a,Messaging
1787480655.787304,1364,4,UDP,443,52783,,forward,20260823_155349_messaging_001_f90a,Messaging
1787480655.787304,1364,4,UDP,443,52783,,forward,20260823_155349_messaging_001_f90a,Messaging
1787480655.787304,1364,4,UDP,443,52783,,forward,20260823_155349_messaging_001_f90a,Messaging
1787480655.787304,1364,4,UDP,443,52783,,forward,20260823_155349_messaging_001_f90a,Messaging
1787480655.787304,1364,4,UDP,443,52783,,forward,20260823_155349_messaging_001_f90a,Messaging
1787480655.787304,1364,4,UDP,443,52783,,forward,20260823_155349_messaging_001_f90a,Messaging
1787480655.787304,1364,4,UDP,443,52783,,forward,20260823_155349_messaging_001_f90a,Messaging
1787480655.787304,1364,4,UDP,443,52783,,forward,20260823_155349_messaging_001_f90a,Messaging
1787480655.787304,1364,4,UDP,443,52783,,forward,20260823_155349_messaging_001_f90a,Messaging
1787480655.787304,1364,4,UDP,443,52783,,forward,20260823_155349_messaging_001_f90a,Messaging
1787480655.787304,1364,4,UDP,443,52783,,forward,20260823_155349_messaging_001_f90a,Messaging
1787480655.787304,156,4,UDP,443,52783,,forward,20260823_155349_messaging_001_f90a,Messaging
1787480655.787493,166,4,UDP,52783,443,,forward,20260823_155349_messaging_001_f90a,Messaging
1787480655.787581,89,4,UDP,52783,443,,forward,20260823_155349_messaging_001_f90a,Messaging
1787480655.787618,257,4,UDP,52783,443,,forward,20260823_155349_messaging_001_f90a,Messaging
1787480655.787981,166,4,UDP,52783,443,,forward,20260823_155349_messaging_001_f90a,Messaging
1787480655.801525,1364,4,UDP,443,52783,,forward,20260823_155349_messaging_001_f90a,Messaging
1787480655.801525,1364,4,UDP,443,52783,,forward,20260823_155349_messaging_001_f90a,Messaging
1787480655.801525,1364,4,UDP,443,52783,,forward,20260823_155349_messaging_001_f90a,Messaging
1787480655.801525,1364,4,UDP,443,52783,,forward,20260823_155349_messaging_001_f90a,Messaging
1787480655.801525,1364,4,UDP,443,52783,,forward,20260823_155349_messaging_001_f90a,Messaging
1787480655.801525,1364,4,UDP,443,52783,,forward,20260823_155349_messaging_001_f90a,Messaging
1787480655.801525,1364,4,UDP,443,52783,,forward,20260823_155349_messaging_001_f90a,Messaging
1787480655.801525,1364,4,UDP,443,52783,,forward,20260823_155349_messaging_001_f90a,Messaging
1787480655.801525,1364,4,UDP,443,52783,,forward,20260823_155349_messaging_001_f90a,Messaging
1787480655.801525,1364,4,UDP,443,52783,,forward,20260823_155349_messaging_001_f90a,Messaging
1787480655.801525,1364,4,UDP,443,52783,,forward,20260823_155349_messaging_001_f90a,Messaging
1787480655.801525,1364,4,UDP,443,52783,,forward,20260823_155349_messaging_001_f90a,Messaging
1787480655.801525,1364,4,UDP,443,52783,,forward,20260823_155349_messaging_001_f90a,Messaging
1787480655.801525,1364,4,UDP,443,52783,,forward,20260823_155349_messaging_001_f90a,Messaging
1787480655.801525,1096,4,UDP,443,52783,,forward,20260823_155349_messaging_001_f90a,Messaging
1787480655.801728,257,4,UDP,52783,443,,forward,20260823_155349_messaging_001_f90a,Messaging
1787480655.801867,89,4,UDP,52783,443,,forward,20260823_155349_messaging_001_f90a,Messaging
1787480655.802316,166,4,UDP,52783,443,,forward,20260823_155349_messaging_001_f90a,Messaging
1787480655.816478,88,4,UDP,443,52783,,forward,20260823_155349_messaging_001_f90a,Messaging
1787480655.816648,167,4,UDP,52783,443,,forward,20260823_155349_messaging_001_f90a,Messaging
1787480655.823999,88,4,UDP,443,52783,,forward,20260823_155349_messaging_001_f90a,Messaging
1787480655.831924,159,4,UDP,443,52783,,forward,20260823_155349_messaging_001_f90a,Messaging
1787480655.831924,88,4,UDP,443,52783,,forward,20260823_155349_messaging_001_f90a,Messaging
1787480655.832175,88,4,UDP,52783,443,,forward,20260823_155349_messaging_001_f90a,Messaging
1787480655.847096,88,4,UDP,443,52783,,forward,20260823_155349_messaging_001_f90a,Messaging
1787480655.858451,88,4,UDP,443,52783,,forward,20260823_155349_messaging_001_f90a,Messaging
1787480655.86202,159,4,UDP,443,52783,,forward,20260823_155349_messaging_001_f90a,Messaging
1787480655.862253,88,4,UDP,52783,443,,forward,20260823_155349_messaging_001_f90a,Messaging
1787480655.954718,145,4,UDP,443,52783,,forward,20260823_155349_messaging_001_f90a,Messaging
1787480655.95496,88,4,UDP,52783,443,,forward,20260823_155349_messaging_001_f90a,Messaging
1787480655.95508,145,4,UDP,52783,443,,forward,20260823_155349_messaging_001_f90a,Messaging
1787480655.992292,88,4,UDP,443,52783,,forward,20260823_155349_messaging_001_f90a,Messaging
1787480656.018561,84,4,UDP,52783,443,,forward,20260823_155349_messaging_001_f90a,Messaging
1787480656.060395,88,4,UDP,443,52783,,forward,20260823_155349_messaging_001_f90a,Messaging
1787480656.080649,145,4,UDP,443,52783,,forward,20260823_155349_messaging_001_f90a,Messaging
1787480656.080929,88,4,UDP,52783,443,,forward,20260823_155349_messaging_001_f90a,Messaging
1787480656.081103,145,4,UDP,52783,443,,forward,20260823_155349_messaging_001_f90a,Messaging
1787480656.125606,88,4,UDP,443,52783,,forward,20260823_155349_messaging_001_f90a,Messaging
1787480657.300615,145,4,UDP,443,52783,,forward,20260823_155349_messaging_001_f90a,Messaging
1787480657.30087,88,4,UDP,52783,443,,forward,20260823_155349_messaging_001_f90a,Messaging
1787480657.301918,145,4,UDP,52783,443,,forward,20260823_155349_messaging_001_f90a,Messaging
1787480657.331965,88,4,UDP,443,52783,,forward,20260823_155349_messaging_001_f90a,Messaging
1787480657.488536,145,4,UDP,443,52783,,forward,20260823_155349_messaging_001_f90a,Messaging
1787480657.488826,88,4,UDP,52783,443,,forward,20260823_155349_messaging_001_f90a,Messaging
1787480657.489051,145,4,UDP,52783,443,,forward,20260823_155349_messaging_001_f90a,Messaging
1787480657.519131,88,4,UDP,443,52783,,forward,20260823_155349_messaging_001_f90a,Messaging
1787480657.678923,145,4,UDP,443,52783,,forward,20260823_155349_messaging_001_f90a,Messaging
1787480657.679232,88,4,UDP,52783,443,,forward,20260823_155349_messaging_001_f90a,Messaging
1787480657.679391,145,4,UDP,52783,443,,forward,20260823_155349_messaging_001_f90a,Messaging
1787480657.714972,88,4,UDP,443,52783,,forward,20260823_155349_messaging_001_f90a,Messaging
1787480658.44542,146,4,UDP,52783,443,,forward,20260823_155349_messaging_001_f90a,Messaging
1787480658.476803,88,4,UDP,443,52783,,forward,20260823_155349_messaging_001_f90a,Messaging
1787480658.476803,157,4,UDP,443,52783,,forward,20260823_155349_messaging_001_f90a,Messaging
1787480658.477062,88,4,UDP,52783,443,,forward,20260823_155349_messaging_001_f90a,Messaging
1787480659.674395,125,4,UDP,443,52783,,forward,20260823_155349_messaging_001_f90a,Messaging
1787480659.674395,145,4,UDP,443,52783,,forward,20260823_155349_messaging_001_f90a,Messaging
1787480659.674604,88,4,UDP,52783,443,,forward,20260823_155349_messaging_001_f90a,Messaging
1787480659.674841,190,4,UDP,52783,443,,forward,20260823_155349_messaging_001_f90a,Messaging
1787480659.714964,88,4,UDP,443,52783,,forward,20260823_155349_messaging_001_f90a,Messaging
1787480660.019529,84,4,UDP,52783,443,,forward,20260823_155349_messaging_001_f90a,Messaging
1787480660.057471,88,4,UDP,443,52783,,forward,20260823_155349_messaging_001_f90a,Messaging
1787480660.143673,125,4,UDP,443,52783,,forward,20260823_155349_messaging_001_f90a,Messaging
1787480660.143928,88,4,UDP,52783,443,,forward,20260823_155349_messaging_001_f90a,Messaging
1787480660.144067,125,4,UDP,52783,443,,forward,20260823_155349_messaging_001_f90a,Messaging
1787480660.190278,88,4,UDP,443,52783,,forward,20260823_155349_messaging_001_f90a,Messaging
1787480660.753989,145,4,UDP,443,52783,,forward,20260823_155349_messaging_001_f90a,Messaging
1787480660.754207,88,4,UDP,52783,443,,forward,20260823_155349_messaging_001_f90a,Messaging
1787480660.754322,145,4,UDP,52783,443,,forward,20260823_155349_messaging_001_f90a,Messaging
1787480660.787501,170,4,UDP,52783,443,,forward,20260823_155349_messaging_001_f90a,Messaging
1787480660.801604,88,4,UDP,443,52783,,forward,20260823_155349_messaging_001_f90a,Messaging
1787480660.831692,88,4,UDP,443,52783,,forward,20260823_155349_messaging_001_f90a,Messaging
1787480660.831692,125,4,UDP,443,52783,,forward,20260823_155349_messaging_001_f90a,Messaging
1787480660.831926,88,4,UDP,52783,443,,forward,20260823_155349_messaging_001_f90a,Messaging
1787480661.093319,202,4,UDP,443,52783,,forward,20260823_155349_messaging_001_f90a,Messaging
1787480661.093545,88,4,UDP,52783,443,,forward,20260823_155349_messaging_001_f90a,Messaging
1787480661.093932,164,4,UDP,52783,443,,forward,20260823_155349_messaging_001_f90a,Messaging
1787480661.112896,131,4,UDP,443,52783,,forward,20260823_155349_messaging_001_f90a,Messaging
1787480661.113114,88,4,UDP,52783,443,,forward,20260823_155349_messaging_001_f90a,Messaging
1787480661.113428,135,4,UDP,52783,443,,forward,20260823_155349_messaging_001_f90a,Messaging
1787480661.126973,88,4,UDP,443,52783,,forward,20260823_155349_messaging_001_f90a,Messaging
1787480661.126973,125,4,UDP,443,52783,,forward,20260823_155349_messaging_001_f90a,Messaging
1787480661.127214,88,4,UDP,52783,443,,forward,20260823_155349_messaging_001_f90a,Messaging
1787480661.158511,88,4,UDP,443,52783,,forward,20260823_155349_messaging_001_f90a,Messaging
1787480661.158511,125,4,UDP,443,52783,,forward,20260823_155349_messaging_001_f90a,Messaging
1787480661.158744,88,4,UDP,52783,443,,forward,20260823_155349_messaging_001_f90a,Messaging
1787480661.292517,731,4,UDP,52783,443,,forward,20260823_155349_messaging_001_f90a,Messaging
1787480661.330803,88,4,UDP,443,52783,,forward,20260823_155349_messaging_001_f90a,Messaging
1787480661.330803,145,4,UDP,443,52783,,forward,20260823_155349_messaging_001_f90a,Messaging
1787480661.33101,88,4,UDP,52783,443,,forward,20260823_155349_messaging_001_f90a,Messaging
1787480661.564427,1359,4,UDP,52783,443,,forward,20260823_155349_messaging_001_f90a,Messaging
1787480661.564512,1363,4,UDP,52783,443,,forward,20260823_155349_messaging_001_f90a,Messaging
1787480661.564539,272,4,UDP,52783,443,,forward,20260823_155349_messaging_001_f90a,Messaging
1787480661.596937,88,4,UDP,443,52783,,forward,20260823_155349_messaging_001_f90a,Messaging
1787480661.596937,88,4,UDP,443,52783,,forward,20260823_155349_messaging_001_f90a,Messaging
1787480661.609528,257,4,UDP,443,52783,,forward,20260823_155349_messaging_001_f90a,Messaging
1787480661.609528,1359,4,UDP,443,52783,,forward,20260823_155349_messaging_001_f90a,Messaging
1787480661.609528,1363,4,UDP,443,52783,,forward,20260823_155349_messaging_001_f90a,Messaging
1787480661.609528,1363,4,UDP,443,52783,,forward,20260823_155349_messaging_001_f90a,Messaging
1787480661.609528,1363,4,UDP,443,52783,,forward,20260823_155349_messaging_001_f90a,Messaging
1787480661.609528,1363,4,UDP,443,52783,,forward,20260823_155349_messaging_001_f90a,Messaging
1787480661.609528,1363,4,UDP,443,52783,,forward,20260823_155349_messaging_001_f90a,Messaging
1787480661.609528,1363,4,UDP,443,52783,,forward,20260823_155349_messaging_001_f90a,Messaging
1787480661.609528,1363,4,UDP,443,52783,,forward,20260823_155349_messaging_001_f90a,Messaging
1787480661.609528,1363,4,UDP,443,52783,,forward,20260823_155349_messaging_001_f90a,Messaging
1787480661.609528,1363,4,UDP,443,52783,,forward,20260823_155349_messaging_001_f90a,Messaging
1787480661.609528,1363,4,UDP,443,52783,,forward,20260823_155349_messaging_001_f90a,Messaging
1787480661.609528,1363,4,UDP,443,52783,,forward,20260823_155349_messaging_001_f90a,Messaging
1787480661.609528,1363,4,UDP,443,52783,,forward,20260823_155349_messaging_001_f90a,Messaging
1787480661.609528,1363,4,UDP,443,52783,,forward,20260823_155349_messaging_001_f90a,Messaging
1787480661.609528,1363,4,UDP,443,52783,,forward,20260823_155349_messaging_001_f90a,Messaging
1787480661.609528,1363,4,UDP,443,52783,,forward,20260823_155349_messaging_001_f90a,Messaging
1787480661.609528,1363,4,UDP,443,52783,,forward,20260823_155349_messaging_001_f90a,Messaging
1787480661.609528,1363,4,UDP,443,52783,,forward,20260823_155349_messaging_001_f90a,Messaging
1787480661.609528,1363,4,UDP,443,52783,,forward,20260823_155349_messaging_001_f90a,Messaging
1787480661.609528,1363,4,UDP,443,52783,,forward,20260823_155349_messaging_001_f90a,Messaging
1787480661.609528,1363,4,UDP,443,52783,,forward,20260823_155349_messaging_001_f90a,Messaging
1787480661.609528,1363,4,UDP,443,52783,,forward,20260823_155349_messaging_001_f90a,Messaging
1787480661.609528,1363,4,UDP,443,52783,,forward,20260823_155349_messaging_001_f90a,Messaging
1787480661.609528,1363,4,UDP,443,52783,,forward,20260823_155349_messaging_001_f90a,Messaging
1787480661.609528,1363,4,UDP,443,52783,,forward,20260823_155349_messaging_001_f90a,Messaging
1787480661.609528,1363,4,UDP,443,52783,,forward,20260823_155349_messaging_001_f90a,Messaging
1787480661.609528,1363,4,UDP,443,52783,,forward,20260823_155349_messaging_001_f90a,Messaging
1787480661.609528,1363,4,UDP,443,52783,,forward,20260823_155349_messaging_001_f90a,Messaging
1787480661.609528,1363,4,UDP,443,52783,,forward,20260823_155349_messaging_001_f90a,Messaging
1787480661.609528,1363,4,UDP,443,52783,,forward,20260823_155349_messaging_001_f90a,Messaging
1787480661.609528,1363,4,UDP,443,52783,,forward,20260823_155349_messaging_001_f90a,Messaging
1787480661.609528,1363,4,UDP,443,52783,,forward,20260823_155349_messaging_001_f90a,Messaging
1787480661.609528,1363,4,UDP,443,52783,,forward,20260823_155349_messaging_001_f90a,Messaging
1787480661.609528,1363,4,UDP,443,52783,,forward,20260823_155349_messaging_001_f90a,Messaging
1787480661.609528,1363,4,UDP,443,52783,,forward,20260823_155349_messaging_001_f90a,Messaging
1787480661.609528,1363,4,UDP,443,52783,,forward,20260823_155349_messaging_001_f90a,Messaging
1787480661.609528,1363,4,UDP,443,52783,,forward,20260823_155349_messaging_001_f90a,Messaging
1787480661.609528,1363,4,UDP,443,52783,,forward,20260823_155349_messaging_001_f90a,Messaging
1787480661.609528,1363,4,UDP,443,52783,,forward,20260823_155349_messaging_001_f90a,Messaging
1787480661.609528,1363,4,UDP,443,52783,,forward,20260823_155349_messaging_001_f90a,Messaging
1787480661.609528,1363,4,UDP,443,52783,,forward,20260823_155349_messaging_001_f90a,Messaging
1787480661.609528,1363,4,UDP,443,52783,,forward,20260823_155349_messaging_001_f90a,Messaging
1787480661.609528,1363,4,UDP,443,52783,,forward,20260823_155349_messaging_001_f90a,Messaging
1787480661.609528,1363,4,UDP,443,52783,,forward,20260823_155349_messaging_001_f90a,Messaging
1787480661.610044,88,4,UDP,52783,443,,forward,20260823_155349_messaging_001_f90a,Messaging
1787480661.610712,254,4,UDP,52783,443,,forward,20260823_155349_messaging_001_f90a,Messaging
1787480661.610859,165,4,UDP,52783,443,,forward,20260823_155349_messaging_001_f90a,Messaging
1787480661.611308,165,4,UDP,52783,443,,forward,20260823_155349_messaging_001_f90a,Messaging
1787480661.613101,1363,4,UDP,443,52783,,forward,20260823_155349_messaging_001_f90a,Messaging
1787480661.613101,1363,4,UDP,443,52783,,forward,20260823_155349_messaging_001_f90a,Messaging
1787480661.613101,1363,4,UDP,443,52783,,forward,20260823_155349_messaging_001_f90a,Messaging
1787480661.613101,1363,4,UDP,443,52783,,forward,20260823_155349_messaging_001_f90a,Messaging
1787480661.613101,1363,4,UDP,443,52783,,forward,20260823_155349_messaging_001_f90a,Messaging
1787480661.613101,1363,4,UDP,443,52783,,forward,20260823_155349_messaging_001_f90a,Messaging
1787480661.613101,1363,4,UDP,443,52783,,forward,20260823_155349_messaging_001_f90a,Messaging
1787480661.613101,1363,4,UDP,443,52783,,forward,20260823_155349_messaging_001_f90a,Messaging
1787480661.613101,1363,4,UDP,443,52783,,forward,20260823_155349_messaging_001_f90a,Messaging
1787480661.613101,1363,4,UDP,443,52783,,forward,20260823_155349_messaging_001_f90a,Messaging
1787480661.613101,1363,4,UDP,443,52783,,forward,20260823_155349_messaging_001_f90a,Messaging
1787480661.613101,1363,4,UDP,443,52783,,forward,20260823_155349_messaging_001_f90a,Messaging
1787480661.613101,1363,4,UDP,443,52783,,forward,20260823_155349_messaging_001_f90a,Messaging
1787480661.613101,1363,4,UDP,443,52783,,forward,20260823_155349_messaging_001_f90a,Messaging
1787480661.613101,1363,4,UDP,443,52783,,forward,20260823_155349_messaging_001_f90a,Messaging
1787480661.613101,1363,4,UDP,443,52783,,forward,20260823_155349_messaging_001_f90a,Messaging
1787480661.613389,88,4,UDP,52783,443,,forward,20260823_155349_messaging_001_f90a,Messaging
1787480661.613842,165,4,UDP,52783,443,,forward,20260823_155349_messaging_001_f90a,Messaging
1787480661.613941,165,4,UDP,52783,443,,forward,20260823_155349_messaging_001_f90a,Messaging
1787480661.628748,1363,4,UDP,443,52783,,forward,20260823_155349_messaging_001_f90a,Messaging
1787480661.628748,1363,4,UDP,443,52783,,forward,20260823_155349_messaging_001_f90a,Messaging
1787480661.628748,1363,4,UDP,443,52783,,forward,20260823_155349_messaging_001_f90a,Messaging
1787480661.628748,1363,4,UDP,443,52783,,forward,20260823_155349_messaging_001_f90a,Messaging
1787480661.628748,1363,4,UDP,443,52783,,forward,20260823_155349_messaging_001_f90a,Messaging
1787480661.628748,1363,4,UDP,443,52783,,forward,20260823_155349_messaging_001_f90a,Messaging
1787480661.628748,1363,4,UDP,443,52783,,forward,20260823_155349_messaging_001_f90a,Messaging
1787480661.628748,1363,4,UDP,443,52783,,forward,20260823_155349_messaging_001_f90a,Messaging
1787480661.628748,1363,4,UDP,443,52783,,forward,20260823_155349_messaging_001_f90a,Messaging
1787480661.628748,1363,4,UDP,443,52783,,forward,20260823_155349_messaging_001_f90a,Messaging
1787480661.628748,1363,4,UDP,443,52783,,forward,20260823_155349_messaging_001_f90a,Messaging
1787480661.628748,1363,4,UDP,443,52783,,forward,20260823_155349_messaging_001_f90a,Messaging
1787480661.628748,1363,4,UDP,443,52783,,forward,20260823_155349_messaging_001_f90a,Messaging
1787480661.628748,1363,4,UDP,443,52783,,forward,20260823_155349_messaging_001_f90a,Messaging
1787480661.628748,1363,4,UDP,443,52783,,forward,20260823_155349_messaging_001_f90a,Messaging
1787480661.628748,1363,4,UDP,443,52783,,forward,20260823_155349_messaging_001_f90a,Messaging
1787480661.628748,1363,4,UDP,443,52783,,forward,20260823_155349_messaging_001_f90a,Messaging
1787480661.628748,1363,4,UDP,443,52783,,forward,20260823_155349_messaging_001_f90a,Messaging
1787480661.628748,1363,4,UDP,443,52783,,forward,20260823_155349_messaging_001_f90a,Messaging
1787480661.628748,1363,4,UDP,443,52783,,forward,20260823_155349_messaging_001_f90a,Messaging
1787480661.628748,1363,4,UDP,443,52783,,forward,20260823_155349_messaging_001_f90a,Messaging
1787480661.628748,1363,4,UDP,443,52783,,forward,20260823_155349_messaging_001_f90a,Messaging
1787480661.628748,1363,4,UDP,443,52783,,forward,20260823_155349_messaging_001_f90a,Messaging
1787480661.628748,1363,4,UDP,443,52783,,forward,20260823_155349_messaging_001_f90a,Messaging
1787480661.628748,1363,4,UDP,443,52783,,forward,20260823_155349_messaging_001_f90a,Messaging
1787480661.628748,1363,4,UDP,443,52783,,forward,20260823_155349_messaging_001_f90a,Messaging
1787480661.628748,1363,4,UDP,443,52783,,forward,20260823_155349_messaging_001_f90a,Messaging
1787480661.628748,1363,4,UDP,443,52783,,forward,20260823_155349_messaging_001_f90a,Messaging
1787480661.628748,1363,4,UDP,443,52783,,forward,20260823_155349_messaging_001_f90a,Messaging
1787480661.628748,1363,4,UDP,443,52783,,forward,20260823_155349_messaging_001_f90a,Messaging
1787480661.628748,1363,4,UDP,443,52783,,forward,20260823_155349_messaging_001_f90a,Messaging
1787480661.628748,1363,4,UDP,443,52783,,forward,20260823_155349_messaging_001_f90a,Messaging
1787480661.628748,1363,4,UDP,443,52783,,forward,20260823_155349_messaging_001_f90a,Messaging
1787480661.628748,1363,4,UDP,443,52783,,forward,20260823_155349_messaging_001_f90a,Messaging
1787480661.628748,1363,4,UDP,443,52783,,forward,20260823_155349_messaging_001_f90a,Messaging
1787480661.628748,1363,4,UDP,443,52783,,forward,20260823_155349_messaging_001_f90a,Messaging
1787480661.628748,1363,4,UDP,443,52783,,forward,20260823_155349_messaging_001_f90a,Messaging
1787480661.628748,1363,4,UDP,443,52783,,forward,20260823_155349_messaging_001_f90a,Messaging
1787480661.628748,1363,4,UDP,443,52783,,forward,20260823_155349_messaging_001_f90a,Messaging
1787480661.628748,1363,4,UDP,443,52783,,forward,20260823_155349_messaging_001_f90a,Messaging
1787480661.628748,1363,4,UDP,443,52783,,forward,20260823_155349_messaging_001_f90a,Messaging
1787480661.628748,1363,4,UDP,443,52783,,forward,20260823_155349_messaging_001_f90a,Messaging
1787480661.628748,1363,4,UDP,443,52783,,forward,20260823_155349_messaging_001_f90a,Messaging
1787480661.628748,1363,4,UDP,443,52783,,forward,20260823_155349_messaging_001_f90a,Messaging
1787480661.628748,1363,4,UDP,443,52783,,forward,20260823_155349_messaging_001_f90a,Messaging
1787480661.628748,1363,4,UDP,443,52783,,forward,20260823_155349_messaging_001_f90a,Messaging
1787480661.628748,1363,4,UDP,443,52783,,forward,20260823_155349_messaging_001_f90a,Messaging
1787480661.628748,1363,4,UDP,443,52783,,forward,20260823_155349_messaging_001_f90a,Messaging
1787480661.628748,1363,4,UDP,443,52783,,forward,20260823_155349_messaging_001_f90a,Messaging
1787480661.628748,1363,4,UDP,443,52783,,forward,20260823_155349_messaging_001_f90a,Messaging
1787480661.628748,1363,4,UDP,443,52783,,forward,20260823_155349_messaging_001_f90a,Messaging
1787480661.628748,1363,4,UDP,443,52783,,forward,20260823_155349_messaging_001_f90a,Messaging
1787480661.628875,166,4,UDP,52783,443,,forward,20260823_155349_messaging_001_f90a,Messaging
1787480661.628748,1363,4,UDP,443,52783,,forward,20260823_155349_messaging_001_f90a,Messaging
1787480661.628748,1363,4,UDP,443,52783,,forward,20260823_155349_messaging_001_f90a,Messaging
1787480661.628748,1363,4,UDP,443,52783,,forward,20260823_155349_messaging_001_f90a,Messaging
1787480661.628748,1363,4,UDP,443,52783,,forward,20260823_155349_messaging_001_f90a,Messaging
1787480661.628748,1363,4,UDP,443,52783,,forward,20260823_155349_messaging_001_f90a,Messaging
1787480661.628748,1363,4,UDP,443,52783,,forward,20260823_155349_messaging_001_f90a,Messaging
1787480661.628748,1363,4,UDP,443,52783,,forward,20260823_155349_messaging_001_f90a,Messaging
1787480661.628748,1363,4,UDP,443,52783,,forward,20260823_155349_messaging_001_f90a,Messaging
1787480661.629211,89,4,UDP,52783,443,,forward,20260823_155349_messaging_001_f90a,Messaging
1787480661.629326,89,4,UDP,52783,443,,forward,20260823_155349_messaging_001_f90a,Messaging
1787480661.629777,166,4,UDP,52783,443,,forward,20260823_155349_messaging_001_f90a,Messaging
1787480661.629906,166,4,UDP,52783,443,,forward,20260823_155349_messaging_001_f90a,Messaging
1787480661.63009,166,4,UDP,52783,443,,forward,20260823_155349_messaging_001_f90a,Messaging
1787480661.63028,166,4,UDP,52783,443,,forward,20260823_155349_messaging_001_f90a,Messaging
1787480661.630427,166,4,UDP,52783,443,,forward,20260823_155349_messaging_001_f90a,Messaging
1787480661.630572,166,4,UDP,52783,443,,forward,20260823_155349_messaging_001_f90a,Messaging
1787480661.643813,1363,4,UDP,443,52783,,forward,20260823_155349_messaging_001_f90a,Messaging
1787480661.643813,1363,4,UDP,443,52783,,forward,20260823_155349_messaging_001_f90a,Messaging
1787480661.643813,1363,4,UDP,443,52783,,forward,20260823_155349_messaging_001_f90a,Messaging
1787480661.643813,1364,4,UDP,443,52783,,forward,20260823_155349_messaging_001_f90a,Messaging
1787480661.643813,1364,4,UDP,443,52783,,forward,20260823_155349_messaging_001_f90a,Messaging
1787480661.643813,1364,4,UDP,443,52783,,forward,20260823_155349_messaging_001_f90a,Messaging
1787480661.643813,1364,4,UDP,443,52783,,forward,20260823_155349_messaging_001_f90a,Messaging
1787480661.643813,1364,4,UDP,443,52783,,forward,20260823_155349_messaging_001_f90a,Messaging
1787480661.643813,1364,4,UDP,443,52783,,forward,20260823_155349_messaging_001_f90a,Messaging
1787480661.643813,1364,4,UDP,443,52783,,forward,20260823_155349_messaging_001_f90a,Messaging
1787480661.643813,1364,4,UDP,443,52783,,forward,20260823_155349_messaging_001_f90a,Messaging
1787480661.643813,1364,4,UDP,443,52783,,forward,20260823_155349_messaging_001_f90a,Messaging
1787480661.643813,1364,4,UDP,443,52783,,forward,20260823_155349_messaging_001_f90a,Messaging
1787480661.643813,1364,4,UDP,443,52783,,forward,20260823_155349_messaging_001_f90a,Messaging
1787480661.643813,1364,4,UDP,443,52783,,forward,20260823_155349_messaging_001_f90a,Messaging
1787480661.643813,1364,4,UDP,443,52783,,forward,20260823_155349_messaging_001_f90a,Messaging
1787480661.643813,1364,4,UDP,443,52783,,forward,20260823_155349_messaging_001_f90a,Messaging
1787480661.643813,1364,4,UDP,443,52783,,forward,20260823_155349_messaging_001_f90a,Messaging
1787480661.643813,1364,4,UDP,443,52783,,forward,20260823_155349_messaging_001_f90a,Messaging
1787480661.643813,1364,4,UDP,443,52783,,forward,20260823_155349_messaging_001_f90a,Messaging
1787480661.643813,1364,4,UDP,443,52783,,forward,20260823_155349_messaging_001_f90a,Messaging
1787480661.643813,1364,4,UDP,443,52783,,forward,20260823_155349_messaging_001_f90a,Messaging
1787480661.643813,1364,4,UDP,443,52783,,forward,20260823_155349_messaging_001_f90a,Messaging
1787480661.643813,1364,4,UDP,443,52783,,forward,20260823_155349_messaging_001_f90a,Messaging
1787480661.643813,1364,4,UDP,443,52783,,forward,20260823_155349_messaging_001_f90a,Messaging
1787480661.643813,1364,4,UDP,443,52783,,forward,20260823_155349_messaging_001_f90a,Messaging
1787480661.643813,1364,4,UDP,443,52783,,forward,20260823_155349_messaging_001_f90a,Messaging
1787480661.643813,1364,4,UDP,443,52783,,forward,20260823_155349_messaging_001_f90a,Messaging
1787480661.643813,1364,4,UDP,443,52783,,forward,20260823_155349_messaging_001_f90a,Messaging
1787480661.643813,1364,4,UDP,443,52783,,forward,20260823_155349_messaging_001_f90a,Messaging
1787480661.643813,1364,4,UDP,443,52783,,forward,20260823_155349_messaging_001_f90a,Messaging
1787480661.643813,1364,4,UDP,443,52783,,forward,20260823_155349_messaging_001_f90a,Messaging
1787480661.643813,1364,4,UDP,443,52783,,forward,20260823_155349_messaging_001_f90a,Messaging
1787480661.643813,1364,4,UDP,443,52783,,forward,20260823_155349_messaging_001_f90a,Messaging
1787480661.643813,1364,4,UDP,443,52783,,forward,20260823_155349_messaging_001_f90a,Messaging
1787480661.643813,1364,4,UDP,443,52783,,forward,20260823_155349_messaging_001_f90a,Messaging
1787480661.643813,1364,4,UDP,443,52783,,forward,20260823_155349_messaging_001_f90a,Messaging
1787480661.643813,1364,4,UDP,443,52783,,forward,20260823_155349_messaging_001_f90a,Messaging
1787480661.643813,1364,4,UDP,443,52783,,forward,20260823_155349_messaging_001_f90a,Messaging
1787480661.643813,1364,4,UDP,443,52783,,forward,20260823_155349_messaging_001_f90a,Messaging
1787480661.643813,1364,4,UDP,443,52783,,forward,20260823_155349_messaging_001_f90a,Messaging
1787480661.643813,1364,4,UDP,443,52783,,forward,20260823_155349_messaging_001_f90a,Messaging
1787480661.643813,1364,4,UDP,443,52783,,forward,20260823_155349_messaging_001_f90a,Messaging
1787480661.643813,1364,4,UDP,443,52783,,forward,20260823_155349_messaging_001_f90a,Messaging
1787480661.643813,1364,4,UDP,443,52783,,forward,20260823_155349_messaging_001_f90a,Messaging
1787480661.643813,1364,4,UDP,443,52783,,forward,20260823_155349_messaging_001_f90a,Messaging
1787480661.643813,1364,4,UDP,443,52783,,forward,20260823_155349_messaging_001_f90a,Messaging
1787480661.643813,1364,4,UDP,443,52783,,forward,20260823_155349_messaging_001_f90a,Messaging
1787480661.643813,1364,4,UDP,443,52783,,forward,20260823_155349_messaging_001_f90a,Messaging
1787480661.643813,1364,4,UDP,443,52783,,forward,20260823_155349_messaging_001_f90a,Messaging
1787480661.643813,1364,4,UDP,443,52783,,forward,20260823_155349_messaging_001_f90a,Messaging
1787480661.643813,1364,4,UDP,443,52783,,forward,20260823_155349_messaging_001_f90a,Messaging
1787480661.643813,1364,4,UDP,443,52783,,forward,20260823_155349_messaging_001_f90a,Messaging
1787480661.643813,1364,4,UDP,443,52783,,forward,20260823_155349_messaging_001_f90a,Messaging
1787480661.643813,1364,4,UDP,443,52783,,forward,20260823_155349_messaging_001_f90a,Messaging
1787480661.643813,1364,4,UDP,443,52783,,forward,20260823_155349_messaging_001_f90a,Messaging
1787480661.643813,1364,4,UDP,443,52783,,forward,20260823_155349_messaging_001_f90a,Messaging
1787480661.643813,1364,4,UDP,443,52783,,forward,20260823_155349_messaging_001_f90a,Messaging
1787480661.643813,1364,4,UDP,443,52783,,forward,20260823_155349_messaging_001_f90a,Messaging
1787480661.643813,1364,4,UDP,443,52783,,forward,20260823_155349_messaging_001_f90a,Messaging
1787480661.643813,1364,4,UDP,443,52783,,forward,20260823_155349_messaging_001_f90a,Messaging
1787480661.643813,1364,4,UDP,443,52783,,forward,20260823_155349_messaging_001_f90a,Messaging
1787480661.643813,1364,4,UDP,443,52783,,forward,20260823_155349_messaging_001_f90a,Messaging
1787480661.643813,1364,4,UDP,443,52783,,forward,20260823_155349_messaging_001_f90a,Messaging
1787480661.643813,1364,4,UDP,443,52783,,forward,20260823_155349_messaging_001_f90a,Messaging
1787480661.643813,1364,4,UDP,443,52783,,forward,20260823_155349_messaging_001_f90a,Messaging
1787480661.643813,1364,4,UDP,443,52783,,forward,20260823_155349_messaging_001_f90a,Messaging
1787480661.643813,1364,4,UDP,443,52783,,forward,20260823_155349_messaging_001_f90a,Messaging
1787480661.643813,89,4,UDP,443,52783,,forward,20260823_155349_messaging_001_f90a,Messaging
1787480661.644488,89,4,UDP,52783,443,,forward,20260823_155349_messaging_001_f90a,Messaging
1787480661.644941,338,4,UDP,52783,443,,forward,20260823_155349_messaging_001_f90a,Messaging
1787480661.645235,338,4,UDP,52783,443,,forward,20260823_155349_messaging_001_f90a,Messaging
1787480661.646441,1364,4,UDP,443,52783,,forward,20260823_155349_messaging_001_f90a,Messaging
1787480661.646441,1364,4,UDP,443,52783,,forward,20260823_155349_messaging_001_f90a,Messaging
1787480661.646441,1364,4,UDP,443,52783,,forward,20260823_155349_messaging_001_f90a,Messaging
1787480661.646441,1364,4,UDP,443,52783,,forward,20260823_155349_messaging_001_f90a,Messaging
1787480661.646441,1364,4,UDP,443,52783,,forward,20260823_155349_messaging_001_f90a,Messaging
1787480661.646441,1364,4,UDP,443,52783,,forward,20260823_155349_messaging_001_f90a,Messaging
1787480661.646441,1364,4,UDP,443,52783,,forward,20260823_155349_messaging_001_f90a,Messaging
1787480661.646441,1364,4,UDP,443,52783,,forward,20260823_155349_messaging_001_f90a,Messaging
1787480661.646657,89,4,UDP,52783,443,,forward,20260823_155349_messaging_001_f90a,Messaging
1787480661.646934,166,4,UDP,52783,443,,forward,20260823_155349_messaging_001_f90a,Messaging
1787480661.659276,172,4,UDP,52783,443,,forward,20260823_155349_messaging_001_f90a,Messaging
1787480661.659308,1364,4,UDP,443,52783,,forward,20260823_155349_messaging_001_f90a,Messaging
1787480661.659308,1364,4,UDP,443,52783,,forward,20260823_155349_messaging_001_f90a,Messaging
1787480661.659308,1364,4,UDP,443,52783,,forward,20260823_155349_messaging_001_f90a,Messaging
1787480661.659308,1364,4,UDP,443,52783,,forward,20260823_155349_messaging_001_f90a,Messaging
1787480661.659308,1364,4,UDP,443,52783,,forward,20260823_155349_messaging_001_f90a,Messaging
1787480661.659308,1364,4,UDP,443,52783,,forward,20260823_155349_messaging_001_f90a,Messaging
1787480661.659308,1364,4,UDP,443,52783,,forward,20260823_155349_messaging_001_f90a,Messaging
1787480661.659308,1364,4,UDP,443,52783,,forward,20260823_155349_messaging_001_f90a,Messaging
1787480661.659308,89,4,UDP,443,52783,,forward,20260823_155349_messaging_001_f90a,Messaging
1787480661.659308,1364,4,UDP,443,52783,,forward,20260823_155349_messaging_001_f90a,Messaging
1787480661.659308,1364,4,UDP,443,52783,,forward,20260823_155349_messaging_001_f90a,Messaging
1787480661.659308,1364,4,UDP,443,52783,,forward,20260823_155349_messaging_001_f90a,Messaging
1787480661.659308,1364,4,UDP,443,52783,,forward,20260823_155349_messaging_001_f90a,Messaging
1787480661.659308,1364,4,UDP,443,52783,,forward,20260823_155349_messaging_001_f90a,Messaging
1787480661.659308,1364,4,UDP,443,52783,,forward,20260823_155349_messaging_001_f90a,Messaging
1787480661.659308,1364,4,UDP,443,52783,,forward,20260823_155349_messaging_001_f90a,Messaging
1787480661.659308,1364,4,UDP,443,52783,,forward,20260823_155349_messaging_001_f90a,Messaging
1787480661.659308,1364,4,UDP,443,52783,,forward,20260823_155349_messaging_001_f90a,Messaging
1787480661.659308,1364,4,UDP,443,52783,,forward,20260823_155349_messaging_001_f90a,Messaging
1787480661.659308,1364,4,UDP,443,52783,,forward,20260823_155349_messaging_001_f90a,Messaging
1787480661.659308,1364,4,UDP,443,52783,,forward,20260823_155349_messaging_001_f90a,Messaging
1787480661.659308,1364,4,UDP,443,52783,,forward,20260823_155349_messaging_001_f90a,Messaging
1787480661.659308,1364,4,UDP,443,52783,,forward,20260823_155349_messaging_001_f90a,Messaging
1787480661.659308,1364,4,UDP,443,52783,,forward,20260823_155349_messaging_001_f90a,Messaging
1787480661.659308,1364,4,UDP,443,52783,,forward,20260823_155349_messaging_001_f90a,Messaging
1787480661.659308,1364,4,UDP,443,52783,,forward,20260823_155349_messaging_001_f90a,Messaging
1787480661.659308,1364,4,UDP,443,52783,,forward,20260823_155349_messaging_001_f90a,Messaging
1787480661.659308,1364,4,UDP,443,52783,,forward,20260823_155349_messaging_001_f90a,Messaging
1787480661.659308,1364,4,UDP,443,52783,,forward,20260823_155349_messaging_001_f90a,Messaging
1787480661.659308,1364,4,UDP,443,52783,,forward,20260823_155349_messaging_001_f90a,Messaging
1787480661.659308,1364,4,UDP,443,52783,,forward,20260823_155349_messaging_001_f90a,Messaging
1787480661.659308,1364,4,UDP,443,52783,,forward,20260823_155349_messaging_001_f90a,Messaging
1787480661.659308,1364,4,UDP,443,52783,,forward,20260823_155349_messaging_001_f90a,Messaging
1787480661.659308,1364,4,UDP,443,52783,,forward,20260823_155349_messaging_001_f90a,Messaging
1787480661.659308,1364,4,UDP,443,52783,,forward,20260823_155349_messaging_001_f90a,Messaging
1787480661.659308,1364,4,UDP,443,52783,,forward,20260823_155349_messaging_001_f90a,Messaging
1787480661.659308,1364,4,UDP,443,52783,,forward,20260823_155349_messaging_001_f90a,Messaging
1787480661.659308,1364,4,UDP,443,52783,,forward,20260823_155349_messaging_001_f90a,Messaging
1787480661.659308,1364,4,UDP,443,52783,,forward,20260823_155349_messaging_001_f90a,Messaging
1787480661.659308,1364,4,UDP,443,52783,,forward,20260823_155349_messaging_001_f90a,Messaging
1787480661.659308,1364,4,UDP,443,52783,,forward,20260823_155349_messaging_001_f90a,Messaging
1787480661.659308,1364,4,UDP,443,52783,,forward,20260823_155349_messaging_001_f90a,Messaging
1787480661.659308,1364,4,UDP,443,52783,,forward,20260823_155349_messaging_001_f90a,Messaging
1787480661.659308,1364,4,UDP,443,52783,,forward,20260823_155349_messaging_001_f90a,Messaging
1787480661.659308,1364,4,UDP,443,52783,,forward,20260823_155349_messaging_001_f90a,Messaging
1787480661.659308,1364,4,UDP,443,52783,,forward,20260823_155349_messaging_001_f90a,Messaging
1787480661.659308,1364,4,UDP,443,52783,,forward,20260823_155349_messaging_001_f90a,Messaging
1787480661.659308,1364,4,UDP,443,52783,,forward,20260823_155349_messaging_001_f90a,Messaging
1787480661.659308,1364,4,UDP,443,52783,,forward,20260823_155349_messaging_001_f90a,Messaging
1787480661.659308,1364,4,UDP,443,52783,,forward,20260823_155349_messaging_001_f90a,Messaging
1787480661.659308,1364,4,UDP,443,52783,,forward,20260823_155349_messaging_001_f90a,Messaging
1787480661.659308,1364,4,UDP,443,52783,,forward,20260823_155349_messaging_001_f90a,Messaging
1787480661.659308,1364,4,UDP,443,52783,,forward,20260823_155349_messaging_001_f90a,Messaging
1787480661.659308,89,4,UDP,443,52783,,forward,20260823_155349_messaging_001_f90a,Messaging
1787480661.659766,89,4,UDP,52783,443,,forward,20260823_155349_messaging_001_f90a,Messaging
1787480661.66025,252,4,UDP,52783,443,,forward,20260823_155349_messaging_001_f90a,Messaging
1787480661.660329,166,4,UDP,52783,443,,forward,20260823_155349_messaging_001_f90a,Messaging
1787480661.660537,252,4,UDP,52783,443,,forward,20260823_155349_messaging_001_f90a,Messaging
1787480661.674316,167,4,UDP,52783,443,,forward,20260823_155349_messaging_001_f90a,Messaging
1787480661.674339,1364,4,UDP,443,52783,,forward,20260823_155349_messaging_001_f90a,Messaging
1787480661.674339,1364,4,UDP,443,52783,,forward,20260823_155349_messaging_001_f90a,Messaging
1787480661.674339,1364,4,UDP,443,52783,,forward,20260823_155349_messaging_001_f90a,Messaging
1787480661.674339,1364,4,UDP,443,52783,,forward,20260823_155349_messaging_001_f90a,Messaging
1787480661.674339,1364,4,UDP,443,52783,,forward,20260823_155349_messaging_001_f90a,Messaging
1787480661.674339,1364,4,UDP,443,52783,,forward,20260823_155349_messaging_001_f90a,Messaging
1787480661.674339,1364,4,UDP,443,52783,,forward,20260823_155349_messaging_001_f90a,Messaging
1787480661.674339,1364,4,UDP,443,52783,,forward,20260823_155349_messaging_001_f90a,Messaging
1787480661.674339,1364,4,UDP,443,52783,,forward,20260823_155349_messaging_001_f90a,Messaging
1787480661.674339,1364,4,UDP,443,52783,,forward,20260823_155349_messaging_001_f90a,Messaging
1787480661.674339,1364,4,UDP,443,52783,,forward,20260823_155349_messaging_001_f90a,Messaging
1787480661.674339,1364,4,UDP,443,52783,,forward,20260823_155349_messaging_001_f90a,Messaging
1787480661.674339,1364,4,UDP,443,52783,,forward,20260823_155349_messaging_001_f90a,Messaging
1787480661.674339,1364,4,UDP,443,52783,,forward,20260823_155349_messaging_001_f90a,Messaging
1787480661.674339,1364,4,UDP,443,52783,,forward,20260823_155349_messaging_001_f90a,Messaging
1787480661.674339,1364,4,UDP,443,52783,,forward,20260823_155349_messaging_001_f90a,Messaging
1787480661.674339,1364,4,UDP,443,52783,,forward,20260823_155349_messaging_001_f90a,Messaging
1787480661.674339,1364,4,UDP,443,52783,,forward,20260823_155349_messaging_001_f90a,Messaging
1787480661.674339,1364,4,UDP,443,52783,,forward,20260823_155349_messaging_001_f90a,Messaging
1787480661.674339,1364,4,UDP,443,52783,,forward,20260823_155349_messaging_001_f90a,Messaging
1787480661.674339,1364,4,UDP,443,52783,,forward,20260823_155349_messaging_001_f90a,Messaging
1787480661.674339,1364,4,UDP,443,52783,,forward,20260823_155349_messaging_001_f90a,Messaging
1787480661.674339,1364,4,UDP,443,52783,,forward,20260823_155349_messaging_001_f90a,Messaging
1787480661.674339,1364,4,UDP,443,52783,,forward,20260823_155349_messaging_001_f90a,Messaging
1787480661.674339,89,4,UDP,443,52783,,forward,20260823_155349_messaging_001_f90a,Messaging
1787480661.674339,1364,4,UDP,443,52783,,forward,20260823_155349_messaging_001_f90a,Messaging
1787480661.674339,1364,4,UDP,443,52783,,forward,20260823_155349_messaging_001_f90a,Messaging
1787480661.674339,1364,4,UDP,443,52783,,forward,20260823_155349_messaging_001_f90a,Messaging
1787480661.674339,1364,4,UDP,443,52783,,forward,20260823_155349_messaging_001_f90a,Messaging
1787480661.674339,1364,4,UDP,443,52783,,forward,20260823_155349_messaging_001_f90a,Messaging
1787480661.674339,1364,4,UDP,443,52783,,forward,20260823_155349_messaging_001_f90a,Messaging
1787480661.674339,1364,4,UDP,443,52783,,forward,20260823_155349_messaging_001_f90a,Messaging
1787480661.674339,1364,4,UDP,443,52783,,forward,20260823_155349_messaging_001_f90a,Messaging
1787480661.674339,1364,4,UDP,443,52783,,forward,20260823_155349_messaging_001_f90a,Messaging
1787480661.674339,1364,4,UDP,443,52783,,forward,20260823_155349_messaging_001_f90a,Messaging
1787480661.674339,1364,4,UDP,443,52783,,forward,20260823_155349_messaging_001_f90a,Messaging
1787480661.674339,1364,4,UDP,443,52783,,forward,20260823_155349_messaging_001_f90a,Messaging
1787480661.674339,1364,4,UDP,443,52783,,forward,20260823_155349_messaging_001_f90a,Messaging
1787480661.674339,1364,4,UDP,443,52783,,forward,20260823_155349_messaging_001_f90a,Messaging
1787480661.674339,1364,4,UDP,443,52783,,forward,20260823_155349_messaging_001_f90a,Messaging
1787480661.674339,1364,4,UDP,443,52783,,forward,20260823_155349_messaging_001_f90a,Messaging
1787480661.674339,1364,4,UDP,443,52783,,forward,20260823_155349_messaging_001_f90a,Messaging
1787480661.674339,1364,4,UDP,443,52783,,forward,20260823_155349_messaging_001_f90a,Messaging
1787480661.674339,1364,4,UDP,443,52783,,forward,20260823_155349_messaging_001_f90a,Messaging
1787480661.674339,1364,4,UDP,443,52783,,forward,20260823_155349_messaging_001_f90a,Messaging
1787480661.674339,1364,4,UDP,443,52783,,forward,20260823_155349_messaging_001_f90a,Messaging
1787480661.674339,1364,4,UDP,443,52783,,forward,20260823_155349_messaging_001_f90a,Messaging
1787480661.674339,1364,4,UDP,443,52783,,forward,20260823_155349_messaging_001_f90a,Messaging
1787480661.674339,1364,4,UDP,443,52783,,forward,20260823_155349_messaging_001_f90a,Messaging
1787480661.674339,1364,4,UDP,443,52783,,forward,20260823_155349_messaging_001_f90a,Messaging
1787480661.674339,1364,4,UDP,443,52783,,forward,20260823_155349_messaging_001_f90a,Messaging
1787480661.674339,1364,4,UDP,443,52783,,forward,20260823_155349_messaging_001_f90a,Messaging
1787480661.674339,1364,4,UDP,443,52783,,forward,20260823_155349_messaging_001_f90a,Messaging
1787480661.674339,1364,4,UDP,443,52783,,forward,20260823_155349_messaging_001_f90a,Messaging
1787480661.674339,1364,4,UDP,443,52783,,forward,20260823_155349_messaging_001_f90a,Messaging
1787480661.674339,1364,4,UDP,443,52783,,forward,20260823_155349_messaging_001_f90a,Messaging
1787480661.674339,1364,4,UDP,443,52783,,forward,20260823_155349_messaging_001_f90a,Messaging
1787480661.675047,89,4,UDP,52783,443,,forward,20260823_155349_messaging_001_f90a,Messaging
1787480661.67552,166,4,UDP,52783,443,,forward,20260823_155349_messaging_001_f90a,Messaging
1787480661.675615,166,4,UDP,52783,443,,forward,20260823_155349_messaging_001_f90a,Messaging
1787480661.675713,166,4,UDP,52783,443,,forward,20260823_155349_messaging_001_f90a,Messaging
1787480661.67597,166,4,UDP,52783,443,,forward,20260823_155349_messaging_001_f90a,Messaging
1787480661.676077,166,4,UDP,52783,443,,forward,20260823_155349_messaging_001_f90a,Messaging
1787480661.682156,1364,4,UDP,443,52783,,forward,20260823_155349_messaging_001_f90a,Messaging
1787480661.682156,1364,4,UDP,443,52783,,forward,20260823_155349_messaging_001_f90a,Messaging
1787480661.682156,1364,4,UDP,443,52783,,forward,20260823_155349_messaging_001_f90a,Messaging
1787480661.682156,1364,4,UDP,443,52783,,forward,20260823_155349_messaging_001_f90a,Messaging
1787480661.682156,1364,4,UDP,443,52783,,forward,20260823_155349_messaging_001_f90a,Messaging
1787480661.682156,1364,4,UDP,443,52783,,forward,20260823_155349_messaging_001_f90a,Messaging
1787480661.682156,1364,4,UDP,443,52783,,forward,20260823_155349_messaging_001_f90a,Messaging
1787480661.682156,1364,4,UDP,443,52783,,forward,20260823_155349_messaging_001_f90a,Messaging
1787480661.682156,1364,4,UDP,443,52783,,forward,20260823_155349_messaging_001_f90a,Messaging
1787480661.682156,1364,4,UDP,443,52783,,forward,20260823_155349_messaging_001_f90a,Messaging
1787480661.682156,1364,4,UDP,443,52783,,forward,20260823_155349_messaging_001_f90a,Messaging
1787480661.682156,1364,4,UDP,443,52783,,forward,20260823_155349_messaging_001_f90a,Messaging
1787480661.682156,1364,4,UDP,443,52783,,forward,20260823_155349_messaging_001_f90a,Messaging
1787480661.682156,1364,4,UDP,443,52783,,forward,20260823_155349_messaging_001_f90a,Messaging
1787480661.682156,1364,4,UDP,443,52783,,forward,20260823_155349_messaging_001_f90a,Messaging
1787480661.682156,1364,4,UDP,443,52783,,forward,20260823_155349_messaging_001_f90a,Messaging
1787480661.682156,1364,4,UDP,443,52783,,forward,20260823_155349_messaging_001_f90a,Messaging
1787480661.682156,1364,4,UDP,443,52783,,forward,20260823_155349_messaging_001_f90a,Messaging
1787480661.682156,1364,4,UDP,443,52783,,forward,20260823_155349_messaging_001_f90a,Messaging
1787480661.682156,1364,4,UDP,443,52783,,forward,20260823_155349_messaging_001_f90a,Messaging
1787480661.682156,1364,4,UDP,443,52783,,forward,20260823_155349_messaging_001_f90a,Messaging
1787480661.682156,1364,4,UDP,443,52783,,forward,20260823_155349_messaging_001_f90a,Messaging
1787480661.682156,1364,4,UDP,443,52783,,forward,20260823_155349_messaging_001_f90a,Messaging
1787480661.682156,1364,4,UDP,443,52783,,forward,20260823_155349_messaging_001_f90a,Messaging
1787480661.682156,1364,4,UDP,443,52783,,forward,20260823_155349_messaging_001_f90a,Messaging
1787480661.682156,1364,4,UDP,443,52783,,forward,20260823_155349_messaging_001_f90a,Messaging
1787480661.682156,1364,4,UDP,443,52783,,forward,20260823_155349_messaging_001_f90a,Messaging
1787480661.682156,1364,4,UDP,443,52783,,forward,20260823_155349_messaging_001_f90a,Messaging
1787480661.682156,89,4,UDP,443,52783,,forward,20260823_155349_messaging_001_f90a,Messaging
1787480661.682156,1364,4,UDP,443,52783,,forward,20260823_155349_messaging_001_f90a,Messaging
1787480661.682156,1364,4,UDP,443,52783,,forward,20260823_155349_messaging_001_f90a,Messaging
1787480661.682156,1364,4,UDP,443,52783,,forward,20260823_155349_messaging_001_f90a,Messaging
1787480661.682156,1364,4,UDP,443,52783,,forward,20260823_155349_messaging_001_f90a,Messaging
1787480661.682156,1364,4,UDP,443,52783,,forward,20260823_155349_messaging_001_f90a,Messaging
1787480661.682156,1364,4,UDP,443,52783,,forward,20260823_155349_messaging_001_f90a,Messaging
1787480661.682156,1364,4,UDP,443,52783,,forward,20260823_155349_messaging_001_f90a,Messaging
1787480661.682156,1364,4,UDP,443,52783,,forward,20260823_155349_messaging_001_f90a,Messaging
1787480661.682678,89,4,UDP,52783,443,,forward,20260823_155349_messaging_001_f90a,Messaging
1787480661.683249,166,4,UDP,52783,443,,forward,20260823_155349_messaging_001_f90a,Messaging
1787480661.683336,166,4,UDP,52783,443,,forward,20260823_155349_messaging_001_f90a,Messaging
1787480661.683359,166,4,UDP,52783,443,,forward,20260823_155349_messaging_001_f90a,Messaging
1787480661.683566,166,4,UDP,52783,443,,forward,20260823_155349_messaging_001_f90a,Messaging
1787480661.689824,1364,4,UDP,443,52783,,forward,20260823_155349_messaging_001_f90a,Messaging
1787480661.689824,1364,4,UDP,443,52783,,forward,20260823_155349_messaging_001_f90a,Messaging
1787480661.689824,1364,4,UDP,443,52783,,forward,20260823_155349_messaging_001_f90a,Messaging
1787480661.689824,1364,4,UDP,443,52783,,forward,20260823_155349_messaging_001_f90a,Messaging
1787480661.689824,1364,4,UDP,443,52783,,forward,20260823_155349_messaging_001_f90a,Messaging
1787480661.689824,1364,4,UDP,443,52783,,forward,20260823_155349_messaging_001_f90a,Messaging
1787480661.689824,1364,4,UDP,443,52783,,forward,20260823_155349_messaging_001_f90a,Messaging
1787480661.689824,1364,4,UDP,443,52783,,forward,20260823_155349_messaging_001_f90a,Messaging
1787480661.689824,1354,4,UDP,443,52783,,forward,20260823_155349_messaging_001_f90a,Messaging
1787480661.689824,1364,4,UDP,443,52783,,forward,20260823_155349_messaging_001_f90a,Messaging
1787480661.689824,1364,4,UDP,443,52783,,forward,20260823_155349_messaging_001_f90a,Messaging
1787480661.689824,1364,4,UDP,443,52783,,forward,20260823_155349_messaging_001_f90a,Messaging
1787480661.689824,1364,4,UDP,443,52783,,forward,20260823_155349_messaging_001_f90a,Messaging
1787480661.689824,1364,4,UDP,443,52783,,forward,20260823_155349_messaging_001_f90a,Messaging
1787480661.689824,1364,4,UDP,443,52783,,forward,20260823_155349_messaging_001_f90a,Messaging
1787480661.689824,1364,4,UDP,443,52783,,forward,20260823_155349_messaging_001_f90a,Messaging
1787480661.689824,1364,4,UDP,443,52783,,forward,20260823_155349_messaging_001_f90a,Messaging
1787480661.689824,1366,4,UDP,443,52783,,forward,20260823_155349_messaging_001_f90a,Messaging
1787480661.689824,1366,4,UDP,443,52783,,forward,20260823_155349_messaging_001_f90a,Messaging
1787480661.689824,1364,4,UDP,443,52783,,forward,20260823_155349_messaging_001_f90a,Messaging
1787480661.689824,1364,4,UDP,443,52783,,forward,20260823_155349_messaging_001_f90a,Messaging
1787480661.689824,1364,4,UDP,443,52783,,forward,20260823_155349_messaging_001_f90a,Messaging
1787480661.689824,1364,4,UDP,443,52783,,forward,20260823_155349_messaging_001_f90a,Messaging
1787480661.689824,1364,4,UDP,443,52783,,forward,20260823_155349_messaging_001_f90a,Messaging
1787480661.689824,1364,4,UDP,443,52783,,forward,20260823_155349_messaging_001_f90a,Messaging
1787480661.689824,1364,4,UDP,443,52783,,forward,20260823_155349_messaging_001_f90a,Messaging
1787480661.689824,1364,4,UDP,443,52783,,forward,20260823_155349_messaging_001_f90a,Messaging
1787480661.689824,1366,4,UDP,443,52783,,forward,20260823_155349_messaging_001_f90a,Messaging
1787480661.689824,1366,4,UDP,443,52783,,forward,20260823_155349_messaging_001_f90a,Messaging
1787480661.690264,89,4,UDP,52783,443,,forward,20260823_155349_messaging_001_f90a,Messaging
1787480661.690634,145,4,UDP,52783,443,,forward,20260823_155349_messaging_001_f90a,Messaging
1787480661.690703,317,4,UDP,52783,443,,forward,20260823_155349_messaging_001_f90a,Messaging
1787480661.704656,1364,4,UDP,443,52783,,forward,20260823_155349_messaging_001_f90a,Messaging
1787480661.70468,167,4,UDP,52783,443,,forward,20260823_155349_messaging_001_f90a,Messaging
1787480661.704656,1364,4,UDP,443,52783,,forward,20260823_155349_messaging_001_f90a,Messaging
1787480661.704656,1364,4,UDP,443,52783,,forward,20260823_155349_messaging_001_f90a,Messaging
1787480661.704656,1364,4,UDP,443,52783,,forward,20260823_155349_messaging_001_f90a,Messaging
1787480661.704656,1364,4,UDP,443,52783,,forward,20260823_155349_messaging_001_f90a,Messaging
1787480661.704656,1364,4,UDP,443,52783,,forward,20260823_155349_messaging_001_f90a,Messaging
1787480661.704656,1364,4,UDP,443,52783,,forward,20260823_155349_messaging_001_f90a,Messaging
1787480661.704656,1364,4,UDP,443,52783,,forward,20260823_155349_messaging_001_f90a,Messaging
1787480661.704656,1364,4,UDP,443,52783,,forward,20260823_155349_messaging_001_f90a,Messaging
1787480661.704656,1364,4,UDP,443,52783,,forward,20260823_155349_messaging_001_f90a,Messaging
1787480661.704656,1364,4,UDP,443,52783,,forward,20260823_155349_messaging_001_f90a,Messaging
1787480661.704656,1364,4,UDP,443,52783,,forward,20260823_155349_messaging_001_f90a,Messaging
1787480661.704656,89,4,UDP,443,52783,,forward,20260823_155349_messaging_001_f90a,Messaging
1787480661.704656,1364,4,UDP,443,52783,,forward,20260823_155349_messaging_001_f90a,Messaging
1787480661.704656,1364,4,UDP,443,52783,,forward,20260823_155349_messaging_001_f90a,Messaging
1787480661.704656,1364,4,UDP,443,52783,,forward,20260823_155349_messaging_001_f90a,Messaging
1787480661.704656,1364,4,UDP,443,52783,,forward,20260823_155349_messaging_001_f90a,Messaging
1787480661.704656,1364,4,UDP,443,52783,,forward,20260823_155349_messaging_001_f90a,Messaging
1787480661.704656,1364,4,UDP,443,52783,,forward,20260823_155349_messaging_001_f90a,Messaging
1787480661.704656,1364,4,UDP,443,52783,,forward,20260823_155349_messaging_001_f90a,Messaging
1787480661.704656,1364,4,UDP,443,52783,,forward,20260823_155349_messaging_001_f90a,Messaging
1787480661.704656,89,4,UDP,443,52783,,forward,20260823_155349_messaging_001_f90a,Messaging
1787480661.704656,1364,4,UDP,443,52783,,forward,20260823_155349_messaging_001_f90a,Messaging
1787480661.704656,1364,4,UDP,443,52783,,forward,20260823_155349_messaging_001_f90a,Messaging
1787480661.704656,1364,4,UDP,443,52783,,forward,20260823_155349_messaging_001_f90a,Messaging
1787480661.704656,1364,4,UDP,443,52783,,forward,20260823_155349_messaging_001_f90a,Messaging
1787480661.704656,1364,4,UDP,443,52783,,forward,20260823_155349_messaging_001_f90a,Messaging
1787480661.704656,1364,4,UDP,443,52783,,forward,20260823_155349_messaging_001_f90a,Messaging
1787480661.704656,1364,4,UDP,443,52783,,forward,20260823_155349_messaging_001_f90a,Messaging
1787480661.704656,1364,4,UDP,443,52783,,forward,20260823_155349_messaging_001_f90a,Messaging
1787480661.704656,1364,4,UDP,443,52783,,forward,20260823_155349_messaging_001_f90a,Messaging
1787480661.704656,1364,4,UDP,443,52783,,forward,20260823_155349_messaging_001_f90a,Messaging
1787480661.704656,1364,4,UDP,443,52783,,forward,20260823_155349_messaging_001_f90a,Messaging
1787480661.704656,1364,4,UDP,443,52783,,forward,20260823_155349_messaging_001_f90a,Messaging
1787480661.704656,1364,4,UDP,443,52783,,forward,20260823_155349_messaging_001_f90a,Messaging
1787480661.704656,1364,4,UDP,443,52783,,forward,20260823_155349_messaging_001_f90a,Messaging
1787480661.704656,1364,4,UDP,443,52783,,forward,20260823_155349_messaging_001_f90a,Messaging
1787480661.704656,1364,4,UDP,443,52783,,forward,20260823_155349_messaging_001_f90a,Messaging
1787480661.704656,1364,4,UDP,443,52783,,forward,20260823_155349_messaging_001_f90a,Messaging
1787480661.704656,1364,4,UDP,443,52783,,forward,20260823_155349_messaging_001_f90a,Messaging
1787480661.704656,1364,4,UDP,443,52783,,forward,20260823_155349_messaging_001_f90a,Messaging
1787480661.704656,1364,4,UDP,443,52783,,forward,20260823_155349_messaging_001_f90a,Messaging
1787480661.704656,1364,4,UDP,443,52783,,forward,20260823_155349_messaging_001_f90a,Messaging
1787480661.704656,1364,4,UDP,443,52783,,forward,20260823_155349_messaging_001_f90a,Messaging
1787480661.704656,1364,4,UDP,443,52783,,forward,20260823_155349_messaging_001_f90a,Messaging
1787480661.704656,1364,4,UDP,443,52783,,forward,20260823_155349_messaging_001_f90a,Messaging
1787480661.705073,89,4,UDP,52783,443,,forward,20260823_155349_messaging_001_f90a,Messaging
1787480661.705445,166,4,UDP,52783,443,,forward,20260823_155349_messaging_001_f90a,Messaging
1787480661.705573,257,4,UDP,52783,443,,forward,20260823_155349_messaging_001_f90a,Messaging
1787480661.705753,166,4,UDP,52783,443,,forward,20260823_155349_messaging_001_f90a,Messaging
1787480661.716087,1364,4,UDP,443,52783,,forward,20260823_155349_messaging_001_f90a,Messaging
1787480661.716087,1364,4,UDP,443,52783,,forward,20260823_155349_messaging_001_f90a,Messaging
1787480661.716087,1364,4,UDP,443,52783,,forward,20260823_155349_messaging_001_f90a,Messaging
1787480661.716087,1364,4,UDP,443,52783,,forward,20260823_155349_messaging_001_f90a,Messaging
1787480661.716087,1364,4,UDP,443,52783,,forward,20260823_155349_messaging_001_f90a,Messaging
1787480661.716087,1364,4,UDP,443,52783,,forward,20260823_155349_messaging_001_f90a,Messaging
1787480661.716087,1364,4,UDP,443,52783,,forward,20260823_155349_messaging_001_f90a,Messaging
1787480661.716087,1364,4,UDP,443,52783,,forward,20260823_155349_messaging_001_f90a,Messaging
1787480661.716087,1364,4,UDP,443,52783,,forward,20260823_155349_messaging_001_f90a,Messaging
1787480661.716087,1364,4,UDP,443,52783,,forward,20260823_155349_messaging_001_f90a,Messaging
1787480661.716087,1364,4,UDP,443,52783,,forward,20260823_155349_messaging_001_f90a,Messaging
1787480661.716087,1364,4,UDP,443,52783,,forward,20260823_155349_messaging_001_f90a,Messaging
1787480661.716087,1364,4,UDP,443,52783,,forward,20260823_155349_messaging_001_f90a,Messaging
1787480661.716087,1364,4,UDP,443,52783,,forward,20260823_155349_messaging_001_f90a,Messaging
1787480661.716087,1364,4,UDP,443,52783,,forward,20260823_155349_messaging_001_f90a,Messaging
1787480661.716087,1364,4,UDP,443,52783,,forward,20260823_155349_messaging_001_f90a,Messaging
1787480661.716087,1364,4,UDP,443,52783,,forward,20260823_155349_messaging_001_f90a,Messaging
1787480661.716087,1364,4,UDP,443,52783,,forward,20260823_155349_messaging_001_f90a,Messaging
1787480661.716087,1364,4,UDP,443,52783,,forward,20260823_155349_messaging_001_f90a,Messaging
1787480661.716087,1364,4,UDP,443,52783,,forward,20260823_155349_messaging_001_f90a,Messaging
1787480661.716087,1364,4,UDP,443,52783,,forward,20260823_155349_messaging_001_f90a,Messaging
1787480661.716087,1364,4,UDP,443,52783,,forward,20260823_155349_messaging_001_f90a,Messaging
1787480661.716087,1364,4,UDP,443,52783,,forward,20260823_155349_messaging_001_f90a,Messaging
1787480661.716087,1364,4,UDP,443,52783,,forward,20260823_155349_messaging_001_f90a,Messaging
1787480661.716087,89,4,UDP,443,52783,,forward,20260823_155349_messaging_001_f90a,Messaging
1787480661.716087,1364,4,UDP,443,52783,,forward,20260823_155349_messaging_001_f90a,Messaging
1787480661.716087,1364,4,UDP,443,52783,,forward,20260823_155349_messaging_001_f90a,Messaging
1787480661.716087,1364,4,UDP,443,52783,,forward,20260823_155349_messaging_001_f90a,Messaging
1787480661.716087,1364,4,UDP,443,52783,,forward,20260823_155349_messaging_001_f90a,Messaging
1787480661.716087,1364,4,UDP,443,52783,,forward,20260823_155349_messaging_001_f90a,Messaging
1787480661.716087,1364,4,UDP,443,52783,,forward,20260823_155349_messaging_001_f90a,Messaging
1787480661.716087,1364,4,UDP,443,52783,,forward,20260823_155349_messaging_001_f90a,Messaging
1787480661.716087,1364,4,UDP,443,52783,,forward,20260823_155349_messaging_001_f90a,Messaging
1787480661.716087,1364,4,UDP,443,52783,,forward,20260823_155349_messaging_001_f90a,Messaging
1787480661.716087,1364,4,UDP,443,52783,,forward,20260823_155349_messaging_001_f90a,Messaging
1787480661.716087,1364,4,UDP,443,52783,,forward,20260823_155349_messaging_001_f90a,Messaging
1787480661.716087,1364,4,UDP,443,52783,,forward,20260823_155349_messaging_001_f90a,Messaging
1787480661.716087,88,4,UDP,443,52783,,forward,20260823_155349_messaging_001_f90a,Messaging
1787480661.716651,89,4,UDP,52783,443,,forward,20260823_155349_messaging_001_f90a,Messaging
1787480661.716997,166,4,UDP,52783,443,,forward,20260823_155349_messaging_001_f90a,Messaging
1787480661.717144,166,4,UDP,52783,443,,forward,20260823_155349_messaging_001_f90a,Messaging
1787480661.717211,166,4,UDP,52783,443,,forward,20260823_155349_messaging_001_f90a,Messaging
1787480661.717381,166,4,UDP,52783,443,,forward,20260823_155349_messaging_001_f90a,Messaging
1787480661.720154,1363,4,UDP,443,52783,,forward,20260823_155349_messaging_001_f90a,Messaging
1787480661.720154,1363,4,UDP,443,52783,,forward,20260823_155349_messaging_001_f90a,Messaging
1787480661.720154,1363,4,UDP,443,52783,,forward,20260823_155349_messaging_001_f90a,Messaging
1787480661.720154,1363,4,UDP,443,52783,,forward,20260823_155349_messaging_001_f90a,Messaging
1787480661.720154,1363,4,UDP,443,52783,,forward,20260823_155349_messaging_001_f90a,Messaging
1787480661.720154,1363,4,UDP,443,52783,,forward,20260823_155349_messaging_001_f90a,Messaging
1787480661.720154,1363,4,UDP,443,52783,,forward,20260823_155349_messaging_001_f90a,Messaging
1787480661.720154,1363,4,UDP,443,52783,,forward,20260823_155349_messaging_001_f90a,Messaging
1787480661.720154,1363,4,UDP,443,52783,,forward,20260823_155349_messaging_001_f90a,Messaging
1787480661.720154,1363,4,UDP,443,52783,,forward,20260823_155349_messaging_001_f90a,Messaging
1787480661.720154,1363,4,UDP,443,52783,,forward,20260823_155349_messaging_001_f90a,Messaging
1787480661.720154,1363,4,UDP,443,52783,,forward,20260823_155349_messaging_001_f90a,Messaging
1787480661.720154,1363,4,UDP,443,52783,,forward,20260823_155349_messaging_001_f90a,Messaging
1787480661.720439,89,4,UDP,52783,443,,forward,20260823_155349_messaging_001_f90a,Messaging
1787480661.720901,166,4,UDP,52783,443,,forward,20260823_155349_messaging_001_f90a,Messaging
1787480661.735129,145,4,UDP,52783,443,,forward,20260823_155349_messaging_001_f90a,Messaging
1787480661.735213,167,4,UDP,52783,443,,forward,20260823_155349_messaging_001_f90a,Messaging
1787480661.73531,1364,4,UDP,443,52783,,forward,20260823_155349_messaging_001_f90a,Messaging
1787480661.73531,1364,4,UDP,443,52783,,forward,20260823_155349_messaging_001_f90a,Messaging
1787480661.73531,1364,4,UDP,443,52783,,forward,20260823_155349_messaging_001_f90a,Messaging
1787480661.73531,1364,4,UDP,443,52783,,forward,20260823_155349_messaging_001_f90a,Messaging
1787480661.73531,1364,4,UDP,443,52783,,forward,20260823_155349_messaging_001_f90a,Messaging
1787480661.73531,1364,4,UDP,443,52783,,forward,20260823_155349_messaging_001_f90a,Messaging
1787480661.73531,1364,4,UDP,443,52783,,forward,20260823_155349_messaging_001_f90a,Messaging
1787480661.73531,1364,4,UDP,443,52783,,forward,20260823_155349_messaging_001_f90a,Messaging
1787480661.73531,1364,4,UDP,443,52783,,forward,20260823_155349_messaging_001_f90a,Messaging
1787480661.73531,1364,4,UDP,443,52783,,forward,20260823_155349_messaging_001_f90a,Messaging
1787480661.73531,1364,4,UDP,443,52783,,forward,20260823_155349_messaging_001_f90a,Messaging
1787480661.73531,1364,4,UDP,443,52783,,forward,20260823_155349_messaging_001_f90a,Messaging
1787480661.73531,1364,4,UDP,443,52783,,forward,20260823_155349_messaging_001_f90a,Messaging
1787480661.73531,1364,4,UDP,443,52783,,forward,20260823_155349_messaging_001_f90a,Messaging
1787480661.73531,1364,4,UDP,443,52783,,forward,20260823_155349_messaging_001_f90a,Messaging
1787480661.73531,1364,4,UDP,443,52783,,forward,20260823_155349_messaging_001_f90a,Messaging
1787480661.73531,1364,4,UDP,443,52783,,forward,20260823_155349_messaging_001_f90a,Messaging
1787480661.73531,1364,4,UDP,443,52783,,forward,20260823_155349_messaging_001_f90a,Messaging
1787480661.73531,1364,4,UDP,443,52783,,forward,20260823_155349_messaging_001_f90a,Messaging
1787480661.73531,1364,4,UDP,443,52783,,forward,20260823_155349_messaging_001_f90a,Messaging
1787480661.73531,1364,4,UDP,443,52783,,forward,20260823_155349_messaging_001_f90a,Messaging
1787480661.73531,1364,4,UDP,443,52783,,forward,20260823_155349_messaging_001_f90a,Messaging
1787480661.73531,1364,4,UDP,443,52783,,forward,20260823_155349_messaging_001_f90a,Messaging
1787480661.73531,88,4,UDP,443,52783,,forward,20260823_155349_messaging_001_f90a,Messaging
1787480661.73531,785,4,UDP,443,52783,,forward,20260823_155349_messaging_001_f90a,Messaging
1787480661.73531,1363,4,UDP,443,52783,,forward,20260823_155349_messaging_001_f90a,Messaging
1787480661.73531,1363,4,UDP,443,52783,,forward,20260823_155349_messaging_001_f90a,Messaging
1787480661.73531,1363,4,UDP,443,52783,,forward,20260823_155349_messaging_001_f90a,Messaging
1787480661.73531,1363,4,UDP,443,52783,,forward,20260823_155349_messaging_001_f90a,Messaging
1787480661.73531,1364,4,UDP,443,52783,,forward,20260823_155349_messaging_001_f90a,Messaging
1787480661.73531,1364,4,UDP,443,52783,,forward,20260823_155349_messaging_001_f90a,Messaging
1787480661.73531,1364,4,UDP,443,52783,,forward,20260823_155349_messaging_001_f90a,Messaging
1787480661.73531,1364,4,UDP,443,52783,,forward,20260823_155349_messaging_001_f90a,Messaging
1787480661.73531,1364,4,UDP,443,52783,,forward,20260823_155349_messaging_001_f90a,Messaging
1787480661.73531,1364,4,UDP,443,52783,,forward,20260823_155349_messaging_001_f90a,Messaging
1787480661.73531,1364,4,UDP,443,52783,,forward,20260823_155349_messaging_001_f90a,Messaging
1787480661.73531,1364,4,UDP,443,52783,,forward,20260823_155349_messaging_001_f90a,Messaging
1787480661.73531,1364,4,UDP,443,52783,,forward,20260823_155349_messaging_001_f90a,Messaging
1787480661.73531,1364,4,UDP,443,52783,,forward,20260823_155349_messaging_001_f90a,Messaging
1787480661.73531,1364,4,UDP,443,52783,,forward,20260823_155349_messaging_001_f90a,Messaging
1787480661.73531,1364,4,UDP,443,52783,,forward,20260823_155349_messaging_001_f90a,Messaging
1787480661.73531,1364,4,UDP,443,52783,,forward,20260823_155349_messaging_001_f90a,Messaging
1787480661.73531,1364,4,UDP,443,52783,,forward,20260823_155349_messaging_001_f90a,Messaging
1787480661.73531,1364,4,UDP,443,52783,,forward,20260823_155349_messaging_001_f90a,Messaging
1787480661.73531,1364,4,UDP,443,52783,,forward,20260823_155349_messaging_001_f90a,Messaging
1787480661.73531,1364,4,UDP,443,52783,,forward,20260823_155349_messaging_001_f90a,Messaging
1787480661.73531,1364,4,UDP,443,52783,,forward,20260823_155349_messaging_001_f90a,Messaging
1787480661.73531,1364,4,UDP,443,52783,,forward,20260823_155349_messaging_001_f90a,Messaging
1787480661.73531,1364,4,UDP,443,52783,,forward,20260823_155349_messaging_001_f90a,Messaging
1787480661.73531,1364,4,UDP,443,52783,,forward,20260823_155349_messaging_001_f90a,Messaging
1787480661.73531,1364,4,UDP,443,52783,,forward,20260823_155349_messaging_001_f90a,Messaging
1787480661.73531,1364,4,UDP,443,52783,,forward,20260823_155349_messaging_001_f90a,Messaging
1787480661.73531,1364,4,UDP,443,52783,,forward,20260823_155349_messaging_001_f90a,Messaging
1787480661.73531,1364,4,UDP,443,52783,,forward,20260823_155349_messaging_001_f90a,Messaging
1787480661.73531,1364,4,UDP,443,52783,,forward,20260823_155349_messaging_001_f90a,Messaging
1787480661.73531,1364,4,UDP,443,52783,,forward,20260823_155349_messaging_001_f90a,Messaging
1787480661.73531,1364,4,UDP,443,52783,,forward,20260823_155349_messaging_001_f90a,Messaging
1787480661.73531,1364,4,UDP,443,52783,,forward,20260823_155349_messaging_001_f90a,Messaging
1787480661.73531,1364,4,UDP,443,52783,,forward,20260823_155349_messaging_001_f90a,Messaging
1787480661.73531,1364,4,UDP,443,52783,,forward,20260823_155349_messaging_001_f90a,Messaging
1787480661.73531,1364,4,UDP,443,52783,,forward,20260823_155349_messaging_001_f90a,Messaging
1787480661.73531,1364,4,UDP,443,52783,,forward,20260823_155349_messaging_001_f90a,Messaging
1787480661.73531,1364,4,UDP,443,52783,,forward,20260823_155349_messaging_001_f90a,Messaging
1787480661.73531,1364,4,UDP,443,52783,,forward,20260823_155349_messaging_001_f90a,Messaging
1787480661.73531,1364,4,UDP,443,52783,,forward,20260823_155349_messaging_001_f90a,Messaging
1787480661.73531,1364,4,UDP,443,52783,,forward,20260823_155349_messaging_001_f90a,Messaging
1787480661.73531,1364,4,UDP,443,52783,,forward,20260823_155349_messaging_001_f90a,Messaging
1787480661.73531,1364,4,UDP,443,52783,,forward,20260823_155349_messaging_001_f90a,Messaging
1787480661.73531,1364,4,UDP,443,52783,,forward,20260823_155349_messaging_001_f90a,Messaging
1787480661.73531,88,4,UDP,443,52783,,forward,20260823_155349_messaging_001_f90a,Messaging
1787480661.735932,89,4,UDP,52783,443,,forward,20260823_155349_messaging_001_f90a,Messaging
1787480661.736075,89,4,UDP,52783,443,,forward,20260823_155349_messaging_001_f90a,Messaging
1787480661.736515,252,4,UDP,52783,443,,forward,20260823_155349_messaging_001_f90a,Messaging
1787480661.73661,166,4,UDP,52783,443,,forward,20260823_155349_messaging_001_f90a,Messaging
1787480661.737486,338,4,UDP,52783,443,,forward,20260823_155349_messaging_001_f90a,Messaging
1787480661.750396,167,4,UDP,52783,443,,forward,20260823_155349_messaging_001_f90a,Messaging
1787480661.750372,1363,4,UDP,443,52783,,forward,20260823_155349_messaging_001_f90a,Messaging
1787480661.750372,1363,4,UDP,443,52783,,forward,20260823_155349_messaging_001_f90a,Messaging
1787480661.750372,1363,4,UDP,443,52783,,forward,20260823_155349_messaging_001_f90a,Messaging
1787480661.750372,1363,4,UDP,443,52783,,forward,20260823_155349_messaging_001_f90a,Messaging
1787480661.750372,1363,4,UDP,443,52783,,forward,20260823_155349_messaging_001_f90a,Messaging
1787480661.750372,1364,4,UDP,443,52783,,forward,20260823_155349_messaging_001_f90a,Messaging
1787480661.750372,1364,4,UDP,443,52783,,forward,20260823_155349_messaging_001_f90a,Messaging
1787480661.750372,1364,4,UDP,443,52783,,forward,20260823_155349_messaging_001_f90a,Messaging
1787480661.750372,1364,4,UDP,443,52783,,forward,20260823_155349_messaging_001_f90a,Messaging
1787480661.750372,1364,4,UDP,443,52783,,forward,20260823_155349_messaging_001_f90a,Messaging
1787480661.750372,1364,4,UDP,443,52783,,forward,20260823_155349_messaging_001_f90a,Messaging
1787480661.750372,1364,4,UDP,443,52783,,forward,20260823_155349_messaging_001_f90a,Messaging
1787480661.750372,1364,4,UDP,443,52783,,forward,20260823_155349_messaging_001_f90a,Messaging
1787480661.750372,1364,4,UDP,443,52783,,forward,20260823_155349_messaging_001_f90a,Messaging
1787480661.750372,1364,4,UDP,443,52783,,forward,20260823_155349_messaging_001_f90a,Messaging
1787480661.750372,1364,4,UDP,443,52783,,forward,20260823_155349_messaging_001_f90a,Messaging
1787480661.750372,1364,4,UDP,443,52783,,forward,20260823_155349_messaging_001_f90a,Messaging
1787480661.750372,1364,4,UDP,443,52783,,forward,20260823_155349_messaging_001_f90a,Messaging
1787480661.750372,1364,4,UDP,443,52783,,forward,20260823_155349_messaging_001_f90a,Messaging
1787480661.750372,1364,4,UDP,443,52783,,forward,20260823_155349_messaging_001_f90a,Messaging
1787480661.750372,1364,4,UDP,443,52783,,forward,20260823_155349_messaging_001_f90a,Messaging
1787480661.750372,1364,4,UDP,443,52783,,forward,20260823_155349_messaging_001_f90a,Messaging
1787480661.750372,1364,4,UDP,443,52783,,forward,20260823_155349_messaging_001_f90a,Messaging
1787480661.750372,1364,4,UDP,443,52783,,forward,20260823_155349_messaging_001_f90a,Messaging
1787480661.750372,1364,4,UDP,443,52783,,forward,20260823_155349_messaging_001_f90a,Messaging
1787480661.750372,1364,4,UDP,443,52783,,forward,20260823_155349_messaging_001_f90a,Messaging
1787480661.750372,1364,4,UDP,443,52783,,forward,20260823_155349_messaging_001_f90a,Messaging
1787480661.750372,1364,4,UDP,443,52783,,forward,20260823_155349_messaging_001_f90a,Messaging
1787480661.750372,1364,4,UDP,443,52783,,forward,20260823_155349_messaging_001_f90a,Messaging
1787480661.750372,1364,4,UDP,443,52783,,forward,20260823_155349_messaging_001_f90a,Messaging
1787480661.750372,1364,4,UDP,443,52783,,forward,20260823_155349_messaging_001_f90a,Messaging
1787480661.750372,1364,4,UDP,443,52783,,forward,20260823_155349_messaging_001_f90a,Messaging
1787480661.750372,1364,4,UDP,443,52783,,forward,20260823_155349_messaging_001_f90a,Messaging
1787480661.750372,1364,4,UDP,443,52783,,forward,20260823_155349_messaging_001_f90a,Messaging
1787480661.750372,1364,4,UDP,443,52783,,forward,20260823_155349_messaging_001_f90a,Messaging
1787480661.750372,1364,4,UDP,443,52783,,forward,20260823_155349_messaging_001_f90a,Messaging
1787480661.750372,1364,4,UDP,443,52783,,forward,20260823_155349_messaging_001_f90a,Messaging
1787480661.750372,1364,4,UDP,443,52783,,forward,20260823_155349_messaging_001_f90a,Messaging
1787480661.750372,1364,4,UDP,443,52783,,forward,20260823_155349_messaging_001_f90a,Messaging
1787480661.750372,1364,4,UDP,443,52783,,forward,20260823_155349_messaging_001_f90a,Messaging
1787480661.750372,1364,4,UDP,443,52783,,forward,20260823_155349_messaging_001_f90a,Messaging
1787480661.750372,1364,4,UDP,443,52783,,forward,20260823_155349_messaging_001_f90a,Messaging
1787480661.750372,1364,4,UDP,443,52783,,forward,20260823_155349_messaging_001_f90a,Messaging
1787480661.750372,1364,4,UDP,443,52783,,forward,20260823_155349_messaging_001_f90a,Messaging
1787480661.750372,1364,4,UDP,443,52783,,forward,20260823_155349_messaging_001_f90a,Messaging
1787480661.750372,1364,4,UDP,443,52783,,forward,20260823_155349_messaging_001_f90a,Messaging
1787480661.750372,1364,4,UDP,443,52783,,forward,20260823_155349_messaging_001_f90a,Messaging
1787480661.750372,1364,4,UDP,443,52783,,forward,20260823_155349_messaging_001_f90a,Messaging
1787480661.750372,1364,4,UDP,443,52783,,forward,20260823_155349_messaging_001_f90a,Messaging
1787480661.750372,1364,4,UDP,443,52783,,forward,20260823_155349_messaging_001_f90a,Messaging
1787480661.750372,1364,4,UDP,443,52783,,forward,20260823_155349_messaging_001_f90a,Messaging
1787480661.750372,1364,4,UDP,443,52783,,forward,20260823_155349_messaging_001_f90a,Messaging
1787480661.750372,1364,4,UDP,443,52783,,forward,20260823_155349_messaging_001_f90a,Messaging
1787480661.750372,1364,4,UDP,443,52783,,forward,20260823_155349_messaging_001_f90a,Messaging
1787480661.750372,1364,4,UDP,443,52783,,forward,20260823_155349_messaging_001_f90a,Messaging
1787480661.750372,1364,4,UDP,443,52783,,forward,20260823_155349_messaging_001_f90a,Messaging
1787480661.750372,89,4,UDP,443,52783,,forward,20260823_155349_messaging_001_f90a,Messaging
1787480661.750992,89,4,UDP,52783,443,,forward,20260823_155349_messaging_001_f90a,Messaging
1787480661.751393,166,4,UDP,52783,443,,forward,20260823_155349_messaging_001_f90a,Messaging
1787480661.751501,166,4,UDP,52783,443,,forward,20260823_155349_messaging_001_f90a,Messaging
1787480661.751585,166,4,UDP,52783,443,,forward,20260823_155349_messaging_001_f90a,Messaging
1787480661.751833,166,4,UDP,52783,443,,forward,20260823_155349_messaging_001_f90a,Messaging
1787480661.751925,171,4,UDP,52783,443,,forward,20260823_155349_messaging_001_f90a,Messaging
1787480661.765349,167,4,UDP,52783,443,,forward,20260823_155349_messaging_001_f90a,Messaging
1787480661.765441,1364,4,UDP,443,52783,,forward,20260823_155349_messaging_001_f90a,Messaging
1787480661.765441,1364,4,UDP,443,52783,,forward,20260823_155349_messaging_001_f90a,Messaging
1787480661.765441,1364,4,UDP,443,52783,,forward,20260823_155349_messaging_001_f90a,Messaging
1787480661.765441,1364,4,UDP,443,52783,,forward,20260823_155349_messaging_001_f90a,Messaging
1787480661.765441,1364,4,UDP,443,52783,,forward,20260823_155349_messaging_001_f90a,Messaging
1787480661.765441,1364,4,UDP,443,52783,,forward,20260823_155349_messaging_001_f90a,Messaging
1787480661.765441,1364,4,UDP,443,52783,,forward,20260823_155349_messaging_001_f90a,Messaging
1787480661.765441,1364,4,UDP,443,52783,,forward,20260823_155349_messaging_001_f90a,Messaging
1787480661.765441,1364,4,UDP,443,52783,,forward,20260823_155349_messaging_001_f90a,Messaging
1787480661.765441,1364,4,UDP,443,52783,,forward,20260823_155349_messaging_001_f90a,Messaging
1787480661.765441,1364,4,UDP,443,52783,,forward,20260823_155349_messaging_001_f90a,Messaging
1787480661.765441,1364,4,UDP,443,52783,,forward,20260823_155349_messaging_001_f90a,Messaging
1787480661.765441,1364,4,UDP,443,52783,,forward,20260823_155349_messaging_001_f90a,Messaging
1787480661.765441,1364,4,UDP,443,52783,,forward,20260823_155349_messaging_001_f90a,Messaging
1787480661.765441,1364,4,UDP,443,52783,,forward,20260823_155349_messaging_001_f90a,Messaging
1787480661.765441,1364,4,UDP,443,52783,,forward,20260823_155349_messaging_001_f90a,Messaging
1787480661.765441,1364,4,UDP,443,52783,,forward,20260823_155349_messaging_001_f90a,Messaging
1787480661.765441,1364,4,UDP,443,52783,,forward,20260823_155349_messaging_001_f90a,Messaging
1787480661.765441,1364,4,UDP,443,52783,,forward,20260823_155349_messaging_001_f90a,Messaging
1787480661.765441,1364,4,UDP,443,52783,,forward,20260823_155349_messaging_001_f90a,Messaging
1787480661.765441,1364,4,UDP,443,52783,,forward,20260823_155349_messaging_001_f90a,Messaging
1787480661.765441,1364,4,UDP,443,52783,,forward,20260823_155349_messaging_001_f90a,Messaging
1787480661.765441,1364,4,UDP,443,52783,,forward,20260823_155349_messaging_001_f90a,Messaging
1787480661.765441,1364,4,UDP,443,52783,,forward,20260823_155349_messaging_001_f90a,Messaging
1787480661.765441,89,4,UDP,443,52783,,forward,20260823_155349_messaging_001_f90a,Messaging
1787480661.765441,1364,4,UDP,443,52783,,forward,20260823_155349_messaging_001_f90a,Messaging
1787480661.765441,1364,4,UDP,443,52783,,forward,20260823_155349_messaging_001_f90a,Messaging
1787480661.765441,1364,4,UDP,443,52783,,forward,20260823_155349_messaging_001_f90a,Messaging
1787480661.765441,1364,4,UDP,443,52783,,forward,20260823_155349_messaging_001_f90a,Messaging
1787480661.765441,1364,4,UDP,443,52783,,forward,20260823_155349_messaging_001_f90a,Messaging
1787480661.765441,1364,4,UDP,443,52783,,forward,20260823_155349_messaging_001_f90a,Messaging
1787480661.765441,1364,4,UDP,443,52783,,forward,20260823_155349_messaging_001_f90a,Messaging
1787480661.765441,1364,4,UDP,443,52783,,forward,20260823_155349_messaging_001_f90a,Messaging
1787480661.765441,1364,4,UDP,443,52783,,forward,20260823_155349_messaging_001_f90a,Messaging
1787480661.765441,1364,4,UDP,443,52783,,forward,20260823_155349_messaging_001_f90a,Messaging
1787480661.765441,1364,4,UDP,443,52783,,forward,20260823_155349_messaging_001_f90a,Messaging
1787480661.765441,1364,4,UDP,443,52783,,forward,20260823_155349_messaging_001_f90a,Messaging
1787480661.765441,1364,4,UDP,443,52783,,forward,20260823_155349_messaging_001_f90a,Messaging
1787480661.765441,1364,4,UDP,443,52783,,forward,20260823_155349_messaging_001_f90a,Messaging
1787480661.765441,1364,4,UDP,443,52783,,forward,20260823_155349_messaging_001_f90a,Messaging
1787480661.765441,1364,4,UDP,443,52783,,forward,20260823_155349_messaging_001_f90a,Messaging
1787480661.765441,1364,4,UDP,443,52783,,forward,20260823_155349_messaging_001_f90a,Messaging
1787480661.765441,1364,4,UDP,443,52783,,forward,20260823_155349_messaging_001_f90a,Messaging
1787480661.765441,1364,4,UDP,443,52783,,forward,20260823_155349_messaging_001_f90a,Messaging
1787480661.765441,1364,4,UDP,443,52783,,forward,20260823_155349_messaging_001_f90a,Messaging
1787480661.765441,1364,4,UDP,443,52783,,forward,20260823_155349_messaging_001_f90a,Messaging
1787480661.765441,1364,4,UDP,443,52783,,forward,20260823_155349_messaging_001_f90a,Messaging
1787480661.765441,1364,4,UDP,443,52783,,forward,20260823_155349_messaging_001_f90a,Messaging
1787480661.765441,1364,4,UDP,443,52783,,forward,20260823_155349_messaging_001_f90a,Messaging
1787480661.765441,1364,4,UDP,443,52783,,forward,20260823_155349_messaging_001_f90a,Messaging
1787480661.765441,1364,4,UDP,443,52783,,forward,20260823_155349_messaging_001_f90a,Messaging
1787480661.765441,1364,4,UDP,443,52783,,forward,20260823_155349_messaging_001_f90a,Messaging
1787480661.765441,1364,4,UDP,443,52783,,forward,20260823_155349_messaging_001_f90a,Messaging
1787480661.765441,1364,4,UDP,443,52783,,forward,20260823_155349_messaging_001_f90a,Messaging
1787480661.765441,1364,4,UDP,443,52783,,forward,20260823_155349_messaging_001_f90a,Messaging
1787480661.765441,1364,4,UDP,443,52783,,forward,20260823_155349_messaging_001_f90a,Messaging
1787480661.765441,1364,4,UDP,443,52783,,forward,20260823_155349_messaging_001_f90a,Messaging
1787480661.765441,1364,4,UDP,443,52783,,forward,20260823_155349_messaging_001_f90a,Messaging
1787480661.765441,1364,4,UDP,443,52783,,forward,20260823_155349_messaging_001_f90a,Messaging
1787480661.765441,1364,4,UDP,443,52783,,forward,20260823_155349_messaging_001_f90a,Messaging
1787480661.765441,1364,4,UDP,443,52783,,forward,20260823_155349_messaging_001_f90a,Messaging
1787480661.765441,1364,4,UDP,443,52783,,forward,20260823_155349_messaging_001_f90a,Messaging
1787480661.765441,1364,4,UDP,443,52783,,forward,20260823_155349_messaging_001_f90a,Messaging
1787480661.765441,1364,4,UDP,443,52783,,forward,20260823_155349_messaging_001_f90a,Messaging
1787480661.765441,1364,4,UDP,443,52783,,forward,20260823_155349_messaging_001_f90a,Messaging
1787480661.766142,89,4,UDP,52783,443,,forward,20260823_155349_messaging_001_f90a,Messaging
1787480661.766664,89,4,UDP,52783,443,,forward,20260823_155349_messaging_001_f90a,Messaging
1787480661.766767,252,4,UDP,52783,443,,forward,20260823_155349_messaging_001_f90a,Messaging
1787480661.766813,166,4,UDP,52783,443,,forward,20260823_155349_messaging_001_f90a,Messaging
1787480661.767091,252,4,UDP,52783,443,,forward,20260823_155349_messaging_001_f90a,Messaging
1787480661.767155,166,4,UDP,52783,443,,forward,20260823_155349_messaging_001_f90a,Messaging
1787480661.780728,145,4,UDP,52783,443,,forward,20260823_155349_messaging_001_f90a,Messaging
1787480661.78082,167,4,UDP,52783,443,,forward,20260823_155349_messaging_001_f90a,Messaging
1787480661.780868,1364,4,UDP,443,52783,,forward,20260823_155349_messaging_001_f90a,Messaging
1787480661.780868,1364,4,UDP,443,52783,,forward,20260823_155349_messaging_001_f90a,Messaging
1787480661.780868,1364,4,UDP,443,52783,,forward,20260823_155349_messaging_001_f90a,Messaging
1787480661.780868,1364,4,UDP,443,52783,,forward,20260823_155349_messaging_001_f90a,Messaging
1787480661.780868,1364,4,UDP,443,52783,,forward,20260823_155349_messaging_001_f90a,Messaging
1787480661.780868,1364,4,UDP,443,52783,,forward,20260823_155349_messaging_001_f90a,Messaging
1787480661.780868,1364,4,UDP,443,52783,,forward,20260823_155349_messaging_001_f90a,Messaging
1787480661.780868,1364,4,UDP,443,52783,,forward,20260823_155349_messaging_001_f90a,Messaging
1787480661.780868,1364,4,UDP,443,52783,,forward,20260823_155349_messaging_001_f90a,Messaging
1787480661.780868,1364,4,UDP,443,52783,,forward,20260823_155349_messaging_001_f90a,Messaging
1787480661.780868,1364,4,UDP,443,52783,,forward,20260823_155349_messaging_001_f90a,Messaging
1787480661.780868,1364,4,UDP,443,52783,,forward,20260823_155349_messaging_001_f90a,Messaging
1787480661.780868,89,4,UDP,443,52783,,forward,20260823_155349_messaging_001_f90a,Messaging
1787480661.780868,1364,4,UDP,443,52783,,forward,20260823_155349_messaging_001_f90a,Messaging
1787480661.780868,1364,4,UDP,443,52783,,forward,20260823_155349_messaging_001_f90a,Messaging
1787480661.780868,1364,4,UDP,443,52783,,forward,20260823_155349_messaging_001_f90a,Messaging
1787480661.780868,1364,4,UDP,443,52783,,forward,20260823_155349_messaging_001_f90a,Messaging
1787480661.780868,1364,4,UDP,443,52783,,forward,20260823_155349_messaging_001_f90a,Messaging
1787480661.780868,1364,4,UDP,443,52783,,forward,20260823_155349_messaging_001_f90a,Messaging
1787480661.780868,1364,4,UDP,443,52783,,forward,20260823_155349_messaging_001_f90a,Messaging
1787480661.780868,1364,4,UDP,443,52783,,forward,20260823_155349_messaging_001_f90a,Messaging
1787480661.780868,1364,4,UDP,443,52783,,forward,20260823_155349_messaging_001_f90a,Messaging
1787480661.780868,1364,4,UDP,443,52783,,forward,20260823_155349_messaging_001_f90a,Messaging
1787480661.780868,1364,4,UDP,443,52783,,forward,20260823_155349_messaging_001_f90a,Messaging
1787480661.780868,1364,4,UDP,443,52783,,forward,20260823_155349_messaging_001_f90a,Messaging
1787480661.780868,89,4,UDP,443,52783,,forward,20260823_155349_messaging_001_f90a,Messaging
1787480661.780868,1364,4,UDP,443,52783,,forward,20260823_155349_messaging_001_f90a,Messaging
1787480661.780868,1364,4,UDP,443,52783,,forward,20260823_155349_messaging_001_f90a,Messaging
1787480661.780868,1364,4,UDP,443,52783,,forward,20260823_155349_messaging_001_f90a,Messaging
1787480661.780868,1364,4,UDP,443,52783,,forward,20260823_155349_messaging_001_f90a,Messaging
1787480661.780868,1364,4,UDP,443,52783,,forward,20260823_155349_messaging_001_f90a,Messaging
1787480661.780868,1364,4,UDP,443,52783,,forward,20260823_155349_messaging_001_f90a,Messaging
1787480661.780868,1364,4,UDP,443,52783,,forward,20260823_155349_messaging_001_f90a,Messaging
1787480661.780868,1364,4,UDP,443,52783,,forward,20260823_155349_messaging_001_f90a,Messaging
1787480661.780868,1364,4,UDP,443,52783,,forward,20260823_155349_messaging_001_f90a,Messaging
1787480661.780868,1364,4,UDP,443,52783,,forward,20260823_155349_messaging_001_f90a,Messaging
1787480661.780868,1364,4,UDP,443,52783,,forward,20260823_155349_messaging_001_f90a,Messaging
1787480661.780868,1364,4,UDP,443,52783,,forward,20260823_155349_messaging_001_f90a,Messaging
1787480661.780868,1364,4,UDP,443,52783,,forward,20260823_155349_messaging_001_f90a,Messaging
1787480661.780868,1364,4,UDP,443,52783,,forward,20260823_155349_messaging_001_f90a,Messaging
1787480661.780868,1364,4,UDP,443,52783,,forward,20260823_155349_messaging_001_f90a,Messaging
1787480661.780868,1364,4,UDP,443,52783,,forward,20260823_155349_messaging_001_f90a,Messaging
1787480661.780868,1364,4,UDP,443,52783,,forward,20260823_155349_messaging_001_f90a,Messaging
1787480661.780868,1364,4,UDP,443,52783,,forward,20260823_155349_messaging_001_f90a,Messaging
1787480661.780868,1364,4,UDP,443,52783,,forward,20260823_155349_messaging_001_f90a,Messaging
1787480661.780868,1364,4,UDP,443,52783,,forward,20260823_155349_messaging_001_f90a,Messaging
1787480661.780868,1364,4,UDP,443,52783,,forward,20260823_155349_messaging_001_f90a,Messaging
1787480661.780868,1364,4,UDP,443,52783,,forward,20260823_155349_messaging_001_f90a,Messaging
1787480661.780868,1364,4,UDP,443,52783,,forward,20260823_155349_messaging_001_f90a,Messaging
1787480661.780868,1364,4,UDP,443,52783,,forward,20260823_155349_messaging_001_f90a,Messaging
1787480661.780868,1364,4,UDP,443,52783,,forward,20260823_155349_messaging_001_f90a,Messaging
1787480661.780868,1364,4,UDP,443,52783,,forward,20260823_155349_messaging_001_f90a,Messaging
1787480661.780868,1364,4,UDP,443,52783,,forward,20260823_155349_messaging_001_f90a,Messaging
1787480661.780868,1364,4,UDP,443,52783,,forward,20260823_155349_messaging_001_f90a,Messaging
1787480661.780868,1364,4,UDP,443,52783,,forward,20260823_155349_messaging_001_f90a,Messaging
1787480661.780868,1364,4,UDP,443,52783,,forward,20260823_155349_messaging_001_f90a,Messaging
1787480661.780868,1364,4,UDP,443,52783,,forward,20260823_155349_messaging_001_f90a,Messaging
1787480661.780868,1364,4,UDP,443,52783,,forward,20260823_155349_messaging_001_f90a,Messaging
1787480661.780868,1364,4,UDP,443,52783,,forward,20260823_155349_messaging_001_f90a,Messaging
1787480661.780868,1364,4,UDP,443,52783,,forward,20260823_155349_messaging_001_f90a,Messaging
1787480661.780868,1364,4,UDP,443,52783,,forward,20260823_155349_messaging_001_f90a,Messaging
1787480661.780868,1364,4,UDP,443,52783,,forward,20260823_155349_messaging_001_f90a,Messaging
1787480661.780868,1364,4,UDP,443,52783,,forward,20260823_155349_messaging_001_f90a,Messaging
1787480661.780868,1364,4,UDP,443,52783,,forward,20260823_155349_messaging_001_f90a,Messaging
1787480661.780868,1364,4,UDP,443,52783,,forward,20260823_155349_messaging_001_f90a,Messaging
1787480661.780868,1364,4,UDP,443,52783,,forward,20260823_155349_messaging_001_f90a,Messaging
1787480661.781538,89,4,UDP,52783,443,,forward,20260823_155349_messaging_001_f90a,Messaging
1787480661.781703,89,4,UDP,52783,443,,forward,20260823_155349_messaging_001_f90a,Messaging
1787480661.781917,166,4,UDP,52783,443,,forward,20260823_155349_messaging_001_f90a,Messaging
1787480661.781979,166,4,UDP,52783,443,,forward,20260823_155349_messaging_001_f90a,Messaging
1787480661.782016,166,4,UDP,52783,443,,forward,20260823_155349_messaging_001_f90a,Messaging
1787480661.782263,166,4,UDP,52783,443,,forward,20260823_155349_messaging_001_f90a,Messaging
1787480661.782324,166,4,UDP,52783,443,,forward,20260823_155349_messaging_001_f90a,Messaging
1787480661.782358,166,4,UDP,52783,443,,forward,20260823_155349_messaging_001_f90a,Messaging
1787480661.784163,1364,4,UDP,443,52783,,forward,20260823_155349_messaging_001_f90a,Messaging
1787480661.784163,1364,4,UDP,443,52783,,forward,20260823_155349_messaging_001_f90a,Messaging
1787480661.784163,1364,4,UDP,443,52783,,forward,20260823_155349_messaging_001_f90a,Messaging
1787480661.784163,1364,4,UDP,443,52783,,forward,20260823_155349_messaging_001_f90a,Messaging
1787480661.784163,1364,4,UDP,443,52783,,forward,20260823_155349_messaging_001_f90a,Messaging
1787480661.784163,1364,4,UDP,443,52783,,forward,20260823_155349_messaging_001_f90a,Messaging
1787480661.784163,1364,4,UDP,443,52783,,forward,20260823_155349_messaging_001_f90a,Messaging
1787480661.784163,1364,4,UDP,443,52783,,forward,20260823_155349_messaging_001_f90a,Messaging
1787480661.78451,89,4,UDP,52783,443,,forward,20260823_155349_messaging_001_f90a,Messaging
1787480661.784976,166,4,UDP,52783,443,,forward,20260823_155349_messaging_001_f90a,Messaging
1787480661.796403,167,4,UDP,52783,443,,forward,20260823_155349_messaging_001_f90a,Messaging
1787480661.796425,89,4,UDP,443,52783,,forward,20260823_155349_messaging_001_f90a,Messaging
1787480661.796425,1364,4,UDP,443,52783,,forward,20260823_155349_messaging_001_f90a,Messaging
1787480661.796425,1364,4,UDP,443,52783,,forward,20260823_155349_messaging_001_f90a,Messaging
1787480661.796425,1364,4,UDP,443,52783,,forward,20260823_155349_messaging_001_f90a,Messaging
1787480661.796425,1364,4,UDP,443,52783,,forward,20260823_155349_messaging_001_f90a,Messaging
1787480661.796425,1364,4,UDP,443,52783,,forward,20260823_155349_messaging_001_f90a,Messaging
1787480661.796425,1364,4,UDP,443,52783,,forward,20260823_155349_messaging_001_f90a,Messaging
1787480661.796425,1364,4,UDP,443,52783,,forward,20260823_155349_messaging_001_f90a,Messaging
1787480661.796425,1364,4,UDP,443,52783,,forward,20260823_155349_messaging_001_f90a,Messaging
1787480661.796425,1364,4,UDP,443,52783,,forward,20260823_155349_messaging_001_f90a,Messaging
1787480661.796425,1364,4,UDP,443,52783,,forward,20260823_155349_messaging_001_f90a,Messaging
1787480661.796425,1364,4,UDP,443,52783,,forward,20260823_155349_messaging_001_f90a,Messaging
1787480661.796425,1364,4,UDP,443,52783,,forward,20260823_155349_messaging_001_f90a,Messaging
1787480661.796425,1364,4,UDP,443,52783,,forward,20260823_155349_messaging_001_f90a,Messaging
1787480661.796425,1364,4,UDP,443,52783,,forward,20260823_155349_messaging_001_f90a,Messaging
1787480661.796425,1364,4,UDP,443,52783,,forward,20260823_155349_messaging_001_f90a,Messaging
1787480661.796425,1364,4,UDP,443,52783,,forward,20260823_155349_messaging_001_f90a,Messaging
1787480661.796425,1364,4,UDP,443,52783,,forward,20260823_155349_messaging_001_f90a,Messaging
1787480661.796425,1364,4,UDP,443,52783,,forward,20260823_155349_messaging_001_f90a,Messaging
1787480661.796425,1364,4,UDP,443,52783,,forward,20260823_155349_messaging_001_f90a,Messaging
1787480661.796425,1364,4,UDP,443,52783,,forward,20260823_155349_messaging_001_f90a,Messaging
1787480661.796425,89,4,UDP,443,52783,,forward,20260823_155349_messaging_001_f90a,Messaging
1787480661.796425,1364,4,UDP,443,52783,,forward,20260823_155349_messaging_001_f90a,Messaging
1787480661.796425,1364,4,UDP,443,52783,,forward,20260823_155349_messaging_001_f90a,Messaging
1787480661.796425,1364,4,UDP,443,52783,,forward,20260823_155349_messaging_001_f90a,Messaging
1787480661.796425,1364,4,UDP,443,52783,,forward,20260823_155349_messaging_001_f90a,Messaging
1787480661.796425,1364,4,UDP,443,52783,,forward,20260823_155349_messaging_001_f90a,Messaging
1787480661.796425,1364,4,UDP,443,52783,,forward,20260823_155349_messaging_001_f90a,Messaging
1787480661.796425,1364,4,UDP,443,52783,,forward,20260823_155349_messaging_001_f90a,Messaging
1787480661.796425,1364,4,UDP,443,52783,,forward,20260823_155349_messaging_001_f90a,Messaging
1787480661.796425,1364,4,UDP,443,52783,,forward,20260823_155349_messaging_001_f90a,Messaging
1787480661.796425,1364,4,UDP,443,52783,,forward,20260823_155349_messaging_001_f90a,Messaging
1787480661.796425,1364,4,UDP,443,52783,,forward,20260823_155349_messaging_001_f90a,Messaging
1787480661.796425,1364,4,UDP,443,52783,,forward,20260823_155349_messaging_001_f90a,Messaging
1787480661.796425,1364,4,UDP,443,52783,,forward,20260823_155349_messaging_001_f90a,Messaging
1787480661.796425,1364,4,UDP,443,52783,,forward,20260823_155349_messaging_001_f90a,Messaging
1787480661.796425,1364,4,UDP,443,52783,,forward,20260823_155349_messaging_001_f90a,Messaging
1787480661.796425,1364,4,UDP,443,52783,,forward,20260823_155349_messaging_001_f90a,Messaging
1787480661.796425,1364,4,UDP,443,52783,,forward,20260823_155349_messaging_001_f90a,Messaging
1787480661.796425,1364,4,UDP,443,52783,,forward,20260823_155349_messaging_001_f90a,Messaging
1787480661.796425,1364,4,UDP,443,52783,,forward,20260823_155349_messaging_001_f90a,Messaging
1787480661.796425,1364,4,UDP,443,52783,,forward,20260823_155349_messaging_001_f90a,Messaging
1787480661.796425,1364,4,UDP,443,52783,,forward,20260823_155349_messaging_001_f90a,Messaging
1787480661.796425,1364,4,UDP,443,52783,,forward,20260823_155349_messaging_001_f90a,Messaging
1787480661.796425,1364,4,UDP,443,52783,,forward,20260823_155349_messaging_001_f90a,Messaging
1787480661.796425,1364,4,UDP,443,52783,,forward,20260823_155349_messaging_001_f90a,Messaging
1787480661.796425,1364,4,UDP,443,52783,,forward,20260823_155349_messaging_001_f90a,Messaging
1787480661.796425,1364,4,UDP,443,52783,,forward,20260823_155349_messaging_001_f90a,Messaging
1787480661.796425,1364,4,UDP,443,52783,,forward,20260823_155349_messaging_001_f90a,Messaging
1787480661.796425,1364,4,UDP,443,52783,,forward,20260823_155349_messaging_001_f90a,Messaging
1787480661.796425,1364,4,UDP,443,52783,,forward,20260823_155349_messaging_001_f90a,Messaging
1787480661.796425,1364,4,UDP,443,52783,,forward,20260823_155349_messaging_001_f90a,Messaging
1787480661.796425,1364,4,UDP,443,52783,,forward,20260823_155349_messaging_001_f90a,Messaging
1787480661.796425,1364,4,UDP,443,52783,,forward,20260823_155349_messaging_001_f90a,Messaging
1787480661.796844,89,4,UDP,52783,443,,forward,20260823_155349_messaging_001_f90a,Messaging
1787480661.797272,252,4,UDP,52783,443,,forward,20260823_155349_messaging_001_f90a,Messaging
1787480661.79736,166,4,UDP,52783,443,,forward,20260823_155349_messaging_001_f90a,Messaging
1787480661.797561,171,4,UDP,52783,443,,forward,20260823_155349_messaging_001_f90a,Messaging
1787480661.797609,166,4,UDP,52783,443,,forward,20260823_155349_messaging_001_f90a,Messaging
1787480661.81189,167,4,UDP,52783,443,,forward,20260823_155349_messaging_001_f90a,Messaging
1787480661.81199,89,4,UDP,443,52783,,forward,20260823_155349_messaging_001_f90a,Messaging
1787480661.81199,1364,4,UDP,443,52783,,forward,20260823_155349_messaging_001_f90a,Messaging
1787480661.81199,1364,4,UDP,443,52783,,forward,20260823_155349_messaging_001_f90a,Messaging
1787480661.81199,1364,4,UDP,443,52783,,forward,20260823_155349_messaging_001_f90a,Messaging
1787480661.81199,1364,4,UDP,443,52783,,forward,20260823_155349_messaging_001_f90a,Messaging
1787480661.81199,1364,4,UDP,443,52783,,forward,20260823_155349_messaging_001_f90a,Messaging
1787480661.81199,1364,4,UDP,443,52783,,forward,20260823_155349_messaging_001_f90a,Messaging
1787480661.81199,1364,4,UDP,443,52783,,forward,20260823_155349_messaging_001_f90a,Messaging
1787480661.81199,1364,4,UDP,443,52783,,forward,20260823_155349_messaging_001_f90a,Messaging
1787480661.81199,1364,4,UDP,443,52783,,forward,20260823_155349_messaging_001_f90a,Messaging
1787480661.81199,1364,4,UDP,443,52783,,forward,20260823_155349_messaging_001_f90a,Messaging
1787480661.81199,1364,4,UDP,443,52783,,forward,20260823_155349_messaging_001_f90a,Messaging
1787480661.81199,1364,4,UDP,443,52783,,forward,20260823_155349_messaging_001_f90a,Messaging
1787480661.81199,1364,4,UDP,443,52783,,forward,20260823_155349_messaging_001_f90a,Messaging
1787480661.81199,1364,4,UDP,443,52783,,forward,20260823_155349_messaging_001_f90a,Messaging
1787480661.81199,1364,4,UDP,443,52783,,forward,20260823_155349_messaging_001_f90a,Messaging
1787480661.81199,1364,4,UDP,443,52783,,forward,20260823_155349_messaging_001_f90a,Messaging
1787480661.81199,1364,4,UDP,443,52783,,forward,20260823_155349_messaging_001_f90a,Messaging
1787480661.81199,1364,4,UDP,443,52783,,forward,20260823_155349_messaging_001_f90a,Messaging
1787480661.81199,1364,4,UDP,443,52783,,forward,20260823_155349_messaging_001_f90a,Messaging
1787480661.81199,1364,4,UDP,443,52783,,forward,20260823_155349_messaging_001_f90a,Messaging
1787480661.81199,89,4,UDP,443,52783,,forward,20260823_155349_messaging_001_f90a,Messaging
1787480661.81199,89,4,UDP,443,52783,,forward,20260823_155349_messaging_001_f90a,Messaging
1787480661.81199,1364,4,UDP,443,52783,,forward,20260823_155349_messaging_001_f90a,Messaging
1787480661.81199,1364,4,UDP,443,52783,,forward,20260823_155349_messaging_001_f90a,Messaging
1787480661.81199,1364,4,UDP,443,52783,,forward,20260823_155349_messaging_001_f90a,Messaging
1787480661.81199,1364,4,UDP,443,52783,,forward,20260823_155349_messaging_001_f90a,Messaging
1787480661.81199,1364,4,UDP,443,52783,,forward,20260823_155349_messaging_001_f90a,Messaging
1787480661.81199,1364,4,UDP,443,52783,,forward,20260823_155349_messaging_001_f90a,Messaging
1787480661.81199,1364,4,UDP,443,52783,,forward,20260823_155349_messaging_001_f90a,Messaging
1787480661.81199,1364,4,UDP,443,52783,,forward,20260823_155349_messaging_001_f90a,Messaging
1787480661.81199,1364,4,UDP,443,52783,,forward,20260823_155349_messaging_001_f90a,Messaging
1787480661.81199,1364,4,UDP,443,52783,,forward,20260823_155349_messaging_001_f90a,Messaging
1787480661.81199,1364,4,UDP,443,52783,,forward,20260823_155349_messaging_001_f90a,Messaging
1787480661.81199,1364,4,UDP,443,52783,,forward,20260823_155349_messaging_001_f90a,Messaging
1787480661.81199,1364,4,UDP,443,52783,,forward,20260823_155349_messaging_001_f90a,Messaging
1787480661.81199,1364,4,UDP,443,52783,,forward,20260823_155349_messaging_001_f90a,Messaging
1787480661.81199,1364,4,UDP,443,52783,,forward,20260823_155349_messaging_001_f90a,Messaging
1787480661.81199,1364,4,UDP,443,52783,,forward,20260823_155349_messaging_001_f90a,Messaging
1787480661.81199,1364,4,UDP,443,52783,,forward,20260823_155349_messaging_001_f90a,Messaging
1787480661.81199,1364,4,UDP,443,52783,,forward,20260823_155349_messaging_001_f90a,Messaging
1787480661.81199,1364,4,UDP,443,52783,,forward,20260823_155349_messaging_001_f90a,Messaging
1787480661.81199,1364,4,UDP,443,52783,,forward,20260823_155349_messaging_001_f90a,Messaging
1787480661.81199,1364,4,UDP,443,52783,,forward,20260823_155349_messaging_001_f90a,Messaging
1787480661.81199,1364,4,UDP,443,52783,,forward,20260823_155349_messaging_001_f90a,Messaging
1787480661.81199,1364,4,UDP,443,52783,,forward,20260823_155349_messaging_001_f90a,Messaging
1787480661.81199,1364,4,UDP,443,52783,,forward,20260823_155349_messaging_001_f90a,Messaging
1787480661.81199,1364,4,UDP,443,52783,,forward,20260823_155349_messaging_001_f90a,Messaging
1787480661.81199,1364,4,UDP,443,52783,,forward,20260823_155349_messaging_001_f90a,Messaging
1787480661.81199,1364,4,UDP,443,52783,,forward,20260823_155349_messaging_001_f90a,Messaging
1787480661.81199,1364,4,UDP,443,52783,,forward,20260823_155349_messaging_001_f90a,Messaging
1787480661.81199,1364,4,UDP,443,52783,,forward,20260823_155349_messaging_001_f90a,Messaging
1787480661.81199,1364,4,UDP,443,52783,,forward,20260823_155349_messaging_001_f90a,Messaging
1787480661.81199,1364,4,UDP,443,52783,,forward,20260823_155349_messaging_001_f90a,Messaging
1787480661.81199,1364,4,UDP,443,52783,,forward,20260823_155349_messaging_001_f90a,Messaging
1787480661.81199,1364,4,UDP,443,52783,,forward,20260823_155349_messaging_001_f90a,Messaging
1787480661.81199,1364,4,UDP,443,52783,,forward,20260823_155349_messaging_001_f90a,Messaging
1787480661.81199,1364,4,UDP,443,52783,,forward,20260823_155349_messaging_001_f90a,Messaging
1787480661.81199,1364,4,UDP,443,52783,,forward,20260823_155349_messaging_001_f90a,Messaging
1787480661.81199,1364,4,UDP,443,52783,,forward,20260823_155349_messaging_001_f90a,Messaging
1787480661.81199,1364,4,UDP,443,52783,,forward,20260823_155349_messaging_001_f90a,Messaging
1787480661.81199,1364,4,UDP,443,52783,,forward,20260823_155349_messaging_001_f90a,Messaging
1787480661.81199,1364,4,UDP,443,52783,,forward,20260823_155349_messaging_001_f90a,Messaging
1787480661.81199,1364,4,UDP,443,52783,,forward,20260823_155349_messaging_001_f90a,Messaging
1787480661.81199,1364,4,UDP,443,52783,,forward,20260823_155349_messaging_001_f90a,Messaging
1787480661.81199,1364,4,UDP,443,52783,,forward,20260823_155349_messaging_001_f90a,Messaging
1787480661.81199,1364,4,UDP,443,52783,,forward,20260823_155349_messaging_001_f90a,Messaging
1787480661.81199,1364,4,UDP,443,52783,,forward,20260823_155349_messaging_001_f90a,Messaging
1787480661.81199,1364,4,UDP,443,52783,,forward,20260823_155349_messaging_001_f90a,Messaging
1787480661.81199,1364,4,UDP,443,52783,,forward,20260823_155349_messaging_001_f90a,Messaging
1787480661.81199,1364,4,UDP,443,52783,,forward,20260823_155349_messaging_001_f90a,Messaging
1787480661.81199,89,4,UDP,443,52783,,forward,20260823_155349_messaging_001_f90a,Messaging
1787480661.812579,89,4,UDP,52783,443,,forward,20260823_155349_messaging_001_f90a,Messaging
1787480661.813224,166,4,UDP,52783,443,,forward,20260823_155349_messaging_001_f90a,Messaging
1787480661.81336,166,4,UDP,52783,443,,forward,20260823_155349_messaging_001_f90a,Messaging
1787480661.813444,166,4,UDP,52783,443,,forward,20260823_155349_messaging_001_f90a,Messaging
1787480661.813714,166,4,UDP,52783,443,,forward,20260823_155349_messaging_001_f90a,Messaging
1787480661.813821,166,4,UDP,52783,443,,forward,20260823_155349_messaging_001_f90a,Messaging
1787480661.813948,166,4,UDP,52783,443,,forward,20260823_155349_messaging_001_f90a,Messaging
1787480661.819327,1364,4,UDP,443,52783,,forward,20260823_155349_messaging_001_f90a,Messaging
1787480661.819327,1364,4,UDP,443,52783,,forward,20260823_155349_messaging_001_f90a,Messaging
1787480661.819327,1364,4,UDP,443,52783,,forward,20260823_155349_messaging_001_f90a,Messaging
1787480661.819327,1364,4,UDP,443,52783,,forward,20260823_155349_messaging_001_f90a,Messaging
1787480661.819327,1364,4,UDP,443,52783,,forward,20260823_155349_messaging_001_f90a,Messaging
1787480661.819327,1364,4,UDP,443,52783,,forward,20260823_155349_messaging_001_f90a,Messaging
1787480661.819327,1364,4,UDP,443,52783,,forward,20260823_155349_messaging_001_f90a,Messaging
1787480661.819327,1364,4,UDP,443,52783,,forward,20260823_155349_messaging_001_f90a,Messaging
1787480661.819327,1364,4,UDP,443,52783,,forward,20260823_155349_messaging_001_f90a,Messaging
1787480661.819327,1364,4,UDP,443,52783,,forward,20260823_155349_messaging_001_f90a,Messaging
1787480661.819327,1364,4,UDP,443,52783,,forward,20260823_155349_messaging_001_f90a,Messaging
1787480661.819327,1364,4,UDP,443,52783,,forward,20260823_155349_messaging_001_f90a,Messaging
1787480661.819327,1364,4,UDP,443,52783,,forward,20260823_155349_messaging_001_f90a,Messaging
1787480661.819327,1364,4,UDP,443,52783,,forward,20260823_155349_messaging_001_f90a,Messaging
1787480661.819327,1364,4,UDP,443,52783,,forward,20260823_155349_messaging_001_f90a,Messaging
1787480661.819327,1364,4,UDP,443,52783,,forward,20260823_155349_messaging_001_f90a,Messaging
1787480661.819327,89,4,UDP,443,52783,,forward,20260823_155349_messaging_001_f90a,Messaging
1787480661.819327,89,4,UDP,443,52783,,forward,20260823_155349_messaging_001_f90a,Messaging
1787480661.819327,1364,4,UDP,443,52783,,forward,20260823_155349_messaging_001_f90a,Messaging
1787480661.819327,1364,4,UDP,443,52783,,forward,20260823_155349_messaging_001_f90a,Messaging
1787480661.819327,1364,4,UDP,443,52783,,forward,20260823_155349_messaging_001_f90a,Messaging
1787480661.819327,1364,4,UDP,443,52783,,forward,20260823_155349_messaging_001_f90a,Messaging
1787480661.819327,1364,4,UDP,443,52783,,forward,20260823_155349_messaging_001_f90a,Messaging
1787480661.819327,1364,4,UDP,443,52783,,forward,20260823_155349_messaging_001_f90a,Messaging
1787480661.819327,1364,4,UDP,443,52783,,forward,20260823_155349_messaging_001_f90a,Messaging
1787480661.819327,1364,4,UDP,443,52783,,forward,20260823_155349_messaging_001_f90a,Messaging
1787480661.819327,1364,4,UDP,443,52783,,forward,20260823_155349_messaging_001_f90a,Messaging
1787480661.819327,1364,4,UDP,443,52783,,forward,20260823_155349_messaging_001_f90a,Messaging
1787480661.819327,1364,4,UDP,443,52783,,forward,20260823_155349_messaging_001_f90a,Messaging
1787480661.819327,1364,4,UDP,443,52783,,forward,20260823_155349_messaging_001_f90a,Messaging
1787480661.819327,1364,4,UDP,443,52783,,forward,20260823_155349_messaging_001_f90a,Messaging
1787480661.819327,1364,4,UDP,443,52783,,forward,20260823_155349_messaging_001_f90a,Messaging
1787480661.819327,1364,4,UDP,443,52783,,forward,20260823_155349_messaging_001_f90a,Messaging
1787480661.819327,1364,4,UDP,443,52783,,forward,20260823_155349_messaging_001_f90a,Messaging
1787480661.819824,89,4,UDP,52783,443,,forward,20260823_155349_messaging_001_f90a,Messaging
1787480661.82032,166,4,UDP,52783,443,,forward,20260823_155349_messaging_001_f90a,Messaging
1787480661.820405,166,4,UDP,52783,443,,forward,20260823_155349_messaging_001_f90a,Messaging
1787480661.820566,166,4,UDP,52783,443,,forward,20260823_155349_messaging_001_f90a,Messaging
1787480661.820628,166,4,UDP,52783,443,,forward,20260823_155349_messaging_001_f90a,Messaging
1787480661.826861,1364,4,UDP,443,52783,,forward,20260823_155349_messaging_001_f90a,Messaging
1787480661.826861,1364,4,UDP,443,52783,,forward,20260823_155349_messaging_001_f90a,Messaging
1787480661.826861,1364,4,UDP,443,52783,,forward,20260823_155349_messaging_001_f90a,Messaging
1787480661.826861,1364,4,UDP,443,52783,,forward,20260823_155349_messaging_001_f90a,Messaging
1787480661.826861,1364,4,UDP,443,52783,,forward,20260823_155349_messaging_001_f90a,Messaging
1787480661.826861,1364,4,UDP,443,52783,,forward,20260823_155349_messaging_001_f90a,Messaging
1787480661.826861,1364,4,UDP,443,52783,,forward,20260823_155349_messaging_001_f90a,Messaging
1787480661.826861,1364,4,UDP,443,52783,,forward,20260823_155349_messaging_001_f90a,Messaging
1787480661.826861,1364,4,UDP,443,52783,,forward,20260823_155349_messaging_001_f90a,Messaging
1787480661.826861,1364,4,UDP,443,52783,,forward,20260823_155349_messaging_001_f90a,Messaging
1787480661.826861,1364,4,UDP,443,52783,,forward,20260823_155349_messaging_001_f90a,Messaging
1787480661.826861,1364,4,UDP,443,52783,,forward,20260823_155349_messaging_001_f90a,Messaging
1787480661.826861,1364,4,UDP,443,52783,,forward,20260823_155349_messaging_001_f90a,Messaging
1787480661.826861,1364,4,UDP,443,52783,,forward,20260823_155349_messaging_001_f90a,Messaging
1787480661.826861,1364,4,UDP,443,52783,,forward,20260823_155349_messaging_001_f90a,Messaging
1787480661.826861,1364,4,UDP,443,52783,,forward,20260823_155349_messaging_001_f90a,Messaging
1787480661.826861,1364,4,UDP,443,52783,,forward,20260823_155349_messaging_001_f90a,Messaging
1787480661.826861,1364,4,UDP,443,52783,,forward,20260823_155349_messaging_001_f90a,Messaging
1787480661.826861,1364,4,UDP,443,52783,,forward,20260823_155349_messaging_001_f90a,Messaging
1787480661.826861,1364,4,UDP,443,52783,,forward,20260823_155349_messaging_001_f90a,Messaging
1787480661.827304,89,4,UDP,52783,443,,forward,20260823_155349_messaging_001_f90a,Messaging
1787480661.827792,166,4,UDP,52783,443,,forward,20260823_155349_messaging_001_f90a,Messaging
1787480661.827897,166,4,UDP,52783,443,,forward,20260823_155349_messaging_001_f90a,Messaging
1787480661.842541,1364,4,UDP,443,52783,,forward,20260823_155349_messaging_001_f90a,Messaging
1787480661.842541,1364,4,UDP,443,52783,,forward,20260823_155349_messaging_001_f90a,Messaging
1787480661.842541,1364,4,UDP,443,52783,,forward,20260823_155349_messaging_001_f90a,Messaging
1787480661.842541,1364,4,UDP,443,52783,,forward,20260823_155349_messaging_001_f90a,Messaging
1787480661.842541,1364,4,UDP,443,52783,,forward,20260823_155349_messaging_001_f90a,Messaging
1787480661.842541,1364,4,UDP,443,52783,,forward,20260823_155349_messaging_001_f90a,Messaging
1787480661.842541,1364,4,UDP,443,52783,,forward,20260823_155349_messaging_001_f90a,Messaging
1787480661.842541,1364,4,UDP,443,52783,,forward,20260823_155349_messaging_001_f90a,Messaging
1787480661.842541,1364,4,UDP,443,52783,,forward,20260823_155349_messaging_001_f90a,Messaging
1787480661.842541,1364,4,UDP,443,52783,,forward,20260823_155349_messaging_001_f90a,Messaging
1787480661.842541,1364,4,UDP,443,52783,,forward,20260823_155349_messaging_001_f90a,Messaging
1787480661.842541,1364,4,UDP,443,52783,,forward,20260823_155349_messaging_001_f90a,Messaging
1787480661.842541,89,4,UDP,443,52783,,forward,20260823_155349_messaging_001_f90a,Messaging
1787480661.842541,1364,4,UDP,443,52783,,forward,20260823_155349_messaging_001_f90a,Messaging
1787480661.842541,1364,4,UDP,443,52783,,forward,20260823_155349_messaging_001_f90a,Messaging
1787480661.842541,1364,4,UDP,443,52783,,forward,20260823_155349_messaging_001_f90a,Messaging
1787480661.842541,1364,4,UDP,443,52783,,forward,20260823_155349_messaging_001_f90a,Messaging
1787480661.842541,1364,4,UDP,443,52783,,forward,20260823_155349_messaging_001_f90a,Messaging
1787480661.842541,1364,4,UDP,443,52783,,forward,20260823_155349_messaging_001_f90a,Messaging
1787480661.842541,1364,4,UDP,443,52783,,forward,20260823_155349_messaging_001_f90a,Messaging
1787480661.842541,1364,4,UDP,443,52783,,forward,20260823_155349_messaging_001_f90a,Messaging
1787480661.842541,1364,4,UDP,443,52783,,forward,20260823_155349_messaging_001_f90a,Messaging
1787480661.842541,1364,4,UDP,443,52783,,forward,20260823_155349_messaging_001_f90a,Messaging
1787480661.842541,1364,4,UDP,443,52783,,forward,20260823_155349_messaging_001_f90a,Messaging
1787480661.842541,1364,4,UDP,443,52783,,forward,20260823_155349_messaging_001_f90a,Messaging
1787480661.842541,1364,4,UDP,443,52783,,forward,20260823_155349_messaging_001_f90a,Messaging
1787480661.842541,1364,4,UDP,443,52783,,forward,20260823_155349_messaging_001_f90a,Messaging
1787480661.842541,1364,4,UDP,443,52783,,forward,20260823_155349_messaging_001_f90a,Messaging
1787480661.842541,1364,4,UDP,443,52783,,forward,20260823_155349_messaging_001_f90a,Messaging
1787480661.842541,1364,4,UDP,443,52783,,forward,20260823_155349_messaging_001_f90a,Messaging
1787480661.842541,1364,4,UDP,443,52783,,forward,20260823_155349_messaging_001_f90a,Messaging
1787480661.842541,1364,4,UDP,443,52783,,forward,20260823_155349_messaging_001_f90a,Messaging
1787480661.842541,1364,4,UDP,443,52783,,forward,20260823_155349_messaging_001_f90a,Messaging
1787480661.842541,1364,4,UDP,443,52783,,forward,20260823_155349_messaging_001_f90a,Messaging
1787480661.842541,1364,4,UDP,443,52783,,forward,20260823_155349_messaging_001_f90a,Messaging
1787480661.842541,1364,4,UDP,443,52783,,forward,20260823_155349_messaging_001_f90a,Messaging
1787480661.842541,1364,4,UDP,443,52783,,forward,20260823_155349_messaging_001_f90a,Messaging
1787480661.842541,1364,4,UDP,443,52783,,forward,20260823_155349_messaging_001_f90a,Messaging
1787480661.842541,1364,4,UDP,443,52783,,forward,20260823_155349_messaging_001_f90a,Messaging
1787480661.842541,1364,4,UDP,443,52783,,forward,20260823_155349_messaging_001_f90a,Messaging
1787480661.842541,1364,4,UDP,443,52783,,forward,20260823_155349_messaging_001_f90a,Messaging
1787480661.842541,1364,4,UDP,443,52783,,forward,20260823_155349_messaging_001_f90a,Messaging
1787480661.842541,1364,4,UDP,443,52783,,forward,20260823_155349_messaging_001_f90a,Messaging
1787480661.842541,1364,4,UDP,443,52783,,forward,20260823_155349_messaging_001_f90a,Messaging
1787480661.842541,1364,4,UDP,443,52783,,forward,20260823_155349_messaging_001_f90a,Messaging
1787480661.842541,1364,4,UDP,443,52783,,forward,20260823_155349_messaging_001_f90a,Messaging
1787480661.842541,1364,4,UDP,443,52783,,forward,20260823_155349_messaging_001_f90a,Messaging
1787480661.842541,1364,4,UDP,443,52783,,forward,20260823_155349_messaging_001_f90a,Messaging
1787480661.842541,1364,4,UDP,443,52783,,forward,20260823_155349_messaging_001_f90a,Messaging
1787480661.842541,1364,4,UDP,443,52783,,forward,20260823_155349_messaging_001_f90a,Messaging
1787480661.842541,1364,4,UDP,443,52783,,forward,20260823_155349_messaging_001_f90a,Messaging
1787480661.842541,1364,4,UDP,443,52783,,forward,20260823_155349_messaging_001_f90a,Messaging
1787480661.842541,1364,4,UDP,443,52783,,forward,20260823_155349_messaging_001_f90a,Messaging
1787480661.842541,1364,4,UDP,443,52783,,forward,20260823_155349_messaging_001_f90a,Messaging
1787480661.842541,1364,4,UDP,443,52783,,forward,20260823_155349_messaging_001_f90a,Messaging
1787480661.842541,1364,4,UDP,443,52783,,forward,20260823_155349_messaging_001_f90a,Messaging
1787480661.842541,1364,4,UDP,443,52783,,forward,20260823_155349_messaging_001_f90a,Messaging
1787480661.842541,1364,4,UDP,443,52783,,forward,20260823_155349_messaging_001_f90a,Messaging
1787480661.842541,1364,4,UDP,443,52783,,forward,20260823_155349_messaging_001_f90a,Messaging
1787480661.842541,1364,4,UDP,443,52783,,forward,20260823_155349_messaging_001_f90a,Messaging
1787480661.842541,1364,4,UDP,443,52783,,forward,20260823_155349_messaging_001_f90a,Messaging
1787480661.842541,1364,4,UDP,443,52783,,forward,20260823_155349_messaging_001_f90a,Messaging
1787480661.842541,1364,4,UDP,443,52783,,forward,20260823_155349_messaging_001_f90a,Messaging
1787480661.842541,1364,4,UDP,443,52783,,forward,20260823_155349_messaging_001_f90a,Messaging
1787480661.842541,1364,4,UDP,443,52783,,forward,20260823_155349_messaging_001_f90a,Messaging
1787480661.842541,1364,4,UDP,443,52783,,forward,20260823_155349_messaging_001_f90a,Messaging
1787480661.842541,1364,4,UDP,443,52783,,forward,20260823_155349_messaging_001_f90a,Messaging
1787480661.842541,1364,4,UDP,443,52783,,forward,20260823_155349_messaging_001_f90a,Messaging
1787480661.842541,1364,4,UDP,443,52783,,forward,20260823_155349_messaging_001_f90a,Messaging
1787480661.842541,1364,4,UDP,443,52783,,forward,20260823_155349_messaging_001_f90a,Messaging
1787480661.842541,1364,4,UDP,443,52783,,forward,20260823_155349_messaging_001_f90a,Messaging
1787480661.842541,1364,4,UDP,443,52783,,forward,20260823_155349_messaging_001_f90a,Messaging
1787480661.842541,1364,4,UDP,443,52783,,forward,20260823_155349_messaging_001_f90a,Messaging
1787480661.842541,1364,4,UDP,443,52783,,forward,20260823_155349_messaging_001_f90a,Messaging
1787480661.842541,1364,4,UDP,443,52783,,forward,20260823_155349_messaging_001_f90a,Messaging
1787480661.842541,1364,4,UDP,443,52783,,forward,20260823_155349_messaging_001_f90a,Messaging
1787480661.842541,1364,4,UDP,443,52783,,forward,20260823_155349_messaging_001_f90a,Messaging
1787480661.843408,89,4,UDP,52783,443,,forward,20260823_155349_messaging_001_f90a,Messaging
1787480661.843956,166,4,UDP,52783,443,,forward,20260823_155349_messaging_001_f90a,Messaging
1787480661.844034,166,4,UDP,52783,443,,forward,20260823_155349_messaging_001_f90a,Messaging
1787480661.844224,166,4,UDP,52783,443,,forward,20260823_155349_messaging_001_f90a,Messaging
1787480661.844477,166,4,UDP,52783,443,,forward,20260823_155349_messaging_001_f90a,Messaging
1787480661.844537,166,4,UDP,52783,443,,forward,20260823_155349_messaging_001_f90a,Messaging
1787480661.844715,171,4,UDP,52783,443,,forward,20260823_155349_messaging_001_f90a,Messaging
1787480661.844901,166,4,UDP,52783,443,,forward,20260823_155349_messaging_001_f90a,Messaging
1787480661.853449,89,4,UDP,443,52783,,forward,20260823_155349_messaging_001_f90a,Messaging
1787480661.853449,1364,4,UDP,443,52783,,forward,20260823_155349_messaging_001_f90a,Messaging
1787480661.853449,1364,4,UDP,443,52783,,forward,20260823_155349_messaging_001_f90a,Messaging
1787480661.853449,1364,4,UDP,443,52783,,forward,20260823_155349_messaging_001_f90a,Messaging
1787480661.853449,1364,4,UDP,443,52783,,forward,20260823_155349_messaging_001_f90a,Messaging
1787480661.853449,1364,4,UDP,443,52783,,forward,20260823_155349_messaging_001_f90a,Messaging
1787480661.853449,1364,4,UDP,443,52783,,forward,20260823_155349_messaging_001_f90a,Messaging
1787480661.853449,1364,4,UDP,443,52783,,forward,20260823_155349_messaging_001_f90a,Messaging
1787480661.853449,1364,4,UDP,443,52783,,forward,20260823_155349_messaging_001_f90a,Messaging
1787480661.853449,1364,4,UDP,443,52783,,forward,20260823_155349_messaging_001_f90a,Messaging
1787480661.853449,1364,4,UDP,443,52783,,forward,20260823_155349_messaging_001_f90a,Messaging
1787480661.853449,1364,4,UDP,443,52783,,forward,20260823_155349_messaging_001_f90a,Messaging
1787480661.853449,1364,4,UDP,443,52783,,forward,20260823_155349_messaging_001_f90a,Messaging
1787480661.853449,1364,4,UDP,443,52783,,forward,20260823_155349_messaging_001_f90a,Messaging
1787480661.853449,1364,4,UDP,443,52783,,forward,20260823_155349_messaging_001_f90a,Messaging
1787480661.853449,1364,4,UDP,443,52783,,forward,20260823_155349_messaging_001_f90a,Messaging
1787480661.853449,1364,4,UDP,443,52783,,forward,20260823_155349_messaging_001_f90a,Messaging
1787480661.853449,1364,4,UDP,443,52783,,forward,20260823_155349_messaging_001_f90a,Messaging
1787480661.853449,1364,4,UDP,443,52783,,forward,20260823_155349_messaging_001_f90a,Messaging
1787480661.853449,1364,4,UDP,443,52783,,forward,20260823_155349_messaging_001_f90a,Messaging
1787480661.853449,1364,4,UDP,443,52783,,forward,20260823_155349_messaging_001_f90a,Messaging
1787480661.853449,1364,4,UDP,443,52783,,forward,20260823_155349_messaging_001_f90a,Messaging
1787480661.853449,1364,4,UDP,443,52783,,forward,20260823_155349_messaging_001_f90a,Messaging
1787480661.853449,1364,4,UDP,443,52783,,forward,20260823_155349_messaging_001_f90a,Messaging
1787480661.853449,1364,4,UDP,443,52783,,forward,20260823_155349_messaging_001_f90a,Messaging
1787480661.853449,1364,4,UDP,443,52783,,forward,20260823_155349_messaging_001_f90a,Messaging
1787480661.853449,1364,4,UDP,443,52783,,forward,20260823_155349_messaging_001_f90a,Messaging
1787480661.853449,1364,4,UDP,443,52783,,forward,20260823_155349_messaging_001_f90a,Messaging
1787480661.853449,1364,4,UDP,443,52783,,forward,20260823_155349_messaging_001_f90a,Messaging
1787480661.853449,1364,4,UDP,443,52783,,forward,20260823_155349_messaging_001_f90a,Messaging
1787480661.853449,1364,4,UDP,443,52783,,forward,20260823_155349_messaging_001_f90a,Messaging
1787480661.853449,1364,4,UDP,443,52783,,forward,20260823_155349_messaging_001_f90a,Messaging
1787480661.853449,1364,4,UDP,443,52783,,forward,20260823_155349_messaging_001_f90a,Messaging
1787480661.853449,89,4,UDP,443,52783,,forward,20260823_155349_messaging_001_f90a,Messaging
1787480661.853449,1364,4,UDP,443,52783,,forward,20260823_155349_messaging_001_f90a,Messaging
1787480661.853449,1364,4,UDP,443,52783,,forward,20260823_155349_messaging_001_f90a,Messaging
1787480661.853449,1364,4,UDP,443,52783,,forward,20260823_155349_messaging_001_f90a,Messaging
1787480661.853449,1364,4,UDP,443,52783,,forward,20260823_155349_messaging_001_f90a,Messaging
1787480661.853449,1364,4,UDP,443,52783,,forward,20260823_155349_messaging_001_f90a,Messaging
1787480661.853449,1364,4,UDP,443,52783,,forward,20260823_155349_messaging_001_f90a,Messaging
1787480661.853449,1364,4,UDP,443,52783,,forward,20260823_155349_messaging_001_f90a,Messaging
1787480661.853449,1364,4,UDP,443,52783,,forward,20260823_155349_messaging_001_f90a,Messaging
1787480661.854031,89,4,UDP,52783,443,,forward,20260823_155349_messaging_001_f90a,Messaging
1787480661.854519,252,4,UDP,52783,443,,forward,20260823_155349_messaging_001_f90a,Messaging
1787480661.854589,166,4,UDP,52783,443,,forward,20260823_155349_messaging_001_f90a,Messaging
1787480661.85466,166,4,UDP,52783,443,,forward,20260823_155349_messaging_001_f90a,Messaging
1787480661.857407,1364,4,UDP,443,52783,,forward,20260823_155349_messaging_001_f90a,Messaging
1787480661.857407,1364,4,UDP,443,52783,,forward,20260823_155349_messaging_001_f90a,Messaging
1787480661.857407,1364,4,UDP,443,52783,,forward,20260823_155349_messaging_001_f90a,Messaging
1787480661.857407,1364,4,UDP,443,52783,,forward,20260823_155349_messaging_001_f90a,Messaging
1787480661.857407,1364,4,UDP,443,52783,,forward,20260823_155349_messaging_001_f90a,Messaging
1787480661.857407,1364,4,UDP,443,52783,,forward,20260823_155349_messaging_001_f90a,Messaging
1787480661.857407,1364,4,UDP,443,52783,,forward,20260823_155349_messaging_001_f90a,Messaging
1787480661.857407,1364,4,UDP,443,52783,,forward,20260823_155349_messaging_001_f90a,Messaging
1787480661.857407,1364,4,UDP,443,52783,,forward,20260823_155349_messaging_001_f90a,Messaging
1787480661.857407,1364,4,UDP,443,52783,,forward,20260823_155349_messaging_001_f90a,Messaging
1787480661.857407,1364,4,UDP,443,52783,,forward,20260823_155349_messaging_001_f90a,Messaging
1787480661.857407,1364,4,UDP,443,52783,,forward,20260823_155349_messaging_001_f90a,Messaging
1787480661.857407,1364,4,UDP,443,52783,,forward,20260823_155349_messaging_001_f90a,Messaging
1787480661.857407,1364,4,UDP,443,52783,,forward,20260823_155349_messaging_001_f90a,Messaging
1787480661.857407,1364,4,UDP,443,52783,,forward,20260823_155349_messaging_001_f90a,Messaging
1787480661.857407,1364,4,UDP,443,52783,,forward,20260823_155349_messaging_001_f90a,Messaging
1787480661.857808,89,4,UDP,52783,443,,forward,20260823_155349_messaging_001_f90a,Messaging
1787480661.858519,252,4,UDP,52783,443,,forward,20260823_155349_messaging_001_f90a,Messaging
1787480661.873076,167,4,UDP,52783,443,,forward,20260823_155349_messaging_001_f90a,Messaging
1787480661.873218,1364,4,UDP,443,52783,,forward,20260823_155349_messaging_001_f90a,Messaging
1787480661.873218,1364,4,UDP,443,52783,,forward,20260823_155349_messaging_001_f90a,Messaging
1787480661.873218,1364,4,UDP,443,52783,,forward,20260823_155349_messaging_001_f90a,Messaging
1787480661.873218,1364,4,UDP,443,52783,,forward,20260823_155349_messaging_001_f90a,Messaging
1787480661.873218,1364,4,UDP,443,52783,,forward,20260823_155349_messaging_001_f90a,Messaging
1787480661.873218,1364,4,UDP,443,52783,,forward,20260823_155349_messaging_001_f90a,Messaging
1787480661.873218,1364,4,UDP,443,52783,,forward,20260823_155349_messaging_001_f90a,Messaging
1787480661.873218,1364,4,UDP,443,52783,,forward,20260823_155349_messaging_001_f90a,Messaging
1787480661.873218,89,4,UDP,443,52783,,forward,20260823_155349_messaging_001_f90a,Messaging
1787480661.873218,1364,4,UDP,443,52783,,forward,20260823_155349_messaging_001_f90a,Messaging
1787480661.873218,1364,4,UDP,443,52783,,forward,20260823_155349_messaging_001_f90a,Messaging
1787480661.873218,1364,4,UDP,443,52783,,forward,20260823_155349_messaging_001_f90a,Messaging
1787480661.873218,1364,4,UDP,443,52783,,forward,20260823_155349_messaging_001_f90a,Messaging
1787480661.873218,1364,4,UDP,443,52783,,forward,20260823_155349_messaging_001_f90a,Messaging
1787480661.873218,1364,4,UDP,443,52783,,forward,20260823_155349_messaging_001_f90a,Messaging
1787480661.873218,1364,4,UDP,443,52783,,forward,20260823_155349_messaging_001_f90a,Messaging
1787480661.873218,1364,4,UDP,443,52783,,forward,20260823_155349_messaging_001_f90a,Messaging
1787480661.873218,1364,4,UDP,443,52783,,forward,20260823_155349_messaging_001_f90a,Messaging
1787480661.873218,1364,4,UDP,443,52783,,forward,20260823_155349_messaging_001_f90a,Messaging
1787480661.873218,1364,4,UDP,443,52783,,forward,20260823_155349_messaging_001_f90a,Messaging
1787480661.873218,1364,4,UDP,443,52783,,forward,20260823_155349_messaging_001_f90a,Messaging
1787480661.873218,1364,4,UDP,443,52783,,forward,20260823_155349_messaging_001_f90a,Messaging
1787480661.873218,1364,4,UDP,443,52783,,forward,20260823_155349_messaging_001_f90a,Messaging
1787480661.873218,1364,4,UDP,443,52783,,forward,20260823_155349_messaging_001_f90a,Messaging
1787480661.873218,1364,4,UDP,443,52783,,forward,20260823_155349_messaging_001_f90a,Messaging
1787480661.873218,1364,4,UDP,443,52783,,forward,20260823_155349_messaging_001_f90a,Messaging
1787480661.873218,1364,4,UDP,443,52783,,forward,20260823_155349_messaging_001_f90a,Messaging
1787480661.873218,1364,4,UDP,443,52783,,forward,20260823_155349_messaging_001_f90a,Messaging
1787480661.873218,1364,4,UDP,443,52783,,forward,20260823_155349_messaging_001_f90a,Messaging
1787480661.873218,1364,4,UDP,443,52783,,forward,20260823_155349_messaging_001_f90a,Messaging
1787480661.873218,1364,4,UDP,443,52783,,forward,20260823_155349_messaging_001_f90a,Messaging
1787480661.873218,1364,4,UDP,443,52783,,forward,20260823_155349_messaging_001_f90a,Messaging
1787480661.873218,1364,4,UDP,443,52783,,forward,20260823_155349_messaging_001_f90a,Messaging
1787480661.873218,1364,4,UDP,443,52783,,forward,20260823_155349_messaging_001_f90a,Messaging
1787480661.873218,1364,4,UDP,443,52783,,forward,20260823_155349_messaging_001_f90a,Messaging
1787480661.873218,1364,4,UDP,443,52783,,forward,20260823_155349_messaging_001_f90a,Messaging
1787480661.873218,1364,4,UDP,443,52783,,forward,20260823_155349_messaging_001_f90a,Messaging
1787480661.873218,1364,4,UDP,443,52783,,forward,20260823_155349_messaging_001_f90a,Messaging
1787480661.873218,1364,4,UDP,443,52783,,forward,20260823_155349_messaging_001_f90a,Messaging
1787480661.873218,1364,4,UDP,443,52783,,forward,20260823_155349_messaging_001_f90a,Messaging
1787480661.873218,1364,4,UDP,443,52783,,forward,20260823_155349_messaging_001_f90a,Messaging
1787480661.873218,1364,4,UDP,443,52783,,forward,20260823_155349_messaging_001_f90a,Messaging
1787480661.873218,1364,4,UDP,443,52783,,forward,20260823_155349_messaging_001_f90a,Messaging
1787480661.873218,1364,4,UDP,443,52783,,forward,20260823_155349_messaging_001_f90a,Messaging
1787480661.873218,1364,4,UDP,443,52783,,forward,20260823_155349_messaging_001_f90a,Messaging
1787480661.873218,1364,4,UDP,443,52783,,forward,20260823_155349_messaging_001_f90a,Messaging
1787480661.873218,1364,4,UDP,443,52783,,forward,20260823_155349_messaging_001_f90a,Messaging
1787480661.873218,1364,4,UDP,443,52783,,forward,20260823_155349_messaging_001_f90a,Messaging
1787480661.873218,1364,4,UDP,443,52783,,forward,20260823_155349_messaging_001_f90a,Messaging
1787480661.873218,1364,4,UDP,443,52783,,forward,20260823_155349_messaging_001_f90a,Messaging
1787480661.873218,1364,4,UDP,443,52783,,forward,20260823_155349_messaging_001_f90a,Messaging
1787480661.873218,1364,4,UDP,443,52783,,forward,20260823_155349_messaging_001_f90a,Messaging
1787480661.873218,1364,4,UDP,443,52783,,forward,20260823_155349_messaging_001_f90a,Messaging
1787480661.873218,1364,4,UDP,443,52783,,forward,20260823_155349_messaging_001_f90a,Messaging
1787480661.873218,1364,4,UDP,443,52783,,forward,20260823_155349_messaging_001_f90a,Messaging
1787480661.873218,1364,4,UDP,443,52783,,forward,20260823_155349_messaging_001_f90a,Messaging
1787480661.873218,1364,4,UDP,443,52783,,forward,20260823_155349_messaging_001_f90a,Messaging
1787480661.873218,1364,4,UDP,443,52783,,forward,20260823_155349_messaging_001_f90a,Messaging
1787480661.873218,1364,4,UDP,443,52783,,forward,20260823_155349_messaging_001_f90a,Messaging
1787480661.873218,1364,4,UDP,443,52783,,forward,20260823_155349_messaging_001_f90a,Messaging
1787480661.873218,1364,4,UDP,443,52783,,forward,20260823_155349_messaging_001_f90a,Messaging
1787480661.873218,1364,4,UDP,443,52783,,forward,20260823_155349_messaging_001_f90a,Messaging
1787480661.873218,1364,4,UDP,443,52783,,forward,20260823_155349_messaging_001_f90a,Messaging
1787480661.873218,1364,4,UDP,443,52783,,forward,20260823_155349_messaging_001_f90a,Messaging
1787480661.873218,1364,4,UDP,443,52783,,forward,20260823_155349_messaging_001_f90a,Messaging
1787480661.873811,89,4,UDP,52783,443,,forward,20260823_155349_messaging_001_f90a,Messaging
1787480661.873979,89,4,UDP,52783,443,,forward,20260823_155349_messaging_001_f90a,Messaging
1787480661.874229,166,4,UDP,52783,443,,forward,20260823_155349_messaging_001_f90a,Messaging
1787480661.874355,166,4,UDP,52783,443,,forward,20260823_155349_messaging_001_f90a,Messaging
1787480661.874622,166,4,UDP,52783,443,,forward,20260823_155349_messaging_001_f90a,Messaging
1787480661.874936,166,4,UDP,52783,443,,forward,20260823_155349_messaging_001_f90a,Messaging
1787480661.875009,166,4,UDP,52783,443,,forward,20260823_155349_messaging_001_f90a,Messaging
1787480661.87526,166,4,UDP,52783,443,,forward,20260823_155349_messaging_001_f90a,Messaging
1787480661.88858,167,4,UDP,52783,443,,forward,20260823_155349_messaging_001_f90a,Messaging
1787480661.888668,1364,4,UDP,443,52783,,forward,20260823_155349_messaging_001_f90a,Messaging
1787480661.888668,1364,4,UDP,443,52783,,forward,20260823_155349_messaging_001_f90a,Messaging
1787480661.888668,1364,4,UDP,443,52783,,forward,20260823_155349_messaging_001_f90a,Messaging
1787480661.888668,1364,4,UDP,443,52783,,forward,20260823_155349_messaging_001_f90a,Messaging
1787480661.888668,1364,4,UDP,443,52783,,forward,20260823_155349_messaging_001_f90a,Messaging
1787480661.888668,1364,4,UDP,443,52783,,forward,20260823_155349_messaging_001_f90a,Messaging
1787480661.888668,1364,4,UDP,443,52783,,forward,20260823_155349_messaging_001_f90a,Messaging
1787480661.888668,1364,4,UDP,443,52783,,forward,20260823_155349_messaging_001_f90a,Messaging
1787480661.888668,1364,4,UDP,443,52783,,forward,20260823_155349_messaging_001_f90a,Messaging
1787480661.888668,1364,4,UDP,443,52783,,forward,20260823_155349_messaging_001_f90a,Messaging
1787480661.888668,1364,4,UDP,443,52783,,forward,20260823_155349_messaging_001_f90a,Messaging
1787480661.888668,1364,4,UDP,443,52783,,forward,20260823_155349_messaging_001_f90a,Messaging
1787480661.888668,89,4,UDP,443,52783,,forward,20260823_155349_messaging_001_f90a,Messaging
1787480661.888668,1364,4,UDP,443,52783,,forward,20260823_155349_messaging_001_f90a,Messaging
1787480661.888668,1364,4,UDP,443,52783,,forward,20260823_155349_messaging_001_f90a,Messaging
1787480661.888668,1364,4,UDP,443,52783,,forward,20260823_155349_messaging_001_f90a,Messaging
1787480661.888668,1364,4,UDP,443,52783,,forward,20260823_155349_messaging_001_f90a,Messaging
1787480661.888668,1364,4,UDP,443,52783,,forward,20260823_155349_messaging_001_f90a,Messaging
1787480661.888668,1364,4,UDP,443,52783,,forward,20260823_155349_messaging_001_f90a,Messaging
1787480661.888668,1364,4,UDP,443,52783,,forward,20260823_155349_messaging_001_f90a,Messaging
1787480661.888668,1364,4,UDP,443,52783,,forward,20260823_155349_messaging_001_f90a,Messaging
1787480661.888668,1364,4,UDP,443,52783,,forward,20260823_155349_messaging_001_f90a,Messaging
1787480661.888668,1364,4,UDP,443,52783,,forward,20260823_155349_messaging_001_f90a,Messaging
1787480661.888668,1364,4,UDP,443,52783,,forward,20260823_155349_messaging_001_f90a,Messaging
1787480661.888668,1364,4,UDP,443,52783,,forward,20260823_155349_messaging_001_f90a,Messaging
1787480661.888668,1364,4,UDP,443,52783,,forward,20260823_155349_messaging_001_f90a,Messaging
1787480661.888668,1364,4,UDP,443,52783,,forward,20260823_155349_messaging_001_f90a,Messaging
1787480661.888668,1364,4,UDP,443,52783,,forward,20260823_155349_messaging_001_f90a,Messaging
1787480661.888668,1364,4,UDP,443,52783,,forward,20260823_155349_messaging_001_f90a,Messaging
1787480661.888668,1364,4,UDP,443,52783,,forward,20260823_155349_messaging_001_f90a,Messaging
1787480661.888668,1364,4,UDP,443,52783,,forward,20260823_155349_messaging_001_f90a,Messaging
1787480661.888668,1364,4,UDP,443,52783,,forward,20260823_155349_messaging_001_f90a,Messaging
1787480661.888668,1364,4,UDP,443,52783,,forward,20260823_155349_messaging_001_f90a,Messaging
1787480661.888668,1364,4,UDP,443,52783,,forward,20260823_155349_messaging_001_f90a,Messaging
1787480661.888668,1364,4,UDP,443,52783,,forward,20260823_155349_messaging_001_f90a,Messaging
1787480661.888668,1364,4,UDP,443,52783,,forward,20260823_155349_messaging_001_f90a,Messaging
1787480661.888668,1364,4,UDP,443,52783,,forward,20260823_155349_messaging_001_f90a,Messaging
1787480661.888668,1364,4,UDP,443,52783,,forward,20260823_155349_messaging_001_f90a,Messaging
1787480661.888668,1364,4,UDP,443,52783,,forward,20260823_155349_messaging_001_f90a,Messaging
1787480661.888668,1364,4,UDP,443,52783,,forward,20260823_155349_messaging_001_f90a,Messaging
1787480661.888668,1364,4,UDP,443,52783,,forward,20260823_155349_messaging_001_f90a,Messaging
1787480661.888668,1363,4,UDP,443,52783,,forward,20260823_155349_messaging_001_f90a,Messaging
1787480661.888668,1363,4,UDP,443,52783,,forward,20260823_155349_messaging_001_f90a,Messaging
1787480661.888668,1363,4,UDP,443,52783,,forward,20260823_155349_messaging_001_f90a,Messaging
1787480661.888668,1363,4,UDP,443,52783,,forward,20260823_155349_messaging_001_f90a,Messaging
1787480661.888668,1364,4,UDP,443,52783,,forward,20260823_155349_messaging_001_f90a,Messaging
1787480661.888668,1364,4,UDP,443,52783,,forward,20260823_155349_messaging_001_f90a,Messaging
1787480661.888668,1364,4,UDP,443,52783,,forward,20260823_155349_messaging_001_f90a,Messaging
1787480661.888668,1364,4,UDP,443,52783,,forward,20260823_155349_messaging_001_f90a,Messaging
1787480661.888668,1364,4,UDP,443,52783,,forward,20260823_155349_messaging_001_f90a,Messaging
1787480661.888668,1364,4,UDP,443,52783,,forward,20260823_155349_messaging_001_f90a,Messaging
1787480661.888668,1364,4,UDP,443,52783,,forward,20260823_155349_messaging_001_f90a,Messaging
1787480661.888668,1364,4,UDP,443,52783,,forward,20260823_155349_messaging_001_f90a,Messaging
1787480661.888668,1364,4,UDP,443,52783,,forward,20260823_155349_messaging_001_f90a,Messaging
1787480661.888668,1364,4,UDP,443,52783,,forward,20260823_155349_messaging_001_f90a,Messaging
1787480661.888668,1364,4,UDP,443,52783,,forward,20260823_155349_messaging_001_f90a,Messaging
1787480661.888668,1364,4,UDP,443,52783,,forward,20260823_155349_messaging_001_f90a,Messaging
1787480661.888668,1364,4,UDP,443,52783,,forward,20260823_155349_messaging_001_f90a,Messaging
1787480661.888668,1364,4,UDP,443,52783,,forward,20260823_155349_messaging_001_f90a,Messaging
1787480661.888668,1364,4,UDP,443,52783,,forward,20260823_155349_messaging_001_f90a,Messaging
1787480661.888668,1364,4,UDP,443,52783,,forward,20260823_155349_messaging_001_f90a,Messaging
1787480661.888668,89,4,UDP,443,52783,,forward,20260823_155349_messaging_001_f90a,Messaging
1787480661.889333,89,4,UDP,52783,443,,forward,20260823_155349_messaging_001_f90a,Messaging
1787480661.889806,166,4,UDP,52783,443,,forward,20260823_155349_messaging_001_f90a,Messaging
1787480661.889911,166,4,UDP,52783,443,,forward,20260823_155349_messaging_001_f90a,Messaging
1787480661.890061,166,4,UDP,52783,443,,forward,20260823_155349_messaging_001_f90a,Messaging
1787480661.890348,166,4,UDP,52783,443,,forward,20260823_155349_messaging_001_f90a,Messaging
1787480661.890473,171,4,UDP,52783,443,,forward,20260823_155349_messaging_001_f90a,Messaging
1787480661.89056,166,4,UDP,52783,443,,forward,20260823_155349_messaging_001_f90a,Messaging
1787480661.904167,1364,4,UDP,443,52783,,forward,20260823_155349_messaging_001_f90a,Messaging
1787480661.904167,1364,4,UDP,443,52783,,forward,20260823_155349_messaging_001_f90a,Messaging
1787480661.904167,1364,4,UDP,443,52783,,forward,20260823_155349_messaging_001_f90a,Messaging
1787480661.904167,1364,4,UDP,443,52783,,forward,20260823_155349_messaging_001_f90a,Messaging
1787480661.904167,1364,4,UDP,443,52783,,forward,20260823_155349_messaging_001_f90a,Messaging
1787480661.904167,1364,4,UDP,443,52783,,forward,20260823_155349_messaging_001_f90a,Messaging
1787480661.904167,1364,4,UDP,443,52783,,forward,20260823_155349_messaging_001_f90a,Messaging
1787480661.904167,1364,4,UDP,443,52783,,forward,20260823_155349_messaging_001_f90a,Messaging
1787480661.904167,1364,4,UDP,443,52783,,forward,20260823_155349_messaging_001_f90a,Messaging
1787480661.904167,1364,4,UDP,443,52783,,forward,20260823_155349_messaging_001_f90a,Messaging
1787480661.904167,1364,4,UDP,443,52783,,forward,20260823_155349_messaging_001_f90a,Messaging
1787480661.904167,1364,4,UDP,443,52783,,forward,20260823_155349_messaging_001_f90a,Messaging
1787480661.904167,1364,4,UDP,443,52783,,forward,20260823_155349_messaging_001_f90a,Messaging
1787480661.904167,1364,4,UDP,443,52783,,forward,20260823_155349_messaging_001_f90a,Messaging
1787480661.904167,1364,4,UDP,443,52783,,forward,20260823_155349_messaging_001_f90a,Messaging
1787480661.904167,1364,4,UDP,443,52783,,forward,20260823_155349_messaging_001_f90a,Messaging
1787480661.904167,89,4,UDP,443,52783,,forward,20260823_155349_messaging_001_f90a,Messaging
1787480661.904167,1364,4,UDP,443,52783,,forward,20260823_155349_messaging_001_f90a,Messaging
1787480661.904167,1364,4,UDP,443,52783,,forward,20260823_155349_messaging_001_f90a,Messaging
1787480661.904167,1364,4,UDP,443,52783,,forward,20260823_155349_messaging_001_f90a,Messaging
1787480661.904167,1364,4,UDP,443,52783,,forward,20260823_155349_messaging_001_f90a,Messaging
1787480661.904167,1364,4,UDP,443,52783,,forward,20260823_155349_messaging_001_f90a,Messaging
1787480661.904167,1364,4,UDP,443,52783,,forward,20260823_155349_messaging_001_f90a,Messaging
1787480661.904167,1364,4,UDP,443,52783,,forward,20260823_155349_messaging_001_f90a,Messaging
1787480661.904167,1364,4,UDP,443,52783,,forward,20260823_155349_messaging_001_f90a,Messaging
1787480661.904167,1364,4,UDP,443,52783,,forward,20260823_155349_messaging_001_f90a,Messaging
1787480661.904167,1364,4,UDP,443,52783,,forward,20260823_155349_messaging_001_f90a,Messaging
1787480661.904167,1364,4,UDP,443,52783,,forward,20260823_155349_messaging_001_f90a,Messaging
1787480661.904167,1364,4,UDP,443,52783,,forward,20260823_155349_messaging_001_f90a,Messaging
1787480661.904167,170,4,UDP,443,52783,,forward,20260823_155349_messaging_001_f90a,Messaging
1787480661.904167,1364,4,UDP,443,52783,,forward,20260823_155349_messaging_001_f90a,Messaging
1787480661.904167,1364,4,UDP,443,52783,,forward,20260823_155349_messaging_001_f90a,Messaging
1787480661.904167,1364,4,UDP,443,52783,,forward,20260823_155349_messaging_001_f90a,Messaging
1787480661.904167,1364,4,UDP,443,52783,,forward,20260823_155349_messaging_001_f90a,Messaging
1787480661.904167,1364,4,UDP,443,52783,,forward,20260823_155349_messaging_001_f90a,Messaging
1787480661.904167,1364,4,UDP,443,52783,,forward,20260823_155349_messaging_001_f90a,Messaging
1787480661.904167,1364,4,UDP,443,52783,,forward,20260823_155349_messaging_001_f90a,Messaging
1787480661.904167,1364,4,UDP,443,52783,,forward,20260823_155349_messaging_001_f90a,Messaging
1787480661.904167,1364,4,UDP,443,52783,,forward,20260823_155349_messaging_001_f90a,Messaging
1787480661.904167,1364,4,UDP,443,52783,,forward,20260823_155349_messaging_001_f90a,Messaging
1787480661.904167,1364,4,UDP,443,52783,,forward,20260823_155349_messaging_001_f90a,Messaging
1787480661.904167,1364,4,UDP,443,52783,,forward,20260823_155349_messaging_001_f90a,Messaging
1787480661.904167,1364,4,UDP,443,52783,,forward,20260823_155349_messaging_001_f90a,Messaging
1787480661.904167,1364,4,UDP,443,52783,,forward,20260823_155349_messaging_001_f90a,Messaging
1787480661.904167,1364,4,UDP,443,52783,,forward,20260823_155349_messaging_001_f90a,Messaging
1787480661.904167,1364,4,UDP,443,52783,,forward,20260823_155349_messaging_001_f90a,Messaging
1787480661.904167,1364,4,UDP,443,52783,,forward,20260823_155349_messaging_001_f90a,Messaging
1787480661.904167,1364,4,UDP,443,52783,,forward,20260823_155349_messaging_001_f90a,Messaging
1787480661.904167,1364,4,UDP,443,52783,,forward,20260823_155349_messaging_001_f90a,Messaging
1787480661.904167,1364,4,UDP,443,52783,,forward,20260823_155349_messaging_001_f90a,Messaging
1787480661.904167,1364,4,UDP,443,52783,,forward,20260823_155349_messaging_001_f90a,Messaging
1787480661.904167,1364,4,UDP,443,52783,,forward,20260823_155349_messaging_001_f90a,Messaging
1787480661.904167,1364,4,UDP,443,52783,,forward,20260823_155349_messaging_001_f90a,Messaging
1787480661.904167,1364,4,UDP,443,52783,,forward,20260823_155349_messaging_001_f90a,Messaging
1787480661.904167,1364,4,UDP,443,52783,,forward,20260823_155349_messaging_001_f90a,Messaging
1787480661.904167,1364,4,UDP,443,52783,,forward,20260823_155349_messaging_001_f90a,Messaging
1787480661.904167,1364,4,UDP,443,52783,,forward,20260823_155349_messaging_001_f90a,Messaging
1787480661.904167,1364,4,UDP,443,52783,,forward,20260823_155349_messaging_001_f90a,Messaging
1787480661.904167,1364,4,UDP,443,52783,,forward,20260823_155349_messaging_001_f90a,Messaging
1787480661.904167,1364,4,UDP,443,52783,,forward,20260823_155349_messaging_001_f90a,Messaging
1787480661.904167,1364,4,UDP,443,52783,,forward,20260823_155349_messaging_001_f90a,Messaging
1787480661.904167,1364,4,UDP,443,52783,,forward,20260823_155349_messaging_001_f90a,Messaging
1787480661.904167,1364,4,UDP,443,52783,,forward,20260823_155349_messaging_001_f90a,Messaging
1787480661.904167,1364,4,UDP,443,52783,,forward,20260823_155349_messaging_001_f90a,Messaging
1787480661.904167,1364,4,UDP,443,52783,,forward,20260823_155349_messaging_001_f90a,Messaging
1787480661.904167,1364,4,UDP,443,52783,,forward,20260823_155349_messaging_001_f90a,Messaging
1787480661.904167,89,4,UDP,443,52783,,forward,20260823_155349_messaging_001_f90a,Messaging
1787480661.904675,89,4,UDP,52783,443,,forward,20260823_155349_messaging_001_f90a,Messaging
1787480661.904808,89,4,UDP,52783,443,,forward,20260823_155349_messaging_001_f90a,Messaging
1787480661.905096,166,4,UDP,52783,443,,forward,20260823_155349_messaging_001_f90a,Messaging
1787480661.905164,259,4,UDP,52783,443,,forward,20260823_155349_messaging_001_f90a,Messaging
1787480661.905371,166,4,UDP,52783,443,,forward,20260823_155349_messaging_001_f90a,Messaging
1787480661.90561,166,4,UDP,52783,443,,forward,20260823_155349_messaging_001_f90a,Messaging
1787480661.905657,166,4,UDP,52783,443,,forward,20260823_155349_messaging_001_f90a,Messaging
1787480661.905758,166,4,UDP,52783,443,,forward,20260823_155349_messaging_001_f90a,Messaging
1787480661.919531,167,4,UDP,52783,443,,forward,20260823_155349_messaging_001_f90a,Messaging
1787480661.919656,1364,4,UDP,443,52783,,forward,20260823_155349_messaging_001_f90a,Messaging
1787480661.919656,1364,4,UDP,443,52783,,forward,20260823_155349_messaging_001_f90a,Messaging
1787480661.919656,1364,4,UDP,443,52783,,forward,20260823_155349_messaging_001_f90a,Messaging
1787480661.919656,1364,4,UDP,443,52783,,forward,20260823_155349_messaging_001_f90a,Messaging
1787480661.919656,1364,4,UDP,443,52783,,forward,20260823_155349_messaging_001_f90a,Messaging
1787480661.919656,1364,4,UDP,443,52783,,forward,20260823_155349_messaging_001_f90a,Messaging
1787480661.919656,1364,4,UDP,443,52783,,forward,20260823_155349_messaging_001_f90a,Messaging
1787480661.919656,1364,4,UDP,443,52783,,forward,20260823_155349_messaging_001_f90a,Messaging
1787480661.919656,1364,4,UDP,443,52783,,forward,20260823_155349_messaging_001_f90a,Messaging
1787480661.919656,1364,4,UDP,443,52783,,forward,20260823_155349_messaging_001_f90a,Messaging
1787480661.919656,1364,4,UDP,443,52783,,forward,20260823_155349_messaging_001_f90a,Messaging
1787480661.919656,1364,4,UDP,443,52783,,forward,20260823_155349_messaging_001_f90a,Messaging
1787480661.919656,1364,4,UDP,443,52783,,forward,20260823_155349_messaging_001_f90a,Messaging
1787480661.919656,1364,4,UDP,443,52783,,forward,20260823_155349_messaging_001_f90a,Messaging
1787480661.919656,1364,4,UDP,443,52783,,forward,20260823_155349_messaging_001_f90a,Messaging
1787480661.919656,1364,4,UDP,443,52783,,forward,20260823_155349_messaging_001_f90a,Messaging
1787480661.919656,89,4,UDP,443,52783,,forward,20260823_155349_messaging_001_f90a,Messaging
1787480661.919656,1364,4,UDP,443,52783,,forward,20260823_155349_messaging_001_f90a,Messaging
1787480661.919656,1364,4,UDP,443,52783,,forward,20260823_155349_messaging_001_f90a,Messaging
1787480661.919656,1364,4,UDP,443,52783,,forward,20260823_155349_messaging_001_f90a,Messaging
1787480661.919656,1364,4,UDP,443,52783,,forward,20260823_155349_messaging_001_f90a,Messaging
1787480661.919656,1364,4,UDP,443,52783,,forward,20260823_155349_messaging_001_f90a,Messaging
1787480661.919656,1364,4,UDP,443,52783,,forward,20260823_155349_messaging_001_f90a,Messaging
1787480661.919656,1364,4,UDP,443,52783,,forward,20260823_155349_messaging_001_f90a,Messaging
1787480661.919656,1364,4,UDP,443,52783,,forward,20260823_155349_messaging_001_f90a,Messaging
1787480661.919656,1364,4,UDP,443,52783,,forward,20260823_155349_messaging_001_f90a,Messaging
1787480661.919656,1364,4,UDP,443,52783,,forward,20260823_155349_messaging_001_f90a,Messaging
1787480661.919656,1364,4,UDP,443,52783,,forward,20260823_155349_messaging_001_f90a,Messaging
1787480661.919656,1364,4,UDP,443,52783,,forward,20260823_155349_messaging_001_f90a,Messaging
1787480661.919656,1364,4,UDP,443,52783,,forward,20260823_155349_messaging_001_f90a,Messaging
1787480661.919656,1364,4,UDP,443,52783,,forward,20260823_155349_messaging_001_f90a,Messaging
1787480661.919656,1364,4,UDP,443,52783,,forward,20260823_155349_messaging_001_f90a,Messaging
1787480661.919656,1364,4,UDP,443,52783,,forward,20260823_155349_messaging_001_f90a,Messaging
1787480661.919656,1364,4,UDP,443,52783,,forward,20260823_155349_messaging_001_f90a,Messaging
1787480661.919656,1364,4,UDP,443,52783,,forward,20260823_155349_messaging_001_f90a,Messaging
1787480661.919656,1364,4,UDP,443,52783,,forward,20260823_155349_messaging_001_f90a,Messaging
1787480661.919656,1364,4,UDP,443,52783,,forward,20260823_155349_messaging_001_f90a,Messaging
1787480661.919656,1364,4,UDP,443,52783,,forward,20260823_155349_messaging_001_f90a,Messaging
1787480661.919656,1364,4,UDP,443,52783,,forward,20260823_155349_messaging_001_f90a,Messaging
1787480661.919656,1364,4,UDP,443,52783,,forward,20260823_155349_messaging_001_f90a,Messaging
1787480661.919656,1364,4,UDP,443,52783,,forward,20260823_155349_messaging_001_f90a,Messaging
1787480661.919656,1364,4,UDP,443,52783,,forward,20260823_155349_messaging_001_f90a,Messaging
1787480661.919656,1364,4,UDP,443,52783,,forward,20260823_155349_messaging_001_f90a,Messaging
1787480661.919656,1364,4,UDP,443,52783,,forward,20260823_155349_messaging_001_f90a,Messaging
1787480661.919656,1364,4,UDP,443,52783,,forward,20260823_155349_messaging_001_f90a,Messaging
1787480661.919656,1364,4,UDP,443,52783,,forward,20260823_155349_messaging_001_f90a,Messaging
1787480661.919656,1364,4,UDP,443,52783,,forward,20260823_155349_messaging_001_f90a,Messaging
1787480661.919656,1364,4,UDP,443,52783,,forward,20260823_155349_messaging_001_f90a,Messaging
1787480661.919656,1364,4,UDP,443,52783,,forward,20260823_155349_messaging_001_f90a,Messaging
1787480661.919656,1364,4,UDP,443,52783,,forward,20260823_155349_messaging_001_f90a,Messaging
1787480661.919656,1364,4,UDP,443,52783,,forward,20260823_155349_messaging_001_f90a,Messaging
1787480661.919656,1364,4,UDP,443,52783,,forward,20260823_155349_messaging_001_f90a,Messaging
1787480661.919656,1364,4,UDP,443,52783,,forward,20260823_155349_messaging_001_f90a,Messaging
1787480661.919656,1364,4,UDP,443,52783,,forward,20260823_155349_messaging_001_f90a,Messaging
1787480661.919656,1364,4,UDP,443,52783,,forward,20260823_155349_messaging_001_f90a,Messaging
1787480661.919656,1364,4,UDP,443,52783,,forward,20260823_155349_messaging_001_f90a,Messaging
1787480661.919656,1364,4,UDP,443,52783,,forward,20260823_155349_messaging_001_f90a,Messaging
1787480661.919656,1364,4,UDP,443,52783,,forward,20260823_155349_messaging_001_f90a,Messaging
1787480661.919656,1364,4,UDP,443,52783,,forward,20260823_155349_messaging_001_f90a,Messaging
1787480661.919656,1364,4,UDP,443,52783,,forward,20260823_155349_messaging_001_f90a,Messaging
1787480661.919656,1364,4,UDP,443,52783,,forward,20260823_155349_messaging_001_f90a,Messaging
1787480661.919656,1364,4,UDP,443,52783,,forward,20260823_155349_messaging_001_f90a,Messaging
1787480661.919656,1364,4,UDP,443,52783,,forward,20260823_155349_messaging_001_f90a,Messaging
1787480661.919656,923,4,UDP,443,52783,,forward,20260823_155349_messaging_001_f90a,Messaging
1787480661.919656,89,4,UDP,443,52783,,forward,20260823_155349_messaging_001_f90a,Messaging
1787480661.919656,89,4,UDP,443,52783,,forward,20260823_155349_messaging_001_f90a,Messaging
1787480661.92016,89,4,UDP,52783,443,,forward,20260823_155349_messaging_001_f90a,Messaging
1787480661.920622,252,4,UDP,52783,443,,forward,20260823_155349_messaging_001_f90a,Messaging
1787480661.920678,166,4,UDP,52783,443,,forward,20260823_155349_messaging_001_f90a,Messaging
1787480661.920933,338,4,UDP,52783,443,,forward,20260823_155349_messaging_001_f90a,Messaging
1787480661.926568,1359,4,UDP,52783,443,,forward,20260823_155349_messaging_001_f90a,Messaging
1787480661.926652,1363,4,UDP,52783,443,,forward,20260823_155349_messaging_001_f90a,Messaging
1787480661.92668,280,4,UDP,52783,443,,forward,20260823_155349_messaging_001_f90a,Messaging
1787480661.934466,89,4,UDP,443,52783,,forward,20260823_155349_messaging_001_f90a,Messaging
1787480661.934466,160,4,UDP,443,52783,,forward,20260823_155349_messaging_001_f90a,Messaging
1787480661.934679,89,4,UDP,52783,443,,forward,20260823_155349_messaging_001_f90a,Messaging
1787480661.950027,88,4,UDP,443,52783,,forward,20260823_155349_messaging_001_f90a,Messaging
1787480661.950027,145,4,UDP,443,52783,,forward,20260823_155349_messaging_001_f90a,Messaging
1787480661.950027,88,4,UDP,443,52783,,forward,20260823_155349_messaging_001_f90a,Messaging
1787480661.950267,89,4,UDP,52783,443,,forward,20260823_155349_messaging_001_f90a,Messaging
1787480661.956532,88,4,UDP,443,52783,,forward,20260823_155349_messaging_001_f90a,Messaging
1787480661.965019,88,4,UDP,443,52783,,forward,20260823_155349_messaging_001_f90a,Messaging
1787480661.965019,88,4,UDP,443,52783,,forward,20260823_155349_messaging_001_f90a,Messaging
1787480661.965019,185,4,UDP,443,52783,,forward,20260823_155349_messaging_001_f90a,Messaging
1787480661.965019,332,4,UDP,443,52783,,forward,20260823_155349_messaging_001_f90a,Messaging
1787480661.965281,88,4,UDP,52783,443,,forward,20260823_155349_messaging_001_f90a,Messaging
1787480661.980816,170,4,UDP,52783,443,,forward,20260823_155349_messaging_001_f90a,Messaging
1787480662.023667,88,4,UDP,443,52783,,forward,20260823_155349_messaging_001_f90a,Messaging
1787480662.023667,159,4,UDP,443,52783,,forward,20260823_155349_messaging_001_f90a,Messaging
1787480662.023984,88,4,UDP,52783,443,,forward,20260823_155349_messaging_001_f90a,Messaging
1787480662.225913,125,4,UDP,443,52783,,forward,20260823_155349_messaging_001_f90a,Messaging
1787480662.226141,88,4,UDP,52783,443,,forward,20260823_155349_messaging_001_f90a,Messaging
1787480662.226328,125,4,UDP,52783,443,,forward,20260823_155349_messaging_001_f90a,Messaging
1787480662.260556,88,4,UDP,443,52783,,forward,20260823_155349_messaging_001_f90a,Messaging
1787480662.740889,125,4,UDP,443,52783,,forward,20260823_155349_messaging_001_f90a,Messaging
1787480662.741227,88,4,UDP,52783,443,,forward,20260823_155349_messaging_001_f90a,Messaging
1787480662.741504,125,4,UDP,52783,443,,forward,20260823_155349_messaging_001_f90a,Messaging
1787480662.77496,88,4,UDP,443,52783,,forward,20260823_155349_messaging_001_f90a,Messaging
1787480662.868008,161,4,UDP,52783,443,,forward,20260823_155349_messaging_001_f90a,Messaging
1787480662.868215,161,4,UDP,52783,443,,forward,20260823_155349_messaging_001_f90a,Messaging
1787480662.868361,161,4,UDP,52783,443,,forward,20260823_155349_messaging_001_f90a,Messaging
1787480662.868763,161,4,UDP,52783,443,,forward,20260823_155349_messaging_001_f90a,Messaging
1787480662.90461,88,4,UDP,443,52783,,forward,20260823_155349_messaging_001_f90a,Messaging
1787480662.90461,217,4,UDP,443,52783,,forward,20260823_155349_messaging_001_f90a,Messaging
1787480662.90461,330,4,UDP,443,52783,,forward,20260823_155349_messaging_001_f90a,Messaging
1787480662.90461,193,4,UDP,443,52783,,forward,20260823_155349_messaging_001_f90a,Messaging
1787480662.904835,88,4,UDP,52783,443,,forward,20260823_155349_messaging_001_f90a,Messaging
1787480662.905857,161,4,UDP,52783,443,,forward,20260823_155349_messaging_001_f90a,Messaging
1787480662.949666,88,4,UDP,443,52783,,forward,20260823_155349_messaging_001_f90a,Messaging
1787480662.949666,161,4,UDP,443,52783,,forward,20260823_155349_messaging_001_f90a,Messaging
1787480662.949946,88,4,UDP,52783,443,,forward,20260823_155349_messaging_001_f90a,Messaging
1787480663.248626,145,4,UDP,443,52783,,forward,20260823_155349_messaging_001_f90a,Messaging
1787480663.248626,125,4,UDP,443,52783,,forward,20260823_155349_messaging_001_f90a,Messaging
1787480663.248865,88,4,UDP,52783,443,,forward,20260823_155349_messaging_001_f90a,Messaging
1787480663.249071,190,4,UDP,52783,443,,forward,20260823_155349_messaging_001_f90a,Messaging
1787480663.291956,88,4,UDP,443,52783,,forward,20260823_155349_messaging_001_f90a,Messaging
1787480663.322136,170,4,UDP,52783,443,,forward,20260823_155349_messaging_001_f90a,Messaging
1787480663.357066,88,4,UDP,443,52783,,forward,20260823_155349_messaging_001_f90a,Messaging
1787480663.357066,125,4,UDP,443,52783,,forward,20260823_155349_messaging_001_f90a,Messaging
1787480663.357406,88,4,UDP,52783,443,,forward,20260823_155349_messaging_001_f90a,Messaging
1787480663.567031,145,4,UDP,443,52783,,forward,20260823_155349_messaging_001_f90a,Messaging
1787480663.567233,88,4,UDP,52783,443,,forward,20260823_155349_messaging_001_f90a,Messaging
1787480663.567347,145,4,UDP,52783,443,,forward,20260823_155349_messaging_001_f90a,Messaging
1787480663.60112,88,4,UDP,443,52783,,forward,20260823_155349_messaging_001_f90a,Messaging
1787480663.635194,202,4,UDP,443,52783,,forward,20260823_155349_messaging_001_f90a,Messaging
1787480663.635393,88,4,UDP,52783,443,,forward,20260823_155349_messaging_001_f90a,Messaging
1787480663.63571,164,4,UDP,52783,443,,forward,20260823_155349_messaging_001_f90a,Messaging
1787480663.670673,88,4,UDP,443,52783,,forward,20260823_155349_messaging_001_f90a,Messaging
1787480663.670673,125,4,UDP,443,52783,,forward,20260823_155349_messaging_001_f90a,Messaging
1787480663.670951,88,4,UDP,52783,443,,forward,20260823_155349_messaging_001_f90a,Messaging
1787480663.702855,574,4,UDP,443,52783,,forward,20260823_155349_messaging_001_f90a,Messaging
1787480663.703089,88,4,UDP,52783,443,,forward,20260823_155349_messaging_001_f90a,Messaging
1787480663.751774,125,4,UDP,52783,443,,forward,20260823_155349_messaging_001_f90a,Messaging
1787480663.797189,88,4,UDP,443,52783,,forward,20260823_155349_messaging_001_f90a,Messaging
1787480663.861111,731,4,UDP,52783,443,,forward,20260823_155349_messaging_001_f90a,Messaging
1787480663.89296,88,4,UDP,443,52783,,forward,20260823_155349_messaging_001_f90a,Messaging
1787480663.89296,145,4,UDP,443,52783,,forward,20260823_155349_messaging_001_f90a,Messaging
1787480663.893379,88,4,UDP,52783,443,,forward,20260823_155349_messaging_001_f90a,Messaging
1787480664.018414,84,4,UDP,52783,443,,forward,20260823_155349_messaging_001_f90a,Messaging
1787480664.053193,88,4,UDP,443,52783,,forward,20260823_155349_messaging_001_f90a,Messaging
1787480664.602835,1365,4,UDP,443,52783,,forward,20260823_155349_messaging_001_f90a,Messaging
1787480664.602835,1365,4,UDP,443,52783,,forward,20260823_155349_messaging_001_f90a,Messaging
1787480664.603048,88,4,UDP,52783,443,,forward,20260823_155349_messaging_001_f90a,Messaging
1787480664.603305,145,4,UDP,52783,443,,forward,20260823_155349_messaging_001_f90a,Messaging
1787480664.616459,1329,4,UDP,443,52783,,forward,20260823_155349_messaging_001_f90a,Messaging
1787480664.616459,1365,4,UDP,443,52783,,forward,20260823_155349_messaging_001_f90a,Messaging
1787480664.616459,1365,4,UDP,443,52783,,forward,20260823_155349_messaging_001_f90a,Messaging
1787480664.616675,88,4,UDP,52783,443,,forward,20260823_155349_messaging_001_f90a,Messaging
1787480664.616909,145,4,UDP,52783,443,,forward,20260823_155349_messaging_001_f90a,Messaging
1787480664.636512,88,4,UDP,443,52783,,forward,20260823_155349_messaging_001_f90a,Messaging
1787480664.64696,88,4,UDP,443,52783,,forward,20260823_155349_messaging_001_f90a,Messaging
1787480664.663023,1005,4,UDP,443,52783,,forward,20260823_155349_messaging_001_f90a,Messaging
1787480664.663181,145,4,UDP,52783,443,,forward,20260823_155349_messaging_001_f90a,Messaging
1787480664.663292,88,4,UDP,52783,443,,forward,20260823_155349_messaging_001_f90a,Messaging
1787480664.7067,88,4,UDP,443,52783,,forward,20260823_155349_messaging_001_f90a,Messaging
1787480664.709481,145,4,UDP,52783,443,,forward,20260823_155349_messaging_001_f90a,Messaging
1787480664.724871,145,4,UDP,443,52783,,forward,20260823_155349_messaging_001_f90a,Messaging
1787480664.725075,88,4,UDP,52783,443,,forward,20260823_155349_messaging_001_f90a,Messaging
1787480664.725277,145,4,UDP,52783,443,,forward,20260823_155349_messaging_001_f90a,Messaging
1787480664.740363,165,4,UDP,443,52783,,forward,20260823_155349_messaging_001_f90a,Messaging
1787480664.740363,88,4,UDP,443,52783,,forward,20260823_155349_messaging_001_f90a,Messaging
1787480664.740601,88,4,UDP,52783,443,,forward,20260823_155349_messaging_001_f90a,Messaging
1787480664.756342,88,4,UDP,443,52783,,forward,20260823_155349_messaging_001_f90a,Messaging
1787480664.772307,175,4,UDP,52783,443,,forward,20260823_155349_messaging_001_f90a,Messaging
1787480664.811965,88,4,UDP,443,52783,,forward,20260823_155349_messaging_001_f90a,Messaging
1787480664.834453,158,4,UDP,443,52783,,forward,20260823_155349_messaging_001_f90a,Messaging
1787480664.834638,88,4,UDP,52783,443,,forward,20260823_155349_messaging_001_f90a,Messaging
1787480664.992035,160,4,UDP,52783,443,,forward,20260823_155349_messaging_001_f90a,Messaging
1787480665.038436,88,4,UDP,443,52783,,forward,20260823_155349_messaging_001_f90a,Messaging
1787480665.038436,125,4,UDP,443,52783,,forward,20260823_155349_messaging_001_f90a,Messaging
1787480665.038675,88,4,UDP,52783,443,,forward,20260823_155349_messaging_001_f90a,Messaging
1787480665.305868,125,4,UDP,443,52783,,forward,20260823_155349_messaging_001_f90a,Messaging
1787480665.306063,88,4,UDP,52783,443,,forward,20260823_155349_messaging_001_f90a,Messaging
1787480665.306189,125,4,UDP,52783,443,,forward,20260823_155349_messaging_001_f90a,Messaging
1787480665.352049,88,4,UDP,443,52783,,forward,20260823_155349_messaging_001_f90a,Messaging
1787480665.700916,146,4,UDP,52783,443,,forward,20260823_155349_messaging_001_f90a,Messaging
1787480665.73759,88,4,UDP,443,52783,,forward,20260823_155349_messaging_001_f90a,Messaging
1787480665.73759,157,4,UDP,443,52783,,forward,20260823_155349_messaging_001_f90a,Messaging
1787480665.737847,88,4,UDP,52783,443,,forward,20260823_155349_messaging_001_f90a,Messaging
1787480666.061451,389,4,UDP,52783,443,,forward,20260823_155349_messaging_001_f90a,Messaging
1787480666.092124,88,4,UDP,443,52783,,forward,20260823_155349_messaging_001_f90a,Messaging
1787480666.092124,125,4,UDP,443,52783,,forward,20260823_155349_messaging_001_f90a,Messaging
1787480666.092798,88,4,UDP,52783,443,,forward,20260823_155349_messaging_001_f90a,Messaging
1787480666.245096,219,4,UDP,443,52783,,forward,20260823_155349_messaging_001_f90a,Messaging
1787480666.245316,88,4,UDP,52783,443,,forward,20260823_155349_messaging_001_f90a,Messaging
1787480666.297138,125,4,UDP,52783,443,,forward,20260823_155349_messaging_001_f90a,Messaging
1787480666.328084,88,4,UDP,443,52783,,forward,20260823_155349_messaging_001_f90a,Messaging
1787480666.831559,145,4,UDP,443,52783,,forward,20260823_155349_messaging_001_f90a,Messaging
1787480666.831795,88,4,UDP,52783,443,,forward,20260823_155349_messaging_001_f90a,Messaging
1787480666.832155,145,4,UDP,52783,443,,forward,20260823_155349_messaging_001_f90a,Messaging
1787480666.878393,88,4,UDP,443,52783,,forward,20260823_155349_messaging_001_f90a,Messaging
1787480667.594461,1358,4,UDP,52783,443,,forward,20260823_155349_messaging_001_f90a,Messaging
1787480667.594548,1363,4,UDP,52783,443,,forward,20260823_155349_messaging_001_f90a,Messaging
1787480667.594602,278,4,UDP,52783,443,,forward,20260823_155349_messaging_001_f90a,Messaging
1787480667.634808,88,4,UDP,443,52783,,forward,20260823_155349_messaging_001_f90a,Messaging
1787480667.634808,258,4,UDP,443,52783,,forward,20260823_155349_messaging_001_f90a,Messaging
1787480667.634808,1358,4,UDP,443,52783,,forward,20260823_155349_messaging_001_f90a,Messaging
1787480667.634808,1363,4,UDP,443,52783,,forward,20260823_155349_messaging_001_f90a,Messaging
1787480667.634808,1363,4,UDP,443,52783,,forward,20260823_155349_messaging_001_f90a,Messaging
1787480667.634808,1363,4,UDP,443,52783,,forward,20260823_155349_messaging_001_f90a,Messaging
1787480667.634808,1363,4,UDP,443,52783,,forward,20260823_155349_messaging_001_f90a,Messaging
1787480667.634808,1363,4,UDP,443,52783,,forward,20260823_155349_messaging_001_f90a,Messaging
1787480667.634808,1363,4,UDP,443,52783,,forward,20260823_155349_messaging_001_f90a,Messaging
1787480667.634808,1363,4,UDP,443,52783,,forward,20260823_155349_messaging_001_f90a,Messaging
1787480667.634808,1363,4,UDP,443,52783,,forward,20260823_155349_messaging_001_f90a,Messaging
1787480667.634808,1363,4,UDP,443,52783,,forward,20260823_155349_messaging_001_f90a,Messaging
1787480667.634808,1363,4,UDP,443,52783,,forward,20260823_155349_messaging_001_f90a,Messaging
1787480667.634808,1363,4,UDP,443,52783,,forward,20260823_155349_messaging_001_f90a,Messaging
1787480667.634808,1363,4,UDP,443,52783,,forward,20260823_155349_messaging_001_f90a,Messaging
1787480667.634808,1363,4,UDP,443,52783,,forward,20260823_155349_messaging_001_f90a,Messaging
1787480667.634808,1363,4,UDP,443,52783,,forward,20260823_155349_messaging_001_f90a,Messaging
1787480667.634808,1363,4,UDP,443,52783,,forward,20260823_155349_messaging_001_f90a,Messaging
1787480667.634808,1363,4,UDP,443,52783,,forward,20260823_155349_messaging_001_f90a,Messaging
1787480667.634808,1363,4,UDP,443,52783,,forward,20260823_155349_messaging_001_f90a,Messaging
1787480667.634808,1363,4,UDP,443,52783,,forward,20260823_155349_messaging_001_f90a,Messaging
1787480667.634808,1363,4,UDP,443,52783,,forward,20260823_155349_messaging_001_f90a,Messaging
1787480667.635209,88,4,UDP,52783,443,,forward,20260823_155349_messaging_001_f90a,Messaging
1787480667.635995,254,4,UDP,52783,443,,forward,20260823_155349_messaging_001_f90a,Messaging
1787480667.643351,1363,4,UDP,443,52783,,forward,20260823_155349_messaging_001_f90a,Messaging
1787480667.643351,1363,4,UDP,443,52783,,forward,20260823_155349_messaging_001_f90a,Messaging
1787480667.643351,1363,4,UDP,443,52783,,forward,20260823_155349_messaging_001_f90a,Messaging
1787480667.643351,1363,4,UDP,443,52783,,forward,20260823_155349_messaging_001_f90a,Messaging
1787480667.643351,1363,4,UDP,443,52783,,forward,20260823_155349_messaging_001_f90a,Messaging
1787480667.643351,1363,4,UDP,443,52783,,forward,20260823_155349_messaging_001_f90a,Messaging
1787480667.643351,1363,4,UDP,443,52783,,forward,20260823_155349_messaging_001_f90a,Messaging
1787480667.643351,1363,4,UDP,443,52783,,forward,20260823_155349_messaging_001_f90a,Messaging
1787480667.643351,1363,4,UDP,443,52783,,forward,20260823_155349_messaging_001_f90a,Messaging
1787480667.643351,1363,4,UDP,443,52783,,forward,20260823_155349_messaging_001_f90a,Messaging
1787480667.643351,1363,4,UDP,443,52783,,forward,20260823_155349_messaging_001_f90a,Messaging
1787480667.643351,1363,4,UDP,443,52783,,forward,20260823_155349_messaging_001_f90a,Messaging
1787480667.643351,1363,4,UDP,443,52783,,forward,20260823_155349_messaging_001_f90a,Messaging
1787480667.643351,1363,4,UDP,443,52783,,forward,20260823_155349_messaging_001_f90a,Messaging
1787480667.643351,1363,4,UDP,443,52783,,forward,20260823_155349_messaging_001_f90a,Messaging
1787480667.643351,1363,4,UDP,443,52783,,forward,20260823_155349_messaging_001_f90a,Messaging
1787480667.643351,1363,4,UDP,443,52783,,forward,20260823_155349_messaging_001_f90a,Messaging
1787480667.643351,1363,4,UDP,443,52783,,forward,20260823_155349_messaging_001_f90a,Messaging
1787480667.643351,1363,4,UDP,443,52783,,forward,20260823_155349_messaging_001_f90a,Messaging
1787480667.643351,1363,4,UDP,443,52783,,forward,20260823_155349_messaging_001_f90a,Messaging
1787480667.643351,1363,4,UDP,443,52783,,forward,20260823_155349_messaging_001_f90a,Messaging
1787480667.643351,1363,4,UDP,443,52783,,forward,20260823_155349_messaging_001_f90a,Messaging
1787480667.643351,1363,4,UDP,443,52783,,forward,20260823_155349_messaging_001_f90a,Messaging
1787480667.643351,1363,4,UDP,443,52783,,forward,20260823_155349_messaging_001_f90a,Messaging
1787480667.643351,1363,4,UDP,443,52783,,forward,20260823_155349_messaging_001_f90a,Messaging
1787480667.643351,1363,4,UDP,443,52783,,forward,20260823_155349_messaging_001_f90a,Messaging
1787480667.643351,1363,4,UDP,443,52783,,forward,20260823_155349_messaging_001_f90a,Messaging
1787480667.643351,1363,4,UDP,443,52783,,forward,20260823_155349_messaging_001_f90a,Messaging
1787480667.643783,88,4,UDP,52783,443,,forward,20260823_155349_messaging_001_f90a,Messaging
1787480667.64441,250,4,UDP,52783,443,,forward,20260823_155349_messaging_001_f90a,Messaging
1787480667.65042,1363,4,UDP,443,52783,,forward,20260823_155349_messaging_001_f90a,Messaging
1787480667.65042,1363,4,UDP,443,52783,,forward,20260823_155349_messaging_001_f90a,Messaging
1787480667.65042,1363,4,UDP,443,52783,,forward,20260823_155349_messaging_001_f90a,Messaging
1787480667.65042,1363,4,UDP,443,52783,,forward,20260823_155349_messaging_001_f90a,Messaging
1787480667.65042,1363,4,UDP,443,52783,,forward,20260823_155349_messaging_001_f90a,Messaging
1787480667.65042,1363,4,UDP,443,52783,,forward,20260823_155349_messaging_001_f90a,Messaging
1787480667.65042,1363,4,UDP,443,52783,,forward,20260823_155349_messaging_001_f90a,Messaging
1787480667.65042,1363,4,UDP,443,52783,,forward,20260823_155349_messaging_001_f90a,Messaging
1787480667.65042,1363,4,UDP,443,52783,,forward,20260823_155349_messaging_001_f90a,Messaging
1787480667.65042,1363,4,UDP,443,52783,,forward,20260823_155349_messaging_001_f90a,Messaging
1787480667.65042,1363,4,UDP,443,52783,,forward,20260823_155349_messaging_001_f90a,Messaging
1787480667.65042,1363,4,UDP,443,52783,,forward,20260823_155349_messaging_001_f90a,Messaging
1787480667.65042,1363,4,UDP,443,52783,,forward,20260823_155349_messaging_001_f90a,Messaging
1787480667.65042,1363,4,UDP,443,52783,,forward,20260823_155349_messaging_001_f90a,Messaging
1787480667.65042,1363,4,UDP,443,52783,,forward,20260823_155349_messaging_001_f90a,Messaging
1787480667.65042,1363,4,UDP,443,52783,,forward,20260823_155349_messaging_001_f90a,Messaging
1787480667.65042,1363,4,UDP,443,52783,,forward,20260823_155349_messaging_001_f90a,Messaging
1787480667.65042,1363,4,UDP,443,52783,,forward,20260823_155349_messaging_001_f90a,Messaging
1787480667.65042,1363,4,UDP,443,52783,,forward,20260823_155349_messaging_001_f90a,Messaging
1787480667.65042,1363,4,UDP,443,52783,,forward,20260823_155349_messaging_001_f90a,Messaging
1787480667.65042,1363,4,UDP,443,52783,,forward,20260823_155349_messaging_001_f90a,Messaging
1787480667.65042,1363,4,UDP,443,52783,,forward,20260823_155349_messaging_001_f90a,Messaging
1787480667.65042,1363,4,UDP,443,52783,,forward,20260823_155349_messaging_001_f90a,Messaging
1787480667.65042,1363,4,UDP,443,52783,,forward,20260823_155349_messaging_001_f90a,Messaging
1787480667.65042,1363,4,UDP,443,52783,,forward,20260823_155349_messaging_001_f90a,Messaging
1787480667.65042,1363,4,UDP,443,52783,,forward,20260823_155349_messaging_001_f90a,Messaging
1787480667.65042,1363,4,UDP,443,52783,,forward,20260823_155349_messaging_001_f90a,Messaging
1787480667.65042,1363,4,UDP,443,52783,,forward,20260823_155349_messaging_001_f90a,Messaging
1787480667.65042,1363,4,UDP,443,52783,,forward,20260823_155349_messaging_001_f90a,Messaging
1787480667.65042,1363,4,UDP,443,52783,,forward,20260823_155349_messaging_001_f90a,Messaging
1787480667.65042,1363,4,UDP,443,52783,,forward,20260823_155349_messaging_001_f90a,Messaging
1787480667.65042,1363,4,UDP,443,52783,,forward,20260823_155349_messaging_001_f90a,Messaging
1787480667.65086,89,4,UDP,52783,443,,forward,20260823_155349_messaging_001_f90a,Messaging
1787480667.651267,165,4,UDP,52783,443,,forward,20260823_155349_messaging_001_f90a,Messaging
1787480667.651326,165,4,UDP,52783,443,,forward,20260823_155349_messaging_001_f90a,Messaging
1787480667.651475,166,4,UDP,52783,443,,forward,20260823_155349_messaging_001_f90a,Messaging
1787480667.651567,166,4,UDP,52783,443,,forward,20260823_155349_messaging_001_f90a,Messaging
1787480667.665649,167,4,UDP,52783,443,,forward,20260823_155349_messaging_001_f90a,Messaging
1787480667.665652,1363,4,UDP,443,52783,,forward,20260823_155349_messaging_001_f90a,Messaging
1787480667.665652,1363,4,UDP,443,52783,,forward,20260823_155349_messaging_001_f90a,Messaging
1787480667.665652,1363,4,UDP,443,52783,,forward,20260823_155349_messaging_001_f90a,Messaging
1787480667.665652,1363,4,UDP,443,52783,,forward,20260823_155349_messaging_001_f90a,Messaging
1787480667.665652,1363,4,UDP,443,52783,,forward,20260823_155349_messaging_001_f90a,Messaging
1787480667.665652,1363,4,UDP,443,52783,,forward,20260823_155349_messaging_001_f90a,Messaging
1787480667.665652,1363,4,UDP,443,52783,,forward,20260823_155349_messaging_001_f90a,Messaging
1787480667.665652,1363,4,UDP,443,52783,,forward,20260823_155349_messaging_001_f90a,Messaging
1787480667.665652,1363,4,UDP,443,52783,,forward,20260823_155349_messaging_001_f90a,Messaging
1787480667.665652,1363,4,UDP,443,52783,,forward,20260823_155349_messaging_001_f90a,Messaging
1787480667.665652,1363,4,UDP,443,52783,,forward,20260823_155349_messaging_001_f90a,Messaging
1787480667.665652,1363,4,UDP,443,52783,,forward,20260823_155349_messaging_001_f90a,Messaging
1787480667.665652,1363,4,UDP,443,52783,,forward,20260823_155349_messaging_001_f90a,Messaging
1787480667.665652,1363,4,UDP,443,52783,,forward,20260823_155349_messaging_001_f90a,Messaging
1787480667.665652,1363,4,UDP,443,52783,,forward,20260823_155349_messaging_001_f90a,Messaging
1787480667.665652,1363,4,UDP,443,52783,,forward,20260823_155349_messaging_001_f90a,Messaging
1787480667.665652,1363,4,UDP,443,52783,,forward,20260823_155349_messaging_001_f90a,Messaging
1787480667.665652,1363,4,UDP,443,52783,,forward,20260823_155349_messaging_001_f90a,Messaging
1787480667.665652,1363,4,UDP,443,52783,,forward,20260823_155349_messaging_001_f90a,Messaging
1787480667.665652,1363,4,UDP,443,52783,,forward,20260823_155349_messaging_001_f90a,Messaging
1787480667.665652,1363,4,UDP,443,52783,,forward,20260823_155349_messaging_001_f90a,Messaging
1787480667.665652,1363,4,UDP,443,52783,,forward,20260823_155349_messaging_001_f90a,Messaging
1787480667.665652,1363,4,UDP,443,52783,,forward,20260823_155349_messaging_001_f90a,Messaging
1787480667.665652,1363,4,UDP,443,52783,,forward,20260823_155349_messaging_001_f90a,Messaging
1787480667.665652,1363,4,UDP,443,52783,,forward,20260823_155349_messaging_001_f90a,Messaging
1787480667.665652,1363,4,UDP,443,52783,,forward,20260823_155349_messaging_001_f90a,Messaging
1787480667.665652,1363,4,UDP,443,52783,,forward,20260823_155349_messaging_001_f90a,Messaging
1787480667.665652,1363,4,UDP,443,52783,,forward,20260823_155349_messaging_001_f90a,Messaging
1787480667.665652,1363,4,UDP,443,52783,,forward,20260823_155349_messaging_001_f90a,Messaging
1787480667.665652,1363,4,UDP,443,52783,,forward,20260823_155349_messaging_001_f90a,Messaging
1787480667.665652,1363,4,UDP,443,52783,,forward,20260823_155349_messaging_001_f90a,Messaging
1787480667.665652,1363,4,UDP,443,52783,,forward,20260823_155349_messaging_001_f90a,Messaging
1787480667.665652,1363,4,UDP,443,52783,,forward,20260823_155349_messaging_001_f90a,Messaging
1787480667.665652,1363,4,UDP,443,52783,,forward,20260823_155349_messaging_001_f90a,Messaging
1787480667.665652,1363,4,UDP,443,52783,,forward,20260823_155349_messaging_001_f90a,Messaging
1787480667.665652,1363,4,UDP,443,52783,,forward,20260823_155349_messaging_001_f90a,Messaging
1787480667.665652,1363,4,UDP,443,52783,,forward,20260823_155349_messaging_001_f90a,Messaging
1787480667.665652,1363,4,UDP,443,52783,,forward,20260823_155349_messaging_001_f90a,Messaging
1787480667.665652,1363,4,UDP,443,52783,,forward,20260823_155349_messaging_001_f90a,Messaging
1787480667.665652,1363,4,UDP,443,52783,,forward,20260823_155349_messaging_001_f90a,Messaging
1787480667.665652,1363,4,UDP,443,52783,,forward,20260823_155349_messaging_001_f90a,Messaging
1787480667.665652,1363,4,UDP,443,52783,,forward,20260823_155349_messaging_001_f90a,Messaging
1787480667.665652,1363,4,UDP,443,52783,,forward,20260823_155349_messaging_001_f90a,Messaging
1787480667.665652,1364,4,UDP,443,52783,,forward,20260823_155349_messaging_001_f90a,Messaging
1787480667.665652,1364,4,UDP,443,52783,,forward,20260823_155349_messaging_001_f90a,Messaging
1787480667.665652,1364,4,UDP,443,52783,,forward,20260823_155349_messaging_001_f90a,Messaging
1787480667.665652,1364,4,UDP,443,52783,,forward,20260823_155349_messaging_001_f90a,Messaging
1787480667.665652,1364,4,UDP,443,52783,,forward,20260823_155349_messaging_001_f90a,Messaging
1787480667.665652,1364,4,UDP,443,52783,,forward,20260823_155349_messaging_001_f90a,Messaging
1787480667.665652,1364,4,UDP,443,52783,,forward,20260823_155349_messaging_001_f90a,Messaging
1787480667.665652,1364,4,UDP,443,52783,,forward,20260823_155349_messaging_001_f90a,Messaging
1787480667.665652,1364,4,UDP,443,52783,,forward,20260823_155349_messaging_001_f90a,Messaging
1787480667.665652,1364,4,UDP,443,52783,,forward,20260823_155349_messaging_001_f90a,Messaging
1787480667.665652,1364,4,UDP,443,52783,,forward,20260823_155349_messaging_001_f90a,Messaging
1787480667.665652,1364,4,UDP,443,52783,,forward,20260823_155349_messaging_001_f90a,Messaging
1787480667.665652,1364,4,UDP,443,52783,,forward,20260823_155349_messaging_001_f90a,Messaging
1787480667.666204,89,4,UDP,52783,443,,forward,20260823_155349_messaging_001_f90a,Messaging
1787480667.666656,166,4,UDP,52783,443,,forward,20260823_155349_messaging_001_f90a,Messaging
1787480667.666742,166,4,UDP,52783,443,,forward,20260823_155349_messaging_001_f90a,Messaging
1787480667.666864,166,4,UDP,52783,443,,forward,20260823_155349_messaging_001_f90a,Messaging
1787480667.667101,166,4,UDP,52783,443,,forward,20260823_155349_messaging_001_f90a,Messaging
1787480667.667246,166,4,UDP,52783,443,,forward,20260823_155349_messaging_001_f90a,Messaging
1787480667.676995,1364,4,UDP,443,52783,,forward,20260823_155349_messaging_001_f90a,Messaging
1787480667.676995,1364,4,UDP,443,52783,,forward,20260823_155349_messaging_001_f90a,Messaging
1787480667.676995,1364,4,UDP,443,52783,,forward,20260823_155349_messaging_001_f90a,Messaging
1787480667.676995,1364,4,UDP,443,52783,,forward,20260823_155349_messaging_001_f90a,Messaging
1787480667.676995,1364,4,UDP,443,52783,,forward,20260823_155349_messaging_001_f90a,Messaging
1787480667.676995,1364,4,UDP,443,52783,,forward,20260823_155349_messaging_001_f90a,Messaging
1787480667.676995,1364,4,UDP,443,52783,,forward,20260823_155349_messaging_001_f90a,Messaging
1787480667.676995,1364,4,UDP,443,52783,,forward,20260823_155349_messaging_001_f90a,Messaging
1787480667.676995,1364,4,UDP,443,52783,,forward,20260823_155349_messaging_001_f90a,Messaging
1787480667.676995,1364,4,UDP,443,52783,,forward,20260823_155349_messaging_001_f90a,Messaging
1787480667.676995,1364,4,UDP,443,52783,,forward,20260823_155349_messaging_001_f90a,Messaging
1787480667.676995,1364,4,UDP,443,52783,,forward,20260823_155349_messaging_001_f90a,Messaging
1787480667.676995,1364,4,UDP,443,52783,,forward,20260823_155349_messaging_001_f90a,Messaging
1787480667.676995,1364,4,UDP,443,52783,,forward,20260823_155349_messaging_001_f90a,Messaging
1787480667.676995,1364,4,UDP,443,52783,,forward,20260823_155349_messaging_001_f90a,Messaging
1787480667.676995,1364,4,UDP,443,52783,,forward,20260823_155349_messaging_001_f90a,Messaging
1787480667.676995,1364,4,UDP,443,52783,,forward,20260823_155349_messaging_001_f90a,Messaging
1787480667.676995,1364,4,UDP,443,52783,,forward,20260823_155349_messaging_001_f90a,Messaging
1787480667.676995,1364,4,UDP,443,52783,,forward,20260823_155349_messaging_001_f90a,Messaging
1787480667.676995,1364,4,UDP,443,52783,,forward,20260823_155349_messaging_001_f90a,Messaging
1787480667.676995,1364,4,UDP,443,52783,,forward,20260823_155349_messaging_001_f90a,Messaging
1787480667.676995,1364,4,UDP,443,52783,,forward,20260823_155349_messaging_001_f90a,Messaging
1787480667.676995,1364,4,UDP,443,52783,,forward,20260823_155349_messaging_001_f90a,Messaging
1787480667.676995,1364,4,UDP,443,52783,,forward,20260823_155349_messaging_001_f90a,Messaging
1787480667.676995,1364,4,UDP,443,52783,,forward,20260823_155349_messaging_001_f90a,Messaging
1787480667.676995,1364,4,UDP,443,52783,,forward,20260823_155349_messaging_001_f90a,Messaging
1787480667.676995,1364,4,UDP,443,52783,,forward,20260823_155349_messaging_001_f90a,Messaging
1787480667.676995,1364,4,UDP,443,52783,,forward,20260823_155349_messaging_001_f90a,Messaging
1787480667.676995,1364,4,UDP,443,52783,,forward,20260823_155349_messaging_001_f90a,Messaging
1787480667.676995,1364,4,UDP,443,52783,,forward,20260823_155349_messaging_001_f90a,Messaging
1787480667.676995,1364,4,UDP,443,52783,,forward,20260823_155349_messaging_001_f90a,Messaging
1787480667.676995,1364,4,UDP,443,52783,,forward,20260823_155349_messaging_001_f90a,Messaging
1787480667.676995,1364,4,UDP,443,52783,,forward,20260823_155349_messaging_001_f90a,Messaging
1787480667.676995,1364,4,UDP,443,52783,,forward,20260823_155349_messaging_001_f90a,Messaging
1787480667.676995,1364,4,UDP,443,52783,,forward,20260823_155349_messaging_001_f90a,Messaging
1787480667.676995,1364,4,UDP,443,52783,,forward,20260823_155349_messaging_001_f90a,Messaging
1787480667.676995,1364,4,UDP,443,52783,,forward,20260823_155349_messaging_001_f90a,Messaging
1787480667.676995,1364,4,UDP,443,52783,,forward,20260823_155349_messaging_001_f90a,Messaging
1787480667.676995,1364,4,UDP,443,52783,,forward,20260823_155349_messaging_001_f90a,Messaging
1787480667.676995,1364,4,UDP,443,52783,,forward,20260823_155349_messaging_001_f90a,Messaging
1787480667.676995,1364,4,UDP,443,52783,,forward,20260823_155349_messaging_001_f90a,Messaging
1787480667.676995,1364,4,UDP,443,52783,,forward,20260823_155349_messaging_001_f90a,Messaging
1787480667.676995,1364,4,UDP,443,52783,,forward,20260823_155349_messaging_001_f90a,Messaging
1787480667.676995,1364,4,UDP,443,52783,,forward,20260823_155349_messaging_001_f90a,Messaging
1787480667.676995,1364,4,UDP,443,52783,,forward,20260823_155349_messaging_001_f90a,Messaging
1787480667.676995,1364,4,UDP,443,52783,,forward,20260823_155349_messaging_001_f90a,Messaging
1787480667.676995,1364,4,UDP,443,52783,,forward,20260823_155349_messaging_001_f90a,Messaging
1787480667.676995,1364,4,UDP,443,52783,,forward,20260823_155349_messaging_001_f90a,Messaging
1787480667.67751,91,4,UDP,52783,443,,forward,20260823_155349_messaging_001_f90a,Messaging
1787480667.678055,432,4,UDP,52783,443,,forward,20260823_155349_messaging_001_f90a,Messaging
1787480667.678151,168,4,UDP,52783,443,,forward,20260823_155349_messaging_001_f90a,Messaging
1787480667.678318,261,4,UDP,52783,443,,forward,20260823_155349_messaging_001_f90a,Messaging
1787480667.678548,168,4,UDP,52783,443,,forward,20260823_155349_messaging_001_f90a,Messaging
1787480667.681022,1364,4,UDP,443,52783,,forward,20260823_155349_messaging_001_f90a,Messaging
1787480667.681022,1364,4,UDP,443,52783,,forward,20260823_155349_messaging_001_f90a,Messaging
1787480667.681022,1364,4,UDP,443,52783,,forward,20260823_155349_messaging_001_f90a,Messaging
1787480667.681022,1364,4,UDP,443,52783,,forward,20260823_155349_messaging_001_f90a,Messaging
1787480667.681022,1364,4,UDP,443,52783,,forward,20260823_155349_messaging_001_f90a,Messaging
1787480667.681022,1364,4,UDP,443,52783,,forward,20260823_155349_messaging_001_f90a,Messaging
1787480667.681022,1364,4,UDP,443,52783,,forward,20260823_155349_messaging_001_f90a,Messaging
1787480667.681022,1364,4,UDP,443,52783,,forward,20260823_155349_messaging_001_f90a,Messaging
1787480667.681022,1364,4,UDP,443,52783,,forward,20260823_155349_messaging_001_f90a,Messaging
1787480667.681022,1364,4,UDP,443,52783,,forward,20260823_155349_messaging_001_f90a,Messaging
1787480667.681022,1364,4,UDP,443,52783,,forward,20260823_155349_messaging_001_f90a,Messaging
1787480667.681022,1364,4,UDP,443,52783,,forward,20260823_155349_messaging_001_f90a,Messaging
1787480667.681022,1364,4,UDP,443,52783,,forward,20260823_155349_messaging_001_f90a,Messaging
1787480667.681022,1364,4,UDP,443,52783,,forward,20260823_155349_messaging_001_f90a,Messaging
1787480667.681022,1364,4,UDP,443,52783,,forward,20260823_155349_messaging_001_f90a,Messaging
1787480667.681022,1364,4,UDP,443,52783,,forward,20260823_155349_messaging_001_f90a,Messaging
1787480667.681022,1364,4,UDP,443,52783,,forward,20260823_155349_messaging_001_f90a,Messaging
1787480667.681022,1364,4,UDP,443,52783,,forward,20260823_155349_messaging_001_f90a,Messaging
1787480667.681022,1364,4,UDP,443,52783,,forward,20260823_155349_messaging_001_f90a,Messaging
1787480667.681022,1364,4,UDP,443,52783,,forward,20260823_155349_messaging_001_f90a,Messaging
1787480667.681022,89,4,UDP,443,52783,,forward,20260823_155349_messaging_001_f90a,Messaging
1787480667.681433,92,4,UDP,52783,443,,forward,20260823_155349_messaging_001_f90a,Messaging
1787480667.681934,168,4,UDP,52783,443,,forward,20260823_155349_messaging_001_f90a,Messaging
1787480667.682018,168,4,UDP,52783,443,,forward,20260823_155349_messaging_001_f90a,Messaging
1787480667.696592,170,4,UDP,52783,443,,forward,20260823_155349_messaging_001_f90a,Messaging
1787480667.696624,1364,4,UDP,443,52783,,forward,20260823_155349_messaging_001_f90a,Messaging
1787480667.696624,1364,4,UDP,443,52783,,forward,20260823_155349_messaging_001_f90a,Messaging
1787480667.696624,1364,4,UDP,443,52783,,forward,20260823_155349_messaging_001_f90a,Messaging
1787480667.696624,1364,4,UDP,443,52783,,forward,20260823_155349_messaging_001_f90a,Messaging
1787480667.696624,1364,4,UDP,443,52783,,forward,20260823_155349_messaging_001_f90a,Messaging
1787480667.696624,1364,4,UDP,443,52783,,forward,20260823_155349_messaging_001_f90a,Messaging
1787480667.696624,1364,4,UDP,443,52783,,forward,20260823_155349_messaging_001_f90a,Messaging
1787480667.696624,1364,4,UDP,443,52783,,forward,20260823_155349_messaging_001_f90a,Messaging
1787480667.696624,1364,4,UDP,443,52783,,forward,20260823_155349_messaging_001_f90a,Messaging
1787480667.696624,1364,4,UDP,443,52783,,forward,20260823_155349_messaging_001_f90a,Messaging
1787480667.696624,1364,4,UDP,443,52783,,forward,20260823_155349_messaging_001_f90a,Messaging
1787480667.696624,1364,4,UDP,443,52783,,forward,20260823_155349_messaging_001_f90a,Messaging
1787480667.696624,1364,4,UDP,443,52783,,forward,20260823_155349_messaging_001_f90a,Messaging
1787480667.696624,1364,4,UDP,443,52783,,forward,20260823_155349_messaging_001_f90a,Messaging
1787480667.696624,1364,4,UDP,443,52783,,forward,20260823_155349_messaging_001_f90a,Messaging
1787480667.696624,1364,4,UDP,443,52783,,forward,20260823_155349_messaging_001_f90a,Messaging
1787480667.696624,1364,4,UDP,443,52783,,forward,20260823_155349_messaging_001_f90a,Messaging
1787480667.696624,1364,4,UDP,443,52783,,forward,20260823_155349_messaging_001_f90a,Messaging
1787480667.696624,1364,4,UDP,443,52783,,forward,20260823_155349_messaging_001_f90a,Messaging
1787480667.696624,1364,4,UDP,443,52783,,forward,20260823_155349_messaging_001_f90a,Messaging
1787480667.696624,1364,4,UDP,443,52783,,forward,20260823_155349_messaging_001_f90a,Messaging
1787480667.696624,1364,4,UDP,443,52783,,forward,20260823_155349_messaging_001_f90a,Messaging
1787480667.696624,1364,4,UDP,443,52783,,forward,20260823_155349_messaging_001_f90a,Messaging
1787480667.696624,1364,4,UDP,443,52783,,forward,20260823_155349_messaging_001_f90a,Messaging
1787480667.696624,1364,4,UDP,443,52783,,forward,20260823_155349_messaging_001_f90a,Messaging
1787480667.696624,1364,4,UDP,443,52783,,forward,20260823_155349_messaging_001_f90a,Messaging
1787480667.696624,1364,4,UDP,443,52783,,forward,20260823_155349_messaging_001_f90a,Messaging
1787480667.696624,1364,4,UDP,443,52783,,forward,20260823_155349_messaging_001_f90a,Messaging
1787480667.696624,1364,4,UDP,443,52783,,forward,20260823_155349_messaging_001_f90a,Messaging
1787480667.696624,1364,4,UDP,443,52783,,forward,20260823_155349_messaging_001_f90a,Messaging
1787480667.696624,1364,4,UDP,443,52783,,forward,20260823_155349_messaging_001_f90a,Messaging
1787480667.696624,1364,4,UDP,443,52783,,forward,20260823_155349_messaging_001_f90a,Messaging
1787480667.696624,89,4,UDP,443,52783,,forward,20260823_155349_messaging_001_f90a,Messaging
1787480667.696624,1364,4,UDP,443,52783,,forward,20260823_155349_messaging_001_f90a,Messaging
1787480667.696624,1364,4,UDP,443,52783,,forward,20260823_155349_messaging_001_f90a,Messaging
1787480667.696624,1364,4,UDP,443,52783,,forward,20260823_155349_messaging_001_f90a,Messaging
1787480667.696624,1364,4,UDP,443,52783,,forward,20260823_155349_messaging_001_f90a,Messaging
1787480667.696624,1364,4,UDP,443,52783,,forward,20260823_155349_messaging_001_f90a,Messaging
1787480667.696624,1364,4,UDP,443,52783,,forward,20260823_155349_messaging_001_f90a,Messaging
1787480667.696624,1364,4,UDP,443,52783,,forward,20260823_155349_messaging_001_f90a,Messaging
1787480667.696624,1364,4,UDP,443,52783,,forward,20260823_155349_messaging_001_f90a,Messaging
1787480667.696624,1364,4,UDP,443,52783,,forward,20260823_155349_messaging_001_f90a,Messaging
1787480667.696624,1364,4,UDP,443,52783,,forward,20260823_155349_messaging_001_f90a,Messaging
1787480667.696624,1364,4,UDP,443,52783,,forward,20260823_155349_messaging_001_f90a,Messaging
1787480667.696624,1364,4,UDP,443,52783,,forward,20260823_155349_messaging_001_f90a,Messaging
1787480667.696624,1364,4,UDP,443,52783,,forward,20260823_155349_messaging_001_f90a,Messaging
1787480667.696624,1364,4,UDP,443,52783,,forward,20260823_155349_messaging_001_f90a,Messaging
1787480667.696624,1364,4,UDP,443,52783,,forward,20260823_155349_messaging_001_f90a,Messaging
1787480667.696624,1364,4,UDP,443,52783,,forward,20260823_155349_messaging_001_f90a,Messaging
1787480667.696624,1364,4,UDP,443,52783,,forward,20260823_155349_messaging_001_f90a,Messaging
1787480667.696624,1364,4,UDP,443,52783,,forward,20260823_155349_messaging_001_f90a,Messaging
1787480667.696624,1364,4,UDP,443,52783,,forward,20260823_155349_messaging_001_f90a,Messaging
1787480667.696624,1364,4,UDP,443,52783,,forward,20260823_155349_messaging_001_f90a,Messaging
1787480667.696624,1364,4,UDP,443,52783,,forward,20260823_155349_messaging_001_f90a,Messaging
1787480667.696624,1364,4,UDP,443,52783,,forward,20260823_155349_messaging_001_f90a,Messaging
1787480667.696624,1364,4,UDP,443,52783,,forward,20260823_155349_messaging_001_f90a,Messaging
1787480667.696624,1364,4,UDP,443,52783,,forward,20260823_155349_messaging_001_f90a,Messaging
1787480667.696624,1364,4,UDP,443,52783,,forward,20260823_155349_messaging_001_f90a,Messaging
1787480667.696624,1364,4,UDP,443,52783,,forward,20260823_155349_messaging_001_f90a,Messaging
1787480667.696624,1364,4,UDP,443,52783,,forward,20260823_155349_messaging_001_f90a,Messaging
1787480667.696624,1364,4,UDP,443,52783,,forward,20260823_155349_messaging_001_f90a,Messaging
1787480667.697153,91,4,UDP,52783,443,,forward,20260823_155349_messaging_001_f90a,Messaging
1787480667.697642,169,4,UDP,52783,443,,forward,20260823_155349_messaging_001_f90a,Messaging
1787480667.697708,169,4,UDP,52783,443,,forward,20260823_155349_messaging_001_f90a,Messaging
1787480667.697915,169,4,UDP,52783,443,,forward,20260823_155349_messaging_001_f90a,Messaging
1787480667.697991,169,4,UDP,52783,443,,forward,20260823_155349_messaging_001_f90a,Messaging
1787480667.698159,169,4,UDP,52783,443,,forward,20260823_155349_messaging_001_f90a,Messaging
1787480667.698372,169,4,UDP,52783,443,,forward,20260823_155349_messaging_001_f90a,Messaging
1787480667.712153,1364,4,UDP,443,52783,,forward,20260823_155349_messaging_001_f90a,Messaging
1787480667.712153,1364,4,UDP,443,52783,,forward,20260823_155349_messaging_001_f90a,Messaging
1787480667.712153,1364,4,UDP,443,52783,,forward,20260823_155349_messaging_001_f90a,Messaging
1787480667.712153,1364,4,UDP,443,52783,,forward,20260823_155349_messaging_001_f90a,Messaging
1787480667.712153,1364,4,UDP,443,52783,,forward,20260823_155349_messaging_001_f90a,Messaging
1787480667.712153,1364,4,UDP,443,52783,,forward,20260823_155349_messaging_001_f90a,Messaging
1787480667.712153,1364,4,UDP,443,52783,,forward,20260823_155349_messaging_001_f90a,Messaging
1787480667.712153,1364,4,UDP,443,52783,,forward,20260823_155349_messaging_001_f90a,Messaging
1787480667.712153,1364,4,UDP,443,52783,,forward,20260823_155349_messaging_001_f90a,Messaging
1787480667.712153,1364,4,UDP,443,52783,,forward,20260823_155349_messaging_001_f90a,Messaging
1787480667.712153,1364,4,UDP,443,52783,,forward,20260823_155349_messaging_001_f90a,Messaging
1787480667.712153,1364,4,UDP,443,52783,,forward,20260823_155349_messaging_001_f90a,Messaging
1787480667.712153,1364,4,UDP,443,52783,,forward,20260823_155349_messaging_001_f90a,Messaging
1787480667.712153,1364,4,UDP,443,52783,,forward,20260823_155349_messaging_001_f90a,Messaging
1787480667.712153,1364,4,UDP,443,52783,,forward,20260823_155349_messaging_001_f90a,Messaging
1787480667.712153,1364,4,UDP,443,52783,,forward,20260823_155349_messaging_001_f90a,Messaging
1787480667.712153,1364,4,UDP,443,52783,,forward,20260823_155349_messaging_001_f90a,Messaging
1787480667.712153,1364,4,UDP,443,52783,,forward,20260823_155349_messaging_001_f90a,Messaging
1787480667.712153,1364,4,UDP,443,52783,,forward,20260823_155349_messaging_001_f90a,Messaging
1787480667.712153,1364,4,UDP,443,52783,,forward,20260823_155349_messaging_001_f90a,Messaging
1787480667.712153,1364,4,UDP,443,52783,,forward,20260823_155349_messaging_001_f90a,Messaging
1787480667.712153,1364,4,UDP,443,52783,,forward,20260823_155349_messaging_001_f90a,Messaging
1787480667.712153,1364,4,UDP,443,52783,,forward,20260823_155349_messaging_001_f90a,Messaging
1787480667.712153,1364,4,UDP,443,52783,,forward,20260823_155349_messaging_001_f90a,Messaging
1787480667.712153,89,4,UDP,443,52783,,forward,20260823_155349_messaging_001_f90a,Messaging
1787480667.712153,1364,4,UDP,443,52783,,forward,20260823_155349_messaging_001_f90a,Messaging
1787480667.712153,1364,4,UDP,443,52783,,forward,20260823_155349_messaging_001_f90a,Messaging
1787480667.712153,1364,4,UDP,443,52783,,forward,20260823_155349_messaging_001_f90a,Messaging
1787480667.712153,1364,4,UDP,443,52783,,forward,20260823_155349_messaging_001_f90a,Messaging
1787480667.712153,1364,4,UDP,443,52783,,forward,20260823_155349_messaging_001_f90a,Messaging
1787480667.712153,1364,4,UDP,443,52783,,forward,20260823_155349_messaging_001_f90a,Messaging
1787480667.712153,1364,4,UDP,443,52783,,forward,20260823_155349_messaging_001_f90a,Messaging
1787480667.712153,1364,4,UDP,443,52783,,forward,20260823_155349_messaging_001_f90a,Messaging
1787480667.712153,1364,4,UDP,443,52783,,forward,20260823_155349_messaging_001_f90a,Messaging
1787480667.712153,1364,4,UDP,443,52783,,forward,20260823_155349_messaging_001_f90a,Messaging
1787480667.712153,1364,4,UDP,443,52783,,forward,20260823_155349_messaging_001_f90a,Messaging
1787480667.712153,1364,4,UDP,443,52783,,forward,20260823_155349_messaging_001_f90a,Messaging
1787480667.712153,1364,4,UDP,443,52783,,forward,20260823_155349_messaging_001_f90a,Messaging
1787480667.712153,1364,4,UDP,443,52783,,forward,20260823_155349_messaging_001_f90a,Messaging
1787480667.712153,1364,4,UDP,443,52783,,forward,20260823_155349_messaging_001_f90a,Messaging
1787480667.712153,1364,4,UDP,443,52783,,forward,20260823_155349_messaging_001_f90a,Messaging
1787480667.712153,1364,4,UDP,443,52783,,forward,20260823_155349_messaging_001_f90a,Messaging
1787480667.712153,1364,4,UDP,443,52783,,forward,20260823_155349_messaging_001_f90a,Messaging
1787480667.712153,1364,4,UDP,443,52783,,forward,20260823_155349_messaging_001_f90a,Messaging
1787480667.712153,1364,4,UDP,443,52783,,forward,20260823_155349_messaging_001_f90a,Messaging
1787480667.712153,1364,4,UDP,443,52783,,forward,20260823_155349_messaging_001_f90a,Messaging
1787480667.712153,1364,4,UDP,443,52783,,forward,20260823_155349_messaging_001_f90a,Messaging
1787480667.712153,1364,4,UDP,443,52783,,forward,20260823_155349_messaging_001_f90a,Messaging
1787480667.712153,1364,4,UDP,443,52783,,forward,20260823_155349_messaging_001_f90a,Messaging
1787480667.712153,89,4,UDP,443,52783,,forward,20260823_155349_messaging_001_f90a,Messaging
1787480667.712153,1364,4,UDP,443,52783,,forward,20260823_155349_messaging_001_f90a,Messaging
1787480667.712153,1364,4,UDP,443,52783,,forward,20260823_155349_messaging_001_f90a,Messaging
1787480667.712153,1364,4,UDP,443,52783,,forward,20260823_155349_messaging_001_f90a,Messaging
1787480667.712153,1364,4,UDP,443,52783,,forward,20260823_155349_messaging_001_f90a,Messaging
1787480667.712153,1364,4,UDP,443,52783,,forward,20260823_155349_messaging_001_f90a,Messaging
1787480667.712153,1364,4,UDP,443,52783,,forward,20260823_155349_messaging_001_f90a,Messaging
1787480667.712153,1364,4,UDP,443,52783,,forward,20260823_155349_messaging_001_f90a,Messaging
1787480667.712153,1364,4,UDP,443,52783,,forward,20260823_155349_messaging_001_f90a,Messaging
1787480667.712153,1364,4,UDP,443,52783,,forward,20260823_155349_messaging_001_f90a,Messaging
1787480667.712153,1364,4,UDP,443,52783,,forward,20260823_155349_messaging_001_f90a,Messaging
1787480667.712153,1364,4,UDP,443,52783,,forward,20260823_155349_messaging_001_f90a,Messaging
1787480667.712153,1364,4,UDP,443,52783,,forward,20260823_155349_messaging_001_f90a,Messaging
1787480667.712153,88,4,UDP,443,52783,,forward,20260823_155349_messaging_001_f90a,Messaging
1787480667.712707,89,4,UDP,52783,443,,forward,20260823_155349_messaging_001_f90a,Messaging
1787480667.713262,258,4,UDP,52783,443,,forward,20260823_155349_messaging_001_f90a,Messaging
1787480667.713472,169,4,UDP,52783,443,,forward,20260823_155349_messaging_001_f90a,Messaging
1787480667.713589,169,4,UDP,52783,443,,forward,20260823_155349_messaging_001_f90a,Messaging
1787480667.713721,169,4,UDP,52783,443,,forward,20260823_155349_messaging_001_f90a,Messaging
1787480667.713891,169,4,UDP,52783,443,,forward,20260823_155349_messaging_001_f90a,Messaging
1787480667.727248,1363,4,UDP,443,52783,,forward,20260823_155349_messaging_001_f90a,Messaging
1787480667.727248,1363,4,UDP,443,52783,,forward,20260823_155349_messaging_001_f90a,Messaging
1787480667.727248,1372,4,UDP,443,52783,,forward,20260823_155349_messaging_001_f90a,Messaging
1787480667.727248,1364,4,UDP,443,52783,,forward,20260823_155349_messaging_001_f90a,Messaging
1787480667.727248,1364,4,UDP,443,52783,,forward,20260823_155349_messaging_001_f90a,Messaging
1787480667.727248,1364,4,UDP,443,52783,,forward,20260823_155349_messaging_001_f90a,Messaging
1787480667.727248,1364,4,UDP,443,52783,,forward,20260823_155349_messaging_001_f90a,Messaging
1787480667.727248,1364,4,UDP,443,52783,,forward,20260823_155349_messaging_001_f90a,Messaging
1787480667.727248,1364,4,UDP,443,52783,,forward,20260823_155349_messaging_001_f90a,Messaging
1787480667.727248,1364,4,UDP,443,52783,,forward,20260823_155349_messaging_001_f90a,Messaging
1787480667.727248,1364,4,UDP,443,52783,,forward,20260823_155349_messaging_001_f90a,Messaging
1787480667.727248,1364,4,UDP,443,52783,,forward,20260823_155349_messaging_001_f90a,Messaging
1787480667.727248,1364,4,UDP,443,52783,,forward,20260823_155349_messaging_001_f90a,Messaging
1787480667.727248,1364,4,UDP,443,52783,,forward,20260823_155349_messaging_001_f90a,Messaging
1787480667.727248,1364,4,UDP,443,52783,,forward,20260823_155349_messaging_001_f90a,Messaging
1787480667.727248,1364,4,UDP,443,52783,,forward,20260823_155349_messaging_001_f90a,Messaging
1787480667.727248,1364,4,UDP,443,52783,,forward,20260823_155349_messaging_001_f90a,Messaging
1787480667.727248,1364,4,UDP,443,52783,,forward,20260823_155349_messaging_001_f90a,Messaging
1787480667.727248,1364,4,UDP,443,52783,,forward,20260823_155349_messaging_001_f90a,Messaging
1787480667.727248,1364,4,UDP,443,52783,,forward,20260823_155349_messaging_001_f90a,Messaging
1787480667.727248,1364,4,UDP,443,52783,,forward,20260823_155349_messaging_001_f90a,Messaging
1787480667.727248,1364,4,UDP,443,52783,,forward,20260823_155349_messaging_001_f90a,Messaging
1787480667.727248,1364,4,UDP,443,52783,,forward,20260823_155349_messaging_001_f90a,Messaging
1787480667.727248,1364,4,UDP,443,52783,,forward,20260823_155349_messaging_001_f90a,Messaging
1787480667.727248,1364,4,UDP,443,52783,,forward,20260823_155349_messaging_001_f90a,Messaging
1787480667.727248,1364,4,UDP,443,52783,,forward,20260823_155349_messaging_001_f90a,Messaging
1787480667.727248,1364,4,UDP,443,52783,,forward,20260823_155349_messaging_001_f90a,Messaging
1787480667.727248,1364,4,UDP,443,52783,,forward,20260823_155349_messaging_001_f90a,Messaging
1787480667.727248,1364,4,UDP,443,52783,,forward,20260823_155349_messaging_001_f90a,Messaging
1787480667.727248,1364,4,UDP,443,52783,,forward,20260823_155349_messaging_001_f90a,Messaging
1787480667.727248,1364,4,UDP,443,52783,,forward,20260823_155349_messaging_001_f90a,Messaging
1787480667.727248,1364,4,UDP,443,52783,,forward,20260823_155349_messaging_001_f90a,Messaging
1787480667.727248,1364,4,UDP,443,52783,,forward,20260823_155349_messaging_001_f90a,Messaging
1787480667.727248,1364,4,UDP,443,52783,,forward,20260823_155349_messaging_001_f90a,Messaging
1787480667.727248,1364,4,UDP,443,52783,,forward,20260823_155349_messaging_001_f90a,Messaging
1787480667.727248,1364,4,UDP,443,52783,,forward,20260823_155349_messaging_001_f90a,Messaging
1787480667.727248,1364,4,UDP,443,52783,,forward,20260823_155349_messaging_001_f90a,Messaging
1787480667.727248,1364,4,UDP,443,52783,,forward,20260823_155349_messaging_001_f90a,Messaging
1787480667.727248,1364,4,UDP,443,52783,,forward,20260823_155349_messaging_001_f90a,Messaging
1787480667.727248,1364,4,UDP,443,52783,,forward,20260823_155349_messaging_001_f90a,Messaging
1787480667.727248,1364,4,UDP,443,52783,,forward,20260823_155349_messaging_001_f90a,Messaging
1787480667.727248,1364,4,UDP,443,52783,,forward,20260823_155349_messaging_001_f90a,Messaging
1787480667.727248,1364,4,UDP,443,52783,,forward,20260823_155349_messaging_001_f90a,Messaging
1787480667.727248,1364,4,UDP,443,52783,,forward,20260823_155349_messaging_001_f90a,Messaging
1787480667.727248,1364,4,UDP,443,52783,,forward,20260823_155349_messaging_001_f90a,Messaging
1787480667.727248,1364,4,UDP,443,52783,,forward,20260823_155349_messaging_001_f90a,Messaging
1787480667.727248,1364,4,UDP,443,52783,,forward,20260823_155349_messaging_001_f90a,Messaging
1787480667.727248,1364,4,UDP,443,52783,,forward,20260823_155349_messaging_001_f90a,Messaging
1787480667.727248,1364,4,UDP,443,52783,,forward,20260823_155349_messaging_001_f90a,Messaging
1787480667.727248,1364,4,UDP,443,52783,,forward,20260823_155349_messaging_001_f90a,Messaging
1787480667.727248,1364,4,UDP,443,52783,,forward,20260823_155349_messaging_001_f90a,Messaging
1787480667.727248,1364,4,UDP,443,52783,,forward,20260823_155349_messaging_001_f90a,Messaging
1787480667.727248,1364,4,UDP,443,52783,,forward,20260823_155349_messaging_001_f90a,Messaging
1787480667.727248,1364,4,UDP,443,52783,,forward,20260823_155349_messaging_001_f90a,Messaging
1787480667.727248,1364,4,UDP,443,52783,,forward,20260823_155349_messaging_001_f90a,Messaging
1787480667.727824,89,4,UDP,52783,443,,forward,20260823_155349_messaging_001_f90a,Messaging
1787480667.728359,166,4,UDP,52783,443,,forward,20260823_155349_messaging_001_f90a,Messaging
1787480667.728455,166,4,UDP,52783,443,,forward,20260823_155349_messaging_001_f90a,Messaging
1787480667.728565,166,4,UDP,52783,443,,forward,20260823_155349_messaging_001_f90a,Messaging
1787480667.728982,257,4,UDP,52783,443,,forward,20260823_155349_messaging_001_f90a,Messaging
1787480667.743283,167,4,UDP,52783,443,,forward,20260823_155349_messaging_001_f90a,Messaging
1787480667.743319,1364,4,UDP,443,52783,,forward,20260823_155349_messaging_001_f90a,Messaging
1787480667.743319,1364,4,UDP,443,52783,,forward,20260823_155349_messaging_001_f90a,Messaging
1787480667.743319,1364,4,UDP,443,52783,,forward,20260823_155349_messaging_001_f90a,Messaging
1787480667.743319,1364,4,UDP,443,52783,,forward,20260823_155349_messaging_001_f90a,Messaging
1787480667.743319,1364,4,UDP,443,52783,,forward,20260823_155349_messaging_001_f90a,Messaging
1787480667.743319,88,4,UDP,443,52783,,forward,20260823_155349_messaging_001_f90a,Messaging
1787480667.743319,88,4,UDP,443,52783,,forward,20260823_155349_messaging_001_f90a,Messaging
1787480667.743319,1363,4,UDP,443,52783,,forward,20260823_155349_messaging_001_f90a,Messaging
1787480667.743319,1372,4,UDP,443,52783,,forward,20260823_155349_messaging_001_f90a,Messaging
1787480667.743319,1364,4,UDP,443,52783,,forward,20260823_155349_messaging_001_f90a,Messaging
1787480667.743319,1364,4,UDP,443,52783,,forward,20260823_155349_messaging_001_f90a,Messaging
1787480667.743319,1364,4,UDP,443,52783,,forward,20260823_155349_messaging_001_f90a,Messaging
1787480667.743319,1364,4,UDP,443,52783,,forward,20260823_155349_messaging_001_f90a,Messaging
1787480667.743319,1364,4,UDP,443,52783,,forward,20260823_155349_messaging_001_f90a,Messaging
1787480667.743319,1364,4,UDP,443,52783,,forward,20260823_155349_messaging_001_f90a,Messaging
1787480667.743319,1364,4,UDP,443,52783,,forward,20260823_155349_messaging_001_f90a,Messaging
1787480667.743319,1364,4,UDP,443,52783,,forward,20260823_155349_messaging_001_f90a,Messaging
1787480667.743319,1364,4,UDP,443,52783,,forward,20260823_155349_messaging_001_f90a,Messaging
1787480667.743319,1364,4,UDP,443,52783,,forward,20260823_155349_messaging_001_f90a,Messaging
1787480667.743319,1364,4,UDP,443,52783,,forward,20260823_155349_messaging_001_f90a,Messaging
1787480667.743319,1364,4,UDP,443,52783,,forward,20260823_155349_messaging_001_f90a,Messaging
1787480667.743319,1364,4,UDP,443,52783,,forward,20260823_155349_messaging_001_f90a,Messaging
1787480667.743319,1364,4,UDP,443,52783,,forward,20260823_155349_messaging_001_f90a,Messaging
1787480667.743319,1364,4,UDP,443,52783,,forward,20260823_155349_messaging_001_f90a,Messaging
1787480667.743319,1364,4,UDP,443,52783,,forward,20260823_155349_messaging_001_f90a,Messaging
1787480667.743319,1364,4,UDP,443,52783,,forward,20260823_155349_messaging_001_f90a,Messaging
1787480667.743319,1364,4,UDP,443,52783,,forward,20260823_155349_messaging_001_f90a,Messaging
1787480667.743319,1364,4,UDP,443,52783,,forward,20260823_155349_messaging_001_f90a,Messaging
1787480667.743319,1364,4,UDP,443,52783,,forward,20260823_155349_messaging_001_f90a,Messaging
1787480667.743319,1364,4,UDP,443,52783,,forward,20260823_155349_messaging_001_f90a,Messaging
1787480667.743319,1364,4,UDP,443,52783,,forward,20260823_155349_messaging_001_f90a,Messaging
1787480667.743319,1364,4,UDP,443,52783,,forward,20260823_155349_messaging_001_f90a,Messaging
1787480667.743319,1364,4,UDP,443,52783,,forward,20260823_155349_messaging_001_f90a,Messaging
1787480667.743319,1364,4,UDP,443,52783,,forward,20260823_155349_messaging_001_f90a,Messaging
1787480667.743319,1364,4,UDP,443,52783,,forward,20260823_155349_messaging_001_f90a,Messaging
1787480667.743319,1364,4,UDP,443,52783,,forward,20260823_155349_messaging_001_f90a,Messaging
1787480667.743319,1364,4,UDP,443,52783,,forward,20260823_155349_messaging_001_f90a,Messaging
1787480667.743319,1364,4,UDP,443,52783,,forward,20260823_155349_messaging_001_f90a,Messaging
1787480667.743319,1364,4,UDP,443,52783,,forward,20260823_155349_messaging_001_f90a,Messaging
1787480667.743319,1364,4,UDP,443,52783,,forward,20260823_155349_messaging_001_f90a,Messaging
1787480667.743319,1364,4,UDP,443,52783,,forward,20260823_155349_messaging_001_f90a,Messaging
1787480667.743319,1364,4,UDP,443,52783,,forward,20260823_155349_messaging_001_f90a,Messaging
1787480667.743319,1364,4,UDP,443,52783,,forward,20260823_155349_messaging_001_f90a,Messaging
1787480667.743319,1364,4,UDP,443,52783,,forward,20260823_155349_messaging_001_f90a,Messaging
1787480667.743319,1364,4,UDP,443,52783,,forward,20260823_155349_messaging_001_f90a,Messaging
1787480667.743319,1364,4,UDP,443,52783,,forward,20260823_155349_messaging_001_f90a,Messaging
1787480667.743319,1364,4,UDP,443,52783,,forward,20260823_155349_messaging_001_f90a,Messaging
1787480667.743319,1364,4,UDP,443,52783,,forward,20260823_155349_messaging_001_f90a,Messaging
1787480667.743319,1364,4,UDP,443,52783,,forward,20260823_155349_messaging_001_f90a,Messaging
1787480667.743319,1364,4,UDP,443,52783,,forward,20260823_155349_messaging_001_f90a,Messaging
1787480667.743319,1364,4,UDP,443,52783,,forward,20260823_155349_messaging_001_f90a,Messaging
1787480667.743319,1364,4,UDP,443,52783,,forward,20260823_155349_messaging_001_f90a,Messaging
1787480667.743319,1364,4,UDP,443,52783,,forward,20260823_155349_messaging_001_f90a,Messaging
1787480667.743319,1364,4,UDP,443,52783,,forward,20260823_155349_messaging_001_f90a,Messaging
1787480667.743319,1364,4,UDP,443,52783,,forward,20260823_155349_messaging_001_f90a,Messaging
1787480667.743319,1364,4,UDP,443,52783,,forward,20260823_155349_messaging_001_f90a,Messaging
1787480667.743319,1364,4,UDP,443,52783,,forward,20260823_155349_messaging_001_f90a,Messaging
1787480667.743319,1364,4,UDP,443,52783,,forward,20260823_155349_messaging_001_f90a,Messaging
1787480667.743319,1364,4,UDP,443,52783,,forward,20260823_155349_messaging_001_f90a,Messaging
1787480667.743319,1364,4,UDP,443,52783,,forward,20260823_155349_messaging_001_f90a,Messaging
1787480667.743319,1364,4,UDP,443,52783,,forward,20260823_155349_messaging_001_f90a,Messaging
1787480667.743319,1364,4,UDP,443,52783,,forward,20260823_155349_messaging_001_f90a,Messaging
1787480667.743319,1364,4,UDP,443,52783,,forward,20260823_155349_messaging_001_f90a,Messaging
1787480667.743319,88,4,UDP,443,52783,,forward,20260823_155349_messaging_001_f90a,Messaging
1787480667.744006,89,4,UDP,52783,443,,forward,20260823_155349_messaging_001_f90a,Messaging
1787480667.74467,166,4,UDP,52783,443,,forward,20260823_155349_messaging_001_f90a,Messaging
1787480667.744817,166,4,UDP,52783,443,,forward,20260823_155349_messaging_001_f90a,Messaging
1787480667.744925,166,4,UDP,52783,443,,forward,20260823_155349_messaging_001_f90a,Messaging
1787480667.745245,166,4,UDP,52783,443,,forward,20260823_155349_messaging_001_f90a,Messaging
1787480667.745304,166,4,UDP,52783,443,,forward,20260823_155349_messaging_001_f90a,Messaging
1787480667.745382,166,4,UDP,52783,443,,forward,20260823_155349_messaging_001_f90a,Messaging
1787480667.748103,663,4,UDP,443,52783,,forward,20260823_155349_messaging_001_f90a,Messaging
1787480667.748336,89,4,UDP,52783,443,,forward,20260823_155349_messaging_001_f90a,Messaging
1787480667.758822,167,4,UDP,52783,443,,forward,20260823_155349_messaging_001_f90a,Messaging
1787480667.773682,88,4,UDP,443,52783,,forward,20260823_155349_messaging_001_f90a,Messaging
1787480667.773682,159,4,UDP,443,52783,,forward,20260823_155349_messaging_001_f90a,Messaging
1787480667.774168,89,4,UDP,52783,443,,forward,20260823_155349_messaging_001_f90a,Messaging
1787480667.783135,88,4,UDP,443,52783,,forward,20260823_155349_messaging_001_f90a,Messaging
1787480667.804795,88,4,UDP,443,52783,,forward,20260823_155349_messaging_001_f90a,Messaging
1787480668.024432,84,4,UDP,52783,443,,forward,20260823_155349_messaging_001_f90a,Messaging
1787480668.055931,88,4,UDP,443,52783,,forward,20260823_155349_messaging_001_f90a,Messaging
1787480669.424332,146,4,UDP,52783,443,,forward,20260823_155349_messaging_001_f90a,Messaging
1787480669.470324,88,4,UDP,443,52783,,forward,20260823_155349_messaging_001_f90a,Messaging
1787480669.470324,157,4,UDP,443,52783,,forward,20260823_155349_messaging_001_f90a,Messaging
1787480669.470626,88,4,UDP,52783,443,,forward,20260823_155349_messaging_001_f90a,Messaging
1787480669.580749,117,4,UDP,52783,443,,forward,20260823_155349_messaging_001_f90a,Messaging
1787480669.58088,347,4,UDP,52783,443,,forward,20260823_155349_messaging_001_f90a,Messaging
1787480669.611674,88,4,UDP,443,52783,,forward,20260823_155349_messaging_001_f90a,Messaging
1787480669.618119,521,4,UDP,443,52783,,forward,20260823_155349_messaging_001_f90a,Messaging
1787480669.618398,88,4,UDP,52783,443,,forward,20260823_155349_messaging_001_f90a,Messaging
1787480671.326882,161,4,UDP,52783,443,,forward,20260823_155349_messaging_001_f90a,Messaging
1787480671.327028,161,4,UDP,52783,443,,forward,20260823_155349_messaging_001_f90a,Messaging
1787480671.327262,161,4,UDP,52783,443,,forward,20260823_155349_messaging_001_f90a,Messaging
1787480671.327647,161,4,UDP,52783,443,,forward,20260823_155349_messaging_001_f90a,Messaging
1787480671.359582,88,4,UDP,443,52783,,forward,20260823_155349_messaging_001_f90a,Messaging
1787480671.363133,189,4,UDP,443,52783,,forward,20260823_155349_messaging_001_f90a,Messaging
1787480671.363133,177,4,UDP,443,52783,,forward,20260823_155349_messaging_001_f90a,Messaging
1787480671.363133,189,4,UDP,443,52783,,forward,20260823_155349_messaging_001_f90a,Messaging
1787480671.363133,177,4,UDP,443,52783,,forward,20260823_155349_messaging_001_f90a,Messaging
1787480671.36345,88,4,UDP,52783,443,,forward,20260823_155349_messaging_001_f90a,Messaging
1787480671.365801,1363,4,UDP,52783,443,,forward,20260823_155349_messaging_001_f90a,Messaging
1787480671.365903,1363,4,UDP,52783,443,,forward,20260823_155349_messaging_001_f90a,Messaging
1787480671.365976,212,4,UDP,52783,443,,forward,20260823_155349_messaging_001_f90a,Messaging
1787480671.366292,1359,4,UDP,52783,443,,forward,20260823_155349_messaging_001_f90a,Messaging
1787480671.366357,1363,4,UDP,52783,443,,forward,20260823_155349_messaging_001_f90a,Messaging
1787480671.366401,446,4,UDP,52783,443,,forward,20260823_155349_messaging_001_f90a,Messaging
1787480671.399071,88,4,UDP,443,52783,,forward,20260823_155349_messaging_001_f90a,Messaging
1787480671.406721,173,4,UDP,443,52783,,forward,20260823_155349_messaging_001_f90a,Messaging
1787480671.406721,88,4,UDP,443,52783,,forward,20260823_155349_messaging_001_f90a,Messaging
1787480671.406721,1363,4,UDP,443,52783,,forward,20260823_155349_messaging_001_f90a,Messaging
1787480671.406721,1363,4,UDP,443,52783,,forward,20260823_155349_messaging_001_f90a,Messaging
1787480671.406721,418,4,UDP,443,52783,,forward,20260823_155349_messaging_001_f90a,Messaging
1787480671.406721,1237,4,UDP,443,52783,,forward,20260823_155349_messaging_001_f90a,Messaging
1787480671.406721,160,4,UDP,443,52783,,forward,20260823_155349_messaging_001_f90a,Messaging
1787480671.407026,88,4,UDP,52783,443,,forward,20260823_155349_messaging_001_f90a,Messaging
1787480671.408176,211,4,UDP,52783,443,,forward,20260823_155349_messaging_001_f90a,Messaging
1787480671.408264,164,4,UDP,52783,443,,forward,20260823_155349_messaging_001_f90a,Messaging
1787480671.408344,164,4,UDP,52783,443,,forward,20260823_155349_messaging_001_f90a,Messaging
1787480671.453364,145,4,UDP,443,52783,,forward,20260823_155349_messaging_001_f90a,Messaging
1787480671.453364,88,4,UDP,443,52783,,forward,20260823_155349_messaging_001_f90a,Messaging
1787480671.453364,253,4,UDP,443,52783,,forward,20260823_155349_messaging_001_f90a,Messaging
1787480671.453673,88,4,UDP,52783,443,,forward,20260823_155349_messaging_001_f90a,Messaging
1787480671.45384,145,4,UDP,52783,443,,forward,20260823_155349_messaging_001_f90a,Messaging
1787480671.48386,88,4,UDP,443,52783,,forward,20260823_155349_messaging_001_f90a,Messaging
1787480671.484112,165,4,UDP,52783,443,,forward,20260823_155349_messaging_001_f90a,Messaging
1787480671.498904,1359,4,UDP,443,52783,,forward,20260823_155349_messaging_001_f90a,Messaging
1787480671.498904,644,4,UDP,443,52783,,forward,20260823_155349_messaging_001_f90a,Messaging
1787480671.498904,154,4,UDP,443,52783,,forward,20260823_155349_messaging_001_f90a,Messaging
1787480671.499184,88,4,UDP,52783,443,,forward,20260823_155349_messaging_001_f90a,Messaging
1787480671.499793,168,4,UDP,52783,443,,forward,20260823_155349_messaging_001_f90a,Messaging
1787480671.529522,88,4,UDP,443,52783,,forward,20260823_155349_messaging_001_f90a,Messaging
1787480671.529721,165,4,UDP,52783,443,,forward,20260823_155349_messaging_001_f90a,Messaging
1787480671.541916,88,4,UDP,443,52783,,forward,20260823_155349_messaging_001_f90a,Messaging
1787480671.541916,156,4,UDP,443,52783,,forward,20260823_155349_messaging_001_f90a,Messaging
1787480671.542151,88,4,UDP,52783,443,,forward,20260823_155349_messaging_001_f90a,Messaging
1787480671.560082,88,4,UDP,443,52783,,forward,20260823_155349_messaging_001_f90a,Messaging
1787480671.592397,904,4,UDP,52783,443,,forward,20260823_155349_messaging_001_f90a,Messaging
1787480671.637343,88,4,UDP,443,52783,,forward,20260823_155349_messaging_001_f90a,Messaging
1787480671.652844,161,4,UDP,443,52783,,forward,20260823_155349_messaging_001_f90a,Messaging
1787480671.653062,88,4,UDP,52783,443,,forward,20260823_155349_messaging_001_f90a,Messaging
1787480671.685196,165,4,UDP,52783,443,,forward,20260823_155349_messaging_001_f90a,Messaging
1787480671.709437,1363,4,UDP,443,52783,,forward,20260823_155349_messaging_001_f90a,Messaging
1787480671.709437,553,4,UDP,443,52783,,forward,20260823_155349_messaging_001_f90a,Messaging
1787480671.709437,154,4,UDP,443,52783,,forward,20260823_155349_messaging_001_f90a,Messaging
1787480671.709689,88,4,UDP,52783,443,,forward,20260823_155349_messaging_001_f90a,Messaging
1787480671.710149,164,4,UDP,52783,443,,forward,20260823_155349_messaging_001_f90a,Messaging
1787480671.710225,168,4,UDP,52783,443,,forward,20260823_155349_messaging_001_f90a,Messaging
1787480671.716034,88,4,UDP,443,52783,,forward,20260823_155349_messaging_001_f90a,Messaging
1787480671.745555,88,4,UDP,443,52783,,forward,20260823_155349_messaging_001_f90a,Messaging
1787480671.745555,88,4,UDP,443,52783,,forward,20260823_155349_messaging_001_f90a,Messaging
1787480671.779137,157,4,UDP,443,52783,,forward,20260823_155349_messaging_001_f90a,Messaging
1787480671.779348,88,4,UDP,52783,443,,forward,20260823_155349_messaging_001_f90a,Messaging
1787480671.951571,145,4,UDP,443,52783,,forward,20260823_155349_messaging_001_f90a,Messaging
1787480671.951571,145,4,UDP,443,52783,,forward,20260823_155349_messaging_001_f90a,Messaging
1787480671.951819,88,4,UDP,52783,443,,forward,20260823_155349_messaging_001_f90a,Messaging
1787480671.951959,210,4,UDP,52783,443,,forward,20260823_155349_messaging_001_f90a,Messaging
1787480671.992032,88,4,UDP,443,52783,,forward,20260823_155349_messaging_001_f90a,Messaging
1787480672.029224,84,4,UDP,52783,443,,forward,20260823_155349_messaging_001_f90a,Messaging
1787480672.074791,88,4,UDP,443,52783,,forward,20260823_155349_messaging_001_f90a,Messaging
1787480672.533235,145,4,UDP,443,52783,,forward,20260823_155349_messaging_001_f90a,Messaging
1787480672.533468,88,4,UDP,52783,443,,forward,20260823_155349_messaging_001_f90a,Messaging
1787480672.533621,145,4,UDP,52783,443,,forward,20260823_155349_messaging_001_f90a,Messaging
1787480672.564862,88,4,UDP,443,52783,,forward,20260823_155349_messaging_001_f90a,Messaging
1787480673.194374,249,4,UDP,443,52783,,forward,20260823_155349_messaging_001_f90a,Messaging
1787480673.194808,88,4,UDP,52783,443,,forward,20260823_155349_messaging_001_f90a,Messaging
1787480673.195372,145,4,UDP,52783,443,,forward,20260823_155349_messaging_001_f90a,Messaging
1787480673.23189,88,4,UDP,443,52783,,forward,20260823_155349_messaging_001_f90a,Messaging
1787480674.009674,145,4,UDP,443,52783,,forward,20260823_155349_messaging_001_f90a,Messaging
1787480674.009886,88,4,UDP,52783,443,,forward,20260823_155349_messaging_001_f90a,Messaging
1787480674.010189,145,4,UDP,52783,443,,forward,20260823_155349_messaging_001_f90a,Messaging
1787480674.056293,88,4,UDP,443,52783,,forward,20260823_155349_messaging_001_f90a,Messaging
1787480674.732222,165,4,UDP,443,52783,,forward,20260823_155349_messaging_001_f90a,Messaging
1787480674.732456,88,4,UDP,52783,443,,forward,20260823_155349_messaging_001_f90a,Messaging
1787480674.750289,125,4,UDP,443,52783,,forward,20260823_155349_messaging_001_f90a,Messaging
1787480674.750524,88,4,UDP,52783,443,,forward,20260823_155349_messaging_001_f90a,Messaging
1787480674.750709,125,4,UDP,52783,443,,forward,20260823_155349_messaging_001_f90a,Messaging
1787480674.750919,125,4,UDP,52783,443,,forward,20260823_155349_messaging_001_f90a,Messaging
1787480674.76656,166,4,UDP,52783,443,,forward,20260823_155349_messaging_001_f90a,Messaging
1787480674.785351,88,4,UDP,443,52783,,forward,20260823_155349_messaging_001_f90a,Messaging
1787480674.785351,125,4,UDP,443,52783,,forward,20260823_155349_messaging_001_f90a,Messaging
1787480674.785578,88,4,UDP,52783,443,,forward,20260823_155349_messaging_001_f90a,Messaging
1787480674.805998,88,4,UDP,443,52783,,forward,20260823_155349_messaging_001_f90a,Messaging
1787480674.86437,166,4,UDP,52783,443,,forward,20260823_155349_messaging_001_f90a,Messaging
1787480674.864658,166,4,UDP,52783,443,,forward,20260823_155349_messaging_001_f90a,Messaging
1787480674.865176,166,4,UDP,52783,443,,forward,20260823_155349_messaging_001_f90a,Messaging
1787480674.86606,166,4,UDP,52783,443,,forward,20260823_155349_messaging_001_f90a,Messaging
1787480674.907626,88,4,UDP,443,52783,,forward,20260823_155349_messaging_001_f90a,Messaging
1787480674.907626,88,4,UDP,443,52783,,forward,20260823_155349_messaging_001_f90a,Messaging
1787480674.909639,315,4,UDP,443,52783,,forward,20260823_155349_messaging_001_f90a,Messaging
1787480674.909639,315,4,UDP,443,52783,,forward,20260823_155349_messaging_001_f90a,Messaging
1787480674.909873,88,4,UDP,52783,443,,forward,20260823_155349_messaging_001_f90a,Messaging
1787480674.910533,334,4,UDP,52783,443,,forward,20260823_155349_messaging_001_f90a,Messaging
1787480674.923344,442,4,UDP,443,52783,,forward,20260823_155349_messaging_001_f90a,Messaging
1787480674.923593,88,4,UDP,52783,443,,forward,20260823_155349_messaging_001_f90a,Messaging
1787480674.93822,574,4,UDP,443,52783,,forward,20260823_155349_messaging_001_f90a,Messaging
1787480674.938404,88,4,UDP,52783,443,,forward,20260823_155349_messaging_001_f90a,Messaging
1787480674.939105,252,4,UDP,52783,443,,forward,20260823_155349_messaging_001_f90a,Messaging
1787480674.953211,88,4,UDP,443,52783,,forward,20260823_155349_messaging_001_f90a,Messaging
1787480674.968766,277,4,UDP,443,52783,,forward,20260823_155349_messaging_001_f90a,Messaging
1787480674.968766,277,4,UDP,443,52783,,forward,20260823_155349_messaging_001_f90a,Messaging
1787480674.968999,88,4,UDP,52783,443,,forward,20260823_155349_messaging_001_f90a,Messaging
1787480674.971126,137,4,UDP,52783,443,,forward,20260823_155349_messaging_001_f90a,Messaging
1787480674.983827,88,4,UDP,443,52783,,forward,20260823_155349_messaging_001_f90a,Messaging
1787480674.983827,315,4,UDP,443,52783,,forward,20260823_155349_messaging_001_f90a,Messaging
1787480674.983827,315,4,UDP,443,52783,,forward,20260823_155349_messaging_001_f90a,Messaging
1787480674.983995,125,4,UDP,52783,443,,forward,20260823_155349_messaging_001_f90a,Messaging
1787480674.98411,88,4,UDP,52783,443,,forward,20260823_155349_messaging_001_f90a,Messaging
1787480675.013306,88,4,UDP,443,52783,,forward,20260823_155349_messaging_001_f90a,Messaging
1787480675.0293,88,4,UDP,443,52783,,forward,20260823_155349_messaging_001_f90a,Messaging
1787480675.138494,137,4,UDP,443,52783,,forward,20260823_155349_messaging_001_f90a,Messaging
1787480675.138704,88,4,UDP,52783,443,,forward,20260823_155349_messaging_001_f90a,Messaging
1787480675.139314,125,4,UDP,52783,443,,forward,20260823_155349_messaging_001_f90a,Messaging
1787480675.140025,337,4,UDP,52783,443,,forward,20260823_155349_messaging_001_f90a,Messaging
1787480675.153559,125,4,UDP,443,52783,,forward,20260823_155349_messaging_001_f90a,Messaging
1787480675.153559,125,4,UDP,443,52783,,forward,20260823_155349_messaging_001_f90a,Messaging
1787480675.153794,88,4,UDP,52783,443,,forward,20260823_155349_messaging_001_f90a,Messaging
1787480675.153903,170,4,UDP,52783,443,,forward,20260823_155349_messaging_001_f90a,Messaging
1787480675.182997,88,4,UDP,443,52783,,forward,20260823_155349_messaging_001_f90a,Messaging
1787480675.182997,125,4,UDP,443,52783,,forward,20260823_155349_messaging_001_f90a,Messaging
1787480675.183236,88,4,UDP,52783,443,,forward,20260823_155349_messaging_001_f90a,Messaging
1787480675.184083,88,4,UDP,443,52783,,forward,20260823_155349_messaging_001_f90a,Messaging
1787480675.307828,1365,4,UDP,443,52783,,forward,20260823_155349_messaging_001_f90a,Messaging
1787480675.307828,1365,4,UDP,443,52783,,forward,20260823_155349_messaging_001_f90a,Messaging
1787480675.307828,1184,4,UDP,443,52783,,forward,20260823_155349_messaging_001_f90a,Messaging
1787480675.308113,88,4,UDP,52783,443,,forward,20260823_155349_messaging_001_f90a,Messaging
1787480675.308388,125,4,UDP,52783,443,,forward,20260823_155349_messaging_001_f90a,Messaging
1787480675.311177,225,4,UDP,52783,443,,forward,20260823_155349_messaging_001_f90a,Messaging
1787480675.354453,88,4,UDP,443,52783,,forward,20260823_155349_messaging_001_f90a,Messaging
1787480675.354453,88,4,UDP,443,52783,,forward,20260823_155349_messaging_001_f90a,Messaging
1787480675.354453,125,4,UDP,443,52783,,forward,20260823_155349_messaging_001_f90a,Messaging
1787480675.354714,88,4,UDP,52783,443,,forward,20260823_155349_messaging_001_f90a,Messaging
1787480675.481143,176,4,UDP,443,52783,,forward,20260823_155349_messaging_001_f90a,Messaging
1787480675.481457,88,4,UDP,52783,443,,forward,20260823_155349_messaging_001_f90a,Messaging
1787480675.485422,594,4,UDP,52783,443,,forward,20260823_155349_messaging_001_f90a,Messaging
1787480675.528262,88,4,UDP,443,52783,,forward,20260823_155349_messaging_001_f90a,Messaging
1787480675.528262,125,4,UDP,443,52783,,forward,20260823_155349_messaging_001_f90a,Messaging
1787480675.528498,88,4,UDP,52783,443,,forward,20260823_155349_messaging_001_f90a,Messaging
1787480675.860284,145,4,UDP,443,52783,,forward,20260823_155349_messaging_001_f90a,Messaging
1787480675.860612,88,4,UDP,52783,443,,forward,20260823_155349_messaging_001_f90a,Messaging
1787480675.860763,145,4,UDP,52783,443,,forward,20260823_155349_messaging_001_f90a,Messaging
1787480675.906196,88,4,UDP,443,52783,,forward,20260823_155349_messaging_001_f90a,Messaging
1787480676.017455,84,4,UDP,52783,443,,forward,20260823_155349_messaging_001_f90a,Messaging
1787480676.048891,145,4,UDP,443,52783,,forward,20260823_155349_messaging_001_f90a,Messaging
1787480676.048891,88,4,UDP,443,52783,,forward,20260823_155349_messaging_001_f90a,Messaging
1787480676.049097,88,4,UDP,52783,443,,forward,20260823_155349_messaging_001_f90a,Messaging
1787480676.049325,145,4,UDP,52783,443,,forward,20260823_155349_messaging_001_f90a,Messaging
1787480676.095522,88,4,UDP,443,52783,,forward,20260823_155349_messaging_001_f90a,Messaging
1787480676.126552,131,4,UDP,443,52783,,forward,20260823_155349_messaging_001_f90a,Messaging
1787480676.126769,88,4,UDP,52783,443,,forward,20260823_155349_messaging_001_f90a,Messaging
1787480676.127053,135,4,UDP,52783,443,,forward,20260823_155349_messaging_001_f90a,Messaging
1787480676.174167,88,4,UDP,443,52783,,forward,20260823_155349_messaging_001_f90a,Messaging
1787480676.174167,125,4,UDP,443,52783,,forward,20260823_155349_messaging_001_f90a,Messaging
1787480676.174468,88,4,UDP,52783,443,,forward,20260823_155349_messaging_001_f90a,Messaging
1787480676.738805,146,4,UDP,52783,443,,forward,20260823_155349_messaging_001_f90a,Messaging
1787480676.769145,88,4,UDP,443,52783,,forward,20260823_155349_messaging_001_f90a,Messaging
1787480676.769145,157,4,UDP,443,52783,,forward,20260823_155349_messaging_001_f90a,Messaging
1787480676.769415,88,4,UDP,52783,443,,forward,20260823_155349_messaging_001_f90a,Messaging
1787480677.586832,145,4,UDP,443,52783,,forward,20260823_155349_messaging_001_f90a,Messaging
1787480677.587169,88,4,UDP,52783,443,,forward,20260823_155349_messaging_001_f90a,Messaging
1787480677.58738,145,4,UDP,52783,443,,forward,20260823_155349_messaging_001_f90a,Messaging
1787480677.617776,88,4,UDP,443,52783,,forward,20260823_155349_messaging_001_f90a,Messaging
1787480677.711992,125,4,UDP,443,52783,,forward,20260823_155349_messaging_001_f90a,Messaging
1787480677.712325,88,4,UDP,52783,443,,forward,20260823_155349_messaging_001_f90a,Messaging
1787480677.712514,125,4,UDP,52783,443,,forward,20260823_155349_messaging_001_f90a,Messaging
1787480677.753503,88,4,UDP,443,52783,,forward,20260823_155349_messaging_001_f90a,Messaging
1787480678.134388,1170,4,UDP,52783,443,,forward,20260823_155349_messaging_001_f90a,Messaging
1787480678.168177,88,4,UDP,443,52783,,forward,20260823_155349_messaging_001_f90a,Messaging
1787480678.199199,163,4,UDP,443,52783,,forward,20260823_155349_messaging_001_f90a,Messaging
1787480678.199453,88,4,UDP,52783,443,,forward,20260823_155349_messaging_001_f90a,Messaging
1787480678.214692,166,4,UDP,52783,443,,forward,20260823_155349_messaging_001_f90a,Messaging
1787480678.243265,203,4,UDP,443,52783,,forward,20260823_155349_messaging_001_f90a,Messaging
1787480678.243485,88,4,UDP,52783,443,,forward,20260823_155349_messaging_001_f90a,Messaging
1787480678.244824,155,4,UDP,443,52783,,forward,20260823_155349_messaging_001_f90a,Messaging
1787480678.245034,88,4,UDP,52783,443,,forward,20260823_155349_messaging_001_f90a,Messaging
1787480678.260388,88,4,UDP,443,52783,,forward,20260823_155349_messaging_001_f90a,Messaging
1787480678.26058,170,4,UDP,52783,443,,forward,20260823_155349_messaging_001_f90a,Messaging
1787480678.305613,88,4,UDP,443,52783,,forward,20260823_155349_messaging_001_f90a,Messaging
1787480678.320922,159,4,UDP,443,52783,,forward,20260823_155349_messaging_001_f90a,Messaging
1787480678.321142,88,4,UDP,52783,443,,forward,20260823_155349_messaging_001_f90a,Messaging
1787480678.807895,145,4,UDP,443,52783,,forward,20260823_155349_messaging_001_f90a,Messaging
1787480678.808182,88,4,UDP,52783,443,,forward,20260823_155349_messaging_001_f90a,Messaging
1787480678.808468,145,4,UDP,52783,443,,forward,20260823_155349_messaging_001_f90a,Messaging
1787480678.853567,88,4,UDP,443,52783,,forward,20260823_155349_messaging_001_f90a,Messaging
1787480679.059275,125,4,UDP,443,52783,,forward,20260823_155349_messaging_001_f90a,Messaging
1787480679.059555,88,4,UDP,52783,443,,forward,20260823_155349_messaging_001_f90a,Messaging
1787480679.059716,125,4,UDP,52783,443,,forward,20260823_155349_messaging_001_f90a,Messaging
1787480679.105264,88,4,UDP,443,52783,,forward,20260823_155349_messaging_001_f90a,Messaging
1787480679.577589,146,4,UDP,52783,443,,forward,20260823_155349_messaging_001_f90a,Messaging
1787480679.612084,88,4,UDP,443,52783,,forward,20260823_155349_messaging_001_f90a,Messaging
1787480679.612084,157,4,UDP,443,52783,,forward,20260823_155349_messaging_001_f90a,Messaging
1787480679.612363,88,4,UDP,52783,443,,forward,20260823_155349_messaging_001_f90a,Messaging
1787480679.639692,125,4,UDP,443,52783,,forward,20260823_155349_messaging_001_f90a,Messaging
1787480679.639892,88,4,UDP,52783,443,,forward,20260823_155349_messaging_001_f90a,Messaging
1787480679.640042,125,4,UDP,52783,443,,forward,20260823_155349_messaging_001_f90a,Messaging
1787480679.670386,146,4,UDP,52783,443,,forward,20260823_155349_messaging_001_f90a,Messaging
1787480679.678732,88,4,UDP,443,52783,,forward,20260823_155349_messaging_001_f90a,Messaging
1787480679.701268,88,4,UDP,443,52783,,forward,20260823_155349_messaging_001_f90a,Messaging
1787480679.711782,157,4,UDP,443,52783,,forward,20260823_155349_messaging_001_f90a,Messaging
1787480679.712085,88,4,UDP,52783,443,,forward,20260823_155349_messaging_001_f90a,Messaging
1787480679.763985,145,4,UDP,443,52783,,forward,20260823_155349_messaging_001_f90a,Messaging
1787480679.764226,88,4,UDP,52783,443,,forward,20260823_155349_messaging_001_f90a,Messaging
1787480679.7644,145,4,UDP,52783,443,,forward,20260823_155349_messaging_001_f90a,Messaging
1787480679.810461,88,4,UDP,443,52783,,forward,20260823_155349_messaging_001_f90a,Messaging
1787480680.014725,84,4,UDP,52783,443,,forward,20260823_155349_messaging_001_f90a,Messaging
1787480680.046083,88,4,UDP,443,52783,,forward,20260823_155349_messaging_001_f90a,Messaging
1787480680.407864,574,4,UDP,443,52783,,forward,20260823_155349_messaging_001_f90a,Messaging
1787480680.408098,88,4,UDP,52783,443,,forward,20260823_155349_messaging_001_f90a,Messaging
1787480680.454645,125,4,UDP,52783,443,,forward,20260823_155349_messaging_001_f90a,Messaging
1787480680.485969,88,4,UDP,443,52783,,forward,20260823_155349_messaging_001_f90a,Messaging
1787480680.754217,146,4,UDP,52783,443,,forward,20260823_155349_messaging_001_f90a,Messaging
1787480680.785636,88,4,UDP,443,52783,,forward,20260823_155349_messaging_001_f90a,Messaging
1787480680.790129,157,4,UDP,443,52783,,forward,20260823_155349_messaging_001_f90a,Messaging
1787480680.790359,88,4,UDP,52783,443,,forward,20260823_155349_messaging_001_f90a,Messaging
1787480681.901794,169,4,UDP,443,52783,,forward,20260823_155349_messaging_001_f90a,Messaging
1787480681.902067,88,4,UDP,52783,443,,forward,20260823_155349_messaging_001_f90a,Messaging
1787480681.90243,173,4,UDP,52783,443,,forward,20260823_155349_messaging_001_f90a,Messaging
1787480681.934942,88,4,UDP,443,52783,,forward,20260823_155349_messaging_001_f90a,Messaging
1787480681.934942,145,4,UDP,443,52783,,forward,20260823_155349_messaging_001_f90a,Messaging
1787480681.935178,88,4,UDP,52783,443,,forward,20260823_155349_messaging_001_f90a,Messaging
1787480682.259447,137,4,UDP,52783,443,,forward,20260823_155349_messaging_001_f90a,Messaging
1787480682.298035,88,4,UDP,443,52783,,forward,20260823_155349_messaging_001_f90a,Messaging
1787480682.298035,137,4,UDP,443,52783,,forward,20260823_155349_messaging_001_f90a,Messaging
1787480682.298545,88,4,UDP,52783,443,,forward,20260823_155349_messaging_001_f90a,Messaging
1787480682.298948,125,4,UDP,52783,443,,forward,20260823_155349_messaging_001_f90a,Messaging
1787480682.299418,397,4,UDP,52783,443,,forward,20260823_155349_messaging_001_f90a,Messaging
1787480682.338801,88,4,UDP,443,52783,,forward,20260823_155349_messaging_001_f90a,Messaging
1787480682.338801,88,4,UDP,443,52783,,forward,20260823_155349_messaging_001_f90a,Messaging
1787480682.338801,125,4,UDP,443,52783,,forward,20260823_155349_messaging_001_f90a,Messaging
1787480682.339082,88,4,UDP,52783,443,,forward,20260823_155349_messaging_001_f90a,Messaging
1787480682.339915,175,4,UDP,52783,443,,forward,20260823_155349_messaging_001_f90a,Messaging
1787480682.340238,175,4,UDP,52783,443,,forward,20260823_155349_messaging_001_f90a,Messaging
1787480682.344457,1365,4,UDP,443,52783,,forward,20260823_155349_messaging_001_f90a,Messaging
1787480682.344457,1365,4,UDP,443,52783,,forward,20260823_155349_messaging_001_f90a,Messaging
1787480682.344457,1365,4,UDP,443,52783,,forward,20260823_155349_messaging_001_f90a,Messaging
1787480682.344457,184,4,UDP,443,52783,,forward,20260823_155349_messaging_001_f90a,Messaging
1787480682.344728,88,4,UDP,52783,443,,forward,20260823_155349_messaging_001_f90a,Messaging
1787480682.344968,125,4,UDP,52783,443,,forward,20260823_155349_messaging_001_f90a,Messaging
1787480682.345018,125,4,UDP,52783,443,,forward,20260823_155349_messaging_001_f90a,Messaging
1787480682.345285,131,4,UDP,52783,443,,forward,20260823_155349_messaging_001_f90a,Messaging
1787480682.351568,199,4,UDP,52783,443,,forward,20260823_155349_messaging_001_f90a,Messaging
1787480682.35166,1365,4,UDP,52783,443,,forward,20260823_155349_messaging_001_f90a,Messaging
1787480682.351692,1365,4,UDP,52783,443,,forward,20260823_155349_messaging_001_f90a,Messaging
1787480682.35172,248,4,UDP,52783,443,,forward,20260823_155349_messaging_001_f90a,Messaging
1787480682.37286,88,4,UDP,443,52783,,forward,20260823_155349_messaging_001_f90a,Messaging
1787480682.390949,303,4,UDP,443,52783,,forward,20260823_155349_messaging_001_f90a,Messaging
1787480682.390949,303,4,UDP,443,52783,,forward,20260823_155349_messaging_001_f90a,Messaging
1787480682.390949,88,4,UDP,443,52783,,forward,20260823_155349_messaging_001_f90a,Messaging
1787480682.390949,88,4,UDP,443,52783,,forward,20260823_155349_messaging_001_f90a,Messaging
1787480682.390949,88,4,UDP,443,52783,,forward,20260823_155349_messaging_001_f90a,Messaging
1787480682.390949,125,4,UDP,443,52783,,forward,20260823_155349_messaging_001_f90a,Messaging
1787480682.390949,125,4,UDP,443,52783,,forward,20260823_155349_messaging_001_f90a,Messaging
1787480682.391238,88,4,UDP,52783,443,,forward,20260823_155349_messaging_001_f90a,Messaging
1787480682.393174,157,4,UDP,52783,443,,forward,20260823_155349_messaging_001_f90a,Messaging
1787480682.393433,157,4,UDP,52783,443,,forward,20260823_155349_messaging_001_f90a,Messaging
1787480682.406008,1365,4,UDP,443,52783,,forward,20260823_155349_messaging_001_f90a,Messaging
1787480682.406008,320,4,UDP,443,52783,,forward,20260823_155349_messaging_001_f90a,Messaging
1787480682.406207,88,4,UDP,52783,443,,forward,20260823_155349_messaging_001_f90a,Messaging
1787480682.406456,125,4,UDP,52783,443,,forward,20260823_155349_messaging_001_f90a,Messaging
1787480682.406788,194,4,UDP,52783,443,,forward,20260823_155349_messaging_001_f90a,Messaging
1787480682.436563,88,4,UDP,443,52783,,forward,20260823_155349_messaging_001_f90a,Messaging
1787480682.436563,157,4,UDP,443,52783,,forward,20260823_155349_messaging_001_f90a,Messaging
1787480682.436563,157,4,UDP,443,52783,,forward,20260823_155349_messaging_001_f90a,Messaging
1787480682.436801,88,4,UDP,52783,443,,forward,20260823_155349_messaging_001_f90a,Messaging
1787480682.437031,210,4,UDP,52783,443,,forward,20260823_155349_messaging_001_f90a,Messaging
1787480682.4375,725,4,UDP,52783,443,,forward,20260823_155349_messaging_001_f90a,Messaging
1787480682.437815,725,4,UDP,52783,443,,forward,20260823_155349_messaging_001_f90a,Messaging
1787480682.440608,88,4,UDP,443,52783,,forward,20260823_155349_messaging_001_f90a,Messaging
1787480682.440608,125,4,UDP,443,52783,,forward,20260823_155349_messaging_001_f90a,Messaging
1787480682.440842,88,4,UDP,52783,443,,forward,20260823_155349_messaging_001_f90a,Messaging
1787480682.441112,125,4,UDP,52783,443,,forward,20260823_155349_messaging_001_f90a,Messaging
1787480682.473522,88,4,UDP,443,52783,,forward,20260823_155349_messaging_001_f90a,Messaging
1787480682.473522,88,4,UDP,443,52783,,forward,20260823_155349_messaging_001_f90a,Messaging
1787480682.473522,88,4,UDP,443,52783,,forward,20260823_155349_messaging_001_f90a,Messaging
1787480682.473522,145,4,UDP,443,52783,,forward,20260823_155349_messaging_001_f90a,Messaging
1787480682.473522,145,4,UDP,443,52783,,forward,20260823_155349_messaging_001_f90a,Messaging
1787480682.473772,88,4,UDP,52783,443,,forward,20260823_155349_messaging_001_f90a,Messaging
1787480682.483143,364,4,UDP,443,52783,,forward,20260823_155349_messaging_001_f90a,Messaging
1787480682.483143,364,4,UDP,443,52783,,forward,20260823_155349_messaging_001_f90a,Messaging
1787480682.483356,88,4,UDP,52783,443,,forward,20260823_155349_messaging_001_f90a,Messaging
1787480682.484471,941,4,UDP,52783,443,,forward,20260823_155349_messaging_001_f90a,Messaging
1787480682.484716,832,4,UDP,52783,443,,forward,20260823_155349_messaging_001_f90a,Messaging
1787480682.528636,88,4,UDP,443,52783,,forward,20260823_155349_messaging_001_f90a,Messaging
1787480682.559242,145,4,UDP,443,52783,,forward,20260823_155349_messaging_001_f90a,Messaging
1787480682.559242,145,4,UDP,443,52783,,forward,20260823_155349_messaging_001_f90a,Messaging
1787480682.559459,88,4,UDP,52783,443,,forward,20260823_155349_messaging_001_f90a,Messaging
1787480682.840811,1365,4,UDP,443,52783,,forward,20260823_155349_messaging_001_f90a,Messaging
1787480682.840811,705,4,UDP,443,52783,,forward,20260823_155349_messaging_001_f90a,Messaging
1787480682.841165,88,4,UDP,52783,443,,forward,20260823_155349_messaging_001_f90a,Messaging
1787480682.841516,145,4,UDP,52783,443,,forward,20260823_155349_messaging_001_f90a,Messaging
1787480682.87293,88,4,UDP,443,52783,,forward,20260823_155349_messaging_001_f90a,Messaging
1787480682.87293,203,4,UDP,443,52783,,forward,20260823_155349_messaging_001_f90a,Messaging
1787480682.873146,88,4,UDP,52783,443,,forward,20260823_155349_messaging_001_f90a,Messaging
1787480682.919145,145,4,UDP,52783,443,,forward,20260823_155349_messaging_001_f90a,Messaging
1787480682.965629,88,4,UDP,443,52783,,forward,20260823_155349_messaging_001_f90a,Messaging
1787480683.484235,145,4,UDP,443,52783,,forward,20260823_155349_messaging_001_f90a,Messaging
1787480683.484426,88,4,UDP,52783,443,,forward,20260823_155349_messaging_001_f90a,Messaging
1787480683.485104,145,4,UDP,52783,443,,forward,20260823_155349_messaging_001_f90a,Messaging
1787480683.516293,88,4,UDP,443,52783,,forward,20260823_155349_messaging_001_f90a,Messaging
1787480683.827072,137,4,UDP,52783,443,,forward,20260823_155349_messaging_001_f90a,Messaging
1787480683.863587,88,4,UDP,443,52783,,forward,20260823_155349_messaging_001_f90a,Messaging
1787480683.878252,137,4,UDP,443,52783,,forward,20260823_155349_messaging_001_f90a,Messaging
1787480683.878382,146,4,UDP,52783,443,,forward,20260823_155349_messaging_001_f90a,Messaging
1787480683.878489,88,4,UDP,52783,443,,forward,20260823_155349_messaging_001_f90a,Messaging
1787480683.878721,125,4,UDP,52783,443,,forward,20260823_155349_messaging_001_f90a,Messaging
1787480683.879182,693,4,UDP,52783,443,,forward,20260823_155349_messaging_001_f90a,Messaging
1787480683.908772,88,4,UDP,443,52783,,forward,20260823_155349_messaging_001_f90a,Messaging
1787480683.908772,157,4,UDP,443,52783,,forward,20260823_155349_messaging_001_f90a,Messaging
1787480683.909028,88,4,UDP,52783,443,,forward,20260823_155349_messaging_001_f90a,Messaging
1787480683.919367,88,4,UDP,443,52783,,forward,20260823_155349_messaging_001_f90a,Messaging
1787480683.919367,125,4,UDP,443,52783,,forward,20260823_155349_messaging_001_f90a,Messaging
1787480683.919367,344,4,UDP,443,52783,,forward,20260823_155349_messaging_001_f90a,Messaging
1787480683.919626,88,4,UDP,52783,443,,forward,20260823_155349_messaging_001_f90a,Messaging
1787480683.920619,761,4,UDP,52783,443,,forward,20260823_155349_messaging_001_f90a,Messaging
1787480683.951848,88,4,UDP,443,52783,,forward,20260823_155349_messaging_001_f90a,Messaging
1787480684.002944,125,4,UDP,443,52783,,forward,20260823_155349_messaging_001_f90a,Messaging
1787480684.003158,88,4,UDP,52783,443,,forward,20260823_155349_messaging_001_f90a,Messaging
1787480684.018558,84,4,UDP,52783,443,,forward,20260823_155349_messaging_001_f90a,Messaging
1787480684.049078,1365,4,UDP,443,52783,,forward,20260823_155349_messaging_001_f90a,Messaging
1787480684.049078,1125,4,UDP,443,52783,,forward,20260823_155349_messaging_001_f90a,Messaging
1787480684.049078,152,4,UDP,443,52783,,forward,20260823_155349_messaging_001_f90a,Messaging
1787480684.049335,88,4,UDP,52783,443,,forward,20260823_155349_messaging_001_f90a,Messaging
1787480684.049566,170,4,UDP,52783,443,,forward,20260823_155349_messaging_001_f90a,Messaging
1787480684.050448,149,4,UDP,52783,443,,forward,20260823_155349_messaging_001_f90a,Messaging
1787480684.050504,125,4,UDP,52783,443,,forward,20260823_155349_messaging_001_f90a,Messaging
1787480684.052984,88,4,UDP,443,52783,,forward,20260823_155349_messaging_001_f90a,Messaging
1787480684.065922,137,4,UDP,52783,443,,forward,20260823_155349_messaging_001_f90a,Messaging
1787480684.07957,88,4,UDP,443,52783,,forward,20260823_155349_messaging_001_f90a,Messaging
1787480684.07957,88,4,UDP,443,52783,,forward,20260823_155349_messaging_001_f90a,Messaging
1787480684.086112,125,4,UDP,443,52783,,forward,20260823_155349_messaging_001_f90a,Messaging
1787480684.086112,88,4,UDP,443,52783,,forward,20260823_155349_messaging_001_f90a,Messaging
1787480684.086112,125,4,UDP,443,52783,,forward,20260823_155349_messaging_001_f90a,Messaging
1787480684.08636,88,4,UDP,52783,443,,forward,20260823_155349_messaging_001_f90a,Messaging
1787480684.110173,88,4,UDP,443,52783,,forward,20260823_155349_messaging_001_f90a,Messaging
1787480684.110173,137,4,UDP,443,52783,,forward,20260823_155349_messaging_001_f90a,Messaging
1787480684.110506,88,4,UDP,52783,443,,forward,20260823_155349_messaging_001_f90a,Messaging
1787480684.110738,125,4,UDP,52783,443,,forward,20260823_155349_messaging_001_f90a,Messaging
1787480684.111127,713,4,UDP,52783,443,,forward,20260823_155349_messaging_001_f90a,Messaging
1787480684.140627,249,4,UDP,443,52783,,forward,20260823_155349_messaging_001_f90a,Messaging
1787480684.140808,88,4,UDP,52783,443,,forward,20260823_155349_messaging_001_f90a,Messaging
1787480684.141084,145,4,UDP,52783,443,,forward,20260823_155349_messaging_001_f90a,Messaging
1787480684.151134,88,4,UDP,443,52783,,forward,20260823_155349_messaging_001_f90a,Messaging
1787480684.151134,125,4,UDP,443,52783,,forward,20260823_155349_messaging_001_f90a,Messaging
1787480684.151134,344,4,UDP,443,52783,,forward,20260823_155349_messaging_001_f90a,Messaging
1787480684.15138,88,4,UDP,52783,443,,forward,20260823_155349_messaging_001_f90a,Messaging
1787480684.152202,886,4,UDP,52783,443,,forward,20260823_155349_messaging_001_f90a,Messaging
1787480684.172169,88,4,UDP,443,52783,,forward,20260823_155349_messaging_001_f90a,Messaging
1787480684.184142,88,4,UDP,443,52783,,forward,20260823_155349_messaging_001_f90a,Messaging
1787480684.234835,125,4,UDP,443,52783,,forward,20260823_155349_messaging_001_f90a,Messaging
1787480684.235023,88,4,UDP,52783,443,,forward,20260823_155349_messaging_001_f90a,Messaging
1787480684.58875,117,4,UDP,52783,443,,forward,20260823_155349_messaging_001_f90a,Messaging
1787480684.588943,347,4,UDP,52783,443,,forward,20260823_155349_messaging_001_f90a,Messaging
1787480684.629053,88,4,UDP,443,52783,,forward,20260823_155349_messaging_001_f90a,Messaging
1787480684.629053,521,4,UDP,443,52783,,forward,20260823_155349_messaging_001_f90a,Messaging
1787480684.62966,88,4,UDP,52783,443,,forward,20260823_155349_messaging_001_f90a,Messaging
1787480684.739661,165,4,UDP,443,52783,,forward,20260823_155349_messaging_001_f90a,Messaging
1787480684.740117,88,4,UDP,52783,443,,forward,20260823_155349_messaging_001_f90a,Messaging
1787480684.770436,166,4,UDP,52783,443,,forward,20260823_155349_messaging_001_f90a,Messaging
1787480684.816805,88,4,UDP,443,52783,,forward,20260823_155349_messaging_001_f90a,Messaging
1787480684.910211,146,4,UDP,52783,443,,forward,20260823_155349_messaging_001_f90a,Messaging
1787480684.940661,88,4,UDP,443,52783,,forward,20260823_155349_messaging_001_f90a,Messaging
1787480684.940661,157,4,UDP,443,52783,,forward,20260823_155349_messaging_001_f90a,Messaging
1787480684.940867,88,4,UDP,52783,443,,forward,20260823_155349_messaging_001_f90a,Messaging
1787480685.034786,1365,4,UDP,443,52783,,forward,20260823_155349_messaging_001_f90a,Messaging
1787480685.034786,1221,4,UDP,443,52783,,forward,20260823_155349_messaging_001_f90a,Messaging
1787480685.035024,88,4,UDP,52783,443,,forward,20260823_155349_messaging_001_f90a,Messaging
1787480685.035294,145,4,UDP,52783,443,,forward,20260823_155349_messaging_001_f90a,Messaging
1787480685.080849,88,4,UDP,443,52783,,forward,20260823_155349_messaging_001_f90a,Messaging
1787480685.080849,172,4,UDP,443,52783,,forward,20260823_155349_messaging_001_f90a,Messaging
1787480685.081111,88,4,UDP,52783,443,,forward,20260823_155349_messaging_001_f90a,Messaging
1787480685.085552,815,4,UDP,52783,443,,forward,20260823_155349_messaging_001_f90a,Messaging
1787480685.085686,808,4,UDP,52783,443,,forward,20260823_155349_messaging_001_f90a,Messaging
1787480685.08581,157,4,UDP,52783,443,,forward,20260823_155349_messaging_001_f90a,Messaging
1787480685.087099,729,4,UDP,52783,443,,forward,20260823_155349_messaging_001_f90a,Messaging
1787480685.095634,574,4,UDP,443,52783,,forward,20260823_155349_messaging_001_f90a,Messaging
1787480685.095823,88,4,UDP,52783,443,,forward,20260823_155349_messaging_001_f90a,Messaging
1787480685.0966,157,4,UDP,52783,443,,forward,20260823_155349_messaging_001_f90a,Messaging
1787480685.124083,88,4,UDP,443,52783,,forward,20260823_155349_messaging_001_f90a,Messaging
1787480685.124083,145,4,UDP,443,52783,,forward,20260823_155349_messaging_001_f90a,Messaging
1787480685.124083,88,4,UDP,443,52783,,forward,20260823_155349_messaging_001_f90a,Messaging
1787480685.124083,145,4,UDP,443,52783,,forward,20260823_155349_messaging_001_f90a,Messaging
1787480685.124083,145,4,UDP,443,52783,,forward,20260823_155349_messaging_001_f90a,Messaging
1787480685.124343,88,4,UDP,52783,443,,forward,20260823_155349_messaging_001_f90a,Messaging
1787480685.126125,157,4,UDP,443,52783,,forward,20260823_155349_messaging_001_f90a,Messaging
1787480685.126328,88,4,UDP,52783,443,,forward,20260823_155349_messaging_001_f90a,Messaging
1787480685.126604,145,4,UDP,52783,443,,forward,20260823_155349_messaging_001_f90a,Messaging
1787480685.127116,710,4,UDP,52783,443,,forward,20260823_155349_messaging_001_f90a,Messaging
1787480685.1417,88,4,UDP,443,52783,,forward,20260823_155349_messaging_001_f90a,Messaging
1787480685.1417,157,4,UDP,443,52783,,forward,20260823_155349_messaging_001_f90a,Messaging
1787480685.141924,88,4,UDP,52783,443,,forward,20260823_155349_messaging_001_f90a,Messaging
1787480685.141993,125,4,UDP,52783,443,,forward,20260823_155349_messaging_001_f90a,Messaging
1787480685.142155,145,4,UDP,52783,443,,forward,20260823_155349_messaging_001_f90a,Messaging
1787480685.142715,1365,4,UDP,52783,443,,forward,20260823_155349_messaging_001_f90a,Messaging
1787480685.142765,447,4,UDP,52783,443,,forward,20260823_155349_messaging_001_f90a,Messaging
1787480685.172822,88,4,UDP,443,52783,,forward,20260823_155349_messaging_001_f90a,Messaging
1787480685.172822,145,4,UDP,443,52783,,forward,20260823_155349_messaging_001_f90a,Messaging
1787480685.172822,364,4,UDP,443,52783,,forward,20260823_155349_messaging_001_f90a,Messaging
1787480685.173065,88,4,UDP,52783,443,,forward,20260823_155349_messaging_001_f90a,Messaging
1787480685.174119,780,4,UDP,52783,443,,forward,20260823_155349_messaging_001_f90a,Messaging
1787480685.188386,88,4,UDP,443,52783,,forward,20260823_155349_messaging_001_f90a,Messaging
1787480685.188386,88,4,UDP,443,52783,,forward,20260823_155349_messaging_001_f90a,Messaging
1787480685.188386,210,4,UDP,443,52783,,forward,20260823_155349_messaging_001_f90a,Messaging
1787480685.188386,1365,4,UDP,443,52783,,forward,20260823_155349_messaging_001_f90a,Messaging
1787480685.188386,1365,4,UDP,443,52783,,forward,20260823_155349_messaging_001_f90a,Messaging
1787480685.188386,1365,4,UDP,443,52783,,forward,20260823_155349_messaging_001_f90a,Messaging
1787480685.188386,1365,4,UDP,443,52783,,forward,20260823_155349_messaging_001_f90a,Messaging
1787480685.188386,819,4,UDP,443,52783,,forward,20260823_155349_messaging_001_f90a,Messaging
1787480685.188688,88,4,UDP,52783,443,,forward,20260823_155349_messaging_001_f90a,Messaging
1787480685.188978,210,4,UDP,52783,443,,forward,20260823_155349_messaging_001_f90a,Messaging
1787480685.194108,225,4,UDP,52783,443,,forward,20260823_155349_messaging_001_f90a,Messaging
1787480685.194209,569,4,UDP,52783,443,,forward,20260823_155349_messaging_001_f90a,Messaging
1787480685.204069,88,4,UDP,443,52783,,forward,20260823_155349_messaging_001_f90a,Messaging
1787480685.21956,88,4,UDP,443,52783,,forward,20260823_155349_messaging_001_f90a,Messaging
1787480685.235578,88,4,UDP,443,52783,,forward,20260823_155349_messaging_001_f90a,Messaging
1787480685.235578,145,4,UDP,443,52783,,forward,20260823_155349_messaging_001_f90a,Messaging
1787480685.235839,88,4,UDP,52783,443,,forward,20260823_155349_messaging_001_f90a,Messaging
1787480685.251141,145,4,UDP,443,52783,,forward,20260823_155349_messaging_001_f90a,Messaging
1787480685.25152,88,4,UDP,52783,443,,forward,20260823_155349_messaging_001_f90a,Messaging
1787480685.321476,997,4,UDP,443,52783,,forward,20260823_155349_messaging_001_f90a,Messaging
1787480685.321476,1365,4,UDP,443,52783,,forward,20260823_155349_messaging_001_f90a,Messaging
1787480685.321476,349,4,UDP,443,52783,,forward,20260823_155349_messaging_001_f90a,Messaging
1787480685.321743,88,4,UDP,52783,443,,forward,20260823_155349_messaging_001_f90a,Messaging
1787480685.322209,145,4,UDP,52783,443,,forward,20260823_155349_messaging_001_f90a,Messaging
1787480685.354647,88,4,UDP,443,52783,,forward,20260823_155349_messaging_001_f90a,Messaging
1787480685.354647,172,4,UDP,443,52783,,forward,20260823_155349_messaging_001_f90a,Messaging
1787480685.354931,88,4,UDP,52783,443,,forward,20260823_155349_messaging_001_f90a,Messaging
1787480685.374841,145,4,UDP,52783,443,,forward,20260823_155349_messaging_001_f90a,Messaging
1787480685.405492,145,4,UDP,52783,443,,forward,20260823_155349_messaging_001_f90a,Messaging
1787480685.420447,88,4,UDP,443,52783,,forward,20260823_155349_messaging_001_f90a,Messaging
1787480685.420447,172,4,UDP,443,52783,,forward,20260823_155349_messaging_001_f90a,Messaging
1787480685.420645,88,4,UDP,52783,443,,forward,20260823_155349_messaging_001_f90a,Messaging
1787480685.422816,341,4,UDP,52783,443,,forward,20260823_155349_messaging_001_f90a,Messaging
1787480685.423044,167,4,UDP,52783,443,,forward,20260823_155349_messaging_001_f90a,Messaging
1787480685.436089,88,4,UDP,443,52783,,forward,20260823_155349_messaging_001_f90a,Messaging
1787480685.456031,88,4,UDP,443,52783,,forward,20260823_155349_messaging_001_f90a,Messaging
1787480685.467584,224,4,UDP,443,52783,,forward,20260823_155349_messaging_001_f90a,Messaging
1787480685.467584,212,4,UDP,443,52783,,forward,20260823_155349_messaging_001_f90a,Messaging
1787480685.467584,356,4,UDP,443,52783,,forward,20260823_155349_messaging_001_f90a,Messaging
1787480685.467719,145,4,UDP,52783,443,,forward,20260823_155349_messaging_001_f90a,Messaging
1787480685.467827,88,4,UDP,52783,443,,forward,20260823_155349_messaging_001_f90a,Messaging
1787480685.469252,157,4,UDP,52783,443,,forward,20260823_155349_messaging_001_f90a,Messaging
1787480685.513458,88,4,UDP,443,52783,,forward,20260823_155349_messaging_001_f90a,Messaging
1787480685.513458,157,4,UDP,443,52783,,forward,20260823_155349_messaging_001_f90a,Messaging
1787480685.513694,88,4,UDP,52783,443,,forward,20260823_155349_messaging_001_f90a,Messaging
1787480685.513918,145,4,UDP,52783,443,,forward,20260823_155349_messaging_001_f90a,Messaging
1787480685.514447,1365,4,UDP,52783,443,,forward,20260823_155349_messaging_001_f90a,Messaging
1787480685.514512,472,4,UDP,52783,443,,forward,20260823_155349_messaging_001_f90a,Messaging
1787480685.557669,88,4,UDP,443,52783,,forward,20260823_155349_messaging_001_f90a,Messaging
1787480685.557669,210,4,UDP,443,52783,,forward,20260823_155349_messaging_001_f90a,Messaging
1787480685.557669,1365,4,UDP,443,52783,,forward,20260823_155349_messaging_001_f90a,Messaging
1787480685.557669,1365,4,UDP,443,52783,,forward,20260823_155349_messaging_001_f90a,Messaging
1787480685.557669,1365,4,UDP,443,52783,,forward,20260823_155349_messaging_001_f90a,Messaging
1787480685.557669,1365,4,UDP,443,52783,,forward,20260823_155349_messaging_001_f90a,Messaging
1787480685.557669,1365,4,UDP,443,52783,,forward,20260823_155349_messaging_001_f90a,Messaging
1787480685.557669,1213,4,UDP,443,52783,,forward,20260823_155349_messaging_001_f90a,Messaging
1787480685.557669,1365,4,UDP,443,52783,,forward,20260823_155349_messaging_001_f90a,Messaging
1787480685.557669,1365,4,UDP,443,52783,,forward,20260823_155349_messaging_001_f90a,Messaging
1787480685.557999,88,4,UDP,52783,443,,forward,20260823_155349_messaging_001_f90a,Messaging
1787480685.558261,210,4,UDP,52783,443,,forward,20260823_155349_messaging_001_f90a,Messaging
1787480685.558323,210,4,UDP,52783,443,,forward,20260823_155349_messaging_001_f90a,Messaging
1787480685.591482,88,4,UDP,443,52783,,forward,20260823_155349_messaging_001_f90a,Messaging
1787480685.607024,1333,4,UDP,443,52783,,forward,20260823_155349_messaging_001_f90a,Messaging
1787480685.607276,88,4,UDP,52783,443,,forward,20260823_155349_messaging_001_f90a,Messaging
1787480685.613381,209,4,UDP,52783,443,,forward,20260823_155349_messaging_001_f90a,Messaging
1787480685.613497,237,4,UDP,52783,443,,forward,20260823_155349_messaging_001_f90a,Messaging
1787480685.613579,273,4,UDP,52783,443,,forward,20260823_155349_messaging_001_f90a,Messaging
1787480685.654838,88,4,UDP,443,52783,,forward,20260823_155349_messaging_001_f90a,Messaging
1787480685.654838,88,4,UDP,443,52783,,forward,20260823_155349_messaging_001_f90a,Messaging
1787480685.654838,145,4,UDP,443,52783,,forward,20260823_155349_messaging_001_f90a,Messaging
1787480685.654838,207,4,UDP,443,52783,,forward,20260823_155349_messaging_001_f90a,Messaging
1787480685.654838,1365,4,UDP,443,52783,,forward,20260823_155349_messaging_001_f90a,Messaging
1787480685.654838,1365,4,UDP,443,52783,,forward,20260823_155349_messaging_001_f90a,Messaging
1787480685.655291,88,4,UDP,52783,443,,forward,20260823_155349_messaging_001_f90a,Messaging
1787480685.655896,241,4,UDP,52783,443,,forward,20260823_155349_messaging_001_f90a,Messaging
1787480685.669949,872,4,UDP,443,52783,,forward,20260823_155349_messaging_001_f90a,Messaging
1787480685.670157,88,4,UDP,52783,443,,forward,20260823_155349_messaging_001_f90a,Messaging
1787480685.692973,88,4,UDP,443,52783,,forward,20260823_155349_messaging_001_f90a,Messaging
1787480685.692973,600,4,UDP,443,52783,,forward,20260823_155349_messaging_001_f90a,Messaging
1787480685.693289,88,4,UDP,52783,443,,forward,20260823_155349_messaging_001_f90a,Messaging
1787480685.693619,184,4,UDP,52783,443,,forward,20260823_155349_messaging_001_f90a,Messaging
1787480685.715822,145,4,UDP,52783,443,,forward,20260823_155349_messaging_001_f90a,Messaging
1787480685.731134,88,4,UDP,443,52783,,forward,20260823_155349_messaging_001_f90a,Messaging
1787480685.731134,145,4,UDP,443,52783,,forward,20260823_155349_messaging_001_f90a,Messaging
1787480685.731356,88,4,UDP,52783,443,,forward,20260823_155349_messaging_001_f90a,Messaging
1787480685.759742,88,4,UDP,443,52783,,forward,20260823_155349_messaging_001_f90a,Messaging
1787480685.759742,172,4,UDP,443,52783,,forward,20260823_155349_messaging_001_f90a,Messaging
1787480685.759979,88,4,UDP,52783,443,,forward,20260823_155349_messaging_001_f90a,Messaging
1787480685.776767,145,4,UDP,443,52783,,forward,20260823_155349_messaging_001_f90a,Messaging
1787480685.77702,88,4,UDP,52783,443,,forward,20260823_155349_messaging_001_f90a,Messaging
1787480685.777166,145,4,UDP,52783,443,,forward,20260823_155349_messaging_001_f90a,Messaging
1787480685.807835,88,4,UDP,443,52783,,forward,20260823_155349_messaging_001_f90a,Messaging
1787480685.807971,145,4,UDP,52783,443,,forward,20260823_155349_messaging_001_f90a,Messaging
1787480685.83937,88,4,UDP,443,52783,,forward,20260823_155349_messaging_001_f90a,Messaging
1787480686.124403,146,4,UDP,52783,443,,forward,20260823_155349_messaging_001_f90a,Messaging
1787480686.162986,88,4,UDP,443,52783,,forward,20260823_155349_messaging_001_f90a,Messaging
1787480686.162986,157,4,UDP,443,52783,,forward,20260823_155349_messaging_001_f90a,Messaging
1787480686.163209,88,4,UDP,52783,443,,forward,20260823_155349_messaging_001_f90a,Messaging
1787480686.1861,1353,4,UDP,443,52783,,forward,20260823_155349_messaging_001_f90a,Messaging
1787480686.1861,1365,4,UDP,443,52783,,forward,20260823_155349_messaging_001_f90a,Messaging
1787480686.1861,1365,4,UDP,443,52783,,forward,20260823_155349_messaging_001_f90a,Messaging
1787480686.1861,1365,4,UDP,443,52783,,forward,20260823_155349_messaging_001_f90a,Messaging
1787480686.1861,1365,4,UDP,443,52783,,forward,20260823_155349_messaging_001_f90a,Messaging
1787480686.1861,1365,4,UDP,443,52783,,forward,20260823_155349_messaging_001_f90a,Messaging
1787480686.1861,1365,4,UDP,443,52783,,forward,20260823_155349_messaging_001_f90a,Messaging
1787480686.1861,1365,4,UDP,443,52783,,forward,20260823_155349_messaging_001_f90a,Messaging
1787480686.1861,1365,4,UDP,443,52783,,forward,20260823_155349_messaging_001_f90a,Messaging
1787480686.1861,1365,4,UDP,443,52783,,forward,20260823_155349_messaging_001_f90a,Messaging
1787480686.1861,1365,4,UDP,443,52783,,forward,20260823_155349_messaging_001_f90a,Messaging
1787480686.1861,1365,4,UDP,443,52783,,forward,20260823_155349_messaging_001_f90a,Messaging
1787480686.1861,1365,4,UDP,443,52783,,forward,20260823_155349_messaging_001_f90a,Messaging
1787480686.186411,88,4,UDP,52783,443,,forward,20260823_155349_messaging_001_f90a,Messaging
1787480686.186643,210,4,UDP,52783,443,,forward,20260823_155349_messaging_001_f90a,Messaging
1787480686.186765,275,4,UDP,52783,443,,forward,20260823_155349_messaging_001_f90a,Messaging
1787480686.186788,145,4,UDP,52783,443,,forward,20260823_155349_messaging_001_f90a,Messaging
1787480686.196092,1365,4,UDP,443,52783,,forward,20260823_155349_messaging_001_f90a,Messaging
1787480686.196309,88,4,UDP,52783,443,,forward,20260823_155349_messaging_001_f90a,Messaging
1787480686.196841,145,4,UDP,52783,443,,forward,20260823_155349_messaging_001_f90a,Messaging
1787480686.229124,88,4,UDP,443,52783,,forward,20260823_155349_messaging_001_f90a,Messaging
1787480686.229124,1365,4,UDP,443,52783,,forward,20260823_155349_messaging_001_f90a,Messaging
1787480686.229124,1365,4,UDP,443,52783,,forward,20260823_155349_messaging_001_f90a,Messaging
1787480686.229124,1365,4,UDP,443,52783,,forward,20260823_155349_messaging_001_f90a,Messaging
1787480686.229124,204,4,UDP,443,52783,,forward,20260823_155349_messaging_001_f90a,Messaging
1787480686.229124,88,4,UDP,443,52783,,forward,20260823_155349_messaging_001_f90a,Messaging
1787480686.229411,88,4,UDP,52783,443,,forward,20260823_155349_messaging_001_f90a,Messaging
1787480686.229715,210,4,UDP,52783,443,,forward,20260823_155349_messaging_001_f90a,Messaging
1787480686.261533,88,4,UDP,443,52783,,forward,20260823_155349_messaging_001_f90a,Messaging
1787480686.294185,145,4,UDP,443,52783,,forward,20260823_155349_messaging_001_f90a,Messaging
1787480686.294185,145,4,UDP,443,52783,,forward,20260823_155349_messaging_001_f90a,Messaging
1787480686.294433,88,4,UDP,52783,443,,forward,20260823_155349_messaging_001_f90a,Messaging
1787480686.294636,210,4,UDP,52783,443,,forward,20260823_155349_messaging_001_f90a,Messaging
1787480686.328866,88,4,UDP,443,52783,,forward,20260823_155349_messaging_001_f90a,Messaging
1787480686.357649,146,4,UDP,52783,443,,forward,20260823_155349_messaging_001_f90a,Messaging
1787480686.389004,88,4,UDP,443,52783,,forward,20260823_155349_messaging_001_f90a,Messaging
1787480686.389004,157,4,UDP,443,52783,,forward,20260823_155349_messaging_001_f90a,Messaging
1787480686.38925,88,4,UDP,52783,443,,forward,20260823_155349_messaging_001_f90a,Messaging
1787480686.467146,1365,4,UDP,443,52783,,forward,20260823_155349_messaging_001_f90a,Messaging
1787480686.467146,1274,4,UDP,443,52783,,forward,20260823_155349_messaging_001_f90a,Messaging
1787480686.467146,152,4,UDP,443,52783,,forward,20260823_155349_messaging_001_f90a,Messaging
1787480686.467342,88,4,UDP,52783,443,,forward,20260823_155349_messaging_001_f90a,Messaging
1787480686.467534,170,4,UDP,52783,443,,forward,20260823_155349_messaging_001_f90a,Messaging
1787480686.468386,194,4,UDP,52783,443,,forward,20260823_155349_messaging_001_f90a,Messaging
1787480686.481959,137,4,UDP,52783,443,,forward,20260823_155349_messaging_001_f90a,Messaging
1787480686.513703,88,4,UDP,443,52783,,forward,20260823_155349_messaging_001_f90a,Messaging
1787480686.513703,170,4,UDP,443,52783,,forward,20260823_155349_messaging_001_f90a,Messaging
1787480686.513703,88,4,UDP,443,52783,,forward,20260823_155349_messaging_001_f90a,Messaging
1787480686.514018,88,4,UDP,52783,443,,forward,20260823_155349_messaging_001_f90a,Messaging
1787480686.527244,137,4,UDP,443,52783,,forward,20260823_155349_messaging_001_f90a,Messaging
1787480686.527485,88,4,UDP,52783,443,,forward,20260823_155349_messaging_001_f90a,Messaging
1787480686.52774,125,4,UDP,52783,443,,forward,20260823_155349_messaging_001_f90a,Messaging
1787480686.528174,713,4,UDP,52783,443,,forward,20260823_155349_messaging_001_f90a,Messaging
1787480686.563289,88,4,UDP,443,52783,,forward,20260823_155349_messaging_001_f90a,Messaging
1787480686.563289,88,4,UDP,443,52783,,forward,20260823_155349_messaging_001_f90a,Messaging
1787480686.563289,125,4,UDP,443,52783,,forward,20260823_155349_messaging_001_f90a,Messaging
1787480686.563289,344,4,UDP,443,52783,,forward,20260823_155349_messaging_001_f90a,Messaging
1787480686.563561,88,4,UDP,52783,443,,forward,20260823_155349_messaging_001_f90a,Messaging
1787480686.564435,888,4,UDP,52783,443,,forward,20260823_155349_messaging_001_f90a,Messaging
1787480686.5968,88,4,UDP,443,52783,,forward,20260823_155349_messaging_001_f90a,Messaging
1787480686.653967,125,4,UDP,443,52783,,forward,20260823_155349_messaging_001_f90a,Messaging
1787480686.6543,88,4,UDP,52783,443,,forward,20260823_155349_messaging_001_f90a,Messaging
1787480686.763727,146,4,UDP,52783,443,,forward,20260823_155349_messaging_001_f90a,Messaging
1787480686.795246,88,4,UDP,443,52783,,forward,20260823_155349_messaging_001_f90a,Messaging
1787480686.810794,157,4,UDP,443,52783,,forward,20260823_155349_messaging_001_f90a,Messaging
1787480686.810988,88,4,UDP,52783,443,,forward,20260823_155349_messaging_001_f90a,Messaging
1787480687.23561,146,4,UDP,52783,443,,forward,20260823_155349_messaging_001_f90a,Messaging
1787480687.280735,1365,4,UDP,443,52783,,forward,20260823_155349_messaging_001_f90a,Messaging
1787480687.280735,663,4,UDP,443,52783,,forward,20260823_155349_messaging_001_f90a,Messaging
1787480687.280735,88,4,UDP,443,52783,,forward,20260823_155349_messaging_001_f90a,Messaging
1787480687.280735,157,4,UDP,443,52783,,forward,20260823_155349_messaging_001_f90a,Messaging
1787480687.280968,88,4,UDP,52783,443,,forward,20260823_155349_messaging_001_f90a,Messaging
1787480687.281991,789,4,UDP,52783,443,,forward,20260823_155349_messaging_001_f90a,Messaging
1787480687.282939,234,4,UDP,52783,443,,forward,20260823_155349_messaging_001_f90a,Messaging
1787480687.283147,157,4,UDP,52783,443,,forward,20260823_155349_messaging_001_f90a,Messaging
1787480687.326633,88,4,UDP,443,52783,,forward,20260823_155349_messaging_001_f90a,Messaging
1787480687.326633,145,4,UDP,443,52783,,forward,20260823_155349_messaging_001_f90a,Messaging
1787480687.326633,88,4,UDP,443,52783,,forward,20260823_155349_messaging_001_f90a,Messaging
1787480687.326633,157,4,UDP,443,52783,,forward,20260823_155349_messaging_001_f90a,Messaging
1787480687.326633,157,4,UDP,443,52783,,forward,20260823_155349_messaging_001_f90a,Messaging
1787480687.326633,157,4,UDP,443,52783,,forward,20260823_155349_messaging_001_f90a,Messaging
1787480687.326896,88,4,UDP,52783,443,,forward,20260823_155349_messaging_001_f90a,Messaging
1787480687.327165,210,4,UDP,52783,443,,forward,20260823_155349_messaging_001_f90a,Messaging
1787480687.327229,145,4,UDP,52783,443,,forward,20260823_155349_messaging_001_f90a,Messaging
1787480687.327867,1365,4,UDP,52783,443,,forward,20260823_155349_messaging_001_f90a,Messaging
1787480687.327934,462,4,UDP,52783,443,,forward,20260823_155349_messaging_001_f90a,Messaging
1787480687.327969,1365,4,UDP,52783,443,,forward,20260823_155349_messaging_001_f90a,Messaging
1787480687.327996,462,4,UDP,52783,443,,forward,20260823_155349_messaging_001_f90a,Messaging
1787480687.32829,1365,4,UDP,52783,443,,forward,20260823_155349_messaging_001_f90a,Messaging
1787480687.328344,462,4,UDP,52783,443,,forward,20260823_155349_messaging_001_f90a,Messaging
1787480687.366626,88,4,UDP,443,52783,,forward,20260823_155349_messaging_001_f90a,Messaging
1787480687.366626,88,4,UDP,443,52783,,forward,20260823_155349_messaging_001_f90a,Messaging
1787480687.366626,145,4,UDP,443,52783,,forward,20260823_155349_messaging_001_f90a,Messaging
1787480687.366626,145,4,UDP,443,52783,,forward,20260823_155349_messaging_001_f90a,Messaging
1787480687.366626,210,4,UDP,443,52783,,forward,20260823_155349_messaging_001_f90a,Messaging
1787480687.366626,210,4,UDP,443,52783,,forward,20260823_155349_messaging_001_f90a,Messaging
1787480687.366626,1365,4,UDP,443,52783,,forward,20260823_155349_messaging_001_f90a,Messaging
1787480687.366626,1365,4,UDP,443,52783,,forward,20260823_155349_messaging_001_f90a,Messaging
1787480687.366626,1365,4,UDP,443,52783,,forward,20260823_155349_messaging_001_f90a,Messaging
1787480687.366626,1365,4,UDP,443,52783,,forward,20260823_155349_messaging_001_f90a,Messaging
1787480687.366626,819,4,UDP,443,52783,,forward,20260823_155349_messaging_001_f90a,Messaging
1787480687.366626,1365,4,UDP,443,52783,,forward,20260823_155349_messaging_001_f90a,Messaging
1787480687.366626,1365,4,UDP,443,52783,,forward,20260823_155349_messaging_001_f90a,Messaging
1787480687.366626,1365,4,UDP,443,52783,,forward,20260823_155349_messaging_001_f90a,Messaging
1787480687.366626,1365,4,UDP,443,52783,,forward,20260823_155349_messaging_001_f90a,Messaging
1787480687.366626,819,4,UDP,443,52783,,forward,20260823_155349_messaging_001_f90a,Messaging
1787480687.366626,1365,4,UDP,443,52783,,forward,20260823_155349_messaging_001_f90a,Messaging
1787480687.366626,1365,4,UDP,443,52783,,forward,20260823_155349_messaging_001_f90a,Messaging
1787480687.366626,1365,4,UDP,443,52783,,forward,20260823_155349_messaging_001_f90a,Messaging
1787480687.366626,1365,4,UDP,443,52783,,forward,20260823_155349_messaging_001_f90a,Messaging
1787480687.366626,820,4,UDP,443,52783,,forward,20260823_155349_messaging_001_f90a,Messaging
1787480687.367019,88,4,UDP,52783,443,,forward,20260823_155349_messaging_001_f90a,Messaging
1787480687.36744,340,4,UDP,52783,443,,forward,20260823_155349_messaging_001_f90a,Messaging
1787480687.367507,210,4,UDP,52783,443,,forward,20260823_155349_messaging_001_f90a,Messaging
1787480687.373506,225,4,UDP,52783,443,,forward,20260823_155349_messaging_001_f90a,Messaging
1787480687.373618,731,4,UDP,52783,443,,forward,20260823_155349_messaging_001_f90a,Messaging
1787480687.37969,225,4,UDP,52783,443,,forward,20260823_155349_messaging_001_f90a,Messaging
1787480687.379804,880,4,UDP,52783,443,,forward,20260823_155349_messaging_001_f90a,Messaging
1787480687.379829,729,4,UDP,52783,443,,forward,20260823_155349_messaging_001_f90a,Messaging
1787480687.403443,88,4,UDP,443,52783,,forward,20260823_155349_messaging_001_f90a,Messaging
1787480687.403567,146,4,UDP,52783,443,,forward,20260823_155349_messaging_001_f90a,Messaging
1787480687.419018,88,4,UDP,443,52783,,forward,20260823_155349_messaging_001_f90a,Messaging
1787480687.419018,145,4,UDP,443,52783,,forward,20260823_155349_messaging_001_f90a,Messaging
1787480687.419018,88,4,UDP,443,52783,,forward,20260823_155349_messaging_001_f90a,Messaging
1787480687.419018,145,4,UDP,443,52783,,forward,20260823_155349_messaging_001_f90a,Messaging
1787480687.419018,145,4,UDP,443,52783,,forward,20260823_155349_messaging_001_f90a,Messaging
1787480687.419296,88,4,UDP,52783,443,,forward,20260823_155349_messaging_001_f90a,Messaging
1787480687.449584,88,4,UDP,443,52783,,forward,20260823_155349_messaging_001_f90a,Messaging
1787480687.449584,157,4,UDP,443,52783,,forward,20260823_155349_messaging_001_f90a,Messaging
1787480687.449793,88,4,UDP,52783,443,,forward,20260823_155349_messaging_001_f90a,Messaging
1787480687.746331,851,4,UDP,443,52783,,forward,20260823_155349_messaging_001_f90a,Messaging
1787480687.746686,88,4,UDP,52783,443,,forward,20260823_155349_messaging_001_f90a,Messaging
1787480687.79352,145,4,UDP,52783,443,,forward,20260823_155349_messaging_001_f90a,Messaging
1787480687.825151,88,4,UDP,443,52783,,forward,20260823_155349_messaging_001_f90a,Messaging
1787480687.825151,172,4,UDP,443,52783,,forward,20260823_155349_messaging_001_f90a,Messaging
1787480687.825343,146,4,UDP,52783,443,,forward,20260823_155349_messaging_001_f90a,Messaging
1787480687.825456,88,4,UDP,52783,443,,forward,20260823_155349_messaging_001_f90a,Messaging
1787480687.855934,88,4,UDP,443,52783,,forward,20260823_155349_messaging_001_f90a,Messaging
1787480687.855934,157,4,UDP,443,52783,,forward,20260823_155349_messaging_001_f90a,Messaging
1787480687.856165,88,4,UDP,52783,443,,forward,20260823_155349_messaging_001_f90a,Messaging
1787480687.867937,818,4,UDP,443,52783,,forward,20260823_155349_messaging_001_f90a,Messaging
1787480687.868141,88,4,UDP,52783,443,,forward,20260823_155349_messaging_001_f90a,Messaging
1787480687.871176,145,4,UDP,52783,443,,forward,20260823_155349_messaging_001_f90a,Messaging
1787480687.917654,88,4,UDP,443,52783,,forward,20260823_155349_messaging_001_f90a,Messaging
1787480687.917863,145,4,UDP,52783,443,,forward,20260823_155349_messaging_001_f90a,Messaging
1787480687.949255,1365,4,UDP,443,52783,,forward,20260823_155349_messaging_001_f90a,Messaging
1787480687.949255,1365,4,UDP,443,52783,,forward,20260823_155349_messaging_001_f90a,Messaging
1787480687.949255,953,4,UDP,443,52783,,forward,20260823_155349_messaging_001_f90a,Messaging
1787480687.949255,88,4,UDP,443,52783,,forward,20260823_155349_messaging_001_f90a,Messaging
1787480687.949255,1365,4,UDP,443,52783,,forward,20260823_155349_messaging_001_f90a,Messaging
1787480687.949255,1365,4,UDP,443,52783,,forward,20260823_155349_messaging_001_f90a,Messaging
1787480687.949255,1365,4,UDP,443,52783,,forward,20260823_155349_messaging_001_f90a,Messaging
1787480687.949255,1365,4,UDP,443,52783,,forward,20260823_155349_messaging_001_f90a,Messaging
1787480687.949255,1365,4,UDP,443,52783,,forward,20260823_155349_messaging_001_f90a,Messaging
1787480687.949255,1365,4,UDP,443,52783,,forward,20260823_155349_messaging_001_f90a,Messaging
1787480687.949255,1365,4,UDP,443,52783,,forward,20260823_155349_messaging_001_f90a,Messaging
1787480687.949255,172,4,UDP,443,52783,,forward,20260823_155349_messaging_001_f90a,Messaging
1787480687.949568,88,4,UDP,52783,443,,forward,20260823_155349_messaging_001_f90a,Messaging
1787480687.950203,305,4,UDP,52783,443,,forward,20260823_155349_messaging_001_f90a,Messaging
1787480687.96469,1365,4,UDP,443,52783,,forward,20260823_155349_messaging_001_f90a,Messaging
1787480687.964979,88,4,UDP,52783,443,,forward,20260823_155349_messaging_001_f90a,Messaging
1787480687.980175,88,4,UDP,443,52783,,forward,20260823_155349_messaging_001_f90a,Messaging
1787480687.995765,1365,4,UDP,443,52783,,forward,20260823_155349_messaging_001_f90a,Messaging
1787480687.995765,1365,4,UDP,443,52783,,forward,20260823_155349_messaging_001_f90a,Messaging
1787480687.995765,1365,4,UDP,443,52783,,forward,20260823_155349_messaging_001_f90a,Messaging
1787480687.995765,1365,4,UDP,443,52783,,forward,20260823_155349_messaging_001_f90a,Messaging
1787480687.995765,1365,4,UDP,443,52783,,forward,20260823_155349_messaging_001_f90a,Messaging
1787480687.995765,1365,4,UDP,443,52783,,forward,20260823_155349_messaging_001_f90a,Messaging
1787480687.995765,885,4,UDP,443,52783,,forward,20260823_155349_messaging_001_f90a,Messaging
1787480687.995916,145,4,UDP,52783,443,,forward,20260823_155349_messaging_001_f90a,Messaging
1787480687.996113,88,4,UDP,52783,443,,forward,20260823_155349_messaging_001_f90a,Messaging
1787480687.996255,170,4,UDP,52783,443,,forward,20260823_155349_messaging_001_f90a,Messaging
1787480687.996286,125,4,UDP,52783,443,,forward,20260823_155349_messaging_001_f90a,Messaging
1787480687.996327,125,4,UDP,52783,443,,forward,20260823_155349_messaging_001_f90a,Messaging
1787480687.996878,149,4,UDP,52783,443,,forward,20260823_155349_messaging_001_f90a,Messaging
1787480687.996989,125,4,UDP,52783,443,,forward,20260823_155349_messaging_001_f90a,Messaging
1787480688.02737,84,4,UDP,52783,443,,forward,20260823_155349_messaging_001_f90a,Messaging
1787480688.03475,88,4,UDP,443,52783,,forward,20260823_155349_messaging_001_f90a,Messaging
1787480688.03475,170,4,UDP,443,52783,,forward,20260823_155349_messaging_001_f90a,Messaging
1787480688.034974,88,4,UDP,52783,443,,forward,20260823_155349_messaging_001_f90a,Messaging
1787480688.068314,88,4,UDP,443,52783,,forward,20260823_155349_messaging_001_f90a,Messaging
1787480688.262467,146,4,UDP,52783,443,,forward,20260823_155349_messaging_001_f90a,Messaging
1787480688.29344,88,4,UDP,443,52783,,forward,20260823_155349_messaging_001_f90a,Messaging
1787480688.29344,157,4,UDP,443,52783,,forward,20260823_155349_messaging_001_f90a,Messaging
1787480688.293873,88,4,UDP,52783,443,,forward,20260823_155349_messaging_001_f90a,Messaging
1787480688.294106,146,4,UDP,52783,443,,forward,20260823_155349_messaging_001_f90a,Messaging
1787480688.336503,88,4,UDP,443,52783,,forward,20260823_155349_messaging_001_f90a,Messaging
1787480688.336503,157,4,UDP,443,52783,,forward,20260823_155349_messaging_001_f90a,Messaging
1787480688.336503,145,4,UDP,443,52783,,forward,20260823_155349_messaging_001_f90a,Messaging
1787480688.336756,88,4,UDP,52783,443,,forward,20260823_155349_messaging_001_f90a,Messaging
1787480688.336926,145,4,UDP,52783,443,,forward,20260823_155349_messaging_001_f90a,Messaging
1787480688.385508,88,4,UDP,443,52783,,forward,20260823_155349_messaging_001_f90a,Messaging
1787480688.417083,1365,4,UDP,443,52783,,forward,20260823_155349_messaging_001_f90a,Messaging
1787480688.417083,1341,4,UDP,443,52783,,forward,20260823_155349_messaging_001_f90a,Messaging
1787480688.417083,1365,4,UDP,443,52783,,forward,20260823_155349_messaging_001_f90a,Messaging
1787480688.417083,1365,4,UDP,443,52783,,forward,20260823_155349_messaging_001_f90a,Messaging
1787480688.417083,1365,4,UDP,443,52783,,forward,20260823_155349_messaging_001_f90a,Messaging
1787480688.417083,1365,4,UDP,443,52783,,forward,20260823_155349_messaging_001_f90a,Messaging
1787480688.417083,1365,4,UDP,443,52783,,forward,20260823_155349_messaging_001_f90a,Messaging
1787480688.417083,1365,4,UDP,443,52783,,forward,20260823_155349_messaging_001_f90a,Messaging
1787480688.417083,1365,4,UDP,443,52783,,forward,20260823_155349_messaging_001_f90a,Messaging
1787480688.417083,1365,4,UDP,443,52783,,forward,20260823_155349_messaging_001_f90a,Messaging
1787480688.417083,1365,4,UDP,443,52783,,forward,20260823_155349_messaging_001_f90a,Messaging
1787480688.417083,1365,4,UDP,443,52783,,forward,20260823_155349_messaging_001_f90a,Messaging
1787480688.417083,1365,4,UDP,443,52783,,forward,20260823_155349_messaging_001_f90a,Messaging
1787480688.417083,1365,4,UDP,443,52783,,forward,20260823_155349_messaging_001_f90a,Messaging
1787480688.417452,88,4,UDP,52783,443,,forward,20260823_155349_messaging_001_f90a,Messaging
1787480688.417688,340,4,UDP,52783,443,,forward,20260823_155349_messaging_001_f90a,Messaging
1787480688.417796,275,4,UDP,52783,443,,forward,20260823_155349_messaging_001_f90a,Messaging
1787480688.463362,88,4,UDP,443,52783,,forward,20260823_155349_messaging_001_f90a,Messaging
1787480688.463362,621,4,UDP,443,52783,,forward,20260823_155349_messaging_001_f90a,Messaging
1787480688.463645,88,4,UDP,52783,443,,forward,20260823_155349_messaging_001_f90a,Messaging
1787480688.463732,212,4,UDP,52783,443,,forward,20260823_155349_messaging_001_f90a,Messaging
1787480688.464013,234,4,UDP,52783,443,,forward,20260823_155349_messaging_001_f90a,Messaging
1787480688.501635,88,4,UDP,443,52783,,forward,20260823_155349_messaging_001_f90a,Messaging
1787480688.501635,157,4,UDP,443,52783,,forward,20260823_155349_messaging_001_f90a,Messaging
1787480688.501635,157,4,UDP,443,52783,,forward,20260823_155349_messaging_001_f90a,Messaging
1787480688.501635,145,4,UDP,443,52783,,forward,20260823_155349_messaging_001_f90a,Messaging
1787480688.501868,88,4,UDP,52783,443,,forward,20260823_155349_messaging_001_f90a,Messaging
1787480688.502104,145,4,UDP,52783,443,,forward,20260823_155349_messaging_001_f90a,Messaging
1787480688.524103,1287,4,UDP,443,52783,,forward,20260823_155349_messaging_001_f90a,Messaging
1787480688.524552,88,4,UDP,52783,443,,forward,20260823_155349_messaging_001_f90a,Messaging
1787480688.533889,88,4,UDP,443,52783,,forward,20260823_155349_messaging_001_f90a,Messaging
1787480688.570653,145,4,UDP,52783,443,,forward,20260823_155349_messaging_001_f90a,Messaging
1787480688.617948,88,4,UDP,443,52783,,forward,20260823_155349_messaging_001_f90a,Messaging
1787480688.617948,172,4,UDP,443,52783,,forward,20260823_155349_messaging_001_f90a,Messaging
1787480688.618199,88,4,UDP,52783,443,,forward,20260823_155349_messaging_001_f90a,Messaging
1787480688.619191,234,4,UDP,52783,443,,forward,20260823_155349_messaging_001_f90a,Messaging
1787480688.648687,146,4,UDP,52783,443,,forward,20260823_155349_messaging_001_f90a,Messaging
1787480688.663485,88,4,UDP,443,52783,,forward,20260823_155349_messaging_001_f90a,Messaging
1787480688.663485,145,4,UDP,443,52783,,forward,20260823_155349_messaging_001_f90a,Messaging
1787480688.663713,88,4,UDP,52783,443,,forward,20260823_155349_messaging_001_f90a,Messaging
1787480688.663916,145,4,UDP,52783,443,,forward,20260823_155349_messaging_001_f90a,Messaging
1787480688.694078,88,4,UDP,443,52783,,forward,20260823_155349_messaging_001_f90a,Messaging
1787480688.694078,157,4,UDP,443,52783,,forward,20260823_155349_messaging_001_f90a,Messaging
1787480688.694455,88,4,UDP,52783,443,,forward,20260823_155349_messaging_001_f90a,Messaging
1787480688.701427,88,4,UDP,443,52783,,forward,20260823_155349_messaging_001_f90a,Messaging
1787480688.790998,161,4,UDP,52783,443,,forward,20260823_155349_messaging_001_f90a,Messaging
1787480688.79112,242,4,UDP,52783,443,,forward,20260823_155349_messaging_001_f90a,Messaging
1787480688.791261,161,4,UDP,52783,443,,forward,20260823_155349_messaging_001_f90a,Messaging
1787480688.831886,88,4,UDP,443,52783,,forward,20260823_155349_messaging_001_f90a,Messaging
1787480688.831886,289,4,UDP,443,52783,,forward,20260823_155349_messaging_001_f90a,Messaging
1787480688.831886,899,4,UDP,443,52783,,forward,20260823_155349_messaging_001_f90a,Messaging
1787480688.832162,88,4,UDP,52783,443,,forward,20260823_155349_messaging_001_f90a,Messaging
1787480688.833913,157,4,UDP,52783,443,,forward,20260823_155349_messaging_001_f90a,Messaging
1787480688.86439,88,4,UDP,443,52783,,forward,20260823_155349_messaging_001_f90a,Messaging
1787480688.866536,146,4,UDP,52783,443,,forward,20260823_155349_messaging_001_f90a,Messaging
1787480688.881187,157,4,UDP,443,52783,,forward,20260823_155349_messaging_001_f90a,Messaging
1787480688.881407,88,4,UDP,52783,443,,forward,20260823_155349_messaging_001_f90a,Messaging
1787480688.881675,145,4,UDP,52783,443,,forward,20260823_155349_messaging_001_f90a,Messaging
1787480688.882103,711,4,UDP,52783,443,,forward,20260823_155349_messaging_001_f90a,Messaging
1787480688.896689,88,4,UDP,443,52783,,forward,20260823_155349_messaging_001_f90a,Messaging
1787480688.899646,157,4,UDP,443,52783,,forward,20260823_155349_messaging_001_f90a,Messaging
1787480688.899828,88,4,UDP,52783,443,,forward,20260823_155349_messaging_001_f90a,Messaging
1787480688.911656,88,4,UDP,443,52783,,forward,20260823_155349_messaging_001_f90a,Messaging
1787480688.926666,145,4,UDP,443,52783,,forward,20260823_155349_messaging_001_f90a,Messaging
1787480688.926666,364,4,UDP,443,52783,,forward,20260823_155349_messaging_001_f90a,Messaging
1787480688.926948,88,4,UDP,52783,443,,forward,20260823_155349_messaging_001_f90a,Messaging
1787480688.928045,1365,4,UDP,52783,443,,forward,20260823_155349_messaging_001_f90a,Messaging
1787480688.928161,1365,4,UDP,52783,443,,forward,20260823_155349_messaging_001_f90a,Messaging
1787480688.928188,1365,4,UDP,52783,443,,forward,20260823_155349_messaging_001_f90a,Messaging
1787480688.928203,792,4,UDP,52783,443,,forward,20260823_155349_messaging_001_f90a,Messaging
1787480688.965636,88,4,UDP,443,52783,,forward,20260823_155349_messaging_001_f90a,Messaging
1787480688.965636,210,4,UDP,443,52783,,forward,20260823_155349_messaging_001_f90a,Messaging
1787480688.965876,88,4,UDP,52783,443,,forward,20260823_155349_messaging_001_f90a,Messaging
1787480689.116692,1198,4,UDP,443,52783,,forward,20260823_155349_messaging_001_f90a,Messaging
1787480689.116882,88,4,UDP,52783,443,,forward,20260823_155349_messaging_001_f90a,Messaging
1787480689.164285,145,4,UDP,52783,443,,forward,20260823_155349_messaging_001_f90a,Messaging
1787480689.198164,88,4,UDP,443,52783,,forward,20260823_155349_messaging_001_f90a,Messaging
1787480689.198164,172,4,UDP,443,52783,,forward,20260823_155349_messaging_001_f90a,Messaging
1787480689.1984,88,4,UDP,52783,443,,forward,20260823_155349_messaging_001_f90a,Messaging
1787480689.243642,145,4,UDP,52783,443,,forward,20260823_155349_messaging_001_f90a,Messaging
1787480689.289757,88,4,UDP,443,52783,,forward,20260823_155349_messaging_001_f90a,Messaging
1787480689.352693,146,4,UDP,52783,443,,forward,20260823_155349_messaging_001_f90a,Messaging
1787480689.362497,125,4,UDP,443,52783,,forward,20260823_155349_messaging_001_f90a,Messaging
1787480689.362715,88,4,UDP,52783,443,,forward,20260823_155349_messaging_001_f90a,Messaging
1787480689.362838,125,4,UDP,52783,443,,forward,20260823_155349_messaging_001_f90a,Messaging
1787480689.395479,88,4,UDP,443,52783,,forward,20260823_155349_messaging_001_f90a,Messaging
1787480689.395479,157,4,UDP,443,52783,,forward,20260823_155349_messaging_001_f90a,Messaging
1787480689.396142,88,4,UDP,52783,443,,forward,20260823_155349_messaging_001_f90a,Messaging
1787480689.398527,88,4,UDP,443,52783,,forward,20260823_155349_messaging_001_f90a,Messaging
1787480689.509759,146,4,UDP,52783,443,,forward,20260823_155349_messaging_001_f90a,Messaging
1787480689.527614,125,4,UDP,443,52783,,forward,20260823_155349_messaging_001_f90a,Messaging
1787480689.527867,88,4,UDP,52783,443,,forward,20260823_155349_messaging_001_f90a,Messaging
1787480689.52809,125,4,UDP,52783,443,,forward,20260823_155349_messaging_001_f90a,Messaging
1787480689.540692,88,4,UDP,443,52783,,forward,20260823_155349_messaging_001_f90a,Messaging
1787480689.540692,157,4,UDP,443,52783,,forward,20260823_155349_messaging_001_f90a,Messaging
1787480689.540926,88,4,UDP,52783,443,,forward,20260823_155349_messaging_001_f90a,Messaging
1787480689.560661,88,4,UDP,443,52783,,forward,20260823_155349_messaging_001_f90a,Messaging
1787480689.903776,146,4,UDP,52783,443,,forward,20260823_155349_messaging_001_f90a,Messaging
1787480689.950238,88,4,UDP,443,52783,,forward,20260823_155349_messaging_001_f90a,Messaging
1787480689.950238,157,4,UDP,443,52783,,forward,20260823_155349_messaging_001_f90a,Messaging
1787480689.950623,88,4,UDP,52783,443,,forward,20260823_155349_messaging_001_f90a,Messaging
1787480690.199741,125,4,UDP,443,52783,,forward,20260823_155349_messaging_001_f90a,Messaging
1787480690.20002,88,4,UDP,52783,443,,forward,20260823_155349_messaging_001_f90a,Messaging
1787480690.200143,125,4,UDP,52783,443,,forward,20260823_155349_messaging_001_f90a,Messaging
1787480690.202078,146,4,UDP,52783,443,,forward,20260823_155349_messaging_001_f90a,Messaging
1787480690.231799,88,4,UDP,443,52783,,forward,20260823_155349_messaging_001_f90a,Messaging
1787480690.246797,88,4,UDP,443,52783,,forward,20260823_155349_messaging_001_f90a,Messaging
1787480690.246797,157,4,UDP,443,52783,,forward,20260823_155349_messaging_001_f90a,Messaging
1787480690.246997,88,4,UDP,52783,443,,forward,20260823_155349_messaging_001_f90a,Messaging
1787480690.35665,145,4,UDP,52783,443,,forward,20260823_155349_messaging_001_f90a,Messaging
1787480690.396063,88,4,UDP,443,52783,,forward,20260823_155349_messaging_001_f90a,Messaging
1787480690.396063,145,4,UDP,443,52783,,forward,20260823_155349_messaging_001_f90a,Messaging
1787480690.396278,88,4,UDP,52783,443,,forward,20260823_155349_messaging_001_f90a,Messaging
1787480690.396597,145,4,UDP,52783,443,,forward,20260823_155349_messaging_001_f90a,Messaging
1787480690.403773,146,4,UDP,52783,443,,forward,20260823_155349_messaging_001_f90a,Messaging
1787480690.429099,88,4,UDP,443,52783,,forward,20260823_155349_messaging_001_f90a,Messaging
1787480690.449104,88,4,UDP,443,52783,,forward,20260823_155349_messaging_001_f90a,Messaging
1787480690.449104,157,4,UDP,443,52783,,forward,20260823_155349_messaging_001_f90a,Messaging
1787480690.449345,88,4,UDP,52783,443,,forward,20260823_155349_messaging_001_f90a,Messaging
1787480690.762255,145,4,UDP,52783,443,,forward,20260823_155349_messaging_001_f90a,Messaging
1787480690.795898,88,4,UDP,443,52783,,forward,20260823_155349_messaging_001_f90a,Messaging
1787480690.795898,145,4,UDP,443,52783,,forward,20260823_155349_messaging_001_f90a,Messaging
1787480690.796116,88,4,UDP,52783,443,,forward,20260823_155349_messaging_001_f90a,Messaging
1787480690.796408,145,4,UDP,52783,443,,forward,20260823_155349_messaging_001_f90a,Messaging
1787480690.828891,88,4,UDP,443,52783,,forward,20260823_155349_messaging_001_f90a,Messaging
1787480691.10661,131,4,UDP,443,52783,,forward,20260823_155349_messaging_001_f90a,Messaging
1787480691.10684,88,4,UDP,52783,443,,forward,20260823_155349_messaging_001_f90a,Messaging
1787480691.1072,135,4,UDP,52783,443,,forward,20260823_155349_messaging_001_f90a,Messaging
1787480691.136967,126,4,UDP,52783,443,,forward,20260823_155349_messaging_001_f90a,Messaging
1787480691.152646,88,4,UDP,443,52783,,forward,20260823_155349_messaging_001_f90a,Messaging
1787480691.152646,125,4,UDP,443,52783,,forward,20260823_155349_messaging_001_f90a,Messaging
1787480691.152879,88,4,UDP,52783,443,,forward,20260823_155349_messaging_001_f90a,Messaging
1787480691.167642,88,4,UDP,443,52783,,forward,20260823_155349_messaging_001_f90a,Messaging
1787480691.182622,137,4,UDP,443,52783,,forward,20260823_155349_messaging_001_f90a,Messaging
1787480691.182887,88,4,UDP,52783,443,,forward,20260823_155349_messaging_001_f90a,Messaging
1787480691.246136,145,4,UDP,52783,443,,forward,20260823_155349_messaging_001_f90a,Messaging
1787480691.262,146,4,UDP,52783,443,,forward,20260823_155349_messaging_001_f90a,Messaging
1787480691.293678,88,4,UDP,443,52783,,forward,20260823_155349_messaging_001_f90a,Messaging
1787480691.293678,145,4,UDP,443,52783,,forward,20260823_155349_messaging_001_f90a,Messaging
1787480691.293937,88,4,UDP,52783,443,,forward,20260823_155349_messaging_001_f90a,Messaging
1787480691.294222,145,4,UDP,52783,443,,forward,20260823_155349_messaging_001_f90a,Messaging
1787480691.299538,88,4,UDP,443,52783,,forward,20260823_155349_messaging_001_f90a,Messaging
1787480691.299538,157,4,UDP,443,52783,,forward,20260823_155349_messaging_001_f90a,Messaging
1787480691.299763,88,4,UDP,52783,443,,forward,20260823_155349_messaging_001_f90a,Messaging
1787480691.332419,88,4,UDP,443,52783,,forward,20260823_155349_messaging_001_f90a,Messaging
1787480691.345935,137,4,UDP,52783,443,,forward,20260823_155349_messaging_001_f90a,Messaging
1787480691.386454,88,4,UDP,443,52783,,forward,20260823_155349_messaging_001_f90a,Messaging
1787480691.386454,137,4,UDP,443,52783,,forward,20260823_155349_messaging_001_f90a,Messaging
1787480691.386739,88,4,UDP,52783,443,,forward,20260823_155349_messaging_001_f90a,Messaging
1787480691.387168,125,4,UDP,52783,443,,forward,20260823_155349_messaging_001_f90a,Messaging
1787480691.38764,693,4,UDP,52783,443,,forward,20260823_155349_messaging_001_f90a,Messaging
1787480691.43197,88,4,UDP,443,52783,,forward,20260823_155349_messaging_001_f90a,Messaging
1787480691.43197,88,4,UDP,443,52783,,forward,20260823_155349_messaging_001_f90a,Messaging
1787480691.43197,125,4,UDP,443,52783,,forward,20260823_155349_messaging_001_f90a,Messaging
1787480691.43197,344,4,UDP,443,52783,,forward,20260823_155349_messaging_001_f90a,Messaging
1787480691.432221,88,4,UDP,52783,443,,forward,20260823_155349_messaging_001_f90a,Messaging
1787480691.433055,761,4,UDP,52783,443,,forward,20260823_155349_messaging_001_f90a,Messaging
1787480691.464965,88,4,UDP,443,52783,,forward,20260823_155349_messaging_001_f90a,Messaging
1787480691.512479,125,4,UDP,443,52783,,forward,20260823_155349_messaging_001_f90a,Messaging
1787480691.512708,88,4,UDP,52783,443,,forward,20260823_155349_messaging_001_f90a,Messaging
1787480691.559507,1365,4,UDP,443,52783,,forward,20260823_155349_messaging_001_f90a,Messaging
1787480691.559507,1117,4,UDP,443,52783,,forward,20260823_155349_messaging_001_f90a,Messaging
1787480691.559507,152,4,UDP,443,52783,,forward,20260823_155349_messaging_001_f90a,Messaging
1787480691.55977,88,4,UDP,52783,443,,forward,20260823_155349_messaging_001_f90a,Messaging
1787480691.560121,170,4,UDP,52783,443,,forward,20260823_155349_messaging_001_f90a,Messaging
1787480691.560791,149,4,UDP,52783,443,,forward,20260823_155349_messaging_001_f90a,Messaging
1787480691.560906,125,4,UDP,52783,443,,forward,20260823_155349_messaging_001_f90a,Messaging
1787480691.598992,88,4,UDP,443,52783,,forward,20260823_155349_messaging_001_f90a,Messaging
1787480691.598992,170,4,UDP,443,52783,,forward,20260823_155349_messaging_001_f90a,Messaging
1787480691.599222,88,4,UDP,52783,443,,forward,20260823_155349_messaging_001_f90a,Messaging
1787480691.921289,125,4,UDP,443,52783,,forward,20260823_155349_messaging_001_f90a,Messaging
1787480691.921542,88,4,UDP,52783,443,,forward,20260823_155349_messaging_001_f90a,Messaging
1787480691.921676,125,4,UDP,52783,443,,forward,20260823_155349_messaging_001_f90a,Messaging
1787480691.95229,88,4,UDP,443,52783,,forward,20260823_155349_messaging_001_f90a,Messaging
1787480692.015009,84,4,UDP,52783,443,,forward,20260823_155349_messaging_001_f90a,Messaging
1787480692.061808,88,4,UDP,443,52783,,forward,20260823_155349_messaging_001_f90a,Messaging
1787480692.299989,146,4,UDP,52783,443,,forward,20260823_155349_messaging_001_f90a,Messaging
1787480692.331739,88,4,UDP,443,52783,,forward,20260823_155349_messaging_001_f90a,Messaging
1787480692.346787,157,4,UDP,443,52783,,forward,20260823_155349_messaging_001_f90a,Messaging
