timestamp,packet_length,ip_version,protocol,source_port,destination_port,tcp_flags,direction,session_id,traffic_class
1787481659.550854,145,4,UDP,443,52783,,forward,20260823_161053_messaging_001_e319,Messaging
1787481659.551092,88,4,UDP,52783,443,,forward,20260823_161053_messaging_001_e319,Messaging
1787481659.55132,145,4,UDP,52783,443,,forward,20260823_161053_messaging_001_e319,Messaging
1787481659.589912,88,4,UDP,443,52783,,forward,20260823_161053_messaging_001_e319,Messaging
1787481659.590204,117,4,UDP,52783,443,,forward,20260823_161053_messaging_001_e319,Messaging
1787481659.590298,347,4,UDP,52783,443,,forward,20260823_161053_messaging_001_e319,Messaging
1787481659.635421,88,4,UDP,443,52783,,forward,20260823_161053_messaging_001_e319,Messaging
1787481659.635421,522,4,UDP,443,52783,,forward,20260823_161053_messaging_001_e319,Messaging
1787481659.635696,88,4,UDP,52783,443,,forward,20260823_161053_messaging_001_e319,Messaging
1787481659.806996,145,4,UDP,443,52783,,forward,20260823_161053_messaging_001_e319,Messaging
1787481659.807395,88,4,UDP,52783,443,,forward,20260823_161053_messaging_001_e319,Messaging
1787481659.807739,145,4,UDP,52783,443,,forward,20260823_161053_messaging_001_e319,Messaging
1787481659.852405,88,4,UDP,443,52783,,forward,20260823_161053_messaging_001_e319,Messaging
1787481660.026074,84,4,UDP,52783,443,,forward,20260823_161053_messaging_001_e319,Messaging
1787481660.072802,88,4,UDP,443,52783,,forward,20260823_161053_messaging_001_e319,Messaging
1787481660.564452,146,4,UDP,52783,443,,forward,20260823_161053_messaging_001_e319,Messaging
1787481660.602838,88,4,UDP,443,52783,,forward,20260823_161053_messaging_001_e319,Messaging
1787481660.602838,157,4,UDP,443,52783,,forward,20260823_161053_messaging_001_e319,Messaging
1787481660.603165,88,4,UDP,52783,443,,forward,20260823_161053_messaging_001_e319,Messaging
1787481660.641354,125,4,UDP,443,52783,,forward,20260823_161053_messaging_001_e319,Messaging
1787481660.641611,88,4,UDP,52783,443,,forward,20260823_161053_messaging_001_e319,Messaging
1787481660.64173,125,4,UDP,52783,443,,forward,20260823_161053_messaging_001_e319,Messaging
1787481660.687378,88,4,UDP,443,52783,,forward,20260823_161053_messaging_001_e319,Messaging
1787481660.797935,165,4,UDP,443,52783,,forward,20260823_161053_messaging_001_e319,Messaging
1787481660.798142,88,4,UDP,52783,443,,forward,20260823_161053_messaging_001_e319,Messaging
1787481660.816016,166,4,UDP,52783,443,,forward,20260823_161053_messaging_001_e319,Messaging
1787481660.860916,88,4,UDP,443,52783,,forward,20260823_161053_messaging_001_e319,Messaging
1787481661.92141,169,4,UDP,443,52783,,forward,20260823_161053_messaging_001_e319,Messaging
1787481661.921689,88,4,UDP,52783,443,,forward,20260823_161053_messaging_001_e319,Messaging
1787481661.922048,173,4,UDP,52783,443,,forward,20260823_161053_messaging_001_e319,Messaging
1787481661.966916,88,4,UDP,443,52783,,forward,20260823_161053_messaging_001_e319,Messaging
1787481661.966916,145,4,UDP,443,52783,,forward,20260823_161053_messaging_001_e319,Messaging
1787481661.967131,88,4,UDP,52783,443,,forward,20260823_161053_messaging_001_e319,Messaging
1787481662.175057,145,4,UDP,443,52783,,forward,20260823_161053_messaging_001_e319,Messaging
1787481662.175495,88,4,UDP,52783,443,,forward,20260823_161053_messaging_001_e319,Messaging
1787481662.175633,145,4,UDP,52783,443,,forward,20260823_161053_messaging_001_e319,Messaging
1787481662.222063,88,4,UDP,443,52783,,forward,20260823_161053_messaging_001_e319,Messaging
1787481662.222494,160,4,UDP,52783,443,,forward,20260823_161053_messaging_001_e319,Messaging
1787481662.269508,88,4,UDP,443,52783,,forward,20260823_161053_messaging_001_e319,Messaging
1787481662.269508,125,4,UDP,443,52783,,forward,20260823_161053_messaging_001_e319,Messaging
1787481662.269771,88,4,UDP,52783,443,,forward,20260823_161053_messaging_001_e319,Messaging
1787481662.687466,145,4,UDP,443,52783,,forward,20260823_161053_messaging_001_e319,Messaging
1787481662.687658,88,4,UDP,52783,443,,forward,20260823_161053_messaging_001_e319,Messaging
1787481662.687941,145,4,UDP,52783,443,,forward,20260823_161053_messaging_001_e319,Messaging
1787481662.724501,88,4,UDP,443,52783,,forward,20260823_161053_messaging_001_e319,Messaging
1787481663.151949,146,4,UDP,52783,443,,forward,20260823_161053_messaging_001_e319,Messaging
1787481663.199579,88,4,UDP,443,52783,,forward,20260823_161053_messaging_001_e319,Messaging
1787481663.199579,157,4,UDP,443,52783,,forward,20260823_161053_messaging_001_e319,Messaging
1787481663.199579,145,4,UDP,443,52783,,forward,20260823_161053_messaging_001_e319,Messaging
1787481663.19994,88,4,UDP,52783,443,,forward,20260823_161053_messaging_001_e319,Messaging
1787481663.200096,145,4,UDP,52783,443,,forward,20260823_161053_messaging_001_e319,Messaging
1787481663.246075,88,4,UDP,443,52783,,forward,20260823_161053_messaging_001_e319,Messaging
1787481663.904918,574,4,UDP,443,52783,,forward,20260823_161053_messaging_001_e319,Messaging
1787481663.905113,88,4,UDP,52783,443,,forward,20260823_161053_messaging_001_e319,Messaging
1787481663.959539,125,4,UDP,52783,443,,forward,20260823_161053_messaging_001_e319,Messaging
1787481664.003335,88,4,UDP,443,52783,,forward,20260823_161053_messaging_001_e319,Messaging
1787481664.022554,84,4,UDP,52783,443,,forward,20260823_161053_messaging_001_e319,Messaging
1787481664.068868,88,4,UDP,443,52783,,forward,20260823_161053_messaging_001_e319,Messaging
1787481664.47819,158,4,UDP,443,52783,,forward,20260823_161053_messaging_001_e319,Messaging
1787481664.47853,88,4,UDP,52783,443,,forward,20260823_161053_messaging_001_e319,Messaging
1787481664.479297,298,4,UDP,52783,443,,forward,20260823_161053_messaging_001_e319,Messaging
1787481664.525928,88,4,UDP,443,52783,,forward,20260823_161053_messaging_001_e319,Messaging
1787481664.525928,170,4,UDP,443,52783,,forward,20260823_161053_messaging_001_e319,Messaging
1787481664.526397,88,4,UDP,52783,443,,forward,20260823_161053_messaging_001_e319,Messaging
1787481664.650929,193,4,UDP,443,52783,,forward,20260823_161053_messaging_001_e319,Messaging
1787481664.651104,88,4,UDP,52783,443,,forward,20260823_161053_messaging_001_e319,Messaging
1787481664.652013,319,4,UDP,52783,443,,forward,20260823_161053_messaging_001_e319,Messaging
1787481664.694858,88,4,UDP,443,52783,,forward,20260823_161053_messaging_001_e319,Messaging
1787481664.694858,170,4,UDP,443,52783,,forward,20260823_161053_messaging_001_e319,Messaging
1787481664.695057,88,4,UDP,52783,443,,forward,20260823_161053_messaging_001_e319,Messaging
1787481664.825378,193,4,UDP,443,52783,,forward,20260823_161053_messaging_001_e319,Messaging
1787481664.825622,88,4,UDP,52783,443,,forward,20260823_161053_messaging_001_e319,Messaging
1787481664.87261,125,4,UDP,52783,443,,forward,20260823_161053_messaging_001_e319,Messaging
1787481664.920052,88,4,UDP,443,52783,,forward,20260823_161053_messaging_001_e319,Messaging
1787481665.254131,125,4,UDP,443,52783,,forward,20260823_161053_messaging_001_e319,Messaging
1787481665.25447,88,4,UDP,52783,443,,forward,20260823_161053_messaging_001_e319,Messaging
1787481665.254591,125,4,UDP,52783,443,,forward,20260823_161053_messaging_001_e319,Messaging
1787481665.301631,88,4,UDP,443,52783,,forward,20260823_161053_messaging_001_e319,Messaging
1787481665.506744,125,4,UDP,443,52783,,forward,20260823_161053_messaging_001_e319,Messaging
1787481665.507201,88,4,UDP,52783,443,,forward,20260823_161053_messaging_001_e319,Messaging
1787481665.507339,125,4,UDP,52783,443,,forward,20260823_161053_messaging_001_e319,Messaging
1787481665.550275,88,4,UDP,443,52783,,forward,20260823_161053_messaging_001_e319,Messaging
1787481665.695702,145,4,UDP,443,52783,,forward,20260823_161053_messaging_001_e319,Messaging
1787481665.695945,88,4,UDP,52783,443,,forward,20260823_161053_messaging_001_e319,Messaging
1787481665.696112,145,4,UDP,52783,443,,forward,20260823_161053_messaging_001_e319,Messaging
1787481665.741237,88,4,UDP,443,52783,,forward,20260823_161053_messaging_001_e319,Messaging
1787481666.437781,131,4,UDP,443,52783,,forward,20260823_161053_messaging_001_e319,Messaging
1787481666.438113,88,4,UDP,52783,443,,forward,20260823_161053_messaging_001_e319,Messaging
1787481666.438359,135,4,UDP,52783,443,,forward,20260823_161053_messaging_001_e319,Messaging
1787481666.47434,88,4,UDP,443,52783,,forward,20260823_161053_messaging_001_e319,Messaging
1787481666.47434,125,4,UDP,443,52783,,forward,20260823_161053_messaging_001_e319,Messaging
1787481666.474622,88,4,UDP,52783,443,,forward,20260823_161053_messaging_001_e319,Messaging
1787481666.674932,146,4,UDP,52783,443,,forward,20260823_161053_messaging_001_e319,Messaging
1787481666.722442,88,4,UDP,443,52783,,forward,20260823_161053_messaging_001_e319,Messaging
1787481666.722442,157,4,UDP,443,52783,,forward,20260823_161053_messaging_001_e319,Messaging
1787481666.722685,88,4,UDP,52783,443,,forward,20260823_161053_messaging_001_e319,Messaging
1787481667.752095,125,4,UDP,443,52783,,forward,20260823_161053_messaging_001_e319,Messaging
1787481667.752317,88,4,UDP,52783,443,,forward,20260823_161053_messaging_001_e319,Messaging
1787481667.752448,125,4,UDP,52783,443,,forward,20260823_161053_messaging_001_e319,Messaging
1787481667.79315,88,4,UDP,443,52783,,forward,20260823_161053_messaging_001_e319,Messaging
1787481668.019659,84,4,UDP,52783,443,,forward,20260823_161053_messaging_001_e319,Messaging
1787481668.058948,88,4,UDP,443,52783,,forward,20260823_161053_messaging_001_e319,Messaging
1787481668.714556,145,4,UDP,443,52783,,forward,20260823_161053_messaging_001_e319,Messaging
1787481668.715158,88,4,UDP,52783,443,,forward,20260823_161053_messaging_001_e319,Messaging
1787481668.715714,145,4,UDP,52783,443,,forward,20260823_161053_messaging_001_e319,Messaging
1787481668.761003,88,4,UDP,443,52783,,forward,20260823_161053_messaging_001_e319,Messaging
1787481669.689493,146,4,UDP,52783,443,,forward,20260823_161053_messaging_001_e319,Messaging
1787481669.728398,88,4,UDP,443,52783,,forward,20260823_161053_messaging_001_e319,Messaging
1787481669.728398,157,4,UDP,443,52783,,forward,20260823_161053_messaging_001_e319,Messaging
1787481669.728702,88,4,UDP,52783,443,,forward,20260823_161053_messaging_001_e319,Messaging
1787481670.803185,165,4,UDP,443,52783,,forward,20260823_161053_messaging_001_e319,Messaging
1787481670.803461,88,4,UDP,52783,443,,forward,20260823_161053_messaging_001_e319,Messaging
1787481670.822592,166,4,UDP,52783,443,,forward,20260823_161053_messaging_001_e319,Messaging
1787481670.869256,88,4,UDP,443,52783,,forward,20260823_161053_messaging_001_e319,Messaging
1787481672.026323,84,4,UDP,52783,443,,forward,20260823_161053_messaging_001_e319,Messaging
1787481672.072572,88,4,UDP,443,52783,,forward,20260823_161053_messaging_001_e319,Messaging
1787481673.94515,574,4,UDP,443,52783,,forward,20260823_161053_messaging_001_e319,Messaging
1787481673.945356,88,4,UDP,52783,443,,forward,20260823_161053_messaging_001_e319,Messaging
1787481673.961168,145,4,UDP,443,52783,,forward,20260823_161053_messaging_001_e319,Messaging
1787481673.961339,88,4,UDP,52783,443,,forward,20260823_161053_messaging_001_e319,Messaging
1787481673.961872,145,4,UDP,52783,443,,forward,20260823_161053_messaging_001_e319,Messaging
1787481673.994282,125,4,UDP,52783,443,,forward,20260823_161053_messaging_001_e319,Messaging
1787481674.008153,88,4,UDP,443,52783,,forward,20260823_161053_messaging_001_e319,Messaging
1787481674.038644,88,4,UDP,443,52783,,forward,20260823_161053_messaging_001_e319,Messaging
1787481674.235487,212,4,UDP,55229,1900,,forward,20260823_161053_messaging_001_e319,Messaging
1787481674.589263,117,4,UDP,52783,443,,forward,20260823_161053_messaging_001_e319,Messaging
1787481674.589403,347,4,UDP,52783,443,,forward,20260823_161053_messaging_001_e319,Messaging
1787481674.631814,88,4,UDP,443,52783,,forward,20260823_161053_messaging_001_e319,Messaging
1787481674.631814,88,4,UDP,443,52783,,forward,20260823_161053_messaging_001_e319,Messaging
1787481674.631814,522,4,UDP,443,52783,,forward,20260823_161053_messaging_001_e319,Messaging
1787481674.63209,88,4,UDP,52783,443,,forward,20260823_161053_messaging_001_e319,Messaging
1787481674.666323,145,4,UDP,443,52783,,forward,20260823_161053_messaging_001_e319,Messaging
1787481674.666586,88,4,UDP,52783,443,,forward,20260823_161053_messaging_001_e319,Messaging
1787481674.666835,145,4,UDP,52783,443,,forward,20260823_161053_messaging_001_e319,Messaging
1787481674.714384,88,4,UDP,443,52783,,forward,20260823_161053_messaging_001_e319,Messaging
1787481675.250893,212,4,UDP,55229,1900,,forward,20260823_161053_messaging_001_e319,Messaging
1787481675.509212,389,4,UDP,52783,443,,forward,20260823_161053_messaging_001_e319,Messaging
1787481675.548488,88,4,UDP,443,52783,,forward,20260823_161053_messaging_001_e319,Messaging
1787481675.548488,125,4,UDP,443,52783,,forward,20260823_161053_messaging_001_e319,Messaging
1787481675.548716,88,4,UDP,52783,443,,forward,20260823_161053_messaging_001_e319,Messaging
1787481675.596072,234,4,UDP,52783,443,,forward,20260823_161053_messaging_001_e319,Messaging
1787481675.612176,146,4,UDP,52783,443,,forward,20260823_161053_messaging_001_e319,Messaging
1787481675.641882,88,4,UDP,443,52783,,forward,20260823_161053_messaging_001_e319,Messaging
1787481675.641882,145,4,UDP,443,52783,,forward,20260823_161053_messaging_001_e319,Messaging
1787481675.641882,145,4,UDP,443,52783,,forward,20260823_161053_messaging_001_e319,Messaging
1787481675.642166,88,4,UDP,52783,443,,forward,20260823_161053_messaging_001_e319,Messaging
1787481675.642658,145,4,UDP,52783,443,,forward,20260823_161053_messaging_001_e319,Messaging
1787481675.656921,88,4,UDP,443,52783,,forward,20260823_161053_messaging_001_e319,Messaging
1787481675.656921,157,4,UDP,443,52783,,forward,20260823_161053_messaging_001_e319,Messaging
1787481675.657139,88,4,UDP,52783,443,,forward,20260823_161053_messaging_001_e319,Messaging
1787481675.686928,88,4,UDP,443,52783,,forward,20260823_161053_messaging_001_e319,Messaging
1787481675.702945,219,4,UDP,443,52783,,forward,20260823_161053_messaging_001_e319,Messaging
1787481675.70322,88,4,UDP,52783,443,,forward,20260823_161053_messaging_001_e319,Messaging
1787481675.749865,125,4,UDP,52783,443,,forward,20260823_161053_messaging_001_e319,Messaging
1787481675.790324,88,4,UDP,443,52783,,forward,20260823_161053_messaging_001_e319,Messaging
1787481676.003431,145,4,UDP,443,52783,,forward,20260823_161053_messaging_001_e319,Messaging
1787481676.003688,88,4,UDP,52783,443,,forward,20260823_161053_messaging_001_e319,Messaging
1787481676.003843,145,4,UDP,52783,443,,forward,20260823_161053_messaging_001_e319,Messaging
1787481676.019567,84,4,UDP,52783,443,,forward,20260823_161053_messaging_001_e319,Messaging
1787481676.049903,88,4,UDP,443,52783,,forward,20260823_161053_messaging_001_e319,Messaging
1787481676.056808,88,4,UDP,443,52783,,forward,20260823_161053_messaging_001_e319,Messaging
1787481676.257015,212,4,UDP,55229,1900,,forward,20260823_161053_messaging_001_e319,Messaging
1787481676.319291,125,4,UDP,443,52783,,forward,20260823_161053_messaging_001_e319,Messaging
1787481676.319482,88,4,UDP,52783,443,,forward,20260823_161053_messaging_001_e319,Messaging
1787481676.319646,125,4,UDP,52783,443,,forward,20260823_161053_messaging_001_e319,Messaging
1787481676.357745,88,4,UDP,443,52783,,forward,20260823_161053_messaging_001_e319,Messaging
1787481676.700767,171,4,UDP,52783,443,,forward,20260823_161053_messaging_001_e319,Messaging
1787481676.700909,171,4,UDP,52783,443,,forward,20260823_161053_messaging_001_e319,Messaging
1787481676.701979,171,4,UDP,52783,443,,forward,20260823_161053_messaging_001_e319,Messaging
1787481676.702176,171,4,UDP,52783,443,,forward,20260823_161053_messaging_001_e319,Messaging
1787481676.745547,88,4,UDP,443,52783,,forward,20260823_161053_messaging_001_e319,Messaging
1787481676.745547,308,4,UDP,443,52783,,forward,20260823_161053_messaging_001_e319,Messaging
1787481676.745547,308,4,UDP,443,52783,,forward,20260823_161053_messaging_001_e319,Messaging
1787481676.745547,356,4,UDP,443,52783,,forward,20260823_161053_messaging_001_e319,Messaging
1787481676.745547,356,4,UDP,443,52783,,forward,20260823_161053_messaging_001_e319,Messaging
1787481676.746335,88,4,UDP,52783,443,,forward,20260823_161053_messaging_001_e319,Messaging
1787481676.746778,171,4,UDP,52783,443,,forward,20260823_161053_messaging_001_e319,Messaging
1787481676.74695,353,4,UDP,52783,443,,forward,20260823_161053_messaging_001_e319,Messaging
1787481676.747064,187,4,UDP,52783,443,,forward,20260823_161053_messaging_001_e319,Messaging
1787481676.747113,187,4,UDP,52783,443,,forward,20260823_161053_messaging_001_e319,Messaging
1787481676.792577,88,4,UDP,443,52783,,forward,20260823_161053_messaging_001_e319,Messaging
1787481676.792577,308,4,UDP,443,52783,,forward,20260823_161053_messaging_001_e319,Messaging
1787481676.792577,88,4,UDP,443,52783,,forward,20260823_161053_messaging_001_e319,Messaging
1787481676.792577,356,4,UDP,443,52783,,forward,20260823_161053_messaging_001_e319,Messaging
1787481676.792577,308,4,UDP,443,52783,,forward,20260823_161053_messaging_001_e319,Messaging
1787481676.792577,356,4,UDP,443,52783,,forward,20260823_161053_messaging_001_e319,Messaging
1787481676.792577,258,4,UDP,443,52783,,forward,20260823_161053_messaging_001_e319,Messaging
1787481676.792577,258,4,UDP,443,52783,,forward,20260823_161053_messaging_001_e319,Messaging
1787481676.793008,88,4,UDP,52783,443,,forward,20260823_161053_messaging_001_e319,Messaging
1787481676.793742,187,4,UDP,52783,443,,forward,20260823_161053_messaging_001_e319,Messaging
1787481676.794287,137,4,UDP,52783,443,,forward,20260823_161053_messaging_001_e319,Messaging
1787481676.838028,88,4,UDP,443,52783,,forward,20260823_161053_messaging_001_e319,Messaging
1787481676.838028,258,4,UDP,443,52783,,forward,20260823_161053_messaging_001_e319,Messaging
1787481676.838265,88,4,UDP,52783,443,,forward,20260823_161053_messaging_001_e319,Messaging
1787481677.025596,145,4,UDP,443,52783,,forward,20260823_161053_messaging_001_e319,Messaging
1787481677.025839,88,4,UDP,52783,443,,forward,20260823_161053_messaging_001_e319,Messaging
1787481677.026007,145,4,UDP,52783,443,,forward,20260823_161053_messaging_001_e319,Messaging
1787481677.071111,88,4,UDP,443,52783,,forward,20260823_161053_messaging_001_e319,Messaging
1787481677.119125,137,4,UDP,443,52783,,forward,20260823_161053_messaging_001_e319,Messaging
1787481677.119314,88,4,UDP,52783,443,,forward,20260823_161053_messaging_001_e319,Messaging
1787481677.119585,125,4,UDP,52783,443,,forward,20260823_161053_messaging_001_e319,Messaging
1787481677.120645,337,4,UDP,52783,443,,forward,20260823_161053_messaging_001_e319,Messaging
1787481677.165625,88,4,UDP,443,52783,,forward,20260823_161053_messaging_001_e319,Messaging
1787481677.165625,125,4,UDP,443,52783,,forward,20260823_161053_messaging_001_e319,Messaging
1787481677.165887,88,4,UDP,52783,443,,forward,20260823_161053_messaging_001_e319,Messaging
1787481677.21765,145,4,UDP,443,52783,,forward,20260823_161053_messaging_001_e319,Messaging
1787481677.217887,88,4,UDP,52783,443,,forward,20260823_161053_messaging_001_e319,Messaging
1787481677.218044,145,4,UDP,52783,443,,forward,20260823_161053_messaging_001_e319,Messaging
1787481677.253217,88,4,UDP,443,52783,,forward,20260823_161053_messaging_001_e319,Messaging
1787481677.259277,212,4,UDP,55229,1900,,forward,20260823_161053_messaging_001_e319,Messaging
1787481677.431949,1365,4,UDP,443,52783,,forward,20260823_161053_messaging_001_e319,Messaging
1787481677.431949,1365,4,UDP,443,52783,,forward,20260823_161053_messaging_001_e319,Messaging
1787481677.431949,1365,4,UDP,443,52783,,forward,20260823_161053_messaging_001_e319,Messaging
1787481677.431949,697,4,UDP,443,52783,,forward,20260823_161053_messaging_001_e319,Messaging
1787481677.432152,88,4,UDP,52783,443,,forward,20260823_161053_messaging_001_e319,Messaging
1787481677.434015,170,4,UDP,52783,443,,forward,20260823_161053_messaging_001_e319,Messaging
1787481677.435849,283,4,UDP,52783,443,,forward,20260823_161053_messaging_001_e319,Messaging
1787481677.478449,88,4,UDP,443,52783,,forward,20260823_161053_messaging_001_e319,Messaging
1787481677.478449,125,4,UDP,443,52783,,forward,20260823_161053_messaging_001_e319,Messaging
1787481677.478696,88,4,UDP,52783,443,,forward,20260823_161053_messaging_001_e319,Messaging
1787481677.539973,145,4,UDP,443,52783,,forward,20260823_161053_messaging_001_e319,Messaging
1787481677.540168,88,4,UDP,52783,443,,forward,20260823_161053_messaging_001_e319,Messaging
1787481677.54136,145,4,UDP,52783,443,,forward,20260823_161053_messaging_001_e319,Messaging
1787481677.578813,88,4,UDP,443,52783,,forward,20260823_161053_messaging_001_e319,Messaging
1787481677.74576,245,4,UDP,443,52783,,forward,20260823_161053_messaging_001_e319,Messaging
1787481677.745983,88,4,UDP,52783,443,,forward,20260823_161053_messaging_001_e319,Messaging
1787481677.74917,212,4,UDP,52783,443,,forward,20260823_161053_messaging_001_e319,Messaging
1787481677.749243,1365,4,UDP,52783,443,,forward,20260823_161053_messaging_001_e319,Messaging
1787481677.749272,439,4,UDP,52783,443,,forward,20260823_161053_messaging_001_e319,Messaging
1787481677.749373,163,4,UDP,52783,443,,forward,20260823_161053_messaging_001_e319,Messaging
1787481677.749415,1365,4,UDP,52783,443,,forward,20260823_161053_messaging_001_e319,Messaging
1787481677.74944,1365,4,UDP,52783,443,,forward,20260823_161053_messaging_001_e319,Messaging
1787481677.749465,1365,4,UDP,52783,443,,forward,20260823_161053_messaging_001_e319,Messaging
1787481677.749499,1365,4,UDP,52783,443,,forward,20260823_161053_messaging_001_e319,Messaging
1787481677.749527,1365,4,UDP,52783,443,,forward,20260823_161053_messaging_001_e319,Messaging
1787481677.749558,1365,4,UDP,52783,443,,forward,20260823_161053_messaging_001_e319,Messaging
1787481677.749597,915,4,UDP,52783,443,,forward,20260823_161053_messaging_001_e319,Messaging
1787481677.749697,1365,4,UDP,52783,443,,forward,20260823_161053_messaging_001_e319,Messaging
1787481677.749748,1365,4,UDP,52783,443,,forward,20260823_161053_messaging_001_e319,Messaging
1787481677.792811,88,4,UDP,443,52783,,forward,20260823_161053_messaging_001_e319,Messaging
1787481677.792811,260,4,UDP,443,52783,,forward,20260823_161053_messaging_001_e319,Messaging
1787481677.792811,305,4,UDP,443,52783,,forward,20260823_161053_messaging_001_e319,Messaging
1787481677.792811,215,4,UDP,443,52783,,forward,20260823_161053_messaging_001_e319,Messaging
1787481677.792811,125,4,UDP,443,52783,,forward,20260823_161053_messaging_001_e319,Messaging
1787481677.79326,88,4,UDP,52783,443,,forward,20260823_161053_messaging_001_e319,Messaging
1787481677.793722,1365,4,UDP,52783,443,,forward,20260823_161053_messaging_001_e319,Messaging
1787481677.793787,1365,4,UDP,52783,443,,forward,20260823_161053_messaging_001_e319,Messaging
1787481677.793817,1365,4,UDP,52783,443,,forward,20260823_161053_messaging_001_e319,Messaging
1787481677.793851,1365,4,UDP,52783,443,,forward,20260823_161053_messaging_001_e319,Messaging
1787481677.793878,1365,4,UDP,52783,443,,forward,20260823_161053_messaging_001_e319,Messaging
1787481677.793911,1365,4,UDP,52783,443,,forward,20260823_161053_messaging_001_e319,Messaging
1787481677.793947,1365,4,UDP,52783,443,,forward,20260823_161053_messaging_001_e319,Messaging
1787481677.793976,1365,4,UDP,52783,443,,forward,20260823_161053_messaging_001_e319,Messaging
1787481677.794013,1365,4,UDP,52783,443,,forward,20260823_161053_messaging_001_e319,Messaging
1787481677.794041,1365,4,UDP,52783,443,,forward,20260823_161053_messaging_001_e319,Messaging
1787481677.794069,1365,4,UDP,52783,443,,forward,20260823_161053_messaging_001_e319,Messaging
1787481677.794098,1365,4,UDP,52783,443,,forward,20260823_161053_messaging_001_e319,Messaging
1787481677.794126,1365,4,UDP,52783,443,,forward,20260823_161053_messaging_001_e319,Messaging
1787481677.794158,1365,4,UDP,52783,443,,forward,20260823_161053_messaging_001_e319,Messaging
1787481677.794188,1365,4,UDP,52783,443,,forward,20260823_161053_messaging_001_e319,Messaging
1787481677.794217,1365,4,UDP,52783,443,,forward,20260823_161053_messaging_001_e319,Messaging
1787481677.794245,1365,4,UDP,52783,443,,forward,20260823_161053_messaging_001_e319,Messaging
1787481677.794273,1365,4,UDP,52783,443,,forward,20260823_161053_messaging_001_e319,Messaging
1787481677.794304,1365,4,UDP,52783,443,,forward,20260823_161053_messaging_001_e319,Messaging
1787481677.794333,1365,4,UDP,52783,443,,forward,20260823_161053_messaging_001_e319,Messaging
1787481677.838345,88,4,UDP,443,52783,,forward,20260823_161053_messaging_001_e319,Messaging
1787481677.838345,88,4,UDP,443,52783,,forward,20260823_161053_messaging_001_e319,Messaging
1787481677.838345,88,4,UDP,443,52783,,forward,20260823_161053_messaging_001_e319,Messaging
1787481677.838345,260,4,UDP,443,52783,,forward,20260823_161053_messaging_001_e319,Messaging
1787481677.838345,260,4,UDP,443,52783,,forward,20260823_161053_messaging_001_e319,Messaging
1787481677.838345,88,4,UDP,443,52783,,forward,20260823_161053_messaging_001_e319,Messaging
1787481677.838345,88,4,UDP,443,52783,,forward,20260823_161053_messaging_001_e319,Messaging
1787481677.838345,125,4,UDP,443,52783,,forward,20260823_161053_messaging_001_e319,Messaging
1787481677.838345,170,4,UDP,443,52783,,forward,20260823_161053_messaging_001_e319,Messaging
1787481677.838345,125,4,UDP,443,52783,,forward,20260823_161053_messaging_001_e319,Messaging
1787481677.838345,125,4,UDP,443,52783,,forward,20260823_161053_messaging_001_e319,Messaging
1787481677.838671,88,4,UDP,52783,443,,forward,20260823_161053_messaging_001_e319,Messaging
1787481677.838946,1365,4,UDP,52783,443,,forward,20260823_161053_messaging_001_e319,Messaging
1787481677.839004,1365,4,UDP,52783,443,,forward,20260823_161053_messaging_001_e319,Messaging
1787481677.839037,1365,4,UDP,52783,443,,forward,20260823_161053_messaging_001_e319,Messaging
1787481677.839063,1365,4,UDP,52783,443,,forward,20260823_161053_messaging_001_e319,Messaging
1787481677.839091,1365,4,UDP,52783,443,,forward,20260823_161053_messaging_001_e319,Messaging
1787481677.839122,1365,4,UDP,52783,443,,forward,20260823_161053_messaging_001_e319,Messaging
1787481677.839155,1365,4,UDP,52783,443,,forward,20260823_161053_messaging_001_e319,Messaging
1787481677.839185,1365,4,UDP,52783,443,,forward,20260823_161053_messaging_001_e319,Messaging
1787481677.839215,1365,4,UDP,52783,443,,forward,20260823_161053_messaging_001_e319,Messaging
1787481677.839242,1365,4,UDP,52783,443,,forward,20260823_161053_messaging_001_e319,Messaging
1787481677.839275,1365,4,UDP,52783,443,,forward,20260823_161053_messaging_001_e319,Messaging
1787481677.839341,1365,4,UDP,52783,443,,forward,20260823_161053_messaging_001_e319,Messaging
1787481677.839378,1365,4,UDP,52783,443,,forward,20260823_161053_messaging_001_e319,Messaging
1787481677.839407,1365,4,UDP,52783,443,,forward,20260823_161053_messaging_001_e319,Messaging
1787481677.839438,1365,4,UDP,52783,443,,forward,20260823_161053_messaging_001_e319,Messaging
1787481677.839469,1365,4,UDP,52783,443,,forward,20260823_161053_messaging_001_e319,Messaging
1787481677.8395,1365,4,UDP,52783,443,,forward,20260823_161053_messaging_001_e319,Messaging
1787481677.839532,1365,4,UDP,52783,443,,forward,20260823_161053_messaging_001_e319,Messaging
1787481677.839563,1365,4,UDP,52783,443,,forward,20260823_161053_messaging_001_e319,Messaging
1787481677.839595,1365,4,UDP,52783,443,,forward,20260823_161053_messaging_001_e319,Messaging
1787481677.839628,1365,4,UDP,52783,443,,forward,20260823_161053_messaging_001_e319,Messaging
1787481677.839659,1365,4,UDP,52783,443,,forward,20260823_161053_messaging_001_e319,Messaging
1787481677.839696,1365,4,UDP,52783,443,,forward,20260823_161053_messaging_001_e319,Messaging
1787481677.839729,1365,4,UDP,52783,443,,forward,20260823_161053_messaging_001_e319,Messaging
1787481677.839763,1365,4,UDP,52783,443,,forward,20260823_161053_messaging_001_e319,Messaging
1787481677.839797,1365,4,UDP,52783,443,,forward,20260823_161053_messaging_001_e319,Messaging
1787481677.839834,1365,4,UDP,52783,443,,forward,20260823_161053_messaging_001_e319,Messaging
1787481677.839867,1365,4,UDP,52783,443,,forward,20260823_161053_messaging_001_e319,Messaging
1787481677.8399,1365,4,UDP,52783,443,,forward,20260823_161053_messaging_001_e319,Messaging
1787481677.839935,1365,4,UDP,52783,443,,forward,20260823_161053_messaging_001_e319,Messaging
1787481677.839969,1365,4,UDP,52783,443,,forward,20260823_161053_messaging_001_e319,Messaging
1787481677.840002,1365,4,UDP,52783,443,,forward,20260823_161053_messaging_001_e319,Messaging
1787481677.840033,1365,4,UDP,52783,443,,forward,20260823_161053_messaging_001_e319,Messaging
1787481677.840065,1365,4,UDP,52783,443,,forward,20260823_161053_messaging_001_e319,Messaging
1787481677.840096,1365,4,UDP,52783,443,,forward,20260823_161053_messaging_001_e319,Messaging
1787481677.840126,1365,4,UDP,52783,443,,forward,20260823_161053_messaging_001_e319,Messaging
1787481677.840157,1365,4,UDP,52783,443,,forward,20260823_161053_messaging_001_e319,Messaging
1787481677.840189,1035,4,UDP,52783,443,,forward,20260823_161053_messaging_001_e319,Messaging
1787481677.840235,1365,4,UDP,52783,443,,forward,20260823_161053_messaging_001_e319,Messaging
1787481677.840268,1365,4,UDP,52783,443,,forward,20260823_161053_messaging_001_e319,Messaging
1787481677.87547,88,4,UDP,443,52783,,forward,20260823_161053_messaging_001_e319,Messaging
1787481677.87547,88,4,UDP,443,52783,,forward,20260823_161053_messaging_001_e319,Messaging
1787481677.87547,170,4,UDP,443,52783,,forward,20260823_161053_messaging_001_e319,Messaging
1787481677.87547,125,4,UDP,443,52783,,forward,20260823_161053_messaging_001_e319,Messaging
1787481677.87547,170,4,UDP,443,52783,,forward,20260823_161053_messaging_001_e319,Messaging
1787481677.87547,125,4,UDP,443,52783,,forward,20260823_161053_messaging_001_e319,Messaging
1787481677.875882,88,4,UDP,52783,443,,forward,20260823_161053_messaging_001_e319,Messaging
1787481677.876125,1365,4,UDP,52783,443,,forward,20260823_161053_messaging_001_e319,Messaging
1787481677.876174,1365,4,UDP,52783,443,,forward,20260823_161053_messaging_001_e319,Messaging
1787481677.876202,1315,4,UDP,52783,443,,forward,20260823_161053_messaging_001_e319,Messaging
1787481677.884564,88,4,UDP,443,52783,,forward,20260823_161053_messaging_001_e319,Messaging
1787481677.884564,170,4,UDP,443,52783,,forward,20260823_161053_messaging_001_e319,Messaging
1787481677.884564,215,4,UDP,443,52783,,forward,20260823_161053_messaging_001_e319,Messaging
1787481677.884564,88,4,UDP,443,52783,,forward,20260823_161053_messaging_001_e319,Messaging
1787481677.884564,88,4,UDP,443,52783,,forward,20260823_161053_messaging_001_e319,Messaging
1787481677.884564,88,4,UDP,443,52783,,forward,20260823_161053_messaging_001_e319,Messaging
1787481677.884564,88,4,UDP,443,52783,,forward,20260823_161053_messaging_001_e319,Messaging
1787481677.884564,125,4,UDP,443,52783,,forward,20260823_161053_messaging_001_e319,Messaging
1787481677.884564,215,4,UDP,443,52783,,forward,20260823_161053_messaging_001_e319,Messaging
1787481677.884564,125,4,UDP,443,52783,,forward,20260823_161053_messaging_001_e319,Messaging
1787481677.884826,88,4,UDP,52783,443,,forward,20260823_161053_messaging_001_e319,Messaging
1787481677.899505,88,4,UDP,443,52783,,forward,20260823_161053_messaging_001_e319,Messaging
1787481677.899505,170,4,UDP,443,52783,,forward,20260823_161053_messaging_001_e319,Messaging
1787481677.899741,88,4,UDP,52783,443,,forward,20260823_161053_messaging_001_e319,Messaging
1787481677.914461,88,4,UDP,443,52783,,forward,20260823_161053_messaging_001_e319,Messaging
1787481677.914461,170,4,UDP,443,52783,,forward,20260823_161053_messaging_001_e319,Messaging
1787481677.914688,88,4,UDP,52783,443,,forward,20260823_161053_messaging_001_e319,Messaging
1787481678.07049,163,4,UDP,443,52783,,forward,20260823_161053_messaging_001_e319,Messaging
1787481678.070699,88,4,UDP,52783,443,,forward,20260823_161053_messaging_001_e319,Messaging
1787481678.118808,125,4,UDP,52783,443,,forward,20260823_161053_messaging_001_e319,Messaging
1787481678.164995,88,4,UDP,443,52783,,forward,20260823_161053_messaging_001_e319,Messaging
1787481678.212506,146,4,UDP,52783,443,,forward,20260823_161053_messaging_001_e319,Messaging
1787481678.258521,88,4,UDP,443,52783,,forward,20260823_161053_messaging_001_e319,Messaging
1787481678.258521,157,4,UDP,443,52783,,forward,20260823_161053_messaging_001_e319,Messaging
1787481678.259151,88,4,UDP,52783,443,,forward,20260823_161053_messaging_001_e319,Messaging
1787481678.335773,180,4,UDP,443,52783,,forward,20260823_161053_messaging_001_e319,Messaging
1787481678.335997,88,4,UDP,52783,443,,forward,20260823_161053_messaging_001_e319,Messaging
1787481678.382817,125,4,UDP,52783,443,,forward,20260823_161053_messaging_001_e319,Messaging
1787481678.430077,88,4,UDP,443,52783,,forward,20260823_161053_messaging_001_e319,Messaging
1787481678.651219,413,4,UDP,443,52783,,forward,20260823_161053_messaging_001_e319,Messaging
1787481678.651548,88,4,UDP,52783,443,,forward,20260823_161053_messaging_001_e319,Messaging
1787481678.657609,204,4,UDP,52783,443,,forward,20260823_161053_messaging_001_e319,Messaging
1787481678.657991,1365,4,UDP,52783,443,,forward,20260823_161053_messaging_001_e319,Messaging
1787481678.658055,1196,4,UDP,52783,443,,forward,20260823_161053_messaging_001_e319,Messaging
1787481678.698214,88,4,UDP,443,52783,,forward,20260823_161053_messaging_001_e319,Messaging
1787481678.698214,215,4,UDP,443,52783,,forward,20260823_161053_messaging_001_e319,Messaging
1787481678.698441,88,4,UDP,52783,443,,forward,20260823_161053_messaging_001_e319,Messaging
1787481679.012999,233,4,UDP,443,52783,,forward,20260823_161053_messaging_001_e319,Messaging
1787481679.013275,88,4,UDP,52783,443,,forward,20260823_161053_messaging_001_e319,Messaging
1787481679.018221,840,4,UDP,52783,443,,forward,20260823_161053_messaging_001_e319,Messaging
1787481679.018357,1365,4,UDP,52783,443,,forward,20260823_161053_messaging_001_e319,Messaging
1787481679.018408,1365,4,UDP,52783,443,,forward,20260823_161053_messaging_001_e319,Messaging
1787481679.018443,1365,4,UDP,52783,443,,forward,20260823_161053_messaging_001_e319,Messaging
1787481679.018479,1365,4,UDP,52783,443,,forward,20260823_161053_messaging_001_e319,Messaging
1787481679.018511,1365,4,UDP,52783,443,,forward,20260823_161053_messaging_001_e319,Messaging
1787481679.018552,1365,4,UDP,52783,443,,forward,20260823_161053_messaging_001_e319,Messaging
1787481679.018589,915,4,UDP,52783,443,,forward,20260823_161053_messaging_001_e319,Messaging
1787481679.018618,1365,4,UDP,52783,443,,forward,20260823_161053_messaging_001_e319,Messaging
1787481679.018645,1365,4,UDP,52783,443,,forward,20260823_161053_messaging_001_e319,Messaging
1787481679.018672,1365,4,UDP,52783,443,,forward,20260823_161053_messaging_001_e319,Messaging
1787481679.018698,1365,4,UDP,52783,443,,forward,20260823_161053_messaging_001_e319,Messaging
1787481679.018732,1365,4,UDP,52783,443,,forward,20260823_161053_messaging_001_e319,Messaging
1787481679.018762,1365,4,UDP,52783,443,,forward,20260823_161053_messaging_001_e319,Messaging
1787481679.01879,915,4,UDP,52783,443,,forward,20260823_161053_messaging_001_e319,Messaging
1787481679.018817,1365,4,UDP,52783,443,,forward,20260823_161053_messaging_001_e319,Messaging
1787481679.018843,1365,4,UDP,52783,443,,forward,20260823_161053_messaging_001_e319,Messaging
1787481679.018868,1365,4,UDP,52783,443,,forward,20260823_161053_messaging_001_e319,Messaging
1787481679.018895,1365,4,UDP,52783,443,,forward,20260823_161053_messaging_001_e319,Messaging
1787481679.01895,1365,4,UDP,52783,443,,forward,20260823_161053_messaging_001_e319,Messaging
1787481679.018984,1365,4,UDP,52783,443,,forward,20260823_161053_messaging_001_e319,Messaging
1787481679.019012,915,4,UDP,52783,443,,forward,20260823_161053_messaging_001_e319,Messaging
1787481679.019126,1365,4,UDP,52783,443,,forward,20260823_161053_messaging_001_e319,Messaging
1787481679.019213,1365,4,UDP,52783,443,,forward,20260823_161053_messaging_001_e319,Messaging
1787481679.019248,1365,4,UDP,52783,443,,forward,20260823_161053_messaging_001_e319,Messaging
1787481679.019273,1365,4,UDP,52783,443,,forward,20260823_161053_messaging_001_e319,Messaging
1787481679.0193,1365,4,UDP,52783,443,,forward,20260823_161053_messaging_001_e319,Messaging
1787481679.019326,1365,4,UDP,52783,443,,forward,20260823_161053_messaging_001_e319,Messaging
1787481679.019356,915,4,UDP,52783,443,,forward,20260823_161053_messaging_001_e319,Messaging
1787481679.019387,1365,4,UDP,52783,443,,forward,20260823_161053_messaging_001_e319,Messaging
1787481679.019412,1365,4,UDP,52783,443,,forward,20260823_161053_messaging_001_e319,Messaging
1787481679.019436,1365,4,UDP,52783,443,,forward,20260823_161053_messaging_001_e319,Messaging
1787481679.019461,1365,4,UDP,52783,443,,forward,20260823_161053_messaging_001_e319,Messaging
1787481679.019489,1365,4,UDP,52783,443,,forward,20260823_161053_messaging_001_e319,Messaging
1787481679.019514,1365,4,UDP,52783,443,,forward,20260823_161053_messaging_001_e319,Messaging
1787481679.019539,915,4,UDP,52783,443,,forward,20260823_161053_messaging_001_e319,Messaging
1787481679.019564,1365,4,UDP,52783,443,,forward,20260823_161053_messaging_001_e319,Messaging
1787481679.01959,1365,4,UDP,52783,443,,forward,20260823_161053_messaging_001_e319,Messaging
1787481679.019616,1365,4,UDP,52783,443,,forward,20260823_161053_messaging_001_e319,Messaging
1787481679.019643,1365,4,UDP,52783,443,,forward,20260823_161053_messaging_001_e319,Messaging
1787481679.019668,1365,4,UDP,52783,443,,forward,20260823_161053_messaging_001_e319,Messaging
1787481679.019695,1365,4,UDP,52783,443,,forward,20260823_161053_messaging_001_e319,Messaging
1787481679.019721,915,4,UDP,52783,443,,forward,20260823_161053_messaging_001_e319,Messaging
1787481679.019748,1365,4,UDP,52783,443,,forward,20260823_161053_messaging_001_e319,Messaging
1787481679.019772,1365,4,UDP,52783,443,,forward,20260823_161053_messaging_001_e319,Messaging
1787481679.019796,1365,4,UDP,52783,443,,forward,20260823_161053_messaging_001_e319,Messaging
1787481679.01984,1365,4,UDP,52783,443,,forward,20260823_161053_messaging_001_e319,Messaging
1787481679.019873,1365,4,UDP,52783,443,,forward,20260823_161053_messaging_001_e319,Messaging
1787481679.019904,1365,4,UDP,52783,443,,forward,20260823_161053_messaging_001_e319,Messaging
1787481679.019932,915,4,UDP,52783,443,,forward,20260823_161053_messaging_001_e319,Messaging
1787481679.019962,883,4,UDP,52783,443,,forward,20260823_161053_messaging_001_e319,Messaging
1787481679.060571,88,4,UDP,443,52783,,forward,20260823_161053_messaging_001_e319,Messaging
1787481679.060571,125,4,UDP,443,52783,,forward,20260823_161053_messaging_001_e319,Messaging
1787481679.060571,88,4,UDP,443,52783,,forward,20260823_161053_messaging_001_e319,Messaging
1787481679.060571,260,4,UDP,443,52783,,forward,20260823_161053_messaging_001_e319,Messaging
1787481679.060571,395,4,UDP,443,52783,,forward,20260823_161053_messaging_001_e319,Messaging
1787481679.060571,88,4,UDP,443,52783,,forward,20260823_161053_messaging_001_e319,Messaging
1787481679.060571,125,4,UDP,443,52783,,forward,20260823_161053_messaging_001_e319,Messaging
1787481679.060571,88,4,UDP,443,52783,,forward,20260823_161053_messaging_001_e319,Messaging
1787481679.060571,88,4,UDP,443,52783,,forward,20260823_161053_messaging_001_e319,Messaging
1787481679.060571,170,4,UDP,443,52783,,forward,20260823_161053_messaging_001_e319,Messaging
1787481679.060945,88,4,UDP,52783,443,,forward,20260823_161053_messaging_001_e319,Messaging
1787481679.066513,125,4,UDP,443,52783,,forward,20260823_161053_messaging_001_e319,Messaging
1787481679.066513,260,4,UDP,443,52783,,forward,20260823_161053_messaging_001_e319,Messaging
1787481679.066513,88,4,UDP,443,52783,,forward,20260823_161053_messaging_001_e319,Messaging
1787481679.066513,88,4,UDP,443,52783,,forward,20260823_161053_messaging_001_e319,Messaging
1787481679.066513,215,4,UDP,443,52783,,forward,20260823_161053_messaging_001_e319,Messaging
1787481679.066513,305,4,UDP,443,52783,,forward,20260823_161053_messaging_001_e319,Messaging
1787481679.066513,125,4,UDP,443,52783,,forward,20260823_161053_messaging_001_e319,Messaging
1787481679.06679,88,4,UDP,52783,443,,forward,20260823_161053_messaging_001_e319,Messaging
1787481679.075578,88,4,UDP,443,52783,,forward,20260823_161053_messaging_001_e319,Messaging
1787481679.075578,88,4,UDP,443,52783,,forward,20260823_161053_messaging_001_e319,Messaging
1787481679.075578,125,4,UDP,443,52783,,forward,20260823_161053_messaging_001_e319,Messaging
1787481679.075578,88,4,UDP,443,52783,,forward,20260823_161053_messaging_001_e319,Messaging
1787481679.075578,575,4,UDP,443,52783,,forward,20260823_161053_messaging_001_e319,Messaging
1787481679.075578,125,4,UDP,443,52783,,forward,20260823_161053_messaging_001_e319,Messaging
1787481679.075578,88,4,UDP,443,52783,,forward,20260823_161053_messaging_001_e319,Messaging
1787481679.075578,170,4,UDP,443,52783,,forward,20260823_161053_messaging_001_e319,Messaging
1787481679.075868,88,4,UDP,52783,443,,forward,20260823_161053_messaging_001_e319,Messaging
1787481679.076099,125,4,UDP,52783,443,,forward,20260823_161053_messaging_001_e319,Messaging
1787481679.120515,88,4,UDP,443,52783,,forward,20260823_161053_messaging_001_e319,Messaging
1787481679.388294,167,4,UDP,443,52783,,forward,20260823_161053_messaging_001_e319,Messaging
1787481679.388574,88,4,UDP,52783,443,,forward,20260823_161053_messaging_001_e319,Messaging
1787481679.43562,125,4,UDP,52783,443,,forward,20260823_161053_messaging_001_e319,Messaging
1787481679.482342,88,4,UDP,443,52783,,forward,20260823_161053_messaging_001_e319,Messaging
1787481679.591278,125,4,UDP,443,52783,,forward,20260823_161053_messaging_001_e319,Messaging
1787481679.591584,88,4,UDP,52783,443,,forward,20260823_161053_messaging_001_e319,Messaging
1787481679.591926,125,4,UDP,52783,443,,forward,20260823_161053_messaging_001_e319,Messaging
1787481679.639794,88,4,UDP,443,52783,,forward,20260823_161053_messaging_001_e319,Messaging
1787481679.655802,233,4,UDP,443,52783,,forward,20260823_161053_messaging_001_e319,Messaging
1787481679.655997,88,4,UDP,52783,443,,forward,20260823_161053_messaging_001_e319,Messaging
1787481679.660745,839,4,UDP,52783,443,,forward,20260823_161053_messaging_001_e319,Messaging
1787481679.660846,1365,4,UDP,52783,443,,forward,20260823_161053_messaging_001_e319,Messaging
1787481679.660902,554,4,UDP,52783,443,,forward,20260823_161053_messaging_001_e319,Messaging
1787481679.7018,88,4,UDP,443,52783,,forward,20260823_161053_messaging_001_e319,Messaging
1787481679.7018,170,4,UDP,443,52783,,forward,20260823_161053_messaging_001_e319,Messaging
1787481679.7018,125,4,UDP,443,52783,,forward,20260823_161053_messaging_001_e319,Messaging
1787481679.702024,88,4,UDP,52783,443,,forward,20260823_161053_messaging_001_e319,Messaging
1787481680.016917,84,4,UDP,52783,443,,forward,20260823_161053_messaging_001_e319,Messaging
1787481680.047271,231,4,UDP,443,52783,,forward,20260823_161053_messaging_001_e319,Messaging
1787481680.047641,88,4,UDP,52783,443,,forward,20260823_161053_messaging_001_e319,Messaging
1787481680.052021,125,4,UDP,52783,443,,forward,20260823_161053_messaging_001_e319,Messaging
1787481680.053276,88,4,UDP,443,52783,,forward,20260823_161053_messaging_001_e319,Messaging
1787481680.086257,88,4,UDP,443,52783,,forward,20260823_161053_messaging_001_e319,Messaging
1787481680.086257,125,4,UDP,443,52783,,forward,20260823_161053_messaging_001_e319,Messaging
1787481680.086567,88,4,UDP,52783,443,,forward,20260823_161053_messaging_001_e319,Messaging
1787481680.086772,125,4,UDP,52783,443,,forward,20260823_161053_messaging_001_e319,Messaging
1787481680.125343,88,4,UDP,443,52783,,forward,20260823_161053_messaging_001_e319,Messaging
1787481680.480191,125,4,UDP,443,52783,,forward,20260823_161053_messaging_001_e319,Messaging
1787481680.480398,88,4,UDP,52783,443,,forward,20260823_161053_messaging_001_e319,Messaging
1787481680.480719,125,4,UDP,52783,443,,forward,20260823_161053_messaging_001_e319,Messaging
1787481680.521224,88,4,UDP,443,52783,,forward,20260823_161053_messaging_001_e319,Messaging
1787481680.741778,145,4,UDP,443,52783,,forward,20260823_161053_messaging_001_e319,Messaging
1787481680.742036,88,4,UDP,52783,443,,forward,20260823_161053_messaging_001_e319,Messaging
1787481680.742269,145,4,UDP,52783,443,,forward,20260823_161053_messaging_001_e319,Messaging
1787481680.787738,170,4,UDP,52783,443,,forward,20260823_161053_messaging_001_e319,Messaging
1787481680.78918,88,4,UDP,443,52783,,forward,20260823_161053_messaging_001_e319,Messaging
1787481680.804648,165,4,UDP,443,52783,,forward,20260823_161053_messaging_001_e319,Messaging
1787481680.804855,88,4,UDP,52783,443,,forward,20260823_161053_messaging_001_e319,Messaging
1787481680.820876,166,4,UDP,52783,443,,forward,20260823_161053_messaging_001_e319,Messaging
1787481680.835992,88,4,UDP,443,52783,,forward,20260823_161053_messaging_001_e319,Messaging
1787481680.835992,125,4,UDP,443,52783,,forward,20260823_161053_messaging_001_e319,Messaging
1787481680.836227,88,4,UDP,52783,443,,forward,20260823_161053_messaging_001_e319,Messaging
1787481680.866975,88,4,UDP,443,52783,,forward,20260823_161053_messaging_001_e319,Messaging
1787481681.087071,202,4,UDP,443,52783,,forward,20260823_161053_messaging_001_e319,Messaging
1787481681.087272,88,4,UDP,52783,443,,forward,20260823_161053_messaging_001_e319,Messaging
1787481681.0877,164,4,UDP,52783,443,,forward,20260823_161053_messaging_001_e319,Messaging
1787481681.144677,88,4,UDP,443,52783,,forward,20260823_161053_messaging_001_e319,Messaging
1787481681.144677,125,4,UDP,443,52783,,forward,20260823_161053_messaging_001_e319,Messaging
1787481681.145551,88,4,UDP,52783,443,,forward,20260823_161053_messaging_001_e319,Messaging
1787481681.293173,731,4,UDP,52783,443,,forward,20260823_161053_messaging_001_e319,Messaging
1787481681.33951,88,4,UDP,443,52783,,forward,20260823_161053_messaging_001_e319,Messaging
1787481681.33951,145,4,UDP,443,52783,,forward,20260823_161053_messaging_001_e319,Messaging
1787481681.33986,88,4,UDP,52783,443,,forward,20260823_161053_messaging_001_e319,Messaging
1787481681.434554,131,4,UDP,443,52783,,forward,20260823_161053_messaging_001_e319,Messaging
1787481681.434781,88,4,UDP,52783,443,,forward,20260823_161053_messaging_001_e319,Messaging
1787481681.435031,135,4,UDP,52783,443,,forward,20260823_161053_messaging_001_e319,Messaging
1787481681.472118,88,4,UDP,443,52783,,forward,20260823_161053_messaging_001_e319,Messaging
1787481681.472118,125,4,UDP,443,52783,,forward,20260823_161053_messaging_001_e319,Messaging
1787481681.472356,88,4,UDP,52783,443,,forward,20260823_161053_messaging_001_e319,Messaging
1787481681.655818,1353,4,UDP,443,52783,,forward,20260823_161053_messaging_001_e319,Messaging
1787481681.656065,88,4,UDP,52783,443,,forward,20260823_161053_messaging_001_e319,Messaging
1787481681.666794,1365,4,UDP,443,52783,,forward,20260823_161053_messaging_001_e319,Messaging
1787481681.667024,88,4,UDP,52783,443,,forward,20260823_161053_messaging_001_e319,Messaging
1787481681.667275,145,4,UDP,52783,443,,forward,20260823_161053_messaging_001_e319,Messaging
1787481681.671814,1365,4,UDP,443,52783,,forward,20260823_161053_messaging_001_e319,Messaging
1787481681.672011,88,4,UDP,52783,443,,forward,20260823_161053_messaging_001_e319,Messaging
1787481681.686815,1365,4,UDP,443,52783,,forward,20260823_161053_messaging_001_e319,Messaging
1787481681.687019,88,4,UDP,52783,443,,forward,20260823_161053_messaging_001_e319,Messaging
1787481681.68721,145,4,UDP,52783,443,,forward,20260823_161053_messaging_001_e319,Messaging
1787481681.699855,1365,4,UDP,443,52783,,forward,20260823_161053_messaging_001_e319,Messaging
1787481681.700098,88,4,UDP,52783,443,,forward,20260823_161053_messaging_001_e319,Messaging
1787481681.716786,88,4,UDP,443,52783,,forward,20260823_161053_messaging_001_e319,Messaging
1787481681.716786,839,4,UDP,443,52783,,forward,20260823_161053_messaging_001_e319,Messaging
1787481681.717114,88,4,UDP,52783,443,,forward,20260823_161053_messaging_001_e319,Messaging
1787481681.717396,145,4,UDP,52783,443,,forward,20260823_161053_messaging_001_e319,Messaging
1787481681.746983,88,4,UDP,443,52783,,forward,20260823_161053_messaging_001_e319,Messaging
1787481681.793987,88,4,UDP,443,52783,,forward,20260823_161053_messaging_001_e319,Messaging
1787481681.918867,169,4,UDP,443,52783,,forward,20260823_161053_messaging_001_e319,Messaging
1787481681.919074,88,4,UDP,52783,443,,forward,20260823_161053_messaging_001_e319,Messaging
1787481681.919616,173,4,UDP,52783,443,,forward,20260823_161053_messaging_001_e319,Messaging
1787481681.981412,88,4,UDP,443,52783,,forward,20260823_161053_messaging_001_e319,Messaging
1787481681.981412,145,4,UDP,443,52783,,forward,20260823_161053_messaging_001_e319,Messaging
1787481681.981709,88,4,UDP,52783,443,,forward,20260823_161053_messaging_001_e319,Messaging
1787481682.165379,125,4,UDP,443,52783,,forward,20260823_161053_messaging_001_e319,Messaging
1787481682.165624,88,4,UDP,52783,443,,forward,20260823_161053_messaging_001_e319,Messaging
1787481682.165777,125,4,UDP,52783,443,,forward,20260823_161053_messaging_001_e319,Messaging
1787481682.215384,88,4,UDP,443,52783,,forward,20260823_161053_messaging_001_e319,Messaging
1787481682.873317,161,4,UDP,52783,443,,forward,20260823_161053_messaging_001_e319,Messaging
1787481682.87367,161,4,UDP,52783,443,,forward,20260823_161053_messaging_001_e319,Messaging
1787481682.911443,242,4,UDP,52783,443,,forward,20260823_161053_messaging_001_e319,Messaging
1787481682.923163,88,4,UDP,443,52783,,forward,20260823_161053_messaging_001_e319,Messaging
1787481682.923163,193,4,UDP,443,52783,,forward,20260823_161053_messaging_001_e319,Messaging
1787481682.923163,193,4,UDP,443,52783,,forward,20260823_161053_messaging_001_e319,Messaging
1787481682.923422,88,4,UDP,52783,443,,forward,20260823_161053_messaging_001_e319,Messaging
1787481682.924456,161,4,UDP,52783,443,,forward,20260823_161053_messaging_001_e319,Messaging
1787481682.955695,88,4,UDP,443,52783,,forward,20260823_161053_messaging_001_e319,Messaging
1787481682.955695,193,4,UDP,443,52783,,forward,20260823_161053_messaging_001_e319,Messaging
1787481682.955695,193,4,UDP,443,52783,,forward,20260823_161053_messaging_001_e319,Messaging
1787481682.955952,88,4,UDP,52783,443,,forward,20260823_161053_messaging_001_e319,Messaging
1787481682.971698,88,4,UDP,443,52783,,forward,20260823_161053_messaging_001_e319,Messaging
1787481682.971698,161,4,UDP,443,52783,,forward,20260823_161053_messaging_001_e319,Messaging
1787481682.971942,88,4,UDP,52783,443,,forward,20260823_161053_messaging_001_e319,Messaging
1787481683.322436,170,4,UDP,52783,443,,forward,20260823_161053_messaging_001_e319,Messaging
1787481683.410272,88,4,UDP,443,52783,,forward,20260823_161053_messaging_001_e319,Messaging
1787481683.410272,125,4,UDP,443,52783,,forward,20260823_161053_messaging_001_e319,Messaging
1787481683.410535,88,4,UDP,52783,443,,forward,20260823_161053_messaging_001_e319,Messaging
1787481683.780147,202,4,UDP,443,52783,,forward,20260823_161053_messaging_001_e319,Messaging
1787481683.780147,145,4,UDP,443,52783,,forward,20260823_161053_messaging_001_e319,Messaging
1787481683.78037,88,4,UDP,52783,443,,forward,20260823_161053_messaging_001_e319,Messaging
1787481683.780667,229,4,UDP,52783,443,,forward,20260823_161053_messaging_001_e319,Messaging
1787481683.820164,88,4,UDP,443,52783,,forward,20260823_161053_messaging_001_e319,Messaging
1787481683.820164,125,4,UDP,443,52783,,forward,20260823_161053_messaging_001_e319,Messaging
1787481683.820514,88,4,UDP,52783,443,,forward,20260823_161053_messaging_001_e319,Messaging
1787481683.861169,731,4,UDP,52783,443,,forward,20260823_161053_messaging_001_e319,Messaging
1787481683.993703,88,4,UDP,443,52783,,forward,20260823_161053_messaging_001_e319,Messaging
1787481683.993703,145,4,UDP,443,52783,,forward,20260823_161053_messaging_001_e319,Messaging
1787481683.993933,88,4,UDP,52783,443,,forward,20260823_161053_messaging_001_e319,Messaging
1787481684.008717,574,4,UDP,443,52783,,forward,20260823_161053_messaging_001_e319,Messaging
1787481684.008902,88,4,UDP,52783,443,,forward,20260823_161053_messaging_001_e319,Messaging
1787481684.023897,84,4,UDP,52783,443,,forward,20260823_161053_messaging_001_e319,Messaging
1787481684.055349,125,4,UDP,52783,443,,forward,20260823_161053_messaging_001_e319,Messaging
1787481684.070231,88,4,UDP,443,52783,,forward,20260823_161053_messaging_001_e319,Messaging
1787481684.196714,88,4,UDP,443,52783,,forward,20260823_161053_messaging_001_e319,Messaging
1787481684.227765,1353,4,UDP,443,52783,,forward,20260823_161053_messaging_001_e319,Messaging
1787481684.227765,1365,4,UDP,443,52783,,forward,20260823_161053_messaging_001_e319,Messaging
1787481684.227765,1365,4,UDP,443,52783,,forward,20260823_161053_messaging_001_e319,Messaging
1787481684.227765,1365,4,UDP,443,52783,,forward,20260823_161053_messaging_001_e319,Messaging
1787481684.227765,1365,4,UDP,443,52783,,forward,20260823_161053_messaging_001_e319,Messaging
1787481684.22807,88,4,UDP,52783,443,,forward,20260823_161053_messaging_001_e319,Messaging
1787481684.228554,210,4,UDP,52783,443,,forward,20260823_161053_messaging_001_e319,Messaging
1787481684.272393,88,4,UDP,443,52783,,forward,20260823_161053_messaging_001_e319,Messaging
1787481684.272393,757,4,UDP,443,52783,,forward,20260823_161053_messaging_001_e319,Messaging
1787481684.272633,88,4,UDP,52783,443,,forward,20260823_161053_messaging_001_e319,Messaging
1787481684.272807,145,4,UDP,52783,443,,forward,20260823_161053_messaging_001_e319,Messaging
1787481684.273927,729,4,UDP,52783,443,,forward,20260823_161053_messaging_001_e319,Messaging
1787481684.281892,175,4,UDP,52783,443,,forward,20260823_161053_messaging_001_e319,Messaging
1787481684.282047,175,4,UDP,52783,443,,forward,20260823_161053_messaging_001_e319,Messaging
1787481684.282513,175,4,UDP,52783,443,,forward,20260823_161053_messaging_001_e319,Messaging
1787481684.282845,175,4,UDP,52783,443,,forward,20260823_161053_messaging_001_e319,Messaging
1787481684.31967,460,4,UDP,52783,443,,forward,20260823_161053_messaging_001_e319,Messaging
1787481684.398094,757,4,UDP,443,52783,,forward,20260823_161053_messaging_001_e319,Messaging
1787481684.398315,88,4,UDP,52783,443,,forward,20260823_161053_messaging_001_e319,Messaging
1787481684.398643,157,4,UDP,52783,443,,forward,20260823_161053_messaging_001_e319,Messaging
1787481684.429037,88,4,UDP,443,52783,,forward,20260823_161053_messaging_001_e319,Messaging
1787481684.429037,88,4,UDP,443,52783,,forward,20260823_161053_messaging_001_e319,Messaging
1787481684.429037,145,4,UDP,443,52783,,forward,20260823_161053_messaging_001_e319,Messaging
1787481684.429249,88,4,UDP,52783,443,,forward,20260823_161053_messaging_001_e319,Messaging
1787481684.443526,399,4,UDP,443,52783,,forward,20260823_161053_messaging_001_e319,Messaging
1787481684.443526,303,4,UDP,443,52783,,forward,20260823_161053_messaging_001_e319,Messaging
1787481684.443526,622,4,UDP,443,52783,,forward,20260823_161053_messaging_001_e319,Messaging
1787481684.443526,845,4,UDP,443,52783,,forward,20260823_161053_messaging_001_e319,Messaging
1787481684.443526,399,4,UDP,443,52783,,forward,20260823_161053_messaging_001_e319,Messaging
1787481684.443526,88,4,UDP,443,52783,,forward,20260823_161053_messaging_001_e319,Messaging
1787481684.443817,88,4,UDP,52783,443,,forward,20260823_161053_messaging_001_e319,Messaging
1787481684.44567,157,4,UDP,52783,443,,forward,20260823_161053_messaging_001_e319,Messaging
1787481684.490278,88,4,UDP,443,52783,,forward,20260823_161053_messaging_001_e319,Messaging
1787481684.601422,157,4,UDP,443,52783,,forward,20260823_161053_messaging_001_e319,Messaging
1787481684.601652,88,4,UDP,52783,443,,forward,20260823_161053_messaging_001_e319,Messaging
1787481684.601869,145,4,UDP,52783,443,,forward,20260823_161053_messaging_001_e319,Messaging
1787481684.602454,1365,4,UDP,52783,443,,forward,20260823_161053_messaging_001_e319,Messaging
1787481684.602511,462,4,UDP,52783,443,,forward,20260823_161053_messaging_001_e319,Messaging
1787481684.632185,92,4,UDP,443,52783,,forward,20260823_161053_messaging_001_e319,Messaging
1787481684.632612,88,4,UDP,52783,443,,forward,20260823_161053_messaging_001_e319,Messaging
1787481684.639158,88,4,UDP,443,52783,,forward,20260823_161053_messaging_001_e319,Messaging
1787481684.639158,210,4,UDP,443,52783,,forward,20260823_161053_messaging_001_e319,Messaging
1787481684.6394,88,4,UDP,52783,443,,forward,20260823_161053_messaging_001_e319,Messaging
1787481684.647723,1365,4,UDP,443,52783,,forward,20260823_161053_messaging_001_e319,Messaging
1787481684.647723,1365,4,UDP,443,52783,,forward,20260823_161053_messaging_001_e319,Messaging
1787481684.647723,1365,4,UDP,443,52783,,forward,20260823_161053_messaging_001_e319,Messaging
1787481684.647723,1317,4,UDP,443,52783,,forward,20260823_161053_messaging_001_e319,Messaging
1787481684.647938,88,4,UDP,52783,443,,forward,20260823_161053_messaging_001_e319,Messaging
1787481684.648252,210,4,UDP,52783,443,,forward,20260823_161053_messaging_001_e319,Messaging
1787481684.690033,88,4,UDP,443,52783,,forward,20260823_161053_messaging_001_e319,Messaging
1787481684.690033,869,4,UDP,443,52783,,forward,20260823_161053_messaging_001_e319,Messaging
1787481684.690346,88,4,UDP,52783,443,,forward,20260823_161053_messaging_001_e319,Messaging
1787481684.698984,225,4,UDP,52783,443,,forward,20260823_161053_messaging_001_e319,Messaging
1787481684.699244,731,4,UDP,52783,443,,forward,20260823_161053_messaging_001_e319,Messaging
1787481684.835497,88,4,UDP,443,52783,,forward,20260823_161053_messaging_001_e319,Messaging
1787481684.835497,145,4,UDP,443,52783,,forward,20260823_161053_messaging_001_e319,Messaging
1787481684.835837,88,4,UDP,52783,443,,forward,20260823_161053_messaging_001_e319,Messaging
1787481685.625761,1353,4,UDP,443,52783,,forward,20260823_161053_messaging_001_e319,Messaging
1787481685.625761,1365,4,UDP,443,52783,,forward,20260823_161053_messaging_001_e319,Messaging
1787481685.625761,1365,4,UDP,443,52783,,forward,20260823_161053_messaging_001_e319,Messaging
1787481685.625761,1365,4,UDP,443,52783,,forward,20260823_161053_messaging_001_e319,Messaging
1787481685.625761,1365,4,UDP,443,52783,,forward,20260823_161053_messaging_001_e319,Messaging
1787481685.625761,1365,4,UDP,443,52783,,forward,20260823_161053_messaging_001_e319,Messaging
1787481685.625761,1365,4,UDP,443,52783,,forward,20260823_161053_messaging_001_e319,Messaging
1787481685.625761,1365,4,UDP,443,52783,,forward,20260823_161053_messaging_001_e319,Messaging
1787481685.625761,1365,4,UDP,443,52783,,forward,20260823_161053_messaging_001_e319,Messaging
1787481685.625761,1365,4,UDP,443,52783,,forward,20260823_161053_messaging_001_e319,Messaging
1787481685.625761,1365,4,UDP,443,52783,,forward,20260823_161053_messaging_001_e319,Messaging
1787481685.625761,1365,4,UDP,443,52783,,forward,20260823_161053_messaging_001_e319,Messaging
1787481685.625761,1365,4,UDP,443,52783,,forward,20260823_161053_messaging_001_e319,Messaging
1787481685.625761,1365,4,UDP,443,52783,,forward,20260823_161053_messaging_001_e319,Messaging
1787481685.625761,1365,4,UDP,443,52783,,forward,20260823_161053_messaging_001_e319,Messaging
1787481685.626034,88,4,UDP,52783,443,,forward,20260823_161053_messaging_001_e319,Messaging
1787481685.626281,340,4,UDP,52783,443,,forward,20260823_161053_messaging_001_e319,Messaging
1787481685.626598,275,4,UDP,52783,443,,forward,20260823_161053_messaging_001_e319,Messaging
1787481685.672856,88,4,UDP,443,52783,,forward,20260823_161053_messaging_001_e319,Messaging
1787481685.672856,210,4,UDP,443,52783,,forward,20260823_161053_messaging_001_e319,Messaging
1787481685.673117,145,4,UDP,52783,443,,forward,20260823_161053_messaging_001_e319,Messaging
1787481685.673263,88,4,UDP,52783,443,,forward,20260823_161053_messaging_001_e319,Messaging
1787481685.718901,88,4,UDP,443,52783,,forward,20260823_161053_messaging_001_e319,Messaging
1787481685.719149,145,4,UDP,52783,443,,forward,20260823_161053_messaging_001_e319,Messaging
1787481685.861458,88,4,UDP,443,52783,,forward,20260823_161053_messaging_001_e319,Messaging
1787481687.252027,1365,4,UDP,443,52783,,forward,20260823_161053_messaging_001_e319,Messaging
1787481687.252027,746,4,UDP,443,52783,,forward,20260823_161053_messaging_001_e319,Messaging
1787481687.252264,88,4,UDP,52783,443,,forward,20260823_161053_messaging_001_e319,Messaging
1787481687.25326,145,4,UDP,52783,443,,forward,20260823_161053_messaging_001_e319,Messaging
1787481687.296212,88,4,UDP,443,52783,,forward,20260823_161053_messaging_001_e319,Messaging
1787481687.296212,172,4,UDP,443,52783,,forward,20260823_161053_messaging_001_e319,Messaging
1787481687.296446,88,4,UDP,52783,443,,forward,20260823_161053_messaging_001_e319,Messaging
1787481687.34422,145,4,UDP,52783,443,,forward,20260823_161053_messaging_001_e319,Messaging
1787481687.388017,88,4,UDP,443,52783,,forward,20260823_161053_messaging_001_e319,Messaging
1787481688.022672,84,4,UDP,52783,443,,forward,20260823_161053_messaging_001_e319,Messaging
1787481688.068945,88,4,UDP,443,52783,,forward,20260823_161053_messaging_001_e319,Messaging
1787481689.585251,117,4,UDP,52783,443,,forward,20260823_161053_messaging_001_e319,Messaging
1787481689.585361,348,4,UDP,52783,443,,forward,20260823_161053_messaging_001_e319,Messaging
1787481689.631912,88,4,UDP,443,52783,,forward,20260823_161053_messaging_001_e319,Messaging
1787481689.631912,523,4,UDP,443,52783,,forward,20260823_161053_messaging_001_e319,Messaging
1787481689.632163,88,4,UDP,52783,443,,forward,20260823_161053_messaging_001_e319,Messaging
1787481689.69456,145,4,UDP,443,52783,,forward,20260823_161053_messaging_001_e319,Messaging
1787481689.694787,88,4,UDP,52783,443,,forward,20260823_161053_messaging_001_e319,Messaging
1787481689.694903,145,4,UDP,52783,443,,forward,20260823_161053_messaging_001_e319,Messaging
1787481689.733565,88,4,UDP,443,52783,,forward,20260823_161053_messaging_001_e319,Messaging
1787481690.357842,125,4,UDP,443,52783,,forward,20260823_161053_messaging_001_e319,Messaging
1787481690.358029,88,4,UDP,52783,443,,forward,20260823_161053_messaging_001_e319,Messaging
1787481690.358152,125,4,UDP,52783,443,,forward,20260823_161053_messaging_001_e319,Messaging
1787481690.403802,88,4,UDP,443,52783,,forward,20260823_161053_messaging_001_e319,Messaging
1787481690.673498,146,4,UDP,52783,443,,forward,20260823_161053_messaging_001_e319,Messaging
1787481690.72025,88,4,UDP,443,52783,,forward,20260823_161053_messaging_001_e319,Messaging
1787481690.72025,157,4,UDP,443,52783,,forward,20260823_161053_messaging_001_e319,Messaging
1787481690.720508,88,4,UDP,52783,443,,forward,20260823_161053_messaging_001_e319,Messaging
1787481690.79879,165,4,UDP,443,52783,,forward,20260823_161053_messaging_001_e319,Messaging
1787481690.799019,88,4,UDP,52783,443,,forward,20260823_161053_messaging_001_e319,Messaging
1787481690.81559,166,4,UDP,52783,443,,forward,20260823_161053_messaging_001_e319,Messaging
1787481690.862344,88,4,UDP,443,52783,,forward,20260823_161053_messaging_001_e319,Messaging
1787481691.369041,145,4,UDP,443,52783,,forward,20260823_161053_messaging_001_e319,Messaging
1787481691.36932,88,4,UDP,52783,443,,forward,20260823_161053_messaging_001_e319,Messaging
1787481691.369651,145,4,UDP,52783,443,,forward,20260823_161053_messaging_001_e319,Messaging
1787481691.407035,88,4,UDP,443,52783,,forward,20260823_161053_messaging_001_e319,Messaging
1787481691.875216,145,4,UDP,443,52783,,forward,20260823_161053_messaging_001_e319,Messaging
1787481691.875441,88,4,UDP,52783,443,,forward,20260823_161053_messaging_001_e319,Messaging
1787481691.875593,145,4,UDP,52783,443,,forward,20260823_161053_messaging_001_e319,Messaging
1787481691.921876,88,4,UDP,443,52783,,forward,20260823_161053_messaging_001_e319,Messaging
1787481692.015634,84,4,UDP,52783,443,,forward,20260823_161053_messaging_001_e319,Messaging
1787481692.062893,88,4,UDP,443,52783,,forward,20260823_161053_messaging_001_e319,Messaging
1787481692.201367,156,4,UDP,443,52783,,forward,20260823_161053_messaging_001_e319,Messaging
1787481692.201593,88,4,UDP,52783,443,,forward,20260823_161053_messaging_001_e319,Messaging
1787481692.202003,160,4,UDP,52783,443,,forward,20260823_161053_messaging_001_e319,Messaging
1787481692.250924,88,4,UDP,443,52783,,forward,20260823_161053_messaging_001_e319,Messaging
1787481692.250924,125,4,UDP,443,52783,,forward,20260823_161053_messaging_001_e319,Messaging
1787481692.251235,88,4,UDP,52783,443,,forward,20260823_161053_messaging_001_e319,Messaging
1787481692.265974,145,4,UDP,443,52783,,forward,20260823_161053_messaging_001_e319,Messaging
1787481692.266164,88,4,UDP,52783,443,,forward,20260823_161053_messaging_001_e319,Messaging
1787481692.266299,145,4,UDP,52783,443,,forward,20260823_161053_messaging_001_e319,Messaging
1787481692.302266,88,4,UDP,443,52783,,forward,20260823_161053_messaging_001_e319,Messaging
1787481693.264726,146,4,UDP,52783,443,,forward,20260823_161053_messaging_001_e319,Messaging
1787481693.311629,88,4,UDP,443,52783,,forward,20260823_161053_messaging_001_e319,Messaging
1787481693.311629,157,4,UDP,443,52783,,forward,20260823_161053_messaging_001_e319,Messaging
1787481693.311903,88,4,UDP,52783,443,,forward,20260823_161053_messaging_001_e319,Messaging
1787481693.420119,125,4,UDP,443,52783,,forward,20260823_161053_messaging_001_e319,Messaging
1787481693.420318,88,4,UDP,52783,443,,forward,20260823_161053_messaging_001_e319,Messaging
1787481693.42052,125,4,UDP,52783,443,,forward,20260823_161053_messaging_001_e319,Messaging
1787481693.460259,88,4,UDP,443,52783,,forward,20260823_161053_messaging_001_e319,Messaging
1787481693.690635,146,4,UDP,52783,443,,forward,20260823_161053_messaging_001_e319,Messaging
1787481693.737514,88,4,UDP,443,52783,,forward,20260823_161053_messaging_001_e319,Messaging
1787481693.737514,157,4,UDP,443,52783,,forward,20260823_161053_messaging_001_e319,Messaging
1787481693.737886,88,4,UDP,52783,443,,forward,20260823_161053_messaging_001_e319,Messaging
1787481694.27695,574,4,UDP,443,52783,,forward,20260823_161053_messaging_001_e319,Messaging
1787481694.277139,88,4,UDP,52783,443,,forward,20260823_161053_messaging_001_e319,Messaging
1787481694.323794,125,4,UDP,52783,443,,forward,20260823_161053_messaging_001_e319,Messaging
1787481694.37094,88,4,UDP,443,52783,,forward,20260823_161053_messaging_001_e319,Messaging
1787481695.052066,137,4,UDP,52783,443,,forward,20260823_161053_messaging_001_e319,Messaging
1787481695.097229,88,4,UDP,443,52783,,forward,20260823_161053_messaging_001_e319,Messaging
1787481695.140208,125,4,UDP,443,52783,,forward,20260823_161053_messaging_001_e319,Messaging
1787481695.140451,88,4,UDP,52783,443,,forward,20260823_161053_messaging_001_e319,Messaging
1787481695.140702,125,4,UDP,52783,443,,forward,20260823_161053_messaging_001_e319,Messaging
1787481695.191743,88,4,UDP,443,52783,,forward,20260823_161053_messaging_001_e319,Messaging
1787481695.36512,137,4,UDP,443,52783,,forward,20260823_161053_messaging_001_e319,Messaging
1787481695.365432,88,4,UDP,52783,443,,forward,20260823_161053_messaging_001_e319,Messaging
1787481695.365769,125,4,UDP,52783,443,,forward,20260823_161053_messaging_001_e319,Messaging
1787481695.368578,851,4,UDP,52783,443,,forward,20260823_161053_messaging_001_e319,Messaging
1787481695.409092,88,4,UDP,443,52783,,forward,20260823_161053_messaging_001_e319,Messaging
1787481695.409092,88,4,UDP,443,52783,,forward,20260823_161053_messaging_001_e319,Messaging
1787481695.409092,125,4,UDP,443,52783,,forward,20260823_161053_messaging_001_e319,Messaging
1787481695.409349,88,4,UDP,52783,443,,forward,20260823_161053_messaging_001_e319,Messaging
1787481695.522651,125,4,UDP,443,52783,,forward,20260823_161053_messaging_001_e319,Messaging
1787481695.522905,88,4,UDP,52783,443,,forward,20260823_161053_messaging_001_e319,Messaging
1787481695.523074,125,4,UDP,52783,443,,forward,20260823_161053_messaging_001_e319,Messaging
1787481695.570143,88,4,UDP,443,52783,,forward,20260823_161053_messaging_001_e319,Messaging
1787481695.697701,366,4,UDP,443,52783,,forward,20260823_161053_messaging_001_e319,Messaging
1787481695.698011,88,4,UDP,52783,443,,forward,20260823_161053_messaging_001_e319,Messaging
1787481695.698204,125,4,UDP,52783,443,,forward,20260823_161053_messaging_001_e319,Messaging
1787481695.703799,205,4,UDP,52783,443,,forward,20260823_161053_messaging_001_e319,Messaging
1787481695.703924,412,4,UDP,52783,443,,forward,20260823_161053_messaging_001_e319,Messaging
1787481695.735493,88,4,UDP,443,52783,,forward,20260823_161053_messaging_001_e319,Messaging
1787481695.743545,88,4,UDP,443,52783,,forward,20260823_161053_messaging_001_e319,Messaging
1787481695.743545,170,4,UDP,443,52783,,forward,20260823_161053_messaging_001_e319,Messaging
1787481695.743767,88,4,UDP,52783,443,,forward,20260823_161053_messaging_001_e319,Messaging
1787481695.838004,145,4,UDP,443,52783,,forward,20260823_161053_messaging_001_e319,Messaging
1787481695.838285,88,4,UDP,52783,443,,forward,20260823_161053_messaging_001_e319,Messaging
1787481695.838413,145,4,UDP,52783,443,,forward,20260823_161053_messaging_001_e319,Messaging
1787481695.88484,88,4,UDP,443,52783,,forward,20260823_161053_messaging_001_e319,Messaging
1787481696.027635,412,4,UDP,443,52783,,forward,20260823_161053_messaging_001_e319,Messaging
1787481696.027976,84,4,UDP,52783,443,,forward,20260823_161053_messaging_001_e319,Messaging
1787481696.02808,88,4,UDP,52783,443,,forward,20260823_161053_messaging_001_e319,Messaging
1787481696.028356,125,4,UDP,52783,443,,forward,20260823_161053_messaging_001_e319,Messaging
1787481696.069222,88,4,UDP,443,52783,,forward,20260823_161053_messaging_001_e319,Messaging
1787481696.069222,892,4,UDP,443,52783,,forward,20260823_161053_messaging_001_e319,Messaging
1787481696.069431,88,4,UDP,52783,443,,forward,20260823_161053_messaging_001_e319,Messaging
1787481696.069923,125,4,UDP,52783,443,,forward,20260823_161053_messaging_001_e319,Messaging
1787481696.121114,88,4,UDP,443,52783,,forward,20260823_161053_messaging_001_e319,Messaging
1787481696.433357,131,4,UDP,443,52783,,forward,20260823_161053_messaging_001_e319,Messaging
1787481696.433589,88,4,UDP,52783,443,,forward,20260823_161053_messaging_001_e319,Messaging
1787481696.433944,135,4,UDP,52783,443,,forward,20260823_161053_messaging_001_e319,Messaging
1787481696.485928,88,4,UDP,443,52783,,forward,20260823_161053_messaging_001_e319,Messaging
1787481696.485928,125,4,UDP,443,52783,,forward,20260823_161053_messaging_001_e319,Messaging
1787481696.485928,145,4,UDP,443,52783,,forward,20260823_161053_messaging_001_e319,Messaging
1787481696.486135,88,4,UDP,52783,443,,forward,20260823_161053_messaging_001_e319,Messaging
1787481696.486332,145,4,UDP,52783,443,,forward,20260823_161053_messaging_001_e319,Messaging
1787481696.532929,88,4,UDP,443,52783,,forward,20260823_161053_messaging_001_e319,Messaging
1787481696.724632,146,4,UDP,52783,443,,forward,20260823_161053_messaging_001_e319,Messaging
1787481696.760377,88,4,UDP,443,52783,,forward,20260823_161053_messaging_001_e319,Messaging
1787481696.760377,157,4,UDP,443,52783,,forward,20260823_161053_messaging_001_e319,Messaging
1787481696.761199,88,4,UDP,52783,443,,forward,20260823_161053_messaging_001_e319,Messaging
1787481697.834592,125,4,UDP,443,52783,,forward,20260823_161053_messaging_001_e319,Messaging
1787481697.834852,88,4,UDP,52783,443,,forward,20260823_161053_messaging_001_e319,Messaging
1787481697.835034,125,4,UDP,52783,443,,forward,20260823_161053_messaging_001_e319,Messaging
1787481697.881393,88,4,UDP,443,52783,,forward,20260823_161053_messaging_001_e319,Messaging
1787481699.877492,145,4,UDP,443,52783,,forward,20260823_161053_messaging_001_e319,Messaging
1787481699.877663,88,4,UDP,52783,443,,forward,20260823_161053_messaging_001_e319,Messaging
1787481699.877784,145,4,UDP,52783,443,,forward,20260823_161053_messaging_001_e319,Messaging
1787481699.924446,88,4,UDP,443,52783,,forward,20260823_161053_messaging_001_e319,Messaging
1787481700.021257,84,4,UDP,52783,443,,forward,20260823_161053_messaging_001_e319,Messaging
1787481700.056526,88,4,UDP,443,52783,,forward,20260823_161053_messaging_001_e319,Messaging
1787481700.686221,146,4,UDP,52783,443,,forward,20260823_161053_messaging_001_e319,Messaging
1787481700.722833,88,4,UDP,443,52783,,forward,20260823_161053_messaging_001_e319,Messaging
1787481700.722833,157,4,UDP,443,52783,,forward,20260823_161053_messaging_001_e319,Messaging
1787481700.723087,88,4,UDP,52783,443,,forward,20260823_161053_messaging_001_e319,Messaging
1787481700.795126,165,4,UDP,443,52783,,forward,20260823_161053_messaging_001_e319,Messaging
1787481700.795481,88,4,UDP,52783,443,,forward,20260823_161053_messaging_001_e319,Messaging
1787481700.811509,166,4,UDP,52783,443,,forward,20260823_161053_messaging_001_e319,Messaging
1787481700.854091,88,4,UDP,443,52783,,forward,20260823_161053_messaging_001_e319,Messaging
1787481701.063707,194,4,UDP,443,52783,,forward,20260823_161053_messaging_001_e319,Messaging
1787481701.064905,88,4,UDP,52783,443,,forward,20260823_161053_messaging_001_e319,Messaging
1787481701.065054,170,4,UDP,52783,443,,forward,20260823_161053_messaging_001_e319,Messaging
1787481701.110725,88,4,UDP,443,52783,,forward,20260823_161053_messaging_001_e319,Messaging
1787481701.410587,145,4,UDP,443,52783,,forward,20260823_161053_messaging_001_e319,Messaging
1787481701.410779,88,4,UDP,52783,443,,forward,20260823_161053_messaging_001_e319,Messaging
1787481701.411074,145,4,UDP,52783,443,,forward,20260823_161053_messaging_001_e319,Messaging
1787481701.452587,88,4,UDP,443,52783,,forward,20260823_161053_messaging_001_e319,Messaging
1787481701.918148,169,4,UDP,443,52783,,forward,20260823_161053_messaging_001_e319,Messaging
1787481701.918449,88,4,UDP,52783,443,,forward,20260823_161053_messaging_001_e319,Messaging
1787481701.918856,173,4,UDP,52783,443,,forward,20260823_161053_messaging_001_e319,Messaging
1787481701.963671,88,4,UDP,443,52783,,forward,20260823_161053_messaging_001_e319,Messaging
1787481701.963671,145,4,UDP,443,52783,,forward,20260823_161053_messaging_001_e319,Messaging
1787481701.964025,88,4,UDP,52783,443,,forward,20260823_161053_messaging_001_e319,Messaging
1787481702.201941,246,4,UDP,52783,443,,forward,20260823_161053_messaging_001_e319,Messaging
1787481702.244705,88,4,UDP,443,52783,,forward,20260823_161053_messaging_001_e319,Messaging
1787481702.244705,316,4,UDP,443,52783,,forward,20260823_161053_messaging_001_e319,Messaging
1787481702.244937,88,4,UDP,52783,443,,forward,20260823_161053_messaging_001_e319,Messaging
1787481702.295992,145,4,UDP,52783,443,,forward,20260823_161053_messaging_001_e319,Messaging
1787481702.311701,146,4,UDP,52783,443,,forward,20260823_161053_messaging_001_e319,Messaging
1787481702.342411,88,4,UDP,443,52783,,forward,20260823_161053_messaging_001_e319,Messaging
1787481702.35798,88,4,UDP,443,52783,,forward,20260823_161053_messaging_001_e319,Messaging
1787481702.35798,157,4,UDP,443,52783,,forward,20260823_161053_messaging_001_e319,Messaging
1787481702.35798,574,4,UDP,443,52783,,forward,20260823_161053_messaging_001_e319,Messaging
1787481702.358272,88,4,UDP,52783,443,,forward,20260823_161053_messaging_001_e319,Messaging
1787481702.405127,125,4,UDP,52783,443,,forward,20260823_161053_messaging_001_e319,Messaging
1787481702.443986,88,4,UDP,443,52783,,forward,20260823_161053_messaging_001_e319,Messaging
1787481703.969243,163,4,UDP,52783,443,,forward,20260823_161053_messaging_001_e319,Messaging
1787481703.969496,163,4,UDP,52783,443,,forward,20260823_161053_messaging_001_e319,Messaging
1787481704.006351,88,4,UDP,443,52783,,forward,20260823_161053_messaging_001_e319,Messaging
1787481704.006351,179,4,UDP,443,52783,,forward,20260823_161053_messaging_001_e319,Messaging
1787481704.006351,179,4,UDP,443,52783,,forward,20260823_161053_messaging_001_e319,Messaging
1787481704.006574,88,4,UDP,52783,443,,forward,20260823_161053_messaging_001_e319,Messaging
1787481704.008219,137,4,UDP,52783,443,,forward,20260823_161053_messaging_001_e319,Messaging
1787481704.021471,84,4,UDP,52783,443,,forward,20260823_161053_messaging_001_e319,Messaging
1787481704.052436,88,4,UDP,443,52783,,forward,20260823_161053_messaging_001_e319,Messaging
1787481704.052436,137,4,UDP,443,52783,,forward,20260823_161053_messaging_001_e319,Messaging
1787481704.052678,88,4,UDP,52783,443,,forward,20260823_161053_messaging_001_e319,Messaging
1787481704.053022,125,4,UDP,52783,443,,forward,20260823_161053_messaging_001_e319,Messaging
1787481704.053294,693,4,UDP,52783,443,,forward,20260823_161053_messaging_001_e319,Messaging
1787481704.06888,88,4,UDP,443,52783,,forward,20260823_161053_messaging_001_e319,Messaging
1787481704.099891,88,4,UDP,443,52783,,forward,20260823_161053_messaging_001_e319,Messaging
1787481704.099891,125,4,UDP,443,52783,,forward,20260823_161053_messaging_001_e319,Messaging
1787481704.099891,344,4,UDP,443,52783,,forward,20260823_161053_messaging_001_e319,Messaging
1787481704.100225,88,4,UDP,52783,443,,forward,20260823_161053_messaging_001_e319,Messaging
1787481704.101251,761,4,UDP,52783,443,,forward,20260823_161053_messaging_001_e319,Messaging
1787481704.144918,88,4,UDP,443,52783,,forward,20260823_161053_messaging_001_e319,Messaging
1787481704.186429,125,4,UDP,443,52783,,forward,20260823_161053_messaging_001_e319,Messaging
1787481704.186657,88,4,UDP,52783,443,,forward,20260823_161053_messaging_001_e319,Messaging
1787481704.222391,1365,4,UDP,443,52783,,forward,20260823_161053_messaging_001_e319,Messaging
1787481704.222391,1297,4,UDP,443,52783,,forward,20260823_161053_messaging_001_e319,Messaging
1787481704.222391,152,4,UDP,443,52783,,forward,20260823_161053_messaging_001_e319,Messaging
1787481704.222774,88,4,UDP,52783,443,,forward,20260823_161053_messaging_001_e319,Messaging
1787481704.223409,170,4,UDP,52783,443,,forward,20260823_161053_messaging_001_e319,Messaging
1787481704.224276,194,4,UDP,52783,443,,forward,20260823_161053_messaging_001_e319,Messaging
1787481704.240308,137,4,UDP,52783,443,,forward,20260823_161053_messaging_001_e319,Messaging
1787481704.268972,88,4,UDP,443,52783,,forward,20260823_161053_messaging_001_e319,Messaging
1787481704.268972,170,4,UDP,443,52783,,forward,20260823_161053_messaging_001_e319,Messaging
1787481704.269415,88,4,UDP,52783,443,,forward,20260823_161053_messaging_001_e319,Messaging
1787481704.283912,574,4,UDP,443,52783,,forward,20260823_161053_messaging_001_e319,Messaging
1787481704.283912,88,4,UDP,443,52783,,forward,20260823_161053_messaging_001_e319,Messaging
1787481704.283912,137,4,UDP,443,52783,,forward,20260823_161053_messaging_001_e319,Messaging
1787481704.284229,88,4,UDP,52783,443,,forward,20260823_161053_messaging_001_e319,Messaging
1787481704.284499,125,4,UDP,52783,443,,forward,20260823_161053_messaging_001_e319,Messaging
1787481704.284957,713,4,UDP,52783,443,,forward,20260823_161053_messaging_001_e319,Messaging
1787481704.321085,88,4,UDP,443,52783,,forward,20260823_161053_messaging_001_e319,Messaging
1787481704.321085,125,4,UDP,443,52783,,forward,20260823_161053_messaging_001_e319,Messaging
1787481704.321375,88,4,UDP,52783,443,,forward,20260823_161053_messaging_001_e319,Messaging
1787481704.331134,344,4,UDP,443,52783,,forward,20260823_161053_messaging_001_e319,Messaging
1787481704.331319,88,4,UDP,52783,443,,forward,20260823_161053_messaging_001_e319,Messaging
1787481704.332167,886,4,UDP,52783,443,,forward,20260823_161053_messaging_001_e319,Messaging
1787481704.332228,125,4,UDP,52783,443,,forward,20260823_161053_messaging_001_e319,Messaging
1787481704.377656,88,4,UDP,443,52783,,forward,20260823_161053_messaging_001_e319,Messaging
1787481704.409654,125,4,UDP,443,52783,,forward,20260823_161053_messaging_001_e319,Messaging
1787481704.409921,88,4,UDP,52783,443,,forward,20260823_161053_messaging_001_e319,Messaging
1787481704.583206,117,4,UDP,52783,443,,forward,20260823_161053_messaging_001_e319,Messaging
1787481704.583323,347,4,UDP,52783,443,,forward,20260823_161053_messaging_001_e319,Messaging
1787481704.621025,88,4,UDP,443,52783,,forward,20260823_161053_messaging_001_e319,Messaging
1787481704.621025,522,4,UDP,443,52783,,forward,20260823_161053_messaging_001_e319,Messaging
1787481704.62132,88,4,UDP,52783,443,,forward,20260823_161053_messaging_001_e319,Messaging
1787481704.740485,145,4,UDP,443,52783,,forward,20260823_161053_messaging_001_e319,Messaging
1787481704.740675,88,4,UDP,52783,443,,forward,20260823_161053_messaging_001_e319,Messaging
1787481704.740891,145,4,UDP,52783,443,,forward,20260823_161053_messaging_001_e319,Messaging
1787481704.78498,88,4,UDP,443,52783,,forward,20260823_161053_messaging_001_e319,Messaging
1787481705.737001,146,4,UDP,52783,443,,forward,20260823_161053_messaging_001_e319,Messaging
1787481705.775285,88,4,UDP,443,52783,,forward,20260823_161053_messaging_001_e319,Messaging
1787481705.775285,157,4,UDP,443,52783,,forward,20260823_161053_messaging_001_e319,Messaging
1787481705.775497,88,4,UDP,52783,443,,forward,20260823_161053_messaging_001_e319,Messaging
1787481706.272762,125,4,UDP,443,52783,,forward,20260823_161053_messaging_001_e319,Messaging
1787481706.272998,88,4,UDP,52783,443,,forward,20260823_161053_messaging_001_e319,Messaging
1787481706.273149,125,4,UDP,52783,443,,forward,20260823_161053_messaging_001_e319,Messaging
1787481706.309554,88,4,UDP,443,52783,,forward,20260823_161053_messaging_001_e319,Messaging
1787481707.031304,1365,4,UDP,443,52783,,forward,20260823_161053_messaging_001_e319,Messaging
1787481707.031304,1265,4,UDP,443,52783,,forward,20260823_161053_messaging_001_e319,Messaging
1787481707.031304,152,4,UDP,443,52783,,forward,20260823_161053_messaging_001_e319,Messaging
1787481707.031528,88,4,UDP,52783,443,,forward,20260823_161053_messaging_001_e319,Messaging
1787481707.031821,170,4,UDP,52783,443,,forward,20260823_161053_messaging_001_e319,Messaging
1787481707.032682,194,4,UDP,52783,443,,forward,20260823_161053_messaging_001_e319,Messaging
1787481707.045566,183,4,UDP,52783,443,,forward,20260823_161053_messaging_001_e319,Messaging
1787481707.046616,183,4,UDP,52783,443,,forward,20260823_161053_messaging_001_e319,Messaging
1787481707.077843,88,4,UDP,443,52783,,forward,20260823_161053_messaging_001_e319,Messaging
1787481707.077843,170,4,UDP,443,52783,,forward,20260823_161053_messaging_001_e319,Messaging
1787481707.07806,88,4,UDP,52783,443,,forward,20260823_161053_messaging_001_e319,Messaging
1787481707.07891,286,4,UDP,52783,443,,forward,20260823_161053_messaging_001_e319,Messaging
1787481707.092916,88,4,UDP,443,52783,,forward,20260823_161053_messaging_001_e319,Messaging
1787481707.092916,88,4,UDP,443,52783,,forward,20260823_161053_messaging_001_e319,Messaging
1787481707.092916,211,4,UDP,443,52783,,forward,20260823_161053_messaging_001_e319,Messaging
1787481707.092916,211,4,UDP,443,52783,,forward,20260823_161053_messaging_001_e319,Messaging
1787481707.093158,88,4,UDP,52783,443,,forward,20260823_161053_messaging_001_e319,Messaging
1787481707.094461,137,4,UDP,52783,443,,forward,20260823_161053_messaging_001_e319,Messaging
1787481707.122827,88,4,UDP,443,52783,,forward,20260823_161053_messaging_001_e319,Messaging
1787481707.122827,211,4,UDP,443,52783,,forward,20260823_161053_messaging_001_e319,Messaging
1787481707.122827,211,4,UDP,443,52783,,forward,20260823_161053_messaging_001_e319,Messaging
1787481707.12306,88,4,UDP,52783,443,,forward,20260823_161053_messaging_001_e319,Messaging
1787481707.133836,88,4,UDP,443,52783,,forward,20260823_161053_messaging_001_e319,Messaging
1787481707.133836,137,4,UDP,443,52783,,forward,20260823_161053_messaging_001_e319,Messaging
1787481707.134085,88,4,UDP,52783,443,,forward,20260823_161053_messaging_001_e319,Messaging
1787481707.134335,125,4,UDP,52783,443,,forward,20260823_161053_messaging_001_e319,Messaging
1787481707.134691,713,4,UDP,52783,443,,forward,20260823_161053_messaging_001_e319,Messaging
1787481707.183326,88,4,UDP,443,52783,,forward,20260823_161053_messaging_001_e319,Messaging
1787481707.183326,125,4,UDP,443,52783,,forward,20260823_161053_messaging_001_e319,Messaging
1787481707.183326,344,4,UDP,443,52783,,forward,20260823_161053_messaging_001_e319,Messaging
1787481707.183607,88,4,UDP,52783,443,,forward,20260823_161053_messaging_001_e319,Messaging
1787481707.185225,888,4,UDP,52783,443,,forward,20260823_161053_messaging_001_e319,Messaging
1787481707.229352,88,4,UDP,443,52783,,forward,20260823_161053_messaging_001_e319,Messaging
1787481707.271836,125,4,UDP,443,52783,,forward,20260823_161053_messaging_001_e319,Messaging
1787481707.272062,88,4,UDP,52783,443,,forward,20260823_161053_messaging_001_e319,Messaging
1787481707.370869,145,4,UDP,443,52783,,forward,20260823_161053_messaging_001_e319,Messaging
1787481707.371308,88,4,UDP,52783,443,,forward,20260823_161053_messaging_001_e319,Messaging
1787481707.371569,145,4,UDP,52783,443,,forward,20260823_161053_messaging_001_e319,Messaging
1787481707.416863,88,4,UDP,443,52783,,forward,20260823_161053_messaging_001_e319,Messaging
1787481707.751398,145,4,UDP,443,52783,,forward,20260823_161053_messaging_001_e319,Messaging
1787481707.751398,125,4,UDP,443,52783,,forward,20260823_161053_messaging_001_e319,Messaging
1787481707.75182,88,4,UDP,52783,443,,forward,20260823_161053_messaging_001_e319,Messaging
1787481707.75247,190,4,UDP,52783,443,,forward,20260823_161053_messaging_001_e319,Messaging
1787481707.795929,88,4,UDP,443,52783,,forward,20260823_161053_messaging_001_e319,Messaging
1787481708.021386,84,4,UDP,52783,443,,forward,20260823_161053_messaging_001_e319,Messaging
1787481708.059641,88,4,UDP,443,52783,,forward,20260823_161053_messaging_001_e319,Messaging
1787481708.274803,1365,4,UDP,443,52783,,forward,20260823_161053_messaging_001_e319,Messaging
1787481708.274803,1365,4,UDP,443,52783,,forward,20260823_161053_messaging_001_e319,Messaging
1787481708.274803,1365,4,UDP,443,52783,,forward,20260823_161053_messaging_001_e319,Messaging
1787481708.274803,1365,4,UDP,443,52783,,forward,20260823_161053_messaging_001_e319,Messaging
1787481708.274803,1365,4,UDP,443,52783,,forward,20260823_161053_messaging_001_e319,Messaging
1787481708.274803,1093,4,UDP,443,52783,,forward,20260823_161053_messaging_001_e319,Messaging
1787481708.274803,1365,4,UDP,443,52783,,forward,20260823_161053_messaging_001_e319,Messaging
1787481708.274803,1365,4,UDP,443,52783,,forward,20260823_161053_messaging_001_e319,Messaging
1787481708.274803,1365,4,UDP,443,52783,,forward,20260823_161053_messaging_001_e319,Messaging
1787481708.274803,1365,4,UDP,443,52783,,forward,20260823_161053_messaging_001_e319,Messaging
1787481708.274803,1365,4,UDP,443,52783,,forward,20260823_161053_messaging_001_e319,Messaging
1787481708.275111,88,4,UDP,52783,443,,forward,20260823_161053_messaging_001_e319,Messaging
1787481708.275342,215,4,UDP,52783,443,,forward,20260823_161053_messaging_001_e319,Messaging
1787481708.275396,170,4,UDP,52783,443,,forward,20260823_161053_messaging_001_e319,Messaging
1787481708.320935,88,4,UDP,443,52783,,forward,20260823_161053_messaging_001_e319,Messaging
1787481708.320935,1365,4,UDP,443,52783,,forward,20260823_161053_messaging_001_e319,Messaging
1787481708.320935,1365,4,UDP,443,52783,,forward,20260823_161053_messaging_001_e319,Messaging
1787481708.320935,1365,4,UDP,443,52783,,forward,20260823_161053_messaging_001_e319,Messaging
1787481708.320935,1365,4,UDP,443,52783,,forward,20260823_161053_messaging_001_e319,Messaging
1787481708.320935,490,4,UDP,443,52783,,forward,20260823_161053_messaging_001_e319,Messaging
1787481708.32111,191,4,UDP,52783,443,,forward,20260823_161053_messaging_001_e319,Messaging
1787481708.321281,88,4,UDP,52783,443,,forward,20260823_161053_messaging_001_e319,Messaging
1787481708.321454,170,4,UDP,52783,443,,forward,20260823_161053_messaging_001_e319,Messaging
1787481708.321517,125,4,UDP,52783,443,,forward,20260823_161053_messaging_001_e319,Messaging
1787481708.321909,149,4,UDP,52783,443,,forward,20260823_161053_messaging_001_e319,Messaging
1787481708.321975,125,4,UDP,52783,443,,forward,20260823_161053_messaging_001_e319,Messaging
1787481708.366941,88,4,UDP,443,52783,,forward,20260823_161053_messaging_001_e319,Messaging
1787481708.366941,157,4,UDP,443,52783,,forward,20260823_161053_messaging_001_e319,Messaging
1787481708.366941,170,4,UDP,443,52783,,forward,20260823_161053_messaging_001_e319,Messaging
1787481708.367164,88,4,UDP,52783,443,,forward,20260823_161053_messaging_001_e319,Messaging
1787481709.177106,177,4,UDP,52783,443,,forward,20260823_161053_messaging_001_e319,Messaging
1787481709.17729,177,4,UDP,52783,443,,forward,20260823_161053_messaging_001_e319,Messaging
1787481709.215137,88,4,UDP,443,52783,,forward,20260823_161053_messaging_001_e319,Messaging
1787481709.222177,401,4,UDP,443,52783,,forward,20260823_161053_messaging_001_e319,Messaging
1787481709.222177,401,4,UDP,443,52783,,forward,20260823_161053_messaging_001_e319,Messaging
1787481709.222411,88,4,UDP,52783,443,,forward,20260823_161053_messaging_001_e319,Messaging
1787481709.224453,1363,4,UDP,52783,443,,forward,20260823_161053_messaging_001_e319,Messaging
1787481709.224536,1363,4,UDP,52783,443,,forward,20260823_161053_messaging_001_e319,Messaging
1787481709.224574,1363,4,UDP,52783,443,,forward,20260823_161053_messaging_001_e319,Messaging
1787481709.224691,214,4,UDP,52783,443,,forward,20260823_161053_messaging_001_e319,Messaging
1787481709.267711,88,4,UDP,443,52783,,forward,20260823_161053_messaging_001_e319,Messaging
1787481709.267711,266,4,UDP,443,52783,,forward,20260823_161053_messaging_001_e319,Messaging
1787481709.267711,1363,4,UDP,443,52783,,forward,20260823_161053_messaging_001_e319,Messaging
1787481709.267711,1363,4,UDP,443,52783,,forward,20260823_161053_messaging_001_e319,Messaging
1787481709.267711,1363,4,UDP,443,52783,,forward,20260823_161053_messaging_001_e319,Messaging
1787481709.267711,1224,4,UDP,443,52783,,forward,20260823_161053_messaging_001_e319,Messaging
1787481709.268127,88,4,UDP,52783,443,,forward,20260823_161053_messaging_001_e319,Messaging
1787481709.269943,312,4,UDP,52783,443,,forward,20260823_161053_messaging_001_e319,Messaging
1787481709.270019,1359,4,UDP,52783,443,,forward,20260823_161053_messaging_001_e319,Messaging
1787481709.270047,380,4,UDP,52783,443,,forward,20260823_161053_messaging_001_e319,Messaging
1787481709.282754,125,4,UDP,443,52783,,forward,20260823_161053_messaging_001_e319,Messaging
1787481709.283018,88,4,UDP,52783,443,,forward,20260823_161053_messaging_001_e319,Messaging
1787481709.283132,125,4,UDP,52783,443,,forward,20260823_161053_messaging_001_e319,Messaging
1787481709.298276,157,4,UDP,443,52783,,forward,20260823_161053_messaging_001_e319,Messaging
1787481709.298527,88,4,UDP,52783,443,,forward,20260823_161053_messaging_001_e319,Messaging
1787481709.313019,88,4,UDP,443,52783,,forward,20260823_161053_messaging_001_e319,Messaging
1787481709.313019,253,4,UDP,443,52783,,forward,20260823_161053_messaging_001_e319,Messaging
1787481709.313019,240,4,UDP,443,52783,,forward,20260823_161053_messaging_001_e319,Messaging
1787481709.313263,88,4,UDP,52783,443,,forward,20260823_161053_messaging_001_e319,Messaging
1787481709.313819,164,4,UDP,52783,443,,forward,20260823_161053_messaging_001_e319,Messaging
1787481709.329025,88,4,UDP,443,52783,,forward,20260823_161053_messaging_001_e319,Messaging
1787481709.350048,88,4,UDP,443,52783,,forward,20260823_161053_messaging_001_e319,Messaging
1787481709.739334,1359,4,UDP,443,52783,,forward,20260823_161053_messaging_001_e319,Messaging
1787481709.739334,162,4,UDP,443,52783,,forward,20260823_161053_messaging_001_e319,Messaging
1787481709.739538,88,4,UDP,52783,443,,forward,20260823_161053_messaging_001_e319,Messaging
1787481709.740545,168,4,UDP,52783,443,,forward,20260823_161053_messaging_001_e319,Messaging
1787481709.786899,88,4,UDP,443,52783,,forward,20260823_161053_messaging_001_e319,Messaging
1787481709.808915,157,4,UDP,443,52783,,forward,20260823_161053_messaging_001_e319,Messaging
1787481709.809146,88,4,UDP,52783,443,,forward,20260823_161053_messaging_001_e319,Messaging
1787481710.499819,125,4,UDP,443,52783,,forward,20260823_161053_messaging_001_e319,Messaging
1787481710.500086,88,4,UDP,52783,443,,forward,20260823_161053_messaging_001_e319,Messaging
1787481710.500325,125,4,UDP,52783,443,,forward,20260823_161053_messaging_001_e319,Messaging
1787481710.538891,88,4,UDP,443,52783,,forward,20260823_161053_messaging_001_e319,Messaging
1787481710.768496,145,4,UDP,443,52783,,forward,20260823_161053_messaging_001_e319,Messaging
1787481710.768734,88,4,UDP,52783,443,,forward,20260823_161053_messaging_001_e319,Messaging
1787481710.768915,145,4,UDP,52783,443,,forward,20260823_161053_messaging_001_e319,Messaging
1787481710.79849,165,4,UDP,443,52783,,forward,20260823_161053_messaging_001_e319,Messaging
1787481710.798808,88,4,UDP,52783,443,,forward,20260823_161053_messaging_001_e319,Messaging
1787481710.813491,88,4,UDP,443,52783,,forward,20260823_161053_messaging_001_e319,Messaging
1787481710.813869,166,4,UDP,52783,443,,forward,20260823_161053_messaging_001_e319,Messaging
1787481710.859534,88,4,UDP,443,52783,,forward,20260823_161053_messaging_001_e319,Messaging
1787481711.159272,126,4,UDP,52783,443,,forward,20260823_161053_messaging_001_e319,Messaging
1787481711.19743,88,4,UDP,443,52783,,forward,20260823_161053_messaging_001_e319,Messaging
1787481711.19743,137,4,UDP,443,52783,,forward,20260823_161053_messaging_001_e319,Messaging
1787481711.197692,88,4,UDP,52783,443,,forward,20260823_161053_messaging_001_e319,Messaging
1787481711.443043,131,4,UDP,443,52783,,forward,20260823_161053_messaging_001_e319,Messaging
1787481711.443375,88,4,UDP,52783,443,,forward,20260823_161053_messaging_001_e319,Messaging
1787481711.443582,135,4,UDP,52783,443,,forward,20260823_161053_messaging_001_e319,Messaging
1787481711.490621,88,4,UDP,443,52783,,forward,20260823_161053_messaging_001_e319,Messaging
1787481711.490621,125,4,UDP,443,52783,,forward,20260823_161053_messaging_001_e319,Messaging
1787481711.491117,88,4,UDP,52783,443,,forward,20260823_161053_messaging_001_e319,Messaging
1787481711.762238,146,4,UDP,52783,443,,forward,20260823_161053_messaging_001_e319,Messaging
1787481711.809109,88,4,UDP,443,52783,,forward,20260823_161053_messaging_001_e319,Messaging
1787481711.809109,157,4,UDP,443,52783,,forward,20260823_161053_messaging_001_e319,Messaging
1787481711.809618,88,4,UDP,52783,443,,forward,20260823_161053_messaging_001_e319,Messaging
1787481711.886298,125,4,UDP,443,52783,,forward,20260823_161053_messaging_001_e319,Messaging
1787481711.886614,88,4,UDP,52783,443,,forward,20260823_161053_messaging_001_e319,Messaging
1787481711.887062,125,4,UDP,52783,443,,forward,20260823_161053_messaging_001_e319,Messaging
1787481711.92539,88,4,UDP,443,52783,,forward,20260823_161053_messaging_001_e319,Messaging
1787481712.029099,84,4,UDP,52783,443,,forward,20260823_161053_messaging_001_e319,Messaging
1787481712.075409,88,4,UDP,443,52783,,forward,20260823_161053_messaging_001_e319,Messaging
1787481713.83365,126,4,UDP,52783,443,,forward,20260823_161053_messaging_001_e319,Messaging
1787481713.873588,88,4,UDP,443,52783,,forward,20260823_161053_messaging_001_e319,Messaging
1787481713.873588,137,4,UDP,443,52783,,forward,20260823_161053_messaging_001_e319,Messaging
1787481713.873844,88,4,UDP,52783,443,,forward,20260823_161053_messaging_001_e319,Messaging
1787481713.960659,173,4,UDP,52783,443,,forward,20260823_161053_messaging_001_e319,Messaging
1787481713.960753,173,4,UDP,52783,443,,forward,20260823_161053_messaging_001_e319,Messaging
1787481713.961255,173,4,UDP,52783,443,,forward,20260823_161053_messaging_001_e319,Messaging
1787481713.961494,173,4,UDP,52783,443,,forward,20260823_161053_messaging_001_e319,Messaging
1787481714.004141,88,4,UDP,443,52783,,forward,20260823_161053_messaging_001_e319,Messaging
1787481714.004141,355,4,UDP,443,52783,,forward,20260823_161053_messaging_001_e319,Messaging
1787481714.004141,315,4,UDP,443,52783,,forward,20260823_161053_messaging_001_e319,Messaging
1787481714.004141,355,4,UDP,443,52783,,forward,20260823_161053_messaging_001_e319,Messaging
1787481714.004141,315,4,UDP,443,52783,,forward,20260823_161053_messaging_001_e319,Messaging
1787481714.004384,88,4,UDP,52783,443,,forward,20260823_161053_messaging_001_e319,Messaging
1787481714.005177,196,4,UDP,52783,443,,forward,20260823_161053_messaging_001_e319,Messaging
1787481714.005376,196,4,UDP,52783,443,,forward,20260823_161053_messaging_001_e319,Messaging
1787481714.005708,173,4,UDP,52783,443,,forward,20260823_161053_messaging_001_e319,Messaging
1787481714.005976,173,4,UDP,52783,443,,forward,20260823_161053_messaging_001_e319,Messaging
1787481714.051193,88,4,UDP,443,52783,,forward,20260823_161053_messaging_001_e319,Messaging
1787481714.051193,266,4,UDP,443,52783,,forward,20260823_161053_messaging_001_e319,Messaging
1787481714.051193,88,4,UDP,443,52783,,forward,20260823_161053_messaging_001_e319,Messaging
1787481714.051193,266,4,UDP,443,52783,,forward,20260823_161053_messaging_001_e319,Messaging
1787481714.051193,355,4,UDP,443,52783,,forward,20260823_161053_messaging_001_e319,Messaging
1787481714.051193,355,4,UDP,443,52783,,forward,20260823_161053_messaging_001_e319,Messaging
1787481714.051437,88,4,UDP,52783,443,,forward,20260823_161053_messaging_001_e319,Messaging
1787481714.053134,137,4,UDP,52783,443,,forward,20260823_161053_messaging_001_e319,Messaging
1787481714.097744,88,4,UDP,443,52783,,forward,20260823_161053_messaging_001_e319,Messaging
1787481714.097744,137,4,UDP,443,52783,,forward,20260823_161053_messaging_001_e319,Messaging
1787481714.098044,88,4,UDP,52783,443,,forward,20260823_161053_messaging_001_e319,Messaging
1787481714.098362,125,4,UDP,52783,443,,forward,20260823_161053_messaging_001_e319,Messaging
1787481714.099317,339,4,UDP,52783,443,,forward,20260823_161053_messaging_001_e319,Messaging
1787481714.137691,88,4,UDP,443,52783,,forward,20260823_161053_messaging_001_e319,Messaging
1787481714.137691,88,4,UDP,443,52783,,forward,20260823_161053_messaging_001_e319,Messaging
1787481714.137691,125,4,UDP,443,52783,,forward,20260823_161053_messaging_001_e319,Messaging
1787481714.137907,88,4,UDP,52783,443,,forward,20260823_161053_messaging_001_e319,Messaging
1787481714.144744,1365,4,UDP,443,52783,,forward,20260823_161053_messaging_001_e319,Messaging
1787481714.144744,1365,4,UDP,443,52783,,forward,20260823_161053_messaging_001_e319,Messaging
1787481714.144744,1365,4,UDP,443,52783,,forward,20260823_161053_messaging_001_e319,Messaging
1787481714.144744,163,4,UDP,443,52783,,forward,20260823_161053_messaging_001_e319,Messaging
1787481714.145023,88,4,UDP,52783,443,,forward,20260823_161053_messaging_001_e319,Messaging
1787481714.145269,125,4,UDP,52783,443,,forward,20260823_161053_messaging_001_e319,Messaging
1787481714.145324,125,4,UDP,52783,443,,forward,20260823_161053_messaging_001_e319,Messaging
1787481714.150507,283,4,UDP,52783,443,,forward,20260823_161053_messaging_001_e319,Messaging
1787481714.191271,88,4,UDP,443,52783,,forward,20260823_161053_messaging_001_e319,Messaging
1787481714.191271,88,4,UDP,443,52783,,forward,20260823_161053_messaging_001_e319,Messaging
1787481714.191271,245,4,UDP,443,52783,,forward,20260823_161053_messaging_001_e319,Messaging
1787481714.19151,88,4,UDP,52783,443,,forward,20260823_161053_messaging_001_e319,Messaging
1787481714.196306,212,4,UDP,52783,443,,forward,20260823_161053_messaging_001_e319,Messaging
1787481714.196391,1365,4,UDP,52783,443,,forward,20260823_161053_messaging_001_e319,Messaging
1787481714.196426,1365,4,UDP,52783,443,,forward,20260823_161053_messaging_001_e319,Messaging
1787481714.196459,894,4,UDP,52783,443,,forward,20260823_161053_messaging_001_e319,Messaging
1787481714.196496,163,4,UDP,52783,443,,forward,20260823_161053_messaging_001_e319,Messaging
1787481714.237248,88,4,UDP,443,52783,,forward,20260823_161053_messaging_001_e319,Messaging
1787481714.237248,88,4,UDP,443,52783,,forward,20260823_161053_messaging_001_e319,Messaging
1787481714.237248,88,4,UDP,443,52783,,forward,20260823_161053_messaging_001_e319,Messaging
1787481714.237248,125,4,UDP,443,52783,,forward,20260823_161053_messaging_001_e319,Messaging
1787481714.237248,125,4,UDP,443,52783,,forward,20260823_161053_messaging_001_e319,Messaging
1787481714.237475,88,4,UDP,52783,443,,forward,20260823_161053_messaging_001_e319,Messaging
1787481714.239267,163,4,UDP,443,52783,,forward,20260823_161053_messaging_001_e319,Messaging
1787481714.239497,88,4,UDP,52783,443,,forward,20260823_161053_messaging_001_e319,Messaging
1787481714.283927,125,4,UDP,52783,443,,forward,20260823_161053_messaging_001_e319,Messaging
1787481714.330758,88,4,UDP,443,52783,,forward,20260823_161053_messaging_001_e319,Messaging
1787481714.330758,479,4,UDP,443,52783,,forward,20260823_161053_messaging_001_e319,Messaging
1787481714.331066,88,4,UDP,52783,443,,forward,20260823_161053_messaging_001_e319,Messaging
1787481714.335554,125,4,UDP,52783,443,,forward,20260823_161053_messaging_001_e319,Messaging
1787481714.375233,88,4,UDP,443,52783,,forward,20260823_161053_messaging_001_e319,Messaging
1787481714.375233,125,4,UDP,443,52783,,forward,20260823_161053_messaging_001_e319,Messaging
1787481714.375472,88,4,UDP,52783,443,,forward,20260823_161053_messaging_001_e319,Messaging
1787481714.375708,125,4,UDP,52783,443,,forward,20260823_161053_messaging_001_e319,Messaging
1787481714.408324,88,4,UDP,443,52783,,forward,20260823_161053_messaging_001_e319,Messaging
1787481714.471774,574,4,UDP,443,52783,,forward,20260823_161053_messaging_001_e319,Messaging
1787481714.472082,88,4,UDP,52783,443,,forward,20260823_161053_messaging_001_e319,Messaging
1787481714.519153,125,4,UDP,52783,443,,forward,20260823_161053_messaging_001_e319,Messaging
1787481714.565335,88,4,UDP,443,52783,,forward,20260823_161053_messaging_001_e319,Messaging
1787481714.787414,145,4,UDP,443,52783,,forward,20260823_161053_messaging_001_e319,Messaging
1787481714.787888,88,4,UDP,52783,443,,forward,20260823_161053_messaging_001_e319,Messaging
1787481714.788221,145,4,UDP,52783,443,,forward,20260823_161053_messaging_001_e319,Messaging
1787481714.835364,88,4,UDP,443,52783,,forward,20260823_161053_messaging_001_e319,Messaging
1787481715.72423,146,4,UDP,52783,443,,forward,20260823_161053_messaging_001_e319,Messaging
1787481715.762911,88,4,UDP,443,52783,,forward,20260823_161053_messaging_001_e319,Messaging
1787481715.762911,157,4,UDP,443,52783,,forward,20260823_161053_messaging_001_e319,Messaging
1787481715.763146,88,4,UDP,52783,443,,forward,20260823_161053_messaging_001_e319,Messaging
1787481716.020727,84,4,UDP,52783,443,,forward,20260823_161053_messaging_001_e319,Messaging
1787481716.057783,88,4,UDP,443,52783,,forward,20260823_161053_messaging_001_e319,Messaging
1787481716.387144,145,4,UDP,443,52783,,forward,20260823_161053_messaging_001_e319,Messaging
1787481716.387439,88,4,UDP,52783,443,,forward,20260823_161053_messaging_001_e319,Messaging
1787481716.3876,145,4,UDP,52783,443,,forward,20260823_161053_messaging_001_e319,Messaging
1787481716.434184,88,4,UDP,443,52783,,forward,20260823_161053_messaging_001_e319,Messaging
1787481716.450134,145,4,UDP,443,52783,,forward,20260823_161053_messaging_001_e319,Messaging
1787481716.450134,145,4,UDP,443,52783,,forward,20260823_161053_messaging_001_e319,Messaging
1787481716.450411,88,4,UDP,52783,443,,forward,20260823_161053_messaging_001_e319,Messaging
1787481716.450527,210,4,UDP,52783,443,,forward,20260823_161053_messaging_001_e319,Messaging
1787481716.489677,88,4,UDP,443,52783,,forward,20260823_161053_messaging_001_e319,Messaging
1787481716.848722,402,4,UDP,52783,443,,forward,20260823_161053_messaging_001_e319,Messaging
1787481716.886818,88,4,UDP,443,52783,,forward,20260823_161053_messaging_001_e319,Messaging
1787481716.90887,162,4,UDP,443,52783,,forward,20260823_161053_messaging_001_e319,Messaging
1787481716.910037,88,4,UDP,52783,443,,forward,20260823_161053_messaging_001_e319,Messaging
1787481716.925269,166,4,UDP,52783,443,,forward,20260823_161053_messaging_001_e319,Messaging
1787481716.972388,88,4,UDP,443,52783,,forward,20260823_161053_messaging_001_e319,Messaging
1787481717.374913,146,4,UDP,52783,443,,forward,20260823_161053_messaging_001_e319,Messaging
1787481717.415753,88,4,UDP,443,52783,,forward,20260823_161053_messaging_001_e319,Messaging
1787481717.415753,157,4,UDP,443,52783,,forward,20260823_161053_messaging_001_e319,Messaging
1787481717.415957,88,4,UDP,52783,443,,forward,20260823_161053_messaging_001_e319,Messaging
1787481717.668264,461,4,UDP,443,52783,,forward,20260823_161053_messaging_001_e319,Messaging
1787481717.668568,88,4,UDP,52783,443,,forward,20260823_161053_messaging_001_e319,Messaging
1787481717.683618,170,4,UDP,52783,443,,forward,20260823_161053_messaging_001_e319,Messaging
1787481717.731245,88,4,UDP,443,52783,,forward,20260823_161053_messaging_001_e319,Messaging
1787481717.747242,158,4,UDP,443,52783,,forward,20260823_161053_messaging_001_e319,Messaging
1787481717.747588,88,4,UDP,52783,443,,forward,20260823_161053_messaging_001_e319,Messaging
1787481718.394619,574,4,UDP,443,52783,,forward,20260823_161053_messaging_001_e319,Messaging
1787481718.394828,88,4,UDP,52783,443,,forward,20260823_161053_messaging_001_e319,Messaging
1787481718.441852,125,4,UDP,52783,443,,forward,20260823_161053_messaging_001_e319,Messaging
1787481718.48828,88,4,UDP,443,52783,,forward,20260823_161053_messaging_001_e319,Messaging
