timestamp,packet_length,ip_version,protocol,source_port,destination_port,tcp_flags,direction,session_id,traffic_class
1787476417.710933,125,4,UDP,443,52783,,forward,20260823_144333_web_001_5c95,Web
1787476417.710933,125,4,UDP,443,52783,,forward,20260823_144333_web_001_5c95,Web
1787476417.7113,88,4,UDP,52783,443,,forward,20260823_144333_web_001_5c95,Web
1787476417.711548,170,4,UDP,52783,443,,forward,20260823_144333_web_001_5c95,Web
1787476417.759911,88,4,UDP,443,52783,,forward,20260823_144333_web_001_5c95,Web
1787476418.416409,145,4,UDP,443,52783,,forward,20260823_144333_web_001_5c95,Web
1787476418.417212,88,4,UDP,52783,443,,forward,20260823_144333_web_001_5c95,Web
1787476418.417596,145,4,UDP,52783,443,,forward,20260823_144333_web_001_5c95,Web
1787476418.480925,88,4,UDP,443,52783,,forward,20260823_144333_web_001_5c95,Web
1787476419.057657,125,4,UDP,443,52783,,forward,20260823_144333_web_001_5c95,Web
1787476419.057886,88,4,UDP,52783,443,,forward,20260823_144333_web_001_5c95,Web
1787476419.058023,125,4,UDP,52783,443,,forward,20260823_144333_web_001_5c95,Web
1787476419.11821,88,4,UDP,443,52783,,forward,20260823_144333_web_001_5c95,Web
1787476419.321529,146,4,UDP,52783,443,,forward,20260823_144333_web_001_5c95,Web
1787476419.376669,88,4,UDP,443,52783,,forward,20260823_144333_web_001_5c95,Web
1787476419.376669,157,4,UDP,443,52783,,forward,20260823_144333_web_001_5c95,Web
1787476419.376913,88,4,UDP,52783,443,,forward,20260823_144333_web_001_5c95,Web
1787476420.024999,84,4,UDP,52783,443,,forward,20260823_144333_web_001_5c95,Web
1787476420.071985,88,4,UDP,443,52783,,forward,20260823_144333_web_001_5c95,Web
1787476420.786538,125,4,UDP,443,52783,,forward,20260823_144333_web_001_5c95,Web
1787476420.786763,88,4,UDP,52783,443,,forward,20260823_144333_web_001_5c95,Web
1787476420.786889,125,4,UDP,52783,443,,forward,20260823_144333_web_001_5c95,Web
1787476420.846594,88,4,UDP,443,52783,,forward,20260823_144333_web_001_5c95,Web
1787476421.309339,145,4,UDP,443,52783,,forward,20260823_144333_web_001_5c95,Web
1787476421.309603,88,4,UDP,52783,443,,forward,20260823_144333_web_001_5c95,Web
1787476421.309774,145,4,UDP,52783,443,,forward,20260823_144333_web_001_5c95,Web
1787476421.366522,88,4,UDP,443,52783,,forward,20260823_144333_web_001_5c95,Web
1787476422.087779,146,4,UDP,52783,443,,forward,20260823_144333_web_001_5c95,Web
1787476422.119771,246,4,UDP,52783,443,,forward,20260823_144333_web_001_5c95,Web
1787476422.135537,88,4,UDP,443,52783,,forward,20260823_144333_web_001_5c95,Web
1787476422.149718,157,4,UDP,443,52783,,forward,20260823_144333_web_001_5c95,Web
1787476422.149955,88,4,UDP,52783,443,,forward,20260823_144333_web_001_5c95,Web
1787476422.170178,88,4,UDP,443,52783,,forward,20260823_144333_web_001_5c95,Web
1787476422.18023,316,4,UDP,443,52783,,forward,20260823_144333_web_001_5c95,Web
1787476422.180425,88,4,UDP,52783,443,,forward,20260823_144333_web_001_5c95,Web
1787476422.228118,145,4,UDP,52783,443,,forward,20260823_144333_web_001_5c95,Web
1787476422.282797,88,4,UDP,443,52783,,forward,20260823_144333_web_001_5c95,Web
1787476423.246104,137,4,UDP,52783,443,,forward,20260823_144333_web_001_5c95,Web
1787476423.302349,88,4,UDP,443,52783,,forward,20260823_144333_web_001_5c95,Web
1787476423.302349,137,4,UDP,443,52783,,forward,20260823_144333_web_001_5c95,Web
1787476423.302585,88,4,UDP,52783,443,,forward,20260823_144333_web_001_5c95,Web
1787476423.302872,125,4,UDP,52783,443,,forward,20260823_144333_web_001_5c95,Web
1787476423.303221,693,4,UDP,52783,443,,forward,20260823_144333_web_001_5c95,Web
1787476423.352853,88,4,UDP,443,52783,,forward,20260823_144333_web_001_5c95,Web
1787476423.352853,125,4,UDP,443,52783,,forward,20260823_144333_web_001_5c95,Web
1787476423.353114,88,4,UDP,52783,443,,forward,20260823_144333_web_001_5c95,Web
1787476423.355803,344,4,UDP,443,52783,,forward,20260823_144333_web_001_5c95,Web
1787476423.35605,88,4,UDP,52783,443,,forward,20260823_144333_web_001_5c95,Web
1787476423.356709,761,4,UDP,52783,443,,forward,20260823_144333_web_001_5c95,Web
1787476423.413877,88,4,UDP,443,52783,,forward,20260823_144333_web_001_5c95,Web
1787476423.460464,125,4,UDP,443,52783,,forward,20260823_144333_web_001_5c95,Web
1787476423.460673,88,4,UDP,52783,443,,forward,20260823_144333_web_001_5c95,Web
1787476423.474534,1365,4,UDP,52783,443,,forward,20260823_144333_web_001_5c95,Web
1787476423.474655,1365,4,UDP,52783,443,,forward,20260823_144333_web_001_5c95,Web
1787476423.474699,1365,4,UDP,52783,443,,forward,20260823_144333_web_001_5c95,Web
1787476423.474729,603,4,UDP,52783,443,,forward,20260823_144333_web_001_5c95,Web
1787476423.4748,1365,4,UDP,52783,443,,forward,20260823_144333_web_001_5c95,Web
1787476423.474858,1365,4,UDP,52783,443,,forward,20260823_144333_web_001_5c95,Web
1787476423.474891,1365,4,UDP,52783,443,,forward,20260823_144333_web_001_5c95,Web
1787476423.474933,1365,4,UDP,52783,443,,forward,20260823_144333_web_001_5c95,Web
1787476423.474957,1365,4,UDP,52783,443,,forward,20260823_144333_web_001_5c95,Web
1787476423.474983,1365,4,UDP,52783,443,,forward,20260823_144333_web_001_5c95,Web
1787476423.47501,1365,4,UDP,52783,443,,forward,20260823_144333_web_001_5c95,Web
1787476423.475036,1365,4,UDP,52783,443,,forward,20260823_144333_web_001_5c95,Web
1787476423.475065,1365,4,UDP,52783,443,,forward,20260823_144333_web_001_5c95,Web
1787476423.475091,1365,4,UDP,52783,443,,forward,20260823_144333_web_001_5c95,Web
1787476423.475117,1365,4,UDP,52783,443,,forward,20260823_144333_web_001_5c95,Web
1787476423.475143,1365,4,UDP,52783,443,,forward,20260823_144333_web_001_5c95,Web
1787476423.475168,1365,4,UDP,52783,443,,forward,20260823_144333_web_001_5c95,Web
1787476423.47524,691,4,UDP,52783,443,,forward,20260823_144333_web_001_5c95,Web
1787476423.475273,1365,4,UDP,52783,443,,forward,20260823_144333_web_001_5c95,Web
1787476423.4753,1365,4,UDP,52783,443,,forward,20260823_144333_web_001_5c95,Web
1787476423.475325,1365,4,UDP,52783,443,,forward,20260823_144333_web_001_5c95,Web
1787476423.475439,1365,4,UDP,52783,443,,forward,20260823_144333_web_001_5c95,Web
1787476423.475514,1365,4,UDP,52783,443,,forward,20260823_144333_web_001_5c95,Web
1787476423.475562,1365,4,UDP,52783,443,,forward,20260823_144333_web_001_5c95,Web
1787476423.475595,1365,4,UDP,52783,443,,forward,20260823_144333_web_001_5c95,Web
1787476423.475621,1365,4,UDP,52783,443,,forward,20260823_144333_web_001_5c95,Web
1787476423.475648,1365,4,UDP,52783,443,,forward,20260823_144333_web_001_5c95,Web
1787476423.475674,1365,4,UDP,52783,443,,forward,20260823_144333_web_001_5c95,Web
1787476423.475703,1365,4,UDP,52783,443,,forward,20260823_144333_web_001_5c95,Web
1787476423.475733,1365,4,UDP,52783,443,,forward,20260823_144333_web_001_5c95,Web
1787476423.475764,1365,4,UDP,52783,443,,forward,20260823_144333_web_001_5c95,Web
1787476423.475791,691,4,UDP,52783,443,,forward,20260823_144333_web_001_5c95,Web
1787476423.475816,1365,4,UDP,52783,443,,forward,20260823_144333_web_001_5c95,Web
1787476423.475845,1365,4,UDP,52783,443,,forward,20260823_144333_web_001_5c95,Web
1787476423.475875,1365,4,UDP,52783,443,,forward,20260823_144333_web_001_5c95,Web
1787476423.475922,1365,4,UDP,52783,443,,forward,20260823_144333_web_001_5c95,Web
1787476423.475954,1365,4,UDP,52783,443,,forward,20260823_144333_web_001_5c95,Web
1787476423.475983,1365,4,UDP,52783,443,,forward,20260823_144333_web_001_5c95,Web
1787476423.476012,1365,4,UDP,52783,443,,forward,20260823_144333_web_001_5c95,Web
1787476423.476041,1365,4,UDP,52783,443,,forward,20260823_144333_web_001_5c95,Web
1787476423.47607,1365,4,UDP,52783,443,,forward,20260823_144333_web_001_5c95,Web
1787476423.47611,1365,4,UDP,52783,443,,forward,20260823_144333_web_001_5c95,Web
1787476423.476141,1365,4,UDP,52783,443,,forward,20260823_144333_web_001_5c95,Web
1787476423.476172,1365,4,UDP,52783,443,,forward,20260823_144333_web_001_5c95,Web
1787476423.476207,1365,4,UDP,52783,443,,forward,20260823_144333_web_001_5c95,Web
1787476423.476235,691,4,UDP,52783,443,,forward,20260823_144333_web_001_5c95,Web
1787476423.476262,1365,4,UDP,52783,443,,forward,20260823_144333_web_001_5c95,Web
1787476423.476296,1365,4,UDP,52783,443,,forward,20260823_144333_web_001_5c95,Web
1787476423.476325,1365,4,UDP,52783,443,,forward,20260823_144333_web_001_5c95,Web
1787476423.476358,1365,4,UDP,52783,443,,forward,20260823_144333_web_001_5c95,Web
1787476423.476389,1365,4,UDP,52783,443,,forward,20260823_144333_web_001_5c95,Web
1787476423.47642,1365,4,UDP,52783,443,,forward,20260823_144333_web_001_5c95,Web
1787476423.476449,1365,4,UDP,52783,443,,forward,20260823_144333_web_001_5c95,Web
1787476423.47648,1365,4,UDP,52783,443,,forward,20260823_144333_web_001_5c95,Web
1787476423.491091,1365,4,UDP,52783,443,,forward,20260823_144333_web_001_5c95,Web
1787476423.491309,1365,4,UDP,52783,443,,forward,20260823_144333_web_001_5c95,Web
1787476423.491378,1365,4,UDP,52783,443,,forward,20260823_144333_web_001_5c95,Web
1787476423.491406,1365,4,UDP,52783,443,,forward,20260823_144333_web_001_5c95,Web
1787476423.49143,1365,4,UDP,52783,443,,forward,20260823_144333_web_001_5c95,Web
1787476423.491475,691,4,UDP,52783,443,,forward,20260823_144333_web_001_5c95,Web
1787476423.491519,1365,4,UDP,52783,443,,forward,20260823_144333_web_001_5c95,Web
1787476423.491545,1365,4,UDP,52783,443,,forward,20260823_144333_web_001_5c95,Web
1787476423.491618,1365,4,UDP,52783,443,,forward,20260823_144333_web_001_5c95,Web
1787476423.49167,1365,4,UDP,52783,443,,forward,20260823_144333_web_001_5c95,Web
1787476423.491692,1365,4,UDP,52783,443,,forward,20260823_144333_web_001_5c95,Web
1787476423.491709,1365,4,UDP,52783,443,,forward,20260823_144333_web_001_5c95,Web
1787476423.491726,1365,4,UDP,52783,443,,forward,20260823_144333_web_001_5c95,Web
1787476423.491743,1365,4,UDP,52783,443,,forward,20260823_144333_web_001_5c95,Web
1787476423.491758,1365,4,UDP,52783,443,,forward,20260823_144333_web_001_5c95,Web
1787476423.491777,1365,4,UDP,52783,443,,forward,20260823_144333_web_001_5c95,Web
1787476423.491793,1365,4,UDP,52783,443,,forward,20260823_144333_web_001_5c95,Web
1787476423.49181,1365,4,UDP,52783,443,,forward,20260823_144333_web_001_5c95,Web
1787476423.491828,1365,4,UDP,52783,443,,forward,20260823_144333_web_001_5c95,Web
1787476423.491844,691,4,UDP,52783,443,,forward,20260823_144333_web_001_5c95,Web
1787476423.491859,1365,4,UDP,52783,443,,forward,20260823_144333_web_001_5c95,Web
1787476423.491874,1365,4,UDP,52783,443,,forward,20260823_144333_web_001_5c95,Web
1787476423.491891,1365,4,UDP,52783,443,,forward,20260823_144333_web_001_5c95,Web
1787476423.491906,1365,4,UDP,52783,443,,forward,20260823_144333_web_001_5c95,Web
1787476423.491921,1365,4,UDP,52783,443,,forward,20260823_144333_web_001_5c95,Web
1787476423.491937,1365,4,UDP,52783,443,,forward,20260823_144333_web_001_5c95,Web
1787476423.491952,1365,4,UDP,52783,443,,forward,20260823_144333_web_001_5c95,Web
1787476423.491967,1365,4,UDP,52783,443,,forward,20260823_144333_web_001_5c95,Web
1787476423.491983,1365,4,UDP,52783,443,,forward,20260823_144333_web_001_5c95,Web
1787476423.492,1365,4,UDP,52783,443,,forward,20260823_144333_web_001_5c95,Web
1787476423.492017,1365,4,UDP,52783,443,,forward,20260823_144333_web_001_5c95,Web
1787476423.492034,1365,4,UDP,52783,443,,forward,20260823_144333_web_001_5c95,Web
1787476423.492051,1365,4,UDP,52783,443,,forward,20260823_144333_web_001_5c95,Web
1787476423.492067,691,4,UDP,52783,443,,forward,20260823_144333_web_001_5c95,Web
1787476423.492087,1365,4,UDP,52783,443,,forward,20260823_144333_web_001_5c95,Web
1787476423.492117,1365,4,UDP,52783,443,,forward,20260823_144333_web_001_5c95,Web
1787476423.492145,1365,4,UDP,52783,443,,forward,20260823_144333_web_001_5c95,Web
1787476423.492163,1365,4,UDP,52783,443,,forward,20260823_144333_web_001_5c95,Web
1787476423.492179,1365,4,UDP,52783,443,,forward,20260823_144333_web_001_5c95,Web
1787476423.492195,1365,4,UDP,52783,443,,forward,20260823_144333_web_001_5c95,Web
1787476423.49221,1365,4,UDP,52783,443,,forward,20260823_144333_web_001_5c95,Web
1787476423.492226,1365,4,UDP,52783,443,,forward,20260823_144333_web_001_5c95,Web
1787476423.492242,1365,4,UDP,52783,443,,forward,20260823_144333_web_001_5c95,Web
1787476423.492262,1365,4,UDP,52783,443,,forward,20260823_144333_web_001_5c95,Web
1787476423.49228,1365,4,UDP,52783,443,,forward,20260823_144333_web_001_5c95,Web
1787476423.492297,1365,4,UDP,52783,443,,forward,20260823_144333_web_001_5c95,Web
1787476423.492314,1365,4,UDP,52783,443,,forward,20260823_144333_web_001_5c95,Web
1787476423.492331,691,4,UDP,52783,443,,forward,20260823_144333_web_001_5c95,Web
1787476423.492352,1365,4,UDP,52783,443,,forward,20260823_144333_web_001_5c95,Web
1787476423.492371,1365,4,UDP,52783,443,,forward,20260823_144333_web_001_5c95,Web
1787476423.492387,1365,4,UDP,52783,443,,forward,20260823_144333_web_001_5c95,Web
1787476423.492406,1365,4,UDP,52783,443,,forward,20260823_144333_web_001_5c95,Web
1787476423.506008,1365,4,UDP,52783,443,,forward,20260823_144333_web_001_5c95,Web
1787476423.506015,1365,4,UDP,443,52783,,forward,20260823_144333_web_001_5c95,Web
1787476423.506015,825,4,UDP,443,52783,,forward,20260823_144333_web_001_5c95,Web
1787476423.506015,607,4,UDP,443,52783,,forward,20260823_144333_web_001_5c95,Web
1787476423.506126,1365,4,UDP,52783,443,,forward,20260823_144333_web_001_5c95,Web
1787476423.506162,1365,4,UDP,52783,443,,forward,20260823_144333_web_001_5c95,Web
1787476423.506186,1365,4,UDP,52783,443,,forward,20260823_144333_web_001_5c95,Web
1787476423.506211,1365,4,UDP,52783,443,,forward,20260823_144333_web_001_5c95,Web
1787476423.506233,1365,4,UDP,52783,443,,forward,20260823_144333_web_001_5c95,Web
1787476423.506256,1365,4,UDP,52783,443,,forward,20260823_144333_web_001_5c95,Web
1787476423.521138,1365,4,UDP,52783,443,,forward,20260823_144333_web_001_5c95,Web
1787476423.521243,1365,4,UDP,52783,443,,forward,20260823_144333_web_001_5c95,Web
1787476423.521269,691,4,UDP,52783,443,,forward,20260823_144333_web_001_5c95,Web
1787476423.521283,1365,4,UDP,52783,443,,forward,20260823_144333_web_001_5c95,Web
1787476423.521297,1365,4,UDP,52783,443,,forward,20260823_144333_web_001_5c95,Web
1787476423.52132,1365,4,UDP,52783,443,,forward,20260823_144333_web_001_5c95,Web
1787476423.521337,1365,4,UDP,52783,443,,forward,20260823_144333_web_001_5c95,Web
1787476423.521352,1365,4,UDP,52783,443,,forward,20260823_144333_web_001_5c95,Web
1787476423.521367,1365,4,UDP,52783,443,,forward,20260823_144333_web_001_5c95,Web
1787476423.521382,1365,4,UDP,52783,443,,forward,20260823_144333_web_001_5c95,Web
1787476423.521403,1365,4,UDP,52783,443,,forward,20260823_144333_web_001_5c95,Web
1787476423.521433,1365,4,UDP,52783,443,,forward,20260823_144333_web_001_5c95,Web
1787476423.521457,1366,4,UDP,52783,443,,forward,20260823_144333_web_001_5c95,Web
1787476423.521477,1366,4,UDP,52783,443,,forward,20260823_144333_web_001_5c95,Web
1787476423.521494,1366,4,UDP,52783,443,,forward,20260823_144333_web_001_5c95,Web
1787476423.521509,1366,4,UDP,52783,443,,forward,20260823_144333_web_001_5c95,Web
1787476423.521525,692,4,UDP,52783,443,,forward,20260823_144333_web_001_5c95,Web
1787476423.521539,1366,4,UDP,52783,443,,forward,20260823_144333_web_001_5c95,Web
1787476423.521554,1366,4,UDP,52783,443,,forward,20260823_144333_web_001_5c95,Web
1787476423.52157,1366,4,UDP,52783,443,,forward,20260823_144333_web_001_5c95,Web
1787476423.521584,1366,4,UDP,52783,443,,forward,20260823_144333_web_001_5c95,Web
1787476423.521599,1366,4,UDP,52783,443,,forward,20260823_144333_web_001_5c95,Web
1787476423.521614,1366,4,UDP,52783,443,,forward,20260823_144333_web_001_5c95,Web
1787476423.521629,1366,4,UDP,52783,443,,forward,20260823_144333_web_001_5c95,Web
1787476423.521645,1366,4,UDP,52783,443,,forward,20260823_144333_web_001_5c95,Web
1787476423.521662,1366,4,UDP,52783,443,,forward,20260823_144333_web_001_5c95,Web
1787476423.521678,1366,4,UDP,52783,443,,forward,20260823_144333_web_001_5c95,Web
1787476423.521694,1366,4,UDP,52783,443,,forward,20260823_144333_web_001_5c95,Web
1787476423.52171,1366,4,UDP,52783,443,,forward,20260823_144333_web_001_5c95,Web
1787476423.521725,1366,4,UDP,52783,443,,forward,20260823_144333_web_001_5c95,Web
1787476423.521741,692,4,UDP,52783,443,,forward,20260823_144333_web_001_5c95,Web
1787476423.521755,1366,4,UDP,52783,443,,forward,20260823_144333_web_001_5c95,Web
1787476423.521816,1374,4,UDP,52783,443,,forward,20260823_144333_web_001_5c95,Web
1787476423.521837,1366,4,UDP,52783,443,,forward,20260823_144333_web_001_5c95,Web
1787476423.521853,1366,4,UDP,52783,443,,forward,20260823_144333_web_001_5c95,Web
1787476423.521871,1366,4,UDP,52783,443,,forward,20260823_144333_web_001_5c95,Web
1787476423.52189,1366,4,UDP,52783,443,,forward,20260823_144333_web_001_5c95,Web
1787476423.521906,1366,4,UDP,52783,443,,forward,20260823_144333_web_001_5c95,Web
1787476423.521922,1366,4,UDP,52783,443,,forward,20260823_144333_web_001_5c95,Web
1787476423.521941,1366,4,UDP,52783,443,,forward,20260823_144333_web_001_5c95,Web
1787476423.521956,1366,4,UDP,52783,443,,forward,20260823_144333_web_001_5c95,Web
1787476423.521973,1366,4,UDP,52783,443,,forward,20260823_144333_web_001_5c95,Web
1787476423.521987,1366,4,UDP,52783,443,,forward,20260823_144333_web_001_5c95,Web
1787476423.522002,1366,4,UDP,52783,443,,forward,20260823_144333_web_001_5c95,Web
1787476423.522017,692,4,UDP,52783,443,,forward,20260823_144333_web_001_5c95,Web
1787476423.52204,1366,4,UDP,52783,443,,forward,20260823_144333_web_001_5c95,Web
1787476423.522057,1366,4,UDP,52783,443,,forward,20260823_144333_web_001_5c95,Web
1787476423.522072,1366,4,UDP,52783,443,,forward,20260823_144333_web_001_5c95,Web
1787476423.522088,1366,4,UDP,52783,443,,forward,20260823_144333_web_001_5c95,Web
1787476423.522107,1366,4,UDP,52783,443,,forward,20260823_144333_web_001_5c95,Web
1787476423.522122,1366,4,UDP,52783,443,,forward,20260823_144333_web_001_5c95,Web
1787476423.522137,1366,4,UDP,52783,443,,forward,20260823_144333_web_001_5c95,Web
1787476423.526494,1366,4,UDP,52783,443,,forward,20260823_144333_web_001_5c95,Web
1787476423.526628,1366,4,UDP,52783,443,,forward,20260823_144333_web_001_5c95,Web
1787476423.526684,1366,4,UDP,52783,443,,forward,20260823_144333_web_001_5c95,Web
1787476423.526719,1366,4,UDP,52783,443,,forward,20260823_144333_web_001_5c95,Web
1787476423.526747,1366,4,UDP,52783,443,,forward,20260823_144333_web_001_5c95,Web
1787476423.526778,1366,4,UDP,52783,443,,forward,20260823_144333_web_001_5c95,Web
1787476423.526805,692,4,UDP,52783,443,,forward,20260823_144333_web_001_5c95,Web
1787476423.526833,1366,4,UDP,52783,443,,forward,20260823_144333_web_001_5c95,Web
1787476423.526857,1366,4,UDP,52783,443,,forward,20260823_144333_web_001_5c95,Web
1787476423.526882,1366,4,UDP,52783,443,,forward,20260823_144333_web_001_5c95,Web
1787476423.526906,1366,4,UDP,52783,443,,forward,20260823_144333_web_001_5c95,Web
1787476423.526932,1366,4,UDP,52783,443,,forward,20260823_144333_web_001_5c95,Web
1787476423.526959,1366,4,UDP,52783,443,,forward,20260823_144333_web_001_5c95,Web
1787476423.526984,1366,4,UDP,52783,443,,forward,20260823_144333_web_001_5c95,Web
1787476423.527009,1366,4,UDP,52783,443,,forward,20260823_144333_web_001_5c95,Web
1787476423.527035,1366,4,UDP,52783,443,,forward,20260823_144333_web_001_5c95,Web
1787476423.527062,1366,4,UDP,52783,443,,forward,20260823_144333_web_001_5c95,Web
1787476423.527087,1366,4,UDP,52783,443,,forward,20260823_144333_web_001_5c95,Web
1787476423.527111,1366,4,UDP,52783,443,,forward,20260823_144333_web_001_5c95,Web
1787476423.527137,1366,4,UDP,52783,443,,forward,20260823_144333_web_001_5c95,Web
1787476423.527162,692,4,UDP,52783,443,,forward,20260823_144333_web_001_5c95,Web
1787476423.527185,1366,4,UDP,52783,443,,forward,20260823_144333_web_001_5c95,Web
1787476423.527209,1366,4,UDP,52783,443,,forward,20260823_144333_web_001_5c95,Web
1787476423.527234,1366,4,UDP,52783,443,,forward,20260823_144333_web_001_5c95,Web
1787476423.527261,1366,4,UDP,52783,443,,forward,20260823_144333_web_001_5c95,Web
1787476423.527289,1366,4,UDP,52783,443,,forward,20260823_144333_web_001_5c95,Web
1787476423.527318,1366,4,UDP,52783,443,,forward,20260823_144333_web_001_5c95,Web
1787476423.536178,1366,4,UDP,52783,443,,forward,20260823_144333_web_001_5c95,Web
1787476423.53623,88,4,UDP,443,52783,,forward,20260823_144333_web_001_5c95,Web
1787476423.53623,88,4,UDP,443,52783,,forward,20260823_144333_web_001_5c95,Web
1787476423.53623,210,4,UDP,443,52783,,forward,20260823_144333_web_001_5c95,Web
1787476423.53623,405,4,UDP,443,52783,,forward,20260823_144333_web_001_5c95,Web
1787476423.53623,145,4,UDP,443,52783,,forward,20260823_144333_web_001_5c95,Web
1787476423.53623,210,4,UDP,443,52783,,forward,20260823_144333_web_001_5c95,Web
1787476423.53623,210,4,UDP,443,52783,,forward,20260823_144333_web_001_5c95,Web
1787476423.53623,88,4,UDP,443,52783,,forward,20260823_144333_web_001_5c95,Web
1787476423.53623,88,4,UDP,443,52783,,forward,20260823_144333_web_001_5c95,Web
1787476423.53623,340,4,UDP,443,52783,,forward,20260823_144333_web_001_5c95,Web
1787476423.53623,275,4,UDP,443,52783,,forward,20260823_144333_web_001_5c95,Web
1787476423.53623,145,4,UDP,443,52783,,forward,20260823_144333_web_001_5c95,Web
1787476423.53623,88,4,UDP,443,52783,,forward,20260823_144333_web_001_5c95,Web
1787476423.53623,88,4,UDP,443,52783,,forward,20260823_144333_web_001_5c95,Web
1787476423.53623,88,4,UDP,443,52783,,forward,20260823_144333_web_001_5c95,Web
1787476423.536291,1366,4,UDP,52783,443,,forward,20260823_144333_web_001_5c95,Web
1787476423.536338,1366,4,UDP,52783,443,,forward,20260823_144333_web_001_5c95,Web
1787476423.536369,1366,4,UDP,52783,443,,forward,20260823_144333_web_001_5c95,Web
1787476423.536395,1366,4,UDP,52783,443,,forward,20260823_144333_web_001_5c95,Web
1787476423.536418,1366,4,UDP,52783,443,,forward,20260823_144333_web_001_5c95,Web
1787476423.536442,1366,4,UDP,52783,443,,forward,20260823_144333_web_001_5c95,Web
1787476423.536465,692,4,UDP,52783,443,,forward,20260823_144333_web_001_5c95,Web
1787476423.536488,1366,4,UDP,52783,443,,forward,20260823_144333_web_001_5c95,Web
1787476423.536514,1366,4,UDP,52783,443,,forward,20260823_144333_web_001_5c95,Web
1787476423.536537,1366,4,UDP,52783,443,,forward,20260823_144333_web_001_5c95,Web
1787476423.536559,1366,4,UDP,52783,443,,forward,20260823_144333_web_001_5c95,Web
1787476423.536583,1366,4,UDP,52783,443,,forward,20260823_144333_web_001_5c95,Web
1787476423.536605,1366,4,UDP,52783,443,,forward,20260823_144333_web_001_5c95,Web
1787476423.536627,1366,4,UDP,52783,443,,forward,20260823_144333_web_001_5c95,Web
1787476423.536651,1366,4,UDP,52783,443,,forward,20260823_144333_web_001_5c95,Web
1787476423.536674,1366,4,UDP,52783,443,,forward,20260823_144333_web_001_5c95,Web
1787476423.536697,1366,4,UDP,52783,443,,forward,20260823_144333_web_001_5c95,Web
1787476423.53672,1366,4,UDP,52783,443,,forward,20260823_144333_web_001_5c95,Web
1787476423.536742,1366,4,UDP,52783,443,,forward,20260823_144333_web_001_5c95,Web
1787476423.536765,1366,4,UDP,52783,443,,forward,20260823_144333_web_001_5c95,Web
1787476423.536788,692,4,UDP,52783,443,,forward,20260823_144333_web_001_5c95,Web
1787476423.536813,1366,4,UDP,52783,443,,forward,20260823_144333_web_001_5c95,Web
1787476423.536836,1366,4,UDP,52783,443,,forward,20260823_144333_web_001_5c95,Web
1787476423.536857,1366,4,UDP,52783,443,,forward,20260823_144333_web_001_5c95,Web
1787476423.536881,1366,4,UDP,52783,443,,forward,20260823_144333_web_001_5c95,Web
1787476423.536903,1366,4,UDP,52783,443,,forward,20260823_144333_web_001_5c95,Web
1787476423.536926,1366,4,UDP,52783,443,,forward,20260823_144333_web_001_5c95,Web
1787476423.53695,1366,4,UDP,52783,443,,forward,20260823_144333_web_001_5c95,Web
1787476423.536972,1366,4,UDP,52783,443,,forward,20260823_144333_web_001_5c95,Web
1787476423.536995,1366,4,UDP,52783,443,,forward,20260823_144333_web_001_5c95,Web
1787476423.537018,1366,4,UDP,52783,443,,forward,20260823_144333_web_001_5c95,Web
1787476423.537042,1366,4,UDP,52783,443,,forward,20260823_144333_web_001_5c95,Web
1787476423.537071,1366,4,UDP,52783,443,,forward,20260823_144333_web_001_5c95,Web
1787476423.537095,1366,4,UDP,52783,443,,forward,20260823_144333_web_001_5c95,Web
1787476423.53712,692,4,UDP,52783,443,,forward,20260823_144333_web_001_5c95,Web
1787476423.537142,1366,4,UDP,52783,443,,forward,20260823_144333_web_001_5c95,Web
1787476423.537165,1366,4,UDP,52783,443,,forward,20260823_144333_web_001_5c95,Web
1787476423.537188,1366,4,UDP,52783,443,,forward,20260823_144333_web_001_5c95,Web
1787476423.537211,1366,4,UDP,52783,443,,forward,20260823_144333_web_001_5c95,Web
1787476423.537234,1366,4,UDP,52783,443,,forward,20260823_144333_web_001_5c95,Web
1787476423.537257,1366,4,UDP,52783,443,,forward,20260823_144333_web_001_5c95,Web
1787476423.537281,1366,4,UDP,52783,443,,forward,20260823_144333_web_001_5c95,Web
1787476423.537305,1366,4,UDP,52783,443,,forward,20260823_144333_web_001_5c95,Web
1787476423.53733,1366,4,UDP,52783,443,,forward,20260823_144333_web_001_5c95,Web
1787476423.537359,1366,4,UDP,52783,443,,forward,20260823_144333_web_001_5c95,Web
1787476423.537383,1366,4,UDP,52783,443,,forward,20260823_144333_web_001_5c95,Web
1787476423.537409,1366,4,UDP,52783,443,,forward,20260823_144333_web_001_5c95,Web
1787476423.537432,1366,4,UDP,52783,443,,forward,20260823_144333_web_001_5c95,Web
1787476423.537456,692,4,UDP,52783,443,,forward,20260823_144333_web_001_5c95,Web
1787476423.537478,1366,4,UDP,52783,443,,forward,20260823_144333_web_001_5c95,Web
1787476423.537502,1366,4,UDP,52783,443,,forward,20260823_144333_web_001_5c95,Web
1787476423.551202,1366,4,UDP,52783,443,,forward,20260823_144333_web_001_5c95,Web
1787476423.551311,1366,4,UDP,52783,443,,forward,20260823_144333_web_001_5c95,Web
1787476423.551349,1366,4,UDP,52783,443,,forward,20260823_144333_web_001_5c95,Web
1787476423.551376,1366,4,UDP,52783,443,,forward,20260823_144333_web_001_5c95,Web
1787476423.551397,1366,4,UDP,52783,443,,forward,20260823_144333_web_001_5c95,Web
1787476423.55143,1366,4,UDP,52783,443,,forward,20260823_144333_web_001_5c95,Web
1787476423.551457,1366,4,UDP,52783,443,,forward,20260823_144333_web_001_5c95,Web
1787476423.551388,210,4,UDP,443,52783,,forward,20260823_144333_web_001_5c95,Web
1787476423.551388,210,4,UDP,443,52783,,forward,20260823_144333_web_001_5c95,Web
1787476423.551388,210,4,UDP,443,52783,,forward,20260823_144333_web_001_5c95,Web
1787476423.551388,88,4,UDP,443,52783,,forward,20260823_144333_web_001_5c95,Web
1787476423.551388,88,4,UDP,443,52783,,forward,20260823_144333_web_001_5c95,Web
1787476423.551388,145,4,UDP,443,52783,,forward,20260823_144333_web_001_5c95,Web
1787476423.551388,275,4,UDP,443,52783,,forward,20260823_144333_web_001_5c95,Web
1787476423.551388,88,4,UDP,443,52783,,forward,20260823_144333_web_001_5c95,Web
1787476423.551388,88,4,UDP,443,52783,,forward,20260823_144333_web_001_5c95,Web
1787476423.551388,88,4,UDP,443,52783,,forward,20260823_144333_web_001_5c95,Web
1787476423.551388,275,4,UDP,443,52783,,forward,20260823_144333_web_001_5c95,Web
1787476423.551388,210,4,UDP,443,52783,,forward,20260823_144333_web_001_5c95,Web
1787476423.551388,88,4,UDP,443,52783,,forward,20260823_144333_web_001_5c95,Web
1787476423.551388,89,4,UDP,443,52783,,forward,20260823_144333_web_001_5c95,Web
1787476423.551388,89,4,UDP,443,52783,,forward,20260823_144333_web_001_5c95,Web
1787476423.551388,145,4,UDP,443,52783,,forward,20260823_144333_web_001_5c95,Web
1787476423.551388,145,4,UDP,443,52783,,forward,20260823_144333_web_001_5c95,Web
1787476423.551388,145,4,UDP,443,52783,,forward,20260823_144333_web_001_5c95,Web
1787476423.551388,89,4,UDP,443,52783,,forward,20260823_144333_web_001_5c95,Web
1787476423.551388,89,4,UDP,443,52783,,forward,20260823_144333_web_001_5c95,Web
1787476423.551388,89,4,UDP,443,52783,,forward,20260823_144333_web_001_5c95,Web
1787476423.551388,89,4,UDP,443,52783,,forward,20260823_144333_web_001_5c95,Web
1787476423.551388,275,4,UDP,443,52783,,forward,20260823_144333_web_001_5c95,Web
1787476423.551388,89,4,UDP,443,52783,,forward,20260823_144333_web_001_5c95,Web
1787476423.551388,89,4,UDP,443,52783,,forward,20260823_144333_web_001_5c95,Web
1787476423.551388,210,4,UDP,443,52783,,forward,20260823_144333_web_001_5c95,Web
1787476423.551388,145,4,UDP,443,52783,,forward,20260823_144333_web_001_5c95,Web
1787476423.551388,89,4,UDP,443,52783,,forward,20260823_144333_web_001_5c95,Web
1787476423.551388,89,4,UDP,443,52783,,forward,20260823_144333_web_001_5c95,Web
1787476423.551388,89,4,UDP,443,52783,,forward,20260823_144333_web_001_5c95,Web
1787476423.551388,145,4,UDP,443,52783,,forward,20260823_144333_web_001_5c95,Web
1787476423.551388,275,4,UDP,443,52783,,forward,20260823_144333_web_001_5c95,Web
1787476423.551388,145,4,UDP,443,52783,,forward,20260823_144333_web_001_5c95,Web
1787476423.551388,145,4,UDP,443,52783,,forward,20260823_144333_web_001_5c95,Web
1787476423.551388,89,4,UDP,443,52783,,forward,20260823_144333_web_001_5c95,Web
1787476423.551388,89,4,UDP,443,52783,,forward,20260823_144333_web_001_5c95,Web
1787476423.551388,145,4,UDP,443,52783,,forward,20260823_144333_web_001_5c95,Web
1787476423.551388,210,4,UDP,443,52783,,forward,20260823_144333_web_001_5c95,Web
1787476423.551565,89,4,UDP,52783,443,,forward,20260823_144333_web_001_5c95,Web
1787476423.55166,1366,4,UDP,52783,443,,forward,20260823_144333_web_001_5c95,Web
1787476423.551696,1366,4,UDP,52783,443,,forward,20260823_144333_web_001_5c95,Web
1787476423.551723,1366,4,UDP,52783,443,,forward,20260823_144333_web_001_5c95,Web
1787476423.551747,1366,4,UDP,52783,443,,forward,20260823_144333_web_001_5c95,Web
1787476423.55178,692,4,UDP,52783,443,,forward,20260823_144333_web_001_5c95,Web
1787476423.551805,1366,4,UDP,52783,443,,forward,20260823_144333_web_001_5c95,Web
1787476423.551833,1366,4,UDP,52783,443,,forward,20260823_144333_web_001_5c95,Web
1787476423.551859,1366,4,UDP,52783,443,,forward,20260823_144333_web_001_5c95,Web
1787476423.551887,1366,4,UDP,52783,443,,forward,20260823_144333_web_001_5c95,Web
1787476423.551913,1366,4,UDP,52783,443,,forward,20260823_144333_web_001_5c95,Web
1787476423.551939,1366,4,UDP,52783,443,,forward,20260823_144333_web_001_5c95,Web
1787476423.551963,1366,4,UDP,52783,443,,forward,20260823_144333_web_001_5c95,Web
1787476423.551988,1366,4,UDP,52783,443,,forward,20260823_144333_web_001_5c95,Web
1787476423.552017,1366,4,UDP,52783,443,,forward,20260823_144333_web_001_5c95,Web
1787476423.552044,1366,4,UDP,52783,443,,forward,20260823_144333_web_001_5c95,Web
1787476423.552071,1366,4,UDP,52783,443,,forward,20260823_144333_web_001_5c95,Web
1787476423.552116,1366,4,UDP,52783,443,,forward,20260823_144333_web_001_5c95,Web
1787476423.552145,1366,4,UDP,52783,443,,forward,20260823_144333_web_001_5c95,Web
1787476423.552172,692,4,UDP,52783,443,,forward,20260823_144333_web_001_5c95,Web
1787476423.552197,1366,4,UDP,52783,443,,forward,20260823_144333_web_001_5c95,Web
1787476423.552224,1366,4,UDP,52783,443,,forward,20260823_144333_web_001_5c95,Web
1787476423.552249,1366,4,UDP,52783,443,,forward,20260823_144333_web_001_5c95,Web
1787476423.552275,1366,4,UDP,52783,443,,forward,20260823_144333_web_001_5c95,Web
1787476423.552302,1366,4,UDP,52783,443,,forward,20260823_144333_web_001_5c95,Web
1787476423.552331,1366,4,UDP,52783,443,,forward,20260823_144333_web_001_5c95,Web
1787476423.552359,1366,4,UDP,52783,443,,forward,20260823_144333_web_001_5c95,Web
1787476423.552383,1366,4,UDP,52783,443,,forward,20260823_144333_web_001_5c95,Web
1787476423.552411,1366,4,UDP,52783,443,,forward,20260823_144333_web_001_5c95,Web
1787476423.552436,1366,4,UDP,52783,443,,forward,20260823_144333_web_001_5c95,Web
1787476423.552459,1366,4,UDP,52783,443,,forward,20260823_144333_web_001_5c95,Web
1787476423.552482,1366,4,UDP,52783,443,,forward,20260823_144333_web_001_5c95,Web
1787476423.552506,1366,4,UDP,52783,443,,forward,20260823_144333_web_001_5c95,Web
1787476423.552529,692,4,UDP,52783,443,,forward,20260823_144333_web_001_5c95,Web
1787476423.552552,1366,4,UDP,52783,443,,forward,20260823_144333_web_001_5c95,Web
1787476423.552575,1366,4,UDP,52783,443,,forward,20260823_144333_web_001_5c95,Web
1787476423.552598,1366,4,UDP,52783,443,,forward,20260823_144333_web_001_5c95,Web
1787476423.552623,1366,4,UDP,52783,443,,forward,20260823_144333_web_001_5c95,Web
1787476423.552646,1366,4,UDP,52783,443,,forward,20260823_144333_web_001_5c95,Web
1787476423.55267,1366,4,UDP,52783,443,,forward,20260823_144333_web_001_5c95,Web
1787476423.552694,1366,4,UDP,52783,443,,forward,20260823_144333_web_001_5c95,Web
1787476423.55272,1366,4,UDP,52783,443,,forward,20260823_144333_web_001_5c95,Web
1787476423.552745,1366,4,UDP,52783,443,,forward,20260823_144333_web_001_5c95,Web
1787476423.552768,1366,4,UDP,52783,443,,forward,20260823_144333_web_001_5c95,Web
1787476423.552794,1366,4,UDP,52783,443,,forward,20260823_144333_web_001_5c95,Web
1787476423.560966,1366,4,UDP,52783,443,,forward,20260823_144333_web_001_5c95,Web
1787476423.561072,1366,4,UDP,52783,443,,forward,20260823_144333_web_001_5c95,Web
1787476423.5611,692,4,UDP,52783,443,,forward,20260823_144333_web_001_5c95,Web
1787476423.561117,1366,4,UDP,52783,443,,forward,20260823_144333_web_001_5c95,Web
1787476423.561133,1366,4,UDP,52783,443,,forward,20260823_144333_web_001_5c95,Web
1787476423.561121,89,4,UDP,443,52783,,forward,20260823_144333_web_001_5c95,Web
1787476423.561149,1366,4,UDP,52783,443,,forward,20260823_144333_web_001_5c95,Web
1787476423.561121,89,4,UDP,443,52783,,forward,20260823_144333_web_001_5c95,Web
1787476423.561121,145,4,UDP,443,52783,,forward,20260823_144333_web_001_5c95,Web
1787476423.561121,145,4,UDP,443,52783,,forward,20260823_144333_web_001_5c95,Web
1787476423.561121,89,4,UDP,443,52783,,forward,20260823_144333_web_001_5c95,Web
1787476423.561121,89,4,UDP,443,52783,,forward,20260823_144333_web_001_5c95,Web
1787476423.561121,89,4,UDP,443,52783,,forward,20260823_144333_web_001_5c95,Web
1787476423.561121,145,4,UDP,443,52783,,forward,20260823_144333_web_001_5c95,Web
1787476423.561121,145,4,UDP,443,52783,,forward,20260823_144333_web_001_5c95,Web
1787476423.561121,145,4,UDP,443,52783,,forward,20260823_144333_web_001_5c95,Web
1787476423.561168,1366,4,UDP,52783,443,,forward,20260823_144333_web_001_5c95,Web
1787476423.561184,1366,4,UDP,52783,443,,forward,20260823_144333_web_001_5c95,Web
1787476423.561199,1366,4,UDP,52783,443,,forward,20260823_144333_web_001_5c95,Web
1787476423.561217,1366,4,UDP,52783,443,,forward,20260823_144333_web_001_5c95,Web
1787476423.561231,1366,4,UDP,52783,443,,forward,20260823_144333_web_001_5c95,Web
1787476423.561247,1366,4,UDP,52783,443,,forward,20260823_144333_web_001_5c95,Web
1787476423.561262,1366,4,UDP,52783,443,,forward,20260823_144333_web_001_5c95,Web
1787476423.561277,1366,4,UDP,52783,443,,forward,20260823_144333_web_001_5c95,Web
1787476423.561292,1366,4,UDP,52783,443,,forward,20260823_144333_web_001_5c95,Web
1787476423.561306,1366,4,UDP,52783,443,,forward,20260823_144333_web_001_5c95,Web
1787476423.561323,692,4,UDP,52783,443,,forward,20260823_144333_web_001_5c95,Web
1787476423.561342,1366,4,UDP,52783,443,,forward,20260823_144333_web_001_5c95,Web
1787476423.561358,1366,4,UDP,52783,443,,forward,20260823_144333_web_001_5c95,Web
1787476423.561373,1366,4,UDP,52783,443,,forward,20260823_144333_web_001_5c95,Web
1787476423.561387,1366,4,UDP,52783,443,,forward,20260823_144333_web_001_5c95,Web
1787476423.561401,1366,4,UDP,52783,443,,forward,20260823_144333_web_001_5c95,Web
1787476423.561416,1366,4,UDP,52783,443,,forward,20260823_144333_web_001_5c95,Web
1787476423.56143,1366,4,UDP,52783,443,,forward,20260823_144333_web_001_5c95,Web
1787476423.561445,1366,4,UDP,52783,443,,forward,20260823_144333_web_001_5c95,Web
1787476423.56146,1366,4,UDP,52783,443,,forward,20260823_144333_web_001_5c95,Web
1787476423.561475,1366,4,UDP,52783,443,,forward,20260823_144333_web_001_5c95,Web
1787476423.561491,1366,4,UDP,52783,443,,forward,20260823_144333_web_001_5c95,Web
1787476423.561506,1366,4,UDP,52783,443,,forward,20260823_144333_web_001_5c95,Web
1787476423.561522,1366,4,UDP,52783,443,,forward,20260823_144333_web_001_5c95,Web
1787476423.561537,692,4,UDP,52783,443,,forward,20260823_144333_web_001_5c95,Web
1787476423.56155,1366,4,UDP,52783,443,,forward,20260823_144333_web_001_5c95,Web
1787476423.561566,1366,4,UDP,52783,443,,forward,20260823_144333_web_001_5c95,Web
1787476423.561581,1366,4,UDP,52783,443,,forward,20260823_144333_web_001_5c95,Web
1787476423.561596,1366,4,UDP,52783,443,,forward,20260823_144333_web_001_5c95,Web
1787476423.561617,1366,4,UDP,52783,443,,forward,20260823_144333_web_001_5c95,Web
1787476423.561639,1366,4,UDP,52783,443,,forward,20260823_144333_web_001_5c95,Web
1787476423.561657,1366,4,UDP,52783,443,,forward,20260823_144333_web_001_5c95,Web
1787476423.561675,1366,4,UDP,52783,443,,forward,20260823_144333_web_001_5c95,Web
1787476423.561692,1366,4,UDP,52783,443,,forward,20260823_144333_web_001_5c95,Web
1787476423.56171,1366,4,UDP,52783,443,,forward,20260823_144333_web_001_5c95,Web
1787476423.561735,1366,4,UDP,52783,443,,forward,20260823_144333_web_001_5c95,Web
1787476423.561752,1366,4,UDP,52783,443,,forward,20260823_144333_web_001_5c95,Web
1787476423.561771,1366,4,UDP,52783,443,,forward,20260823_144333_web_001_5c95,Web
1787476423.561799,692,4,UDP,52783,443,,forward,20260823_144333_web_001_5c95,Web
1787476423.561831,1366,4,UDP,52783,443,,forward,20260823_144333_web_001_5c95,Web
1787476423.561852,1366,4,UDP,52783,443,,forward,20260823_144333_web_001_5c95,Web
1787476423.561868,1366,4,UDP,52783,443,,forward,20260823_144333_web_001_5c95,Web
1787476423.561886,1366,4,UDP,52783,443,,forward,20260823_144333_web_001_5c95,Web
1787476423.561906,1366,4,UDP,52783,443,,forward,20260823_144333_web_001_5c95,Web
1787476423.561924,1366,4,UDP,52783,443,,forward,20260823_144333_web_001_5c95,Web
1787476423.561947,1366,4,UDP,52783,443,,forward,20260823_144333_web_001_5c95,Web
1787476423.566075,1366,4,UDP,52783,443,,forward,20260823_144333_web_001_5c95,Web
1787476423.566216,1366,4,UDP,52783,443,,forward,20260823_144333_web_001_5c95,Web
1787476423.566246,1366,4,UDP,52783,443,,forward,20260823_144333_web_001_5c95,Web
1787476423.566263,1366,4,UDP,52783,443,,forward,20260823_144333_web_001_5c95,Web
1787476423.566279,1366,4,UDP,52783,443,,forward,20260823_144333_web_001_5c95,Web
1787476423.566294,1366,4,UDP,52783,443,,forward,20260823_144333_web_001_5c95,Web
1787476423.566311,692,4,UDP,52783,443,,forward,20260823_144333_web_001_5c95,Web
1787476423.566334,1366,4,UDP,52783,443,,forward,20260823_144333_web_001_5c95,Web
1787476423.566351,1366,4,UDP,52783,443,,forward,20260823_144333_web_001_5c95,Web
1787476423.566368,1366,4,UDP,52783,443,,forward,20260823_144333_web_001_5c95,Web
1787476423.566387,1366,4,UDP,52783,443,,forward,20260823_144333_web_001_5c95,Web
1787476423.566406,1366,4,UDP,52783,443,,forward,20260823_144333_web_001_5c95,Web
1787476423.566422,1366,4,UDP,52783,443,,forward,20260823_144333_web_001_5c95,Web
1787476423.566439,1366,4,UDP,52783,443,,forward,20260823_144333_web_001_5c95,Web
1787476423.566456,1366,4,UDP,52783,443,,forward,20260823_144333_web_001_5c95,Web
1787476423.566473,1366,4,UDP,52783,443,,forward,20260823_144333_web_001_5c95,Web
1787476423.566489,1366,4,UDP,52783,443,,forward,20260823_144333_web_001_5c95,Web
1787476423.566506,1366,4,UDP,52783,443,,forward,20260823_144333_web_001_5c95,Web
1787476423.566522,1366,4,UDP,52783,443,,forward,20260823_144333_web_001_5c95,Web
1787476423.566539,1366,4,UDP,52783,443,,forward,20260823_144333_web_001_5c95,Web
1787476423.566557,692,4,UDP,52783,443,,forward,20260823_144333_web_001_5c95,Web
1787476423.566572,1366,4,UDP,52783,443,,forward,20260823_144333_web_001_5c95,Web
1787476423.566591,1366,4,UDP,52783,443,,forward,20260823_144333_web_001_5c95,Web
1787476423.566609,1366,4,UDP,52783,443,,forward,20260823_144333_web_001_5c95,Web
1787476423.566627,1366,4,UDP,52783,443,,forward,20260823_144333_web_001_5c95,Web
1787476423.581668,1366,4,UDP,52783,443,,forward,20260823_144333_web_001_5c95,Web
1787476423.581775,1366,4,UDP,52783,443,,forward,20260823_144333_web_001_5c95,Web
1787476423.581811,1366,4,UDP,52783,443,,forward,20260823_144333_web_001_5c95,Web
1787476423.581756,89,4,UDP,443,52783,,forward,20260823_144333_web_001_5c95,Web
1787476423.581756,89,4,UDP,443,52783,,forward,20260823_144333_web_001_5c95,Web
1787476423.581835,1366,4,UDP,52783,443,,forward,20260823_144333_web_001_5c95,Web
1787476423.581756,145,4,UDP,443,52783,,forward,20260823_144333_web_001_5c95,Web
1787476423.581756,145,4,UDP,443,52783,,forward,20260823_144333_web_001_5c95,Web
1787476423.581756,275,4,UDP,443,52783,,forward,20260823_144333_web_001_5c95,Web
1787476423.581756,145,4,UDP,443,52783,,forward,20260823_144333_web_001_5c95,Web
1787476423.581756,89,4,UDP,443,52783,,forward,20260823_144333_web_001_5c95,Web
1787476423.581756,145,4,UDP,443,52783,,forward,20260823_144333_web_001_5c95,Web
1787476423.581756,89,4,UDP,443,52783,,forward,20260823_144333_web_001_5c95,Web
1787476423.581756,210,4,UDP,443,52783,,forward,20260823_144333_web_001_5c95,Web
1787476423.581756,145,4,UDP,443,52783,,forward,20260823_144333_web_001_5c95,Web
1787476423.581756,89,4,UDP,443,52783,,forward,20260823_144333_web_001_5c95,Web
1787476423.581756,89,4,UDP,443,52783,,forward,20260823_144333_web_001_5c95,Web
1787476423.581756,145,4,UDP,443,52783,,forward,20260823_144333_web_001_5c95,Web
1787476423.581756,89,4,UDP,443,52783,,forward,20260823_144333_web_001_5c95,Web
1787476423.581756,145,4,UDP,443,52783,,forward,20260823_144333_web_001_5c95,Web
1787476423.581756,89,4,UDP,443,52783,,forward,20260823_144333_web_001_5c95,Web
1787476423.581756,275,4,UDP,443,52783,,forward,20260823_144333_web_001_5c95,Web
1787476423.581756,89,4,UDP,443,52783,,forward,20260823_144333_web_001_5c95,Web
1787476423.581756,89,4,UDP,443,52783,,forward,20260823_144333_web_001_5c95,Web
1787476423.581756,89,4,UDP,443,52783,,forward,20260823_144333_web_001_5c95,Web
1787476423.581756,145,4,UDP,443,52783,,forward,20260823_144333_web_001_5c95,Web
1787476423.581756,210,4,UDP,443,52783,,forward,20260823_144333_web_001_5c95,Web
1787476423.581756,275,4,UDP,443,52783,,forward,20260823_144333_web_001_5c95,Web
1787476423.58186,1366,4,UDP,52783,443,,forward,20260823_144333_web_001_5c95,Web
1787476423.581884,1366,4,UDP,52783,443,,forward,20260823_144333_web_001_5c95,Web
1787476423.581908,1366,4,UDP,52783,443,,forward,20260823_144333_web_001_5c95,Web
1787476423.58209,1375,4,UDP,52783,443,,forward,20260823_144333_web_001_5c95,Web
1787476423.582121,1366,4,UDP,52783,443,,forward,20260823_144333_web_001_5c95,Web
1787476423.582146,692,4,UDP,52783,443,,forward,20260823_144333_web_001_5c95,Web
1787476423.582173,1366,4,UDP,52783,443,,forward,20260823_144333_web_001_5c95,Web
1787476423.582197,1366,4,UDP,52783,443,,forward,20260823_144333_web_001_5c95,Web
1787476423.58222,1366,4,UDP,52783,443,,forward,20260823_144333_web_001_5c95,Web
1787476423.582243,1366,4,UDP,52783,443,,forward,20260823_144333_web_001_5c95,Web
1787476423.582267,1366,4,UDP,52783,443,,forward,20260823_144333_web_001_5c95,Web
1787476423.582289,1366,4,UDP,52783,443,,forward,20260823_144333_web_001_5c95,Web
1787476423.582313,1366,4,UDP,52783,443,,forward,20260823_144333_web_001_5c95,Web
1787476423.582336,1366,4,UDP,52783,443,,forward,20260823_144333_web_001_5c95,Web
1787476423.582359,1366,4,UDP,52783,443,,forward,20260823_144333_web_001_5c95,Web
1787476423.582382,1366,4,UDP,52783,443,,forward,20260823_144333_web_001_5c95,Web
1787476423.582407,1366,4,UDP,52783,443,,forward,20260823_144333_web_001_5c95,Web
1787476423.582432,1366,4,UDP,52783,443,,forward,20260823_144333_web_001_5c95,Web
1787476423.582556,1366,4,UDP,52783,443,,forward,20260823_144333_web_001_5c95,Web
1787476423.582676,692,4,UDP,52783,443,,forward,20260823_144333_web_001_5c95,Web
1787476423.582741,1366,4,UDP,52783,443,,forward,20260823_144333_web_001_5c95,Web
1787476423.582776,1366,4,UDP,52783,443,,forward,20260823_144333_web_001_5c95,Web
1787476423.582804,1366,4,UDP,52783,443,,forward,20260823_144333_web_001_5c95,Web
1787476423.582833,1366,4,UDP,52783,443,,forward,20260823_144333_web_001_5c95,Web
1787476423.58287,1366,4,UDP,52783,443,,forward,20260823_144333_web_001_5c95,Web
1787476423.582897,1366,4,UDP,52783,443,,forward,20260823_144333_web_001_5c95,Web
1787476423.582923,1366,4,UDP,52783,443,,forward,20260823_144333_web_001_5c95,Web
1787476423.582951,1366,4,UDP,52783,443,,forward,20260823_144333_web_001_5c95,Web
1787476423.582978,1366,4,UDP,52783,443,,forward,20260823_144333_web_001_5c95,Web
1787476423.583129,1366,4,UDP,52783,443,,forward,20260823_144333_web_001_5c95,Web
1787476423.583189,1366,4,UDP,52783,443,,forward,20260823_144333_web_001_5c95,Web
1787476423.583224,1366,4,UDP,52783,443,,forward,20260823_144333_web_001_5c95,Web
1787476423.58325,1366,4,UDP,52783,443,,forward,20260823_144333_web_001_5c95,Web
1787476423.583275,692,4,UDP,52783,443,,forward,20260823_144333_web_001_5c95,Web
1787476423.583299,1366,4,UDP,52783,443,,forward,20260823_144333_web_001_5c95,Web
1787476423.583325,1366,4,UDP,52783,443,,forward,20260823_144333_web_001_5c95,Web
1787476423.583352,1366,4,UDP,52783,443,,forward,20260823_144333_web_001_5c95,Web
1787476423.583377,1366,4,UDP,52783,443,,forward,20260823_144333_web_001_5c95,Web
1787476423.583402,1366,4,UDP,52783,443,,forward,20260823_144333_web_001_5c95,Web
1787476423.583428,1366,4,UDP,52783,443,,forward,20260823_144333_web_001_5c95,Web
1787476423.583454,1366,4,UDP,52783,443,,forward,20260823_144333_web_001_5c95,Web
1787476423.583479,1366,4,UDP,52783,443,,forward,20260823_144333_web_001_5c95,Web
1787476423.583502,1366,4,UDP,52783,443,,forward,20260823_144333_web_001_5c95,Web
1787476423.583526,1366,4,UDP,52783,443,,forward,20260823_144333_web_001_5c95,Web
1787476423.583549,1366,4,UDP,52783,443,,forward,20260823_144333_web_001_5c95,Web
1787476423.583575,1366,4,UDP,52783,443,,forward,20260823_144333_web_001_5c95,Web
1787476423.5836,1366,4,UDP,52783,443,,forward,20260823_144333_web_001_5c95,Web
1787476423.583625,692,4,UDP,52783,443,,forward,20260823_144333_web_001_5c95,Web
1787476423.595596,1366,4,UDP,52783,443,,forward,20260823_144333_web_001_5c95,Web
1787476423.595696,1366,4,UDP,52783,443,,forward,20260823_144333_web_001_5c95,Web
1787476423.595729,1366,4,UDP,52783,443,,forward,20260823_144333_web_001_5c95,Web
1787476423.595755,1366,4,UDP,52783,443,,forward,20260823_144333_web_001_5c95,Web
1787476423.59568,89,4,UDP,443,52783,,forward,20260823_144333_web_001_5c95,Web
1787476423.59568,89,4,UDP,443,52783,,forward,20260823_144333_web_001_5c95,Web
1787476423.59568,89,4,UDP,443,52783,,forward,20260823_144333_web_001_5c95,Web
1787476423.59568,145,4,UDP,443,52783,,forward,20260823_144333_web_001_5c95,Web
1787476423.59568,340,4,UDP,443,52783,,forward,20260823_144333_web_001_5c95,Web
1787476423.59568,145,4,UDP,443,52783,,forward,20260823_144333_web_001_5c95,Web
1787476423.59568,89,4,UDP,443,52783,,forward,20260823_144333_web_001_5c95,Web
1787476423.59568,89,4,UDP,443,52783,,forward,20260823_144333_web_001_5c95,Web
1787476423.59568,89,4,UDP,443,52783,,forward,20260823_144333_web_001_5c95,Web
1787476423.59568,210,4,UDP,443,52783,,forward,20260823_144333_web_001_5c95,Web
1787476423.59568,275,4,UDP,443,52783,,forward,20260823_144333_web_001_5c95,Web
1787476423.59568,89,4,UDP,443,52783,,forward,20260823_144333_web_001_5c95,Web
1787476423.59568,89,4,UDP,443,52783,,forward,20260823_144333_web_001_5c95,Web
1787476423.59568,145,4,UDP,443,52783,,forward,20260823_144333_web_001_5c95,Web
1787476423.59568,275,4,UDP,443,52783,,forward,20260823_144333_web_001_5c95,Web
1787476423.59568,145,4,UDP,443,52783,,forward,20260823_144333_web_001_5c95,Web
1787476423.59568,89,4,UDP,443,52783,,forward,20260823_144333_web_001_5c95,Web
1787476423.59568,145,4,UDP,443,52783,,forward,20260823_144333_web_001_5c95,Web
1787476423.59568,89,4,UDP,443,52783,,forward,20260823_144333_web_001_5c95,Web
1787476423.59568,89,4,UDP,443,52783,,forward,20260823_144333_web_001_5c95,Web
1787476423.59568,210,4,UDP,443,52783,,forward,20260823_144333_web_001_5c95,Web
1787476423.59568,145,4,UDP,443,52783,,forward,20260823_144333_web_001_5c95,Web
1787476423.59568,89,4,UDP,443,52783,,forward,20260823_144333_web_001_5c95,Web
1787476423.59568,210,4,UDP,443,52783,,forward,20260823_144333_web_001_5c95,Web
1787476423.59568,275,4,UDP,443,52783,,forward,20260823_144333_web_001_5c95,Web
1787476423.59568,89,4,UDP,443,52783,,forward,20260823_144333_web_001_5c95,Web
1787476423.59568,145,4,UDP,443,52783,,forward,20260823_144333_web_001_5c95,Web
1787476423.59568,145,4,UDP,443,52783,,forward,20260823_144333_web_001_5c95,Web
1787476423.59578,1366,4,UDP,52783,443,,forward,20260823_144333_web_001_5c95,Web
1787476423.595807,1366,4,UDP,52783,443,,forward,20260823_144333_web_001_5c95,Web
1787476423.595834,1366,4,UDP,52783,443,,forward,20260823_144333_web_001_5c95,Web
1787476423.595856,1366,4,UDP,52783,443,,forward,20260823_144333_web_001_5c95,Web
1787476423.595878,1366,4,UDP,52783,443,,forward,20260823_144333_web_001_5c95,Web
1787476423.595901,1366,4,UDP,52783,443,,forward,20260823_144333_web_001_5c95,Web
1787476423.595925,1366,4,UDP,52783,443,,forward,20260823_144333_web_001_5c95,Web
1787476423.595949,1366,4,UDP,52783,443,,forward,20260823_144333_web_001_5c95,Web
1787476423.595971,1366,4,UDP,52783,443,,forward,20260823_144333_web_001_5c95,Web
1787476423.595993,692,4,UDP,52783,443,,forward,20260823_144333_web_001_5c95,Web
1787476423.59602,1366,4,UDP,52783,443,,forward,20260823_144333_web_001_5c95,Web
1787476423.596042,1366,4,UDP,52783,443,,forward,20260823_144333_web_001_5c95,Web
1787476423.596065,1366,4,UDP,52783,443,,forward,20260823_144333_web_001_5c95,Web
1787476423.596087,1366,4,UDP,52783,443,,forward,20260823_144333_web_001_5c95,Web
1787476423.596109,1366,4,UDP,52783,443,,forward,20260823_144333_web_001_5c95,Web
1787476423.596131,1366,4,UDP,52783,443,,forward,20260823_144333_web_001_5c95,Web
1787476423.596153,1366,4,UDP,52783,443,,forward,20260823_144333_web_001_5c95,Web
1787476423.596175,1366,4,UDP,52783,443,,forward,20260823_144333_web_001_5c95,Web
1787476423.596197,1366,4,UDP,52783,443,,forward,20260823_144333_web_001_5c95,Web
1787476423.596219,1366,4,UDP,52783,443,,forward,20260823_144333_web_001_5c95,Web
1787476423.596241,1366,4,UDP,52783,443,,forward,20260823_144333_web_001_5c95,Web
1787476423.596263,1366,4,UDP,52783,443,,forward,20260823_144333_web_001_5c95,Web
1787476423.596284,1366,4,UDP,52783,443,,forward,20260823_144333_web_001_5c95,Web
1787476423.596308,692,4,UDP,52783,443,,forward,20260823_144333_web_001_5c95,Web
1787476423.596329,1366,4,UDP,52783,443,,forward,20260823_144333_web_001_5c95,Web
1787476423.596352,1366,4,UDP,52783,443,,forward,20260823_144333_web_001_5c95,Web
1787476423.596376,1366,4,UDP,52783,443,,forward,20260823_144333_web_001_5c95,Web
1787476423.596463,1366,4,UDP,52783,443,,forward,20260823_144333_web_001_5c95,Web
1787476423.596532,1366,4,UDP,52783,443,,forward,20260823_144333_web_001_5c95,Web
1787476423.596559,1366,4,UDP,52783,443,,forward,20260823_144333_web_001_5c95,Web
1787476423.596577,1366,4,UDP,52783,443,,forward,20260823_144333_web_001_5c95,Web
1787476423.596594,1366,4,UDP,52783,443,,forward,20260823_144333_web_001_5c95,Web
1787476423.596609,1366,4,UDP,52783,443,,forward,20260823_144333_web_001_5c95,Web
1787476423.596626,1366,4,UDP,52783,443,,forward,20260823_144333_web_001_5c95,Web
1787476423.596643,1366,4,UDP,52783,443,,forward,20260823_144333_web_001_5c95,Web
1787476423.59666,1366,4,UDP,52783,443,,forward,20260823_144333_web_001_5c95,Web
1787476423.596678,1366,4,UDP,52783,443,,forward,20260823_144333_web_001_5c95,Web
1787476423.596695,692,4,UDP,52783,443,,forward,20260823_144333_web_001_5c95,Web
1787476423.596711,1366,4,UDP,52783,443,,forward,20260823_144333_web_001_5c95,Web
1787476423.596731,1366,4,UDP,52783,443,,forward,20260823_144333_web_001_5c95,Web
1787476423.596747,1366,4,UDP,52783,443,,forward,20260823_144333_web_001_5c95,Web
1787476423.596763,1366,4,UDP,52783,443,,forward,20260823_144333_web_001_5c95,Web
1787476423.596779,1366,4,UDP,52783,443,,forward,20260823_144333_web_001_5c95,Web
1787476423.5968,1366,4,UDP,52783,443,,forward,20260823_144333_web_001_5c95,Web
1787476423.596817,1366,4,UDP,52783,443,,forward,20260823_144333_web_001_5c95,Web
1787476423.596833,1366,4,UDP,52783,443,,forward,20260823_144333_web_001_5c95,Web
1787476423.59685,1366,4,UDP,52783,443,,forward,20260823_144333_web_001_5c95,Web
1787476423.596866,1366,4,UDP,52783,443,,forward,20260823_144333_web_001_5c95,Web
1787476423.596882,1366,4,UDP,52783,443,,forward,20260823_144333_web_001_5c95,Web
1787476423.5969,1366,4,UDP,52783,443,,forward,20260823_144333_web_001_5c95,Web
1787476423.61157,1366,4,UDP,52783,443,,forward,20260823_144333_web_001_5c95,Web
1787476423.611682,692,4,UDP,52783,443,,forward,20260823_144333_web_001_5c95,Web
1787476423.611715,1366,4,UDP,52783,443,,forward,20260823_144333_web_001_5c95,Web
1787476423.611732,1366,4,UDP,52783,443,,forward,20260823_144333_web_001_5c95,Web
1787476423.611748,1366,4,UDP,52783,443,,forward,20260823_144333_web_001_5c95,Web
1787476423.611767,1366,4,UDP,52783,443,,forward,20260823_144333_web_001_5c95,Web
1787476423.611782,1366,4,UDP,52783,443,,forward,20260823_144333_web_001_5c95,Web
1787476423.611795,1366,4,UDP,52783,443,,forward,20260823_144333_web_001_5c95,Web
1787476423.61181,1366,4,UDP,52783,443,,forward,20260823_144333_web_001_5c95,Web
1787476423.611825,1366,4,UDP,52783,443,,forward,20260823_144333_web_001_5c95,Web
1787476423.61184,1366,4,UDP,52783,443,,forward,20260823_144333_web_001_5c95,Web
1787476423.611854,1366,4,UDP,52783,443,,forward,20260823_144333_web_001_5c95,Web
1787476423.611872,1366,4,UDP,52783,443,,forward,20260823_144333_web_001_5c95,Web
1787476423.611886,1366,4,UDP,52783,443,,forward,20260823_144333_web_001_5c95,Web
1787476423.6119,1366,4,UDP,52783,443,,forward,20260823_144333_web_001_5c95,Web
1787476423.611914,692,4,UDP,52783,443,,forward,20260823_144333_web_001_5c95,Web
1787476423.611928,1366,4,UDP,52783,443,,forward,20260823_144333_web_001_5c95,Web
1787476423.611948,1366,4,UDP,52783,443,,forward,20260823_144333_web_001_5c95,Web
1787476423.611962,1366,4,UDP,52783,443,,forward,20260823_144333_web_001_5c95,Web
1787476423.611982,1366,4,UDP,52783,443,,forward,20260823_144333_web_001_5c95,Web
1787476423.612009,1366,4,UDP,52783,443,,forward,20260823_144333_web_001_5c95,Web
1787476423.612035,1366,4,UDP,52783,443,,forward,20260823_144333_web_001_5c95,Web
1787476423.612051,1366,4,UDP,52783,443,,forward,20260823_144333_web_001_5c95,Web
1787476423.612066,1366,4,UDP,52783,443,,forward,20260823_144333_web_001_5c95,Web
1787476423.61208,1366,4,UDP,52783,443,,forward,20260823_144333_web_001_5c95,Web
1787476423.612095,1366,4,UDP,52783,443,,forward,20260823_144333_web_001_5c95,Web
1787476423.612109,1366,4,UDP,52783,443,,forward,20260823_144333_web_001_5c95,Web
1787476423.612124,1366,4,UDP,52783,443,,forward,20260823_144333_web_001_5c95,Web
1787476423.612138,1366,4,UDP,52783,443,,forward,20260823_144333_web_001_5c95,Web
1787476423.612256,701,4,UDP,52783,443,,forward,20260823_144333_web_001_5c95,Web
1787476423.61228,1366,4,UDP,52783,443,,forward,20260823_144333_web_001_5c95,Web
1787476423.612297,1366,4,UDP,52783,443,,forward,20260823_144333_web_001_5c95,Web
1787476423.612312,1366,4,UDP,52783,443,,forward,20260823_144333_web_001_5c95,Web
1787476423.612327,1366,4,UDP,52783,443,,forward,20260823_144333_web_001_5c95,Web
1787476423.612343,1366,4,UDP,52783,443,,forward,20260823_144333_web_001_5c95,Web
1787476423.61236,1366,4,UDP,52783,443,,forward,20260823_144333_web_001_5c95,Web
1787476423.612376,1366,4,UDP,52783,443,,forward,20260823_144333_web_001_5c95,Web
1787476423.612393,1366,4,UDP,52783,443,,forward,20260823_144333_web_001_5c95,Web
1787476423.612412,1366,4,UDP,52783,443,,forward,20260823_144333_web_001_5c95,Web
1787476423.612429,1366,4,UDP,52783,443,,forward,20260823_144333_web_001_5c95,Web
1787476423.612445,1366,4,UDP,52783,443,,forward,20260823_144333_web_001_5c95,Web
1787476423.612461,1366,4,UDP,52783,443,,forward,20260823_144333_web_001_5c95,Web
1787476423.612479,1366,4,UDP,52783,443,,forward,20260823_144333_web_001_5c95,Web
1787476423.612496,692,4,UDP,52783,443,,forward,20260823_144333_web_001_5c95,Web
1787476423.612512,1366,4,UDP,52783,443,,forward,20260823_144333_web_001_5c95,Web
1787476423.612528,1366,4,UDP,52783,443,,forward,20260823_144333_web_001_5c95,Web
1787476423.612544,1366,4,UDP,52783,443,,forward,20260823_144333_web_001_5c95,Web
1787476423.612559,1366,4,UDP,52783,443,,forward,20260823_144333_web_001_5c95,Web
1787476423.612578,1366,4,UDP,52783,443,,forward,20260823_144333_web_001_5c95,Web
1787476423.612597,1366,4,UDP,52783,443,,forward,20260823_144333_web_001_5c95,Web
1787476423.612614,1366,4,UDP,52783,443,,forward,20260823_144333_web_001_5c95,Web
1787476423.612632,1366,4,UDP,52783,443,,forward,20260823_144333_web_001_5c95,Web
1787476423.626713,1366,4,UDP,52783,443,,forward,20260823_144333_web_001_5c95,Web
1787476423.626823,1366,4,UDP,52783,443,,forward,20260823_144333_web_001_5c95,Web
1787476423.626866,1366,4,UDP,52783,443,,forward,20260823_144333_web_001_5c95,Web
1787476423.626897,1366,4,UDP,52783,443,,forward,20260823_144333_web_001_5c95,Web
1787476423.626921,1366,4,UDP,52783,443,,forward,20260823_144333_web_001_5c95,Web
1787476423.626957,692,4,UDP,52783,443,,forward,20260823_144333_web_001_5c95,Web
1787476423.626982,1366,4,UDP,52783,443,,forward,20260823_144333_web_001_5c95,Web
1787476423.627008,1366,4,UDP,52783,443,,forward,20260823_144333_web_001_5c95,Web
1787476423.627036,1366,4,UDP,52783,443,,forward,20260823_144333_web_001_5c95,Web
1787476423.627065,1366,4,UDP,52783,443,,forward,20260823_144333_web_001_5c95,Web
1787476423.627091,1366,4,UDP,52783,443,,forward,20260823_144333_web_001_5c95,Web
1787476423.627118,1366,4,UDP,52783,443,,forward,20260823_144333_web_001_5c95,Web
1787476423.627143,1366,4,UDP,52783,443,,forward,20260823_144333_web_001_5c95,Web
1787476423.62698,89,4,UDP,443,52783,,forward,20260823_144333_web_001_5c95,Web
1787476423.62698,145,4,UDP,443,52783,,forward,20260823_144333_web_001_5c95,Web
1787476423.62698,89,4,UDP,443,52783,,forward,20260823_144333_web_001_5c95,Web
1787476423.62698,89,4,UDP,443,52783,,forward,20260823_144333_web_001_5c95,Web
1787476423.62698,89,4,UDP,443,52783,,forward,20260823_144333_web_001_5c95,Web
1787476423.62698,145,4,UDP,443,52783,,forward,20260823_144333_web_001_5c95,Web
1787476423.62698,210,4,UDP,443,52783,,forward,20260823_144333_web_001_5c95,Web
1787476423.62698,89,4,UDP,443,52783,,forward,20260823_144333_web_001_5c95,Web
1787476423.62698,89,4,UDP,443,52783,,forward,20260823_144333_web_001_5c95,Web
1787476423.62698,89,4,UDP,443,52783,,forward,20260823_144333_web_001_5c95,Web
1787476423.62698,89,4,UDP,443,52783,,forward,20260823_144333_web_001_5c95,Web
1787476423.62698,89,4,UDP,443,52783,,forward,20260823_144333_web_001_5c95,Web
1787476423.627168,1366,4,UDP,52783,443,,forward,20260823_144333_web_001_5c95,Web
1787476423.62698,275,4,UDP,443,52783,,forward,20260823_144333_web_001_5c95,Web
1787476423.62698,145,4,UDP,443,52783,,forward,20260823_144333_web_001_5c95,Web
1787476423.62698,89,4,UDP,443,52783,,forward,20260823_144333_web_001_5c95,Web
1787476423.62698,145,4,UDP,443,52783,,forward,20260823_144333_web_001_5c95,Web
1787476423.62698,607,4,UDP,443,52783,,forward,20260823_144333_web_001_5c95,Web
1787476423.62698,89,4,UDP,443,52783,,forward,20260823_144333_web_001_5c95,Web
1787476423.62698,210,4,UDP,443,52783,,forward,20260823_144333_web_001_5c95,Web
1787476423.62698,89,4,UDP,443,52783,,forward,20260823_144333_web_001_5c95,Web
1787476423.62698,89,4,UDP,443,52783,,forward,20260823_144333_web_001_5c95,Web
1787476423.62698,89,4,UDP,443,52783,,forward,20260823_144333_web_001_5c95,Web
1787476423.62698,145,4,UDP,443,52783,,forward,20260823_144333_web_001_5c95,Web
1787476423.62698,89,4,UDP,443,52783,,forward,20260823_144333_web_001_5c95,Web
1787476423.62698,145,4,UDP,443,52783,,forward,20260823_144333_web_001_5c95,Web
1787476423.62698,89,4,UDP,443,52783,,forward,20260823_144333_web_001_5c95,Web
1787476423.62698,146,4,UDP,443,52783,,forward,20260823_144333_web_001_5c95,Web
1787476423.62698,276,4,UDP,443,52783,,forward,20260823_144333_web_001_5c95,Web
1787476423.62698,90,4,UDP,443,52783,,forward,20260823_144333_web_001_5c95,Web
1787476423.62698,90,4,UDP,443,52783,,forward,20260823_144333_web_001_5c95,Web
1787476423.62698,211,4,UDP,443,52783,,forward,20260823_144333_web_001_5c95,Web
1787476423.62698,211,4,UDP,443,52783,,forward,20260823_144333_web_001_5c95,Web
1787476423.62698,90,4,UDP,443,52783,,forward,20260823_144333_web_001_5c95,Web
1787476423.62698,90,4,UDP,443,52783,,forward,20260823_144333_web_001_5c95,Web
1787476423.62698,211,4,UDP,443,52783,,forward,20260823_144333_web_001_5c95,Web
1787476423.62698,211,4,UDP,443,52783,,forward,20260823_144333_web_001_5c95,Web
1787476423.62698,211,4,UDP,443,52783,,forward,20260823_144333_web_001_5c95,Web
1787476423.62698,90,4,UDP,443,52783,,forward,20260823_144333_web_001_5c95,Web
1787476423.62698,90,4,UDP,443,52783,,forward,20260823_144333_web_001_5c95,Web
1787476423.62698,211,4,UDP,443,52783,,forward,20260823_144333_web_001_5c95,Web
1787476423.62698,211,4,UDP,443,52783,,forward,20260823_144333_web_001_5c95,Web
1787476423.62698,146,4,UDP,443,52783,,forward,20260823_144333_web_001_5c95,Web
1787476423.62698,146,4,UDP,443,52783,,forward,20260823_144333_web_001_5c95,Web
1787476423.62698,90,4,UDP,443,52783,,forward,20260823_144333_web_001_5c95,Web
1787476423.62698,90,4,UDP,443,52783,,forward,20260823_144333_web_001_5c95,Web
1787476423.62698,90,4,UDP,443,52783,,forward,20260823_144333_web_001_5c95,Web
1787476423.62698,146,4,UDP,443,52783,,forward,20260823_144333_web_001_5c95,Web
1787476423.62698,146,4,UDP,443,52783,,forward,20260823_144333_web_001_5c95,Web
1787476423.62698,211,4,UDP,443,52783,,forward,20260823_144333_web_001_5c95,Web
1787476423.62698,90,4,UDP,443,52783,,forward,20260823_144333_web_001_5c95,Web
1787476423.62698,276,4,UDP,443,52783,,forward,20260823_144333_web_001_5c95,Web
1787476423.627193,1366,4,UDP,52783,443,,forward,20260823_144333_web_001_5c95,Web
1787476423.627219,1366,4,UDP,52783,443,,forward,20260823_144333_web_001_5c95,Web
1787476423.627248,1366,4,UDP,52783,443,,forward,20260823_144333_web_001_5c95,Web
1787476423.627276,1366,4,UDP,52783,443,,forward,20260823_144333_web_001_5c95,Web
1787476423.627301,1366,4,UDP,52783,443,,forward,20260823_144333_web_001_5c95,Web
1787476423.627327,692,4,UDP,52783,443,,forward,20260823_144333_web_001_5c95,Web
1787476423.627352,1366,4,UDP,52783,443,,forward,20260823_144333_web_001_5c95,Web
1787476423.627378,1366,4,UDP,52783,443,,forward,20260823_144333_web_001_5c95,Web
1787476423.627405,1366,4,UDP,52783,443,,forward,20260823_144333_web_001_5c95,Web
1787476423.62743,1366,4,UDP,52783,443,,forward,20260823_144333_web_001_5c95,Web
1787476423.627455,1366,4,UDP,52783,443,,forward,20260823_144333_web_001_5c95,Web
1787476423.62748,1366,4,UDP,52783,443,,forward,20260823_144333_web_001_5c95,Web
1787476423.627504,1366,4,UDP,52783,443,,forward,20260823_144333_web_001_5c95,Web
1787476423.627529,1366,4,UDP,52783,443,,forward,20260823_144333_web_001_5c95,Web
1787476423.627554,1366,4,UDP,52783,443,,forward,20260823_144333_web_001_5c95,Web
1787476423.627578,1366,4,UDP,52783,443,,forward,20260823_144333_web_001_5c95,Web
1787476423.627602,1366,4,UDP,52783,443,,forward,20260823_144333_web_001_5c95,Web
1787476423.627626,1366,4,UDP,52783,443,,forward,20260823_144333_web_001_5c95,Web
1787476423.62765,1366,4,UDP,52783,443,,forward,20260823_144333_web_001_5c95,Web
1787476423.627674,692,4,UDP,52783,443,,forward,20260823_144333_web_001_5c95,Web
1787476423.627699,1366,4,UDP,52783,443,,forward,20260823_144333_web_001_5c95,Web
1787476423.627725,1366,4,UDP,52783,443,,forward,20260823_144333_web_001_5c95,Web
1787476423.627752,1366,4,UDP,52783,443,,forward,20260823_144333_web_001_5c95,Web
1787476423.627776,1366,4,UDP,52783,443,,forward,20260823_144333_web_001_5c95,Web
1787476423.627802,1366,4,UDP,52783,443,,forward,20260823_144333_web_001_5c95,Web
1787476423.627827,1366,4,UDP,52783,443,,forward,20260823_144333_web_001_5c95,Web
1787476423.627852,1366,4,UDP,52783,443,,forward,20260823_144333_web_001_5c95,Web
1787476423.627876,1366,4,UDP,52783,443,,forward,20260823_144333_web_001_5c95,Web
1787476423.627899,1366,4,UDP,52783,443,,forward,20260823_144333_web_001_5c95,Web
1787476423.627923,1366,4,UDP,52783,443,,forward,20260823_144333_web_001_5c95,Web
1787476423.627947,1366,4,UDP,52783,443,,forward,20260823_144333_web_001_5c95,Web
1787476423.627973,1366,4,UDP,52783,443,,forward,20260823_144333_web_001_5c95,Web
1787476423.627998,1366,4,UDP,52783,443,,forward,20260823_144333_web_001_5c95,Web
1787476423.628022,692,4,UDP,52783,443,,forward,20260823_144333_web_001_5c95,Web
1787476423.628046,1366,4,UDP,52783,443,,forward,20260823_144333_web_001_5c95,Web
1787476423.62807,1366,4,UDP,52783,443,,forward,20260823_144333_web_001_5c95,Web
1787476423.628095,1366,4,UDP,52783,443,,forward,20260823_144333_web_001_5c95,Web
1787476423.628118,1351,4,UDP,52783,443,,forward,20260823_144333_web_001_5c95,Web
1787476423.630555,523,4,UDP,52783,443,,forward,20260823_144333_web_001_5c95,Web
1787476423.630776,90,4,UDP,52783,443,,forward,20260823_144333_web_001_5c95,Web
1787476423.631115,138,4,UDP,52783,443,,forward,20260823_144333_web_001_5c95,Web
1787476423.641858,90,4,UDP,443,52783,,forward,20260823_144333_web_001_5c95,Web
1787476423.641858,146,4,UDP,443,52783,,forward,20260823_144333_web_001_5c95,Web
1787476423.641858,146,4,UDP,443,52783,,forward,20260823_144333_web_001_5c95,Web
1787476423.641858,90,4,UDP,443,52783,,forward,20260823_144333_web_001_5c95,Web
1787476423.641858,90,4,UDP,443,52783,,forward,20260823_144333_web_001_5c95,Web
1787476423.641858,90,4,UDP,443,52783,,forward,20260823_144333_web_001_5c95,Web
1787476423.641858,90,4,UDP,443,52783,,forward,20260823_144333_web_001_5c95,Web
1787476423.641858,211,4,UDP,443,52783,,forward,20260823_144333_web_001_5c95,Web
1787476423.641858,211,4,UDP,443,52783,,forward,20260823_144333_web_001_5c95,Web
1787476423.641858,211,4,UDP,443,52783,,forward,20260823_144333_web_001_5c95,Web
1787476423.641858,146,4,UDP,443,52783,,forward,20260823_144333_web_001_5c95,Web
1787476423.641858,90,4,UDP,443,52783,,forward,20260823_144333_web_001_5c95,Web
1787476423.641858,90,4,UDP,443,52783,,forward,20260823_144333_web_001_5c95,Web
1787476423.641858,406,4,UDP,443,52783,,forward,20260823_144333_web_001_5c95,Web
1787476423.641858,90,4,UDP,443,52783,,forward,20260823_144333_web_001_5c95,Web
1787476423.641858,146,4,UDP,443,52783,,forward,20260823_144333_web_001_5c95,Web
1787476423.641858,90,4,UDP,443,52783,,forward,20260823_144333_web_001_5c95,Web
1787476423.641858,146,4,UDP,443,52783,,forward,20260823_144333_web_001_5c95,Web
1787476423.641858,211,4,UDP,443,52783,,forward,20260823_144333_web_001_5c95,Web
1787476423.641858,146,4,UDP,443,52783,,forward,20260823_144333_web_001_5c95,Web
1787476423.641858,90,4,UDP,443,52783,,forward,20260823_144333_web_001_5c95,Web
1787476423.641858,146,4,UDP,443,52783,,forward,20260823_144333_web_001_5c95,Web
1787476423.641858,89,4,UDP,443,52783,,forward,20260823_144333_web_001_5c95,Web
1787476423.641858,210,4,UDP,443,52783,,forward,20260823_144333_web_001_5c95,Web
1787476423.641858,145,4,UDP,443,52783,,forward,20260823_144333_web_001_5c95,Web
1787476423.641858,89,4,UDP,443,52783,,forward,20260823_144333_web_001_5c95,Web
1787476423.641858,89,4,UDP,443,52783,,forward,20260823_144333_web_001_5c95,Web
1787476423.641858,89,4,UDP,443,52783,,forward,20260823_144333_web_001_5c95,Web
1787476423.641858,275,4,UDP,443,52783,,forward,20260823_144333_web_001_5c95,Web
1787476423.641858,89,4,UDP,443,52783,,forward,20260823_144333_web_001_5c95,Web
1787476423.641858,89,4,UDP,443,52783,,forward,20260823_144333_web_001_5c95,Web
1787476423.641858,145,4,UDP,443,52783,,forward,20260823_144333_web_001_5c95,Web
1787476423.641858,275,4,UDP,443,52783,,forward,20260823_144333_web_001_5c95,Web
1787476423.641858,210,4,UDP,443,52783,,forward,20260823_144333_web_001_5c95,Web
1787476423.641858,89,4,UDP,443,52783,,forward,20260823_144333_web_001_5c95,Web
1787476423.641858,89,4,UDP,443,52783,,forward,20260823_144333_web_001_5c95,Web
1787476423.641858,89,4,UDP,443,52783,,forward,20260823_144333_web_001_5c95,Web
1787476423.641858,210,4,UDP,443,52783,,forward,20260823_144333_web_001_5c95,Web
1787476423.641858,210,4,UDP,443,52783,,forward,20260823_144333_web_001_5c95,Web
1787476423.641858,89,4,UDP,443,52783,,forward,20260823_144333_web_001_5c95,Web
1787476423.641858,89,4,UDP,443,52783,,forward,20260823_144333_web_001_5c95,Web
1787476423.641858,89,4,UDP,443,52783,,forward,20260823_144333_web_001_5c95,Web
1787476423.641858,145,4,UDP,443,52783,,forward,20260823_144333_web_001_5c95,Web
1787476423.641858,275,4,UDP,443,52783,,forward,20260823_144333_web_001_5c95,Web
1787476423.641858,145,4,UDP,443,52783,,forward,20260823_144333_web_001_5c95,Web
1787476423.641858,89,4,UDP,443,52783,,forward,20260823_144333_web_001_5c95,Web
1787476423.641858,145,4,UDP,443,52783,,forward,20260823_144333_web_001_5c95,Web
1787476423.642581,90,4,UDP,52783,443,,forward,20260823_144333_web_001_5c95,Web
1787476423.656558,90,4,UDP,443,52783,,forward,20260823_144333_web_001_5c95,Web
1787476423.656558,146,4,UDP,443,52783,,forward,20260823_144333_web_001_5c95,Web
1787476423.656558,90,4,UDP,443,52783,,forward,20260823_144333_web_001_5c95,Web
1787476423.656558,90,4,UDP,443,52783,,forward,20260823_144333_web_001_5c95,Web
1787476423.656558,90,4,UDP,443,52783,,forward,20260823_144333_web_001_5c95,Web
1787476423.656558,90,4,UDP,443,52783,,forward,20260823_144333_web_001_5c95,Web
1787476423.656558,211,4,UDP,443,52783,,forward,20260823_144333_web_001_5c95,Web
1787476423.656558,211,4,UDP,443,52783,,forward,20260823_144333_web_001_5c95,Web
1787476423.656558,90,4,UDP,443,52783,,forward,20260823_144333_web_001_5c95,Web
1787476423.656558,90,4,UDP,443,52783,,forward,20260823_144333_web_001_5c95,Web
1787476423.656558,211,4,UDP,443,52783,,forward,20260823_144333_web_001_5c95,Web
1787476423.656558,146,4,UDP,443,52783,,forward,20260823_144333_web_001_5c95,Web
1787476423.656558,90,4,UDP,443,52783,,forward,20260823_144333_web_001_5c95,Web
1787476423.656558,146,4,UDP,443,52783,,forward,20260823_144333_web_001_5c95,Web
1787476423.656558,146,4,UDP,443,52783,,forward,20260823_144333_web_001_5c95,Web
1787476423.656558,90,4,UDP,443,52783,,forward,20260823_144333_web_001_5c95,Web
1787476423.656558,90,4,UDP,443,52783,,forward,20260823_144333_web_001_5c95,Web
1787476423.656558,90,4,UDP,443,52783,,forward,20260823_144333_web_001_5c95,Web
1787476423.656558,146,4,UDP,443,52783,,forward,20260823_144333_web_001_5c95,Web
1787476423.656558,406,4,UDP,443,52783,,forward,20260823_144333_web_001_5c95,Web
1787476423.656983,89,4,UDP,52783,443,,forward,20260823_144333_web_001_5c95,Web
1787476423.665594,90,4,UDP,443,52783,,forward,20260823_144333_web_001_5c95,Web
1787476423.665594,146,4,UDP,443,52783,,forward,20260823_144333_web_001_5c95,Web
1787476423.665928,89,4,UDP,52783,443,,forward,20260823_144333_web_001_5c95,Web
1787476423.67207,90,4,UDP,443,52783,,forward,20260823_144333_web_001_5c95,Web
1787476423.67207,211,4,UDP,443,52783,,forward,20260823_144333_web_001_5c95,Web
1787476423.67207,90,4,UDP,443,52783,,forward,20260823_144333_web_001_5c95,Web
1787476423.67207,90,4,UDP,443,52783,,forward,20260823_144333_web_001_5c95,Web
1787476423.67207,276,4,UDP,443,52783,,forward,20260823_144333_web_001_5c95,Web
1787476423.67207,89,4,UDP,443,52783,,forward,20260823_144333_web_001_5c95,Web
1787476423.67207,90,4,UDP,443,52783,,forward,20260823_144333_web_001_5c95,Web
1787476423.67207,341,4,UDP,443,52783,,forward,20260823_144333_web_001_5c95,Web
1787476423.67207,211,4,UDP,443,52783,,forward,20260823_144333_web_001_5c95,Web
1787476423.672368,89,4,UDP,52783,443,,forward,20260823_144333_web_001_5c95,Web
1787476423.687143,90,4,UDP,443,52783,,forward,20260823_144333_web_001_5c95,Web
1787476423.687143,90,4,UDP,443,52783,,forward,20260823_144333_web_001_5c95,Web
1787476423.687143,211,4,UDP,443,52783,,forward,20260823_144333_web_001_5c95,Web
1787476423.687143,90,4,UDP,443,52783,,forward,20260823_144333_web_001_5c95,Web
1787476423.687143,341,4,UDP,443,52783,,forward,20260823_144333_web_001_5c95,Web
1787476423.687143,90,4,UDP,443,52783,,forward,20260823_144333_web_001_5c95,Web
1787476423.687143,90,4,UDP,443,52783,,forward,20260823_144333_web_001_5c95,Web
1787476423.687143,90,4,UDP,443,52783,,forward,20260823_144333_web_001_5c95,Web
1787476423.687143,146,4,UDP,443,52783,,forward,20260823_144333_web_001_5c95,Web
1787476423.687143,276,4,UDP,443,52783,,forward,20260823_144333_web_001_5c95,Web
1787476423.687143,146,4,UDP,443,52783,,forward,20260823_144333_web_001_5c95,Web
1787476423.687143,146,4,UDP,443,52783,,forward,20260823_144333_web_001_5c95,Web
1787476423.687143,90,4,UDP,443,52783,,forward,20260823_144333_web_001_5c95,Web
1787476423.687143,146,4,UDP,443,52783,,forward,20260823_144333_web_001_5c95,Web
1787476423.687143,90,4,UDP,443,52783,,forward,20260823_144333_web_001_5c95,Web
1787476423.687143,90,4,UDP,443,52783,,forward,20260823_144333_web_001_5c95,Web
1787476423.687143,211,4,UDP,443,52783,,forward,20260823_144333_web_001_5c95,Web
1787476423.687143,90,4,UDP,443,52783,,forward,20260823_144333_web_001_5c95,Web
1787476423.687143,146,4,UDP,443,52783,,forward,20260823_144333_web_001_5c95,Web
1787476423.687143,146,4,UDP,443,52783,,forward,20260823_144333_web_001_5c95,Web
1787476423.687143,90,4,UDP,443,52783,,forward,20260823_144333_web_001_5c95,Web
1787476423.687143,90,4,UDP,443,52783,,forward,20260823_144333_web_001_5c95,Web
1787476423.687143,90,4,UDP,443,52783,,forward,20260823_144333_web_001_5c95,Web
1787476423.687143,211,4,UDP,443,52783,,forward,20260823_144333_web_001_5c95,Web
1787476423.687143,146,4,UDP,443,52783,,forward,20260823_144333_web_001_5c95,Web
1787476423.687143,276,4,UDP,443,52783,,forward,20260823_144333_web_001_5c95,Web
1787476423.687143,90,4,UDP,443,52783,,forward,20260823_144333_web_001_5c95,Web
1787476423.687143,146,4,UDP,443,52783,,forward,20260823_144333_web_001_5c95,Web
1787476423.687143,90,4,UDP,443,52783,,forward,20260823_144333_web_001_5c95,Web
1787476423.687143,90,4,UDP,443,52783,,forward,20260823_144333_web_001_5c95,Web
1787476423.687143,90,4,UDP,443,52783,,forward,20260823_144333_web_001_5c95,Web
1787476423.687143,146,4,UDP,443,52783,,forward,20260823_144333_web_001_5c95,Web
1787476423.687143,90,4,UDP,443,52783,,forward,20260823_144333_web_001_5c95,Web
1787476423.687143,276,4,UDP,443,52783,,forward,20260823_144333_web_001_5c95,Web
1787476423.687752,89,4,UDP,52783,443,,forward,20260823_144333_web_001_5c95,Web
1787476423.69934,211,4,UDP,443,52783,,forward,20260823_144333_web_001_5c95,Web
1787476423.69934,90,4,UDP,443,52783,,forward,20260823_144333_web_001_5c95,Web
1787476423.69934,90,4,UDP,443,52783,,forward,20260823_144333_web_001_5c95,Web
1787476423.69934,89,4,UDP,443,52783,,forward,20260823_144333_web_001_5c95,Web
1787476423.69934,275,4,UDP,443,52783,,forward,20260823_144333_web_001_5c95,Web
1787476423.69934,235,4,UDP,443,52783,,forward,20260823_144333_web_001_5c95,Web
1787476423.69934,125,4,UDP,443,52783,,forward,20260823_144333_web_001_5c95,Web
1787476423.69934,137,4,UDP,443,52783,,forward,20260823_144333_web_001_5c95,Web
1787476423.699682,89,4,UDP,52783,443,,forward,20260823_144333_web_001_5c95,Web
1787476423.700124,125,4,UDP,52783,443,,forward,20260823_144333_web_001_5c95,Web
1787476423.700557,713,4,UDP,52783,443,,forward,20260823_144333_web_001_5c95,Web
1787476423.749039,88,4,UDP,443,52783,,forward,20260823_144333_web_001_5c95,Web
1787476423.749039,88,4,UDP,443,52783,,forward,20260823_144333_web_001_5c95,Web
1787476423.749039,125,4,UDP,443,52783,,forward,20260823_144333_web_001_5c95,Web
1787476423.749342,88,4,UDP,52783,443,,forward,20260823_144333_web_001_5c95,Web
1787476423.764051,344,4,UDP,443,52783,,forward,20260823_144333_web_001_5c95,Web
1787476423.76429,88,4,UDP,52783,443,,forward,20260823_144333_web_001_5c95,Web
1787476423.765228,886,4,UDP,52783,443,,forward,20260823_144333_web_001_5c95,Web
1787476423.827549,88,4,UDP,443,52783,,forward,20260823_144333_web_001_5c95,Web
1787476423.859691,125,4,UDP,443,52783,,forward,20260823_144333_web_001_5c95,Web
1787476423.859934,88,4,UDP,52783,443,,forward,20260823_144333_web_001_5c95,Web
1787476424.016231,84,4,UDP,52783,443,,forward,20260823_144333_web_001_5c95,Web
1787476424.077288,88,4,UDP,443,52783,,forward,20260823_144333_web_001_5c95,Web
1787476424.372942,145,4,UDP,443,52783,,forward,20260823_144333_web_001_5c95,Web
1787476424.373217,88,4,UDP,52783,443,,forward,20260823_144333_web_001_5c95,Web
1787476424.373325,145,4,UDP,52783,443,,forward,20260823_144333_web_001_5c95,Web
1787476424.435813,88,4,UDP,443,52783,,forward,20260823_144333_web_001_5c95,Web
1787476424.579062,117,4,UDP,52783,443,,forward,20260823_144333_web_001_5c95,Web
1787476424.579173,344,4,UDP,52783,443,,forward,20260823_144333_web_001_5c95,Web
1787476424.640909,88,4,UDP,443,52783,,forward,20260823_144333_web_001_5c95,Web
1787476424.640909,507,4,UDP,443,52783,,forward,20260823_144333_web_001_5c95,Web
1787476424.641227,88,4,UDP,52783,443,,forward,20260823_144333_web_001_5c95,Web
1787476425.334433,921,4,UDP,443,52783,,forward,20260823_144333_web_001_5c95,Web
1787476425.334647,88,4,UDP,52783,443,,forward,20260823_144333_web_001_5c95,Web
1787476425.357265,145,4,UDP,443,52783,,forward,20260823_144333_web_001_5c95,Web
1787476425.357552,88,4,UDP,52783,443,,forward,20260823_144333_web_001_5c95,Web
1787476425.357867,145,4,UDP,52783,443,,forward,20260823_144333_web_001_5c95,Web
1787476425.357921,169,4,UDP,52783,443,,forward,20260823_144333_web_001_5c95,Web
1787476425.358048,145,4,UDP,52783,443,,forward,20260823_144333_web_001_5c95,Web
1787476425.373048,1365,4,UDP,443,52783,,forward,20260823_144333_web_001_5c95,Web
1787476425.373295,88,4,UDP,52783,443,,forward,20260823_144333_web_001_5c95,Web
1787476425.37353,145,4,UDP,52783,443,,forward,20260823_144333_web_001_5c95,Web
1787476425.41816,88,4,UDP,443,52783,,forward,20260823_144333_web_001_5c95,Web
1787476425.41816,210,4,UDP,443,52783,,forward,20260823_144333_web_001_5c95,Web
1787476425.41841,88,4,UDP,52783,443,,forward,20260823_144333_web_001_5c95,Web
1787476425.433096,88,4,UDP,443,52783,,forward,20260823_144333_web_001_5c95,Web
1787476425.433096,291,4,UDP,443,52783,,forward,20260823_144333_web_001_5c95,Web
1787476425.433385,88,4,UDP,52783,443,,forward,20260823_144333_web_001_5c95,Web
1787476425.479691,145,4,UDP,52783,443,,forward,20260823_144333_web_001_5c95,Web
1787476425.541579,88,4,UDP,443,52783,,forward,20260823_144333_web_001_5c95,Web
1787476425.541579,172,4,UDP,443,52783,,forward,20260823_144333_web_001_5c95,Web
1787476425.541987,88,4,UDP,52783,443,,forward,20260823_144333_web_001_5c95,Web
1787476425.543115,1228,4,UDP,52783,443,,forward,20260823_144333_web_001_5c95,Web
1787476425.594868,88,4,UDP,443,52783,,forward,20260823_144333_web_001_5c95,Web
1787476425.594868,145,4,UDP,443,52783,,forward,20260823_144333_web_001_5c95,Web
1787476425.595102,88,4,UDP,52783,443,,forward,20260823_144333_web_001_5c95,Web
1787476425.743741,1365,4,UDP,52783,443,,forward,20260823_144333_web_001_5c95,Web
1787476425.743864,1319,4,UDP,52783,443,,forward,20260823_144333_web_001_5c95,Web
1787476425.743907,1365,4,UDP,52783,443,,forward,20260823_144333_web_001_5c95,Web
1787476425.743937,671,4,UDP,52783,443,,forward,20260823_144333_web_001_5c95,Web
1787476425.743965,1365,4,UDP,52783,443,,forward,20260823_144333_web_001_5c95,Web
1787476425.744006,1365,4,UDP,52783,443,,forward,20260823_144333_web_001_5c95,Web
1787476425.744033,1365,4,UDP,52783,443,,forward,20260823_144333_web_001_5c95,Web
1787476425.744061,1251,4,UDP,52783,443,,forward,20260823_144333_web_001_5c95,Web
1787476425.744087,1365,4,UDP,52783,443,,forward,20260823_144333_web_001_5c95,Web
1787476425.744114,1365,4,UDP,52783,443,,forward,20260823_144333_web_001_5c95,Web
1787476425.74414,1365,4,UDP,52783,443,,forward,20260823_144333_web_001_5c95,Web
1787476425.744167,1365,4,UDP,52783,443,,forward,20260823_144333_web_001_5c95,Web
1787476425.794762,88,4,UDP,443,52783,,forward,20260823_144333_web_001_5c95,Web
1787476425.794762,88,4,UDP,443,52783,,forward,20260823_144333_web_001_5c95,Web
1787476425.794762,145,4,UDP,443,52783,,forward,20260823_144333_web_001_5c95,Web
1787476425.794762,145,4,UDP,443,52783,,forward,20260823_144333_web_001_5c95,Web
1787476425.794762,275,4,UDP,443,52783,,forward,20260823_144333_web_001_5c95,Web
1787476425.794762,340,4,UDP,443,52783,,forward,20260823_144333_web_001_5c95,Web
1787476425.794762,275,4,UDP,443,52783,,forward,20260823_144333_web_001_5c95,Web
1787476425.795051,88,4,UDP,52783,443,,forward,20260823_144333_web_001_5c95,Web
1787476425.795257,1365,4,UDP,52783,443,,forward,20260823_144333_web_001_5c95,Web
1787476425.795319,1365,4,UDP,52783,443,,forward,20260823_144333_web_001_5c95,Web
1787476425.795337,1365,4,UDP,52783,443,,forward,20260823_144333_web_001_5c95,Web
1787476425.795351,1365,4,UDP,52783,443,,forward,20260823_144333_web_001_5c95,Web
1787476425.795367,1365,4,UDP,52783,443,,forward,20260823_144333_web_001_5c95,Web
1787476425.795391,1365,4,UDP,52783,443,,forward,20260823_144333_web_001_5c95,Web
1787476425.795406,1365,4,UDP,52783,443,,forward,20260823_144333_web_001_5c95,Web
1787476425.795422,1365,4,UDP,52783,443,,forward,20260823_144333_web_001_5c95,Web
1787476425.795439,1365,4,UDP,52783,443,,forward,20260823_144333_web_001_5c95,Web
1787476425.795462,1365,4,UDP,52783,443,,forward,20260823_144333_web_001_5c95,Web
1787476425.795482,1365,4,UDP,52783,443,,forward,20260823_144333_web_001_5c95,Web
1787476425.795498,1365,4,UDP,52783,443,,forward,20260823_144333_web_001_5c95,Web
1787476425.795514,1365,4,UDP,52783,443,,forward,20260823_144333_web_001_5c95,Web
1787476425.795529,1365,4,UDP,52783,443,,forward,20260823_144333_web_001_5c95,Web
1787476425.795546,1365,4,UDP,52783,443,,forward,20260823_144333_web_001_5c95,Web
1787476425.795561,1365,4,UDP,52783,443,,forward,20260823_144333_web_001_5c95,Web
1787476425.795579,1365,4,UDP,52783,443,,forward,20260823_144333_web_001_5c95,Web
1787476425.795595,1365,4,UDP,52783,443,,forward,20260823_144333_web_001_5c95,Web
1787476425.795613,1365,4,UDP,52783,443,,forward,20260823_144333_web_001_5c95,Web
1787476425.79563,272,4,UDP,52783,443,,forward,20260823_144333_web_001_5c95,Web
1787476425.795645,1365,4,UDP,52783,443,,forward,20260823_144333_web_001_5c95,Web
1787476425.795663,1365,4,UDP,52783,443,,forward,20260823_144333_web_001_5c95,Web
1787476425.795681,1365,4,UDP,52783,443,,forward,20260823_144333_web_001_5c95,Web
1787476425.795698,1365,4,UDP,52783,443,,forward,20260823_144333_web_001_5c95,Web
1787476425.852261,88,4,UDP,443,52783,,forward,20260823_144333_web_001_5c95,Web
1787476425.852261,88,4,UDP,443,52783,,forward,20260823_144333_web_001_5c95,Web
1787476425.852261,405,4,UDP,443,52783,,forward,20260823_144333_web_001_5c95,Web
1787476425.852261,145,4,UDP,443,52783,,forward,20260823_144333_web_001_5c95,Web
1787476425.852261,145,4,UDP,443,52783,,forward,20260823_144333_web_001_5c95,Web
1787476425.852261,145,4,UDP,443,52783,,forward,20260823_144333_web_001_5c95,Web
1787476425.852261,88,4,UDP,443,52783,,forward,20260823_144333_web_001_5c95,Web
1787476425.852261,88,4,UDP,443,52783,,forward,20260823_144333_web_001_5c95,Web
1787476425.852261,145,4,UDP,443,52783,,forward,20260823_144333_web_001_5c95,Web
1787476425.852261,210,4,UDP,443,52783,,forward,20260823_144333_web_001_5c95,Web
1787476425.852261,145,4,UDP,443,52783,,forward,20260823_144333_web_001_5c95,Web
1787476425.852618,88,4,UDP,52783,443,,forward,20260823_144333_web_001_5c95,Web
1787476425.852963,1365,4,UDP,52783,443,,forward,20260823_144333_web_001_5c95,Web
1787476425.853025,1365,4,UDP,52783,443,,forward,20260823_144333_web_001_5c95,Web
1787476425.853062,1365,4,UDP,52783,443,,forward,20260823_144333_web_001_5c95,Web
1787476425.853089,1365,4,UDP,52783,443,,forward,20260823_144333_web_001_5c95,Web
1787476425.853112,1365,4,UDP,52783,443,,forward,20260823_144333_web_001_5c95,Web
1787476425.853135,1365,4,UDP,52783,443,,forward,20260823_144333_web_001_5c95,Web
1787476425.853157,1365,4,UDP,52783,443,,forward,20260823_144333_web_001_5c95,Web
1787476425.85318,1365,4,UDP,52783,443,,forward,20260823_144333_web_001_5c95,Web
1787476425.853203,1365,4,UDP,52783,443,,forward,20260823_144333_web_001_5c95,Web
1787476425.853226,1365,4,UDP,52783,443,,forward,20260823_144333_web_001_5c95,Web
1787476425.853248,1365,4,UDP,52783,443,,forward,20260823_144333_web_001_5c95,Web
1787476425.853282,1365,4,UDP,52783,443,,forward,20260823_144333_web_001_5c95,Web
1787476425.853305,1365,4,UDP,52783,443,,forward,20260823_144333_web_001_5c95,Web
1787476425.853329,1365,4,UDP,52783,443,,forward,20260823_144333_web_001_5c95,Web
1787476425.853351,1365,4,UDP,52783,443,,forward,20260823_144333_web_001_5c95,Web
1787476425.853373,1365,4,UDP,52783,443,,forward,20260823_144333_web_001_5c95,Web
1787476425.853396,1365,4,UDP,52783,443,,forward,20260823_144333_web_001_5c95,Web
1787476425.853421,1365,4,UDP,52783,443,,forward,20260823_144333_web_001_5c95,Web
1787476425.853443,1365,4,UDP,52783,443,,forward,20260823_144333_web_001_5c95,Web
1787476425.853466,1365,4,UDP,52783,443,,forward,20260823_144333_web_001_5c95,Web
1787476425.853487,1365,4,UDP,52783,443,,forward,20260823_144333_web_001_5c95,Web
1787476425.853517,1365,4,UDP,52783,443,,forward,20260823_144333_web_001_5c95,Web
1787476425.853544,1365,4,UDP,52783,443,,forward,20260823_144333_web_001_5c95,Web
1787476425.853568,1365,4,UDP,52783,443,,forward,20260823_144333_web_001_5c95,Web
1787476425.853592,1365,4,UDP,52783,443,,forward,20260823_144333_web_001_5c95,Web
1787476425.853628,1365,4,UDP,52783,443,,forward,20260823_144333_web_001_5c95,Web
1787476425.853658,1365,4,UDP,52783,443,,forward,20260823_144333_web_001_5c95,Web
1787476425.853687,1365,4,UDP,52783,443,,forward,20260823_144333_web_001_5c95,Web
1787476425.853712,1365,4,UDP,52783,443,,forward,20260823_144333_web_001_5c95,Web
1787476425.853738,1365,4,UDP,52783,443,,forward,20260823_144333_web_001_5c95,Web
1787476425.853765,1365,4,UDP,52783,443,,forward,20260823_144333_web_001_5c95,Web
1787476425.853791,1365,4,UDP,52783,443,,forward,20260823_144333_web_001_5c95,Web
1787476425.853817,1365,4,UDP,52783,443,,forward,20260823_144333_web_001_5c95,Web
1787476425.853844,1365,4,UDP,52783,443,,forward,20260823_144333_web_001_5c95,Web
1787476425.853872,1365,4,UDP,52783,443,,forward,20260823_144333_web_001_5c95,Web
1787476425.853901,1365,4,UDP,52783,443,,forward,20260823_144333_web_001_5c95,Web
1787476425.853926,1365,4,UDP,52783,443,,forward,20260823_144333_web_001_5c95,Web
1787476425.853951,1365,4,UDP,52783,443,,forward,20260823_144333_web_001_5c95,Web
1787476425.853977,1365,4,UDP,52783,443,,forward,20260823_144333_web_001_5c95,Web
1787476425.854003,1365,4,UDP,52783,443,,forward,20260823_144333_web_001_5c95,Web
1787476425.854049,1365,4,UDP,52783,443,,forward,20260823_144333_web_001_5c95,Web
1787476425.854077,1365,4,UDP,52783,443,,forward,20260823_144333_web_001_5c95,Web
1787476425.854104,1365,4,UDP,52783,443,,forward,20260823_144333_web_001_5c95,Web
1787476425.854129,1365,4,UDP,52783,443,,forward,20260823_144333_web_001_5c95,Web
1787476425.854155,1365,4,UDP,52783,443,,forward,20260823_144333_web_001_5c95,Web
1787476425.854183,1365,4,UDP,52783,443,,forward,20260823_144333_web_001_5c95,Web
1787476425.913576,88,4,UDP,443,52783,,forward,20260823_144333_web_001_5c95,Web
1787476425.913576,88,4,UDP,443,52783,,forward,20260823_144333_web_001_5c95,Web
1787476425.913576,275,4,UDP,443,52783,,forward,20260823_144333_web_001_5c95,Web
1787476425.913576,275,4,UDP,443,52783,,forward,20260823_144333_web_001_5c95,Web
1787476425.913576,88,4,UDP,443,52783,,forward,20260823_144333_web_001_5c95,Web
1787476425.913576,88,4,UDP,443,52783,,forward,20260823_144333_web_001_5c95,Web
1787476425.913576,88,4,UDP,443,52783,,forward,20260823_144333_web_001_5c95,Web
1787476425.913576,145,4,UDP,443,52783,,forward,20260823_144333_web_001_5c95,Web
1787476425.913576,405,4,UDP,443,52783,,forward,20260823_144333_web_001_5c95,Web
1787476425.913576,88,4,UDP,443,52783,,forward,20260823_144333_web_001_5c95,Web
1787476425.913576,88,4,UDP,443,52783,,forward,20260823_144333_web_001_5c95,Web
1787476425.913576,88,4,UDP,443,52783,,forward,20260823_144333_web_001_5c95,Web
1787476425.913576,145,4,UDP,443,52783,,forward,20260823_144333_web_001_5c95,Web
1787476425.913576,145,4,UDP,443,52783,,forward,20260823_144333_web_001_5c95,Web
1787476425.913576,275,4,UDP,443,52783,,forward,20260823_144333_web_001_5c95,Web
1787476425.913576,145,4,UDP,443,52783,,forward,20260823_144333_web_001_5c95,Web
1787476425.913576,88,4,UDP,443,52783,,forward,20260823_144333_web_001_5c95,Web
1787476425.913576,88,4,UDP,443,52783,,forward,20260823_144333_web_001_5c95,Web
1787476425.913576,275,4,UDP,443,52783,,forward,20260823_144333_web_001_5c95,Web
1787476425.913576,210,4,UDP,443,52783,,forward,20260823_144333_web_001_5c95,Web
1787476425.913974,88,4,UDP,52783,443,,forward,20260823_144333_web_001_5c95,Web
1787476425.9142,1365,4,UDP,52783,443,,forward,20260823_144333_web_001_5c95,Web
1787476425.914252,1365,4,UDP,52783,443,,forward,20260823_144333_web_001_5c95,Web
1787476425.91428,1365,4,UDP,52783,443,,forward,20260823_144333_web_001_5c95,Web
1787476425.914303,1365,4,UDP,52783,443,,forward,20260823_144333_web_001_5c95,Web
1787476425.914324,1365,4,UDP,52783,443,,forward,20260823_144333_web_001_5c95,Web
1787476425.914345,1365,4,UDP,52783,443,,forward,20260823_144333_web_001_5c95,Web
1787476425.914367,1365,4,UDP,52783,443,,forward,20260823_144333_web_001_5c95,Web
1787476425.914388,1365,4,UDP,52783,443,,forward,20260823_144333_web_001_5c95,Web
1787476425.914412,1365,4,UDP,52783,443,,forward,20260823_144333_web_001_5c95,Web
1787476425.914437,1365,4,UDP,52783,443,,forward,20260823_144333_web_001_5c95,Web
1787476425.914546,1365,4,UDP,52783,443,,forward,20260823_144333_web_001_5c95,Web
1787476425.914583,1365,4,UDP,52783,443,,forward,20260823_144333_web_001_5c95,Web
1787476425.914608,1365,4,UDP,52783,443,,forward,20260823_144333_web_001_5c95,Web
1787476425.914633,1365,4,UDP,52783,443,,forward,20260823_144333_web_001_5c95,Web
1787476425.914675,1365,4,UDP,52783,443,,forward,20260823_144333_web_001_5c95,Web
1787476425.914699,1365,4,UDP,52783,443,,forward,20260823_144333_web_001_5c95,Web
1787476425.914722,1365,4,UDP,52783,443,,forward,20260823_144333_web_001_5c95,Web
1787476425.914745,404,4,UDP,52783,443,,forward,20260823_144333_web_001_5c95,Web
1787476425.914767,1365,4,UDP,52783,443,,forward,20260823_144333_web_001_5c95,Web
1787476425.914789,1365,4,UDP,52783,443,,forward,20260823_144333_web_001_5c95,Web
1787476425.914816,1365,4,UDP,52783,443,,forward,20260823_144333_web_001_5c95,Web
1787476425.91484,1365,4,UDP,52783,443,,forward,20260823_144333_web_001_5c95,Web
1787476425.914864,1365,4,UDP,52783,443,,forward,20260823_144333_web_001_5c95,Web
1787476425.914889,1365,4,UDP,52783,443,,forward,20260823_144333_web_001_5c95,Web
1787476425.914914,1365,4,UDP,52783,443,,forward,20260823_144333_web_001_5c95,Web
1787476425.914937,1365,4,UDP,52783,443,,forward,20260823_144333_web_001_5c95,Web
1787476425.914964,1365,4,UDP,52783,443,,forward,20260823_144333_web_001_5c95,Web
1787476425.914989,1365,4,UDP,52783,443,,forward,20260823_144333_web_001_5c95,Web
1787476425.915014,1365,4,UDP,52783,443,,forward,20260823_144333_web_001_5c95,Web
1787476425.91504,1365,4,UDP,52783,443,,forward,20260823_144333_web_001_5c95,Web
1787476425.915066,1365,4,UDP,52783,443,,forward,20260823_144333_web_001_5c95,Web
1787476425.915091,691,4,UDP,52783,443,,forward,20260823_144333_web_001_5c95,Web
1787476425.915116,1365,4,UDP,52783,443,,forward,20260823_144333_web_001_5c95,Web
1787476425.915142,1365,4,UDP,52783,443,,forward,20260823_144333_web_001_5c95,Web
1787476425.915168,1365,4,UDP,52783,443,,forward,20260823_144333_web_001_5c95,Web
1787476425.915193,1365,4,UDP,52783,443,,forward,20260823_144333_web_001_5c95,Web
1787476425.91522,1365,4,UDP,52783,443,,forward,20260823_144333_web_001_5c95,Web
1787476425.915245,1365,4,UDP,52783,443,,forward,20260823_144333_web_001_5c95,Web
1787476425.915271,1365,4,UDP,52783,443,,forward,20260823_144333_web_001_5c95,Web
1787476425.915307,1365,4,UDP,52783,443,,forward,20260823_144333_web_001_5c95,Web
1787476425.915334,1365,4,UDP,52783,443,,forward,20260823_144333_web_001_5c95,Web
1787476425.91536,1365,4,UDP,52783,443,,forward,20260823_144333_web_001_5c95,Web
1787476425.915639,1365,4,UDP,52783,443,,forward,20260823_144333_web_001_5c95,Web
1787476425.915767,1365,4,UDP,52783,443,,forward,20260823_144333_web_001_5c95,Web
1787476425.915845,1365,4,UDP,52783,443,,forward,20260823_144333_web_001_5c95,Web
1787476425.915898,691,4,UDP,52783,443,,forward,20260823_144333_web_001_5c95,Web
1787476425.915925,1365,4,UDP,52783,443,,forward,20260823_144333_web_001_5c95,Web
1787476425.91595,1365,4,UDP,52783,443,,forward,20260823_144333_web_001_5c95,Web
1787476425.915974,1365,4,UDP,52783,443,,forward,20260823_144333_web_001_5c95,Web
1787476425.915999,1365,4,UDP,52783,443,,forward,20260823_144333_web_001_5c95,Web
1787476425.916059,1365,4,UDP,52783,443,,forward,20260823_144333_web_001_5c95,Web
1787476425.916091,1365,4,UDP,52783,443,,forward,20260823_144333_web_001_5c95,Web
1787476425.926266,1365,4,UDP,52783,443,,forward,20260823_144333_web_001_5c95,Web
1787476425.926366,1365,4,UDP,52783,443,,forward,20260823_144333_web_001_5c95,Web
1787476425.926403,1365,4,UDP,52783,443,,forward,20260823_144333_web_001_5c95,Web
1787476425.926428,1365,4,UDP,52783,443,,forward,20260823_144333_web_001_5c95,Web
1787476425.926451,1365,4,UDP,52783,443,,forward,20260823_144333_web_001_5c95,Web
1787476425.926472,1365,4,UDP,52783,443,,forward,20260823_144333_web_001_5c95,Web
1787476425.926495,1365,4,UDP,52783,443,,forward,20260823_144333_web_001_5c95,Web
1787476425.926517,691,4,UDP,52783,443,,forward,20260823_144333_web_001_5c95,Web
1787476425.926539,1365,4,UDP,52783,443,,forward,20260823_144333_web_001_5c95,Web
1787476425.926561,1365,4,UDP,52783,443,,forward,20260823_144333_web_001_5c95,Web
1787476425.926584,1365,4,UDP,52783,443,,forward,20260823_144333_web_001_5c95,Web
1787476425.926606,1365,4,UDP,52783,443,,forward,20260823_144333_web_001_5c95,Web
1787476425.926631,1365,4,UDP,52783,443,,forward,20260823_144333_web_001_5c95,Web
1787476425.926656,1365,4,UDP,52783,443,,forward,20260823_144333_web_001_5c95,Web
1787476425.926679,1365,4,UDP,52783,443,,forward,20260823_144333_web_001_5c95,Web
1787476425.926703,1365,4,UDP,52783,443,,forward,20260823_144333_web_001_5c95,Web
1787476425.926727,1365,4,UDP,52783,443,,forward,20260823_144333_web_001_5c95,Web
1787476425.926748,1365,4,UDP,52783,443,,forward,20260823_144333_web_001_5c95,Web
1787476425.926772,1365,4,UDP,52783,443,,forward,20260823_144333_web_001_5c95,Web
1787476425.926795,1365,4,UDP,52783,443,,forward,20260823_144333_web_001_5c95,Web
1787476425.926817,1365,4,UDP,52783,443,,forward,20260823_144333_web_001_5c95,Web
1787476425.926839,691,4,UDP,52783,443,,forward,20260823_144333_web_001_5c95,Web
1787476425.92686,1365,4,UDP,52783,443,,forward,20260823_144333_web_001_5c95,Web
1787476425.926886,1365,4,UDP,52783,443,,forward,20260823_144333_web_001_5c95,Web
1787476425.926909,1365,4,UDP,52783,443,,forward,20260823_144333_web_001_5c95,Web
1787476425.926932,1365,4,UDP,52783,443,,forward,20260823_144333_web_001_5c95,Web
1787476425.926954,1365,4,UDP,52783,443,,forward,20260823_144333_web_001_5c95,Web
1787476425.92698,1365,4,UDP,52783,443,,forward,20260823_144333_web_001_5c95,Web
1787476425.927003,1365,4,UDP,52783,443,,forward,20260823_144333_web_001_5c95,Web
1787476425.927027,1365,4,UDP,52783,443,,forward,20260823_144333_web_001_5c95,Web
1787476425.927051,1365,4,UDP,52783,443,,forward,20260823_144333_web_001_5c95,Web
1787476425.927086,1365,4,UDP,52783,443,,forward,20260823_144333_web_001_5c95,Web
1787476425.927111,1365,4,UDP,52783,443,,forward,20260823_144333_web_001_5c95,Web
1787476425.927137,1365,4,UDP,52783,443,,forward,20260823_144333_web_001_5c95,Web
1787476425.927161,1365,4,UDP,52783,443,,forward,20260823_144333_web_001_5c95,Web
1787476425.927185,691,4,UDP,52783,443,,forward,20260823_144333_web_001_5c95,Web
1787476425.92721,1365,4,UDP,52783,443,,forward,20260823_144333_web_001_5c95,Web
1787476425.927236,1365,4,UDP,52783,443,,forward,20260823_144333_web_001_5c95,Web
1787476425.927259,1365,4,UDP,52783,443,,forward,20260823_144333_web_001_5c95,Web
1787476425.927283,1365,4,UDP,52783,443,,forward,20260823_144333_web_001_5c95,Web
1787476425.927306,1365,4,UDP,52783,443,,forward,20260823_144333_web_001_5c95,Web
1787476425.959399,145,4,UDP,443,52783,,forward,20260823_144333_web_001_5c95,Web
1787476425.959665,88,4,UDP,52783,443,,forward,20260823_144333_web_001_5c95,Web
1787476425.959813,1365,4,UDP,52783,443,,forward,20260823_144333_web_001_5c95,Web
1787476425.959863,1365,4,UDP,52783,443,,forward,20260823_144333_web_001_5c95,Web
1787476425.974666,88,4,UDP,443,52783,,forward,20260823_144333_web_001_5c95,Web
1787476425.974666,88,4,UDP,443,52783,,forward,20260823_144333_web_001_5c95,Web
1787476425.974666,145,4,UDP,443,52783,,forward,20260823_144333_web_001_5c95,Web
1787476425.974666,210,4,UDP,443,52783,,forward,20260823_144333_web_001_5c95,Web
1787476425.974666,88,4,UDP,443,52783,,forward,20260823_144333_web_001_5c95,Web
1787476425.974666,88,4,UDP,443,52783,,forward,20260823_144333_web_001_5c95,Web
1787476425.974666,275,4,UDP,443,52783,,forward,20260823_144333_web_001_5c95,Web
1787476425.974666,275,4,UDP,443,52783,,forward,20260823_144333_web_001_5c95,Web
1787476425.974666,88,4,UDP,443,52783,,forward,20260823_144333_web_001_5c95,Web
1787476425.974666,88,4,UDP,443,52783,,forward,20260823_144333_web_001_5c95,Web
1787476425.974666,145,4,UDP,443,52783,,forward,20260823_144333_web_001_5c95,Web
1787476425.974666,210,4,UDP,443,52783,,forward,20260823_144333_web_001_5c95,Web
1787476425.974666,145,4,UDP,443,52783,,forward,20260823_144333_web_001_5c95,Web
1787476425.974666,210,4,UDP,443,52783,,forward,20260823_144333_web_001_5c95,Web
1787476425.974666,210,4,UDP,443,52783,,forward,20260823_144333_web_001_5c95,Web
1787476425.974666,88,4,UDP,443,52783,,forward,20260823_144333_web_001_5c95,Web
1787476425.974666,88,4,UDP,443,52783,,forward,20260823_144333_web_001_5c95,Web
1787476425.974666,340,4,UDP,443,52783,,forward,20260823_144333_web_001_5c95,Web
1787476425.974666,470,4,UDP,443,52783,,forward,20260823_144333_web_001_5c95,Web
1787476425.974666,210,4,UDP,443,52783,,forward,20260823_144333_web_001_5c95,Web
1787476425.974666,88,4,UDP,443,52783,,forward,20260823_144333_web_001_5c95,Web
1787476425.974666,88,4,UDP,443,52783,,forward,20260823_144333_web_001_5c95,Web
1787476425.974666,88,4,UDP,443,52783,,forward,20260823_144333_web_001_5c95,Web
1787476425.974666,145,4,UDP,443,52783,,forward,20260823_144333_web_001_5c95,Web
1787476425.974666,470,4,UDP,443,52783,,forward,20260823_144333_web_001_5c95,Web
1787476425.974666,88,4,UDP,443,52783,,forward,20260823_144333_web_001_5c95,Web
1787476425.974666,340,4,UDP,443,52783,,forward,20260823_144333_web_001_5c95,Web
1787476425.974666,88,4,UDP,443,52783,,forward,20260823_144333_web_001_5c95,Web
1787476425.974666,88,4,UDP,443,52783,,forward,20260823_144333_web_001_5c95,Web
1787476425.974666,340,4,UDP,443,52783,,forward,20260823_144333_web_001_5c95,Web
1787476425.974666,89,4,UDP,443,52783,,forward,20260823_144333_web_001_5c95,Web
1787476425.974666,470,4,UDP,443,52783,,forward,20260823_144333_web_001_5c95,Web
1787476425.974666,210,4,UDP,443,52783,,forward,20260823_144333_web_001_5c95,Web
1787476425.974666,89,4,UDP,443,52783,,forward,20260823_144333_web_001_5c95,Web
1787476425.974666,89,4,UDP,443,52783,,forward,20260823_144333_web_001_5c95,Web
1787476425.974666,89,4,UDP,443,52783,,forward,20260823_144333_web_001_5c95,Web
1787476425.974666,340,4,UDP,443,52783,,forward,20260823_144333_web_001_5c95,Web
1787476425.974666,340,4,UDP,443,52783,,forward,20260823_144333_web_001_5c95,Web
1787476425.974666,89,4,UDP,443,52783,,forward,20260823_144333_web_001_5c95,Web
1787476425.974666,89,4,UDP,443,52783,,forward,20260823_144333_web_001_5c95,Web
1787476425.975027,88,4,UDP,52783,443,,forward,20260823_144333_web_001_5c95,Web
1787476425.975186,1365,4,UDP,52783,443,,forward,20260823_144333_web_001_5c95,Web
1787476425.975257,1365,4,UDP,52783,443,,forward,20260823_144333_web_001_5c95,Web
1787476425.975296,1365,4,UDP,52783,443,,forward,20260823_144333_web_001_5c95,Web
1787476425.975328,1365,4,UDP,52783,443,,forward,20260823_144333_web_001_5c95,Web
1787476425.975366,1365,4,UDP,52783,443,,forward,20260823_144333_web_001_5c95,Web
1787476425.975393,1365,4,UDP,52783,443,,forward,20260823_144333_web_001_5c95,Web
1787476425.975419,1365,4,UDP,52783,443,,forward,20260823_144333_web_001_5c95,Web
1787476425.975443,1365,4,UDP,52783,443,,forward,20260823_144333_web_001_5c95,Web
1787476425.975468,1365,4,UDP,52783,443,,forward,20260823_144333_web_001_5c95,Web
1787476425.975493,1365,4,UDP,52783,443,,forward,20260823_144333_web_001_5c95,Web
1787476425.975517,1365,4,UDP,52783,443,,forward,20260823_144333_web_001_5c95,Web
1787476425.975543,1365,4,UDP,52783,443,,forward,20260823_144333_web_001_5c95,Web
1787476425.97557,1365,4,UDP,52783,443,,forward,20260823_144333_web_001_5c95,Web
1787476425.975595,1365,4,UDP,52783,443,,forward,20260823_144333_web_001_5c95,Web
1787476425.97562,1365,4,UDP,52783,443,,forward,20260823_144333_web_001_5c95,Web
1787476425.975653,1365,4,UDP,52783,443,,forward,20260823_144333_web_001_5c95,Web
1787476425.975684,1365,4,UDP,52783,443,,forward,20260823_144333_web_001_5c95,Web
1787476425.975711,1365,4,UDP,52783,443,,forward,20260823_144333_web_001_5c95,Web
1787476425.975738,1365,4,UDP,52783,443,,forward,20260823_144333_web_001_5c95,Web
1787476425.975763,1237,4,UDP,52783,443,,forward,20260823_144333_web_001_5c95,Web
1787476425.975787,1365,4,UDP,52783,443,,forward,20260823_144333_web_001_5c95,Web
1787476425.975812,1365,4,UDP,52783,443,,forward,20260823_144333_web_001_5c95,Web
1787476425.975838,1365,4,UDP,52783,443,,forward,20260823_144333_web_001_5c95,Web
1787476425.975863,1365,4,UDP,52783,443,,forward,20260823_144333_web_001_5c95,Web
1787476425.975887,1365,4,UDP,52783,443,,forward,20260823_144333_web_001_5c95,Web
1787476425.975911,1365,4,UDP,52783,443,,forward,20260823_144333_web_001_5c95,Web
1787476425.975934,1365,4,UDP,52783,443,,forward,20260823_144333_web_001_5c95,Web
1787476425.975957,1365,4,UDP,52783,443,,forward,20260823_144333_web_001_5c95,Web
1787476425.975982,1365,4,UDP,52783,443,,forward,20260823_144333_web_001_5c95,Web
1787476425.976005,1365,4,UDP,52783,443,,forward,20260823_144333_web_001_5c95,Web
1787476425.976029,1365,4,UDP,52783,443,,forward,20260823_144333_web_001_5c95,Web
1787476425.976052,1365,4,UDP,52783,443,,forward,20260823_144333_web_001_5c95,Web
1787476425.976076,1365,4,UDP,52783,443,,forward,20260823_144333_web_001_5c95,Web
1787476425.976099,691,4,UDP,52783,443,,forward,20260823_144333_web_001_5c95,Web
1787476425.976121,1365,4,UDP,52783,443,,forward,20260823_144333_web_001_5c95,Web
1787476425.976146,1365,4,UDP,52783,443,,forward,20260823_144333_web_001_5c95,Web
1787476425.976173,1365,4,UDP,52783,443,,forward,20260823_144333_web_001_5c95,Web
1787476425.976199,1365,4,UDP,52783,443,,forward,20260823_144333_web_001_5c95,Web
1787476425.976225,1365,4,UDP,52783,443,,forward,20260823_144333_web_001_5c95,Web
1787476425.976267,1365,4,UDP,52783,443,,forward,20260823_144333_web_001_5c95,Web
1787476425.976296,1365,4,UDP,52783,443,,forward,20260823_144333_web_001_5c95,Web
1787476425.976321,1365,4,UDP,52783,443,,forward,20260823_144333_web_001_5c95,Web
1787476425.976347,1365,4,UDP,52783,443,,forward,20260823_144333_web_001_5c95,Web
1787476425.976374,1365,4,UDP,52783,443,,forward,20260823_144333_web_001_5c95,Web
1787476425.976401,1365,4,UDP,52783,443,,forward,20260823_144333_web_001_5c95,Web
1787476425.976426,1365,4,UDP,52783,443,,forward,20260823_144333_web_001_5c95,Web
1787476425.976452,1365,4,UDP,52783,443,,forward,20260823_144333_web_001_5c95,Web
1787476425.976477,1365,4,UDP,52783,443,,forward,20260823_144333_web_001_5c95,Web
1787476425.976502,1365,4,UDP,52783,443,,forward,20260823_144333_web_001_5c95,Web
1787476425.976526,1365,4,UDP,52783,443,,forward,20260823_144333_web_001_5c95,Web
1787476425.976553,1365,4,UDP,52783,443,,forward,20260823_144333_web_001_5c95,Web
1787476425.990125,1365,4,UDP,52783,443,,forward,20260823_144333_web_001_5c95,Web
1787476425.990223,89,4,UDP,443,52783,,forward,20260823_144333_web_001_5c95,Web
1787476425.990223,210,4,UDP,443,52783,,forward,20260823_144333_web_001_5c95,Web
1787476425.990223,145,4,UDP,443,52783,,forward,20260823_144333_web_001_5c95,Web
1787476425.990223,145,4,UDP,443,52783,,forward,20260823_144333_web_001_5c95,Web
1787476425.990223,145,4,UDP,443,52783,,forward,20260823_144333_web_001_5c95,Web
1787476425.990223,89,4,UDP,443,52783,,forward,20260823_144333_web_001_5c95,Web
1787476425.990223,89,4,UDP,443,52783,,forward,20260823_144333_web_001_5c95,Web
1787476425.990223,145,4,UDP,443,52783,,forward,20260823_144333_web_001_5c95,Web
1787476425.990223,340,4,UDP,443,52783,,forward,20260823_144333_web_001_5c95,Web
1787476425.990223,145,4,UDP,443,52783,,forward,20260823_144333_web_001_5c95,Web
1787476425.990223,89,4,UDP,443,52783,,forward,20260823_144333_web_001_5c95,Web
1787476425.990223,275,4,UDP,443,52783,,forward,20260823_144333_web_001_5c95,Web
1787476425.990223,340,4,UDP,443,52783,,forward,20260823_144333_web_001_5c95,Web
1787476425.990223,89,4,UDP,443,52783,,forward,20260823_144333_web_001_5c95,Web
1787476425.990223,145,4,UDP,443,52783,,forward,20260823_144333_web_001_5c95,Web
1787476425.990258,1365,4,UDP,52783,443,,forward,20260823_144333_web_001_5c95,Web
1787476425.990323,1365,4,UDP,52783,443,,forward,20260823_144333_web_001_5c95,Web
1787476425.990358,1365,4,UDP,52783,443,,forward,20260823_144333_web_001_5c95,Web
1787476425.990454,1365,4,UDP,52783,443,,forward,20260823_144333_web_001_5c95,Web
1787476425.990503,1365,4,UDP,52783,443,,forward,20260823_144333_web_001_5c95,Web
1787476425.990523,1365,4,UDP,52783,443,,forward,20260823_144333_web_001_5c95,Web
1787476425.990541,1365,4,UDP,52783,443,,forward,20260823_144333_web_001_5c95,Web
1787476425.990559,1365,4,UDP,52783,443,,forward,20260823_144333_web_001_5c95,Web
1787476425.990574,1365,4,UDP,52783,443,,forward,20260823_144333_web_001_5c95,Web
1787476425.99059,1365,4,UDP,52783,443,,forward,20260823_144333_web_001_5c95,Web
1787476425.99061,1365,4,UDP,52783,443,,forward,20260823_144333_web_001_5c95,Web
1787476425.990668,1365,4,UDP,52783,443,,forward,20260823_144333_web_001_5c95,Web
1787476425.990742,1365,4,UDP,52783,443,,forward,20260823_144333_web_001_5c95,Web
1787476425.990798,1365,4,UDP,52783,443,,forward,20260823_144333_web_001_5c95,Web
1787476425.990828,1365,4,UDP,52783,443,,forward,20260823_144333_web_001_5c95,Web
1787476425.990856,1365,4,UDP,52783,443,,forward,20260823_144333_web_001_5c95,Web
1787476425.99088,1365,4,UDP,52783,443,,forward,20260823_144333_web_001_5c95,Web
1787476425.990906,1365,4,UDP,52783,443,,forward,20260823_144333_web_001_5c95,Web
1787476425.990999,1365,4,UDP,52783,443,,forward,20260823_144333_web_001_5c95,Web
1787476425.991081,1365,4,UDP,52783,443,,forward,20260823_144333_web_001_5c95,Web
1787476425.991121,1365,4,UDP,52783,443,,forward,20260823_144333_web_001_5c95,Web
1787476425.991151,1365,4,UDP,52783,443,,forward,20260823_144333_web_001_5c95,Web
1787476425.991177,1365,4,UDP,52783,443,,forward,20260823_144333_web_001_5c95,Web
1787476425.991202,1365,4,UDP,52783,443,,forward,20260823_144333_web_001_5c95,Web
1787476425.991228,1365,4,UDP,52783,443,,forward,20260823_144333_web_001_5c95,Web
1787476425.991253,1365,4,UDP,52783,443,,forward,20260823_144333_web_001_5c95,Web
1787476425.991278,1365,4,UDP,52783,443,,forward,20260823_144333_web_001_5c95,Web
1787476425.991303,1365,4,UDP,52783,443,,forward,20260823_144333_web_001_5c95,Web
1787476425.991327,1365,4,UDP,52783,443,,forward,20260823_144333_web_001_5c95,Web
1787476425.991351,1365,4,UDP,52783,443,,forward,20260823_144333_web_001_5c95,Web
1787476425.991378,1365,4,UDP,52783,443,,forward,20260823_144333_web_001_5c95,Web
1787476425.991402,1365,4,UDP,52783,443,,forward,20260823_144333_web_001_5c95,Web
1787476425.991425,1365,4,UDP,52783,443,,forward,20260823_144333_web_001_5c95,Web
1787476425.99145,1365,4,UDP,52783,443,,forward,20260823_144333_web_001_5c95,Web
1787476425.991474,1365,4,UDP,52783,443,,forward,20260823_144333_web_001_5c95,Web
1787476425.991497,1365,4,UDP,52783,443,,forward,20260823_144333_web_001_5c95,Web
1787476425.991521,1365,4,UDP,52783,443,,forward,20260823_144333_web_001_5c95,Web
1787476425.991544,1365,4,UDP,52783,443,,forward,20260823_144333_web_001_5c95,Web
1787476425.991569,1365,4,UDP,52783,443,,forward,20260823_144333_web_001_5c95,Web
1787476425.991592,1365,4,UDP,52783,443,,forward,20260823_144333_web_001_5c95,Web
1787476425.991615,1365,4,UDP,52783,443,,forward,20260823_144333_web_001_5c95,Web
1787476425.991673,1365,4,UDP,52783,443,,forward,20260823_144333_web_001_5c95,Web
1787476425.991704,1365,4,UDP,52783,443,,forward,20260823_144333_web_001_5c95,Web
1787476425.991729,1365,4,UDP,52783,443,,forward,20260823_144333_web_001_5c95,Web
1787476425.991754,1365,4,UDP,52783,443,,forward,20260823_144333_web_001_5c95,Web
1787476425.99178,1365,4,UDP,52783,443,,forward,20260823_144333_web_001_5c95,Web
1787476425.991808,1365,4,UDP,52783,443,,forward,20260823_144333_web_001_5c95,Web
1787476425.991832,1365,4,UDP,52783,443,,forward,20260823_144333_web_001_5c95,Web
1787476425.991858,1365,4,UDP,52783,443,,forward,20260823_144333_web_001_5c95,Web
1787476425.992932,1365,4,UDP,52783,443,,forward,20260823_144333_web_001_5c95,Web
1787476425.99301,1365,4,UDP,52783,443,,forward,20260823_144333_web_001_5c95,Web
1787476425.993041,1365,4,UDP,52783,443,,forward,20260823_144333_web_001_5c95,Web
1787476425.993065,1365,4,UDP,52783,443,,forward,20260823_144333_web_001_5c95,Web
1787476425.993088,1365,4,UDP,52783,443,,forward,20260823_144333_web_001_5c95,Web
1787476425.99311,1365,4,UDP,52783,443,,forward,20260823_144333_web_001_5c95,Web
1787476425.993136,1366,4,UDP,52783,443,,forward,20260823_144333_web_001_5c95,Web
1787476425.993162,1366,4,UDP,52783,443,,forward,20260823_144333_web_001_5c95,Web
1787476426.005576,1366,4,UDP,52783,443,,forward,20260823_144333_web_001_5c95,Web
1787476426.005707,1366,4,UDP,52783,443,,forward,20260823_144333_web_001_5c95,Web
1787476426.005769,1366,4,UDP,52783,443,,forward,20260823_144333_web_001_5c95,Web
1787476426.005837,1366,4,UDP,52783,443,,forward,20260823_144333_web_001_5c95,Web
1787476426.005861,1366,4,UDP,52783,443,,forward,20260823_144333_web_001_5c95,Web
1787476426.005877,982,4,UDP,52783,443,,forward,20260823_144333_web_001_5c95,Web
1787476426.005892,1366,4,UDP,52783,443,,forward,20260823_144333_web_001_5c95,Web
1787476426.005906,1366,4,UDP,52783,443,,forward,20260823_144333_web_001_5c95,Web
1787476426.00592,1366,4,UDP,52783,443,,forward,20260823_144333_web_001_5c95,Web
1787476426.005934,1366,4,UDP,52783,443,,forward,20260823_144333_web_001_5c95,Web
1787476426.005949,1366,4,UDP,52783,443,,forward,20260823_144333_web_001_5c95,Web
1787476426.005966,1366,4,UDP,52783,443,,forward,20260823_144333_web_001_5c95,Web
1787476426.005997,1366,4,UDP,52783,443,,forward,20260823_144333_web_001_5c95,Web
1787476426.006023,1366,4,UDP,52783,443,,forward,20260823_144333_web_001_5c95,Web
1787476426.006049,1366,4,UDP,52783,443,,forward,20260823_144333_web_001_5c95,Web
1787476426.006074,1366,4,UDP,52783,443,,forward,20260823_144333_web_001_5c95,Web
1787476426.006095,1366,4,UDP,52783,443,,forward,20260823_144333_web_001_5c95,Web
1787476426.006116,1366,4,UDP,52783,443,,forward,20260823_144333_web_001_5c95,Web
1787476426.006135,1366,4,UDP,52783,443,,forward,20260823_144333_web_001_5c95,Web
1787476426.006154,692,4,UDP,52783,443,,forward,20260823_144333_web_001_5c95,Web
1787476426.006172,1366,4,UDP,52783,443,,forward,20260823_144333_web_001_5c95,Web
1787476426.006196,1366,4,UDP,52783,443,,forward,20260823_144333_web_001_5c95,Web
1787476426.006216,1366,4,UDP,52783,443,,forward,20260823_144333_web_001_5c95,Web
1787476426.006239,1366,4,UDP,52783,443,,forward,20260823_144333_web_001_5c95,Web
1787476426.006283,1366,4,UDP,52783,443,,forward,20260823_144333_web_001_5c95,Web
1787476426.006323,1366,4,UDP,52783,443,,forward,20260823_144333_web_001_5c95,Web
1787476426.00635,1366,4,UDP,52783,443,,forward,20260823_144333_web_001_5c95,Web
1787476426.006374,1366,4,UDP,52783,443,,forward,20260823_144333_web_001_5c95,Web
1787476426.006401,1366,4,UDP,52783,443,,forward,20260823_144333_web_001_5c95,Web
1787476426.006422,1366,4,UDP,52783,443,,forward,20260823_144333_web_001_5c95,Web
1787476426.006516,89,4,UDP,52783,443,,forward,20260823_144333_web_001_5c95,Web
1787476426.006816,1366,4,UDP,52783,443,,forward,20260823_144333_web_001_5c95,Web
1787476426.006889,1366,4,UDP,52783,443,,forward,20260823_144333_web_001_5c95,Web
1787476426.006926,1366,4,UDP,52783,443,,forward,20260823_144333_web_001_5c95,Web
1787476426.006953,1366,4,UDP,52783,443,,forward,20260823_144333_web_001_5c95,Web
1787476426.006978,1366,4,UDP,52783,443,,forward,20260823_144333_web_001_5c95,Web
1787476426.007003,1366,4,UDP,52783,443,,forward,20260823_144333_web_001_5c95,Web
1787476426.00703,1366,4,UDP,52783,443,,forward,20260823_144333_web_001_5c95,Web
1787476426.007056,1366,4,UDP,52783,443,,forward,20260823_144333_web_001_5c95,Web
1787476426.007448,1366,4,UDP,52783,443,,forward,20260823_144333_web_001_5c95,Web
1787476426.007532,1366,4,UDP,52783,443,,forward,20260823_144333_web_001_5c95,Web
1787476426.007565,1366,4,UDP,52783,443,,forward,20260823_144333_web_001_5c95,Web
1787476426.007599,1366,4,UDP,52783,443,,forward,20260823_144333_web_001_5c95,Web
1787476426.007627,1366,4,UDP,52783,443,,forward,20260823_144333_web_001_5c95,Web
1787476426.007653,1366,4,UDP,52783,443,,forward,20260823_144333_web_001_5c95,Web
1787476426.007679,1366,4,UDP,52783,443,,forward,20260823_144333_web_001_5c95,Web
1787476426.007714,1366,4,UDP,52783,443,,forward,20260823_144333_web_001_5c95,Web
1787476426.007738,1366,4,UDP,52783,443,,forward,20260823_144333_web_001_5c95,Web
1787476426.007762,1366,4,UDP,52783,443,,forward,20260823_144333_web_001_5c95,Web
1787476426.007785,1366,4,UDP,52783,443,,forward,20260823_144333_web_001_5c95,Web
1787476426.007809,1366,4,UDP,52783,443,,forward,20260823_144333_web_001_5c95,Web
1787476426.007848,1366,4,UDP,52783,443,,forward,20260823_144333_web_001_5c95,Web
1787476426.020314,1366,4,UDP,52783,443,,forward,20260823_144333_web_001_5c95,Web
1787476426.02033,89,4,UDP,443,52783,,forward,20260823_144333_web_001_5c95,Web
1787476426.02033,145,4,UDP,443,52783,,forward,20260823_144333_web_001_5c95,Web
1787476426.02033,145,4,UDP,443,52783,,forward,20260823_144333_web_001_5c95,Web
1787476426.020425,1366,4,UDP,52783,443,,forward,20260823_144333_web_001_5c95,Web
1787476426.02046,1366,4,UDP,52783,443,,forward,20260823_144333_web_001_5c95,Web
1787476426.020485,1366,4,UDP,52783,443,,forward,20260823_144333_web_001_5c95,Web
1787476426.020503,1366,4,UDP,52783,443,,forward,20260823_144333_web_001_5c95,Web
1787476426.020516,1366,4,UDP,52783,443,,forward,20260823_144333_web_001_5c95,Web
1787476426.02053,1366,4,UDP,52783,443,,forward,20260823_144333_web_001_5c95,Web
1787476426.020542,1366,4,UDP,52783,443,,forward,20260823_144333_web_001_5c95,Web
1787476426.020556,1366,4,UDP,52783,443,,forward,20260823_144333_web_001_5c95,Web
1787476426.02057,1260,4,UDP,52783,443,,forward,20260823_144333_web_001_5c95,Web
1787476426.020586,1366,4,UDP,52783,443,,forward,20260823_144333_web_001_5c95,Web
1787476426.020599,1366,4,UDP,52783,443,,forward,20260823_144333_web_001_5c95,Web
1787476426.020618,1366,4,UDP,52783,443,,forward,20260823_144333_web_001_5c95,Web
1787476426.020631,1366,4,UDP,52783,443,,forward,20260823_144333_web_001_5c95,Web
1787476426.020644,1366,4,UDP,52783,443,,forward,20260823_144333_web_001_5c95,Web
1787476426.020658,1366,4,UDP,52783,443,,forward,20260823_144333_web_001_5c95,Web
1787476426.020807,89,4,UDP,52783,443,,forward,20260823_144333_web_001_5c95,Web
1787476426.020958,1366,4,UDP,52783,443,,forward,20260823_144333_web_001_5c95,Web
1787476426.021009,1366,4,UDP,52783,443,,forward,20260823_144333_web_001_5c95,Web
1787476426.021036,1366,4,UDP,52783,443,,forward,20260823_144333_web_001_5c95,Web
1787476426.021059,1366,4,UDP,52783,443,,forward,20260823_144333_web_001_5c95,Web
1787476426.0259,88,4,UDP,443,52783,,forward,20260823_144333_web_001_5c95,Web
1787476426.0259,88,4,UDP,443,52783,,forward,20260823_144333_web_001_5c95,Web
1787476426.0259,535,4,UDP,443,52783,,forward,20260823_144333_web_001_5c95,Web
1787476426.0259,210,4,UDP,443,52783,,forward,20260823_144333_web_001_5c95,Web
1787476426.0259,210,4,UDP,443,52783,,forward,20260823_144333_web_001_5c95,Web
1787476426.02615,89,4,UDP,52783,443,,forward,20260823_144333_web_001_5c95,Web
1787476426.026404,1366,4,UDP,52783,443,,forward,20260823_144333_web_001_5c95,Web
1787476426.026455,1366,4,UDP,52783,443,,forward,20260823_144333_web_001_5c95,Web
1787476426.026486,1366,4,UDP,52783,443,,forward,20260823_144333_web_001_5c95,Web
1787476426.026508,1366,4,UDP,52783,443,,forward,20260823_144333_web_001_5c95,Web
1787476426.026529,1366,4,UDP,52783,443,,forward,20260823_144333_web_001_5c95,Web
1787476426.026559,1366,4,UDP,52783,443,,forward,20260823_144333_web_001_5c95,Web
1787476426.026592,1366,4,UDP,52783,443,,forward,20260823_144333_web_001_5c95,Web
1787476426.026614,1366,4,UDP,52783,443,,forward,20260823_144333_web_001_5c95,Web
1787476426.026638,1366,4,UDP,52783,443,,forward,20260823_144333_web_001_5c95,Web
1787476426.02666,1366,4,UDP,52783,443,,forward,20260823_144333_web_001_5c95,Web
1787476426.026683,1366,4,UDP,52783,443,,forward,20260823_144333_web_001_5c95,Web
1787476426.026705,1366,4,UDP,52783,443,,forward,20260823_144333_web_001_5c95,Web
1787476426.026727,1366,4,UDP,52783,443,,forward,20260823_144333_web_001_5c95,Web
1787476426.026751,1366,4,UDP,52783,443,,forward,20260823_144333_web_001_5c95,Web
1787476426.026773,1366,4,UDP,52783,443,,forward,20260823_144333_web_001_5c95,Web
1787476426.026796,1366,4,UDP,52783,443,,forward,20260823_144333_web_001_5c95,Web
1787476426.026818,1366,4,UDP,52783,443,,forward,20260823_144333_web_001_5c95,Web
1787476426.026841,1366,4,UDP,52783,443,,forward,20260823_144333_web_001_5c95,Web
1787476426.026864,1366,4,UDP,52783,443,,forward,20260823_144333_web_001_5c95,Web
1787476426.02689,1366,4,UDP,52783,443,,forward,20260823_144333_web_001_5c95,Web
1787476426.026914,1366,4,UDP,52783,443,,forward,20260823_144333_web_001_5c95,Web
1787476426.02694,1366,4,UDP,52783,443,,forward,20260823_144333_web_001_5c95,Web
1787476426.035787,88,4,UDP,443,52783,,forward,20260823_144333_web_001_5c95,Web
1787476426.035787,88,4,UDP,443,52783,,forward,20260823_144333_web_001_5c95,Web
1787476426.035787,88,4,UDP,443,52783,,forward,20260823_144333_web_001_5c95,Web
1787476426.035787,145,4,UDP,443,52783,,forward,20260823_144333_web_001_5c95,Web
1787476426.035787,535,4,UDP,443,52783,,forward,20260823_144333_web_001_5c95,Web
1787476426.035787,340,4,UDP,443,52783,,forward,20260823_144333_web_001_5c95,Web
1787476426.035787,88,4,UDP,443,52783,,forward,20260823_144333_web_001_5c95,Web
1787476426.035787,88,4,UDP,443,52783,,forward,20260823_144333_web_001_5c95,Web
1787476426.035787,340,4,UDP,443,52783,,forward,20260823_144333_web_001_5c95,Web
1787476426.035787,535,4,UDP,443,52783,,forward,20260823_144333_web_001_5c95,Web
1787476426.035787,145,4,UDP,443,52783,,forward,20260823_144333_web_001_5c95,Web
1787476426.035787,88,4,UDP,443,52783,,forward,20260823_144333_web_001_5c95,Web
1787476426.035787,89,4,UDP,443,52783,,forward,20260823_144333_web_001_5c95,Web
1787476426.035787,145,4,UDP,443,52783,,forward,20260823_144333_web_001_5c95,Web
1787476426.035787,340,4,UDP,443,52783,,forward,20260823_144333_web_001_5c95,Web
1787476426.035787,275,4,UDP,443,52783,,forward,20260823_144333_web_001_5c95,Web
1787476426.035787,340,4,UDP,443,52783,,forward,20260823_144333_web_001_5c95,Web
1787476426.036154,89,4,UDP,52783,443,,forward,20260823_144333_web_001_5c95,Web
1787476426.036483,1366,4,UDP,52783,443,,forward,20260823_144333_web_001_5c95,Web
1787476426.036546,1366,4,UDP,52783,443,,forward,20260823_144333_web_001_5c95,Web
1787476426.036577,1366,4,UDP,52783,443,,forward,20260823_144333_web_001_5c95,Web
1787476426.036603,1366,4,UDP,52783,443,,forward,20260823_144333_web_001_5c95,Web
1787476426.03663,1366,4,UDP,52783,443,,forward,20260823_144333_web_001_5c95,Web
1787476426.036655,1366,4,UDP,52783,443,,forward,20260823_144333_web_001_5c95,Web
1787476426.036677,1366,4,UDP,52783,443,,forward,20260823_144333_web_001_5c95,Web
1787476426.036701,1366,4,UDP,52783,443,,forward,20260823_144333_web_001_5c95,Web
1787476426.036724,1366,4,UDP,52783,443,,forward,20260823_144333_web_001_5c95,Web
1787476426.036746,1366,4,UDP,52783,443,,forward,20260823_144333_web_001_5c95,Web
1787476426.036768,1366,4,UDP,52783,443,,forward,20260823_144333_web_001_5c95,Web
1787476426.036792,1366,4,UDP,52783,443,,forward,20260823_144333_web_001_5c95,Web
1787476426.036815,1366,4,UDP,52783,443,,forward,20260823_144333_web_001_5c95,Web
1787476426.036838,1366,4,UDP,52783,443,,forward,20260823_144333_web_001_5c95,Web
1787476426.036864,1366,4,UDP,52783,443,,forward,20260823_144333_web_001_5c95,Web
1787476426.036886,1366,4,UDP,52783,443,,forward,20260823_144333_web_001_5c95,Web
1787476426.036909,1366,4,UDP,52783,443,,forward,20260823_144333_web_001_5c95,Web
1787476426.036932,1366,4,UDP,52783,443,,forward,20260823_144333_web_001_5c95,Web
1787476426.036955,1366,4,UDP,52783,443,,forward,20260823_144333_web_001_5c95,Web
1787476426.036978,1366,4,UDP,52783,443,,forward,20260823_144333_web_001_5c95,Web
1787476426.037002,1366,4,UDP,52783,443,,forward,20260823_144333_web_001_5c95,Web
1787476426.037028,1110,4,UDP,52783,443,,forward,20260823_144333_web_001_5c95,Web
1787476426.037049,1366,4,UDP,52783,443,,forward,20260823_144333_web_001_5c95,Web
1787476426.037072,1366,4,UDP,52783,443,,forward,20260823_144333_web_001_5c95,Web
1787476426.037096,1366,4,UDP,52783,443,,forward,20260823_144333_web_001_5c95,Web
1787476426.037119,1366,4,UDP,52783,443,,forward,20260823_144333_web_001_5c95,Web
1787476426.037143,1366,4,UDP,52783,443,,forward,20260823_144333_web_001_5c95,Web
1787476426.037167,1366,4,UDP,52783,443,,forward,20260823_144333_web_001_5c95,Web
1787476426.037189,1366,4,UDP,52783,443,,forward,20260823_144333_web_001_5c95,Web
1787476426.037212,1366,4,UDP,52783,443,,forward,20260823_144333_web_001_5c95,Web
1787476426.037238,1366,4,UDP,52783,443,,forward,20260823_144333_web_001_5c95,Web
1787476426.037261,1366,4,UDP,52783,443,,forward,20260823_144333_web_001_5c95,Web
1787476426.037283,1366,4,UDP,52783,443,,forward,20260823_144333_web_001_5c95,Web
1787476426.037305,1366,4,UDP,52783,443,,forward,20260823_144333_web_001_5c95,Web
1787476426.037328,1366,4,UDP,52783,443,,forward,20260823_144333_web_001_5c95,Web
1787476426.03735,1366,4,UDP,52783,443,,forward,20260823_144333_web_001_5c95,Web
1787476426.037373,1366,4,UDP,52783,443,,forward,20260823_144333_web_001_5c95,Web
1787476426.037396,1366,4,UDP,52783,443,,forward,20260823_144333_web_001_5c95,Web
1787476426.037418,1366,4,UDP,52783,443,,forward,20260823_144333_web_001_5c95,Web
1787476426.037441,1366,4,UDP,52783,443,,forward,20260823_144333_web_001_5c95,Web
1787476426.037464,1366,4,UDP,52783,443,,forward,20260823_144333_web_001_5c95,Web
1787476426.037486,1366,4,UDP,52783,443,,forward,20260823_144333_web_001_5c95,Web
1787476426.037511,1366,4,UDP,52783,443,,forward,20260823_144333_web_001_5c95,Web
1787476426.037534,1366,4,UDP,52783,443,,forward,20260823_144333_web_001_5c95,Web
1787476426.037568,1366,4,UDP,52783,443,,forward,20260823_144333_web_001_5c95,Web
1787476426.037592,1366,4,UDP,52783,443,,forward,20260823_144333_web_001_5c95,Web
1787476426.037615,1366,4,UDP,52783,443,,forward,20260823_144333_web_001_5c95,Web
1787476426.037639,1366,4,UDP,52783,443,,forward,20260823_144333_web_001_5c95,Web
1787476426.037661,1366,4,UDP,52783,443,,forward,20260823_144333_web_001_5c95,Web
1787476426.037685,1366,4,UDP,52783,443,,forward,20260823_144333_web_001_5c95,Web
1787476426.05118,1366,4,UDP,52783,443,,forward,20260823_144333_web_001_5c95,Web
1787476426.051294,1366,4,UDP,52783,443,,forward,20260823_144333_web_001_5c95,Web
1787476426.051319,1366,4,UDP,52783,443,,forward,20260823_144333_web_001_5c95,Web
1787476426.051336,1366,4,UDP,52783,443,,forward,20260823_144333_web_001_5c95,Web
1787476426.051351,1366,4,UDP,52783,443,,forward,20260823_144333_web_001_5c95,Web
1787476426.051365,1366,4,UDP,52783,443,,forward,20260823_144333_web_001_5c95,Web
1787476426.051379,1366,4,UDP,52783,443,,forward,20260823_144333_web_001_5c95,Web
1787476426.051394,1366,4,UDP,52783,443,,forward,20260823_144333_web_001_5c95,Web
1787476426.051412,1366,4,UDP,52783,443,,forward,20260823_144333_web_001_5c95,Web
1787476426.05143,1366,4,UDP,52783,443,,forward,20260823_144333_web_001_5c95,Web
1787476426.051445,1366,4,UDP,52783,443,,forward,20260823_144333_web_001_5c95,Web
1787476426.051462,1366,4,UDP,52783,443,,forward,20260823_144333_web_001_5c95,Web
1787476426.051477,1366,4,UDP,52783,443,,forward,20260823_144333_web_001_5c95,Web
1787476426.051494,1366,4,UDP,52783,443,,forward,20260823_144333_web_001_5c95,Web
1787476426.051511,1366,4,UDP,52783,443,,forward,20260823_144333_web_001_5c95,Web
1787476426.051425,89,4,UDP,443,52783,,forward,20260823_144333_web_001_5c95,Web
1787476426.051425,89,4,UDP,443,52783,,forward,20260823_144333_web_001_5c95,Web
1787476426.051425,89,4,UDP,443,52783,,forward,20260823_144333_web_001_5c95,Web
1787476426.051527,1366,4,UDP,52783,443,,forward,20260823_144333_web_001_5c95,Web
1787476426.051425,89,4,UDP,443,52783,,forward,20260823_144333_web_001_5c95,Web
1787476426.051425,340,4,UDP,443,52783,,forward,20260823_144333_web_001_5c95,Web
1787476426.051425,89,4,UDP,443,52783,,forward,20260823_144333_web_001_5c95,Web
1787476426.051425,145,4,UDP,443,52783,,forward,20260823_144333_web_001_5c95,Web
1787476426.051425,210,4,UDP,443,52783,,forward,20260823_144333_web_001_5c95,Web
1787476426.051425,405,4,UDP,443,52783,,forward,20260823_144333_web_001_5c95,Web
1787476426.051425,89,4,UDP,443,52783,,forward,20260823_144333_web_001_5c95,Web
1787476426.051425,210,4,UDP,443,52783,,forward,20260823_144333_web_001_5c95,Web
1787476426.051425,210,4,UDP,443,52783,,forward,20260823_144333_web_001_5c95,Web
1787476426.051425,89,4,UDP,443,52783,,forward,20260823_144333_web_001_5c95,Web
1787476426.051425,89,4,UDP,443,52783,,forward,20260823_144333_web_001_5c95,Web
1787476426.051425,89,4,UDP,443,52783,,forward,20260823_144333_web_001_5c95,Web
1787476426.051425,340,4,UDP,443,52783,,forward,20260823_144333_web_001_5c95,Web
1787476426.051425,89,4,UDP,443,52783,,forward,20260823_144333_web_001_5c95,Web
1787476426.051425,145,4,UDP,443,52783,,forward,20260823_144333_web_001_5c95,Web
1787476426.051425,275,4,UDP,443,52783,,forward,20260823_144333_web_001_5c95,Web
1787476426.051425,275,4,UDP,443,52783,,forward,20260823_144333_web_001_5c95,Web
1787476426.051425,145,4,UDP,443,52783,,forward,20260823_144333_web_001_5c95,Web
1787476426.051425,89,4,UDP,443,52783,,forward,20260823_144333_web_001_5c95,Web
1787476426.051425,89,4,UDP,443,52783,,forward,20260823_144333_web_001_5c95,Web
1787476426.051425,89,4,UDP,443,52783,,forward,20260823_144333_web_001_5c95,Web
1787476426.051425,89,4,UDP,443,52783,,forward,20260823_144333_web_001_5c95,Web
1787476426.051425,210,4,UDP,443,52783,,forward,20260823_144333_web_001_5c95,Web
1787476426.051425,145,4,UDP,443,52783,,forward,20260823_144333_web_001_5c95,Web
1787476426.051425,89,4,UDP,443,52783,,forward,20260823_144333_web_001_5c95,Web
1787476426.051425,145,4,UDP,443,52783,,forward,20260823_144333_web_001_5c95,Web
1787476426.051425,89,4,UDP,443,52783,,forward,20260823_144333_web_001_5c95,Web
1787476426.051425,89,4,UDP,443,52783,,forward,20260823_144333_web_001_5c95,Web
1787476426.051425,275,4,UDP,443,52783,,forward,20260823_144333_web_001_5c95,Web
1787476426.051425,405,4,UDP,443,52783,,forward,20260823_144333_web_001_5c95,Web
1787476426.051425,89,4,UDP,443,52783,,forward,20260823_144333_web_001_5c95,Web
1787476426.051425,89,4,UDP,443,52783,,forward,20260823_144333_web_001_5c95,Web
1787476426.051425,275,4,UDP,443,52783,,forward,20260823_144333_web_001_5c95,Web
1787476426.051425,210,4,UDP,443,52783,,forward,20260823_144333_web_001_5c95,Web
1787476426.051425,89,4,UDP,443,52783,,forward,20260823_144333_web_001_5c95,Web
1787476426.051425,405,4,UDP,443,52783,,forward,20260823_144333_web_001_5c95,Web
1787476426.051425,210,4,UDP,443,52783,,forward,20260823_144333_web_001_5c95,Web
1787476426.051425,89,4,UDP,443,52783,,forward,20260823_144333_web_001_5c95,Web
1787476426.051425,275,4,UDP,443,52783,,forward,20260823_144333_web_001_5c95,Web
1787476426.051425,145,4,UDP,443,52783,,forward,20260823_144333_web_001_5c95,Web
1787476426.051547,1366,4,UDP,52783,443,,forward,20260823_144333_web_001_5c95,Web
1787476426.051579,1366,4,UDP,52783,443,,forward,20260823_144333_web_001_5c95,Web
1787476426.051609,1366,4,UDP,52783,443,,forward,20260823_144333_web_001_5c95,Web
1787476426.051627,1366,4,UDP,52783,443,,forward,20260823_144333_web_001_5c95,Web
1787476426.051902,90,4,UDP,52783,443,,forward,20260823_144333_web_001_5c95,Web
1787476426.05208,1366,4,UDP,52783,443,,forward,20260823_144333_web_001_5c95,Web
1787476426.052136,1366,4,UDP,52783,443,,forward,20260823_144333_web_001_5c95,Web
1787476426.052159,1366,4,UDP,52783,443,,forward,20260823_144333_web_001_5c95,Web
1787476426.052176,1366,4,UDP,52783,443,,forward,20260823_144333_web_001_5c95,Web
1787476426.052192,1366,4,UDP,52783,443,,forward,20260823_144333_web_001_5c95,Web
1787476426.052208,1366,4,UDP,52783,443,,forward,20260823_144333_web_001_5c95,Web
1787476426.052231,1366,4,UDP,52783,443,,forward,20260823_144333_web_001_5c95,Web
1787476426.052247,1366,4,UDP,52783,443,,forward,20260823_144333_web_001_5c95,Web
1787476426.052264,1366,4,UDP,52783,443,,forward,20260823_144333_web_001_5c95,Web
1787476426.05228,1366,4,UDP,52783,443,,forward,20260823_144333_web_001_5c95,Web
1787476426.052298,1366,4,UDP,52783,443,,forward,20260823_144333_web_001_5c95,Web
1787476426.052316,1366,4,UDP,52783,443,,forward,20260823_144333_web_001_5c95,Web
1787476426.052333,1366,4,UDP,52783,443,,forward,20260823_144333_web_001_5c95,Web
1787476426.05235,1366,4,UDP,52783,443,,forward,20260823_144333_web_001_5c95,Web
1787476426.052367,1366,4,UDP,52783,443,,forward,20260823_144333_web_001_5c95,Web
1787476426.052383,1366,4,UDP,52783,443,,forward,20260823_144333_web_001_5c95,Web
1787476426.0524,1366,4,UDP,52783,443,,forward,20260823_144333_web_001_5c95,Web
1787476426.05242,1366,4,UDP,52783,443,,forward,20260823_144333_web_001_5c95,Web
1787476426.052441,1238,4,UDP,52783,443,,forward,20260823_144333_web_001_5c95,Web
1787476426.052462,1366,4,UDP,52783,443,,forward,20260823_144333_web_001_5c95,Web
1787476426.052485,1366,4,UDP,52783,443,,forward,20260823_144333_web_001_5c95,Web
1787476426.052511,1366,4,UDP,52783,443,,forward,20260823_144333_web_001_5c95,Web
1787476426.052534,1366,4,UDP,52783,443,,forward,20260823_144333_web_001_5c95,Web
1787476426.052556,1366,4,UDP,52783,443,,forward,20260823_144333_web_001_5c95,Web
1787476426.052578,1366,4,UDP,52783,443,,forward,20260823_144333_web_001_5c95,Web
1787476426.052602,1366,4,UDP,52783,443,,forward,20260823_144333_web_001_5c95,Web
1787476426.052625,1366,4,UDP,52783,443,,forward,20260823_144333_web_001_5c95,Web
1787476426.052655,1366,4,UDP,52783,443,,forward,20260823_144333_web_001_5c95,Web
1787476426.05268,1366,4,UDP,52783,443,,forward,20260823_144333_web_001_5c95,Web
1787476426.052705,1366,4,UDP,52783,443,,forward,20260823_144333_web_001_5c95,Web
1787476426.059305,1366,4,UDP,52783,443,,forward,20260823_144333_web_001_5c95,Web
1787476426.059438,1366,4,UDP,52783,443,,forward,20260823_144333_web_001_5c95,Web
1787476426.066385,1366,4,UDP,52783,443,,forward,20260823_144333_web_001_5c95,Web
1787476426.066583,1366,4,UDP,52783,443,,forward,20260823_144333_web_001_5c95,Web
1787476426.066525,89,4,UDP,443,52783,,forward,20260823_144333_web_001_5c95,Web
1787476426.066525,89,4,UDP,443,52783,,forward,20260823_144333_web_001_5c95,Web
1787476426.066525,89,4,UDP,443,52783,,forward,20260823_144333_web_001_5c95,Web
1787476426.066525,89,4,UDP,443,52783,,forward,20260823_144333_web_001_5c95,Web
1787476426.066525,145,4,UDP,443,52783,,forward,20260823_144333_web_001_5c95,Web
1787476426.066525,210,4,UDP,443,52783,,forward,20260823_144333_web_001_5c95,Web
1787476426.066525,210,4,UDP,443,52783,,forward,20260823_144333_web_001_5c95,Web
1787476426.066525,145,4,UDP,443,52783,,forward,20260823_144333_web_001_5c95,Web
1787476426.066525,89,4,UDP,443,52783,,forward,20260823_144333_web_001_5c95,Web
1787476426.066525,89,4,UDP,443,52783,,forward,20260823_144333_web_001_5c95,Web
1787476426.066525,145,4,UDP,443,52783,,forward,20260823_144333_web_001_5c95,Web
1787476426.066525,89,4,UDP,443,52783,,forward,20260823_144333_web_001_5c95,Web
1787476426.066525,145,4,UDP,443,52783,,forward,20260823_144333_web_001_5c95,Web
1787476426.066525,405,4,UDP,443,52783,,forward,20260823_144333_web_001_5c95,Web
1787476426.066525,405,4,UDP,443,52783,,forward,20260823_144333_web_001_5c95,Web
1787476426.066525,89,4,UDP,443,52783,,forward,20260823_144333_web_001_5c95,Web
1787476426.066525,89,4,UDP,443,52783,,forward,20260823_144333_web_001_5c95,Web
1787476426.066525,145,4,UDP,443,52783,,forward,20260823_144333_web_001_5c95,Web
1787476426.066525,89,4,UDP,443,52783,,forward,20260823_144333_web_001_5c95,Web
1787476426.066525,89,4,UDP,443,52783,,forward,20260823_144333_web_001_5c95,Web
1787476426.066525,89,4,UDP,443,52783,,forward,20260823_144333_web_001_5c95,Web
1787476426.066525,275,4,UDP,443,52783,,forward,20260823_144333_web_001_5c95,Web
1787476426.066525,275,4,UDP,443,52783,,forward,20260823_144333_web_001_5c95,Web
1787476426.066525,210,4,UDP,443,52783,,forward,20260823_144333_web_001_5c95,Web
1787476426.066525,275,4,UDP,443,52783,,forward,20260823_144333_web_001_5c95,Web
1787476426.066525,89,4,UDP,443,52783,,forward,20260823_144333_web_001_5c95,Web
1787476426.066525,89,4,UDP,443,52783,,forward,20260823_144333_web_001_5c95,Web
1787476426.066525,89,4,UDP,443,52783,,forward,20260823_144333_web_001_5c95,Web
1787476426.066525,145,4,UDP,443,52783,,forward,20260823_144333_web_001_5c95,Web
1787476426.066525,89,4,UDP,443,52783,,forward,20260823_144333_web_001_5c95,Web
1787476426.066525,405,4,UDP,443,52783,,forward,20260823_144333_web_001_5c95,Web
1787476426.066525,340,4,UDP,443,52783,,forward,20260823_144333_web_001_5c95,Web
1787476426.066525,145,4,UDP,443,52783,,forward,20260823_144333_web_001_5c95,Web
1787476426.066525,89,4,UDP,443,52783,,forward,20260823_144333_web_001_5c95,Web
1787476426.066525,600,4,UDP,443,52783,,forward,20260823_144333_web_001_5c95,Web
1787476426.066525,275,4,UDP,443,52783,,forward,20260823_144333_web_001_5c95,Web
1787476426.066525,89,4,UDP,443,52783,,forward,20260823_144333_web_001_5c95,Web
1787476426.066525,89,4,UDP,443,52783,,forward,20260823_144333_web_001_5c95,Web
1787476426.066525,89,4,UDP,443,52783,,forward,20260823_144333_web_001_5c95,Web
1787476426.066525,145,4,UDP,443,52783,,forward,20260823_144333_web_001_5c95,Web
1787476426.066525,275,4,UDP,443,52783,,forward,20260823_144333_web_001_5c95,Web
1787476426.066653,1366,4,UDP,52783,443,,forward,20260823_144333_web_001_5c95,Web
1787476426.066686,1366,4,UDP,52783,443,,forward,20260823_144333_web_001_5c95,Web
1787476426.066712,1366,4,UDP,52783,443,,forward,20260823_144333_web_001_5c95,Web
1787476426.066736,1366,4,UDP,52783,443,,forward,20260823_144333_web_001_5c95,Web
1787476426.066765,1366,4,UDP,52783,443,,forward,20260823_144333_web_001_5c95,Web
1787476426.06679,1366,4,UDP,52783,443,,forward,20260823_144333_web_001_5c95,Web
1787476426.066818,1366,4,UDP,52783,443,,forward,20260823_144333_web_001_5c95,Web
1787476426.066843,1366,4,UDP,52783,443,,forward,20260823_144333_web_001_5c95,Web
1787476426.066868,1366,4,UDP,52783,443,,forward,20260823_144333_web_001_5c95,Web
1787476426.066892,1366,4,UDP,52783,443,,forward,20260823_144333_web_001_5c95,Web
1787476426.066916,1366,4,UDP,52783,443,,forward,20260823_144333_web_001_5c95,Web
1787476426.066939,1366,4,UDP,52783,443,,forward,20260823_144333_web_001_5c95,Web
1787476426.066963,1366,4,UDP,52783,443,,forward,20260823_144333_web_001_5c95,Web
1787476426.066986,1366,4,UDP,52783,443,,forward,20260823_144333_web_001_5c95,Web
1787476426.06701,1366,4,UDP,52783,443,,forward,20260823_144333_web_001_5c95,Web
1787476426.067033,1366,4,UDP,52783,443,,forward,20260823_144333_web_001_5c95,Web
1787476426.06706,1366,4,UDP,52783,443,,forward,20260823_144333_web_001_5c95,Web
1787476426.067086,1366,4,UDP,52783,443,,forward,20260823_144333_web_001_5c95,Web
1787476426.067112,1366,4,UDP,52783,443,,forward,20260823_144333_web_001_5c95,Web
1787476426.067137,1366,4,UDP,52783,443,,forward,20260823_144333_web_001_5c95,Web
1787476426.067164,1366,4,UDP,52783,443,,forward,20260823_144333_web_001_5c95,Web
1787476426.067193,1366,4,UDP,52783,443,,forward,20260823_144333_web_001_5c95,Web
1787476426.067222,1366,4,UDP,52783,443,,forward,20260823_144333_web_001_5c95,Web
1787476426.06725,1366,4,UDP,52783,443,,forward,20260823_144333_web_001_5c95,Web
1787476426.06728,1366,4,UDP,52783,443,,forward,20260823_144333_web_001_5c95,Web
1787476426.067314,1366,4,UDP,52783,443,,forward,20260823_144333_web_001_5c95,Web
1787476426.067343,1366,4,UDP,52783,443,,forward,20260823_144333_web_001_5c95,Web
1787476426.067371,1366,4,UDP,52783,443,,forward,20260823_144333_web_001_5c95,Web
1787476426.0674,1366,4,UDP,52783,443,,forward,20260823_144333_web_001_5c95,Web
1787476426.067429,1366,4,UDP,52783,443,,forward,20260823_144333_web_001_5c95,Web
1787476426.067459,1366,4,UDP,52783,443,,forward,20260823_144333_web_001_5c95,Web
1787476426.067489,1366,4,UDP,52783,443,,forward,20260823_144333_web_001_5c95,Web
1787476426.067517,1366,4,UDP,52783,443,,forward,20260823_144333_web_001_5c95,Web
1787476426.067545,1366,4,UDP,52783,443,,forward,20260823_144333_web_001_5c95,Web
1787476426.067577,1366,4,UDP,52783,443,,forward,20260823_144333_web_001_5c95,Web
1787476426.06761,1366,4,UDP,52783,443,,forward,20260823_144333_web_001_5c95,Web
1787476426.067641,1366,4,UDP,52783,443,,forward,20260823_144333_web_001_5c95,Web
1787476426.067676,1366,4,UDP,52783,443,,forward,20260823_144333_web_001_5c95,Web
1787476426.067704,1366,4,UDP,52783,443,,forward,20260823_144333_web_001_5c95,Web
1787476426.067736,1366,4,UDP,52783,443,,forward,20260823_144333_web_001_5c95,Web
1787476426.06782,1366,4,UDP,52783,443,,forward,20260823_144333_web_001_5c95,Web
1787476426.067881,1366,4,UDP,52783,443,,forward,20260823_144333_web_001_5c95,Web
1787476426.06791,1366,4,UDP,52783,443,,forward,20260823_144333_web_001_5c95,Web
1787476426.067954,1366,4,UDP,52783,443,,forward,20260823_144333_web_001_5c95,Web
1787476426.067981,1366,4,UDP,52783,443,,forward,20260823_144333_web_001_5c95,Web
1787476426.068006,1366,4,UDP,52783,443,,forward,20260823_144333_web_001_5c95,Web
1787476426.068032,1366,4,UDP,52783,443,,forward,20260823_144333_web_001_5c95,Web
1787476426.068056,1366,4,UDP,52783,443,,forward,20260823_144333_web_001_5c95,Web
1787476426.081618,1366,4,UDP,52783,443,,forward,20260823_144333_web_001_5c95,Web
1787476426.081598,89,4,UDP,443,52783,,forward,20260823_144333_web_001_5c95,Web
1787476426.081598,145,4,UDP,443,52783,,forward,20260823_144333_web_001_5c95,Web
1787476426.081598,89,4,UDP,443,52783,,forward,20260823_144333_web_001_5c95,Web
1787476426.081598,340,4,UDP,443,52783,,forward,20260823_144333_web_001_5c95,Web
1787476426.081598,89,4,UDP,443,52783,,forward,20260823_144333_web_001_5c95,Web
1787476426.081598,89,4,UDP,443,52783,,forward,20260823_144333_web_001_5c95,Web
1787476426.081598,89,4,UDP,443,52783,,forward,20260823_144333_web_001_5c95,Web
1787476426.081598,145,4,UDP,443,52783,,forward,20260823_144333_web_001_5c95,Web
1787476426.081598,470,4,UDP,443,52783,,forward,20260823_144333_web_001_5c95,Web
1787476426.081598,340,4,UDP,443,52783,,forward,20260823_144333_web_001_5c95,Web
1787476426.081598,89,4,UDP,443,52783,,forward,20260823_144333_web_001_5c95,Web
1787476426.081598,89,4,UDP,443,52783,,forward,20260823_144333_web_001_5c95,Web
1787476426.081598,340,4,UDP,443,52783,,forward,20260823_144333_web_001_5c95,Web
1787476426.081598,89,4,UDP,443,52783,,forward,20260823_144333_web_001_5c95,Web
1787476426.081598,210,4,UDP,443,52783,,forward,20260823_144333_web_001_5c95,Web
1787476426.081598,89,4,UDP,443,52783,,forward,20260823_144333_web_001_5c95,Web
1787476426.081598,89,4,UDP,443,52783,,forward,20260823_144333_web_001_5c95,Web
1787476426.081598,405,4,UDP,443,52783,,forward,20260823_144333_web_001_5c95,Web
1787476426.081598,470,4,UDP,443,52783,,forward,20260823_144333_web_001_5c95,Web
1787476426.081598,89,4,UDP,443,52783,,forward,20260823_144333_web_001_5c95,Web
1787476426.081598,89,4,UDP,443,52783,,forward,20260823_144333_web_001_5c95,Web
1787476426.081598,89,4,UDP,443,52783,,forward,20260823_144333_web_001_5c95,Web
1787476426.081598,145,4,UDP,443,52783,,forward,20260823_144333_web_001_5c95,Web
1787476426.081598,210,4,UDP,443,52783,,forward,20260823_144333_web_001_5c95,Web
1787476426.081598,405,4,UDP,443,52783,,forward,20260823_144333_web_001_5c95,Web
1787476426.081598,146,4,UDP,443,52783,,forward,20260823_144333_web_001_5c95,Web
1787476426.081734,1366,4,UDP,52783,443,,forward,20260823_144333_web_001_5c95,Web
1787476426.08178,1366,4,UDP,52783,443,,forward,20260823_144333_web_001_5c95,Web
1787476426.081811,1366,4,UDP,52783,443,,forward,20260823_144333_web_001_5c95,Web
1787476426.081838,1366,4,UDP,52783,443,,forward,20260823_144333_web_001_5c95,Web
1787476426.081869,1366,4,UDP,52783,443,,forward,20260823_144333_web_001_5c95,Web
1787476426.081894,1366,4,UDP,52783,443,,forward,20260823_144333_web_001_5c95,Web
1787476426.081921,1366,4,UDP,52783,443,,forward,20260823_144333_web_001_5c95,Web
1787476426.081947,1366,4,UDP,52783,443,,forward,20260823_144333_web_001_5c95,Web
1787476426.08197,1366,4,UDP,52783,443,,forward,20260823_144333_web_001_5c95,Web
1787476426.081995,1366,4,UDP,52783,443,,forward,20260823_144333_web_001_5c95,Web
1787476426.08202,1366,4,UDP,52783,443,,forward,20260823_144333_web_001_5c95,Web
1787476426.082325,1366,4,UDP,52783,443,,forward,20260823_144333_web_001_5c95,Web
1787476426.082435,1366,4,UDP,52783,443,,forward,20260823_144333_web_001_5c95,Web
1787476426.082504,1366,4,UDP,52783,443,,forward,20260823_144333_web_001_5c95,Web
1787476426.082537,1366,4,UDP,52783,443,,forward,20260823_144333_web_001_5c95,Web
1787476426.082563,1366,4,UDP,52783,443,,forward,20260823_144333_web_001_5c95,Web
1787476426.082669,1366,4,UDP,52783,443,,forward,20260823_144333_web_001_5c95,Web
1787476426.082727,1366,4,UDP,52783,443,,forward,20260823_144333_web_001_5c95,Web
1787476426.082759,1366,4,UDP,52783,443,,forward,20260823_144333_web_001_5c95,Web
1787476426.082786,1366,4,UDP,52783,443,,forward,20260823_144333_web_001_5c95,Web
1787476426.082811,1366,4,UDP,52783,443,,forward,20260823_144333_web_001_5c95,Web
1787476426.082838,1366,4,UDP,52783,443,,forward,20260823_144333_web_001_5c95,Web
1787476426.082865,1366,4,UDP,52783,443,,forward,20260823_144333_web_001_5c95,Web
1787476426.082891,1366,4,UDP,52783,443,,forward,20260823_144333_web_001_5c95,Web
1787476426.082916,1366,4,UDP,52783,443,,forward,20260823_144333_web_001_5c95,Web
1787476426.082941,1366,4,UDP,52783,443,,forward,20260823_144333_web_001_5c95,Web
1787476426.082965,1366,4,UDP,52783,443,,forward,20260823_144333_web_001_5c95,Web
1787476426.082989,1366,4,UDP,52783,443,,forward,20260823_144333_web_001_5c95,Web
1787476426.083013,1366,4,UDP,52783,443,,forward,20260823_144333_web_001_5c95,Web
1787476426.083037,1366,4,UDP,52783,443,,forward,20260823_144333_web_001_5c95,Web
1787476426.083266,90,4,UDP,52783,443,,forward,20260823_144333_web_001_5c95,Web
1787476426.083508,1366,4,UDP,52783,443,,forward,20260823_144333_web_001_5c95,Web
1787476426.083575,1366,4,UDP,52783,443,,forward,20260823_144333_web_001_5c95,Web
1787476426.08361,1366,4,UDP,52783,443,,forward,20260823_144333_web_001_5c95,Web
1787476426.083637,1366,4,UDP,52783,443,,forward,20260823_144333_web_001_5c95,Web
1787476426.083665,1366,4,UDP,52783,443,,forward,20260823_144333_web_001_5c95,Web
1787476426.083691,1366,4,UDP,52783,443,,forward,20260823_144333_web_001_5c95,Web
1787476426.083716,1366,4,UDP,52783,443,,forward,20260823_144333_web_001_5c95,Web
1787476426.08374,1366,4,UDP,52783,443,,forward,20260823_144333_web_001_5c95,Web
1787476426.083766,1366,4,UDP,52783,443,,forward,20260823_144333_web_001_5c95,Web
1787476426.083793,1366,4,UDP,52783,443,,forward,20260823_144333_web_001_5c95,Web
1787476426.083819,1366,4,UDP,52783,443,,forward,20260823_144333_web_001_5c95,Web
1787476426.083845,1366,4,UDP,52783,443,,forward,20260823_144333_web_001_5c95,Web
1787476426.083871,1366,4,UDP,52783,443,,forward,20260823_144333_web_001_5c95,Web
1787476426.083897,1366,4,UDP,52783,443,,forward,20260823_144333_web_001_5c95,Web
1787476426.08395,1366,4,UDP,52783,443,,forward,20260823_144333_web_001_5c95,Web
1787476426.083984,1366,4,UDP,52783,443,,forward,20260823_144333_web_001_5c95,Web
1787476426.084011,1366,4,UDP,52783,443,,forward,20260823_144333_web_001_5c95,Web
1787476426.084034,1366,4,UDP,52783,443,,forward,20260823_144333_web_001_5c95,Web
1787476426.084061,1366,4,UDP,52783,443,,forward,20260823_144333_web_001_5c95,Web
1787476426.092518,1366,4,UDP,52783,443,,forward,20260823_144333_web_001_5c95,Web
1787476426.092619,1366,4,UDP,52783,443,,forward,20260823_144333_web_001_5c95,Web
1787476426.092646,1366,4,UDP,52783,443,,forward,20260823_144333_web_001_5c95,Web
1787476426.09267,1366,4,UDP,52783,443,,forward,20260823_144333_web_001_5c95,Web
1787476426.092694,1366,4,UDP,52783,443,,forward,20260823_144333_web_001_5c95,Web
1787476426.092717,1366,4,UDP,52783,443,,forward,20260823_144333_web_001_5c95,Web
1787476426.092739,1366,4,UDP,52783,443,,forward,20260823_144333_web_001_5c95,Web
1787476426.092761,1366,4,UDP,52783,443,,forward,20260823_144333_web_001_5c95,Web
1787476426.092787,1366,4,UDP,52783,443,,forward,20260823_144333_web_001_5c95,Web
1787476426.092812,1366,4,UDP,52783,443,,forward,20260823_144333_web_001_5c95,Web
1787476426.092834,1366,4,UDP,52783,443,,forward,20260823_144333_web_001_5c95,Web
1787476426.092856,1366,4,UDP,52783,443,,forward,20260823_144333_web_001_5c95,Web
1787476426.09288,1366,4,UDP,52783,443,,forward,20260823_144333_web_001_5c95,Web
1787476426.092903,1366,4,UDP,52783,443,,forward,20260823_144333_web_001_5c95,Web
1787476426.092927,1366,4,UDP,52783,443,,forward,20260823_144333_web_001_5c95,Web
1787476426.09295,1366,4,UDP,52783,443,,forward,20260823_144333_web_001_5c95,Web
1787476426.092972,1366,4,UDP,52783,443,,forward,20260823_144333_web_001_5c95,Web
1787476426.092994,1366,4,UDP,52783,443,,forward,20260823_144333_web_001_5c95,Web
1787476426.093017,1366,4,UDP,52783,443,,forward,20260823_144333_web_001_5c95,Web
1787476426.093039,1366,4,UDP,52783,443,,forward,20260823_144333_web_001_5c95,Web
1787476426.093062,1366,4,UDP,52783,443,,forward,20260823_144333_web_001_5c95,Web
1787476426.093085,1366,4,UDP,52783,443,,forward,20260823_144333_web_001_5c95,Web
1787476426.093108,1366,4,UDP,52783,443,,forward,20260823_144333_web_001_5c95,Web
1787476426.093131,1366,4,UDP,52783,443,,forward,20260823_144333_web_001_5c95,Web
1787476426.093156,1366,4,UDP,52783,443,,forward,20260823_144333_web_001_5c95,Web
1787476426.093179,1366,4,UDP,52783,443,,forward,20260823_144333_web_001_5c95,Web
1787476426.093201,1366,4,UDP,52783,443,,forward,20260823_144333_web_001_5c95,Web
1787476426.093225,1366,4,UDP,52783,443,,forward,20260823_144333_web_001_5c95,Web
1787476426.09325,1366,4,UDP,52783,443,,forward,20260823_144333_web_001_5c95,Web
1787476426.093273,1366,4,UDP,52783,443,,forward,20260823_144333_web_001_5c95,Web
1787476426.093295,1366,4,UDP,52783,443,,forward,20260823_144333_web_001_5c95,Web
1787476426.093324,1366,4,UDP,52783,443,,forward,20260823_144333_web_001_5c95,Web
1787476426.093353,1366,4,UDP,52783,443,,forward,20260823_144333_web_001_5c95,Web
1787476426.093379,1366,4,UDP,52783,443,,forward,20260823_144333_web_001_5c95,Web
1787476426.093403,1366,4,UDP,52783,443,,forward,20260823_144333_web_001_5c95,Web
1787476426.093426,1366,4,UDP,52783,443,,forward,20260823_144333_web_001_5c95,Web
1787476426.093451,1366,4,UDP,52783,443,,forward,20260823_144333_web_001_5c95,Web
1787476426.093475,1366,4,UDP,52783,443,,forward,20260823_144333_web_001_5c95,Web
1787476426.093498,1366,4,UDP,52783,443,,forward,20260823_144333_web_001_5c95,Web
1787476426.093523,1366,4,UDP,52783,443,,forward,20260823_144333_web_001_5c95,Web
1787476426.093549,1366,4,UDP,52783,443,,forward,20260823_144333_web_001_5c95,Web
1787476426.093572,1366,4,UDP,52783,443,,forward,20260823_144333_web_001_5c95,Web
1787476426.093599,1366,4,UDP,52783,443,,forward,20260823_144333_web_001_5c95,Web
1787476426.112457,89,4,UDP,443,52783,,forward,20260823_144333_web_001_5c95,Web
1787476426.112457,470,4,UDP,443,52783,,forward,20260823_144333_web_001_5c95,Web
1787476426.112457,89,4,UDP,443,52783,,forward,20260823_144333_web_001_5c95,Web
1787476426.112457,89,4,UDP,443,52783,,forward,20260823_144333_web_001_5c95,Web
1787476426.112457,795,4,UDP,443,52783,,forward,20260823_144333_web_001_5c95,Web
1787476426.112457,89,4,UDP,443,52783,,forward,20260823_144333_web_001_5c95,Web
1787476426.112457,665,4,UDP,443,52783,,forward,20260823_144333_web_001_5c95,Web
1787476426.112457,275,4,UDP,443,52783,,forward,20260823_144333_web_001_5c95,Web
1787476426.112457,89,4,UDP,443,52783,,forward,20260823_144333_web_001_5c95,Web
1787476426.112457,89,4,UDP,443,52783,,forward,20260823_144333_web_001_5c95,Web
1787476426.112457,145,4,UDP,443,52783,,forward,20260823_144333_web_001_5c95,Web
1787476426.112457,470,4,UDP,443,52783,,forward,20260823_144333_web_001_5c95,Web
1787476426.112457,405,4,UDP,443,52783,,forward,20260823_144333_web_001_5c95,Web
1787476426.112457,89,4,UDP,443,52783,,forward,20260823_144333_web_001_5c95,Web
1787476426.112457,89,4,UDP,443,52783,,forward,20260823_144333_web_001_5c95,Web
1787476426.112457,89,4,UDP,443,52783,,forward,20260823_144333_web_001_5c95,Web
1787476426.112457,211,4,UDP,443,52783,,forward,20260823_144333_web_001_5c95,Web
1787476426.112457,341,4,UDP,443,52783,,forward,20260823_144333_web_001_5c95,Web
1787476426.112457,276,4,UDP,443,52783,,forward,20260823_144333_web_001_5c95,Web
1787476426.126521,1366,4,UDP,52783,443,,forward,20260823_144333_web_001_5c95,Web
1787476426.12662,1366,4,UDP,52783,443,,forward,20260823_144333_web_001_5c95,Web
1787476426.126648,1366,4,UDP,52783,443,,forward,20260823_144333_web_001_5c95,Web
1787476426.126669,1366,4,UDP,52783,443,,forward,20260823_144333_web_001_5c95,Web
1787476426.12669,1366,4,UDP,52783,443,,forward,20260823_144333_web_001_5c95,Web
1787476426.126709,1366,4,UDP,52783,443,,forward,20260823_144333_web_001_5c95,Web
1787476426.126729,1366,4,UDP,52783,443,,forward,20260823_144333_web_001_5c95,Web
1787476426.126748,1366,4,UDP,52783,443,,forward,20260823_144333_web_001_5c95,Web
1787476426.126771,1366,4,UDP,52783,443,,forward,20260823_144333_web_001_5c95,Web
1787476426.126792,1366,4,UDP,52783,443,,forward,20260823_144333_web_001_5c95,Web
1787476426.126812,1366,4,UDP,52783,443,,forward,20260823_144333_web_001_5c95,Web
1787476426.126833,1366,4,UDP,52783,443,,forward,20260823_144333_web_001_5c95,Web
1787476426.126854,1366,4,UDP,52783,443,,forward,20260823_144333_web_001_5c95,Web
1787476426.126875,1366,4,UDP,52783,443,,forward,20260823_144333_web_001_5c95,Web
1787476426.126895,1366,4,UDP,52783,443,,forward,20260823_144333_web_001_5c95,Web
1787476426.126916,1366,4,UDP,52783,443,,forward,20260823_144333_web_001_5c95,Web
1787476426.126937,1366,4,UDP,52783,443,,forward,20260823_144333_web_001_5c95,Web
1787476426.126956,1366,4,UDP,52783,443,,forward,20260823_144333_web_001_5c95,Web
1787476426.126978,1366,4,UDP,52783,443,,forward,20260823_144333_web_001_5c95,Web
1787476426.126997,1366,4,UDP,52783,443,,forward,20260823_144333_web_001_5c95,Web
1787476426.127018,1366,4,UDP,52783,443,,forward,20260823_144333_web_001_5c95,Web
1787476426.12704,1366,4,UDP,52783,443,,forward,20260823_144333_web_001_5c95,Web
1787476426.12706,1366,4,UDP,52783,443,,forward,20260823_144333_web_001_5c95,Web
1787476426.127081,1366,4,UDP,52783,443,,forward,20260823_144333_web_001_5c95,Web
1787476426.127103,1366,4,UDP,52783,443,,forward,20260823_144333_web_001_5c95,Web
1787476426.127123,1366,4,UDP,52783,443,,forward,20260823_144333_web_001_5c95,Web
1787476426.127144,1366,4,UDP,52783,443,,forward,20260823_144333_web_001_5c95,Web
1787476426.127164,1366,4,UDP,52783,443,,forward,20260823_144333_web_001_5c95,Web
1787476426.127185,1366,4,UDP,52783,443,,forward,20260823_144333_web_001_5c95,Web
1787476426.127207,1366,4,UDP,52783,443,,forward,20260823_144333_web_001_5c95,Web
1787476426.127228,1366,4,UDP,52783,443,,forward,20260823_144333_web_001_5c95,Web
1787476426.127249,1366,4,UDP,52783,443,,forward,20260823_144333_web_001_5c95,Web
1787476426.127269,1366,4,UDP,52783,443,,forward,20260823_144333_web_001_5c95,Web
1787476426.127291,1366,4,UDP,52783,443,,forward,20260823_144333_web_001_5c95,Web
1787476426.127313,1366,4,UDP,52783,443,,forward,20260823_144333_web_001_5c95,Web
1787476426.127348,1366,4,UDP,52783,443,,forward,20260823_144333_web_001_5c95,Web
1787476426.127371,1366,4,UDP,52783,443,,forward,20260823_144333_web_001_5c95,Web
1787476426.127394,1366,4,UDP,52783,443,,forward,20260823_144333_web_001_5c95,Web
1787476426.127417,1366,4,UDP,52783,443,,forward,20260823_144333_web_001_5c95,Web
1787476426.127439,1366,4,UDP,52783,443,,forward,20260823_144333_web_001_5c95,Web
1787476426.127461,1366,4,UDP,52783,443,,forward,20260823_144333_web_001_5c95,Web
1787476426.127483,1366,4,UDP,52783,443,,forward,20260823_144333_web_001_5c95,Web
1787476426.127506,1366,4,UDP,52783,443,,forward,20260823_144333_web_001_5c95,Web
1787476426.127529,1366,4,UDP,52783,443,,forward,20260823_144333_web_001_5c95,Web
1787476426.127552,1366,4,UDP,52783,443,,forward,20260823_144333_web_001_5c95,Web
1787476426.127575,1366,4,UDP,52783,443,,forward,20260823_144333_web_001_5c95,Web
1787476426.127598,1366,4,UDP,52783,443,,forward,20260823_144333_web_001_5c95,Web
1787476426.127621,1366,4,UDP,52783,443,,forward,20260823_144333_web_001_5c95,Web
1787476426.127645,1366,4,UDP,52783,443,,forward,20260823_144333_web_001_5c95,Web
1787476426.127668,1366,4,UDP,52783,443,,forward,20260823_144333_web_001_5c95,Web
1787476426.144507,1366,4,UDP,52783,443,,forward,20260823_144333_web_001_5c95,Web
1787476426.144629,1366,4,UDP,52783,443,,forward,20260823_144333_web_001_5c95,Web
1787476426.144657,1366,4,UDP,52783,443,,forward,20260823_144333_web_001_5c95,Web
1787476426.144678,1366,4,UDP,52783,443,,forward,20260823_144333_web_001_5c95,Web
1787476426.144695,1366,4,UDP,52783,443,,forward,20260823_144333_web_001_5c95,Web
1787476426.144712,1366,4,UDP,52783,443,,forward,20260823_144333_web_001_5c95,Web
1787476426.144727,1366,4,UDP,52783,443,,forward,20260823_144333_web_001_5c95,Web
1787476426.144742,1366,4,UDP,52783,443,,forward,20260823_144333_web_001_5c95,Web
1787476426.144756,1366,4,UDP,52783,443,,forward,20260823_144333_web_001_5c95,Web
1787476426.144771,1366,4,UDP,52783,443,,forward,20260823_144333_web_001_5c95,Web
1787476426.144785,1366,4,UDP,52783,443,,forward,20260823_144333_web_001_5c95,Web
1787476426.144799,1366,4,UDP,52783,443,,forward,20260823_144333_web_001_5c95,Web
1787476426.144815,1366,4,UDP,52783,443,,forward,20260823_144333_web_001_5c95,Web
1787476426.144832,1366,4,UDP,52783,443,,forward,20260823_144333_web_001_5c95,Web
1787476426.144847,1366,4,UDP,52783,443,,forward,20260823_144333_web_001_5c95,Web
1787476426.144861,1366,4,UDP,52783,443,,forward,20260823_144333_web_001_5c95,Web
1787476426.144874,1366,4,UDP,52783,443,,forward,20260823_144333_web_001_5c95,Web
1787476426.144889,1366,4,UDP,52783,443,,forward,20260823_144333_web_001_5c95,Web
1787476426.144903,1366,4,UDP,52783,443,,forward,20260823_144333_web_001_5c95,Web
1787476426.144917,1366,4,UDP,52783,443,,forward,20260823_144333_web_001_5c95,Web
1787476426.144932,1366,4,UDP,52783,443,,forward,20260823_144333_web_001_5c95,Web
1787476426.144947,1366,4,UDP,52783,443,,forward,20260823_144333_web_001_5c95,Web
1787476426.144961,1366,4,UDP,52783,443,,forward,20260823_144333_web_001_5c95,Web
1787476426.144977,1366,4,UDP,52783,443,,forward,20260823_144333_web_001_5c95,Web
1787476426.144992,1366,4,UDP,52783,443,,forward,20260823_144333_web_001_5c95,Web
1787476426.145009,1366,4,UDP,52783,443,,forward,20260823_144333_web_001_5c95,Web
1787476426.145024,1366,4,UDP,52783,443,,forward,20260823_144333_web_001_5c95,Web
1787476426.145039,1366,4,UDP,52783,443,,forward,20260823_144333_web_001_5c95,Web
1787476426.145053,1366,4,UDP,52783,443,,forward,20260823_144333_web_001_5c95,Web
1787476426.145068,1366,4,UDP,52783,443,,forward,20260823_144333_web_001_5c95,Web
1787476426.145082,1366,4,UDP,52783,443,,forward,20260823_144333_web_001_5c95,Web
1787476426.145097,1366,4,UDP,52783,443,,forward,20260823_144333_web_001_5c95,Web
1787476426.145112,1366,4,UDP,52783,443,,forward,20260823_144333_web_001_5c95,Web
1787476426.145127,1366,4,UDP,52783,443,,forward,20260823_144333_web_001_5c95,Web
1787476426.145141,1366,4,UDP,52783,443,,forward,20260823_144333_web_001_5c95,Web
1787476426.145156,1366,4,UDP,52783,443,,forward,20260823_144333_web_001_5c95,Web
1787476426.145171,1366,4,UDP,52783,443,,forward,20260823_144333_web_001_5c95,Web
1787476426.145191,1366,4,UDP,52783,443,,forward,20260823_144333_web_001_5c95,Web
1787476426.145206,1366,4,UDP,52783,443,,forward,20260823_144333_web_001_5c95,Web
1787476426.145222,1366,4,UDP,52783,443,,forward,20260823_144333_web_001_5c95,Web
1787476426.145248,1366,4,UDP,52783,443,,forward,20260823_144333_web_001_5c95,Web
1787476426.145277,1366,4,UDP,52783,443,,forward,20260823_144333_web_001_5c95,Web
1787476426.145297,1366,4,UDP,52783,443,,forward,20260823_144333_web_001_5c95,Web
1787476426.145313,1366,4,UDP,52783,443,,forward,20260823_144333_web_001_5c95,Web
1787476426.145327,1366,4,UDP,52783,443,,forward,20260823_144333_web_001_5c95,Web
1787476426.145342,1366,4,UDP,52783,443,,forward,20260823_144333_web_001_5c95,Web
1787476426.145358,1366,4,UDP,52783,443,,forward,20260823_144333_web_001_5c95,Web
1787476426.145375,1366,4,UDP,52783,443,,forward,20260823_144333_web_001_5c95,Web
1787476426.145391,1366,4,UDP,52783,443,,forward,20260823_144333_web_001_5c95,Web
1787476426.145408,1366,4,UDP,52783,443,,forward,20260823_144333_web_001_5c95,Web
1787476426.159555,1366,4,UDP,52783,443,,forward,20260823_144333_web_001_5c95,Web
1787476426.159681,1366,4,UDP,52783,443,,forward,20260823_144333_web_001_5c95,Web
1787476426.159716,1366,4,UDP,52783,443,,forward,20260823_144333_web_001_5c95,Web
1787476426.159742,1366,4,UDP,52783,443,,forward,20260823_144333_web_001_5c95,Web
1787476426.159767,1366,4,UDP,52783,443,,forward,20260823_144333_web_001_5c95,Web
1787476426.159791,1366,4,UDP,52783,443,,forward,20260823_144333_web_001_5c95,Web
1787476426.159815,1366,4,UDP,52783,443,,forward,20260823_144333_web_001_5c95,Web
1787476426.159839,1366,4,UDP,52783,443,,forward,20260823_144333_web_001_5c95,Web
1787476426.159863,1366,4,UDP,52783,443,,forward,20260823_144333_web_001_5c95,Web
1787476426.159887,1366,4,UDP,52783,443,,forward,20260823_144333_web_001_5c95,Web
1787476426.159915,1366,4,UDP,52783,443,,forward,20260823_144333_web_001_5c95,Web
1787476426.159876,90,4,UDP,443,52783,,forward,20260823_144333_web_001_5c95,Web
1787476426.159876,90,4,UDP,443,52783,,forward,20260823_144333_web_001_5c95,Web
1787476426.159876,211,4,UDP,443,52783,,forward,20260823_144333_web_001_5c95,Web
1787476426.159876,90,4,UDP,443,52783,,forward,20260823_144333_web_001_5c95,Web
1787476426.159876,90,4,UDP,443,52783,,forward,20260823_144333_web_001_5c95,Web
1787476426.159876,211,4,UDP,443,52783,,forward,20260823_144333_web_001_5c95,Web
1787476426.15995,1366,4,UDP,52783,443,,forward,20260823_144333_web_001_5c95,Web
1787476426.159876,666,4,UDP,443,52783,,forward,20260823_144333_web_001_5c95,Web
1787476426.159876,690,4,UDP,443,52783,,forward,20260823_144333_web_001_5c95,Web
1787476426.159876,90,4,UDP,443,52783,,forward,20260823_144333_web_001_5c95,Web
1787476426.159876,89,4,UDP,443,52783,,forward,20260823_144333_web_001_5c95,Web
1787476426.159876,275,4,UDP,443,52783,,forward,20260823_144333_web_001_5c95,Web
1787476426.159876,340,4,UDP,443,52783,,forward,20260823_144333_web_001_5c95,Web
1787476426.159876,210,4,UDP,443,52783,,forward,20260823_144333_web_001_5c95,Web
1787476426.159876,89,4,UDP,443,52783,,forward,20260823_144333_web_001_5c95,Web
1787476426.159876,89,4,UDP,443,52783,,forward,20260823_144333_web_001_5c95,Web
1787476426.159876,340,4,UDP,443,52783,,forward,20260823_144333_web_001_5c95,Web
1787476426.159876,275,4,UDP,443,52783,,forward,20260823_144333_web_001_5c95,Web
1787476426.159876,275,4,UDP,443,52783,,forward,20260823_144333_web_001_5c95,Web
1787476426.159876,145,4,UDP,443,52783,,forward,20260823_144333_web_001_5c95,Web
1787476426.159876,89,4,UDP,443,52783,,forward,20260823_144333_web_001_5c95,Web
1787476426.159876,89,4,UDP,443,52783,,forward,20260823_144333_web_001_5c95,Web
1787476426.159876,89,4,UDP,443,52783,,forward,20260823_144333_web_001_5c95,Web
1787476426.159876,89,4,UDP,443,52783,,forward,20260823_144333_web_001_5c95,Web
1787476426.159876,405,4,UDP,443,52783,,forward,20260823_144333_web_001_5c95,Web
1787476426.159876,535,4,UDP,443,52783,,forward,20260823_144333_web_001_5c95,Web
1787476426.159876,89,4,UDP,443,52783,,forward,20260823_144333_web_001_5c95,Web
1787476426.159876,89,4,UDP,443,52783,,forward,20260823_144333_web_001_5c95,Web
1787476426.159876,210,4,UDP,443,52783,,forward,20260823_144333_web_001_5c95,Web
1787476426.159876,89,4,UDP,443,52783,,forward,20260823_144333_web_001_5c95,Web
1787476426.159876,145,4,UDP,443,52783,,forward,20260823_144333_web_001_5c95,Web
1787476426.159978,1366,4,UDP,52783,443,,forward,20260823_144333_web_001_5c95,Web
1787476426.160003,1366,4,UDP,52783,443,,forward,20260823_144333_web_001_5c95,Web
1787476426.160029,1366,4,UDP,52783,443,,forward,20260823_144333_web_001_5c95,Web
1787476426.160053,1366,4,UDP,52783,443,,forward,20260823_144333_web_001_5c95,Web
1787476426.160079,1366,4,UDP,52783,443,,forward,20260823_144333_web_001_5c95,Web
1787476426.160104,1366,4,UDP,52783,443,,forward,20260823_144333_web_001_5c95,Web
1787476426.16013,1366,4,UDP,52783,443,,forward,20260823_144333_web_001_5c95,Web
1787476426.160158,1366,4,UDP,52783,443,,forward,20260823_144333_web_001_5c95,Web
1787476426.160184,1366,4,UDP,52783,443,,forward,20260823_144333_web_001_5c95,Web
1787476426.160211,1366,4,UDP,52783,443,,forward,20260823_144333_web_001_5c95,Web
1787476426.160238,1366,4,UDP,52783,443,,forward,20260823_144333_web_001_5c95,Web
1787476426.160266,1366,4,UDP,52783,443,,forward,20260823_144333_web_001_5c95,Web
1787476426.160295,1366,4,UDP,52783,443,,forward,20260823_144333_web_001_5c95,Web
1787476426.160322,1366,4,UDP,52783,443,,forward,20260823_144333_web_001_5c95,Web
1787476426.16038,1366,4,UDP,52783,443,,forward,20260823_144333_web_001_5c95,Web
1787476426.160408,1366,4,UDP,52783,443,,forward,20260823_144333_web_001_5c95,Web
1787476426.16053,1375,4,UDP,52783,443,,forward,20260823_144333_web_001_5c95,Web
1787476426.160567,1366,4,UDP,52783,443,,forward,20260823_144333_web_001_5c95,Web
1787476426.160595,1366,4,UDP,52783,443,,forward,20260823_144333_web_001_5c95,Web
1787476426.160622,1366,4,UDP,52783,443,,forward,20260823_144333_web_001_5c95,Web
1787476426.160648,1366,4,UDP,52783,443,,forward,20260823_144333_web_001_5c95,Web
1787476426.160676,1366,4,UDP,52783,443,,forward,20260823_144333_web_001_5c95,Web
1787476426.160787,90,4,UDP,52783,443,,forward,20260823_144333_web_001_5c95,Web
1787476426.160847,1366,4,UDP,52783,443,,forward,20260823_144333_web_001_5c95,Web
1787476426.160877,1366,4,UDP,52783,443,,forward,20260823_144333_web_001_5c95,Web
1787476426.160903,1366,4,UDP,52783,443,,forward,20260823_144333_web_001_5c95,Web
1787476426.160928,1366,4,UDP,52783,443,,forward,20260823_144333_web_001_5c95,Web
1787476426.160954,1366,4,UDP,52783,443,,forward,20260823_144333_web_001_5c95,Web
1787476426.160979,1366,4,UDP,52783,443,,forward,20260823_144333_web_001_5c95,Web
1787476426.161005,1366,4,UDP,52783,443,,forward,20260823_144333_web_001_5c95,Web
1787476426.16103,1366,4,UDP,52783,443,,forward,20260823_144333_web_001_5c95,Web
1787476426.161055,1366,4,UDP,52783,443,,forward,20260823_144333_web_001_5c95,Web
1787476426.16108,1366,4,UDP,52783,443,,forward,20260823_144333_web_001_5c95,Web
1787476426.161105,1366,4,UDP,52783,443,,forward,20260823_144333_web_001_5c95,Web
1787476426.161133,1366,4,UDP,52783,443,,forward,20260823_144333_web_001_5c95,Web
1787476426.161169,1366,4,UDP,52783,443,,forward,20260823_144333_web_001_5c95,Web
1787476426.161219,1366,4,UDP,52783,443,,forward,20260823_144333_web_001_5c95,Web
1787476426.161248,1366,4,UDP,52783,443,,forward,20260823_144333_web_001_5c95,Web
1787476426.161276,1366,4,UDP,52783,443,,forward,20260823_144333_web_001_5c95,Web
1787476426.174612,1366,4,UDP,52783,443,,forward,20260823_144333_web_001_5c95,Web
1787476426.174734,1366,4,UDP,52783,443,,forward,20260823_144333_web_001_5c95,Web
1787476426.174764,1366,4,UDP,52783,443,,forward,20260823_144333_web_001_5c95,Web
1787476426.17478,1366,4,UDP,52783,443,,forward,20260823_144333_web_001_5c95,Web
1787476426.174795,1366,4,UDP,52783,443,,forward,20260823_144333_web_001_5c95,Web
1787476426.174809,1366,4,UDP,52783,443,,forward,20260823_144333_web_001_5c95,Web
1787476426.174824,1366,4,UDP,52783,443,,forward,20260823_144333_web_001_5c95,Web
1787476426.174839,1366,4,UDP,52783,443,,forward,20260823_144333_web_001_5c95,Web
1787476426.174853,1366,4,UDP,52783,443,,forward,20260823_144333_web_001_5c95,Web
1787476426.174867,1366,4,UDP,52783,443,,forward,20260823_144333_web_001_5c95,Web
1787476426.174881,1366,4,UDP,52783,443,,forward,20260823_144333_web_001_5c95,Web
1787476426.174899,1366,4,UDP,52783,443,,forward,20260823_144333_web_001_5c95,Web
1787476426.17492,1366,4,UDP,52783,443,,forward,20260823_144333_web_001_5c95,Web
1787476426.174935,1366,4,UDP,52783,443,,forward,20260823_144333_web_001_5c95,Web
1787476426.174951,1366,4,UDP,52783,443,,forward,20260823_144333_web_001_5c95,Web
1787476426.174967,1366,4,UDP,52783,443,,forward,20260823_144333_web_001_5c95,Web
1787476426.174983,1366,4,UDP,52783,443,,forward,20260823_144333_web_001_5c95,Web
1787476426.175001,1366,4,UDP,52783,443,,forward,20260823_144333_web_001_5c95,Web
1787476426.175018,1366,4,UDP,52783,443,,forward,20260823_144333_web_001_5c95,Web
1787476426.175035,1366,4,UDP,52783,443,,forward,20260823_144333_web_001_5c95,Web
1787476426.175055,1366,4,UDP,52783,443,,forward,20260823_144333_web_001_5c95,Web
1787476426.175072,1366,4,UDP,52783,443,,forward,20260823_144333_web_001_5c95,Web
1787476426.175087,1366,4,UDP,52783,443,,forward,20260823_144333_web_001_5c95,Web
1787476426.175103,1366,4,UDP,52783,443,,forward,20260823_144333_web_001_5c95,Web
1787476426.17512,1366,4,UDP,52783,443,,forward,20260823_144333_web_001_5c95,Web
1787476426.175136,1366,4,UDP,52783,443,,forward,20260823_144333_web_001_5c95,Web
1787476426.175154,1366,4,UDP,52783,443,,forward,20260823_144333_web_001_5c95,Web
1787476426.17517,1366,4,UDP,52783,443,,forward,20260823_144333_web_001_5c95,Web
1787476426.175189,1366,4,UDP,52783,443,,forward,20260823_144333_web_001_5c95,Web
1787476426.175207,1366,4,UDP,52783,443,,forward,20260823_144333_web_001_5c95,Web
1787476426.175238,1366,4,UDP,52783,443,,forward,20260823_144333_web_001_5c95,Web
1787476426.175258,1366,4,UDP,52783,443,,forward,20260823_144333_web_001_5c95,Web
1787476426.175275,1366,4,UDP,52783,443,,forward,20260823_144333_web_001_5c95,Web
1787476426.175295,1366,4,UDP,52783,443,,forward,20260823_144333_web_001_5c95,Web
1787476426.175078,340,4,UDP,443,52783,,forward,20260823_144333_web_001_5c95,Web
1787476426.175078,89,4,UDP,443,52783,,forward,20260823_144333_web_001_5c95,Web
1787476426.175078,275,4,UDP,443,52783,,forward,20260823_144333_web_001_5c95,Web
1787476426.175078,89,4,UDP,443,52783,,forward,20260823_144333_web_001_5c95,Web
1787476426.175078,89,4,UDP,443,52783,,forward,20260823_144333_web_001_5c95,Web
1787476426.175078,600,4,UDP,443,52783,,forward,20260823_144333_web_001_5c95,Web
1787476426.175078,275,4,UDP,443,52783,,forward,20260823_144333_web_001_5c95,Web
1787476426.175078,89,4,UDP,443,52783,,forward,20260823_144333_web_001_5c95,Web
1787476426.175078,405,4,UDP,443,52783,,forward,20260823_144333_web_001_5c95,Web
1787476426.175078,275,4,UDP,443,52783,,forward,20260823_144333_web_001_5c95,Web
1787476426.175078,276,4,UDP,443,52783,,forward,20260823_144333_web_001_5c95,Web
1787476426.175078,90,4,UDP,443,52783,,forward,20260823_144333_web_001_5c95,Web
1787476426.175078,90,4,UDP,443,52783,,forward,20260823_144333_web_001_5c95,Web
1787476426.175078,211,4,UDP,443,52783,,forward,20260823_144333_web_001_5c95,Web
1787476426.175078,211,4,UDP,443,52783,,forward,20260823_144333_web_001_5c95,Web
1787476426.175078,406,4,UDP,443,52783,,forward,20260823_144333_web_001_5c95,Web
1787476426.175078,276,4,UDP,443,52783,,forward,20260823_144333_web_001_5c95,Web
1787476426.175078,90,4,UDP,443,52783,,forward,20260823_144333_web_001_5c95,Web
1787476426.175078,90,4,UDP,443,52783,,forward,20260823_144333_web_001_5c95,Web
1787476426.175078,211,4,UDP,443,52783,,forward,20260823_144333_web_001_5c95,Web
1787476426.175078,146,4,UDP,443,52783,,forward,20260823_144333_web_001_5c95,Web
1787476426.175078,341,4,UDP,443,52783,,forward,20260823_144333_web_001_5c95,Web
1787476426.175078,276,4,UDP,443,52783,,forward,20260823_144333_web_001_5c95,Web
1787476426.175078,146,4,UDP,443,52783,,forward,20260823_144333_web_001_5c95,Web
1787476426.175078,146,4,UDP,443,52783,,forward,20260823_144333_web_001_5c95,Web
1787476426.175078,90,4,UDP,443,52783,,forward,20260823_144333_web_001_5c95,Web
1787476426.175078,146,4,UDP,443,52783,,forward,20260823_144333_web_001_5c95,Web
1787476426.175078,90,4,UDP,443,52783,,forward,20260823_144333_web_001_5c95,Web
1787476426.175078,90,4,UDP,443,52783,,forward,20260823_144333_web_001_5c95,Web
1787476426.175078,146,4,UDP,443,52783,,forward,20260823_144333_web_001_5c95,Web
1787476426.175078,211,4,UDP,443,52783,,forward,20260823_144333_web_001_5c95,Web
1787476426.175078,341,4,UDP,443,52783,,forward,20260823_144333_web_001_5c95,Web
1787476426.175078,90,4,UDP,443,52783,,forward,20260823_144333_web_001_5c95,Web
1787476426.175078,90,4,UDP,443,52783,,forward,20260823_144333_web_001_5c95,Web
1787476426.175078,146,4,UDP,443,52783,,forward,20260823_144333_web_001_5c95,Web
1787476426.175078,146,4,UDP,443,52783,,forward,20260823_144333_web_001_5c95,Web
1787476426.175078,90,4,UDP,443,52783,,forward,20260823_144333_web_001_5c95,Web
1787476426.175078,666,4,UDP,443,52783,,forward,20260823_144333_web_001_5c95,Web
1787476426.175078,90,4,UDP,443,52783,,forward,20260823_144333_web_001_5c95,Web
1787476426.175078,146,4,UDP,443,52783,,forward,20260823_144333_web_001_5c95,Web
1787476426.175078,90,4,UDP,443,52783,,forward,20260823_144333_web_001_5c95,Web
1787476426.175078,471,4,UDP,443,52783,,forward,20260823_144333_web_001_5c95,Web
1787476426.175078,406,4,UDP,443,52783,,forward,20260823_144333_web_001_5c95,Web
1787476426.175078,90,4,UDP,443,52783,,forward,20260823_144333_web_001_5c95,Web
1787476426.175078,89,4,UDP,443,52783,,forward,20260823_144333_web_001_5c95,Web
1787476426.175078,210,4,UDP,443,52783,,forward,20260823_144333_web_001_5c95,Web
1787476426.175078,275,4,UDP,443,52783,,forward,20260823_144333_web_001_5c95,Web
1787476426.175078,405,4,UDP,443,52783,,forward,20260823_144333_web_001_5c95,Web
1787476426.175078,210,4,UDP,443,52783,,forward,20260823_144333_web_001_5c95,Web
1787476426.175078,89,4,UDP,443,52783,,forward,20260823_144333_web_001_5c95,Web
1787476426.175078,145,4,UDP,443,52783,,forward,20260823_144333_web_001_5c95,Web
1787476426.175317,1366,4,UDP,52783,443,,forward,20260823_144333_web_001_5c95,Web
1787476426.175078,89,4,UDP,443,52783,,forward,20260823_144333_web_001_5c95,Web
1787476426.175078,89,4,UDP,443,52783,,forward,20260823_144333_web_001_5c95,Web
1787476426.175078,275,4,UDP,443,52783,,forward,20260823_144333_web_001_5c95,Web
1787476426.175078,405,4,UDP,443,52783,,forward,20260823_144333_web_001_5c95,Web
1787476426.175078,275,4,UDP,443,52783,,forward,20260823_144333_web_001_5c95,Web
1787476426.175078,89,4,UDP,443,52783,,forward,20260823_144333_web_001_5c95,Web
1787476426.175078,89,4,UDP,443,52783,,forward,20260823_144333_web_001_5c95,Web
1787476426.175078,210,4,UDP,443,52783,,forward,20260823_144333_web_001_5c95,Web
1787476426.175078,275,4,UDP,443,52783,,forward,20260823_144333_web_001_5c95,Web
1787476426.175078,535,4,UDP,443,52783,,forward,20260823_144333_web_001_5c95,Web
1787476426.175078,89,4,UDP,443,52783,,forward,20260823_144333_web_001_5c95,Web
1787476426.175078,89,4,UDP,443,52783,,forward,20260823_144333_web_001_5c95,Web
1787476426.175078,275,4,UDP,443,52783,,forward,20260823_144333_web_001_5c95,Web
1787476426.175078,340,4,UDP,443,52783,,forward,20260823_144333_web_001_5c95,Web
1787476426.175078,275,4,UDP,443,52783,,forward,20260823_144333_web_001_5c95,Web
1787476426.175078,89,4,UDP,443,52783,,forward,20260823_144333_web_001_5c95,Web
1787476426.175078,89,4,UDP,443,52783,,forward,20260823_144333_web_001_5c95,Web
1787476426.175078,275,4,UDP,443,52783,,forward,20260823_144333_web_001_5c95,Web
1787476426.175078,405,4,UDP,443,52783,,forward,20260823_144333_web_001_5c95,Web
1787476426.175078,210,4,UDP,443,52783,,forward,20260823_144333_web_001_5c95,Web
1787476426.175078,145,4,UDP,443,52783,,forward,20260823_144333_web_001_5c95,Web
1787476426.175078,89,4,UDP,443,52783,,forward,20260823_144333_web_001_5c95,Web
1787476426.175078,89,4,UDP,443,52783,,forward,20260823_144333_web_001_5c95,Web
1787476426.175078,145,4,UDP,443,52783,,forward,20260823_144333_web_001_5c95,Web
1787476426.175078,89,4,UDP,443,52783,,forward,20260823_144333_web_001_5c95,Web
1787476426.175078,145,4,UDP,443,52783,,forward,20260823_144333_web_001_5c95,Web
1787476426.175078,146,4,UDP,443,52783,,forward,20260823_144333_web_001_5c95,Web
1787476426.175078,211,4,UDP,443,52783,,forward,20260823_144333_web_001_5c95,Web
1787476426.175078,146,4,UDP,443,52783,,forward,20260823_144333_web_001_5c95,Web
1787476426.175337,1366,4,UDP,52783,443,,forward,20260823_144333_web_001_5c95,Web
1787476426.175357,1366,4,UDP,52783,443,,forward,20260823_144333_web_001_5c95,Web
1787476426.175377,1366,4,UDP,52783,443,,forward,20260823_144333_web_001_5c95,Web
1787476426.175397,1366,4,UDP,52783,443,,forward,20260823_144333_web_001_5c95,Web
1787476426.17542,1366,4,UDP,52783,443,,forward,20260823_144333_web_001_5c95,Web
1787476426.175438,1366,4,UDP,52783,443,,forward,20260823_144333_web_001_5c95,Web
1787476426.175458,1366,4,UDP,52783,443,,forward,20260823_144333_web_001_5c95,Web
1787476426.175482,1366,4,UDP,52783,443,,forward,20260823_144333_web_001_5c95,Web
1787476426.175509,644,4,UDP,52783,443,,forward,20260823_144333_web_001_5c95,Web
1787476426.175558,1366,4,UDP,52783,443,,forward,20260823_144333_web_001_5c95,Web
1787476426.17558,1366,4,UDP,52783,443,,forward,20260823_144333_web_001_5c95,Web
1787476426.175601,1366,4,UDP,52783,443,,forward,20260823_144333_web_001_5c95,Web
1787476426.175621,1366,4,UDP,52783,443,,forward,20260823_144333_web_001_5c95,Web
1787476426.175642,1366,4,UDP,52783,443,,forward,20260823_144333_web_001_5c95,Web
1787476426.175663,1366,4,UDP,52783,443,,forward,20260823_144333_web_001_5c95,Web
1787476426.175681,1366,4,UDP,52783,443,,forward,20260823_144333_web_001_5c95,Web
1787476426.189679,1366,4,UDP,52783,443,,forward,20260823_144333_web_001_5c95,Web
1787476426.189789,90,4,UDP,443,52783,,forward,20260823_144333_web_001_5c95,Web
1787476426.189789,90,4,UDP,443,52783,,forward,20260823_144333_web_001_5c95,Web
1787476426.189789,90,4,UDP,443,52783,,forward,20260823_144333_web_001_5c95,Web
1787476426.189789,276,4,UDP,443,52783,,forward,20260823_144333_web_001_5c95,Web
1787476426.189789,146,4,UDP,443,52783,,forward,20260823_144333_web_001_5c95,Web
1787476426.189789,90,4,UDP,443,52783,,forward,20260823_144333_web_001_5c95,Web
1787476426.189789,536,4,UDP,443,52783,,forward,20260823_144333_web_001_5c95,Web
1787476426.189789,90,4,UDP,443,52783,,forward,20260823_144333_web_001_5c95,Web
1787476426.189789,90,4,UDP,443,52783,,forward,20260823_144333_web_001_5c95,Web
1787476426.189789,146,4,UDP,443,52783,,forward,20260823_144333_web_001_5c95,Web
1787476426.189789,796,4,UDP,443,52783,,forward,20260823_144333_web_001_5c95,Web
1787476426.189789,90,4,UDP,443,52783,,forward,20260823_144333_web_001_5c95,Web
1787476426.189789,211,4,UDP,443,52783,,forward,20260823_144333_web_001_5c95,Web
1787476426.189789,90,4,UDP,443,52783,,forward,20260823_144333_web_001_5c95,Web
1787476426.189861,1366,4,UDP,52783,443,,forward,20260823_144333_web_001_5c95,Web
1787476426.189917,1366,4,UDP,52783,443,,forward,20260823_144333_web_001_5c95,Web
1787476426.189944,1366,4,UDP,52783,443,,forward,20260823_144333_web_001_5c95,Web
1787476426.189969,1366,4,UDP,52783,443,,forward,20260823_144333_web_001_5c95,Web
1787476426.189994,1366,4,UDP,52783,443,,forward,20260823_144333_web_001_5c95,Web
1787476426.190016,692,4,UDP,52783,443,,forward,20260823_144333_web_001_5c95,Web
1787476426.190038,1366,4,UDP,52783,443,,forward,20260823_144333_web_001_5c95,Web
1787476426.190059,1366,4,UDP,52783,443,,forward,20260823_144333_web_001_5c95,Web
1787476426.190081,1366,4,UDP,52783,443,,forward,20260823_144333_web_001_5c95,Web
1787476426.190103,1366,4,UDP,52783,443,,forward,20260823_144333_web_001_5c95,Web
1787476426.190124,1366,4,UDP,52783,443,,forward,20260823_144333_web_001_5c95,Web
1787476426.190147,1366,4,UDP,52783,443,,forward,20260823_144333_web_001_5c95,Web
1787476426.190168,1366,4,UDP,52783,443,,forward,20260823_144333_web_001_5c95,Web
1787476426.19019,1366,4,UDP,52783,443,,forward,20260823_144333_web_001_5c95,Web
1787476426.190212,1366,4,UDP,52783,443,,forward,20260823_144333_web_001_5c95,Web
1787476426.190233,1366,4,UDP,52783,443,,forward,20260823_144333_web_001_5c95,Web
1787476426.190255,1366,4,UDP,52783,443,,forward,20260823_144333_web_001_5c95,Web
1787476426.190277,1366,4,UDP,52783,443,,forward,20260823_144333_web_001_5c95,Web
1787476426.190298,1366,4,UDP,52783,443,,forward,20260823_144333_web_001_5c95,Web
1787476426.190319,1366,4,UDP,52783,443,,forward,20260823_144333_web_001_5c95,Web
1787476426.190344,1366,4,UDP,52783,443,,forward,20260823_144333_web_001_5c95,Web
1787476426.190367,1366,4,UDP,52783,443,,forward,20260823_144333_web_001_5c95,Web
1787476426.190388,1366,4,UDP,52783,443,,forward,20260823_144333_web_001_5c95,Web
1787476426.19041,1366,4,UDP,52783,443,,forward,20260823_144333_web_001_5c95,Web
1787476426.190431,1366,4,UDP,52783,443,,forward,20260823_144333_web_001_5c95,Web
1787476426.190453,1366,4,UDP,52783,443,,forward,20260823_144333_web_001_5c95,Web
1787476426.190475,1366,4,UDP,52783,443,,forward,20260823_144333_web_001_5c95,Web
1787476426.190497,1366,4,UDP,52783,443,,forward,20260823_144333_web_001_5c95,Web
1787476426.190519,1366,4,UDP,52783,443,,forward,20260823_144333_web_001_5c95,Web
1787476426.190549,1366,4,UDP,52783,443,,forward,20260823_144333_web_001_5c95,Web
1787476426.190574,1366,4,UDP,52783,443,,forward,20260823_144333_web_001_5c95,Web
1787476426.190598,1366,4,UDP,52783,443,,forward,20260823_144333_web_001_5c95,Web
1787476426.190624,1366,4,UDP,52783,443,,forward,20260823_144333_web_001_5c95,Web
1787476426.190648,1366,4,UDP,52783,443,,forward,20260823_144333_web_001_5c95,Web
1787476426.190671,1366,4,UDP,52783,443,,forward,20260823_144333_web_001_5c95,Web
1787476426.190694,1366,4,UDP,52783,443,,forward,20260823_144333_web_001_5c95,Web
1787476426.190784,1366,4,UDP,52783,443,,forward,20260823_144333_web_001_5c95,Web
1787476426.19083,1366,4,UDP,52783,443,,forward,20260823_144333_web_001_5c95,Web
1787476426.190848,1366,4,UDP,52783,443,,forward,20260823_144333_web_001_5c95,Web
1787476426.190862,1366,4,UDP,52783,443,,forward,20260823_144333_web_001_5c95,Web
1787476426.190877,1366,4,UDP,52783,443,,forward,20260823_144333_web_001_5c95,Web
1787476426.190892,1366,4,UDP,52783,443,,forward,20260823_144333_web_001_5c95,Web
1787476426.190907,1366,4,UDP,52783,443,,forward,20260823_144333_web_001_5c95,Web
1787476426.190924,1366,4,UDP,52783,443,,forward,20260823_144333_web_001_5c95,Web
1787476426.190938,1366,4,UDP,52783,443,,forward,20260823_144333_web_001_5c95,Web
1787476426.190953,1366,4,UDP,52783,443,,forward,20260823_144333_web_001_5c95,Web
1787476426.190968,1142,4,UDP,52783,443,,forward,20260823_144333_web_001_5c95,Web
1787476426.190985,1366,4,UDP,52783,443,,forward,20260823_144333_web_001_5c95,Web
1787476426.191,1366,4,UDP,52783,443,,forward,20260823_144333_web_001_5c95,Web
1787476426.191016,1366,4,UDP,52783,443,,forward,20260823_144333_web_001_5c95,Web
1787476426.19563,536,4,UDP,443,52783,,forward,20260823_144333_web_001_5c95,Web
1787476426.19563,276,4,UDP,443,52783,,forward,20260823_144333_web_001_5c95,Web
1787476426.19563,90,4,UDP,443,52783,,forward,20260823_144333_web_001_5c95,Web
1787476426.19563,146,4,UDP,443,52783,,forward,20260823_144333_web_001_5c95,Web
1787476426.19563,90,4,UDP,443,52783,,forward,20260823_144333_web_001_5c95,Web
1787476426.19563,796,4,UDP,443,52783,,forward,20260823_144333_web_001_5c95,Web
1787476426.19563,90,4,UDP,443,52783,,forward,20260823_144333_web_001_5c95,Web
1787476426.19563,90,4,UDP,443,52783,,forward,20260823_144333_web_001_5c95,Web
1787476426.19563,90,4,UDP,443,52783,,forward,20260823_144333_web_001_5c95,Web
1787476426.19563,211,4,UDP,443,52783,,forward,20260823_144333_web_001_5c95,Web
1787476426.19563,276,4,UDP,443,52783,,forward,20260823_144333_web_001_5c95,Web
1787476426.19563,90,4,UDP,443,52783,,forward,20260823_144333_web_001_5c95,Web
1787476426.19563,90,4,UDP,443,52783,,forward,20260823_144333_web_001_5c95,Web
1787476426.19563,146,4,UDP,443,52783,,forward,20260823_144333_web_001_5c95,Web
1787476426.19563,90,4,UDP,443,52783,,forward,20260823_144333_web_001_5c95,Web
1787476426.19563,90,4,UDP,443,52783,,forward,20260823_144333_web_001_5c95,Web
1787476426.19563,276,4,UDP,443,52783,,forward,20260823_144333_web_001_5c95,Web
1787476426.19563,146,4,UDP,443,52783,,forward,20260823_144333_web_001_5c95,Web
1787476426.19563,276,4,UDP,443,52783,,forward,20260823_144333_web_001_5c95,Web
1787476426.19563,276,4,UDP,443,52783,,forward,20260823_144333_web_001_5c95,Web
1787476426.204673,1366,4,UDP,52783,443,,forward,20260823_144333_web_001_5c95,Web
1787476426.204733,90,4,UDP,443,52783,,forward,20260823_144333_web_001_5c95,Web
1787476426.204733,90,4,UDP,443,52783,,forward,20260823_144333_web_001_5c95,Web
1787476426.204733,211,4,UDP,443,52783,,forward,20260823_144333_web_001_5c95,Web
1787476426.204733,146,4,UDP,443,52783,,forward,20260823_144333_web_001_5c95,Web
1787476426.204733,211,4,UDP,443,52783,,forward,20260823_144333_web_001_5c95,Web
1787476426.204733,146,4,UDP,443,52783,,forward,20260823_144333_web_001_5c95,Web
1787476426.204733,211,4,UDP,443,52783,,forward,20260823_144333_web_001_5c95,Web
1787476426.204733,211,4,UDP,443,52783,,forward,20260823_144333_web_001_5c95,Web
1787476426.204733,211,4,UDP,443,52783,,forward,20260823_144333_web_001_5c95,Web
1787476426.204733,90,4,UDP,443,52783,,forward,20260823_144333_web_001_5c95,Web
1787476426.204733,90,4,UDP,443,52783,,forward,20260823_144333_web_001_5c95,Web
1787476426.204733,90,4,UDP,443,52783,,forward,20260823_144333_web_001_5c95,Web
1787476426.204733,211,4,UDP,443,52783,,forward,20260823_144333_web_001_5c95,Web
1787476426.204733,146,4,UDP,443,52783,,forward,20260823_144333_web_001_5c95,Web
1787476426.204733,146,4,UDP,443,52783,,forward,20260823_144333_web_001_5c95,Web
1787476426.204733,471,4,UDP,443,52783,,forward,20260823_144333_web_001_5c95,Web
1787476426.204733,146,4,UDP,443,52783,,forward,20260823_144333_web_001_5c95,Web
1787476426.204733,146,4,UDP,443,52783,,forward,20260823_144333_web_001_5c95,Web
1787476426.204733,90,4,UDP,443,52783,,forward,20260823_144333_web_001_5c95,Web
1787476426.204733,90,4,UDP,443,52783,,forward,20260823_144333_web_001_5c95,Web
1787476426.204733,146,4,UDP,443,52783,,forward,20260823_144333_web_001_5c95,Web
1787476426.204733,90,4,UDP,443,52783,,forward,20260823_144333_web_001_5c95,Web
1787476426.204733,146,4,UDP,443,52783,,forward,20260823_144333_web_001_5c95,Web
1787476426.204733,146,4,UDP,443,52783,,forward,20260823_144333_web_001_5c95,Web
1787476426.204733,146,4,UDP,443,52783,,forward,20260823_144333_web_001_5c95,Web
1787476426.204733,90,4,UDP,443,52783,,forward,20260823_144333_web_001_5c95,Web
1787476426.204733,276,4,UDP,443,52783,,forward,20260823_144333_web_001_5c95,Web
1787476426.20481,1366,4,UDP,52783,443,,forward,20260823_144333_web_001_5c95,Web
1787476426.204733,406,4,UDP,443,52783,,forward,20260823_144333_web_001_5c95,Web
1787476426.204733,90,4,UDP,443,52783,,forward,20260823_144333_web_001_5c95,Web
1787476426.204733,146,4,UDP,443,52783,,forward,20260823_144333_web_001_5c95,Web
1787476426.204847,1366,4,UDP,52783,443,,forward,20260823_144333_web_001_5c95,Web
1787476426.204865,1366,4,UDP,52783,443,,forward,20260823_144333_web_001_5c95,Web
1787476426.204883,1366,4,UDP,52783,443,,forward,20260823_144333_web_001_5c95,Web
1787476426.204898,1366,4,UDP,52783,443,,forward,20260823_144333_web_001_5c95,Web
1787476426.204915,1366,4,UDP,52783,443,,forward,20260823_144333_web_001_5c95,Web
1787476426.20493,1366,4,UDP,52783,443,,forward,20260823_144333_web_001_5c95,Web
1787476426.204946,1366,4,UDP,52783,443,,forward,20260823_144333_web_001_5c95,Web
1787476426.204963,1366,4,UDP,52783,443,,forward,20260823_144333_web_001_5c95,Web
1787476426.20498,1366,4,UDP,52783,443,,forward,20260823_144333_web_001_5c95,Web
1787476426.204997,1366,4,UDP,52783,443,,forward,20260823_144333_web_001_5c95,Web
1787476426.205013,1366,4,UDP,52783,443,,forward,20260823_144333_web_001_5c95,Web
1787476426.205028,1366,4,UDP,52783,443,,forward,20260823_144333_web_001_5c95,Web
1787476426.205045,1366,4,UDP,52783,443,,forward,20260823_144333_web_001_5c95,Web
1787476426.20506,1366,4,UDP,52783,443,,forward,20260823_144333_web_001_5c95,Web
1787476426.205076,1366,4,UDP,52783,443,,forward,20260823_144333_web_001_5c95,Web
1787476426.205092,1366,4,UDP,52783,443,,forward,20260823_144333_web_001_5c95,Web
1787476426.205108,1366,4,UDP,52783,443,,forward,20260823_144333_web_001_5c95,Web
1787476426.205123,1366,4,UDP,52783,443,,forward,20260823_144333_web_001_5c95,Web
1787476426.205139,1366,4,UDP,52783,443,,forward,20260823_144333_web_001_5c95,Web
1787476426.205154,1366,4,UDP,52783,443,,forward,20260823_144333_web_001_5c95,Web
1787476426.205172,1366,4,UDP,52783,443,,forward,20260823_144333_web_001_5c95,Web
1787476426.205187,1366,4,UDP,52783,443,,forward,20260823_144333_web_001_5c95,Web
1787476426.205202,1366,4,UDP,52783,443,,forward,20260823_144333_web_001_5c95,Web
1787476426.205217,1366,4,UDP,52783,443,,forward,20260823_144333_web_001_5c95,Web
1787476426.205232,1366,4,UDP,52783,443,,forward,20260823_144333_web_001_5c95,Web
1787476426.205248,1366,4,UDP,52783,443,,forward,20260823_144333_web_001_5c95,Web
1787476426.205265,1366,4,UDP,52783,443,,forward,20260823_144333_web_001_5c95,Web
1787476426.205684,90,4,UDP,52783,443,,forward,20260823_144333_web_001_5c95,Web
1787476426.2059,1366,4,UDP,52783,443,,forward,20260823_144333_web_001_5c95,Web
1787476426.205949,1366,4,UDP,52783,443,,forward,20260823_144333_web_001_5c95,Web
1787476426.205982,1366,4,UDP,52783,443,,forward,20260823_144333_web_001_5c95,Web
1787476426.206008,1366,4,UDP,52783,443,,forward,20260823_144333_web_001_5c95,Web
1787476426.206031,1366,4,UDP,52783,443,,forward,20260823_144333_web_001_5c95,Web
1787476426.206057,146,4,UDP,52783,443,,forward,20260823_144333_web_001_5c95,Web
1787476426.206081,1366,4,UDP,52783,443,,forward,20260823_144333_web_001_5c95,Web
1787476426.206106,1366,4,UDP,52783,443,,forward,20260823_144333_web_001_5c95,Web
1787476426.206131,1206,4,UDP,52783,443,,forward,20260823_144333_web_001_5c95,Web
1787476426.206157,1366,4,UDP,52783,443,,forward,20260823_144333_web_001_5c95,Web
1787476426.206191,1366,4,UDP,52783,443,,forward,20260823_144333_web_001_5c95,Web
1787476426.206221,1366,4,UDP,52783,443,,forward,20260823_144333_web_001_5c95,Web
1787476426.206247,1366,4,UDP,52783,443,,forward,20260823_144333_web_001_5c95,Web
1787476426.206272,1366,4,UDP,52783,443,,forward,20260823_144333_web_001_5c95,Web
1787476426.206297,1366,4,UDP,52783,443,,forward,20260823_144333_web_001_5c95,Web
1787476426.206323,1366,4,UDP,52783,443,,forward,20260823_144333_web_001_5c95,Web
1787476426.206348,1366,4,UDP,52783,443,,forward,20260823_144333_web_001_5c95,Web
1787476426.206374,1366,4,UDP,52783,443,,forward,20260823_144333_web_001_5c95,Web
1787476426.206401,1366,4,UDP,52783,443,,forward,20260823_144333_web_001_5c95,Web
1787476426.20643,1366,4,UDP,52783,443,,forward,20260823_144333_web_001_5c95,Web
1787476426.206455,1366,4,UDP,52783,443,,forward,20260823_144333_web_001_5c95,Web
1787476426.206481,1366,4,UDP,52783,443,,forward,20260823_144333_web_001_5c95,Web
1787476426.21961,1061,4,UDP,52783,443,,forward,20260823_144333_web_001_5c95,Web
1787476426.219727,1366,4,UDP,52783,443,,forward,20260823_144333_web_001_5c95,Web
1787476426.219762,1366,4,UDP,52783,443,,forward,20260823_144333_web_001_5c95,Web
1787476426.21978,1366,4,UDP,52783,443,,forward,20260823_144333_web_001_5c95,Web
1787476426.219795,1366,4,UDP,52783,443,,forward,20260823_144333_web_001_5c95,Web
1787476426.21981,1366,4,UDP,52783,443,,forward,20260823_144333_web_001_5c95,Web
1787476426.219828,1366,4,UDP,52783,443,,forward,20260823_144333_web_001_5c95,Web
1787476426.219846,1366,4,UDP,52783,443,,forward,20260823_144333_web_001_5c95,Web
1787476426.219864,1366,4,UDP,52783,443,,forward,20260823_144333_web_001_5c95,Web
1787476426.219879,1366,4,UDP,52783,443,,forward,20260823_144333_web_001_5c95,Web
1787476426.219895,1366,4,UDP,52783,443,,forward,20260823_144333_web_001_5c95,Web
1787476426.219911,1366,4,UDP,52783,443,,forward,20260823_144333_web_001_5c95,Web
1787476426.21985,90,4,UDP,443,52783,,forward,20260823_144333_web_001_5c95,Web
1787476426.21985,211,4,UDP,443,52783,,forward,20260823_144333_web_001_5c95,Web
1787476426.219929,1366,4,UDP,52783,443,,forward,20260823_144333_web_001_5c95,Web
1787476426.21985,90,4,UDP,443,52783,,forward,20260823_144333_web_001_5c95,Web
1787476426.21985,90,4,UDP,443,52783,,forward,20260823_144333_web_001_5c95,Web
1787476426.21985,211,4,UDP,443,52783,,forward,20260823_144333_web_001_5c95,Web
1787476426.21985,146,4,UDP,443,52783,,forward,20260823_144333_web_001_5c95,Web
1787476426.21985,341,4,UDP,443,52783,,forward,20260823_144333_web_001_5c95,Web
1787476426.21985,146,4,UDP,443,52783,,forward,20260823_144333_web_001_5c95,Web
1787476426.21985,146,4,UDP,443,52783,,forward,20260823_144333_web_001_5c95,Web
1787476426.21985,211,4,UDP,443,52783,,forward,20260823_144333_web_001_5c95,Web
1787476426.21985,90,4,UDP,443,52783,,forward,20260823_144333_web_001_5c95,Web
1787476426.21985,90,4,UDP,443,52783,,forward,20260823_144333_web_001_5c95,Web
1787476426.21985,146,4,UDP,443,52783,,forward,20260823_144333_web_001_5c95,Web
1787476426.21985,90,4,UDP,443,52783,,forward,20260823_144333_web_001_5c95,Web
1787476426.21985,276,4,UDP,443,52783,,forward,20260823_144333_web_001_5c95,Web
1787476426.21985,276,4,UDP,443,52783,,forward,20260823_144333_web_001_5c95,Web
1787476426.21985,211,4,UDP,443,52783,,forward,20260823_144333_web_001_5c95,Web
1787476426.21985,276,4,UDP,443,52783,,forward,20260823_144333_web_001_5c95,Web
1787476426.21985,90,4,UDP,443,52783,,forward,20260823_144333_web_001_5c95,Web
1787476426.21985,90,4,UDP,443,52783,,forward,20260823_144333_web_001_5c95,Web
1787476426.21985,90,4,UDP,443,52783,,forward,20260823_144333_web_001_5c95,Web
1787476426.21985,211,4,UDP,443,52783,,forward,20260823_144333_web_001_5c95,Web
1787476426.21985,276,4,UDP,443,52783,,forward,20260823_144333_web_001_5c95,Web
1787476426.21985,341,4,UDP,443,52783,,forward,20260823_144333_web_001_5c95,Web
1787476426.21985,276,4,UDP,443,52783,,forward,20260823_144333_web_001_5c95,Web
1787476426.21985,90,4,UDP,443,52783,,forward,20260823_144333_web_001_5c95,Web
1787476426.21985,90,4,UDP,443,52783,,forward,20260823_144333_web_001_5c95,Web
1787476426.21985,146,4,UDP,443,52783,,forward,20260823_144333_web_001_5c95,Web
1787476426.21985,666,4,UDP,443,52783,,forward,20260823_144333_web_001_5c95,Web
1787476426.21985,211,4,UDP,443,52783,,forward,20260823_144333_web_001_5c95,Web
1787476426.21985,90,4,UDP,443,52783,,forward,20260823_144333_web_001_5c95,Web
1787476426.21985,146,4,UDP,443,52783,,forward,20260823_144333_web_001_5c95,Web
1787476426.219945,1366,4,UDP,52783,443,,forward,20260823_144333_web_001_5c95,Web
1787476426.219961,1061,4,UDP,52783,443,,forward,20260823_144333_web_001_5c95,Web
1787476426.219976,1366,4,UDP,52783,443,,forward,20260823_144333_web_001_5c95,Web
1787476426.219992,1366,4,UDP,52783,443,,forward,20260823_144333_web_001_5c95,Web
1787476426.220009,1366,4,UDP,52783,443,,forward,20260823_144333_web_001_5c95,Web
1787476426.220024,1366,4,UDP,52783,443,,forward,20260823_144333_web_001_5c95,Web
1787476426.22004,1366,4,UDP,52783,443,,forward,20260823_144333_web_001_5c95,Web
1787476426.220056,1366,4,UDP,52783,443,,forward,20260823_144333_web_001_5c95,Web
1787476426.220072,1366,4,UDP,52783,443,,forward,20260823_144333_web_001_5c95,Web
1787476426.220088,1366,4,UDP,52783,443,,forward,20260823_144333_web_001_5c95,Web
1787476426.220104,1366,4,UDP,52783,443,,forward,20260823_144333_web_001_5c95,Web
1787476426.220118,1366,4,UDP,52783,443,,forward,20260823_144333_web_001_5c95,Web
1787476426.220133,1366,4,UDP,52783,443,,forward,20260823_144333_web_001_5c95,Web
1787476426.220151,1366,4,UDP,52783,443,,forward,20260823_144333_web_001_5c95,Web
1787476426.220179,1366,4,UDP,52783,443,,forward,20260823_144333_web_001_5c95,Web
1787476426.220207,1366,4,UDP,52783,443,,forward,20260823_144333_web_001_5c95,Web
1787476426.220224,1366,4,UDP,52783,443,,forward,20260823_144333_web_001_5c95,Web
1787476426.220239,1366,4,UDP,52783,443,,forward,20260823_144333_web_001_5c95,Web
1787476426.220253,1366,4,UDP,52783,443,,forward,20260823_144333_web_001_5c95,Web
1787476426.220268,1366,4,UDP,52783,443,,forward,20260823_144333_web_001_5c95,Web
1787476426.220283,1366,4,UDP,52783,443,,forward,20260823_144333_web_001_5c95,Web
1787476426.220298,1366,4,UDP,52783,443,,forward,20260823_144333_web_001_5c95,Web
1787476426.220314,1366,4,UDP,52783,443,,forward,20260823_144333_web_001_5c95,Web
1787476426.220329,1366,4,UDP,52783,443,,forward,20260823_144333_web_001_5c95,Web
1787476426.220346,1366,4,UDP,52783,443,,forward,20260823_144333_web_001_5c95,Web
1787476426.220401,1366,4,UDP,52783,443,,forward,20260823_144333_web_001_5c95,Web
1787476426.220422,1366,4,UDP,52783,443,,forward,20260823_144333_web_001_5c95,Web
1787476426.220439,1366,4,UDP,52783,443,,forward,20260823_144333_web_001_5c95,Web
1787476426.220455,1366,4,UDP,52783,443,,forward,20260823_144333_web_001_5c95,Web
1787476426.220474,1366,4,UDP,52783,443,,forward,20260823_144333_web_001_5c95,Web
1787476426.22049,1366,4,UDP,52783,443,,forward,20260823_144333_web_001_5c95,Web
1787476426.220506,1366,4,UDP,52783,443,,forward,20260823_144333_web_001_5c95,Web
1787476426.220522,1366,4,UDP,52783,443,,forward,20260823_144333_web_001_5c95,Web
1787476426.220538,1366,4,UDP,52783,443,,forward,20260823_144333_web_001_5c95,Web
1787476426.220554,1366,4,UDP,52783,443,,forward,20260823_144333_web_001_5c95,Web
1787476426.220572,1366,4,UDP,52783,443,,forward,20260823_144333_web_001_5c95,Web
1787476426.220589,1366,4,UDP,52783,443,,forward,20260823_144333_web_001_5c95,Web
1787476426.228546,1366,4,UDP,52783,443,,forward,20260823_144333_web_001_5c95,Web
1787476426.228658,1366,4,UDP,52783,443,,forward,20260823_144333_web_001_5c95,Web
1787476426.228697,1366,4,UDP,52783,443,,forward,20260823_144333_web_001_5c95,Web
1787476426.228669,90,4,UDP,443,52783,,forward,20260823_144333_web_001_5c95,Web
1787476426.228669,90,4,UDP,443,52783,,forward,20260823_144333_web_001_5c95,Web
1787476426.228669,341,4,UDP,443,52783,,forward,20260823_144333_web_001_5c95,Web
1787476426.228669,406,4,UDP,443,52783,,forward,20260823_144333_web_001_5c95,Web
1787476426.228669,211,4,UDP,443,52783,,forward,20260823_144333_web_001_5c95,Web
1787476426.228669,90,4,UDP,443,52783,,forward,20260823_144333_web_001_5c95,Web
1787476426.228669,90,4,UDP,443,52783,,forward,20260823_144333_web_001_5c95,Web
1787476426.228669,146,4,UDP,443,52783,,forward,20260823_144333_web_001_5c95,Web
1787476426.228669,90,4,UDP,443,52783,,forward,20260823_144333_web_001_5c95,Web
1787476426.228669,211,4,UDP,443,52783,,forward,20260823_144333_web_001_5c95,Web
1787476426.228669,341,4,UDP,443,52783,,forward,20260823_144333_web_001_5c95,Web
1787476426.228669,341,4,UDP,443,52783,,forward,20260823_144333_web_001_5c95,Web
1787476426.228669,146,4,UDP,443,52783,,forward,20260823_144333_web_001_5c95,Web
1787476426.228669,90,4,UDP,443,52783,,forward,20260823_144333_web_001_5c95,Web
1787476426.228669,90,4,UDP,443,52783,,forward,20260823_144333_web_001_5c95,Web
1787476426.228669,406,4,UDP,443,52783,,forward,20260823_144333_web_001_5c95,Web
1787476426.228723,1366,4,UDP,52783,443,,forward,20260823_144333_web_001_5c95,Web
1787476426.228746,1366,4,UDP,52783,443,,forward,20260823_144333_web_001_5c95,Web
1787476426.228771,1366,4,UDP,52783,443,,forward,20260823_144333_web_001_5c95,Web
1787476426.228793,1366,4,UDP,52783,443,,forward,20260823_144333_web_001_5c95,Web
1787476426.228818,1366,4,UDP,52783,443,,forward,20260823_144333_web_001_5c95,Web
1787476426.228841,1366,4,UDP,52783,443,,forward,20260823_144333_web_001_5c95,Web
1787476426.228864,1366,4,UDP,52783,443,,forward,20260823_144333_web_001_5c95,Web
1787476426.228886,1366,4,UDP,52783,443,,forward,20260823_144333_web_001_5c95,Web
1787476426.228909,1366,4,UDP,52783,443,,forward,20260823_144333_web_001_5c95,Web
1787476426.228931,1366,4,UDP,52783,443,,forward,20260823_144333_web_001_5c95,Web
1787476426.228953,1366,4,UDP,52783,443,,forward,20260823_144333_web_001_5c95,Web
1787476426.228974,1366,4,UDP,52783,443,,forward,20260823_144333_web_001_5c95,Web
1787476426.228997,1366,4,UDP,52783,443,,forward,20260823_144333_web_001_5c95,Web
1787476426.229019,1366,4,UDP,52783,443,,forward,20260823_144333_web_001_5c95,Web
1787476426.229041,1366,4,UDP,52783,443,,forward,20260823_144333_web_001_5c95,Web
1787476426.229064,1061,4,UDP,52783,443,,forward,20260823_144333_web_001_5c95,Web
1787476426.229085,1366,4,UDP,52783,443,,forward,20260823_144333_web_001_5c95,Web
1787476426.229108,1366,4,UDP,52783,443,,forward,20260823_144333_web_001_5c95,Web
1787476426.22913,1366,4,UDP,52783,443,,forward,20260823_144333_web_001_5c95,Web
1787476426.229152,1366,4,UDP,52783,443,,forward,20260823_144333_web_001_5c95,Web
1787476426.229174,1366,4,UDP,52783,443,,forward,20260823_144333_web_001_5c95,Web
1787476426.229197,1366,4,UDP,52783,443,,forward,20260823_144333_web_001_5c95,Web
1787476426.22922,1366,4,UDP,52783,443,,forward,20260823_144333_web_001_5c95,Web
1787476426.229242,1366,4,UDP,52783,443,,forward,20260823_144333_web_001_5c95,Web
1787476426.229265,1366,4,UDP,52783,443,,forward,20260823_144333_web_001_5c95,Web
1787476426.229287,1366,4,UDP,52783,443,,forward,20260823_144333_web_001_5c95,Web
1787476426.229309,1366,4,UDP,52783,443,,forward,20260823_144333_web_001_5c95,Web
1787476426.229331,1366,4,UDP,52783,443,,forward,20260823_144333_web_001_5c95,Web
1787476426.229354,1366,4,UDP,52783,443,,forward,20260823_144333_web_001_5c95,Web
1787476426.229376,1366,4,UDP,52783,443,,forward,20260823_144333_web_001_5c95,Web
1787476426.229399,1366,4,UDP,52783,443,,forward,20260823_144333_web_001_5c95,Web
1787476426.229422,1366,4,UDP,52783,443,,forward,20260823_144333_web_001_5c95,Web
1787476426.229525,1366,4,UDP,52783,443,,forward,20260823_144333_web_001_5c95,Web
1787476426.22956,1366,4,UDP,52783,443,,forward,20260823_144333_web_001_5c95,Web
1787476426.229585,1366,4,UDP,52783,443,,forward,20260823_144333_web_001_5c95,Web
1787476426.229609,1366,4,UDP,52783,443,,forward,20260823_144333_web_001_5c95,Web
1787476426.229631,1366,4,UDP,52783,443,,forward,20260823_144333_web_001_5c95,Web
1787476426.229653,1366,4,UDP,52783,443,,forward,20260823_144333_web_001_5c95,Web
1787476426.229675,1366,4,UDP,52783,443,,forward,20260823_144333_web_001_5c95,Web
1787476426.229698,1366,4,UDP,52783,443,,forward,20260823_144333_web_001_5c95,Web
1787476426.22972,1366,4,UDP,52783,443,,forward,20260823_144333_web_001_5c95,Web
1787476426.229742,1366,4,UDP,52783,443,,forward,20260823_144333_web_001_5c95,Web
1787476426.229764,1366,4,UDP,52783,443,,forward,20260823_144333_web_001_5c95,Web
1787476426.229787,1366,4,UDP,52783,443,,forward,20260823_144333_web_001_5c95,Web
1787476426.229809,1366,4,UDP,52783,443,,forward,20260823_144333_web_001_5c95,Web
1787476426.229833,1366,4,UDP,52783,443,,forward,20260823_144333_web_001_5c95,Web
1787476426.229855,1366,4,UDP,52783,443,,forward,20260823_144333_web_001_5c95,Web
1787476426.234597,1366,4,UDP,52783,443,,forward,20260823_144333_web_001_5c95,Web
1787476426.234734,1366,4,UDP,52783,443,,forward,20260823_144333_web_001_5c95,Web
1787476426.234724,90,4,UDP,443,52783,,forward,20260823_144333_web_001_5c95,Web
1787476426.234724,90,4,UDP,443,52783,,forward,20260823_144333_web_001_5c95,Web
1787476426.234724,146,4,UDP,443,52783,,forward,20260823_144333_web_001_5c95,Web
1787476426.234724,211,4,UDP,443,52783,,forward,20260823_144333_web_001_5c95,Web
1787476426.234724,90,4,UDP,443,52783,,forward,20260823_144333_web_001_5c95,Web
1787476426.234724,90,4,UDP,443,52783,,forward,20260823_144333_web_001_5c95,Web
1787476426.234724,471,4,UDP,443,52783,,forward,20260823_144333_web_001_5c95,Web
1787476426.234724,471,4,UDP,443,52783,,forward,20260823_144333_web_001_5c95,Web
1787476426.234724,90,4,UDP,443,52783,,forward,20260823_144333_web_001_5c95,Web
1787476426.234724,90,4,UDP,443,52783,,forward,20260823_144333_web_001_5c95,Web
1787476426.234724,146,4,UDP,443,52783,,forward,20260823_144333_web_001_5c95,Web
1787476426.234724,211,4,UDP,443,52783,,forward,20260823_144333_web_001_5c95,Web
1787476426.234724,146,4,UDP,443,52783,,forward,20260823_144333_web_001_5c95,Web
1787476426.234774,1366,4,UDP,52783,443,,forward,20260823_144333_web_001_5c95,Web
1787476426.234792,1366,4,UDP,52783,443,,forward,20260823_144333_web_001_5c95,Web
1787476426.234812,1366,4,UDP,52783,443,,forward,20260823_144333_web_001_5c95,Web
1787476426.234829,1366,4,UDP,52783,443,,forward,20260823_144333_web_001_5c95,Web
1787476426.234846,1366,4,UDP,52783,443,,forward,20260823_144333_web_001_5c95,Web
1787476426.234866,1366,4,UDP,52783,443,,forward,20260823_144333_web_001_5c95,Web
1787476426.234886,1366,4,UDP,52783,443,,forward,20260823_144333_web_001_5c95,Web
1787476426.234904,1366,4,UDP,52783,443,,forward,20260823_144333_web_001_5c95,Web
1787476426.234922,1366,4,UDP,52783,443,,forward,20260823_144333_web_001_5c95,Web
1787476426.234943,1366,4,UDP,52783,443,,forward,20260823_144333_web_001_5c95,Web
1787476426.234963,1366,4,UDP,52783,443,,forward,20260823_144333_web_001_5c95,Web
1787476426.234981,1366,4,UDP,52783,443,,forward,20260823_144333_web_001_5c95,Web
1787476426.235,1366,4,UDP,52783,443,,forward,20260823_144333_web_001_5c95,Web
1787476426.235018,1366,4,UDP,52783,443,,forward,20260823_144333_web_001_5c95,Web
1787476426.235036,1366,4,UDP,52783,443,,forward,20260823_144333_web_001_5c95,Web
1787476426.235055,1366,4,UDP,52783,443,,forward,20260823_144333_web_001_5c95,Web
1787476426.235072,1366,4,UDP,52783,443,,forward,20260823_144333_web_001_5c95,Web
1787476426.23509,1366,4,UDP,52783,443,,forward,20260823_144333_web_001_5c95,Web
1787476426.23511,1366,4,UDP,52783,443,,forward,20260823_144333_web_001_5c95,Web
1787476426.235129,1366,4,UDP,52783,443,,forward,20260823_144333_web_001_5c95,Web
1787476426.23515,1061,4,UDP,52783,443,,forward,20260823_144333_web_001_5c95,Web
1787476426.235215,1366,4,UDP,52783,443,,forward,20260823_144333_web_001_5c95,Web
1787476426.235283,1366,4,UDP,52783,443,,forward,20260823_144333_web_001_5c95,Web
1787476426.23537,1366,4,UDP,52783,443,,forward,20260823_144333_web_001_5c95,Web
1787476426.235389,1366,4,UDP,52783,443,,forward,20260823_144333_web_001_5c95,Web
1787476426.235407,1366,4,UDP,52783,443,,forward,20260823_144333_web_001_5c95,Web
1787476426.235426,1366,4,UDP,52783,443,,forward,20260823_144333_web_001_5c95,Web
1787476426.235444,1366,4,UDP,52783,443,,forward,20260823_144333_web_001_5c95,Web
1787476426.235471,1366,4,UDP,52783,443,,forward,20260823_144333_web_001_5c95,Web
1787476426.235504,1366,4,UDP,52783,443,,forward,20260823_144333_web_001_5c95,Web
1787476426.235524,1366,4,UDP,52783,443,,forward,20260823_144333_web_001_5c95,Web
1787476426.235545,1366,4,UDP,52783,443,,forward,20260823_144333_web_001_5c95,Web
1787476426.235565,1366,4,UDP,52783,443,,forward,20260823_144333_web_001_5c95,Web
1787476426.235584,1366,4,UDP,52783,443,,forward,20260823_144333_web_001_5c95,Web
1787476426.24964,1366,4,UDP,52783,443,,forward,20260823_144333_web_001_5c95,Web
1787476426.249751,1366,4,UDP,52783,443,,forward,20260823_144333_web_001_5c95,Web
1787476426.249791,1366,4,UDP,52783,443,,forward,20260823_144333_web_001_5c95,Web
1787476426.249823,1366,4,UDP,52783,443,,forward,20260823_144333_web_001_5c95,Web
1787476426.249848,1366,4,UDP,52783,443,,forward,20260823_144333_web_001_5c95,Web
1787476426.249872,1366,4,UDP,52783,443,,forward,20260823_144333_web_001_5c95,Web
1787476426.249896,1366,4,UDP,52783,443,,forward,20260823_144333_web_001_5c95,Web
1787476426.249827,90,4,UDP,443,52783,,forward,20260823_144333_web_001_5c95,Web
1787476426.249827,90,4,UDP,443,52783,,forward,20260823_144333_web_001_5c95,Web
1787476426.249827,146,4,UDP,443,52783,,forward,20260823_144333_web_001_5c95,Web
1787476426.249827,276,4,UDP,443,52783,,forward,20260823_144333_web_001_5c95,Web
1787476426.249827,211,4,UDP,443,52783,,forward,20260823_144333_web_001_5c95,Web
1787476426.249827,90,4,UDP,443,52783,,forward,20260823_144333_web_001_5c95,Web
1787476426.249827,90,4,UDP,443,52783,,forward,20260823_144333_web_001_5c95,Web
1787476426.249827,146,4,UDP,443,52783,,forward,20260823_144333_web_001_5c95,Web
1787476426.249921,1366,4,UDP,52783,443,,forward,20260823_144333_web_001_5c95,Web
1787476426.249827,471,4,UDP,443,52783,,forward,20260823_144333_web_001_5c95,Web
1787476426.249827,90,4,UDP,443,52783,,forward,20260823_144333_web_001_5c95,Web
1787476426.249827,406,4,UDP,443,52783,,forward,20260823_144333_web_001_5c95,Web
1787476426.249827,90,4,UDP,443,52783,,forward,20260823_144333_web_001_5c95,Web
1787476426.249827,90,4,UDP,443,52783,,forward,20260823_144333_web_001_5c95,Web
1787476426.249827,276,4,UDP,443,52783,,forward,20260823_144333_web_001_5c95,Web
1787476426.249827,276,4,UDP,443,52783,,forward,20260823_144333_web_001_5c95,Web
1787476426.249827,146,4,UDP,443,52783,,forward,20260823_144333_web_001_5c95,Web
1787476426.249827,406,4,UDP,443,52783,,forward,20260823_144333_web_001_5c95,Web
1787476426.249827,90,4,UDP,443,52783,,forward,20260823_144333_web_001_5c95,Web
1787476426.249827,90,4,UDP,443,52783,,forward,20260823_144333_web_001_5c95,Web
1787476426.249827,146,4,UDP,443,52783,,forward,20260823_144333_web_001_5c95,Web
1787476426.249827,90,4,UDP,443,52783,,forward,20260823_144333_web_001_5c95,Web
1787476426.249827,146,4,UDP,443,52783,,forward,20260823_144333_web_001_5c95,Web
1787476426.249827,341,4,UDP,443,52783,,forward,20260823_144333_web_001_5c95,Web
1787476426.249827,90,4,UDP,443,52783,,forward,20260823_144333_web_001_5c95,Web
1787476426.249827,90,4,UDP,443,52783,,forward,20260823_144333_web_001_5c95,Web
1787476426.249827,471,4,UDP,443,52783,,forward,20260823_144333_web_001_5c95,Web
1787476426.249827,276,4,UDP,443,52783,,forward,20260823_144333_web_001_5c95,Web
1787476426.249827,276,4,UDP,443,52783,,forward,20260823_144333_web_001_5c95,Web
1787476426.249827,90,4,UDP,443,52783,,forward,20260823_144333_web_001_5c95,Web
1787476426.249827,90,4,UDP,443,52783,,forward,20260823_144333_web_001_5c95,Web
1787476426.249827,276,4,UDP,443,52783,,forward,20260823_144333_web_001_5c95,Web
1787476426.249952,1366,4,UDP,52783,443,,forward,20260823_144333_web_001_5c95,Web
1787476426.249976,1366,4,UDP,52783,443,,forward,20260823_144333_web_001_5c95,Web
1787476426.25,1366,4,UDP,52783,443,,forward,20260823_144333_web_001_5c95,Web
1787476426.250023,1366,4,UDP,52783,443,,forward,20260823_144333_web_001_5c95,Web
1787476426.250055,1366,4,UDP,52783,443,,forward,20260823_144333_web_001_5c95,Web
1787476426.25008,1366,4,UDP,52783,443,,forward,20260823_144333_web_001_5c95,Web
1787476426.250108,1366,4,UDP,52783,443,,forward,20260823_144333_web_001_5c95,Web
1787476426.250133,1366,4,UDP,52783,443,,forward,20260823_144333_web_001_5c95,Web
1787476426.250155,1366,4,UDP,52783,443,,forward,20260823_144333_web_001_5c95,Web
1787476426.250177,1366,4,UDP,52783,443,,forward,20260823_144333_web_001_5c95,Web
1787476426.250203,1366,4,UDP,52783,443,,forward,20260823_144333_web_001_5c95,Web
1787476426.250241,1366,4,UDP,52783,443,,forward,20260823_144333_web_001_5c95,Web
1787476426.250266,1366,4,UDP,52783,443,,forward,20260823_144333_web_001_5c95,Web
1787476426.25029,1366,4,UDP,52783,443,,forward,20260823_144333_web_001_5c95,Web
1787476426.250314,1366,4,UDP,52783,443,,forward,20260823_144333_web_001_5c95,Web
1787476426.250339,1366,4,UDP,52783,443,,forward,20260823_144333_web_001_5c95,Web
1787476426.250362,1366,4,UDP,52783,443,,forward,20260823_144333_web_001_5c95,Web
1787476426.250385,1366,4,UDP,52783,443,,forward,20260823_144333_web_001_5c95,Web
1787476426.250408,1366,4,UDP,52783,443,,forward,20260823_144333_web_001_5c95,Web
1787476426.250433,1366,4,UDP,52783,443,,forward,20260823_144333_web_001_5c95,Web
1787476426.250455,1366,4,UDP,52783,443,,forward,20260823_144333_web_001_5c95,Web
1787476426.250477,1366,4,UDP,52783,443,,forward,20260823_144333_web_001_5c95,Web
1787476426.250684,1375,4,UDP,52783,443,,forward,20260823_144333_web_001_5c95,Web
1787476426.25073,1366,4,UDP,52783,443,,forward,20260823_144333_web_001_5c95,Web
1787476426.250756,1366,4,UDP,52783,443,,forward,20260823_144333_web_001_5c95,Web
1787476426.250783,1366,4,UDP,52783,443,,forward,20260823_144333_web_001_5c95,Web
1787476426.250807,1366,4,UDP,52783,443,,forward,20260823_144333_web_001_5c95,Web
1787476426.25083,1366,4,UDP,52783,443,,forward,20260823_144333_web_001_5c95,Web
1787476426.250853,1366,4,UDP,52783,443,,forward,20260823_144333_web_001_5c95,Web
1787476426.250875,1366,4,UDP,52783,443,,forward,20260823_144333_web_001_5c95,Web
1787476426.250897,1366,4,UDP,52783,443,,forward,20260823_144333_web_001_5c95,Web
1787476426.25092,1366,4,UDP,52783,443,,forward,20260823_144333_web_001_5c95,Web
1787476426.250943,1061,4,UDP,52783,443,,forward,20260823_144333_web_001_5c95,Web
1787476426.250964,1366,4,UDP,52783,443,,forward,20260823_144333_web_001_5c95,Web
1787476426.250986,1366,4,UDP,52783,443,,forward,20260823_144333_web_001_5c95,Web
1787476426.251008,1366,4,UDP,52783,443,,forward,20260823_144333_web_001_5c95,Web
1787476426.251033,1366,4,UDP,52783,443,,forward,20260823_144333_web_001_5c95,Web
1787476426.251055,1366,4,UDP,52783,443,,forward,20260823_144333_web_001_5c95,Web
1787476426.251077,1366,4,UDP,52783,443,,forward,20260823_144333_web_001_5c95,Web
1787476426.2511,1366,4,UDP,52783,443,,forward,20260823_144333_web_001_5c95,Web
1787476426.251123,1366,4,UDP,52783,443,,forward,20260823_144333_web_001_5c95,Web
1787476426.251144,1366,4,UDP,52783,443,,forward,20260823_144333_web_001_5c95,Web
1787476426.263608,1366,4,UDP,52783,443,,forward,20260823_144333_web_001_5c95,Web
1787476426.263718,1366,4,UDP,52783,443,,forward,20260823_144333_web_001_5c95,Web
1787476426.263715,90,4,UDP,443,52783,,forward,20260823_144333_web_001_5c95,Web
1787476426.263715,146,4,UDP,443,52783,,forward,20260823_144333_web_001_5c95,Web
1787476426.263715,90,4,UDP,443,52783,,forward,20260823_144333_web_001_5c95,Web
1787476426.263715,536,4,UDP,443,52783,,forward,20260823_144333_web_001_5c95,Web
1787476426.263715,341,4,UDP,443,52783,,forward,20260823_144333_web_001_5c95,Web
1787476426.263715,90,4,UDP,443,52783,,forward,20260823_144333_web_001_5c95,Web
1787476426.263715,90,4,UDP,443,52783,,forward,20260823_144333_web_001_5c95,Web
1787476426.263715,276,4,UDP,443,52783,,forward,20260823_144333_web_001_5c95,Web
1787476426.263715,276,4,UDP,443,52783,,forward,20260823_144333_web_001_5c95,Web
1787476426.263715,146,4,UDP,443,52783,,forward,20260823_144333_web_001_5c95,Web
1787476426.263715,341,4,UDP,443,52783,,forward,20260823_144333_web_001_5c95,Web
1787476426.263715,146,4,UDP,443,52783,,forward,20260823_144333_web_001_5c95,Web
1787476426.263715,90,4,UDP,443,52783,,forward,20260823_144333_web_001_5c95,Web
1787476426.263715,90,4,UDP,443,52783,,forward,20260823_144333_web_001_5c95,Web
1787476426.263715,90,4,UDP,443,52783,,forward,20260823_144333_web_001_5c95,Web
1787476426.263715,211,4,UDP,443,52783,,forward,20260823_144333_web_001_5c95,Web
1787476426.263715,146,4,UDP,443,52783,,forward,20260823_144333_web_001_5c95,Web
1787476426.263715,89,4,UDP,443,52783,,forward,20260823_144333_web_001_5c95,Web
1787476426.263715,172,4,UDP,443,52783,,forward,20260823_144333_web_001_5c95,Web
1787476426.263715,145,4,UDP,443,52783,,forward,20260823_144333_web_001_5c95,Web
1787476426.263715,405,4,UDP,443,52783,,forward,20260823_144333_web_001_5c95,Web
1787476426.263715,210,4,UDP,443,52783,,forward,20260823_144333_web_001_5c95,Web
1787476426.263715,145,4,UDP,443,52783,,forward,20260823_144333_web_001_5c95,Web
1787476426.263715,89,4,UDP,443,52783,,forward,20260823_144333_web_001_5c95,Web
1787476426.263715,89,4,UDP,443,52783,,forward,20260823_144333_web_001_5c95,Web
1787476426.263715,145,4,UDP,443,52783,,forward,20260823_144333_web_001_5c95,Web
1787476426.263715,89,4,UDP,443,52783,,forward,20260823_144333_web_001_5c95,Web
1787476426.263715,145,4,UDP,443,52783,,forward,20260823_144333_web_001_5c95,Web
1787476426.263715,89,4,UDP,443,52783,,forward,20260823_144333_web_001_5c95,Web
1787476426.263715,210,4,UDP,443,52783,,forward,20260823_144333_web_001_5c95,Web
1787476426.263715,470,4,UDP,443,52783,,forward,20260823_144333_web_001_5c95,Web
1787476426.263715,210,4,UDP,443,52783,,forward,20260823_144333_web_001_5c95,Web
1787476426.263715,89,4,UDP,443,52783,,forward,20260823_144333_web_001_5c95,Web
1787476426.263715,89,4,UDP,443,52783,,forward,20260823_144333_web_001_5c95,Web
1787476426.263715,146,4,UDP,443,52783,,forward,20260823_144333_web_001_5c95,Web
1787476426.263715,146,4,UDP,443,52783,,forward,20260823_144333_web_001_5c95,Web
1787476426.263755,1366,4,UDP,52783,443,,forward,20260823_144333_web_001_5c95,Web
1787476426.263791,1366,4,UDP,52783,443,,forward,20260823_144333_web_001_5c95,Web
1787476426.263814,1366,4,UDP,52783,443,,forward,20260823_144333_web_001_5c95,Web
1787476426.263841,1366,4,UDP,52783,443,,forward,20260823_144333_web_001_5c95,Web
1787476426.263866,1366,4,UDP,52783,443,,forward,20260823_144333_web_001_5c95,Web
1787476426.26389,1366,4,UDP,52783,443,,forward,20260823_144333_web_001_5c95,Web
1787476426.263914,1366,4,UDP,52783,443,,forward,20260823_144333_web_001_5c95,Web
1787476426.26394,1366,4,UDP,52783,443,,forward,20260823_144333_web_001_5c95,Web
1787476426.263965,1366,4,UDP,52783,443,,forward,20260823_144333_web_001_5c95,Web
1787476426.263988,1366,4,UDP,52783,443,,forward,20260823_144333_web_001_5c95,Web
1787476426.264011,1366,4,UDP,52783,443,,forward,20260823_144333_web_001_5c95,Web
1787476426.264033,1366,4,UDP,52783,443,,forward,20260823_144333_web_001_5c95,Web
1787476426.264057,1366,4,UDP,52783,443,,forward,20260823_144333_web_001_5c95,Web
1787476426.26408,1366,4,UDP,52783,443,,forward,20260823_144333_web_001_5c95,Web
1787476426.264103,1366,4,UDP,52783,443,,forward,20260823_144333_web_001_5c95,Web
1787476426.264128,1366,4,UDP,52783,443,,forward,20260823_144333_web_001_5c95,Web
1787476426.26415,1366,4,UDP,52783,443,,forward,20260823_144333_web_001_5c95,Web
1787476426.264173,1366,4,UDP,52783,443,,forward,20260823_144333_web_001_5c95,Web
1787476426.264197,1366,4,UDP,52783,443,,forward,20260823_144333_web_001_5c95,Web
1787476426.264221,1366,4,UDP,52783,443,,forward,20260823_144333_web_001_5c95,Web
1787476426.264245,1366,4,UDP,52783,443,,forward,20260823_144333_web_001_5c95,Web
1787476426.264269,1366,4,UDP,52783,443,,forward,20260823_144333_web_001_5c95,Web
1787476426.264293,1366,4,UDP,52783,443,,forward,20260823_144333_web_001_5c95,Web
1787476426.264317,1366,4,UDP,52783,443,,forward,20260823_144333_web_001_5c95,Web
1787476426.264342,1366,4,UDP,52783,443,,forward,20260823_144333_web_001_5c95,Web
1787476426.264372,1366,4,UDP,52783,443,,forward,20260823_144333_web_001_5c95,Web
1787476426.264397,1366,4,UDP,52783,443,,forward,20260823_144333_web_001_5c95,Web
1787476426.26442,1366,4,UDP,52783,443,,forward,20260823_144333_web_001_5c95,Web
1787476426.264445,1366,4,UDP,52783,443,,forward,20260823_144333_web_001_5c95,Web
1787476426.264472,1366,4,UDP,52783,443,,forward,20260823_144333_web_001_5c95,Web
1787476426.264498,1366,4,UDP,52783,443,,forward,20260823_144333_web_001_5c95,Web
1787476426.264526,1366,4,UDP,52783,443,,forward,20260823_144333_web_001_5c95,Web
1787476426.264556,1366,4,UDP,52783,443,,forward,20260823_144333_web_001_5c95,Web
1787476426.264587,1366,4,UDP,52783,443,,forward,20260823_144333_web_001_5c95,Web
1787476426.264616,1366,4,UDP,52783,443,,forward,20260823_144333_web_001_5c95,Web
1787476426.264648,1366,4,UDP,52783,443,,forward,20260823_144333_web_001_5c95,Web
1787476426.264678,1366,4,UDP,52783,443,,forward,20260823_144333_web_001_5c95,Web
1787476426.264706,1366,4,UDP,52783,443,,forward,20260823_144333_web_001_5c95,Web
1787476426.264734,1366,4,UDP,52783,443,,forward,20260823_144333_web_001_5c95,Web
1787476426.264764,1366,4,UDP,52783,443,,forward,20260823_144333_web_001_5c95,Web
1787476426.264794,1366,4,UDP,52783,443,,forward,20260823_144333_web_001_5c95,Web
1787476426.264822,1366,4,UDP,52783,443,,forward,20260823_144333_web_001_5c95,Web
1787476426.264855,1061,4,UDP,52783,443,,forward,20260823_144333_web_001_5c95,Web
1787476426.264882,1366,4,UDP,52783,443,,forward,20260823_144333_web_001_5c95,Web
1787476426.264909,1366,4,UDP,52783,443,,forward,20260823_144333_web_001_5c95,Web
1787476426.264935,1366,4,UDP,52783,443,,forward,20260823_144333_web_001_5c95,Web
1787476426.264962,1366,4,UDP,52783,443,,forward,20260823_144333_web_001_5c95,Web
1787476426.264993,1366,4,UDP,52783,443,,forward,20260823_144333_web_001_5c95,Web
1787476426.28014,1366,4,UDP,52783,443,,forward,20260823_144333_web_001_5c95,Web
1787476426.280271,1366,4,UDP,52783,443,,forward,20260823_144333_web_001_5c95,Web
1787476426.280323,1366,4,UDP,52783,443,,forward,20260823_144333_web_001_5c95,Web
1787476426.280357,1366,4,UDP,52783,443,,forward,20260823_144333_web_001_5c95,Web
1787476426.280385,1366,4,UDP,52783,443,,forward,20260823_144333_web_001_5c95,Web
1787476426.280412,1366,4,UDP,52783,443,,forward,20260823_144333_web_001_5c95,Web
1787476426.280437,1366,4,UDP,52783,443,,forward,20260823_144333_web_001_5c95,Web
1787476426.280463,1366,4,UDP,52783,443,,forward,20260823_144333_web_001_5c95,Web
1787476426.28049,1061,4,UDP,52783,443,,forward,20260823_144333_web_001_5c95,Web
1787476426.280516,1366,4,UDP,52783,443,,forward,20260823_144333_web_001_5c95,Web
1787476426.280545,1366,4,UDP,52783,443,,forward,20260823_144333_web_001_5c95,Web
1787476426.280416,90,4,UDP,443,52783,,forward,20260823_144333_web_001_5c95,Web
1787476426.280416,146,4,UDP,443,52783,,forward,20260823_144333_web_001_5c95,Web
1787476426.280416,90,4,UDP,443,52783,,forward,20260823_144333_web_001_5c95,Web
1787476426.280572,1366,4,UDP,52783,443,,forward,20260823_144333_web_001_5c95,Web
1787476426.280416,90,4,UDP,443,52783,,forward,20260823_144333_web_001_5c95,Web
1787476426.280416,146,4,UDP,443,52783,,forward,20260823_144333_web_001_5c95,Web
1787476426.280416,90,4,UDP,443,52783,,forward,20260823_144333_web_001_5c95,Web
1787476426.280416,211,4,UDP,443,52783,,forward,20260823_144333_web_001_5c95,Web
1787476426.280416,90,4,UDP,443,52783,,forward,20260823_144333_web_001_5c95,Web
1787476426.280416,90,4,UDP,443,52783,,forward,20260823_144333_web_001_5c95,Web
1787476426.280416,601,4,UDP,443,52783,,forward,20260823_144333_web_001_5c95,Web
1787476426.280416,90,4,UDP,443,52783,,forward,20260823_144333_web_001_5c95,Web
1787476426.280416,211,4,UDP,443,52783,,forward,20260823_144333_web_001_5c95,Web
1787476426.280416,90,4,UDP,443,52783,,forward,20260823_144333_web_001_5c95,Web
1787476426.280416,90,4,UDP,443,52783,,forward,20260823_144333_web_001_5c95,Web
1787476426.280416,90,4,UDP,443,52783,,forward,20260823_144333_web_001_5c95,Web
1787476426.280416,146,4,UDP,443,52783,,forward,20260823_144333_web_001_5c95,Web
1787476426.280416,90,4,UDP,443,52783,,forward,20260823_144333_web_001_5c95,Web
1787476426.280416,211,4,UDP,443,52783,,forward,20260823_144333_web_001_5c95,Web
1787476426.280416,146,4,UDP,443,52783,,forward,20260823_144333_web_001_5c95,Web
1787476426.280416,90,4,UDP,443,52783,,forward,20260823_144333_web_001_5c95,Web
1787476426.280416,341,4,UDP,443,52783,,forward,20260823_144333_web_001_5c95,Web
1787476426.280416,341,4,UDP,443,52783,,forward,20260823_144333_web_001_5c95,Web
1787476426.280416,146,4,UDP,443,52783,,forward,20260823_144333_web_001_5c95,Web
1787476426.280416,276,4,UDP,443,52783,,forward,20260823_144333_web_001_5c95,Web
1787476426.280416,341,4,UDP,443,52783,,forward,20260823_144333_web_001_5c95,Web
1787476426.280416,90,4,UDP,443,52783,,forward,20260823_144333_web_001_5c95,Web
1787476426.280416,471,4,UDP,443,52783,,forward,20260823_144333_web_001_5c95,Web
1787476426.280416,146,4,UDP,443,52783,,forward,20260823_144333_web_001_5c95,Web
1787476426.280416,90,4,UDP,443,52783,,forward,20260823_144333_web_001_5c95,Web
1787476426.280416,276,4,UDP,443,52783,,forward,20260823_144333_web_001_5c95,Web
1787476426.280416,471,4,UDP,443,52783,,forward,20260823_144333_web_001_5c95,Web
1787476426.280416,90,4,UDP,443,52783,,forward,20260823_144333_web_001_5c95,Web
1787476426.280416,146,4,UDP,443,52783,,forward,20260823_144333_web_001_5c95,Web
1787476426.280416,90,4,UDP,443,52783,,forward,20260823_144333_web_001_5c95,Web
1787476426.280416,146,4,UDP,443,52783,,forward,20260823_144333_web_001_5c95,Web
1787476426.280416,90,4,UDP,443,52783,,forward,20260823_144333_web_001_5c95,Web
1787476426.280416,90,4,UDP,443,52783,,forward,20260823_144333_web_001_5c95,Web
1787476426.280416,341,4,UDP,443,52783,,forward,20260823_144333_web_001_5c95,Web
1787476426.280416,211,4,UDP,443,52783,,forward,20260823_144333_web_001_5c95,Web
1787476426.280416,211,4,UDP,443,52783,,forward,20260823_144333_web_001_5c95,Web
1787476426.280416,146,4,UDP,443,52783,,forward,20260823_144333_web_001_5c95,Web
1787476426.280416,146,4,UDP,443,52783,,forward,20260823_144333_web_001_5c95,Web
1787476426.280416,90,4,UDP,443,52783,,forward,20260823_144333_web_001_5c95,Web
1787476426.280416,146,4,UDP,443,52783,,forward,20260823_144333_web_001_5c95,Web
1787476426.280416,90,4,UDP,443,52783,,forward,20260823_144333_web_001_5c95,Web
1787476426.280416,341,4,UDP,443,52783,,forward,20260823_144333_web_001_5c95,Web
1787476426.280416,536,4,UDP,443,52783,,forward,20260823_144333_web_001_5c95,Web
1787476426.280416,90,4,UDP,443,52783,,forward,20260823_144333_web_001_5c95,Web
1787476426.280416,146,4,UDP,443,52783,,forward,20260823_144333_web_001_5c95,Web
1787476426.280416,90,4,UDP,443,52783,,forward,20260823_144333_web_001_5c95,Web
1787476426.280416,276,4,UDP,443,52783,,forward,20260823_144333_web_001_5c95,Web
1787476426.280416,276,4,UDP,443,52783,,forward,20260823_144333_web_001_5c95,Web
1787476426.280416,341,4,UDP,443,52783,,forward,20260823_144333_web_001_5c95,Web
1787476426.280599,1366,4,UDP,52783,443,,forward,20260823_144333_web_001_5c95,Web
1787476426.280416,146,4,UDP,443,52783,,forward,20260823_144333_web_001_5c95,Web
1787476426.280626,1366,4,UDP,52783,443,,forward,20260823_144333_web_001_5c95,Web
1787476426.280655,1366,4,UDP,52783,443,,forward,20260823_144333_web_001_5c95,Web
1787476426.280681,1366,4,UDP,52783,443,,forward,20260823_144333_web_001_5c95,Web
1787476426.280706,1366,4,UDP,52783,443,,forward,20260823_144333_web_001_5c95,Web
1787476426.280731,1366,4,UDP,52783,443,,forward,20260823_144333_web_001_5c95,Web
1787476426.280755,1366,4,UDP,52783,443,,forward,20260823_144333_web_001_5c95,Web
1787476426.280782,1366,4,UDP,52783,443,,forward,20260823_144333_web_001_5c95,Web
1787476426.280807,644,4,UDP,52783,443,,forward,20260823_144333_web_001_5c95,Web
1787476426.281038,90,4,UDP,52783,443,,forward,20260823_144333_web_001_5c95,Web
1787476426.281341,90,4,UDP,52783,443,,forward,20260823_144333_web_001_5c95,Web
1787476426.295321,90,4,UDP,443,52783,,forward,20260823_144333_web_001_5c95,Web
1787476426.295321,90,4,UDP,443,52783,,forward,20260823_144333_web_001_5c95,Web
1787476426.295321,146,4,UDP,443,52783,,forward,20260823_144333_web_001_5c95,Web
1787476426.295321,276,4,UDP,443,52783,,forward,20260823_144333_web_001_5c95,Web
1787476426.295321,406,4,UDP,443,52783,,forward,20260823_144333_web_001_5c95,Web
1787476426.295321,276,4,UDP,443,52783,,forward,20260823_144333_web_001_5c95,Web
1787476426.295321,90,4,UDP,443,52783,,forward,20260823_144333_web_001_5c95,Web
1787476426.295321,90,4,UDP,443,52783,,forward,20260823_144333_web_001_5c95,Web
1787476426.295321,146,4,UDP,443,52783,,forward,20260823_144333_web_001_5c95,Web
1787476426.295321,90,4,UDP,443,52783,,forward,20260823_144333_web_001_5c95,Web
1787476426.295321,146,4,UDP,443,52783,,forward,20260823_144333_web_001_5c95,Web
1787476426.295321,211,4,UDP,443,52783,,forward,20260823_144333_web_001_5c95,Web
1787476426.295321,90,4,UDP,443,52783,,forward,20260823_144333_web_001_5c95,Web
1787476426.295321,601,4,UDP,443,52783,,forward,20260823_144333_web_001_5c95,Web
1787476426.295321,90,4,UDP,443,52783,,forward,20260823_144333_web_001_5c95,Web
1787476426.295321,146,4,UDP,443,52783,,forward,20260823_144333_web_001_5c95,Web
1787476426.295321,90,4,UDP,443,52783,,forward,20260823_144333_web_001_5c95,Web
1787476426.295321,341,4,UDP,443,52783,,forward,20260823_144333_web_001_5c95,Web
1787476426.295321,341,4,UDP,443,52783,,forward,20260823_144333_web_001_5c95,Web
1787476426.295321,146,4,UDP,443,52783,,forward,20260823_144333_web_001_5c95,Web
1787476426.295321,211,4,UDP,443,52783,,forward,20260823_144333_web_001_5c95,Web
1787476426.295321,90,4,UDP,443,52783,,forward,20260823_144333_web_001_5c95,Web
1787476426.295321,90,4,UDP,443,52783,,forward,20260823_144333_web_001_5c95,Web
1787476426.295321,146,4,UDP,443,52783,,forward,20260823_144333_web_001_5c95,Web
1787476426.295321,90,4,UDP,443,52783,,forward,20260823_144333_web_001_5c95,Web
1787476426.295321,341,4,UDP,443,52783,,forward,20260823_144333_web_001_5c95,Web
1787476426.295321,211,4,UDP,443,52783,,forward,20260823_144333_web_001_5c95,Web
1787476426.295321,406,4,UDP,443,52783,,forward,20260823_144333_web_001_5c95,Web
1787476426.295321,90,4,UDP,443,52783,,forward,20260823_144333_web_001_5c95,Web
1787476426.295321,146,4,UDP,443,52783,,forward,20260823_144333_web_001_5c95,Web
1787476426.295321,90,4,UDP,443,52783,,forward,20260823_144333_web_001_5c95,Web
1787476426.295321,146,4,UDP,443,52783,,forward,20260823_144333_web_001_5c95,Web
1787476426.295788,89,4,UDP,52783,443,,forward,20260823_144333_web_001_5c95,Web
1787476426.297066,90,4,UDP,443,52783,,forward,20260823_144333_web_001_5c95,Web
1787476426.297066,146,4,UDP,443,52783,,forward,20260823_144333_web_001_5c95,Web
1787476426.297066,90,4,UDP,443,52783,,forward,20260823_144333_web_001_5c95,Web
1787476426.297066,90,4,UDP,443,52783,,forward,20260823_144333_web_001_5c95,Web
1787476426.297066,341,4,UDP,443,52783,,forward,20260823_144333_web_001_5c95,Web
1787476426.297291,89,4,UDP,52783,443,,forward,20260823_144333_web_001_5c95,Web
1787476426.310483,536,4,UDP,443,52783,,forward,20260823_144333_web_001_5c95,Web
1787476426.310483,90,4,UDP,443,52783,,forward,20260823_144333_web_001_5c95,Web
1787476426.310483,90,4,UDP,443,52783,,forward,20260823_144333_web_001_5c95,Web
1787476426.310483,211,4,UDP,443,52783,,forward,20260823_144333_web_001_5c95,Web
1787476426.310483,90,4,UDP,443,52783,,forward,20260823_144333_web_001_5c95,Web
1787476426.310483,90,4,UDP,443,52783,,forward,20260823_144333_web_001_5c95,Web
1787476426.310483,731,4,UDP,443,52783,,forward,20260823_144333_web_001_5c95,Web
1787476426.310483,90,4,UDP,443,52783,,forward,20260823_144333_web_001_5c95,Web
1787476426.310483,90,4,UDP,443,52783,,forward,20260823_144333_web_001_5c95,Web
1787476426.310483,146,4,UDP,443,52783,,forward,20260823_144333_web_001_5c95,Web
1787476426.310483,536,4,UDP,443,52783,,forward,20260823_144333_web_001_5c95,Web
1787476426.310483,341,4,UDP,443,52783,,forward,20260823_144333_web_001_5c95,Web
1787476426.310483,90,4,UDP,443,52783,,forward,20260823_144333_web_001_5c95,Web
1787476426.310483,90,4,UDP,443,52783,,forward,20260823_144333_web_001_5c95,Web
1787476426.310483,211,4,UDP,443,52783,,forward,20260823_144333_web_001_5c95,Web
1787476426.310483,406,4,UDP,443,52783,,forward,20260823_144333_web_001_5c95,Web
1787476426.310483,211,4,UDP,443,52783,,forward,20260823_144333_web_001_5c95,Web
1787476426.310483,90,4,UDP,443,52783,,forward,20260823_144333_web_001_5c95,Web
1787476426.310483,90,4,UDP,443,52783,,forward,20260823_144333_web_001_5c95,Web
1787476426.310483,276,4,UDP,443,52783,,forward,20260823_144333_web_001_5c95,Web
1787476426.310483,211,4,UDP,443,52783,,forward,20260823_144333_web_001_5c95,Web
1787476426.310483,90,4,UDP,443,52783,,forward,20260823_144333_web_001_5c95,Web
1787476426.310961,89,4,UDP,52783,443,,forward,20260823_144333_web_001_5c95,Web
1787476426.325448,90,4,UDP,443,52783,,forward,20260823_144333_web_001_5c95,Web
1787476426.325448,146,4,UDP,443,52783,,forward,20260823_144333_web_001_5c95,Web
1787476426.325448,406,4,UDP,443,52783,,forward,20260823_144333_web_001_5c95,Web
1787476426.325448,406,4,UDP,443,52783,,forward,20260823_144333_web_001_5c95,Web
1787476426.325448,90,4,UDP,443,52783,,forward,20260823_144333_web_001_5c95,Web
1787476426.325448,90,4,UDP,443,52783,,forward,20260823_144333_web_001_5c95,Web
1787476426.325448,155,4,UDP,443,52783,,forward,20260823_144333_web_001_5c95,Web
1787476426.325448,90,4,UDP,443,52783,,forward,20260823_144333_web_001_5c95,Web
1787476426.325448,146,4,UDP,443,52783,,forward,20260823_144333_web_001_5c95,Web
1787476426.325448,146,4,UDP,443,52783,,forward,20260823_144333_web_001_5c95,Web
1787476426.325448,146,4,UDP,443,52783,,forward,20260823_144333_web_001_5c95,Web
1787476426.325448,90,4,UDP,443,52783,,forward,20260823_144333_web_001_5c95,Web
1787476426.325448,90,4,UDP,443,52783,,forward,20260823_144333_web_001_5c95,Web
1787476426.325448,90,4,UDP,443,52783,,forward,20260823_144333_web_001_5c95,Web
1787476426.325448,276,4,UDP,443,52783,,forward,20260823_144333_web_001_5c95,Web
1787476426.325448,211,4,UDP,443,52783,,forward,20260823_144333_web_001_5c95,Web
1787476426.325448,146,4,UDP,443,52783,,forward,20260823_144333_web_001_5c95,Web
1787476426.325448,276,4,UDP,443,52783,,forward,20260823_144333_web_001_5c95,Web
1787476426.325448,211,4,UDP,443,52783,,forward,20260823_144333_web_001_5c95,Web
1787476426.325448,90,4,UDP,443,52783,,forward,20260823_144333_web_001_5c95,Web
1787476426.325448,90,4,UDP,443,52783,,forward,20260823_144333_web_001_5c95,Web
1787476426.325448,211,4,UDP,443,52783,,forward,20260823_144333_web_001_5c95,Web
1787476426.325448,276,4,UDP,443,52783,,forward,20260823_144333_web_001_5c95,Web
1787476426.325448,146,4,UDP,443,52783,,forward,20260823_144333_web_001_5c95,Web
1787476426.325448,146,4,UDP,443,52783,,forward,20260823_144333_web_001_5c95,Web
1787476426.325448,211,4,UDP,443,52783,,forward,20260823_144333_web_001_5c95,Web
1787476426.325448,211,4,UDP,443,52783,,forward,20260823_144333_web_001_5c95,Web
1787476426.325448,146,4,UDP,443,52783,,forward,20260823_144333_web_001_5c95,Web
1787476426.325448,90,4,UDP,443,52783,,forward,20260823_144333_web_001_5c95,Web
1787476426.325448,90,4,UDP,443,52783,,forward,20260823_144333_web_001_5c95,Web
1787476426.325448,146,4,UDP,443,52783,,forward,20260823_144333_web_001_5c95,Web
1787476426.325448,276,4,UDP,443,52783,,forward,20260823_144333_web_001_5c95,Web
1787476426.325448,406,4,UDP,443,52783,,forward,20260823_144333_web_001_5c95,Web
1787476426.325448,211,4,UDP,443,52783,,forward,20260823_144333_web_001_5c95,Web
1787476426.325448,146,4,UDP,443,52783,,forward,20260823_144333_web_001_5c95,Web
1787476426.325706,145,4,UDP,52783,443,,forward,20260823_144333_web_001_5c95,Web
1787476426.325943,89,4,UDP,52783,443,,forward,20260823_144333_web_001_5c95,Web
1787476426.33228,90,4,UDP,443,52783,,forward,20260823_144333_web_001_5c95,Web
1787476426.33228,90,4,UDP,443,52783,,forward,20260823_144333_web_001_5c95,Web
1787476426.33228,211,4,UDP,443,52783,,forward,20260823_144333_web_001_5c95,Web
1787476426.33228,276,4,UDP,443,52783,,forward,20260823_144333_web_001_5c95,Web
1787476426.33228,406,4,UDP,443,52783,,forward,20260823_144333_web_001_5c95,Web
1787476426.33228,211,4,UDP,443,52783,,forward,20260823_144333_web_001_5c95,Web
1787476426.33228,90,4,UDP,443,52783,,forward,20260823_144333_web_001_5c95,Web
1787476426.33228,89,4,UDP,443,52783,,forward,20260823_144333_web_001_5c95,Web
1787476426.33228,210,4,UDP,443,52783,,forward,20260823_144333_web_001_5c95,Web
1787476426.33228,210,4,UDP,443,52783,,forward,20260823_144333_web_001_5c95,Web
1787476426.33228,275,4,UDP,443,52783,,forward,20260823_144333_web_001_5c95,Web
1787476426.33228,210,4,UDP,443,52783,,forward,20260823_144333_web_001_5c95,Web
1787476426.332643,89,4,UDP,52783,443,,forward,20260823_144333_web_001_5c95,Web
1787476426.35587,574,4,UDP,443,52783,,forward,20260823_144333_web_001_5c95,Web
1787476426.356112,89,4,UDP,52783,443,,forward,20260823_144333_web_001_5c95,Web
1787476426.387317,88,4,UDP,443,52783,,forward,20260823_144333_web_001_5c95,Web
1787476426.407634,125,4,UDP,52783,443,,forward,20260823_144333_web_001_5c95,Web
1787476426.419374,145,4,UDP,443,52783,,forward,20260823_144333_web_001_5c95,Web
1787476426.419635,88,4,UDP,52783,443,,forward,20260823_144333_web_001_5c95,Web
1787476426.419812,145,4,UDP,52783,443,,forward,20260823_144333_web_001_5c95,Web
1787476426.450351,1365,4,UDP,443,52783,,forward,20260823_144333_web_001_5c95,Web
1787476426.450351,1304,4,UDP,443,52783,,forward,20260823_144333_web_001_5c95,Web
1787476426.450351,152,4,UDP,443,52783,,forward,20260823_144333_web_001_5c95,Web
1787476426.450604,88,4,UDP,52783,443,,forward,20260823_144333_web_001_5c95,Web
1787476426.450814,170,4,UDP,52783,443,,forward,20260823_144333_web_001_5c95,Web
1787476426.451746,194,4,UDP,52783,443,,forward,20260823_144333_web_001_5c95,Web
1787476426.463323,88,4,UDP,443,52783,,forward,20260823_144333_web_001_5c95,Web
1787476426.466266,137,4,UDP,52783,443,,forward,20260823_144333_web_001_5c95,Web
1787476426.48089,88,4,UDP,443,52783,,forward,20260823_144333_web_001_5c95,Web
1787476426.511851,88,4,UDP,443,52783,,forward,20260823_144333_web_001_5c95,Web
1787476426.511851,125,4,UDP,443,52783,,forward,20260823_144333_web_001_5c95,Web
1787476426.511851,125,4,UDP,443,52783,,forward,20260823_144333_web_001_5c95,Web
1787476426.512157,88,4,UDP,52783,443,,forward,20260823_144333_web_001_5c95,Web
1787476426.526874,88,4,UDP,443,52783,,forward,20260823_144333_web_001_5c95,Web
1787476426.526874,137,4,UDP,443,52783,,forward,20260823_144333_web_001_5c95,Web
1787476426.527106,88,4,UDP,52783,443,,forward,20260823_144333_web_001_5c95,Web
1787476426.527487,125,4,UDP,52783,443,,forward,20260823_144333_web_001_5c95,Web
1787476426.527864,713,4,UDP,52783,443,,forward,20260823_144333_web_001_5c95,Web
1787476426.590418,88,4,UDP,443,52783,,forward,20260823_144333_web_001_5c95,Web
1787476426.590418,125,4,UDP,443,52783,,forward,20260823_144333_web_001_5c95,Web
1787476426.590418,344,4,UDP,443,52783,,forward,20260823_144333_web_001_5c95,Web
1787476426.590666,88,4,UDP,52783,443,,forward,20260823_144333_web_001_5c95,Web
1787476426.591408,888,4,UDP,52783,443,,forward,20260823_144333_web_001_5c95,Web
1787476426.629316,696,4,UDP,443,52783,,forward,20260823_144333_web_001_5c95,Web
1787476426.629546,88,4,UDP,52783,443,,forward,20260823_144333_web_001_5c95,Web
1787476426.637386,88,4,UDP,443,52783,,forward,20260823_144333_web_001_5c95,Web
1787476426.683848,125,4,UDP,443,52783,,forward,20260823_144333_web_001_5c95,Web
1787476426.68404,145,4,UDP,52783,443,,forward,20260823_144333_web_001_5c95,Web
1787476426.684142,88,4,UDP,52783,443,,forward,20260823_144333_web_001_5c95,Web
1787476426.730854,88,4,UDP,443,52783,,forward,20260823_144333_web_001_5c95,Web
1787476426.730854,172,4,UDP,443,52783,,forward,20260823_144333_web_001_5c95,Web
1787476426.731242,88,4,UDP,52783,443,,forward,20260823_144333_web_001_5c95,Web
1787476426.776784,145,4,UDP,52783,443,,forward,20260823_144333_web_001_5c95,Web
1787476426.826521,88,4,UDP,443,52783,,forward,20260823_144333_web_001_5c95,Web
1787476427.237172,165,4,UDP,443,52783,,forward,20260823_144333_web_001_5c95,Web
1787476427.238346,88,4,UDP,52783,443,,forward,20260823_144333_web_001_5c95,Web
1787476427.251914,166,4,UDP,52783,443,,forward,20260823_144333_web_001_5c95,Web
1787476427.313335,88,4,UDP,443,52783,,forward,20260823_144333_web_001_5c95,Web
1787476427.440475,145,4,UDP,443,52783,,forward,20260823_144333_web_001_5c95,Web
1787476427.440766,88,4,UDP,52783,443,,forward,20260823_144333_web_001_5c95,Web
1787476427.440972,145,4,UDP,52783,443,,forward,20260823_144333_web_001_5c95,Web
1787476427.49854,88,4,UDP,443,52783,,forward,20260823_144333_web_001_5c95,Web
1787476427.531158,1365,4,UDP,443,52783,,forward,20260823_144333_web_001_5c95,Web
1787476427.531158,1365,4,UDP,443,52783,,forward,20260823_144333_web_001_5c95,Web
1787476427.531158,953,4,UDP,443,52783,,forward,20260823_144333_web_001_5c95,Web
1787476427.531158,1365,4,UDP,443,52783,,forward,20260823_144333_web_001_5c95,Web
1787476427.531158,1365,4,UDP,443,52783,,forward,20260823_144333_web_001_5c95,Web
1787476427.531158,1365,4,UDP,443,52783,,forward,20260823_144333_web_001_5c95,Web
1787476427.531158,1365,4,UDP,443,52783,,forward,20260823_144333_web_001_5c95,Web
1787476427.531158,1365,4,UDP,443,52783,,forward,20260823_144333_web_001_5c95,Web
1787476427.531158,1365,4,UDP,443,52783,,forward,20260823_144333_web_001_5c95,Web
1787476427.531448,88,4,UDP,52783,443,,forward,20260823_144333_web_001_5c95,Web
1787476427.53215,260,4,UDP,52783,443,,forward,20260823_144333_web_001_5c95,Web
1787476427.534101,1365,4,UDP,443,52783,,forward,20260823_144333_web_001_5c95,Web
1787476427.534101,1365,4,UDP,443,52783,,forward,20260823_144333_web_001_5c95,Web
1787476427.534368,88,4,UDP,52783,443,,forward,20260823_144333_web_001_5c95,Web
1787476427.534518,125,4,UDP,52783,443,,forward,20260823_144333_web_001_5c95,Web
1787476427.57979,125,4,UDP,52783,443,,forward,20260823_144333_web_001_5c95,Web
1787476427.594619,88,4,UDP,443,52783,,forward,20260823_144333_web_001_5c95,Web
1787476427.594619,1081,4,UDP,443,52783,,forward,20260823_144333_web_001_5c95,Web
1787476427.594867,88,4,UDP,52783,443,,forward,20260823_144333_web_001_5c95,Web
1787476427.595082,125,4,UDP,52783,443,,forward,20260823_144333_web_001_5c95,Web
1787476427.595453,149,4,UDP,52783,443,,forward,20260823_144333_web_001_5c95,Web
1787476427.595599,125,4,UDP,52783,443,,forward,20260823_144333_web_001_5c95,Web
1787476427.630635,88,4,UDP,443,52783,,forward,20260823_144333_web_001_5c95,Web
1787476427.657585,88,4,UDP,443,52783,,forward,20260823_144333_web_001_5c95,Web
1787476427.657585,170,4,UDP,443,52783,,forward,20260823_144333_web_001_5c95,Web
1787476427.657793,88,4,UDP,52783,443,,forward,20260823_144333_web_001_5c95,Web
1787476427.915687,1365,4,UDP,52783,443,,forward,20260823_144333_web_001_5c95,Web
1787476427.915821,1365,4,UDP,52783,443,,forward,20260823_144333_web_001_5c95,Web
1787476427.915875,1365,4,UDP,52783,443,,forward,20260823_144333_web_001_5c95,Web
1787476427.9159,1365,4,UDP,52783,443,,forward,20260823_144333_web_001_5c95,Web
1787476427.91592,1365,4,UDP,52783,443,,forward,20260823_144333_web_001_5c95,Web
1787476427.915941,786,4,UDP,52783,443,,forward,20260823_144333_web_001_5c95,Web
1787476427.915964,1365,4,UDP,52783,443,,forward,20260823_144333_web_001_5c95,Web
1787476427.915984,1365,4,UDP,52783,443,,forward,20260823_144333_web_001_5c95,Web
1787476427.916002,183,4,UDP,52783,443,,forward,20260823_144333_web_001_5c95,Web
1787476427.975224,88,4,UDP,443,52783,,forward,20260823_144333_web_001_5c95,Web
1787476427.975224,88,4,UDP,443,52783,,forward,20260823_144333_web_001_5c95,Web
1787476427.975224,88,4,UDP,443,52783,,forward,20260823_144333_web_001_5c95,Web
1787476427.975224,88,4,UDP,443,52783,,forward,20260823_144333_web_001_5c95,Web
1787476427.975224,275,4,UDP,443,52783,,forward,20260823_144333_web_001_5c95,Web
1787476427.975224,405,4,UDP,443,52783,,forward,20260823_144333_web_001_5c95,Web
1787476427.975224,210,4,UDP,443,52783,,forward,20260823_144333_web_001_5c95,Web
1787476427.975224,184,4,UDP,443,52783,,forward,20260823_144333_web_001_5c95,Web
1787476427.975661,88,4,UDP,52783,443,,forward,20260823_144333_web_001_5c95,Web
1787476428.021298,84,4,UDP,52783,443,,forward,20260823_144333_web_001_5c95,Web
1787476428.029355,145,4,UDP,52783,443,,forward,20260823_144333_web_001_5c95,Web
1787476428.083725,88,4,UDP,443,52783,,forward,20260823_144333_web_001_5c95,Web
1787476428.083725,88,4,UDP,443,52783,,forward,20260823_144333_web_001_5c95,Web
1787476428.083725,547,4,UDP,443,52783,,forward,20260823_144333_web_001_5c95,Web
1787476428.084303,88,4,UDP,52783,443,,forward,20260823_144333_web_001_5c95,Web
1787476428.085542,180,4,UDP,52783,443,,forward,20260823_144333_web_001_5c95,Web
1787476428.145706,88,4,UDP,443,52783,,forward,20260823_144333_web_001_5c95,Web
1787476428.177226,145,4,UDP,443,52783,,forward,20260823_144333_web_001_5c95,Web
1787476428.177507,88,4,UDP,52783,443,,forward,20260823_144333_web_001_5c95,Web
1787476428.325212,1365,4,UDP,52783,443,,forward,20260823_144333_web_001_5c95,Web
1787476428.325345,1365,4,UDP,52783,443,,forward,20260823_144333_web_001_5c95,Web
1787476428.32538,1391,4,UDP,52783,443,,forward,20260823_144333_web_001_5c95,Web
1787476428.380556,88,4,UDP,443,52783,,forward,20260823_144333_web_001_5c95,Web
1787476428.380556,340,4,UDP,443,52783,,forward,20260823_144333_web_001_5c95,Web
1787476428.38079,88,4,UDP,52783,443,,forward,20260823_144333_web_001_5c95,Web
1787476428.458515,145,4,UDP,443,52783,,forward,20260823_144333_web_001_5c95,Web
1787476428.458729,88,4,UDP,52783,443,,forward,20260823_144333_web_001_5c95,Web
1787476428.458861,145,4,UDP,52783,443,,forward,20260823_144333_web_001_5c95,Web
1787476428.506062,88,4,UDP,443,52783,,forward,20260823_144333_web_001_5c95,Web
1787476428.852007,125,4,UDP,443,52783,,forward,20260823_144333_web_001_5c95,Web
1787476428.852233,88,4,UDP,52783,443,,forward,20260823_144333_web_001_5c95,Web
1787476428.852443,125,4,UDP,52783,443,,forward,20260823_144333_web_001_5c95,Web
1787476428.905091,88,4,UDP,443,52783,,forward,20260823_144333_web_001_5c95,Web
1787476429.19175,191,4,UDP,52783,443,,forward,20260823_144333_web_001_5c95,Web
1787476429.191847,1365,4,UDP,52783,443,,forward,20260823_144333_web_001_5c95,Web
1787476429.191882,1365,4,UDP,52783,443,,forward,20260823_144333_web_001_5c95,Web
1787476429.191904,1365,4,UDP,52783,443,,forward,20260823_144333_web_001_5c95,Web
1787476429.191924,1365,4,UDP,52783,443,,forward,20260823_144333_web_001_5c95,Web
1787476429.191944,1365,4,UDP,52783,443,,forward,20260823_144333_web_001_5c95,Web
1787476429.191964,1365,4,UDP,52783,443,,forward,20260823_144333_web_001_5c95,Web
1787476429.191984,1365,4,UDP,52783,443,,forward,20260823_144333_web_001_5c95,Web
1787476429.192004,1365,4,UDP,52783,443,,forward,20260823_144333_web_001_5c95,Web
1787476429.192024,1365,4,UDP,52783,443,,forward,20260823_144333_web_001_5c95,Web
1787476429.192044,1365,4,UDP,52783,443,,forward,20260823_144333_web_001_5c95,Web
1787476429.192064,1365,4,UDP,52783,443,,forward,20260823_144333_web_001_5c95,Web
1787476429.192084,1365,4,UDP,52783,443,,forward,20260823_144333_web_001_5c95,Web
1787476429.192104,1365,4,UDP,52783,443,,forward,20260823_144333_web_001_5c95,Web
1787476429.192126,787,4,UDP,52783,443,,forward,20260823_144333_web_001_5c95,Web
1787476429.192158,1365,4,UDP,52783,443,,forward,20260823_144333_web_001_5c95,Web
1787476429.192178,1365,4,UDP,52783,443,,forward,20260823_144333_web_001_5c95,Web
1787476429.192199,1365,4,UDP,52783,443,,forward,20260823_144333_web_001_5c95,Web
1787476429.192219,1365,4,UDP,52783,443,,forward,20260823_144333_web_001_5c95,Web
1787476429.192238,1365,4,UDP,52783,443,,forward,20260823_144333_web_001_5c95,Web
1787476429.192258,1365,4,UDP,52783,443,,forward,20260823_144333_web_001_5c95,Web
1787476429.192278,1365,4,UDP,52783,443,,forward,20260823_144333_web_001_5c95,Web
1787476429.1923,1365,4,UDP,52783,443,,forward,20260823_144333_web_001_5c95,Web
1787476429.192321,1365,4,UDP,52783,443,,forward,20260823_144333_web_001_5c95,Web
1787476429.192341,1365,4,UDP,52783,443,,forward,20260823_144333_web_001_5c95,Web
1787476429.192366,1365,4,UDP,52783,443,,forward,20260823_144333_web_001_5c95,Web
1787476429.192387,1365,4,UDP,52783,443,,forward,20260823_144333_web_001_5c95,Web
1787476429.192414,1365,4,UDP,52783,443,,forward,20260823_144333_web_001_5c95,Web
1787476429.192435,787,4,UDP,52783,443,,forward,20260823_144333_web_001_5c95,Web
1787476429.19246,1365,4,UDP,52783,443,,forward,20260823_144333_web_001_5c95,Web
1787476429.192481,1365,4,UDP,52783,443,,forward,20260823_144333_web_001_5c95,Web
1787476429.192501,1365,4,UDP,52783,443,,forward,20260823_144333_web_001_5c95,Web
1787476429.192526,1365,4,UDP,52783,443,,forward,20260823_144333_web_001_5c95,Web
1787476429.192547,1365,4,UDP,52783,443,,forward,20260823_144333_web_001_5c95,Web
1787476429.192571,1365,4,UDP,52783,443,,forward,20260823_144333_web_001_5c95,Web
1787476429.192599,1365,4,UDP,52783,443,,forward,20260823_144333_web_001_5c95,Web
1787476429.192623,1365,4,UDP,52783,443,,forward,20260823_144333_web_001_5c95,Web
1787476429.192656,1365,4,UDP,52783,443,,forward,20260823_144333_web_001_5c95,Web
1787476429.192685,1365,4,UDP,52783,443,,forward,20260823_144333_web_001_5c95,Web
1787476429.192708,1365,4,UDP,52783,443,,forward,20260823_144333_web_001_5c95,Web
1787476429.192735,1365,4,UDP,52783,443,,forward,20260823_144333_web_001_5c95,Web
1787476429.192758,1365,4,UDP,52783,443,,forward,20260823_144333_web_001_5c95,Web
1787476429.192785,787,4,UDP,52783,443,,forward,20260823_144333_web_001_5c95,Web
1787476429.192812,1365,4,UDP,52783,443,,forward,20260823_144333_web_001_5c95,Web
1787476429.192859,1365,4,UDP,52783,443,,forward,20260823_144333_web_001_5c95,Web
1787476429.192889,1365,4,UDP,52783,443,,forward,20260823_144333_web_001_5c95,Web
1787476429.192914,1365,4,UDP,52783,443,,forward,20260823_144333_web_001_5c95,Web
1787476429.192938,1365,4,UDP,52783,443,,forward,20260823_144333_web_001_5c95,Web
1787476429.19296,1365,4,UDP,52783,443,,forward,20260823_144333_web_001_5c95,Web
1787476429.192985,1365,4,UDP,52783,443,,forward,20260823_144333_web_001_5c95,Web
1787476429.193012,1365,4,UDP,52783,443,,forward,20260823_144333_web_001_5c95,Web
1787476429.193038,1365,4,UDP,52783,443,,forward,20260823_144333_web_001_5c95,Web
1787476429.20296,1365,4,UDP,52783,443,,forward,20260823_144333_web_001_5c95,Web
1787476429.203071,1365,4,UDP,52783,443,,forward,20260823_144333_web_001_5c95,Web
1787476429.203109,1365,4,UDP,52783,443,,forward,20260823_144333_web_001_5c95,Web
1787476429.203132,1365,4,UDP,52783,443,,forward,20260823_144333_web_001_5c95,Web
1787476429.203152,691,4,UDP,52783,443,,forward,20260823_144333_web_001_5c95,Web
1787476429.203281,176,4,UDP,52783,443,,forward,20260823_144333_web_001_5c95,Web
1787476429.203308,1365,4,UDP,52783,443,,forward,20260823_144333_web_001_5c95,Web
1787476429.203328,1365,4,UDP,52783,443,,forward,20260823_144333_web_001_5c95,Web
1787476429.203348,1365,4,UDP,52783,443,,forward,20260823_144333_web_001_5c95,Web
1787476429.203367,1365,4,UDP,52783,443,,forward,20260823_144333_web_001_5c95,Web
1787476429.203387,1365,4,UDP,52783,443,,forward,20260823_144333_web_001_5c95,Web
1787476429.203407,1365,4,UDP,52783,443,,forward,20260823_144333_web_001_5c95,Web
1787476429.203427,1365,4,UDP,52783,443,,forward,20260823_144333_web_001_5c95,Web
1787476429.203446,1365,4,UDP,52783,443,,forward,20260823_144333_web_001_5c95,Web
1787476429.203466,1365,4,UDP,52783,443,,forward,20260823_144333_web_001_5c95,Web
1787476429.203486,1365,4,UDP,52783,443,,forward,20260823_144333_web_001_5c95,Web
1787476429.203506,1365,4,UDP,52783,443,,forward,20260823_144333_web_001_5c95,Web
1787476429.203527,1365,4,UDP,52783,443,,forward,20260823_144333_web_001_5c95,Web
1787476429.203548,1365,4,UDP,52783,443,,forward,20260823_144333_web_001_5c95,Web
1787476429.20357,787,4,UDP,52783,443,,forward,20260823_144333_web_001_5c95,Web
1787476429.203594,1365,4,UDP,52783,443,,forward,20260823_144333_web_001_5c95,Web
1787476429.203615,1365,4,UDP,52783,443,,forward,20260823_144333_web_001_5c95,Web
1787476429.203636,1365,4,UDP,52783,443,,forward,20260823_144333_web_001_5c95,Web
1787476429.203656,1365,4,UDP,52783,443,,forward,20260823_144333_web_001_5c95,Web
1787476429.203677,1365,4,UDP,52783,443,,forward,20260823_144333_web_001_5c95,Web
1787476429.203697,1365,4,UDP,52783,443,,forward,20260823_144333_web_001_5c95,Web
1787476429.203717,1365,4,UDP,52783,443,,forward,20260823_144333_web_001_5c95,Web
1787476429.203738,1365,4,UDP,52783,443,,forward,20260823_144333_web_001_5c95,Web
1787476429.20376,1365,4,UDP,52783,443,,forward,20260823_144333_web_001_5c95,Web
1787476429.203782,1365,4,UDP,52783,443,,forward,20260823_144333_web_001_5c95,Web
1787476429.203804,1365,4,UDP,52783,443,,forward,20260823_144333_web_001_5c95,Web
1787476429.203825,1365,4,UDP,52783,443,,forward,20260823_144333_web_001_5c95,Web
1787476429.203845,1365,4,UDP,52783,443,,forward,20260823_144333_web_001_5c95,Web
1787476429.203866,787,4,UDP,52783,443,,forward,20260823_144333_web_001_5c95,Web
1787476429.203888,1365,4,UDP,52783,443,,forward,20260823_144333_web_001_5c95,Web
1787476429.203922,1365,4,UDP,52783,443,,forward,20260823_144333_web_001_5c95,Web
1787476429.203943,1365,4,UDP,52783,443,,forward,20260823_144333_web_001_5c95,Web
1787476429.203964,1365,4,UDP,52783,443,,forward,20260823_144333_web_001_5c95,Web
1787476429.203984,1365,4,UDP,52783,443,,forward,20260823_144333_web_001_5c95,Web
1787476429.204004,1365,4,UDP,52783,443,,forward,20260823_144333_web_001_5c95,Web
1787476429.204024,1365,4,UDP,52783,443,,forward,20260823_144333_web_001_5c95,Web
1787476429.204044,1365,4,UDP,52783,443,,forward,20260823_144333_web_001_5c95,Web
1787476429.204065,1365,4,UDP,52783,443,,forward,20260823_144333_web_001_5c95,Web
1787476429.204085,1365,4,UDP,52783,443,,forward,20260823_144333_web_001_5c95,Web
1787476429.204105,1365,4,UDP,52783,443,,forward,20260823_144333_web_001_5c95,Web
1787476429.204125,1365,4,UDP,52783,443,,forward,20260823_144333_web_001_5c95,Web
1787476429.204145,1365,4,UDP,52783,443,,forward,20260823_144333_web_001_5c95,Web
1787476429.204166,787,4,UDP,52783,443,,forward,20260823_144333_web_001_5c95,Web
1787476429.20419,1365,4,UDP,52783,443,,forward,20260823_144333_web_001_5c95,Web
1787476429.204211,1365,4,UDP,52783,443,,forward,20260823_144333_web_001_5c95,Web
1787476429.204232,1365,4,UDP,52783,443,,forward,20260823_144333_web_001_5c95,Web
1787476429.204262,1365,4,UDP,52783,443,,forward,20260823_144333_web_001_5c95,Web
1787476429.204305,1365,4,UDP,52783,443,,forward,20260823_144333_web_001_5c95,Web
1787476429.208881,1365,4,UDP,52783,443,,forward,20260823_144333_web_001_5c95,Web
1787476429.20898,1365,4,UDP,52783,443,,forward,20260823_144333_web_001_5c95,Web
1787476429.209007,1365,4,UDP,52783,443,,forward,20260823_144333_web_001_5c95,Web
1787476429.209029,1365,4,UDP,52783,443,,forward,20260823_144333_web_001_5c95,Web
1787476429.20905,1365,4,UDP,52783,443,,forward,20260823_144333_web_001_5c95,Web
1787476429.209071,1365,4,UDP,52783,443,,forward,20260823_144333_web_001_5c95,Web
1787476429.209091,1365,4,UDP,52783,443,,forward,20260823_144333_web_001_5c95,Web
1787476429.209111,1365,4,UDP,52783,443,,forward,20260823_144333_web_001_5c95,Web
1787476429.209134,787,4,UDP,52783,443,,forward,20260823_144333_web_001_5c95,Web
1787476429.209161,1365,4,UDP,52783,443,,forward,20260823_144333_web_001_5c95,Web
1787476429.209182,1365,4,UDP,52783,443,,forward,20260823_144333_web_001_5c95,Web
1787476429.209203,1365,4,UDP,52783,443,,forward,20260823_144333_web_001_5c95,Web
1787476429.209224,1365,4,UDP,52783,443,,forward,20260823_144333_web_001_5c95,Web
1787476429.209244,1365,4,UDP,52783,443,,forward,20260823_144333_web_001_5c95,Web
1787476429.209265,1365,4,UDP,52783,443,,forward,20260823_144333_web_001_5c95,Web
1787476429.209286,1365,4,UDP,52783,443,,forward,20260823_144333_web_001_5c95,Web
1787476429.209338,1365,4,UDP,52783,443,,forward,20260823_144333_web_001_5c95,Web
1787476429.209359,1365,4,UDP,52783,443,,forward,20260823_144333_web_001_5c95,Web
1787476429.20938,1365,4,UDP,52783,443,,forward,20260823_144333_web_001_5c95,Web
1787476429.2094,1365,4,UDP,52783,443,,forward,20260823_144333_web_001_5c95,Web
1787476429.209421,1365,4,UDP,52783,443,,forward,20260823_144333_web_001_5c95,Web
1787476429.209442,1366,4,UDP,52783,443,,forward,20260823_144333_web_001_5c95,Web
1787476429.209463,788,4,UDP,52783,443,,forward,20260823_144333_web_001_5c95,Web
1787476429.209485,1366,4,UDP,52783,443,,forward,20260823_144333_web_001_5c95,Web
1787476429.209506,1366,4,UDP,52783,443,,forward,20260823_144333_web_001_5c95,Web
1787476429.209526,1366,4,UDP,52783,443,,forward,20260823_144333_web_001_5c95,Web
1787476429.209547,1366,4,UDP,52783,443,,forward,20260823_144333_web_001_5c95,Web
1787476429.209568,1366,4,UDP,52783,443,,forward,20260823_144333_web_001_5c95,Web
1787476429.209589,1366,4,UDP,52783,443,,forward,20260823_144333_web_001_5c95,Web
1787476429.20961,1366,4,UDP,52783,443,,forward,20260823_144333_web_001_5c95,Web
1787476429.20963,1366,4,UDP,52783,443,,forward,20260823_144333_web_001_5c95,Web
1787476429.209651,1366,4,UDP,52783,443,,forward,20260823_144333_web_001_5c95,Web
1787476429.209672,1366,4,UDP,52783,443,,forward,20260823_144333_web_001_5c95,Web
1787476429.209719,1366,4,UDP,52783,443,,forward,20260823_144333_web_001_5c95,Web
1787476429.209741,1366,4,UDP,52783,443,,forward,20260823_144333_web_001_5c95,Web
1787476429.209763,1366,4,UDP,52783,443,,forward,20260823_144333_web_001_5c95,Web
1787476429.209787,788,4,UDP,52783,443,,forward,20260823_144333_web_001_5c95,Web
1787476429.209811,1366,4,UDP,52783,443,,forward,20260823_144333_web_001_5c95,Web
1787476429.209834,1366,4,UDP,52783,443,,forward,20260823_144333_web_001_5c95,Web
1787476429.209856,1366,4,UDP,52783,443,,forward,20260823_144333_web_001_5c95,Web
1787476429.217962,1366,4,UDP,52783,443,,forward,20260823_144333_web_001_5c95,Web
1787476429.218102,1366,4,UDP,52783,443,,forward,20260823_144333_web_001_5c95,Web
1787476429.218134,1366,4,UDP,52783,443,,forward,20260823_144333_web_001_5c95,Web
1787476429.218151,1366,4,UDP,52783,443,,forward,20260823_144333_web_001_5c95,Web
1787476429.218167,1366,4,UDP,52783,443,,forward,20260823_144333_web_001_5c95,Web
1787476429.218181,1366,4,UDP,52783,443,,forward,20260823_144333_web_001_5c95,Web
1787476429.218196,1366,4,UDP,52783,443,,forward,20260823_144333_web_001_5c95,Web
1787476429.218212,1366,4,UDP,52783,443,,forward,20260823_144333_web_001_5c95,Web
1787476429.218227,1366,4,UDP,52783,443,,forward,20260823_144333_web_001_5c95,Web
1787476429.218243,1366,4,UDP,52783,443,,forward,20260823_144333_web_001_5c95,Web
1787476429.218287,788,4,UDP,52783,443,,forward,20260823_144333_web_001_5c95,Web
1787476429.218304,1366,4,UDP,52783,443,,forward,20260823_144333_web_001_5c95,Web
1787476429.218319,1366,4,UDP,52783,443,,forward,20260823_144333_web_001_5c95,Web
1787476429.218374,1366,4,UDP,52783,443,,forward,20260823_144333_web_001_5c95,Web
1787476429.218394,1366,4,UDP,52783,443,,forward,20260823_144333_web_001_5c95,Web
1787476429.21841,1366,4,UDP,52783,443,,forward,20260823_144333_web_001_5c95,Web
1787476429.218424,1366,4,UDP,52783,443,,forward,20260823_144333_web_001_5c95,Web
1787476429.218501,1366,4,UDP,52783,443,,forward,20260823_144333_web_001_5c95,Web
1787476429.218554,1366,4,UDP,52783,443,,forward,20260823_144333_web_001_5c95,Web
1787476429.21858,1366,4,UDP,52783,443,,forward,20260823_144333_web_001_5c95,Web
1787476429.218596,1366,4,UDP,52783,443,,forward,20260823_144333_web_001_5c95,Web
1787476429.21861,1366,4,UDP,52783,443,,forward,20260823_144333_web_001_5c95,Web
1787476429.218625,1366,4,UDP,52783,443,,forward,20260823_144333_web_001_5c95,Web
1787476429.218639,1366,4,UDP,52783,443,,forward,20260823_144333_web_001_5c95,Web
1787476429.218657,788,4,UDP,52783,443,,forward,20260823_144333_web_001_5c95,Web
1787476429.218679,1366,4,UDP,52783,443,,forward,20260823_144333_web_001_5c95,Web
1787476429.218708,1366,4,UDP,52783,443,,forward,20260823_144333_web_001_5c95,Web
1787476429.218735,1366,4,UDP,52783,443,,forward,20260823_144333_web_001_5c95,Web
1787476429.218801,1366,4,UDP,52783,443,,forward,20260823_144333_web_001_5c95,Web
1787476429.218818,1366,4,UDP,52783,443,,forward,20260823_144333_web_001_5c95,Web
1787476429.218832,1366,4,UDP,52783,443,,forward,20260823_144333_web_001_5c95,Web
1787476429.218847,1366,4,UDP,52783,443,,forward,20260823_144333_web_001_5c95,Web
1787476429.218862,1366,4,UDP,52783,443,,forward,20260823_144333_web_001_5c95,Web
1787476429.218878,1366,4,UDP,52783,443,,forward,20260823_144333_web_001_5c95,Web
1787476429.218892,1366,4,UDP,52783,443,,forward,20260823_144333_web_001_5c95,Web
1787476429.218908,1366,4,UDP,52783,443,,forward,20260823_144333_web_001_5c95,Web
1787476429.218924,1366,4,UDP,52783,443,,forward,20260823_144333_web_001_5c95,Web
1787476429.218941,1366,4,UDP,52783,443,,forward,20260823_144333_web_001_5c95,Web
1787476429.218959,788,4,UDP,52783,443,,forward,20260823_144333_web_001_5c95,Web
1787476429.218978,1366,4,UDP,52783,443,,forward,20260823_144333_web_001_5c95,Web
1787476429.219002,1366,4,UDP,52783,443,,forward,20260823_144333_web_001_5c95,Web
1787476429.21917,1366,4,UDP,52783,443,,forward,20260823_144333_web_001_5c95,Web
1787476429.219208,1366,4,UDP,52783,443,,forward,20260823_144333_web_001_5c95,Web
1787476429.219235,1366,4,UDP,52783,443,,forward,20260823_144333_web_001_5c95,Web
1787476429.21931,1366,4,UDP,52783,443,,forward,20260823_144333_web_001_5c95,Web
1787476429.219409,1366,4,UDP,52783,443,,forward,20260823_144333_web_001_5c95,Web
1787476429.21944,1366,4,UDP,52783,443,,forward,20260823_144333_web_001_5c95,Web
1787476429.219464,1366,4,UDP,52783,443,,forward,20260823_144333_web_001_5c95,Web
1787476429.219487,1366,4,UDP,52783,443,,forward,20260823_144333_web_001_5c95,Web
1787476429.21951,1366,4,UDP,52783,443,,forward,20260823_144333_web_001_5c95,Web
1787476429.219532,1366,4,UDP,52783,443,,forward,20260823_144333_web_001_5c95,Web
1787476429.232923,1366,4,UDP,52783,443,,forward,20260823_144333_web_001_5c95,Web
1787476429.23305,788,4,UDP,52783,443,,forward,20260823_144333_web_001_5c95,Web
1787476429.233105,1366,4,UDP,52783,443,,forward,20260823_144333_web_001_5c95,Web
1787476429.23313,1366,4,UDP,52783,443,,forward,20260823_144333_web_001_5c95,Web
1787476429.23315,1366,4,UDP,52783,443,,forward,20260823_144333_web_001_5c95,Web
1787476429.23317,1366,4,UDP,52783,443,,forward,20260823_144333_web_001_5c95,Web
1787476429.233189,1366,4,UDP,52783,443,,forward,20260823_144333_web_001_5c95,Web
1787476429.233209,1366,4,UDP,52783,443,,forward,20260823_144333_web_001_5c95,Web
1787476429.233229,1366,4,UDP,52783,443,,forward,20260823_144333_web_001_5c95,Web
1787476429.233248,1366,4,UDP,52783,443,,forward,20260823_144333_web_001_5c95,Web
1787476429.233267,1366,4,UDP,52783,443,,forward,20260823_144333_web_001_5c95,Web
1787476429.233287,1366,4,UDP,52783,443,,forward,20260823_144333_web_001_5c95,Web
1787476429.233306,1366,4,UDP,52783,443,,forward,20260823_144333_web_001_5c95,Web
1787476429.233326,1366,4,UDP,52783,443,,forward,20260823_144333_web_001_5c95,Web
1787476429.233345,1366,4,UDP,52783,443,,forward,20260823_144333_web_001_5c95,Web
1787476429.233366,788,4,UDP,52783,443,,forward,20260823_144333_web_001_5c95,Web
1787476429.233386,1366,4,UDP,52783,443,,forward,20260823_144333_web_001_5c95,Web
1787476429.233406,1366,4,UDP,52783,443,,forward,20260823_144333_web_001_5c95,Web
1787476429.233425,1366,4,UDP,52783,443,,forward,20260823_144333_web_001_5c95,Web
1787476429.233445,1366,4,UDP,52783,443,,forward,20260823_144333_web_001_5c95,Web
1787476429.233464,1366,4,UDP,52783,443,,forward,20260823_144333_web_001_5c95,Web
1787476429.233483,1366,4,UDP,52783,443,,forward,20260823_144333_web_001_5c95,Web
1787476429.233503,1366,4,UDP,52783,443,,forward,20260823_144333_web_001_5c95,Web
1787476429.233522,1366,4,UDP,52783,443,,forward,20260823_144333_web_001_5c95,Web
1787476429.233543,1366,4,UDP,52783,443,,forward,20260823_144333_web_001_5c95,Web
1787476429.233562,1366,4,UDP,52783,443,,forward,20260823_144333_web_001_5c95,Web
1787476429.233582,1366,4,UDP,52783,443,,forward,20260823_144333_web_001_5c95,Web
1787476429.233602,1366,4,UDP,52783,443,,forward,20260823_144333_web_001_5c95,Web
1787476429.233623,1366,4,UDP,52783,443,,forward,20260823_144333_web_001_5c95,Web
1787476429.233644,788,4,UDP,52783,443,,forward,20260823_144333_web_001_5c95,Web
1787476429.233666,1366,4,UDP,52783,443,,forward,20260823_144333_web_001_5c95,Web
1787476429.233687,1366,4,UDP,52783,443,,forward,20260823_144333_web_001_5c95,Web
1787476429.233707,1366,4,UDP,52783,443,,forward,20260823_144333_web_001_5c95,Web
1787476429.233727,1366,4,UDP,52783,443,,forward,20260823_144333_web_001_5c95,Web
1787476429.233765,1366,4,UDP,52783,443,,forward,20260823_144333_web_001_5c95,Web
1787476429.233786,1366,4,UDP,52783,443,,forward,20260823_144333_web_001_5c95,Web
1787476429.233806,1366,4,UDP,52783,443,,forward,20260823_144333_web_001_5c95,Web
1787476429.233827,1366,4,UDP,52783,443,,forward,20260823_144333_web_001_5c95,Web
1787476429.233848,1366,4,UDP,52783,443,,forward,20260823_144333_web_001_5c95,Web
1787476429.233869,1366,4,UDP,52783,443,,forward,20260823_144333_web_001_5c95,Web
1787476429.233893,1366,4,UDP,52783,443,,forward,20260823_144333_web_001_5c95,Web
1787476429.233916,1366,4,UDP,52783,443,,forward,20260823_144333_web_001_5c95,Web
1787476429.233939,1366,4,UDP,52783,443,,forward,20260823_144333_web_001_5c95,Web
1787476429.233964,788,4,UDP,52783,443,,forward,20260823_144333_web_001_5c95,Web
1787476429.233988,1366,4,UDP,52783,443,,forward,20260823_144333_web_001_5c95,Web
1787476429.23401,1366,4,UDP,52783,443,,forward,20260823_144333_web_001_5c95,Web
1787476429.234031,1366,4,UDP,52783,443,,forward,20260823_144333_web_001_5c95,Web
1787476429.234052,1366,4,UDP,52783,443,,forward,20260823_144333_web_001_5c95,Web
1787476429.234072,1366,4,UDP,52783,443,,forward,20260823_144333_web_001_5c95,Web
1787476429.234096,1366,4,UDP,52783,443,,forward,20260823_144333_web_001_5c95,Web
1787476429.234117,1366,4,UDP,52783,443,,forward,20260823_144333_web_001_5c95,Web
1787476429.234164,1366,4,UDP,52783,443,,forward,20260823_144333_web_001_5c95,Web
1787476429.243907,1366,4,UDP,52783,443,,forward,20260823_144333_web_001_5c95,Web
1787476429.243995,1366,4,UDP,52783,443,,forward,20260823_144333_web_001_5c95,Web
1787476429.244021,1366,4,UDP,52783,443,,forward,20260823_144333_web_001_5c95,Web
1787476429.244041,1366,4,UDP,52783,443,,forward,20260823_144333_web_001_5c95,Web
1787476429.244061,1366,4,UDP,52783,443,,forward,20260823_144333_web_001_5c95,Web
1787476429.244084,788,4,UDP,52783,443,,forward,20260823_144333_web_001_5c95,Web
1787476429.244109,1366,4,UDP,52783,443,,forward,20260823_144333_web_001_5c95,Web
1787476429.244094,88,4,UDP,443,52783,,forward,20260823_144333_web_001_5c95,Web
1787476429.244094,88,4,UDP,443,52783,,forward,20260823_144333_web_001_5c95,Web
1787476429.244094,88,4,UDP,443,52783,,forward,20260823_144333_web_001_5c95,Web
1787476429.244094,218,4,UDP,443,52783,,forward,20260823_144333_web_001_5c95,Web
1787476429.244094,535,4,UDP,443,52783,,forward,20260823_144333_web_001_5c95,Web
1787476429.244094,145,4,UDP,443,52783,,forward,20260823_144333_web_001_5c95,Web
1787476429.244094,210,4,UDP,443,52783,,forward,20260823_144333_web_001_5c95,Web
1787476429.244094,88,4,UDP,443,52783,,forward,20260823_144333_web_001_5c95,Web
1787476429.244094,88,4,UDP,443,52783,,forward,20260823_144333_web_001_5c95,Web
1787476429.244094,88,4,UDP,443,52783,,forward,20260823_144333_web_001_5c95,Web
1787476429.244094,88,4,UDP,443,52783,,forward,20260823_144333_web_001_5c95,Web
1787476429.244094,145,4,UDP,443,52783,,forward,20260823_144333_web_001_5c95,Web
1787476429.244094,145,4,UDP,443,52783,,forward,20260823_144333_web_001_5c95,Web
1787476429.244094,210,4,UDP,443,52783,,forward,20260823_144333_web_001_5c95,Web
1787476429.244094,145,4,UDP,443,52783,,forward,20260823_144333_web_001_5c95,Web
1787476429.244094,210,4,UDP,443,52783,,forward,20260823_144333_web_001_5c95,Web
1787476429.244094,210,4,UDP,443,52783,,forward,20260823_144333_web_001_5c95,Web
1787476429.244135,1366,4,UDP,52783,443,,forward,20260823_144333_web_001_5c95,Web
1787476429.244159,1366,4,UDP,52783,443,,forward,20260823_144333_web_001_5c95,Web
1787476429.24418,1366,4,UDP,52783,443,,forward,20260823_144333_web_001_5c95,Web
1787476429.244201,1366,4,UDP,52783,443,,forward,20260823_144333_web_001_5c95,Web
1787476429.244222,1366,4,UDP,52783,443,,forward,20260823_144333_web_001_5c95,Web
1787476429.244244,1366,4,UDP,52783,443,,forward,20260823_144333_web_001_5c95,Web
1787476429.244265,1366,4,UDP,52783,443,,forward,20260823_144333_web_001_5c95,Web
1787476429.244286,1366,4,UDP,52783,443,,forward,20260823_144333_web_001_5c95,Web
1787476429.244307,1366,4,UDP,52783,443,,forward,20260823_144333_web_001_5c95,Web
1787476429.24436,1366,4,UDP,52783,443,,forward,20260823_144333_web_001_5c95,Web
1787476429.244381,1366,4,UDP,52783,443,,forward,20260823_144333_web_001_5c95,Web
1787476429.244402,1366,4,UDP,52783,443,,forward,20260823_144333_web_001_5c95,Web
1787476429.244423,788,4,UDP,52783,443,,forward,20260823_144333_web_001_5c95,Web
1787476429.244445,1366,4,UDP,52783,443,,forward,20260823_144333_web_001_5c95,Web
1787476429.244465,1366,4,UDP,52783,443,,forward,20260823_144333_web_001_5c95,Web
1787476429.244486,1366,4,UDP,52783,443,,forward,20260823_144333_web_001_5c95,Web
1787476429.244508,1366,4,UDP,52783,443,,forward,20260823_144333_web_001_5c95,Web
1787476429.244529,1366,4,UDP,52783,443,,forward,20260823_144333_web_001_5c95,Web
1787476429.24455,1366,4,UDP,52783,443,,forward,20260823_144333_web_001_5c95,Web
1787476429.244571,1366,4,UDP,52783,443,,forward,20260823_144333_web_001_5c95,Web
1787476429.244591,1366,4,UDP,52783,443,,forward,20260823_144333_web_001_5c95,Web
1787476429.244613,1366,4,UDP,52783,443,,forward,20260823_144333_web_001_5c95,Web
1787476429.244633,1366,4,UDP,52783,443,,forward,20260823_144333_web_001_5c95,Web
1787476429.244654,1366,4,UDP,52783,443,,forward,20260823_144333_web_001_5c95,Web
1787476429.244675,1366,4,UDP,52783,443,,forward,20260823_144333_web_001_5c95,Web
1787476429.244695,1366,4,UDP,52783,443,,forward,20260823_144333_web_001_5c95,Web
1787476429.244736,788,4,UDP,52783,443,,forward,20260823_144333_web_001_5c95,Web
1787476429.244763,1366,4,UDP,52783,443,,forward,20260823_144333_web_001_5c95,Web
1787476429.244855,1366,4,UDP,52783,443,,forward,20260823_144333_web_001_5c95,Web
1787476429.244882,1366,4,UDP,52783,443,,forward,20260823_144333_web_001_5c95,Web
1787476429.244904,1366,4,UDP,52783,443,,forward,20260823_144333_web_001_5c95,Web
1787476429.244926,1366,4,UDP,52783,443,,forward,20260823_144333_web_001_5c95,Web
1787476429.244949,1366,4,UDP,52783,443,,forward,20260823_144333_web_001_5c95,Web
1787476429.244971,1366,4,UDP,52783,443,,forward,20260823_144333_web_001_5c95,Web
1787476429.244993,1366,4,UDP,52783,443,,forward,20260823_144333_web_001_5c95,Web
1787476429.245015,1366,4,UDP,52783,443,,forward,20260823_144333_web_001_5c95,Web
1787476429.245037,1366,4,UDP,52783,443,,forward,20260823_144333_web_001_5c95,Web
1787476429.245058,1366,4,UDP,52783,443,,forward,20260823_144333_web_001_5c95,Web
1787476429.245079,1366,4,UDP,52783,443,,forward,20260823_144333_web_001_5c95,Web
1787476429.2451,1366,4,UDP,52783,443,,forward,20260823_144333_web_001_5c95,Web
1787476429.245123,788,4,UDP,52783,443,,forward,20260823_144333_web_001_5c95,Web
1787476429.245147,1366,4,UDP,52783,443,,forward,20260823_144333_web_001_5c95,Web
1787476429.245168,1366,4,UDP,52783,443,,forward,20260823_144333_web_001_5c95,Web
1787476429.24519,1366,4,UDP,52783,443,,forward,20260823_144333_web_001_5c95,Web
1787476429.245227,1366,4,UDP,52783,443,,forward,20260823_144333_web_001_5c95,Web
1787476429.247942,1366,4,UDP,52783,443,,forward,20260823_144333_web_001_5c95,Web
1787476429.263036,1366,4,UDP,52783,443,,forward,20260823_144333_web_001_5c95,Web
1787476429.263135,1366,4,UDP,52783,443,,forward,20260823_144333_web_001_5c95,Web
1787476429.263166,1366,4,UDP,52783,443,,forward,20260823_144333_web_001_5c95,Web
1787476429.263194,1366,4,UDP,52783,443,,forward,20260823_144333_web_001_5c95,Web
1787476429.26322,1366,4,UDP,52783,443,,forward,20260823_144333_web_001_5c95,Web
1787476429.263237,1366,4,UDP,52783,443,,forward,20260823_144333_web_001_5c95,Web
1787476429.263253,1366,4,UDP,52783,443,,forward,20260823_144333_web_001_5c95,Web
1787476429.263267,1366,4,UDP,52783,443,,forward,20260823_144333_web_001_5c95,Web
1787476429.263285,788,4,UDP,52783,443,,forward,20260823_144333_web_001_5c95,Web
1787476429.263304,1366,4,UDP,52783,443,,forward,20260823_144333_web_001_5c95,Web
1787476429.26332,1366,4,UDP,52783,443,,forward,20260823_144333_web_001_5c95,Web
1787476429.263336,1366,4,UDP,52783,443,,forward,20260823_144333_web_001_5c95,Web
1787476429.26323,88,4,UDP,443,52783,,forward,20260823_144333_web_001_5c95,Web
1787476429.26323,88,4,UDP,443,52783,,forward,20260823_144333_web_001_5c95,Web
1787476429.26323,88,4,UDP,443,52783,,forward,20260823_144333_web_001_5c95,Web
1787476429.26323,340,4,UDP,443,52783,,forward,20260823_144333_web_001_5c95,Web
1787476429.26323,88,4,UDP,443,52783,,forward,20260823_144333_web_001_5c95,Web
1787476429.26323,88,4,UDP,443,52783,,forward,20260823_144333_web_001_5c95,Web
1787476429.26323,88,4,UDP,443,52783,,forward,20260823_144333_web_001_5c95,Web
1787476429.26323,88,4,UDP,443,52783,,forward,20260823_144333_web_001_5c95,Web
1787476429.26323,145,4,UDP,443,52783,,forward,20260823_144333_web_001_5c95,Web
1787476429.26323,145,4,UDP,443,52783,,forward,20260823_144333_web_001_5c95,Web
1787476429.26323,275,4,UDP,443,52783,,forward,20260823_144333_web_001_5c95,Web
1787476429.26323,210,4,UDP,443,52783,,forward,20260823_144333_web_001_5c95,Web
1787476429.26323,89,4,UDP,443,52783,,forward,20260823_144333_web_001_5c95,Web
1787476429.26323,89,4,UDP,443,52783,,forward,20260823_144333_web_001_5c95,Web
1787476429.26323,89,4,UDP,443,52783,,forward,20260823_144333_web_001_5c95,Web
1787476429.26323,89,4,UDP,443,52783,,forward,20260823_144333_web_001_5c95,Web
1787476429.26323,145,4,UDP,443,52783,,forward,20260823_144333_web_001_5c95,Web
1787476429.26323,405,4,UDP,443,52783,,forward,20260823_144333_web_001_5c95,Web
1787476429.26323,275,4,UDP,443,52783,,forward,20260823_144333_web_001_5c95,Web
1787476429.26323,275,4,UDP,443,52783,,forward,20260823_144333_web_001_5c95,Web
1787476429.26323,340,4,UDP,443,52783,,forward,20260823_144333_web_001_5c95,Web
1787476429.26323,145,4,UDP,443,52783,,forward,20260823_144333_web_001_5c95,Web
1787476429.26323,340,4,UDP,443,52783,,forward,20260823_144333_web_001_5c95,Web
1787476429.26323,89,4,UDP,443,52783,,forward,20260823_144333_web_001_5c95,Web
1787476429.26323,89,4,UDP,443,52783,,forward,20260823_144333_web_001_5c95,Web
1787476429.26323,89,4,UDP,443,52783,,forward,20260823_144333_web_001_5c95,Web
1787476429.26323,275,4,UDP,443,52783,,forward,20260823_144333_web_001_5c95,Web
1787476429.26323,89,4,UDP,443,52783,,forward,20260823_144333_web_001_5c95,Web
1787476429.26323,89,4,UDP,443,52783,,forward,20260823_144333_web_001_5c95,Web
1787476429.26323,340,4,UDP,443,52783,,forward,20260823_144333_web_001_5c95,Web
1787476429.26323,275,4,UDP,443,52783,,forward,20260823_144333_web_001_5c95,Web
1787476429.26323,210,4,UDP,443,52783,,forward,20260823_144333_web_001_5c95,Web
1787476429.26323,145,4,UDP,443,52783,,forward,20260823_144333_web_001_5c95,Web
1787476429.26323,89,4,UDP,443,52783,,forward,20260823_144333_web_001_5c95,Web
1787476429.26323,89,4,UDP,443,52783,,forward,20260823_144333_web_001_5c95,Web
1787476429.26323,89,4,UDP,443,52783,,forward,20260823_144333_web_001_5c95,Web
1787476429.26323,89,4,UDP,443,52783,,forward,20260823_144333_web_001_5c95,Web
1787476429.26323,89,4,UDP,443,52783,,forward,20260823_144333_web_001_5c95,Web
1787476429.26323,89,4,UDP,443,52783,,forward,20260823_144333_web_001_5c95,Web
1787476429.26323,89,4,UDP,443,52783,,forward,20260823_144333_web_001_5c95,Web
1787476429.26323,535,4,UDP,443,52783,,forward,20260823_144333_web_001_5c95,Web
1787476429.26323,210,4,UDP,443,52783,,forward,20260823_144333_web_001_5c95,Web
1787476429.26323,89,4,UDP,443,52783,,forward,20260823_144333_web_001_5c95,Web
1787476429.26323,145,4,UDP,443,52783,,forward,20260823_144333_web_001_5c95,Web
1787476429.26323,89,4,UDP,443,52783,,forward,20260823_144333_web_001_5c95,Web
1787476429.26323,210,4,UDP,443,52783,,forward,20260823_144333_web_001_5c95,Web
1787476429.26323,210,4,UDP,443,52783,,forward,20260823_144333_web_001_5c95,Web
1787476429.26323,89,4,UDP,443,52783,,forward,20260823_144333_web_001_5c95,Web
1787476429.26323,145,4,UDP,443,52783,,forward,20260823_144333_web_001_5c95,Web
1787476429.263421,1374,4,UDP,52783,443,,forward,20260823_144333_web_001_5c95,Web
1787476429.263441,1366,4,UDP,52783,443,,forward,20260823_144333_web_001_5c95,Web
1787476429.263456,1366,4,UDP,52783,443,,forward,20260823_144333_web_001_5c95,Web
1787476429.263505,1366,4,UDP,52783,443,,forward,20260823_144333_web_001_5c95,Web
1787476429.263521,1366,4,UDP,52783,443,,forward,20260823_144333_web_001_5c95,Web
1787476429.263536,1366,4,UDP,52783,443,,forward,20260823_144333_web_001_5c95,Web
1787476429.263551,1366,4,UDP,52783,443,,forward,20260823_144333_web_001_5c95,Web
1787476429.263567,1366,4,UDP,52783,443,,forward,20260823_144333_web_001_5c95,Web
1787476429.263582,1366,4,UDP,52783,443,,forward,20260823_144333_web_001_5c95,Web
1787476429.263597,1366,4,UDP,52783,443,,forward,20260823_144333_web_001_5c95,Web
1787476429.263615,788,4,UDP,52783,443,,forward,20260823_144333_web_001_5c95,Web
1787476429.263631,1366,4,UDP,52783,443,,forward,20260823_144333_web_001_5c95,Web
1787476429.263646,1366,4,UDP,52783,443,,forward,20260823_144333_web_001_5c95,Web
1787476429.263661,1366,4,UDP,52783,443,,forward,20260823_144333_web_001_5c95,Web
1787476429.263676,1366,4,UDP,52783,443,,forward,20260823_144333_web_001_5c95,Web
1787476429.26369,1366,4,UDP,52783,443,,forward,20260823_144333_web_001_5c95,Web
1787476429.263705,1366,4,UDP,52783,443,,forward,20260823_144333_web_001_5c95,Web
1787476429.263744,1366,4,UDP,52783,443,,forward,20260823_144333_web_001_5c95,Web
1787476429.263764,1366,4,UDP,52783,443,,forward,20260823_144333_web_001_5c95,Web
1787476429.263799,1366,4,UDP,52783,443,,forward,20260823_144333_web_001_5c95,Web
1787476429.263818,1366,4,UDP,52783,443,,forward,20260823_144333_web_001_5c95,Web
1787476429.263835,1366,4,UDP,52783,443,,forward,20260823_144333_web_001_5c95,Web
1787476429.263851,1366,4,UDP,52783,443,,forward,20260823_144333_web_001_5c95,Web
1787476429.263869,1366,4,UDP,52783,443,,forward,20260823_144333_web_001_5c95,Web
1787476429.263887,788,4,UDP,52783,443,,forward,20260823_144333_web_001_5c95,Web
1787476429.263906,1366,4,UDP,52783,443,,forward,20260823_144333_web_001_5c95,Web
1787476429.263924,1366,4,UDP,52783,443,,forward,20260823_144333_web_001_5c95,Web
1787476429.263957,1366,4,UDP,52783,443,,forward,20260823_144333_web_001_5c95,Web
1787476429.263993,1366,4,UDP,52783,443,,forward,20260823_144333_web_001_5c95,Web
1787476429.264019,1366,4,UDP,52783,443,,forward,20260823_144333_web_001_5c95,Web
1787476429.264039,1366,4,UDP,52783,443,,forward,20260823_144333_web_001_5c95,Web
1787476429.264083,1366,4,UDP,52783,443,,forward,20260823_144333_web_001_5c95,Web
1787476429.264103,1366,4,UDP,52783,443,,forward,20260823_144333_web_001_5c95,Web
1787476429.264138,1366,4,UDP,52783,443,,forward,20260823_144333_web_001_5c95,Web
1787476429.264156,1366,4,UDP,52783,443,,forward,20260823_144333_web_001_5c95,Web
1787476429.264189,1366,4,UDP,52783,443,,forward,20260823_144333_web_001_5c95,Web
1787476429.264207,1366,4,UDP,52783,443,,forward,20260823_144333_web_001_5c95,Web
1787476429.264223,1366,4,UDP,52783,443,,forward,20260823_144333_web_001_5c95,Web
1787476429.264239,788,4,UDP,52783,443,,forward,20260823_144333_web_001_5c95,Web
1787476429.264257,1366,4,UDP,52783,443,,forward,20260823_144333_web_001_5c95,Web
1787476429.278525,1366,4,UDP,52783,443,,forward,20260823_144333_web_001_5c95,Web
1787476429.27862,1366,4,UDP,52783,443,,forward,20260823_144333_web_001_5c95,Web
1787476429.278643,1366,4,UDP,52783,443,,forward,20260823_144333_web_001_5c95,Web
1787476429.278659,1366,4,UDP,52783,443,,forward,20260823_144333_web_001_5c95,Web
1787476429.278674,1366,4,UDP,52783,443,,forward,20260823_144333_web_001_5c95,Web
1787476429.278639,89,4,UDP,443,52783,,forward,20260823_144333_web_001_5c95,Web
1787476429.278639,275,4,UDP,443,52783,,forward,20260823_144333_web_001_5c95,Web
1787476429.278639,89,4,UDP,443,52783,,forward,20260823_144333_web_001_5c95,Web
1787476429.278639,210,4,UDP,443,52783,,forward,20260823_144333_web_001_5c95,Web
1787476429.278639,89,4,UDP,443,52783,,forward,20260823_144333_web_001_5c95,Web
1787476429.278639,340,4,UDP,443,52783,,forward,20260823_144333_web_001_5c95,Web
1787476429.278639,89,4,UDP,443,52783,,forward,20260823_144333_web_001_5c95,Web
1787476429.278639,89,4,UDP,443,52783,,forward,20260823_144333_web_001_5c95,Web
1787476429.278639,340,4,UDP,443,52783,,forward,20260823_144333_web_001_5c95,Web
1787476429.278639,210,4,UDP,443,52783,,forward,20260823_144333_web_001_5c95,Web
1787476429.278639,89,4,UDP,443,52783,,forward,20260823_144333_web_001_5c95,Web
1787476429.278639,89,4,UDP,443,52783,,forward,20260823_144333_web_001_5c95,Web
1787476429.278639,275,4,UDP,443,52783,,forward,20260823_144333_web_001_5c95,Web
1787476429.278639,275,4,UDP,443,52783,,forward,20260823_144333_web_001_5c95,Web
1787476429.278639,89,4,UDP,443,52783,,forward,20260823_144333_web_001_5c95,Web
1787476429.278639,89,4,UDP,443,52783,,forward,20260823_144333_web_001_5c95,Web
1787476429.278639,145,4,UDP,443,52783,,forward,20260823_144333_web_001_5c95,Web
1787476429.278639,210,4,UDP,443,52783,,forward,20260823_144333_web_001_5c95,Web
1787476429.278688,1366,4,UDP,52783,443,,forward,20260823_144333_web_001_5c95,Web
1787476429.278704,1366,4,UDP,52783,443,,forward,20260823_144333_web_001_5c95,Web
1787476429.278728,1366,4,UDP,52783,443,,forward,20260823_144333_web_001_5c95,Web
1787476429.278742,1366,4,UDP,52783,443,,forward,20260823_144333_web_001_5c95,Web
1787476429.278757,1366,4,UDP,52783,443,,forward,20260823_144333_web_001_5c95,Web
1787476429.278771,1366,4,UDP,52783,443,,forward,20260823_144333_web_001_5c95,Web
1787476429.278787,1366,4,UDP,52783,443,,forward,20260823_144333_web_001_5c95,Web
1787476429.278806,788,4,UDP,52783,443,,forward,20260823_144333_web_001_5c95,Web
1787476429.278822,1366,4,UDP,52783,443,,forward,20260823_144333_web_001_5c95,Web
1787476429.278837,1366,4,UDP,52783,443,,forward,20260823_144333_web_001_5c95,Web
1787476429.278852,1366,4,UDP,52783,443,,forward,20260823_144333_web_001_5c95,Web
1787476429.278866,1366,4,UDP,52783,443,,forward,20260823_144333_web_001_5c95,Web
1787476429.27888,1366,4,UDP,52783,443,,forward,20260823_144333_web_001_5c95,Web
1787476429.278894,1366,4,UDP,52783,443,,forward,20260823_144333_web_001_5c95,Web
1787476429.278908,1366,4,UDP,52783,443,,forward,20260823_144333_web_001_5c95,Web
1787476429.278922,1366,4,UDP,52783,443,,forward,20260823_144333_web_001_5c95,Web
1787476429.278937,1366,4,UDP,52783,443,,forward,20260823_144333_web_001_5c95,Web
1787476429.278951,1366,4,UDP,52783,443,,forward,20260823_144333_web_001_5c95,Web
1787476429.278965,1366,4,UDP,52783,443,,forward,20260823_144333_web_001_5c95,Web
1787476429.278994,1366,4,UDP,52783,443,,forward,20260823_144333_web_001_5c95,Web
1787476429.279012,1366,4,UDP,52783,443,,forward,20260823_144333_web_001_5c95,Web
1787476429.279028,788,4,UDP,52783,443,,forward,20260823_144333_web_001_5c95,Web
1787476429.279047,1366,4,UDP,52783,443,,forward,20260823_144333_web_001_5c95,Web
1787476429.279061,1366,4,UDP,52783,443,,forward,20260823_144333_web_001_5c95,Web
1787476429.279074,1366,4,UDP,52783,443,,forward,20260823_144333_web_001_5c95,Web
1787476429.279089,1366,4,UDP,52783,443,,forward,20260823_144333_web_001_5c95,Web
1787476429.279103,1366,4,UDP,52783,443,,forward,20260823_144333_web_001_5c95,Web
1787476429.279118,1366,4,UDP,52783,443,,forward,20260823_144333_web_001_5c95,Web
1787476429.279132,1366,4,UDP,52783,443,,forward,20260823_144333_web_001_5c95,Web
1787476429.279148,1366,4,UDP,52783,443,,forward,20260823_144333_web_001_5c95,Web
1787476429.279164,1366,4,UDP,52783,443,,forward,20260823_144333_web_001_5c95,Web
1787476429.27918,1366,4,UDP,52783,443,,forward,20260823_144333_web_001_5c95,Web
1787476429.279195,1366,4,UDP,52783,443,,forward,20260823_144333_web_001_5c95,Web
1787476429.279227,1366,4,UDP,52783,443,,forward,20260823_144333_web_001_5c95,Web
1787476429.279244,1366,4,UDP,52783,443,,forward,20260823_144333_web_001_5c95,Web
1787476429.279261,788,4,UDP,52783,443,,forward,20260823_144333_web_001_5c95,Web
1787476429.27928,1366,4,UDP,52783,443,,forward,20260823_144333_web_001_5c95,Web
1787476429.279312,1366,4,UDP,52783,443,,forward,20260823_144333_web_001_5c95,Web
1787476429.279328,1366,4,UDP,52783,443,,forward,20260823_144333_web_001_5c95,Web
1787476429.279343,1366,4,UDP,52783,443,,forward,20260823_144333_web_001_5c95,Web
1787476429.279367,1366,4,UDP,52783,443,,forward,20260823_144333_web_001_5c95,Web
1787476429.279382,1366,4,UDP,52783,443,,forward,20260823_144333_web_001_5c95,Web
1787476429.279397,1366,4,UDP,52783,443,,forward,20260823_144333_web_001_5c95,Web
1787476429.279412,1366,4,UDP,52783,443,,forward,20260823_144333_web_001_5c95,Web
1787476429.279426,1366,4,UDP,52783,443,,forward,20260823_144333_web_001_5c95,Web
1787476429.27944,1366,4,UDP,52783,443,,forward,20260823_144333_web_001_5c95,Web
1787476429.294058,1366,4,UDP,52783,443,,forward,20260823_144333_web_001_5c95,Web
1787476429.294182,1366,4,UDP,52783,443,,forward,20260823_144333_web_001_5c95,Web
1787476429.294221,1366,4,UDP,52783,443,,forward,20260823_144333_web_001_5c95,Web
1787476429.294249,788,4,UDP,52783,443,,forward,20260823_144333_web_001_5c95,Web
1787476429.294289,1366,4,UDP,52783,443,,forward,20260823_144333_web_001_5c95,Web
1787476429.294189,89,4,UDP,443,52783,,forward,20260823_144333_web_001_5c95,Web
1787476429.294189,89,4,UDP,443,52783,,forward,20260823_144333_web_001_5c95,Web
1787476429.294189,89,4,UDP,443,52783,,forward,20260823_144333_web_001_5c95,Web
1787476429.294189,275,4,UDP,443,52783,,forward,20260823_144333_web_001_5c95,Web
1787476429.294314,1366,4,UDP,52783,443,,forward,20260823_144333_web_001_5c95,Web
1787476429.294189,145,4,UDP,443,52783,,forward,20260823_144333_web_001_5c95,Web
1787476429.294189,89,4,UDP,443,52783,,forward,20260823_144333_web_001_5c95,Web
1787476429.294189,89,4,UDP,443,52783,,forward,20260823_144333_web_001_5c95,Web
1787476429.294189,89,4,UDP,443,52783,,forward,20260823_144333_web_001_5c95,Web
1787476429.294189,145,4,UDP,443,52783,,forward,20260823_144333_web_001_5c95,Web
1787476429.294189,89,4,UDP,443,52783,,forward,20260823_144333_web_001_5c95,Web
1787476429.294189,145,4,UDP,443,52783,,forward,20260823_144333_web_001_5c95,Web
1787476429.294189,275,4,UDP,443,52783,,forward,20260823_144333_web_001_5c95,Web
1787476429.294189,145,4,UDP,443,52783,,forward,20260823_144333_web_001_5c95,Web
1787476429.294189,89,4,UDP,443,52783,,forward,20260823_144333_web_001_5c95,Web
1787476429.294189,89,4,UDP,443,52783,,forward,20260823_144333_web_001_5c95,Web
1787476429.294189,89,4,UDP,443,52783,,forward,20260823_144333_web_001_5c95,Web
1787476429.294189,145,4,UDP,443,52783,,forward,20260823_144333_web_001_5c95,Web
1787476429.294189,145,4,UDP,443,52783,,forward,20260823_144333_web_001_5c95,Web
1787476429.294189,275,4,UDP,443,52783,,forward,20260823_144333_web_001_5c95,Web
1787476429.294189,210,4,UDP,443,52783,,forward,20260823_144333_web_001_5c95,Web
1787476429.294189,89,4,UDP,443,52783,,forward,20260823_144333_web_001_5c95,Web
1787476429.294189,89,4,UDP,443,52783,,forward,20260823_144333_web_001_5c95,Web
1787476429.294189,145,4,UDP,443,52783,,forward,20260823_144333_web_001_5c95,Web
1787476429.294189,89,4,UDP,443,52783,,forward,20260823_144333_web_001_5c95,Web
1787476429.294189,145,4,UDP,443,52783,,forward,20260823_144333_web_001_5c95,Web
1787476429.294189,275,4,UDP,443,52783,,forward,20260823_144333_web_001_5c95,Web
1787476429.294189,89,4,UDP,443,52783,,forward,20260823_144333_web_001_5c95,Web
1787476429.294189,145,4,UDP,443,52783,,forward,20260823_144333_web_001_5c95,Web
1787476429.294189,89,4,UDP,443,52783,,forward,20260823_144333_web_001_5c95,Web
1787476429.294189,145,4,UDP,443,52783,,forward,20260823_144333_web_001_5c95,Web
1787476429.294189,89,4,UDP,443,52783,,forward,20260823_144333_web_001_5c95,Web
1787476429.294189,89,4,UDP,443,52783,,forward,20260823_144333_web_001_5c95,Web
1787476429.294189,89,4,UDP,443,52783,,forward,20260823_144333_web_001_5c95,Web
1787476429.294189,89,4,UDP,443,52783,,forward,20260823_144333_web_001_5c95,Web
1787476429.294189,210,4,UDP,443,52783,,forward,20260823_144333_web_001_5c95,Web
1787476429.294189,89,4,UDP,443,52783,,forward,20260823_144333_web_001_5c95,Web
1787476429.294189,89,4,UDP,443,52783,,forward,20260823_144333_web_001_5c95,Web
1787476429.294189,145,4,UDP,443,52783,,forward,20260823_144333_web_001_5c95,Web
1787476429.294189,89,4,UDP,443,52783,,forward,20260823_144333_web_001_5c95,Web
1787476429.294189,210,4,UDP,443,52783,,forward,20260823_144333_web_001_5c95,Web
1787476429.294189,275,4,UDP,443,52783,,forward,20260823_144333_web_001_5c95,Web
1787476429.294189,211,4,UDP,443,52783,,forward,20260823_144333_web_001_5c95,Web
1787476429.294189,146,4,UDP,443,52783,,forward,20260823_144333_web_001_5c95,Web
1787476429.294189,90,4,UDP,443,52783,,forward,20260823_144333_web_001_5c95,Web
1787476429.294189,90,4,UDP,443,52783,,forward,20260823_144333_web_001_5c95,Web
1787476429.294189,90,4,UDP,443,52783,,forward,20260823_144333_web_001_5c95,Web
1787476429.294189,276,4,UDP,443,52783,,forward,20260823_144333_web_001_5c95,Web
1787476429.294341,1366,4,UDP,52783,443,,forward,20260823_144333_web_001_5c95,Web
1787476429.294365,1366,4,UDP,52783,443,,forward,20260823_144333_web_001_5c95,Web
1787476429.294413,1366,4,UDP,52783,443,,forward,20260823_144333_web_001_5c95,Web
1787476429.294435,1366,4,UDP,52783,443,,forward,20260823_144333_web_001_5c95,Web
1787476429.294457,1366,4,UDP,52783,443,,forward,20260823_144333_web_001_5c95,Web
1787476429.29448,1366,4,UDP,52783,443,,forward,20260823_144333_web_001_5c95,Web
1787476429.294502,1366,4,UDP,52783,443,,forward,20260823_144333_web_001_5c95,Web
1787476429.294524,1366,4,UDP,52783,443,,forward,20260823_144333_web_001_5c95,Web
1787476429.294545,1366,4,UDP,52783,443,,forward,20260823_144333_web_001_5c95,Web
1787476429.294567,1366,4,UDP,52783,443,,forward,20260823_144333_web_001_5c95,Web
1787476429.29459,1366,4,UDP,52783,443,,forward,20260823_144333_web_001_5c95,Web
1787476429.294629,788,4,UDP,52783,443,,forward,20260823_144333_web_001_5c95,Web
1787476429.294653,1366,4,UDP,52783,443,,forward,20260823_144333_web_001_5c95,Web
1787476429.294674,1366,4,UDP,52783,443,,forward,20260823_144333_web_001_5c95,Web
1787476429.294695,1366,4,UDP,52783,443,,forward,20260823_144333_web_001_5c95,Web
1787476429.294715,1366,4,UDP,52783,443,,forward,20260823_144333_web_001_5c95,Web
1787476429.294736,1366,4,UDP,52783,443,,forward,20260823_144333_web_001_5c95,Web
1787476429.294756,1366,4,UDP,52783,443,,forward,20260823_144333_web_001_5c95,Web
1787476429.294777,1366,4,UDP,52783,443,,forward,20260823_144333_web_001_5c95,Web
1787476429.294798,1366,4,UDP,52783,443,,forward,20260823_144333_web_001_5c95,Web
1787476429.294818,1366,4,UDP,52783,443,,forward,20260823_144333_web_001_5c95,Web
1787476429.294839,1366,4,UDP,52783,443,,forward,20260823_144333_web_001_5c95,Web
1787476429.29486,1366,4,UDP,52783,443,,forward,20260823_144333_web_001_5c95,Web
1787476429.294881,1366,4,UDP,52783,443,,forward,20260823_144333_web_001_5c95,Web
1787476429.294914,1366,4,UDP,52783,443,,forward,20260823_144333_web_001_5c95,Web
1787476429.294936,788,4,UDP,52783,443,,forward,20260823_144333_web_001_5c95,Web
1787476429.294957,1366,4,UDP,52783,443,,forward,20260823_144333_web_001_5c95,Web
1787476429.294978,1366,4,UDP,52783,443,,forward,20260823_144333_web_001_5c95,Web
1787476429.294998,1366,4,UDP,52783,443,,forward,20260823_144333_web_001_5c95,Web
1787476429.29502,1366,4,UDP,52783,443,,forward,20260823_144333_web_001_5c95,Web
1787476429.295042,1366,4,UDP,52783,443,,forward,20260823_144333_web_001_5c95,Web
1787476429.295238,1375,4,UDP,52783,443,,forward,20260823_144333_web_001_5c95,Web
1787476429.295268,1366,4,UDP,52783,443,,forward,20260823_144333_web_001_5c95,Web
1787476429.295292,1366,4,UDP,52783,443,,forward,20260823_144333_web_001_5c95,Web
1787476429.295315,1366,4,UDP,52783,443,,forward,20260823_144333_web_001_5c95,Web
1787476429.295337,1366,4,UDP,52783,443,,forward,20260823_144333_web_001_5c95,Web
1787476429.295359,1366,4,UDP,52783,443,,forward,20260823_144333_web_001_5c95,Web
1787476429.295383,1366,4,UDP,52783,443,,forward,20260823_144333_web_001_5c95,Web
1787476429.295406,1366,4,UDP,52783,443,,forward,20260823_144333_web_001_5c95,Web
1787476429.29543,788,4,UDP,52783,443,,forward,20260823_144333_web_001_5c95,Web
1787476429.295451,1366,4,UDP,52783,443,,forward,20260823_144333_web_001_5c95,Web
1787476429.295473,1366,4,UDP,52783,443,,forward,20260823_144333_web_001_5c95,Web
1787476429.295494,1366,4,UDP,52783,443,,forward,20260823_144333_web_001_5c95,Web
1787476429.295515,1366,4,UDP,52783,443,,forward,20260823_144333_web_001_5c95,Web
1787476429.295539,1366,4,UDP,52783,443,,forward,20260823_144333_web_001_5c95,Web
1787476429.295562,1366,4,UDP,52783,443,,forward,20260823_144333_web_001_5c95,Web
1787476429.309558,1366,4,UDP,52783,443,,forward,20260823_144333_web_001_5c95,Web
1787476429.309657,1366,4,UDP,52783,443,,forward,20260823_144333_web_001_5c95,Web
1787476429.309674,1366,4,UDP,52783,443,,forward,20260823_144333_web_001_5c95,Web
1787476429.309688,1366,4,UDP,52783,443,,forward,20260823_144333_web_001_5c95,Web
1787476429.3097,1366,4,UDP,52783,443,,forward,20260823_144333_web_001_5c95,Web
1787476429.309712,1366,4,UDP,52783,443,,forward,20260823_144333_web_001_5c95,Web
1787476429.309723,1366,4,UDP,52783,443,,forward,20260823_144333_web_001_5c95,Web
1787476429.309742,788,4,UDP,52783,443,,forward,20260823_144333_web_001_5c95,Web
1787476429.309755,1366,4,UDP,52783,443,,forward,20260823_144333_web_001_5c95,Web
1787476429.309755,90,4,UDP,443,52783,,forward,20260823_144333_web_001_5c95,Web
1787476429.309755,90,4,UDP,443,52783,,forward,20260823_144333_web_001_5c95,Web
1787476429.309755,90,4,UDP,443,52783,,forward,20260823_144333_web_001_5c95,Web
1787476429.309755,90,4,UDP,443,52783,,forward,20260823_144333_web_001_5c95,Web
1787476429.309755,276,4,UDP,443,52783,,forward,20260823_144333_web_001_5c95,Web
1787476429.309755,146,4,UDP,443,52783,,forward,20260823_144333_web_001_5c95,Web
1787476429.309755,90,4,UDP,443,52783,,forward,20260823_144333_web_001_5c95,Web
1787476429.309755,90,4,UDP,443,52783,,forward,20260823_144333_web_001_5c95,Web
1787476429.309755,276,4,UDP,443,52783,,forward,20260823_144333_web_001_5c95,Web
1787476429.309755,276,4,UDP,443,52783,,forward,20260823_144333_web_001_5c95,Web
1787476429.309755,211,4,UDP,443,52783,,forward,20260823_144333_web_001_5c95,Web
1787476429.309768,1366,4,UDP,52783,443,,forward,20260823_144333_web_001_5c95,Web
1787476429.30978,1366,4,UDP,52783,443,,forward,20260823_144333_web_001_5c95,Web
1787476429.309793,1366,4,UDP,52783,443,,forward,20260823_144333_web_001_5c95,Web
1787476429.309805,1366,4,UDP,52783,443,,forward,20260823_144333_web_001_5c95,Web
1787476429.30982,1366,4,UDP,52783,443,,forward,20260823_144333_web_001_5c95,Web
1787476429.309833,1366,4,UDP,52783,443,,forward,20260823_144333_web_001_5c95,Web
1787476429.309845,1366,4,UDP,52783,443,,forward,20260823_144333_web_001_5c95,Web
1787476429.309858,1366,4,UDP,52783,443,,forward,20260823_144333_web_001_5c95,Web
1787476429.30987,1366,4,UDP,52783,443,,forward,20260823_144333_web_001_5c95,Web
1787476429.309884,1366,4,UDP,52783,443,,forward,20260823_144333_web_001_5c95,Web
1787476429.309896,1366,4,UDP,52783,443,,forward,20260823_144333_web_001_5c95,Web
1787476429.309909,1366,4,UDP,52783,443,,forward,20260823_144333_web_001_5c95,Web
1787476429.309923,788,4,UDP,52783,443,,forward,20260823_144333_web_001_5c95,Web
1787476429.309935,1366,4,UDP,52783,443,,forward,20260823_144333_web_001_5c95,Web
1787476429.309947,1366,4,UDP,52783,443,,forward,20260823_144333_web_001_5c95,Web
1787476429.30996,1366,4,UDP,52783,443,,forward,20260823_144333_web_001_5c95,Web
1787476429.309972,1366,4,UDP,52783,443,,forward,20260823_144333_web_001_5c95,Web
1787476429.309985,1366,4,UDP,52783,443,,forward,20260823_144333_web_001_5c95,Web
1787476429.309999,1366,4,UDP,52783,443,,forward,20260823_144333_web_001_5c95,Web
1787476429.310012,1366,4,UDP,52783,443,,forward,20260823_144333_web_001_5c95,Web
1787476429.310024,1366,4,UDP,52783,443,,forward,20260823_144333_web_001_5c95,Web
1787476429.310037,1366,4,UDP,52783,443,,forward,20260823_144333_web_001_5c95,Web
1787476429.310048,1366,4,UDP,52783,443,,forward,20260823_144333_web_001_5c95,Web
1787476429.31006,1366,4,UDP,52783,443,,forward,20260823_144333_web_001_5c95,Web
1787476429.310073,1366,4,UDP,52783,443,,forward,20260823_144333_web_001_5c95,Web
1787476429.310085,1366,4,UDP,52783,443,,forward,20260823_144333_web_001_5c95,Web
1787476429.310098,788,4,UDP,52783,443,,forward,20260823_144333_web_001_5c95,Web
1787476429.310112,1366,4,UDP,52783,443,,forward,20260823_144333_web_001_5c95,Web
1787476429.310124,1366,4,UDP,52783,443,,forward,20260823_144333_web_001_5c95,Web
1787476429.310136,1366,4,UDP,52783,443,,forward,20260823_144333_web_001_5c95,Web
1787476429.310148,1366,4,UDP,52783,443,,forward,20260823_144333_web_001_5c95,Web
1787476429.310161,1366,4,UDP,52783,443,,forward,20260823_144333_web_001_5c95,Web
1787476429.310173,1366,4,UDP,52783,443,,forward,20260823_144333_web_001_5c95,Web
1787476429.31019,1366,4,UDP,52783,443,,forward,20260823_144333_web_001_5c95,Web
1787476429.31023,1366,4,UDP,52783,443,,forward,20260823_144333_web_001_5c95,Web
1787476429.310244,1366,4,UDP,52783,443,,forward,20260823_144333_web_001_5c95,Web
1787476429.310271,1366,4,UDP,52783,443,,forward,20260823_144333_web_001_5c95,Web
1787476429.310286,1366,4,UDP,52783,443,,forward,20260823_144333_web_001_5c95,Web
1787476429.310299,1366,4,UDP,52783,443,,forward,20260823_144333_web_001_5c95,Web
1787476429.310313,1366,4,UDP,52783,443,,forward,20260823_144333_web_001_5c95,Web
1787476429.310327,788,4,UDP,52783,443,,forward,20260823_144333_web_001_5c95,Web
1787476429.310342,1366,4,UDP,52783,443,,forward,20260823_144333_web_001_5c95,Web
1787476429.310357,1366,4,UDP,52783,443,,forward,20260823_144333_web_001_5c95,Web
1787476429.325603,1366,4,UDP,52783,443,,forward,20260823_144333_web_001_5c95,Web
1787476429.325714,1366,4,UDP,52783,443,,forward,20260823_144333_web_001_5c95,Web
1787476429.325821,90,4,UDP,443,52783,,forward,20260823_144333_web_001_5c95,Web
1787476429.325821,211,4,UDP,443,52783,,forward,20260823_144333_web_001_5c95,Web
1787476429.325821,90,4,UDP,443,52783,,forward,20260823_144333_web_001_5c95,Web
1787476429.325821,90,4,UDP,443,52783,,forward,20260823_144333_web_001_5c95,Web
1787476429.325821,211,4,UDP,443,52783,,forward,20260823_144333_web_001_5c95,Web
1787476429.325821,211,4,UDP,443,52783,,forward,20260823_144333_web_001_5c95,Web
1787476429.325821,146,4,UDP,443,52783,,forward,20260823_144333_web_001_5c95,Web
1787476429.325821,146,4,UDP,443,52783,,forward,20260823_144333_web_001_5c95,Web
1787476429.325821,90,4,UDP,443,52783,,forward,20260823_144333_web_001_5c95,Web
1787476429.325821,90,4,UDP,443,52783,,forward,20260823_144333_web_001_5c95,Web
1787476429.325821,146,4,UDP,443,52783,,forward,20260823_144333_web_001_5c95,Web
1787476429.325821,90,4,UDP,443,52783,,forward,20260823_144333_web_001_5c95,Web
1787476429.325821,146,4,UDP,443,52783,,forward,20260823_144333_web_001_5c95,Web
1787476429.325821,90,4,UDP,443,52783,,forward,20260823_144333_web_001_5c95,Web
1787476429.325821,90,4,UDP,443,52783,,forward,20260823_144333_web_001_5c95,Web
1787476429.325821,146,4,UDP,443,52783,,forward,20260823_144333_web_001_5c95,Web
1787476429.325821,276,4,UDP,443,52783,,forward,20260823_144333_web_001_5c95,Web
1787476429.325821,211,4,UDP,443,52783,,forward,20260823_144333_web_001_5c95,Web
1787476429.325821,90,4,UDP,443,52783,,forward,20260823_144333_web_001_5c95,Web
1787476429.325821,90,4,UDP,443,52783,,forward,20260823_144333_web_001_5c95,Web
1787476429.325821,90,4,UDP,443,52783,,forward,20260823_144333_web_001_5c95,Web
1787476429.325821,146,4,UDP,443,52783,,forward,20260823_144333_web_001_5c95,Web
1787476429.325821,90,4,UDP,443,52783,,forward,20260823_144333_web_001_5c95,Web
1787476429.325821,211,4,UDP,443,52783,,forward,20260823_144333_web_001_5c95,Web
1787476429.325821,211,4,UDP,443,52783,,forward,20260823_144333_web_001_5c95,Web
1787476429.325821,146,4,UDP,443,52783,,forward,20260823_144333_web_001_5c95,Web
1787476429.325821,90,4,UDP,443,52783,,forward,20260823_144333_web_001_5c95,Web
1787476429.325821,90,4,UDP,443,52783,,forward,20260823_144333_web_001_5c95,Web
1787476429.325821,90,4,UDP,443,52783,,forward,20260823_144333_web_001_5c95,Web
1787476429.325821,211,4,UDP,443,52783,,forward,20260823_144333_web_001_5c95,Web
1787476429.325821,90,4,UDP,443,52783,,forward,20260823_144333_web_001_5c95,Web
1787476429.325821,90,4,UDP,443,52783,,forward,20260823_144333_web_001_5c95,Web
1787476429.325821,276,4,UDP,443,52783,,forward,20260823_144333_web_001_5c95,Web
1787476429.325821,146,4,UDP,443,52783,,forward,20260823_144333_web_001_5c95,Web
1787476429.326112,1366,4,UDP,52783,443,,forward,20260823_144333_web_001_5c95,Web
1787476429.32614,1366,4,UDP,52783,443,,forward,20260823_144333_web_001_5c95,Web
1787476429.326155,1366,4,UDP,52783,443,,forward,20260823_144333_web_001_5c95,Web
1787476429.326179,1366,4,UDP,52783,443,,forward,20260823_144333_web_001_5c95,Web
1787476429.326193,1366,4,UDP,52783,443,,forward,20260823_144333_web_001_5c95,Web
1787476429.326207,1366,4,UDP,52783,443,,forward,20260823_144333_web_001_5c95,Web
1787476429.326221,1366,4,UDP,52783,443,,forward,20260823_144333_web_001_5c95,Web
1787476429.326239,1366,4,UDP,52783,443,,forward,20260823_144333_web_001_5c95,Web
1787476429.326261,1366,4,UDP,52783,443,,forward,20260823_144333_web_001_5c95,Web
1787476429.32629,788,4,UDP,52783,443,,forward,20260823_144333_web_001_5c95,Web
1787476429.326312,1366,4,UDP,52783,443,,forward,20260823_144333_web_001_5c95,Web
1787476429.326328,1366,4,UDP,52783,443,,forward,20260823_144333_web_001_5c95,Web
1787476429.326343,1366,4,UDP,52783,443,,forward,20260823_144333_web_001_5c95,Web
1787476429.326357,1366,4,UDP,52783,443,,forward,20260823_144333_web_001_5c95,Web
1787476429.326372,1366,4,UDP,52783,443,,forward,20260823_144333_web_001_5c95,Web
1787476429.326407,1366,4,UDP,52783,443,,forward,20260823_144333_web_001_5c95,Web
1787476429.326423,1366,4,UDP,52783,443,,forward,20260823_144333_web_001_5c95,Web
1787476429.326442,1366,4,UDP,52783,443,,forward,20260823_144333_web_001_5c95,Web
1787476429.326458,1366,4,UDP,52783,443,,forward,20260823_144333_web_001_5c95,Web
1787476429.326474,1366,4,UDP,52783,443,,forward,20260823_144333_web_001_5c95,Web
1787476429.326535,1366,4,UDP,52783,443,,forward,20260823_144333_web_001_5c95,Web
1787476429.326556,1366,4,UDP,52783,443,,forward,20260823_144333_web_001_5c95,Web
1787476429.326574,1366,4,UDP,52783,443,,forward,20260823_144333_web_001_5c95,Web
1787476429.326593,788,4,UDP,52783,443,,forward,20260823_144333_web_001_5c95,Web
1787476429.326609,1366,4,UDP,52783,443,,forward,20260823_144333_web_001_5c95,Web
1787476429.326625,1366,4,UDP,52783,443,,forward,20260823_144333_web_001_5c95,Web
1787476429.326639,1366,4,UDP,52783,443,,forward,20260823_144333_web_001_5c95,Web
1787476429.326653,1366,4,UDP,52783,443,,forward,20260823_144333_web_001_5c95,Web
1787476429.326669,1366,4,UDP,52783,443,,forward,20260823_144333_web_001_5c95,Web
1787476429.326685,1366,4,UDP,52783,443,,forward,20260823_144333_web_001_5c95,Web
1787476429.326699,1366,4,UDP,52783,443,,forward,20260823_144333_web_001_5c95,Web
1787476429.326729,1366,4,UDP,52783,443,,forward,20260823_144333_web_001_5c95,Web
1787476429.326744,1366,4,UDP,52783,443,,forward,20260823_144333_web_001_5c95,Web
1787476429.326761,1366,4,UDP,52783,443,,forward,20260823_144333_web_001_5c95,Web
1787476429.326863,1366,4,UDP,52783,443,,forward,20260823_144333_web_001_5c95,Web
1787476429.326926,1366,4,UDP,52783,443,,forward,20260823_144333_web_001_5c95,Web
1787476429.326954,1366,4,UDP,52783,443,,forward,20260823_144333_web_001_5c95,Web
1787476429.326979,788,4,UDP,52783,443,,forward,20260823_144333_web_001_5c95,Web
1787476429.327001,1366,4,UDP,52783,443,,forward,20260823_144333_web_001_5c95,Web
1787476429.327023,1366,4,UDP,52783,443,,forward,20260823_144333_web_001_5c95,Web
1787476429.327045,1366,4,UDP,52783,443,,forward,20260823_144333_web_001_5c95,Web
1787476429.327067,1366,4,UDP,52783,443,,forward,20260823_144333_web_001_5c95,Web
1787476429.327088,1366,4,UDP,52783,443,,forward,20260823_144333_web_001_5c95,Web
1787476429.32711,1366,4,UDP,52783,443,,forward,20260823_144333_web_001_5c95,Web
1787476429.327133,1366,4,UDP,52783,443,,forward,20260823_144333_web_001_5c95,Web
1787476429.327155,1366,4,UDP,52783,443,,forward,20260823_144333_web_001_5c95,Web
1787476429.327177,1366,4,UDP,52783,443,,forward,20260823_144333_web_001_5c95,Web
1787476429.327199,1366,4,UDP,52783,443,,forward,20260823_144333_web_001_5c95,Web
1787476429.327221,1366,4,UDP,52783,443,,forward,20260823_144333_web_001_5c95,Web
1787476429.340605,1366,4,UDP,52783,443,,forward,20260823_144333_web_001_5c95,Web
1787476429.340741,1366,4,UDP,52783,443,,forward,20260823_144333_web_001_5c95,Web
1787476429.340774,788,4,UDP,52783,443,,forward,20260823_144333_web_001_5c95,Web
1787476429.340791,1366,4,UDP,52783,443,,forward,20260823_144333_web_001_5c95,Web
1787476429.340807,1366,4,UDP,52783,443,,forward,20260823_144333_web_001_5c95,Web
1787476429.340822,1366,4,UDP,52783,443,,forward,20260823_144333_web_001_5c95,Web
1787476429.340838,1366,4,UDP,52783,443,,forward,20260823_144333_web_001_5c95,Web
1787476429.340855,1366,4,UDP,52783,443,,forward,20260823_144333_web_001_5c95,Web
1787476429.340871,1366,4,UDP,52783,443,,forward,20260823_144333_web_001_5c95,Web
1787476429.340886,1366,4,UDP,52783,443,,forward,20260823_144333_web_001_5c95,Web
1787476429.340839,90,4,UDP,443,52783,,forward,20260823_144333_web_001_5c95,Web
1787476429.340839,90,4,UDP,443,52783,,forward,20260823_144333_web_001_5c95,Web
1787476429.340839,90,4,UDP,443,52783,,forward,20260823_144333_web_001_5c95,Web
1787476429.340839,146,4,UDP,443,52783,,forward,20260823_144333_web_001_5c95,Web
1787476429.340839,341,4,UDP,443,52783,,forward,20260823_144333_web_001_5c95,Web
1787476429.340839,90,4,UDP,443,52783,,forward,20260823_144333_web_001_5c95,Web
1787476429.340839,90,4,UDP,443,52783,,forward,20260823_144333_web_001_5c95,Web
1787476429.340839,90,4,UDP,443,52783,,forward,20260823_144333_web_001_5c95,Web
1787476429.340839,90,4,UDP,443,52783,,forward,20260823_144333_web_001_5c95,Web
1787476429.340839,341,4,UDP,443,52783,,forward,20260823_144333_web_001_5c95,Web
1787476429.340839,211,4,UDP,443,52783,,forward,20260823_144333_web_001_5c95,Web
1787476429.340839,146,4,UDP,443,52783,,forward,20260823_144333_web_001_5c95,Web
1787476429.340839,90,4,UDP,443,52783,,forward,20260823_144333_web_001_5c95,Web
1787476429.340839,90,4,UDP,443,52783,,forward,20260823_144333_web_001_5c95,Web
1787476429.340839,90,4,UDP,443,52783,,forward,20260823_144333_web_001_5c95,Web
1787476429.340839,90,4,UDP,443,52783,,forward,20260823_144333_web_001_5c95,Web
1787476429.340839,276,4,UDP,443,52783,,forward,20260823_144333_web_001_5c95,Web
1787476429.340839,146,4,UDP,443,52783,,forward,20260823_144333_web_001_5c95,Web
1787476429.340839,146,4,UDP,443,52783,,forward,20260823_144333_web_001_5c95,Web
1787476429.340839,146,4,UDP,443,52783,,forward,20260823_144333_web_001_5c95,Web
1787476429.340839,90,4,UDP,443,52783,,forward,20260823_144333_web_001_5c95,Web
1787476429.340839,90,4,UDP,443,52783,,forward,20260823_144333_web_001_5c95,Web
1787476429.340839,146,4,UDP,443,52783,,forward,20260823_144333_web_001_5c95,Web
1787476429.340839,211,4,UDP,443,52783,,forward,20260823_144333_web_001_5c95,Web
1787476429.340839,146,4,UDP,443,52783,,forward,20260823_144333_web_001_5c95,Web
1787476429.34124,1375,4,UDP,52783,443,,forward,20260823_144333_web_001_5c95,Web
1787476429.341303,1366,4,UDP,52783,443,,forward,20260823_144333_web_001_5c95,Web
1787476429.341333,1366,4,UDP,52783,443,,forward,20260823_144333_web_001_5c95,Web
1787476429.341359,1366,4,UDP,52783,443,,forward,20260823_144333_web_001_5c95,Web
1787476429.341383,1366,4,UDP,52783,443,,forward,20260823_144333_web_001_5c95,Web
1787476429.341407,1366,4,UDP,52783,443,,forward,20260823_144333_web_001_5c95,Web
1787476429.341432,788,4,UDP,52783,443,,forward,20260823_144333_web_001_5c95,Web
1787476429.341456,1366,4,UDP,52783,443,,forward,20260823_144333_web_001_5c95,Web
1787476429.341478,1366,4,UDP,52783,443,,forward,20260823_144333_web_001_5c95,Web
1787476429.341502,1366,4,UDP,52783,443,,forward,20260823_144333_web_001_5c95,Web
1787476429.341526,1366,4,UDP,52783,443,,forward,20260823_144333_web_001_5c95,Web
1787476429.341548,1366,4,UDP,52783,443,,forward,20260823_144333_web_001_5c95,Web
1787476429.34157,1366,4,UDP,52783,443,,forward,20260823_144333_web_001_5c95,Web
1787476429.341622,1366,4,UDP,52783,443,,forward,20260823_144333_web_001_5c95,Web
1787476429.341644,1366,4,UDP,52783,443,,forward,20260823_144333_web_001_5c95,Web
1787476429.341667,1366,4,UDP,52783,443,,forward,20260823_144333_web_001_5c95,Web
1787476429.341694,1366,4,UDP,52783,443,,forward,20260823_144333_web_001_5c95,Web
1787476429.341722,1366,4,UDP,52783,443,,forward,20260823_144333_web_001_5c95,Web
1787476429.341747,1366,4,UDP,52783,443,,forward,20260823_144333_web_001_5c95,Web
1787476429.341776,1366,4,UDP,52783,443,,forward,20260823_144333_web_001_5c95,Web
1787476429.341808,788,4,UDP,52783,443,,forward,20260823_144333_web_001_5c95,Web
1787476429.341835,1366,4,UDP,52783,443,,forward,20260823_144333_web_001_5c95,Web
1787476429.341862,1366,4,UDP,52783,443,,forward,20260823_144333_web_001_5c95,Web
1787476429.341888,1366,4,UDP,52783,443,,forward,20260823_144333_web_001_5c95,Web
1787476429.341913,1366,4,UDP,52783,443,,forward,20260823_144333_web_001_5c95,Web
1787476429.341939,1366,4,UDP,52783,443,,forward,20260823_144333_web_001_5c95,Web
1787476429.341981,1366,4,UDP,52783,443,,forward,20260823_144333_web_001_5c95,Web
1787476429.342009,1366,4,UDP,52783,443,,forward,20260823_144333_web_001_5c95,Web
1787476429.342036,1366,4,UDP,52783,443,,forward,20260823_144333_web_001_5c95,Web
1787476429.342065,1366,4,UDP,52783,443,,forward,20260823_144333_web_001_5c95,Web
1787476429.342094,1366,4,UDP,52783,443,,forward,20260823_144333_web_001_5c95,Web
1787476429.342122,1366,4,UDP,52783,443,,forward,20260823_144333_web_001_5c95,Web
1787476429.34215,1366,4,UDP,52783,443,,forward,20260823_144333_web_001_5c95,Web
1787476429.34218,1366,4,UDP,52783,443,,forward,20260823_144333_web_001_5c95,Web
1787476429.342208,788,4,UDP,52783,443,,forward,20260823_144333_web_001_5c95,Web
1787476429.342236,1366,4,UDP,52783,443,,forward,20260823_144333_web_001_5c95,Web
1787476429.342266,1366,4,UDP,52783,443,,forward,20260823_144333_web_001_5c95,Web
1787476429.342309,1366,4,UDP,52783,443,,forward,20260823_144333_web_001_5c95,Web
1787476429.342338,1366,4,UDP,52783,443,,forward,20260823_144333_web_001_5c95,Web
1787476429.342368,1366,4,UDP,52783,443,,forward,20260823_144333_web_001_5c95,Web
1787476429.342401,1366,4,UDP,52783,443,,forward,20260823_144333_web_001_5c95,Web
1787476429.342461,1366,4,UDP,52783,443,,forward,20260823_144333_web_001_5c95,Web
1787476429.345502,1366,4,UDP,52783,443,,forward,20260823_144333_web_001_5c95,Web
1787476429.345603,1366,4,UDP,52783,443,,forward,20260823_144333_web_001_5c95,Web
1787476429.34563,1366,4,UDP,52783,443,,forward,20260823_144333_web_001_5c95,Web
1787476429.345607,90,4,UDP,443,52783,,forward,20260823_144333_web_001_5c95,Web
1787476429.345607,276,4,UDP,443,52783,,forward,20260823_144333_web_001_5c95,Web
1787476429.345607,90,4,UDP,443,52783,,forward,20260823_144333_web_001_5c95,Web
1787476429.345607,90,4,UDP,443,52783,,forward,20260823_144333_web_001_5c95,Web
1787476429.345607,146,4,UDP,443,52783,,forward,20260823_144333_web_001_5c95,Web
1787476429.345607,90,4,UDP,443,52783,,forward,20260823_144333_web_001_5c95,Web
1787476429.345607,146,4,UDP,443,52783,,forward,20260823_144333_web_001_5c95,Web
1787476429.345607,211,4,UDP,443,52783,,forward,20260823_144333_web_001_5c95,Web
1787476429.345607,146,4,UDP,443,52783,,forward,20260823_144333_web_001_5c95,Web
1787476429.345607,90,4,UDP,443,52783,,forward,20260823_144333_web_001_5c95,Web
1787476429.345607,90,4,UDP,443,52783,,forward,20260823_144333_web_001_5c95,Web
1787476429.345645,1366,4,UDP,52783,443,,forward,20260823_144333_web_001_5c95,Web
1787476429.345607,146,4,UDP,443,52783,,forward,20260823_144333_web_001_5c95,Web
1787476429.345659,1366,4,UDP,52783,443,,forward,20260823_144333_web_001_5c95,Web
1787476429.345674,1366,4,UDP,52783,443,,forward,20260823_144333_web_001_5c95,Web
1787476429.345693,788,4,UDP,52783,443,,forward,20260823_144333_web_001_5c95,Web
1787476429.345709,1366,4,UDP,52783,443,,forward,20260823_144333_web_001_5c95,Web
1787476429.345723,1366,4,UDP,52783,443,,forward,20260823_144333_web_001_5c95,Web
1787476429.345738,1366,4,UDP,52783,443,,forward,20260823_144333_web_001_5c95,Web
1787476429.345752,1366,4,UDP,52783,443,,forward,20260823_144333_web_001_5c95,Web
1787476429.345791,1366,4,UDP,52783,443,,forward,20260823_144333_web_001_5c95,Web
1787476429.345806,1366,4,UDP,52783,443,,forward,20260823_144333_web_001_5c95,Web
1787476429.34582,1366,4,UDP,52783,443,,forward,20260823_144333_web_001_5c95,Web
1787476429.345834,1366,4,UDP,52783,443,,forward,20260823_144333_web_001_5c95,Web
1787476429.345849,1366,4,UDP,52783,443,,forward,20260823_144333_web_001_5c95,Web
1787476429.345863,1366,4,UDP,52783,443,,forward,20260823_144333_web_001_5c95,Web
1787476429.345878,1366,4,UDP,52783,443,,forward,20260823_144333_web_001_5c95,Web
1787476429.345892,1366,4,UDP,52783,443,,forward,20260823_144333_web_001_5c95,Web
1787476429.345906,1366,4,UDP,52783,443,,forward,20260823_144333_web_001_5c95,Web
1787476429.345923,788,4,UDP,52783,443,,forward,20260823_144333_web_001_5c95,Web
1787476429.345938,1366,4,UDP,52783,443,,forward,20260823_144333_web_001_5c95,Web
1787476429.345953,1366,4,UDP,52783,443,,forward,20260823_144333_web_001_5c95,Web
1787476429.345968,1366,4,UDP,52783,443,,forward,20260823_144333_web_001_5c95,Web
1787476429.345983,1366,4,UDP,52783,443,,forward,20260823_144333_web_001_5c95,Web
1787476429.345998,1366,4,UDP,52783,443,,forward,20260823_144333_web_001_5c95,Web
1787476429.355699,1366,4,UDP,52783,443,,forward,20260823_144333_web_001_5c95,Web
1787476429.355799,1366,4,UDP,52783,443,,forward,20260823_144333_web_001_5c95,Web
1787476429.355824,1366,4,UDP,52783,443,,forward,20260823_144333_web_001_5c95,Web
1787476429.355839,1366,4,UDP,52783,443,,forward,20260823_144333_web_001_5c95,Web
1787476429.3558,276,4,UDP,443,52783,,forward,20260823_144333_web_001_5c95,Web
1787476429.3558,90,4,UDP,443,52783,,forward,20260823_144333_web_001_5c95,Web
1787476429.3558,90,4,UDP,443,52783,,forward,20260823_144333_web_001_5c95,Web
1787476429.3558,90,4,UDP,443,52783,,forward,20260823_144333_web_001_5c95,Web
1787476429.3558,276,4,UDP,443,52783,,forward,20260823_144333_web_001_5c95,Web
1787476429.3558,211,4,UDP,443,52783,,forward,20260823_144333_web_001_5c95,Web
1787476429.3558,146,4,UDP,443,52783,,forward,20260823_144333_web_001_5c95,Web
1787476429.3558,90,4,UDP,443,52783,,forward,20260823_144333_web_001_5c95,Web
1787476429.3558,90,4,UDP,443,52783,,forward,20260823_144333_web_001_5c95,Web
1787476429.3558,90,4,UDP,443,52783,,forward,20260823_144333_web_001_5c95,Web
1787476429.3558,146,4,UDP,443,52783,,forward,20260823_144333_web_001_5c95,Web
1787476429.3558,276,4,UDP,443,52783,,forward,20260823_144333_web_001_5c95,Web
1787476429.3558,146,4,UDP,443,52783,,forward,20260823_144333_web_001_5c95,Web
1787476429.3558,181,4,UDP,443,52783,,forward,20260823_144333_web_001_5c95,Web
1787476429.3558,90,4,UDP,443,52783,,forward,20260823_144333_web_001_5c95,Web
1787476429.3558,90,4,UDP,443,52783,,forward,20260823_144333_web_001_5c95,Web
1787476429.3558,90,4,UDP,443,52783,,forward,20260823_144333_web_001_5c95,Web
1787476429.3558,146,4,UDP,443,52783,,forward,20260823_144333_web_001_5c95,Web
1787476429.355854,1366,4,UDP,52783,443,,forward,20260823_144333_web_001_5c95,Web
1787476429.355869,1366,4,UDP,52783,443,,forward,20260823_144333_web_001_5c95,Web
1787476429.355884,1366,4,UDP,52783,443,,forward,20260823_144333_web_001_5c95,Web
1787476429.355917,1366,4,UDP,52783,443,,forward,20260823_144333_web_001_5c95,Web
1787476429.355935,788,4,UDP,52783,443,,forward,20260823_144333_web_001_5c95,Web
1787476429.35595,1366,4,UDP,52783,443,,forward,20260823_144333_web_001_5c95,Web
1787476429.355965,1366,4,UDP,52783,443,,forward,20260823_144333_web_001_5c95,Web
1787476429.355979,1366,4,UDP,52783,443,,forward,20260823_144333_web_001_5c95,Web
1787476429.355993,1366,4,UDP,52783,443,,forward,20260823_144333_web_001_5c95,Web
1787476429.356007,1366,4,UDP,52783,443,,forward,20260823_144333_web_001_5c95,Web
1787476429.356022,1366,4,UDP,52783,443,,forward,20260823_144333_web_001_5c95,Web
1787476429.356035,1366,4,UDP,52783,443,,forward,20260823_144333_web_001_5c95,Web
1787476429.356049,1366,4,UDP,52783,443,,forward,20260823_144333_web_001_5c95,Web
1787476429.356063,1366,4,UDP,52783,443,,forward,20260823_144333_web_001_5c95,Web
1787476429.356077,1366,4,UDP,52783,443,,forward,20260823_144333_web_001_5c95,Web
1787476429.356092,1366,4,UDP,52783,443,,forward,20260823_144333_web_001_5c95,Web
1787476429.356107,1366,4,UDP,52783,443,,forward,20260823_144333_web_001_5c95,Web
1787476429.356122,1366,4,UDP,52783,443,,forward,20260823_144333_web_001_5c95,Web
1787476429.356137,788,4,UDP,52783,443,,forward,20260823_144333_web_001_5c95,Web
1787476429.356152,1366,4,UDP,52783,443,,forward,20260823_144333_web_001_5c95,Web
1787476429.356167,1366,4,UDP,52783,443,,forward,20260823_144333_web_001_5c95,Web
1787476429.356182,1366,4,UDP,52783,443,,forward,20260823_144333_web_001_5c95,Web
1787476429.356197,1366,4,UDP,52783,443,,forward,20260823_144333_web_001_5c95,Web
1787476429.356215,1366,4,UDP,52783,443,,forward,20260823_144333_web_001_5c95,Web
1787476429.356231,1366,4,UDP,52783,443,,forward,20260823_144333_web_001_5c95,Web
1787476429.356246,1366,4,UDP,52783,443,,forward,20260823_144333_web_001_5c95,Web
1787476429.356274,1366,4,UDP,52783,443,,forward,20260823_144333_web_001_5c95,Web
1787476429.356291,1366,4,UDP,52783,443,,forward,20260823_144333_web_001_5c95,Web
1787476429.356306,1366,4,UDP,52783,443,,forward,20260823_144333_web_001_5c95,Web
1787476429.356321,1366,4,UDP,52783,443,,forward,20260823_144333_web_001_5c95,Web
1787476429.356336,1366,4,UDP,52783,443,,forward,20260823_144333_web_001_5c95,Web
1787476429.356352,1366,4,UDP,52783,443,,forward,20260823_144333_web_001_5c95,Web
1787476429.356369,788,4,UDP,52783,443,,forward,20260823_144333_web_001_5c95,Web
1787476429.356386,1366,4,UDP,52783,443,,forward,20260823_144333_web_001_5c95,Web
1787476429.356403,1366,4,UDP,52783,443,,forward,20260823_144333_web_001_5c95,Web
1787476429.356419,1366,4,UDP,52783,443,,forward,20260823_144333_web_001_5c95,Web
1787476429.356436,1366,4,UDP,52783,443,,forward,20260823_144333_web_001_5c95,Web
1787476429.356452,1366,4,UDP,52783,443,,forward,20260823_144333_web_001_5c95,Web
1787476429.356468,1366,4,UDP,52783,443,,forward,20260823_144333_web_001_5c95,Web
1787476429.356491,1366,4,UDP,52783,443,,forward,20260823_144333_web_001_5c95,Web
1787476429.356509,1366,4,UDP,52783,443,,forward,20260823_144333_web_001_5c95,Web
1787476429.356526,1366,4,UDP,52783,443,,forward,20260823_144333_web_001_5c95,Web
1787476429.356545,1366,4,UDP,52783,443,,forward,20260823_144333_web_001_5c95,Web
1787476429.356563,1366,4,UDP,52783,443,,forward,20260823_144333_web_001_5c95,Web
1787476429.3566,1366,4,UDP,52783,443,,forward,20260823_144333_web_001_5c95,Web
1787476429.356625,1366,4,UDP,52783,443,,forward,20260823_144333_web_001_5c95,Web
1787476429.356661,788,4,UDP,52783,443,,forward,20260823_144333_web_001_5c95,Web
1787476429.356688,1366,4,UDP,52783,443,,forward,20260823_144333_web_001_5c95,Web
1787476429.370641,1366,4,UDP,52783,443,,forward,20260823_144333_web_001_5c95,Web
1787476429.370752,1366,4,UDP,52783,443,,forward,20260823_144333_web_001_5c95,Web
1787476429.370789,1366,4,UDP,52783,443,,forward,20260823_144333_web_001_5c95,Web
1787476429.370814,1366,4,UDP,52783,443,,forward,20260823_144333_web_001_5c95,Web
1787476429.370838,1366,4,UDP,52783,443,,forward,20260823_144333_web_001_5c95,Web
1787476429.370779,146,4,UDP,443,52783,,forward,20260823_144333_web_001_5c95,Web
1787476429.370779,90,4,UDP,443,52783,,forward,20260823_144333_web_001_5c95,Web
1787476429.370779,90,4,UDP,443,52783,,forward,20260823_144333_web_001_5c95,Web
1787476429.370779,146,4,UDP,443,52783,,forward,20260823_144333_web_001_5c95,Web
1787476429.370779,276,4,UDP,443,52783,,forward,20260823_144333_web_001_5c95,Web
1787476429.370779,90,4,UDP,443,52783,,forward,20260823_144333_web_001_5c95,Web
1787476429.370779,90,4,UDP,443,52783,,forward,20260823_144333_web_001_5c95,Web
1787476429.370779,146,4,UDP,443,52783,,forward,20260823_144333_web_001_5c95,Web
1787476429.370779,276,4,UDP,443,52783,,forward,20260823_144333_web_001_5c95,Web
1787476429.370779,90,4,UDP,443,52783,,forward,20260823_144333_web_001_5c95,Web
1787476429.370779,90,4,UDP,443,52783,,forward,20260823_144333_web_001_5c95,Web
1787476429.370779,90,4,UDP,443,52783,,forward,20260823_144333_web_001_5c95,Web
1787476429.370779,90,4,UDP,443,52783,,forward,20260823_144333_web_001_5c95,Web
1787476429.370779,146,4,UDP,443,52783,,forward,20260823_144333_web_001_5c95,Web
1787476429.370779,146,4,UDP,443,52783,,forward,20260823_144333_web_001_5c95,Web
1787476429.370779,90,4,UDP,443,52783,,forward,20260823_144333_web_001_5c95,Web
1787476429.370779,211,4,UDP,443,52783,,forward,20260823_144333_web_001_5c95,Web
1787476429.370779,90,4,UDP,443,52783,,forward,20260823_144333_web_001_5c95,Web
1787476429.370779,211,4,UDP,443,52783,,forward,20260823_144333_web_001_5c95,Web
1787476429.370779,341,4,UDP,443,52783,,forward,20260823_144333_web_001_5c95,Web
1787476429.370779,90,4,UDP,443,52783,,forward,20260823_144333_web_001_5c95,Web
1787476429.370779,90,4,UDP,443,52783,,forward,20260823_144333_web_001_5c95,Web
1787476429.370779,90,4,UDP,443,52783,,forward,20260823_144333_web_001_5c95,Web
1787476429.370779,146,4,UDP,443,52783,,forward,20260823_144333_web_001_5c95,Web
1787476429.370779,276,4,UDP,443,52783,,forward,20260823_144333_web_001_5c95,Web
1787476429.370861,1366,4,UDP,52783,443,,forward,20260823_144333_web_001_5c95,Web
1787476429.370883,1366,4,UDP,52783,443,,forward,20260823_144333_web_001_5c95,Web
1787476429.370905,1366,4,UDP,52783,443,,forward,20260823_144333_web_001_5c95,Web
1787476429.371151,1375,4,UDP,52783,443,,forward,20260823_144333_web_001_5c95,Web
1787476429.371195,1366,4,UDP,52783,443,,forward,20260823_144333_web_001_5c95,Web
1787476429.371221,1366,4,UDP,52783,443,,forward,20260823_144333_web_001_5c95,Web
1787476429.371243,1366,4,UDP,52783,443,,forward,20260823_144333_web_001_5c95,Web
1787476429.371269,788,4,UDP,52783,443,,forward,20260823_144333_web_001_5c95,Web
1787476429.371291,1366,4,UDP,52783,443,,forward,20260823_144333_web_001_5c95,Web
1787476429.371339,1366,4,UDP,52783,443,,forward,20260823_144333_web_001_5c95,Web
1787476429.371361,1366,4,UDP,52783,443,,forward,20260823_144333_web_001_5c95,Web
1787476429.371383,1366,4,UDP,52783,443,,forward,20260823_144333_web_001_5c95,Web
1787476429.371404,1366,4,UDP,52783,443,,forward,20260823_144333_web_001_5c95,Web
1787476429.371426,1366,4,UDP,52783,443,,forward,20260823_144333_web_001_5c95,Web
1787476429.371449,1366,4,UDP,52783,443,,forward,20260823_144333_web_001_5c95,Web
1787476429.371471,1366,4,UDP,52783,443,,forward,20260823_144333_web_001_5c95,Web
1787476429.371495,1366,4,UDP,52783,443,,forward,20260823_144333_web_001_5c95,Web
1787476429.371518,1366,4,UDP,52783,443,,forward,20260823_144333_web_001_5c95,Web
1787476429.37154,1366,4,UDP,52783,443,,forward,20260823_144333_web_001_5c95,Web
1787476429.371562,1366,4,UDP,52783,443,,forward,20260823_144333_web_001_5c95,Web
1787476429.371586,1366,4,UDP,52783,443,,forward,20260823_144333_web_001_5c95,Web
1787476429.37161,788,4,UDP,52783,443,,forward,20260823_144333_web_001_5c95,Web
1787476429.371634,1366,4,UDP,52783,443,,forward,20260823_144333_web_001_5c95,Web
1787476429.371657,1366,4,UDP,52783,443,,forward,20260823_144333_web_001_5c95,Web
1787476429.371682,1366,4,UDP,52783,443,,forward,20260823_144333_web_001_5c95,Web
1787476429.371705,1366,4,UDP,52783,443,,forward,20260823_144333_web_001_5c95,Web
1787476429.37173,1366,4,UDP,52783,443,,forward,20260823_144333_web_001_5c95,Web
1787476429.371753,1366,4,UDP,52783,443,,forward,20260823_144333_web_001_5c95,Web
1787476429.371776,1366,4,UDP,52783,443,,forward,20260823_144333_web_001_5c95,Web
1787476429.371799,1366,4,UDP,52783,443,,forward,20260823_144333_web_001_5c95,Web
1787476429.371822,1366,4,UDP,52783,443,,forward,20260823_144333_web_001_5c95,Web
1787476429.371865,1366,4,UDP,52783,443,,forward,20260823_144333_web_001_5c95,Web
1787476429.37189,1366,4,UDP,52783,443,,forward,20260823_144333_web_001_5c95,Web
1787476429.372002,1366,4,UDP,52783,443,,forward,20260823_144333_web_001_5c95,Web
1787476429.372059,1366,4,UDP,52783,443,,forward,20260823_144333_web_001_5c95,Web
1787476429.372088,788,4,UDP,52783,443,,forward,20260823_144333_web_001_5c95,Web
1787476429.372112,1366,4,UDP,52783,443,,forward,20260823_144333_web_001_5c95,Web
1787476429.372134,1366,4,UDP,52783,443,,forward,20260823_144333_web_001_5c95,Web
1787476429.372156,1366,4,UDP,52783,443,,forward,20260823_144333_web_001_5c95,Web
1787476429.372178,1366,4,UDP,52783,443,,forward,20260823_144333_web_001_5c95,Web
1787476429.3722,1366,4,UDP,52783,443,,forward,20260823_144333_web_001_5c95,Web
1787476429.372222,1366,4,UDP,52783,443,,forward,20260823_144333_web_001_5c95,Web
1787476429.372244,1366,4,UDP,52783,443,,forward,20260823_144333_web_001_5c95,Web
1787476429.372266,1366,4,UDP,52783,443,,forward,20260823_144333_web_001_5c95,Web
1787476429.372289,1366,4,UDP,52783,443,,forward,20260823_144333_web_001_5c95,Web
1787476429.372311,1366,4,UDP,52783,443,,forward,20260823_144333_web_001_5c95,Web
1787476429.379649,1366,4,UDP,52783,443,,forward,20260823_144333_web_001_5c95,Web
1787476429.379745,1366,4,UDP,52783,443,,forward,20260823_144333_web_001_5c95,Web
1787476429.379772,1366,4,UDP,52783,443,,forward,20260823_144333_web_001_5c95,Web
1787476429.379799,788,4,UDP,52783,443,,forward,20260823_144333_web_001_5c95,Web
1787476429.379822,1366,4,UDP,52783,443,,forward,20260823_144333_web_001_5c95,Web
1787476429.379845,1366,4,UDP,52783,443,,forward,20260823_144333_web_001_5c95,Web
1787476429.379801,90,4,UDP,443,52783,,forward,20260823_144333_web_001_5c95,Web
1787476429.379801,90,4,UDP,443,52783,,forward,20260823_144333_web_001_5c95,Web
1787476429.379801,276,4,UDP,443,52783,,forward,20260823_144333_web_001_5c95,Web
1787476429.379801,90,4,UDP,443,52783,,forward,20260823_144333_web_001_5c95,Web
1787476429.379801,90,4,UDP,443,52783,,forward,20260823_144333_web_001_5c95,Web
1787476429.379801,146,4,UDP,443,52783,,forward,20260823_144333_web_001_5c95,Web
1787476429.379801,211,4,UDP,443,52783,,forward,20260823_144333_web_001_5c95,Web
1787476429.379801,146,4,UDP,443,52783,,forward,20260823_144333_web_001_5c95,Web
1787476429.379801,90,4,UDP,443,52783,,forward,20260823_144333_web_001_5c95,Web
1787476429.379801,90,4,UDP,443,52783,,forward,20260823_144333_web_001_5c95,Web
1787476429.379801,146,4,UDP,443,52783,,forward,20260823_144333_web_001_5c95,Web
1787476429.379801,341,4,UDP,443,52783,,forward,20260823_144333_web_001_5c95,Web
1787476429.379801,90,4,UDP,443,52783,,forward,20260823_144333_web_001_5c95,Web
1787476429.379801,90,4,UDP,443,52783,,forward,20260823_144333_web_001_5c95,Web
1787476429.379801,146,4,UDP,443,52783,,forward,20260823_144333_web_001_5c95,Web
1787476429.379801,276,4,UDP,443,52783,,forward,20260823_144333_web_001_5c95,Web
1787476429.379801,146,4,UDP,443,52783,,forward,20260823_144333_web_001_5c95,Web
1787476429.379801,90,4,UDP,443,52783,,forward,20260823_144333_web_001_5c95,Web
1787476429.379801,90,4,UDP,443,52783,,forward,20260823_144333_web_001_5c95,Web
1787476429.379801,90,4,UDP,443,52783,,forward,20260823_144333_web_001_5c95,Web
1787476429.379801,90,4,UDP,443,52783,,forward,20260823_144333_web_001_5c95,Web
1787476429.379801,146,4,UDP,443,52783,,forward,20260823_144333_web_001_5c95,Web
1787476429.379801,211,4,UDP,443,52783,,forward,20260823_144333_web_001_5c95,Web
1787476429.379801,146,4,UDP,443,52783,,forward,20260823_144333_web_001_5c95,Web
1787476429.379866,1366,4,UDP,52783,443,,forward,20260823_144333_web_001_5c95,Web
1787476429.379889,1366,4,UDP,52783,443,,forward,20260823_144333_web_001_5c95,Web
1787476429.379927,1366,4,UDP,52783,443,,forward,20260823_144333_web_001_5c95,Web
1787476429.379949,1366,4,UDP,52783,443,,forward,20260823_144333_web_001_5c95,Web
1787476429.379971,1366,4,UDP,52783,443,,forward,20260823_144333_web_001_5c95,Web
1787476429.379993,1366,4,UDP,52783,443,,forward,20260823_144333_web_001_5c95,Web
1787476429.380014,1366,4,UDP,52783,443,,forward,20260823_144333_web_001_5c95,Web
1787476429.380036,1366,4,UDP,52783,443,,forward,20260823_144333_web_001_5c95,Web
1787476429.380057,1366,4,UDP,52783,443,,forward,20260823_144333_web_001_5c95,Web
1787476429.380078,1366,4,UDP,52783,443,,forward,20260823_144333_web_001_5c95,Web
1787476429.380099,1366,4,UDP,52783,443,,forward,20260823_144333_web_001_5c95,Web
1787476429.380121,788,4,UDP,52783,443,,forward,20260823_144333_web_001_5c95,Web
1787476429.380142,1366,4,UDP,52783,443,,forward,20260823_144333_web_001_5c95,Web
1787476429.380163,1366,4,UDP,52783,443,,forward,20260823_144333_web_001_5c95,Web
1787476429.380184,1366,4,UDP,52783,443,,forward,20260823_144333_web_001_5c95,Web
1787476429.380205,1366,4,UDP,52783,443,,forward,20260823_144333_web_001_5c95,Web
1787476429.380226,1366,4,UDP,52783,443,,forward,20260823_144333_web_001_5c95,Web
1787476429.380247,1366,4,UDP,52783,443,,forward,20260823_144333_web_001_5c95,Web
1787476429.380269,1366,4,UDP,52783,443,,forward,20260823_144333_web_001_5c95,Web
1787476429.38029,1366,4,UDP,52783,443,,forward,20260823_144333_web_001_5c95,Web
1787476429.380319,1366,4,UDP,52783,443,,forward,20260823_144333_web_001_5c95,Web
1787476429.380341,1366,4,UDP,52783,443,,forward,20260823_144333_web_001_5c95,Web
1787476429.380362,1366,4,UDP,52783,443,,forward,20260823_144333_web_001_5c95,Web
1787476429.380383,1366,4,UDP,52783,443,,forward,20260823_144333_web_001_5c95,Web
1787476429.380428,1366,4,UDP,52783,443,,forward,20260823_144333_web_001_5c95,Web
1787476429.380451,788,4,UDP,52783,443,,forward,20260823_144333_web_001_5c95,Web
1787476429.380473,1366,4,UDP,52783,443,,forward,20260823_144333_web_001_5c95,Web
1787476429.380495,1366,4,UDP,52783,443,,forward,20260823_144333_web_001_5c95,Web
1787476429.380516,1366,4,UDP,52783,443,,forward,20260823_144333_web_001_5c95,Web
1787476429.380538,1366,4,UDP,52783,443,,forward,20260823_144333_web_001_5c95,Web
1787476429.38056,1366,4,UDP,52783,443,,forward,20260823_144333_web_001_5c95,Web
1787476429.380582,1366,4,UDP,52783,443,,forward,20260823_144333_web_001_5c95,Web
1787476429.380604,1366,4,UDP,52783,443,,forward,20260823_144333_web_001_5c95,Web
1787476429.380626,1366,4,UDP,52783,443,,forward,20260823_144333_web_001_5c95,Web
1787476429.380647,373,4,UDP,52783,443,,forward,20260823_144333_web_001_5c95,Web
1787476429.380697,1366,4,UDP,52783,443,,forward,20260823_144333_web_001_5c95,Web
1787476429.380721,1366,4,UDP,52783,443,,forward,20260823_144333_web_001_5c95,Web
1787476429.380743,1366,4,UDP,52783,443,,forward,20260823_144333_web_001_5c95,Web
1787476429.380765,1366,4,UDP,52783,443,,forward,20260823_144333_web_001_5c95,Web
1787476429.380787,1366,4,UDP,52783,443,,forward,20260823_144333_web_001_5c95,Web
1787476429.38081,505,4,UDP,52783,443,,forward,20260823_144333_web_001_5c95,Web
1787476429.380841,1366,4,UDP,52783,443,,forward,20260823_144333_web_001_5c95,Web
1787476429.380864,1366,4,UDP,52783,443,,forward,20260823_144333_web_001_5c95,Web
1787476429.380887,1366,4,UDP,52783,443,,forward,20260823_144333_web_001_5c95,Web
1787476429.38091,1366,4,UDP,52783,443,,forward,20260823_144333_web_001_5c95,Web
1787476429.380933,1366,4,UDP,52783,443,,forward,20260823_144333_web_001_5c95,Web
1787476429.380955,1366,4,UDP,52783,443,,forward,20260823_144333_web_001_5c95,Web
1787476429.38571,1366,4,UDP,52783,443,,forward,20260823_144333_web_001_5c95,Web
1787476429.385848,1366,4,UDP,52783,443,,forward,20260823_144333_web_001_5c95,Web
1787476429.385877,1366,4,UDP,52783,443,,forward,20260823_144333_web_001_5c95,Web
1787476429.385893,1366,4,UDP,52783,443,,forward,20260823_144333_web_001_5c95,Web
1787476429.385908,1366,4,UDP,52783,443,,forward,20260823_144333_web_001_5c95,Web
1787476429.385923,1366,4,UDP,52783,443,,forward,20260823_144333_web_001_5c95,Web
1787476429.385938,1366,4,UDP,52783,443,,forward,20260823_144333_web_001_5c95,Web
1787476429.385956,788,4,UDP,52783,443,,forward,20260823_144333_web_001_5c95,Web
1787476429.385972,1366,4,UDP,52783,443,,forward,20260823_144333_web_001_5c95,Web
1787476429.385987,1366,4,UDP,52783,443,,forward,20260823_144333_web_001_5c95,Web
1787476429.386002,1366,4,UDP,52783,443,,forward,20260823_144333_web_001_5c95,Web
1787476429.386015,1366,4,UDP,52783,443,,forward,20260823_144333_web_001_5c95,Web
1787476429.38603,1366,4,UDP,52783,443,,forward,20260823_144333_web_001_5c95,Web
1787476429.386044,1366,4,UDP,52783,443,,forward,20260823_144333_web_001_5c95,Web
1787476429.386059,1366,4,UDP,52783,443,,forward,20260823_144333_web_001_5c95,Web
1787476429.386073,1366,4,UDP,52783,443,,forward,20260823_144333_web_001_5c95,Web
1787476429.386087,1366,4,UDP,52783,443,,forward,20260823_144333_web_001_5c95,Web
1787476429.386104,1366,4,UDP,52783,443,,forward,20260823_144333_web_001_5c95,Web
1787476429.386118,1366,4,UDP,52783,443,,forward,20260823_144333_web_001_5c95,Web
1787476429.386132,1366,4,UDP,52783,443,,forward,20260823_144333_web_001_5c95,Web
1787476429.386147,1366,4,UDP,52783,443,,forward,20260823_144333_web_001_5c95,Web
1787476429.386161,788,4,UDP,52783,443,,forward,20260823_144333_web_001_5c95,Web
1787476429.386176,1366,4,UDP,52783,443,,forward,20260823_144333_web_001_5c95,Web
1787476429.386191,1366,4,UDP,52783,443,,forward,20260823_144333_web_001_5c95,Web
1787476429.40076,1366,4,UDP,52783,443,,forward,20260823_144333_web_001_5c95,Web
1787476429.400887,1366,4,UDP,52783,443,,forward,20260823_144333_web_001_5c95,Web
1787476429.400939,1366,4,UDP,52783,443,,forward,20260823_144333_web_001_5c95,Web
1787476429.40097,1366,4,UDP,52783,443,,forward,20260823_144333_web_001_5c95,Web
1787476429.400997,1366,4,UDP,52783,443,,forward,20260823_144333_web_001_5c95,Web
1787476429.401024,1366,4,UDP,52783,443,,forward,20260823_144333_web_001_5c95,Web
1787476429.400932,90,4,UDP,443,52783,,forward,20260823_144333_web_001_5c95,Web
1787476429.400932,211,4,UDP,443,52783,,forward,20260823_144333_web_001_5c95,Web
1787476429.400932,89,4,UDP,443,52783,,forward,20260823_144333_web_001_5c95,Web
1787476429.400932,210,4,UDP,443,52783,,forward,20260823_144333_web_001_5c95,Web
1787476429.400932,145,4,UDP,443,52783,,forward,20260823_144333_web_001_5c95,Web
1787476429.400932,145,4,UDP,443,52783,,forward,20260823_144333_web_001_5c95,Web
1787476429.400932,89,4,UDP,443,52783,,forward,20260823_144333_web_001_5c95,Web
1787476429.400932,89,4,UDP,443,52783,,forward,20260823_144333_web_001_5c95,Web
1787476429.400932,89,4,UDP,443,52783,,forward,20260823_144333_web_001_5c95,Web
1787476429.400932,89,4,UDP,443,52783,,forward,20260823_144333_web_001_5c95,Web
1787476429.400932,145,4,UDP,443,52783,,forward,20260823_144333_web_001_5c95,Web
1787476429.400932,210,4,UDP,443,52783,,forward,20260823_144333_web_001_5c95,Web
1787476429.400932,210,4,UDP,443,52783,,forward,20260823_144333_web_001_5c95,Web
1787476429.400932,89,4,UDP,443,52783,,forward,20260823_144333_web_001_5c95,Web
1787476429.400932,89,4,UDP,443,52783,,forward,20260823_144333_web_001_5c95,Web
1787476429.400932,89,4,UDP,443,52783,,forward,20260823_144333_web_001_5c95,Web
1787476429.400932,145,4,UDP,443,52783,,forward,20260823_144333_web_001_5c95,Web
1787476429.400932,145,4,UDP,443,52783,,forward,20260823_144333_web_001_5c95,Web
1787476429.400932,275,4,UDP,443,52783,,forward,20260823_144333_web_001_5c95,Web
1787476429.400932,89,4,UDP,443,52783,,forward,20260823_144333_web_001_5c95,Web
1787476429.400932,89,4,UDP,443,52783,,forward,20260823_144333_web_001_5c95,Web
1787476429.400932,145,4,UDP,443,52783,,forward,20260823_144333_web_001_5c95,Web
1787476429.400932,90,4,UDP,443,52783,,forward,20260823_144333_web_001_5c95,Web
1787476429.400932,211,4,UDP,443,52783,,forward,20260823_144333_web_001_5c95,Web
1787476429.400932,211,4,UDP,443,52783,,forward,20260823_144333_web_001_5c95,Web
1787476429.400932,90,4,UDP,443,52783,,forward,20260823_144333_web_001_5c95,Web
1787476429.400932,90,4,UDP,443,52783,,forward,20260823_144333_web_001_5c95,Web
1787476429.400932,90,4,UDP,443,52783,,forward,20260823_144333_web_001_5c95,Web
1787476429.400932,146,4,UDP,443,52783,,forward,20260823_144333_web_001_5c95,Web
1787476429.400932,211,4,UDP,443,52783,,forward,20260823_144333_web_001_5c95,Web
1787476429.400932,276,4,UDP,443,52783,,forward,20260823_144333_web_001_5c95,Web
1787476429.400932,90,4,UDP,443,52783,,forward,20260823_144333_web_001_5c95,Web
1787476429.400932,211,4,UDP,443,52783,,forward,20260823_144333_web_001_5c95,Web
1787476429.400932,146,4,UDP,443,52783,,forward,20260823_144333_web_001_5c95,Web
1787476429.400932,90,4,UDP,443,52783,,forward,20260823_144333_web_001_5c95,Web
1787476429.400932,211,4,UDP,443,52783,,forward,20260823_144333_web_001_5c95,Web
1787476429.401051,1366,4,UDP,52783,443,,forward,20260823_144333_web_001_5c95,Web
1787476429.401075,1366,4,UDP,52783,443,,forward,20260823_144333_web_001_5c95,Web
1787476429.401098,1366,4,UDP,52783,443,,forward,20260823_144333_web_001_5c95,Web
1787476429.401122,1366,4,UDP,52783,443,,forward,20260823_144333_web_001_5c95,Web
1787476429.401146,1366,4,UDP,52783,443,,forward,20260823_144333_web_001_5c95,Web
1787476429.401174,788,4,UDP,52783,443,,forward,20260823_144333_web_001_5c95,Web
1787476429.401223,1366,4,UDP,52783,443,,forward,20260823_144333_web_001_5c95,Web
1787476429.401248,1366,4,UDP,52783,443,,forward,20260823_144333_web_001_5c95,Web
1787476429.401271,1366,4,UDP,52783,443,,forward,20260823_144333_web_001_5c95,Web
1787476429.401295,1366,4,UDP,52783,443,,forward,20260823_144333_web_001_5c95,Web
1787476429.401318,1366,4,UDP,52783,443,,forward,20260823_144333_web_001_5c95,Web
1787476429.401349,1366,4,UDP,52783,443,,forward,20260823_144333_web_001_5c95,Web
1787476429.401372,1366,4,UDP,52783,443,,forward,20260823_144333_web_001_5c95,Web
1787476429.401396,1366,4,UDP,52783,443,,forward,20260823_144333_web_001_5c95,Web
1787476429.401419,1366,4,UDP,52783,443,,forward,20260823_144333_web_001_5c95,Web
1787476429.401442,1366,4,UDP,52783,443,,forward,20260823_144333_web_001_5c95,Web
1787476429.401486,1366,4,UDP,52783,443,,forward,20260823_144333_web_001_5c95,Web
1787476429.401511,1366,4,UDP,52783,443,,forward,20260823_144333_web_001_5c95,Web
1787476429.401535,1366,4,UDP,52783,443,,forward,20260823_144333_web_001_5c95,Web
1787476429.40156,788,4,UDP,52783,443,,forward,20260823_144333_web_001_5c95,Web
1787476429.401584,1366,4,UDP,52783,443,,forward,20260823_144333_web_001_5c95,Web
1787476429.401607,1366,4,UDP,52783,443,,forward,20260823_144333_web_001_5c95,Web
1787476429.40163,1366,4,UDP,52783,443,,forward,20260823_144333_web_001_5c95,Web
1787476429.401654,1366,4,UDP,52783,443,,forward,20260823_144333_web_001_5c95,Web
1787476429.401679,1366,4,UDP,52783,443,,forward,20260823_144333_web_001_5c95,Web
1787476429.401703,1366,4,UDP,52783,443,,forward,20260823_144333_web_001_5c95,Web
1787476429.401727,1366,4,UDP,52783,443,,forward,20260823_144333_web_001_5c95,Web
1787476429.401751,1366,4,UDP,52783,443,,forward,20260823_144333_web_001_5c95,Web
1787476429.401775,1366,4,UDP,52783,443,,forward,20260823_144333_web_001_5c95,Web
1787476429.401799,1366,4,UDP,52783,443,,forward,20260823_144333_web_001_5c95,Web
1787476429.401823,1366,4,UDP,52783,443,,forward,20260823_144333_web_001_5c95,Web
1787476429.401847,1366,4,UDP,52783,443,,forward,20260823_144333_web_001_5c95,Web
1787476429.401871,1366,4,UDP,52783,443,,forward,20260823_144333_web_001_5c95,Web
1787476429.401897,788,4,UDP,52783,443,,forward,20260823_144333_web_001_5c95,Web
1787476429.401925,1366,4,UDP,52783,443,,forward,20260823_144333_web_001_5c95,Web
1787476429.401951,1366,4,UDP,52783,443,,forward,20260823_144333_web_001_5c95,Web
1787476429.401974,1366,4,UDP,52783,443,,forward,20260823_144333_web_001_5c95,Web
1787476429.401998,1366,4,UDP,52783,443,,forward,20260823_144333_web_001_5c95,Web
1787476429.402023,1366,4,UDP,52783,443,,forward,20260823_144333_web_001_5c95,Web
1787476429.40206,1366,4,UDP,52783,443,,forward,20260823_144333_web_001_5c95,Web
1787476429.402084,1366,4,UDP,52783,443,,forward,20260823_144333_web_001_5c95,Web
1787476429.402109,1366,4,UDP,52783,443,,forward,20260823_144333_web_001_5c95,Web
1787476429.402134,1366,4,UDP,52783,443,,forward,20260823_144333_web_001_5c95,Web
1787476429.402158,1366,4,UDP,52783,443,,forward,20260823_144333_web_001_5c95,Web
1787476429.402182,1366,4,UDP,52783,443,,forward,20260823_144333_web_001_5c95,Web
1787476429.412607,1366,4,UDP,52783,443,,forward,20260823_144333_web_001_5c95,Web
1787476429.41271,1366,4,UDP,52783,443,,forward,20260823_144333_web_001_5c95,Web
1787476429.412711,90,4,UDP,443,52783,,forward,20260823_144333_web_001_5c95,Web
1787476429.412711,90,4,UDP,443,52783,,forward,20260823_144333_web_001_5c95,Web
1787476429.412711,146,4,UDP,443,52783,,forward,20260823_144333_web_001_5c95,Web
1787476429.412711,90,4,UDP,443,52783,,forward,20260823_144333_web_001_5c95,Web
1787476429.412711,146,4,UDP,443,52783,,forward,20260823_144333_web_001_5c95,Web
1787476429.412711,90,4,UDP,443,52783,,forward,20260823_144333_web_001_5c95,Web
1787476429.412711,211,4,UDP,443,52783,,forward,20260823_144333_web_001_5c95,Web
1787476429.412711,146,4,UDP,443,52783,,forward,20260823_144333_web_001_5c95,Web
1787476429.412751,788,4,UDP,52783,443,,forward,20260823_144333_web_001_5c95,Web
1787476429.412777,1366,4,UDP,52783,443,,forward,20260823_144333_web_001_5c95,Web
1787476429.412801,1366,4,UDP,52783,443,,forward,20260823_144333_web_001_5c95,Web
1787476429.412824,1366,4,UDP,52783,443,,forward,20260823_144333_web_001_5c95,Web
1787476429.412846,1366,4,UDP,52783,443,,forward,20260823_144333_web_001_5c95,Web
1787476429.412869,1366,4,UDP,52783,443,,forward,20260823_144333_web_001_5c95,Web
1787476429.412892,1366,4,UDP,52783,443,,forward,20260823_144333_web_001_5c95,Web
1787476429.412915,1366,4,UDP,52783,443,,forward,20260823_144333_web_001_5c95,Web
1787476429.412937,1366,4,UDP,52783,443,,forward,20260823_144333_web_001_5c95,Web
1787476429.412959,1366,4,UDP,52783,443,,forward,20260823_144333_web_001_5c95,Web
1787476429.412982,1366,4,UDP,52783,443,,forward,20260823_144333_web_001_5c95,Web
1787476429.413005,1366,4,UDP,52783,443,,forward,20260823_144333_web_001_5c95,Web
1787476429.413027,1366,4,UDP,52783,443,,forward,20260823_144333_web_001_5c95,Web
1787476429.413049,1366,4,UDP,52783,443,,forward,20260823_144333_web_001_5c95,Web
1787476429.413091,788,4,UDP,52783,443,,forward,20260823_144333_web_001_5c95,Web
1787476429.413115,1366,4,UDP,52783,443,,forward,20260823_144333_web_001_5c95,Web
1787476429.413137,1366,4,UDP,52783,443,,forward,20260823_144333_web_001_5c95,Web
1787476429.413159,1366,4,UDP,52783,443,,forward,20260823_144333_web_001_5c95,Web
1787476429.413181,1366,4,UDP,52783,443,,forward,20260823_144333_web_001_5c95,Web
1787476429.413203,1366,4,UDP,52783,443,,forward,20260823_144333_web_001_5c95,Web
1787476429.413226,1366,4,UDP,52783,443,,forward,20260823_144333_web_001_5c95,Web
1787476429.413248,1366,4,UDP,52783,443,,forward,20260823_144333_web_001_5c95,Web
1787476429.413271,1366,4,UDP,52783,443,,forward,20260823_144333_web_001_5c95,Web
1787476429.413293,1366,4,UDP,52783,443,,forward,20260823_144333_web_001_5c95,Web
1787476429.413315,1366,4,UDP,52783,443,,forward,20260823_144333_web_001_5c95,Web
1787476429.413338,1366,4,UDP,52783,443,,forward,20260823_144333_web_001_5c95,Web
1787476429.41336,1366,4,UDP,52783,443,,forward,20260823_144333_web_001_5c95,Web
1787476429.413382,1366,4,UDP,52783,443,,forward,20260823_144333_web_001_5c95,Web
1787476429.413405,788,4,UDP,52783,443,,forward,20260823_144333_web_001_5c95,Web
1787476429.413605,90,4,UDP,52783,443,,forward,20260823_144333_web_001_5c95,Web
1787476429.413747,90,4,UDP,52783,443,,forward,20260823_144333_web_001_5c95,Web
1787476429.415722,90,4,UDP,443,52783,,forward,20260823_144333_web_001_5c95,Web
1787476429.415722,90,4,UDP,443,52783,,forward,20260823_144333_web_001_5c95,Web
1787476429.415722,146,4,UDP,443,52783,,forward,20260823_144333_web_001_5c95,Web
1787476429.415722,276,4,UDP,443,52783,,forward,20260823_144333_web_001_5c95,Web
1787476429.415722,211,4,UDP,443,52783,,forward,20260823_144333_web_001_5c95,Web
1787476429.415722,90,4,UDP,443,52783,,forward,20260823_144333_web_001_5c95,Web
1787476429.415722,90,4,UDP,443,52783,,forward,20260823_144333_web_001_5c95,Web
1787476429.415722,146,4,UDP,443,52783,,forward,20260823_144333_web_001_5c95,Web
1787476429.415722,341,4,UDP,443,52783,,forward,20260823_144333_web_001_5c95,Web
1787476429.415722,146,4,UDP,443,52783,,forward,20260823_144333_web_001_5c95,Web
1787476429.416123,90,4,UDP,52783,443,,forward,20260823_144333_web_001_5c95,Web
1787476429.430804,90,4,UDP,443,52783,,forward,20260823_144333_web_001_5c95,Web
1787476429.430804,90,4,UDP,443,52783,,forward,20260823_144333_web_001_5c95,Web
1787476429.430804,211,4,UDP,443,52783,,forward,20260823_144333_web_001_5c95,Web
1787476429.430804,211,4,UDP,443,52783,,forward,20260823_144333_web_001_5c95,Web
1787476429.430804,90,4,UDP,443,52783,,forward,20260823_144333_web_001_5c95,Web
1787476429.430804,90,4,UDP,443,52783,,forward,20260823_144333_web_001_5c95,Web
1787476429.430804,90,4,UDP,443,52783,,forward,20260823_144333_web_001_5c95,Web
1787476429.430804,211,4,UDP,443,52783,,forward,20260823_144333_web_001_5c95,Web
1787476429.430804,211,4,UDP,443,52783,,forward,20260823_144333_web_001_5c95,Web
1787476429.430804,211,4,UDP,443,52783,,forward,20260823_144333_web_001_5c95,Web
1787476429.430804,89,4,UDP,443,52783,,forward,20260823_144333_web_001_5c95,Web
1787476429.430804,89,4,UDP,443,52783,,forward,20260823_144333_web_001_5c95,Web
1787476429.430804,210,4,UDP,443,52783,,forward,20260823_144333_web_001_5c95,Web
1787476429.430804,340,4,UDP,443,52783,,forward,20260823_144333_web_001_5c95,Web
1787476429.430804,89,4,UDP,443,52783,,forward,20260823_144333_web_001_5c95,Web
1787476429.430804,145,4,UDP,443,52783,,forward,20260823_144333_web_001_5c95,Web
1787476429.430804,89,4,UDP,443,52783,,forward,20260823_144333_web_001_5c95,Web
1787476429.430804,210,4,UDP,443,52783,,forward,20260823_144333_web_001_5c95,Web
1787476429.430804,145,4,UDP,443,52783,,forward,20260823_144333_web_001_5c95,Web
1787476429.430804,89,4,UDP,443,52783,,forward,20260823_144333_web_001_5c95,Web
1787476429.430804,89,4,UDP,443,52783,,forward,20260823_144333_web_001_5c95,Web
1787476429.430804,210,4,UDP,443,52783,,forward,20260823_144333_web_001_5c95,Web
1787476429.430804,89,4,UDP,443,52783,,forward,20260823_144333_web_001_5c95,Web
1787476429.430804,89,4,UDP,443,52783,,forward,20260823_144333_web_001_5c95,Web
1787476429.431234,90,4,UDP,52783,443,,forward,20260823_144333_web_001_5c95,Web
1787476429.445744,89,4,UDP,443,52783,,forward,20260823_144333_web_001_5c95,Web
1787476429.445744,89,4,UDP,443,52783,,forward,20260823_144333_web_001_5c95,Web
1787476429.445744,89,4,UDP,443,52783,,forward,20260823_144333_web_001_5c95,Web
1787476429.445744,89,4,UDP,443,52783,,forward,20260823_144333_web_001_5c95,Web
1787476429.445744,89,4,UDP,443,52783,,forward,20260823_144333_web_001_5c95,Web
1787476429.445744,89,4,UDP,443,52783,,forward,20260823_144333_web_001_5c95,Web
1787476429.445744,89,4,UDP,443,52783,,forward,20260823_144333_web_001_5c95,Web
1787476429.445744,89,4,UDP,443,52783,,forward,20260823_144333_web_001_5c95,Web
1787476429.445744,89,4,UDP,443,52783,,forward,20260823_144333_web_001_5c95,Web
1787476429.445744,89,4,UDP,443,52783,,forward,20260823_144333_web_001_5c95,Web
1787476429.445744,89,4,UDP,443,52783,,forward,20260823_144333_web_001_5c95,Web
1787476429.445744,89,4,UDP,443,52783,,forward,20260823_144333_web_001_5c95,Web
1787476429.445744,89,4,UDP,443,52783,,forward,20260823_144333_web_001_5c95,Web
1787476429.445744,89,4,UDP,443,52783,,forward,20260823_144333_web_001_5c95,Web
1787476429.445744,89,4,UDP,443,52783,,forward,20260823_144333_web_001_5c95,Web
1787476429.445744,89,4,UDP,443,52783,,forward,20260823_144333_web_001_5c95,Web
1787476429.445744,89,4,UDP,443,52783,,forward,20260823_144333_web_001_5c95,Web
1787476429.445744,89,4,UDP,443,52783,,forward,20260823_144333_web_001_5c95,Web
1787476429.445744,89,4,UDP,443,52783,,forward,20260823_144333_web_001_5c95,Web
1787476429.445744,89,4,UDP,443,52783,,forward,20260823_144333_web_001_5c95,Web
1787476429.445744,145,4,UDP,443,52783,,forward,20260823_144333_web_001_5c95,Web
1787476429.446082,89,4,UDP,52783,443,,forward,20260823_144333_web_001_5c95,Web
1787476429.460705,89,4,UDP,443,52783,,forward,20260823_144333_web_001_5c95,Web
1787476429.460705,89,4,UDP,443,52783,,forward,20260823_144333_web_001_5c95,Web
1787476429.460705,89,4,UDP,443,52783,,forward,20260823_144333_web_001_5c95,Web
1787476429.460705,146,4,UDP,443,52783,,forward,20260823_144333_web_001_5c95,Web
1787476429.460705,389,4,UDP,443,52783,,forward,20260823_144333_web_001_5c95,Web
1787476429.460705,90,4,UDP,443,52783,,forward,20260823_144333_web_001_5c95,Web
1787476429.460705,90,4,UDP,443,52783,,forward,20260823_144333_web_001_5c95,Web
1787476429.460705,146,4,UDP,443,52783,,forward,20260823_144333_web_001_5c95,Web
1787476429.460705,211,4,UDP,443,52783,,forward,20260823_144333_web_001_5c95,Web
1787476429.460705,146,4,UDP,443,52783,,forward,20260823_144333_web_001_5c95,Web
1787476429.460705,90,4,UDP,443,52783,,forward,20260823_144333_web_001_5c95,Web
1787476429.460705,146,4,UDP,443,52783,,forward,20260823_144333_web_001_5c95,Web
1787476429.460705,90,4,UDP,443,52783,,forward,20260823_144333_web_001_5c95,Web
1787476429.460705,90,4,UDP,443,52783,,forward,20260823_144333_web_001_5c95,Web
1787476429.460705,146,4,UDP,443,52783,,forward,20260823_144333_web_001_5c95,Web
1787476429.460705,276,4,UDP,443,52783,,forward,20260823_144333_web_001_5c95,Web
1787476429.460705,146,4,UDP,443,52783,,forward,20260823_144333_web_001_5c95,Web
1787476429.460705,211,4,UDP,443,52783,,forward,20260823_144333_web_001_5c95,Web
1787476429.460705,90,4,UDP,443,52783,,forward,20260823_144333_web_001_5c95,Web
1787476429.460705,90,4,UDP,443,52783,,forward,20260823_144333_web_001_5c95,Web
1787476429.460705,90,4,UDP,443,52783,,forward,20260823_144333_web_001_5c95,Web
1787476429.460705,146,4,UDP,443,52783,,forward,20260823_144333_web_001_5c95,Web
1787476429.460705,146,4,UDP,443,52783,,forward,20260823_144333_web_001_5c95,Web
1787476429.460705,276,4,UDP,443,52783,,forward,20260823_144333_web_001_5c95,Web
1787476429.460705,90,4,UDP,443,52783,,forward,20260823_144333_web_001_5c95,Web
1787476429.460705,146,4,UDP,443,52783,,forward,20260823_144333_web_001_5c95,Web
1787476429.461101,89,4,UDP,52783,443,,forward,20260823_144333_web_001_5c95,Web
1787476429.461632,1365,4,UDP,52783,443,,forward,20260823_144333_web_001_5c95,Web
1787476429.461685,1365,4,UDP,52783,443,,forward,20260823_144333_web_001_5c95,Web
1787476429.46171,1365,4,UDP,52783,443,,forward,20260823_144333_web_001_5c95,Web
1787476429.461731,1365,4,UDP,52783,443,,forward,20260823_144333_web_001_5c95,Web
1787476429.461751,1365,4,UDP,52783,443,,forward,20260823_144333_web_001_5c95,Web
1787476429.461771,1365,4,UDP,52783,443,,forward,20260823_144333_web_001_5c95,Web
1787476429.461792,1365,4,UDP,52783,443,,forward,20260823_144333_web_001_5c95,Web
1787476429.461812,1365,4,UDP,52783,443,,forward,20260823_144333_web_001_5c95,Web
1787476429.461832,1365,4,UDP,52783,443,,forward,20260823_144333_web_001_5c95,Web
1787476429.461853,1365,4,UDP,52783,443,,forward,20260823_144333_web_001_5c95,Web
1787476429.461874,1365,4,UDP,52783,443,,forward,20260823_144333_web_001_5c95,Web
1787476429.461895,1365,4,UDP,52783,443,,forward,20260823_144333_web_001_5c95,Web
1787476429.461914,1365,4,UDP,52783,443,,forward,20260823_144333_web_001_5c95,Web
1787476429.461936,787,4,UDP,52783,443,,forward,20260823_144333_web_001_5c95,Web
1787476429.461956,1365,4,UDP,52783,443,,forward,20260823_144333_web_001_5c95,Web
1787476429.461976,1365,4,UDP,52783,443,,forward,20260823_144333_web_001_5c95,Web
1787476429.462006,1365,4,UDP,52783,443,,forward,20260823_144333_web_001_5c95,Web
1787476429.462029,1365,4,UDP,52783,443,,forward,20260823_144333_web_001_5c95,Web
1787476429.462055,1365,4,UDP,52783,443,,forward,20260823_144333_web_001_5c95,Web
1787476429.462077,1365,4,UDP,52783,443,,forward,20260823_144333_web_001_5c95,Web
1787476429.462098,1365,4,UDP,52783,443,,forward,20260823_144333_web_001_5c95,Web
1787476429.46212,1365,4,UDP,52783,443,,forward,20260823_144333_web_001_5c95,Web
1787476429.462141,1365,4,UDP,52783,443,,forward,20260823_144333_web_001_5c95,Web
1787476429.462162,1365,4,UDP,52783,443,,forward,20260823_144333_web_001_5c95,Web
1787476429.462185,1365,4,UDP,52783,443,,forward,20260823_144333_web_001_5c95,Web
1787476429.462209,1365,4,UDP,52783,443,,forward,20260823_144333_web_001_5c95,Web
1787476429.462231,1365,4,UDP,52783,443,,forward,20260823_144333_web_001_5c95,Web
1787476429.462255,787,4,UDP,52783,443,,forward,20260823_144333_web_001_5c95,Web
1787476429.462277,1365,4,UDP,52783,443,,forward,20260823_144333_web_001_5c95,Web
1787476429.462299,1365,4,UDP,52783,443,,forward,20260823_144333_web_001_5c95,Web
1787476429.462321,1365,4,UDP,52783,443,,forward,20260823_144333_web_001_5c95,Web
1787476429.462342,1365,4,UDP,52783,443,,forward,20260823_144333_web_001_5c95,Web
1787476429.462365,1365,4,UDP,52783,443,,forward,20260823_144333_web_001_5c95,Web
1787476429.462387,1365,4,UDP,52783,443,,forward,20260823_144333_web_001_5c95,Web
1787476429.462419,1365,4,UDP,52783,443,,forward,20260823_144333_web_001_5c95,Web
1787476429.462442,1365,4,UDP,52783,443,,forward,20260823_144333_web_001_5c95,Web
1787476429.462466,1365,4,UDP,52783,443,,forward,20260823_144333_web_001_5c95,Web
1787476429.462488,1365,4,UDP,52783,443,,forward,20260823_144333_web_001_5c95,Web
1787476429.462511,1365,4,UDP,52783,443,,forward,20260823_144333_web_001_5c95,Web
1787476429.462533,1365,4,UDP,52783,443,,forward,20260823_144333_web_001_5c95,Web
1787476429.462555,1365,4,UDP,52783,443,,forward,20260823_144333_web_001_5c95,Web
1787476429.462578,787,4,UDP,52783,443,,forward,20260823_144333_web_001_5c95,Web
1787476429.4626,1365,4,UDP,52783,443,,forward,20260823_144333_web_001_5c95,Web
1787476429.462623,1365,4,UDP,52783,443,,forward,20260823_144333_web_001_5c95,Web
1787476429.46267,1365,4,UDP,52783,443,,forward,20260823_144333_web_001_5c95,Web
1787476429.462693,1365,4,UDP,52783,443,,forward,20260823_144333_web_001_5c95,Web
1787476429.462715,1365,4,UDP,52783,443,,forward,20260823_144333_web_001_5c95,Web
1787476429.462738,1365,4,UDP,52783,443,,forward,20260823_144333_web_001_5c95,Web
1787476429.462761,1365,4,UDP,52783,443,,forward,20260823_144333_web_001_5c95,Web
1787476429.462783,1365,4,UDP,52783,443,,forward,20260823_144333_web_001_5c95,Web
1787476429.462806,1365,4,UDP,52783,443,,forward,20260823_144333_web_001_5c95,Web
1787476429.475535,1365,4,UDP,52783,443,,forward,20260823_144333_web_001_5c95,Web
1787476429.475646,1365,4,UDP,52783,443,,forward,20260823_144333_web_001_5c95,Web
1787476429.475673,1365,4,UDP,52783,443,,forward,20260823_144333_web_001_5c95,Web
1787476429.475689,1365,4,UDP,52783,443,,forward,20260823_144333_web_001_5c95,Web
1787476429.475655,90,4,UDP,443,52783,,forward,20260823_144333_web_001_5c95,Web
1787476429.475655,211,4,UDP,443,52783,,forward,20260823_144333_web_001_5c95,Web
1787476429.475655,146,4,UDP,443,52783,,forward,20260823_144333_web_001_5c95,Web
1787476429.475655,90,4,UDP,443,52783,,forward,20260823_144333_web_001_5c95,Web
1787476429.475655,90,4,UDP,443,52783,,forward,20260823_144333_web_001_5c95,Web
1787476429.475655,211,4,UDP,443,52783,,forward,20260823_144333_web_001_5c95,Web
1787476429.475655,211,4,UDP,443,52783,,forward,20260823_144333_web_001_5c95,Web
1787476429.475655,211,4,UDP,443,52783,,forward,20260823_144333_web_001_5c95,Web
1787476429.475655,90,4,UDP,443,52783,,forward,20260823_144333_web_001_5c95,Web
1787476429.475655,90,4,UDP,443,52783,,forward,20260823_144333_web_001_5c95,Web
1787476429.475655,276,4,UDP,443,52783,,forward,20260823_144333_web_001_5c95,Web
1787476429.475655,90,4,UDP,443,52783,,forward,20260823_144333_web_001_5c95,Web
1787476429.475655,89,4,UDP,443,52783,,forward,20260823_144333_web_001_5c95,Web
1787476429.475655,145,4,UDP,443,52783,,forward,20260823_144333_web_001_5c95,Web
1787476429.475655,210,4,UDP,443,52783,,forward,20260823_144333_web_001_5c95,Web
1787476429.475708,787,4,UDP,52783,443,,forward,20260823_144333_web_001_5c95,Web
1787476429.475723,1365,4,UDP,52783,443,,forward,20260823_144333_web_001_5c95,Web
1787476429.475737,1365,4,UDP,52783,443,,forward,20260823_144333_web_001_5c95,Web
1787476429.475752,1365,4,UDP,52783,443,,forward,20260823_144333_web_001_5c95,Web
1787476429.475766,1365,4,UDP,52783,443,,forward,20260823_144333_web_001_5c95,Web
1787476429.475782,1365,4,UDP,52783,443,,forward,20260823_144333_web_001_5c95,Web
1787476429.475796,1365,4,UDP,52783,443,,forward,20260823_144333_web_001_5c95,Web
1787476429.475811,1365,4,UDP,52783,443,,forward,20260823_144333_web_001_5c95,Web
1787476429.475826,1365,4,UDP,52783,443,,forward,20260823_144333_web_001_5c95,Web
1787476429.475842,1365,4,UDP,52783,443,,forward,20260823_144333_web_001_5c95,Web
1787476429.475858,1365,4,UDP,52783,443,,forward,20260823_144333_web_001_5c95,Web
1787476429.475886,964,4,UDP,52783,443,,forward,20260823_144333_web_001_5c95,Web
1787476429.475977,89,4,UDP,52783,443,,forward,20260823_144333_web_001_5c95,Web
1787476429.490484,125,4,UDP,443,52783,,forward,20260823_144333_web_001_5c95,Web
1787476429.490704,89,4,UDP,52783,443,,forward,20260823_144333_web_001_5c95,Web
1787476429.49084,125,4,UDP,52783,443,,forward,20260823_144333_web_001_5c95,Web
1787476429.511447,145,4,UDP,443,52783,,forward,20260823_144333_web_001_5c95,Web
1787476429.511447,88,4,UDP,443,52783,,forward,20260823_144333_web_001_5c95,Web
1787476429.511675,88,4,UDP,52783,443,,forward,20260823_144333_web_001_5c95,Web
1787476429.520465,88,4,UDP,443,52783,,forward,20260823_144333_web_001_5c95,Web
1787476429.53557,340,4,UDP,443,52783,,forward,20260823_144333_web_001_5c95,Web
1787476429.53557,88,4,UDP,443,52783,,forward,20260823_144333_web_001_5c95,Web
1787476429.53557,88,4,UDP,443,52783,,forward,20260823_144333_web_001_5c95,Web
1787476429.53557,210,4,UDP,443,52783,,forward,20260823_144333_web_001_5c95,Web
1787476429.53557,275,4,UDP,443,52783,,forward,20260823_144333_web_001_5c95,Web
1787476429.53557,89,4,UDP,443,52783,,forward,20260823_144333_web_001_5c95,Web
1787476429.53557,340,4,UDP,443,52783,,forward,20260823_144333_web_001_5c95,Web
1787476429.53557,89,4,UDP,443,52783,,forward,20260823_144333_web_001_5c95,Web
1787476429.53557,89,4,UDP,443,52783,,forward,20260823_144333_web_001_5c95,Web
1787476429.53557,89,4,UDP,443,52783,,forward,20260823_144333_web_001_5c95,Web
1787476429.53557,145,4,UDP,443,52783,,forward,20260823_144333_web_001_5c95,Web
1787476429.53557,405,4,UDP,443,52783,,forward,20260823_144333_web_001_5c95,Web
1787476429.53557,89,4,UDP,443,52783,,forward,20260823_144333_web_001_5c95,Web
1787476429.53557,89,4,UDP,443,52783,,forward,20260823_144333_web_001_5c95,Web
1787476429.53557,210,4,UDP,443,52783,,forward,20260823_144333_web_001_5c95,Web
1787476429.53557,275,4,UDP,443,52783,,forward,20260823_144333_web_001_5c95,Web
1787476429.53557,89,4,UDP,443,52783,,forward,20260823_144333_web_001_5c95,Web
1787476429.53557,89,4,UDP,443,52783,,forward,20260823_144333_web_001_5c95,Web
1787476429.53557,210,4,UDP,443,52783,,forward,20260823_144333_web_001_5c95,Web
1787476429.53557,145,4,UDP,443,52783,,forward,20260823_144333_web_001_5c95,Web
1787476429.535939,88,4,UDP,52783,443,,forward,20260823_144333_web_001_5c95,Web
1787476429.544507,89,4,UDP,443,52783,,forward,20260823_144333_web_001_5c95,Web
1787476429.550518,193,4,UDP,443,52783,,forward,20260823_144333_web_001_5c95,Web
1787476429.550732,88,4,UDP,52783,443,,forward,20260823_144333_web_001_5c95,Web
1787476429.597405,145,4,UDP,52783,443,,forward,20260823_144333_web_001_5c95,Web
1787476429.644124,88,4,UDP,443,52783,,forward,20260823_144333_web_001_5c95,Web
1787476429.660147,193,4,UDP,443,52783,,forward,20260823_144333_web_001_5c95,Web
1787476429.660355,88,4,UDP,52783,443,,forward,20260823_144333_web_001_5c95,Web
1787476429.709822,145,4,UDP,52783,443,,forward,20260823_144333_web_001_5c95,Web
1787476429.770697,88,4,UDP,443,52783,,forward,20260823_144333_web_001_5c95,Web
1787476429.770697,193,4,UDP,443,52783,,forward,20260823_144333_web_001_5c95,Web
1787476429.770946,88,4,UDP,52783,443,,forward,20260823_144333_web_001_5c95,Web
1787476429.777417,131,4,UDP,443,52783,,forward,20260823_144333_web_001_5c95,Web
1787476429.77763,88,4,UDP,52783,443,,forward,20260823_144333_web_001_5c95,Web
1787476429.777899,135,4,UDP,52783,443,,forward,20260823_144333_web_001_5c95,Web
1787476429.801419,169,4,UDP,443,52783,,forward,20260823_144333_web_001_5c95,Web
1787476429.801696,88,4,UDP,52783,443,,forward,20260823_144333_web_001_5c95,Web
1787476429.802188,173,4,UDP,52783,443,,forward,20260823_144333_web_001_5c95,Web
1787476429.818062,145,4,UDP,52783,443,,forward,20260823_144333_web_001_5c95,Web
1787476429.832457,88,4,UDP,443,52783,,forward,20260823_144333_web_001_5c95,Web
1787476429.832457,125,4,UDP,443,52783,,forward,20260823_144333_web_001_5c95,Web
1787476429.832686,88,4,UDP,52783,443,,forward,20260823_144333_web_001_5c95,Web
1787476429.862953,871,4,UDP,443,52783,,forward,20260823_144333_web_001_5c95,Web
1787476429.862953,88,4,UDP,443,52783,,forward,20260823_144333_web_001_5c95,Web
1787476429.862953,145,4,UDP,443,52783,,forward,20260823_144333_web_001_5c95,Web
1787476429.863205,88,4,UDP,52783,443,,forward,20260823_144333_web_001_5c95,Web
1787476429.877623,88,4,UDP,443,52783,,forward,20260823_144333_web_001_5c95,Web
1787476429.877623,193,4,UDP,443,52783,,forward,20260823_144333_web_001_5c95,Web
1787476429.877849,88,4,UDP,52783,443,,forward,20260823_144333_web_001_5c95,Web
1787476429.913831,145,4,UDP,52783,443,,forward,20260823_144333_web_001_5c95,Web
1787476429.934809,145,4,UDP,52783,443,,forward,20260823_144333_web_001_5c95,Web
1787476429.971708,88,4,UDP,443,52783,,forward,20260823_144333_web_001_5c95,Web
1787476429.971708,716,4,UDP,443,52783,,forward,20260823_144333_web_001_5c95,Web
1787476429.972023,88,4,UDP,52783,443,,forward,20260823_144333_web_001_5c95,Web
1787476429.972881,1130,4,UDP,52783,443,,forward,20260823_144333_web_001_5c95,Web
1787476429.987122,88,4,UDP,443,52783,,forward,20260823_144333_web_001_5c95,Web
1787476429.987122,193,4,UDP,443,52783,,forward,20260823_144333_web_001_5c95,Web
1787476429.987386,88,4,UDP,52783,443,,forward,20260823_144333_web_001_5c95,Web
1787476430.033299,88,4,UDP,443,52783,,forward,20260823_144333_web_001_5c95,Web
1787476430.033299,145,4,UDP,443,52783,,forward,20260823_144333_web_001_5c95,Web
1787476430.033523,88,4,UDP,52783,443,,forward,20260823_144333_web_001_5c95,Web
1787476430.033907,145,4,UDP,52783,443,,forward,20260823_144333_web_001_5c95,Web
1787476430.096861,88,4,UDP,443,52783,,forward,20260823_144333_web_001_5c95,Web
1787476430.096861,193,4,UDP,443,52783,,forward,20260823_144333_web_001_5c95,Web
1787476430.097163,88,4,UDP,52783,443,,forward,20260823_144333_web_001_5c95,Web
1787476430.143211,145,4,UDP,52783,443,,forward,20260823_144333_web_001_5c95,Web
1787476430.189446,88,4,UDP,443,52783,,forward,20260823_144333_web_001_5c95,Web
1787476430.189446,193,4,UDP,443,52783,,forward,20260823_144333_web_001_5c95,Web
1787476430.189684,88,4,UDP,52783,443,,forward,20260823_144333_web_001_5c95,Web
1787476430.240231,145,4,UDP,52783,443,,forward,20260823_144333_web_001_5c95,Web
1787476430.302281,88,4,UDP,443,52783,,forward,20260823_144333_web_001_5c95,Web
1787476430.302281,193,4,UDP,443,52783,,forward,20260823_144333_web_001_5c95,Web
1787476430.302488,88,4,UDP,52783,443,,forward,20260823_144333_web_001_5c95,Web
1787476430.347694,145,4,UDP,52783,443,,forward,20260823_144333_web_001_5c95,Web
1787476430.40853,88,4,UDP,443,52783,,forward,20260823_144333_web_001_5c95,Web
1787476430.40853,193,4,UDP,443,52783,,forward,20260823_144333_web_001_5c95,Web
1787476430.408816,88,4,UDP,52783,443,,forward,20260823_144333_web_001_5c95,Web
1787476430.455706,145,4,UDP,52783,443,,forward,20260823_144333_web_001_5c95,Web
1787476430.470599,697,4,UDP,443,52783,,forward,20260823_144333_web_001_5c95,Web
1787476430.470856,88,4,UDP,52783,443,,forward,20260823_144333_web_001_5c95,Web
1787476430.515205,88,4,UDP,443,52783,,forward,20260823_144333_web_001_5c95,Web
1787476430.515205,193,4,UDP,443,52783,,forward,20260823_144333_web_001_5c95,Web
1787476430.515473,88,4,UDP,52783,443,,forward,20260823_144333_web_001_5c95,Web
1787476430.515901,145,4,UDP,52783,443,,forward,20260823_144333_web_001_5c95,Web
1787476430.564508,145,4,UDP,52783,443,,forward,20260823_144333_web_001_5c95,Web
1787476430.577842,88,4,UDP,443,52783,,forward,20260823_144333_web_001_5c95,Web
1787476430.577842,172,4,UDP,443,52783,,forward,20260823_144333_web_001_5c95,Web
1787476430.578079,88,4,UDP,52783,443,,forward,20260823_144333_web_001_5c95,Web
1787476430.621413,88,4,UDP,443,52783,,forward,20260823_144333_web_001_5c95,Web
1787476430.621413,193,4,UDP,443,52783,,forward,20260823_144333_web_001_5c95,Web
1787476430.621674,88,4,UDP,52783,443,,forward,20260823_144333_web_001_5c95,Web
1787476430.627572,145,4,UDP,52783,443,,forward,20260823_144333_web_001_5c95,Web
1787476430.670579,145,4,UDP,52783,443,,forward,20260823_144333_web_001_5c95,Web
1787476430.685976,88,4,UDP,443,52783,,forward,20260823_144333_web_001_5c95,Web
1787476430.716461,88,4,UDP,443,52783,,forward,20260823_144333_web_001_5c95,Web
1787476430.716461,193,4,UDP,443,52783,,forward,20260823_144333_web_001_5c95,Web
1787476430.716831,88,4,UDP,52783,443,,forward,20260823_144333_web_001_5c95,Web
1787476430.763985,145,4,UDP,52783,443,,forward,20260823_144333_web_001_5c95,Web
1787476430.819138,88,4,UDP,443,52783,,forward,20260823_144333_web_001_5c95,Web
1787476430.819138,193,4,UDP,443,52783,,forward,20260823_144333_web_001_5c95,Web
1787476430.819346,88,4,UDP,52783,443,,forward,20260823_144333_web_001_5c95,Web
1787476430.874031,145,4,UDP,52783,443,,forward,20260823_144333_web_001_5c95,Web
1787476430.921339,88,4,UDP,443,52783,,forward,20260823_144333_web_001_5c95,Web
1787476430.921339,193,4,UDP,443,52783,,forward,20260823_144333_web_001_5c95,Web
1787476430.921614,88,4,UDP,52783,443,,forward,20260823_144333_web_001_5c95,Web
1787476430.967932,145,4,UDP,52783,443,,forward,20260823_144333_web_001_5c95,Web
1787476431.030014,88,4,UDP,443,52783,,forward,20260823_144333_web_001_5c95,Web
1787476431.030014,193,4,UDP,443,52783,,forward,20260823_144333_web_001_5c95,Web
1787476431.030317,88,4,UDP,52783,443,,forward,20260823_144333_web_001_5c95,Web
1787476431.075777,145,4,UDP,52783,443,,forward,20260823_144333_web_001_5c95,Web
1787476431.138707,88,4,UDP,443,52783,,forward,20260823_144333_web_001_5c95,Web
1787476431.170984,126,4,UDP,52783,443,,forward,20260823_144333_web_001_5c95,Web
1787476431.233192,88,4,UDP,443,52783,,forward,20260823_144333_web_001_5c95,Web
1787476431.233192,137,4,UDP,443,52783,,forward,20260823_144333_web_001_5c95,Web
1787476431.233471,88,4,UDP,52783,443,,forward,20260823_144333_web_001_5c95,Web
1787476432.010044,193,4,UDP,443,52783,,forward,20260823_144333_web_001_5c95,Web
1787476432.010352,88,4,UDP,52783,443,,forward,20260823_144333_web_001_5c95,Web
1787476432.02536,84,4,UDP,52783,443,,forward,20260823_144333_web_001_5c95,Web
1787476432.050217,125,4,UDP,443,52783,,forward,20260823_144333_web_001_5c95,Web
1787476432.050217,125,4,UDP,443,52783,,forward,20260823_144333_web_001_5c95,Web
1787476432.05042,88,4,UDP,52783,443,,forward,20260823_144333_web_001_5c95,Web
1787476432.050644,170,4,UDP,52783,443,,forward,20260823_144333_web_001_5c95,Web
1787476432.05652,145,4,UDP,52783,443,,forward,20260823_144333_web_001_5c95,Web
1787476432.101726,88,4,UDP,443,52783,,forward,20260823_144333_web_001_5c95,Web
1787476432.101726,88,4,UDP,443,52783,,forward,20260823_144333_web_001_5c95,Web
1787476432.115663,88,4,UDP,443,52783,,forward,20260823_144333_web_001_5c95,Web
1787476432.65092,570,4,UDP,443,52783,,forward,20260823_144333_web_001_5c95,Web
1787476432.651205,88,4,UDP,52783,443,,forward,20260823_144333_web_001_5c95,Web
1787476432.698681,145,4,UDP,52783,443,,forward,20260823_144333_web_001_5c95,Web
1787476432.750542,88,4,UDP,443,52783,,forward,20260823_144333_web_001_5c95,Web
1787476432.750542,215,4,UDP,443,52783,,forward,20260823_144333_web_001_5c95,Web
1787476432.750746,88,4,UDP,52783,443,,forward,20260823_144333_web_001_5c95,Web
1787476432.751297,184,4,UDP,52783,443,,forward,20260823_144333_web_001_5c95,Web
1787476432.808521,88,4,UDP,443,52783,,forward,20260823_144333_web_001_5c95,Web
1787476432.849633,145,4,UDP,443,52783,,forward,20260823_144333_web_001_5c95,Web
1787476432.849821,88,4,UDP,52783,443,,forward,20260823_144333_web_001_5c95,Web
1787476433.108854,125,4,UDP,443,52783,,forward,20260823_144333_web_001_5c95,Web
1787476433.109068,88,4,UDP,52783,443,,forward,20260823_144333_web_001_5c95,Web
1787476433.109177,125,4,UDP,52783,443,,forward,20260823_144333_web_001_5c95,Web
1787476433.170864,88,4,UDP,443,52783,,forward,20260823_144333_web_001_5c95,Web
1787476433.391362,145,4,UDP,443,52783,,forward,20260823_144333_web_001_5c95,Web
1787476433.391673,88,4,UDP,52783,443,,forward,20260823_144333_web_001_5c95,Web
1787476433.391829,145,4,UDP,52783,443,,forward,20260823_144333_web_001_5c95,Web
1787476433.439857,88,4,UDP,443,52783,,forward,20260823_144333_web_001_5c95,Web
1787476433.708234,126,4,UDP,52783,443,,forward,20260823_144333_web_001_5c95,Web
1787476433.754914,88,4,UDP,443,52783,,forward,20260823_144333_web_001_5c95,Web
1787476433.754914,137,4,UDP,443,52783,,forward,20260823_144333_web_001_5c95,Web
1787476433.75528,88,4,UDP,52783,443,,forward,20260823_144333_web_001_5c95,Web
1787476434.225094,70,4,UDP,5353,5353,,forward,20260823_144333_web_001_5c95,Web
1787476434.225755,90,6,UDP,5353,5353,,forward,20260823_144333_web_001_5c95,Web
1787476434.226223,70,4,UDP,5353,5353,,forward,20260823_144333_web_001_5c95,Web
1787476434.226729,90,6,UDP,5353,5353,,forward,20260823_144333_web_001_5c95,Web
1787476434.227231,70,4,UDP,5353,5353,,forward,20260823_144333_web_001_5c95,Web
1787476434.227704,90,6,UDP,5353,5353,,forward,20260823_144333_web_001_5c95,Web
1787476434.228176,70,4,UDP,5353,5353,,forward,20260823_144333_web_001_5c95,Web
1787476434.228629,90,6,UDP,5353,5353,,forward,20260823_144333_web_001_5c95,Web
1787476434.382058,146,4,UDP,52783,443,,forward,20260823_144333_web_001_5c95,Web
1787476434.444423,88,4,UDP,443,52783,,forward,20260823_144333_web_001_5c95,Web
1787476434.444423,157,4,UDP,443,52783,,forward,20260823_144333_web_001_5c95,Web
1787476434.444651,88,4,UDP,52783,443,,forward,20260823_144333_web_001_5c95,Web
1787476434.635164,70,4,UDP,5353,5353,,forward,20260823_144333_web_001_5c95,Web
1787476434.635627,90,6,UDP,5353,5353,,forward,20260823_144333_web_001_5c95,Web
1787476434.650931,92,4,UDP,137,137,,forward,20260823_144333_web_001_5c95,Web
1787476434.651042,70,4,UDP,5353,5353,,forward,20260823_144333_web_001_5c95,Web
1787476434.651479,84,6,UDP,58135,5355,,forward,20260823_144333_web_001_5c95,Web
1787476434.651639,90,6,UDP,5353,5353,,forward,20260823_144333_web_001_5c95,Web
1787476434.651651,64,4,UDP,58135,5355,,forward,20260823_144333_web_001_5c95,Web
1787476434.65211,84,6,UDP,50909,5355,,forward,20260823_144333_web_001_5c95,Web
1787476434.652146,70,4,UDP,5353,5353,,forward,20260823_144333_web_001_5c95,Web
1787476434.652272,64,4,UDP,50909,5355,,forward,20260823_144333_web_001_5c95,Web
1787476434.652697,90,6,UDP,5353,5353,,forward,20260823_144333_web_001_5c95,Web
1787476434.653099,70,4,UDP,5353,5353,,forward,20260823_144333_web_001_5c95,Web
1787476434.653494,90,6,UDP,5353,5353,,forward,20260823_144333_web_001_5c95,Web
1787476434.948644,156,4,UDP,443,52783,,forward,20260823_144333_web_001_5c95,Web
1787476434.948877,88,4,UDP,52783,443,,forward,20260823_144333_web_001_5c95,Web
1787476434.949176,160,4,UDP,52783,443,,forward,20260823_144333_web_001_5c95,Web
1787476435.010166,88,4,UDP,443,52783,,forward,20260823_144333_web_001_5c95,Web
1787476435.010166,125,4,UDP,443,52783,,forward,20260823_144333_web_001_5c95,Web
1787476435.010413,88,4,UDP,52783,443,,forward,20260823_144333_web_001_5c95,Web
1787476435.057918,70,4,UDP,5353,5353,,forward,20260823_144333_web_001_5c95,Web
1787476435.058685,90,6,UDP,5353,5353,,forward,20260823_144333_web_001_5c95,Web
1787476435.073677,84,6,UDP,58135,5355,,forward,20260823_144333_web_001_5c95,Web
1787476435.073788,84,6,UDP,50909,5355,,forward,20260823_144333_web_001_5c95,Web
1787476435.073882,64,4,UDP,58135,5355,,forward,20260823_144333_web_001_5c95,Web
1787476435.073904,64,4,UDP,50909,5355,,forward,20260823_144333_web_001_5c95,Web
1787476435.073915,70,4,UDP,5353,5353,,forward,20260823_144333_web_001_5c95,Web
1787476435.074458,90,6,UDP,5353,5353,,forward,20260823_144333_web_001_5c95,Web
1787476435.074924,70,4,UDP,5353,5353,,forward,20260823_144333_web_001_5c95,Web
1787476435.075458,90,6,UDP,5353,5353,,forward,20260823_144333_web_001_5c95,Web
1787476435.075834,70,4,UDP,5353,5353,,forward,20260823_144333_web_001_5c95,Web
1787476435.076158,90,6,UDP,5353,5353,,forward,20260823_144333_web_001_5c95,Web
1787476435.120703,125,4,UDP,443,52783,,forward,20260823_144333_web_001_5c95,Web
1787476435.120964,88,4,UDP,52783,443,,forward,20260823_144333_web_001_5c95,Web
1787476435.121094,125,4,UDP,52783,443,,forward,20260823_144333_web_001_5c95,Web
1787476435.18019,88,4,UDP,443,52783,,forward,20260823_144333_web_001_5c95,Web
1787476435.402421,92,4,UDP,137,137,,forward,20260823_144333_web_001_5c95,Web
1787476436.016996,84,4,UDP,52783,443,,forward,20260823_144333_web_001_5c95,Web
1787476436.063634,88,4,UDP,443,52783,,forward,20260823_144333_web_001_5c95,Web
1787476436.15819,92,4,UDP,137,137,,forward,20260823_144333_web_001_5c95,Web
1787476436.487381,574,4,UDP,443,52783,,forward,20260823_144333_web_001_5c95,Web
1787476436.48762,88,4,UDP,52783,443,,forward,20260823_144333_web_001_5c95,Web
1787476436.534397,125,4,UDP,52783,443,,forward,20260823_144333_web_001_5c95,Web
1787476436.595853,88,4,UDP,443,52783,,forward,20260823_144333_web_001_5c95,Web
1787476436.660901,145,4,UDP,443,52783,,forward,20260823_144333_web_001_5c95,Web
1787476436.661139,88,4,UDP,52783,443,,forward,20260823_144333_web_001_5c95,Web
1787476436.661316,145,4,UDP,52783,443,,forward,20260823_144333_web_001_5c95,Web
1787476436.72441,88,4,UDP,443,52783,,forward,20260823_144333_web_001_5c95,Web
1787476437.042668,175,4,UDP,52783,443,,forward,20260823_144333_web_001_5c95,Web
1787476437.043129,270,4,UDP,52783,443,,forward,20260823_144333_web_001_5c95,Web
1787476437.043321,175,4,UDP,52783,443,,forward,20260823_144333_web_001_5c95,Web
1787476437.094851,88,4,UDP,443,52783,,forward,20260823_144333_web_001_5c95,Web
1787476437.103916,718,4,UDP,443,52783,,forward,20260823_144333_web_001_5c95,Web
1787476437.103916,303,4,UDP,443,52783,,forward,20260823_144333_web_001_5c95,Web
1787476437.103916,303,4,UDP,443,52783,,forward,20260823_144333_web_001_5c95,Web
1787476437.104187,88,4,UDP,52783,443,,forward,20260823_144333_web_001_5c95,Web
1787476437.106195,157,4,UDP,52783,443,,forward,20260823_144333_web_001_5c95,Web
1787476437.164419,88,4,UDP,443,52783,,forward,20260823_144333_web_001_5c95,Web
1787476437.164419,157,4,UDP,443,52783,,forward,20260823_144333_web_001_5c95,Web
1787476437.164674,88,4,UDP,52783,443,,forward,20260823_144333_web_001_5c95,Web
1787476437.164998,145,4,UDP,52783,443,,forward,20260823_144333_web_001_5c95,Web
1787476437.174037,725,4,UDP,52783,443,,forward,20260823_144333_web_001_5c95,Web
1787476437.222307,88,4,UDP,443,52783,,forward,20260823_144333_web_001_5c95,Web
1787476437.222307,88,4,UDP,443,52783,,forward,20260823_144333_web_001_5c95,Web
1787476437.222307,145,4,UDP,443,52783,,forward,20260823_144333_web_001_5c95,Web
1787476437.222595,88,4,UDP,52783,443,,forward,20260823_144333_web_001_5c95,Web
1787476437.226403,364,4,UDP,443,52783,,forward,20260823_144333_web_001_5c95,Web
1787476437.226652,88,4,UDP,52783,443,,forward,20260823_144333_web_001_5c95,Web
1787476437.228513,1271,4,UDP,52783,443,,forward,20260823_144333_web_001_5c95,Web
1787476437.241494,165,4,UDP,443,52783,,forward,20260823_144333_web_001_5c95,Web
1787476437.241748,88,4,UDP,52783,443,,forward,20260823_144333_web_001_5c95,Web
1787476437.256708,166,4,UDP,52783,443,,forward,20260823_144333_web_001_5c95,Web
1787476437.286861,88,4,UDP,443,52783,,forward,20260823_144333_web_001_5c95,Web
1787476437.318509,88,4,UDP,443,52783,,forward,20260823_144333_web_001_5c95,Web
1787476437.318509,145,4,UDP,443,52783,,forward,20260823_144333_web_001_5c95,Web
1787476437.318737,88,4,UDP,52783,443,,forward,20260823_144333_web_001_5c95,Web
1787476437.737615,1335,4,UDP,443,52783,,forward,20260823_144333_web_001_5c95,Web
1787476437.737869,88,4,UDP,52783,443,,forward,20260823_144333_web_001_5c95,Web
1787476437.751291,190,4,UDP,52783,443,,forward,20260823_144333_web_001_5c95,Web
1787476437.75138,1365,4,UDP,52783,443,,forward,20260823_144333_web_001_5c95,Web
1787476437.751412,1365,4,UDP,52783,443,,forward,20260823_144333_web_001_5c95,Web
1787476437.751437,1365,4,UDP,52783,443,,forward,20260823_144333_web_001_5c95,Web
1787476437.751459,1365,4,UDP,52783,443,,forward,20260823_144333_web_001_5c95,Web
1787476437.751481,1365,4,UDP,52783,443,,forward,20260823_144333_web_001_5c95,Web
1787476437.751504,1365,4,UDP,52783,443,,forward,20260823_144333_web_001_5c95,Web
1787476437.751526,1365,4,UDP,52783,443,,forward,20260823_144333_web_001_5c95,Web
1787476437.751547,1365,4,UDP,52783,443,,forward,20260823_144333_web_001_5c95,Web
1787476437.751571,1365,4,UDP,52783,443,,forward,20260823_144333_web_001_5c95,Web
1787476437.751592,1365,4,UDP,52783,443,,forward,20260823_144333_web_001_5c95,Web
1787476437.751615,1365,4,UDP,52783,443,,forward,20260823_144333_web_001_5c95,Web
1787476437.751638,1365,4,UDP,52783,443,,forward,20260823_144333_web_001_5c95,Web
1787476437.751661,1365,4,UDP,52783,443,,forward,20260823_144333_web_001_5c95,Web
1787476437.751687,787,4,UDP,52783,443,,forward,20260823_144333_web_001_5c95,Web
1787476437.751721,1365,4,UDP,52783,443,,forward,20260823_144333_web_001_5c95,Web
1787476437.751746,1365,4,UDP,52783,443,,forward,20260823_144333_web_001_5c95,Web
1787476437.751769,1365,4,UDP,52783,443,,forward,20260823_144333_web_001_5c95,Web
1787476437.75179,1365,4,UDP,52783,443,,forward,20260823_144333_web_001_5c95,Web
1787476437.751813,1365,4,UDP,52783,443,,forward,20260823_144333_web_001_5c95,Web
1787476437.751836,1365,4,UDP,52783,443,,forward,20260823_144333_web_001_5c95,Web
1787476437.751858,1365,4,UDP,52783,443,,forward,20260823_144333_web_001_5c95,Web
1787476437.751881,1365,4,UDP,52783,443,,forward,20260823_144333_web_001_5c95,Web
1787476437.751903,1365,4,UDP,52783,443,,forward,20260823_144333_web_001_5c95,Web
1787476437.751925,1365,4,UDP,52783,443,,forward,20260823_144333_web_001_5c95,Web
1787476437.751947,1365,4,UDP,52783,443,,forward,20260823_144333_web_001_5c95,Web
1787476437.751969,1365,4,UDP,52783,443,,forward,20260823_144333_web_001_5c95,Web
1787476437.75199,1365,4,UDP,52783,443,,forward,20260823_144333_web_001_5c95,Web
1787476437.752013,787,4,UDP,52783,443,,forward,20260823_144333_web_001_5c95,Web
1787476437.752035,828,4,UDP,52783,443,,forward,20260823_144333_web_001_5c95,Web
1787476437.791083,145,4,UDP,52783,443,,forward,20260823_144333_web_001_5c95,Web
1787476437.8033,88,4,UDP,443,52783,,forward,20260823_144333_web_001_5c95,Web
1787476437.8033,88,4,UDP,443,52783,,forward,20260823_144333_web_001_5c95,Web
1787476437.8033,88,4,UDP,443,52783,,forward,20260823_144333_web_001_5c95,Web
1787476437.8033,405,4,UDP,443,52783,,forward,20260823_144333_web_001_5c95,Web
1787476437.8033,535,4,UDP,443,52783,,forward,20260823_144333_web_001_5c95,Web
1787476437.8033,88,4,UDP,443,52783,,forward,20260823_144333_web_001_5c95,Web
1787476437.8033,88,4,UDP,443,52783,,forward,20260823_144333_web_001_5c95,Web
1787476437.803562,88,4,UDP,52783,443,,forward,20260823_144333_web_001_5c95,Web
1787476437.806739,470,4,UDP,443,52783,,forward,20260823_144333_web_001_5c95,Web
1787476437.806739,88,4,UDP,443,52783,,forward,20260823_144333_web_001_5c95,Web
1787476437.806739,88,4,UDP,443,52783,,forward,20260823_144333_web_001_5c95,Web
1787476437.806739,88,4,UDP,443,52783,,forward,20260823_144333_web_001_5c95,Web
1787476437.806739,275,4,UDP,443,52783,,forward,20260823_144333_web_001_5c95,Web
1787476437.807002,88,4,UDP,52783,443,,forward,20260823_144333_web_001_5c95,Web
1787476437.853035,88,4,UDP,443,52783,,forward,20260823_144333_web_001_5c95,Web
1787476437.853035,172,4,UDP,443,52783,,forward,20260823_144333_web_001_5c95,Web
1787476437.853578,88,4,UDP,52783,443,,forward,20260823_144333_web_001_5c95,Web
1787476437.899624,145,4,UDP,52783,443,,forward,20260823_144333_web_001_5c95,Web
1787476437.944442,552,4,UDP,443,52783,,forward,20260823_144333_web_001_5c95,Web
1787476437.944637,88,4,UDP,52783,443,,forward,20260823_144333_web_001_5c95,Web
1787476437.961381,88,4,UDP,443,52783,,forward,20260823_144333_web_001_5c95,Web
1787476437.992222,145,4,UDP,52783,443,,forward,20260823_144333_web_001_5c95,Web
1787476438.054414,88,4,UDP,443,52783,,forward,20260823_144333_web_001_5c95,Web
1787476438.054414,215,4,UDP,443,52783,,forward,20260823_144333_web_001_5c95,Web
1787476438.054627,88,4,UDP,52783,443,,forward,20260823_144333_web_001_5c95,Web
1787476438.05514,184,4,UDP,52783,443,,forward,20260823_144333_web_001_5c95,Web
1787476438.117895,88,4,UDP,443,52783,,forward,20260823_144333_web_001_5c95,Web
1787476438.117895,145,4,UDP,443,52783,,forward,20260823_144333_web_001_5c95,Web
1787476438.118314,88,4,UDP,52783,443,,forward,20260823_144333_web_001_5c95,Web
1787476438.860048,146,4,UDP,52783,443,,forward,20260823_144333_web_001_5c95,Web
1787476438.919506,88,4,UDP,443,52783,,forward,20260823_144333_web_001_5c95,Web
1787476438.919506,157,4,UDP,443,52783,,forward,20260823_144333_web_001_5c95,Web
1787476438.919721,88,4,UDP,52783,443,,forward,20260823_144333_web_001_5c95,Web
1787476439.157462,328,4,UDP,52783,443,,forward,20260823_144333_web_001_5c95,Web
1787476439.157569,1365,4,UDP,52783,443,,forward,20260823_144333_web_001_5c95,Web
1787476439.157615,1365,4,UDP,52783,443,,forward,20260823_144333_web_001_5c95,Web
1787476439.157637,1365,4,UDP,52783,443,,forward,20260823_144333_web_001_5c95,Web
1787476439.157658,1365,4,UDP,52783,443,,forward,20260823_144333_web_001_5c95,Web
1787476439.157679,1365,4,UDP,52783,443,,forward,20260823_144333_web_001_5c95,Web
1787476439.157701,1365,4,UDP,52783,443,,forward,20260823_144333_web_001_5c95,Web
1787476439.157723,1365,4,UDP,52783,443,,forward,20260823_144333_web_001_5c95,Web
1787476439.157744,1365,4,UDP,52783,443,,forward,20260823_144333_web_001_5c95,Web
1787476439.157767,1365,4,UDP,52783,443,,forward,20260823_144333_web_001_5c95,Web
1787476439.157867,1365,4,UDP,52783,443,,forward,20260823_144333_web_001_5c95,Web
1787476439.157911,1365,4,UDP,52783,443,,forward,20260823_144333_web_001_5c95,Web
1787476439.157967,1365,4,UDP,52783,443,,forward,20260823_144333_web_001_5c95,Web
1787476439.157998,1365,4,UDP,52783,443,,forward,20260823_144333_web_001_5c95,Web
1787476439.158044,411,4,UDP,52783,443,,forward,20260823_144333_web_001_5c95,Web
1787476439.158072,1365,4,UDP,52783,443,,forward,20260823_144333_web_001_5c95,Web
1787476439.158095,1365,4,UDP,52783,443,,forward,20260823_144333_web_001_5c95,Web
1787476439.158615,1365,4,UDP,52783,443,,forward,20260823_144333_web_001_5c95,Web
1787476439.158712,494,4,UDP,52783,443,,forward,20260823_144333_web_001_5c95,Web
1787476439.158802,365,4,UDP,52783,443,,forward,20260823_144333_web_001_5c95,Web
1787476439.159088,175,4,UDP,52783,443,,forward,20260823_144333_web_001_5c95,Web
1787476439.216203,88,4,UDP,443,52783,,forward,20260823_144333_web_001_5c95,Web
1787476439.216203,88,4,UDP,443,52783,,forward,20260823_144333_web_001_5c95,Web
1787476439.216203,88,4,UDP,443,52783,,forward,20260823_144333_web_001_5c95,Web
1787476439.216203,170,4,UDP,443,52783,,forward,20260823_144333_web_001_5c95,Web
1787476439.216203,170,4,UDP,443,52783,,forward,20260823_144333_web_001_5c95,Web
1787476439.216203,215,4,UDP,443,52783,,forward,20260823_144333_web_001_5c95,Web
1787476439.216203,350,4,UDP,443,52783,,forward,20260823_144333_web_001_5c95,Web
1787476439.216203,88,4,UDP,443,52783,,forward,20260823_144333_web_001_5c95,Web
1787476439.216203,88,4,UDP,443,52783,,forward,20260823_144333_web_001_5c95,Web
1787476439.216203,88,4,UDP,443,52783,,forward,20260823_144333_web_001_5c95,Web
1787476439.216203,125,4,UDP,443,52783,,forward,20260823_144333_web_001_5c95,Web
1787476439.216203,125,4,UDP,443,52783,,forward,20260823_144333_web_001_5c95,Web
1787476439.216203,170,4,UDP,443,52783,,forward,20260823_144333_web_001_5c95,Web
1787476439.216203,125,4,UDP,443,52783,,forward,20260823_144333_web_001_5c95,Web
1787476439.216203,344,4,UDP,443,52783,,forward,20260823_144333_web_001_5c95,Web
1787476439.216203,344,4,UDP,443,52783,,forward,20260823_144333_web_001_5c95,Web
1787476439.216203,303,4,UDP,443,52783,,forward,20260823_144333_web_001_5c95,Web
1787476439.216203,303,4,UDP,443,52783,,forward,20260823_144333_web_001_5c95,Web
1787476439.2165,88,4,UDP,52783,443,,forward,20260823_144333_web_001_5c95,Web
1787476439.217217,187,4,UDP,52783,443,,forward,20260823_144333_web_001_5c95,Web
1787476439.217294,187,4,UDP,52783,443,,forward,20260823_144333_web_001_5c95,Web
1787476439.269992,88,4,UDP,443,52783,,forward,20260823_144333_web_001_5c95,Web
1787476439.277055,258,4,UDP,443,52783,,forward,20260823_144333_web_001_5c95,Web
1787476439.277055,258,4,UDP,443,52783,,forward,20260823_144333_web_001_5c95,Web
1787476439.277302,88,4,UDP,52783,443,,forward,20260823_144333_web_001_5c95,Web
1787476439.466697,164,4,UDP,443,52783,,forward,20260823_144333_web_001_5c95,Web
1787476439.467102,88,4,UDP,52783,443,,forward,20260823_144333_web_001_5c95,Web
1787476439.513845,125,4,UDP,52783,443,,forward,20260823_144333_web_001_5c95,Web
1787476439.576741,88,4,UDP,443,52783,,forward,20260823_144333_web_001_5c95,Web
1787476439.576741,256,4,UDP,443,52783,,forward,20260823_144333_web_001_5c95,Web
1787476439.576928,88,4,UDP,52783,443,,forward,20260823_144333_web_001_5c95,Web
1787476439.57793,160,4,UDP,52783,443,,forward,20260823_144333_web_001_5c95,Web
1787476439.578049,117,4,UDP,52783,443,,forward,20260823_144333_web_001_5c95,Web
1787476439.578123,344,4,UDP,52783,443,,forward,20260823_144333_web_001_5c95,Web
1787476439.639268,88,4,UDP,443,52783,,forward,20260823_144333_web_001_5c95,Web
1787476439.639268,125,4,UDP,443,52783,,forward,20260823_144333_web_001_5c95,Web
1787476439.639268,508,4,UDP,443,52783,,forward,20260823_144333_web_001_5c95,Web
1787476439.639609,88,4,UDP,52783,443,,forward,20260823_144333_web_001_5c95,Web
1787476439.9234,146,4,UDP,52783,443,,forward,20260823_144333_web_001_5c95,Web
1787476439.984704,145,4,UDP,443,52783,,forward,20260823_144333_web_001_5c95,Web
1787476439.984704,88,4,UDP,443,52783,,forward,20260823_144333_web_001_5c95,Web
1787476439.984704,157,4,UDP,443,52783,,forward,20260823_144333_web_001_5c95,Web
1787476439.984966,88,4,UDP,52783,443,,forward,20260823_144333_web_001_5c95,Web
1787476439.98527,145,4,UDP,52783,443,,forward,20260823_144333_web_001_5c95,Web
1787476440.016564,84,4,UDP,52783,443,,forward,20260823_144333_web_001_5c95,Web
1787476440.04141,88,4,UDP,443,52783,,forward,20260823_144333_web_001_5c95,Web
1787476440.075442,88,4,UDP,443,52783,,forward,20260823_144333_web_001_5c95,Web
1787476440.391615,574,4,UDP,443,52783,,forward,20260823_144333_web_001_5c95,Web
1787476440.392069,88,4,UDP,52783,443,,forward,20260823_144333_web_001_5c95,Web
1787476440.437614,125,4,UDP,52783,443,,forward,20260823_144333_web_001_5c95,Web
1787476440.492827,88,4,UDP,443,52783,,forward,20260823_144333_web_001_5c95,Web
1787476440.751105,145,4,UDP,443,52783,,forward,20260823_144333_web_001_5c95,Web
1787476440.751329,88,4,UDP,52783,443,,forward,20260823_144333_web_001_5c95,Web
1787476440.751462,145,4,UDP,52783,443,,forward,20260823_144333_web_001_5c95,Web
1787476440.811291,88,4,UDP,443,52783,,forward,20260823_144333_web_001_5c95,Web
1787476441.002002,146,4,UDP,52783,443,,forward,20260823_144333_web_001_5c95,Web
1787476441.06067,88,4,UDP,443,52783,,forward,20260823_144333_web_001_5c95,Web
1787476441.06067,157,4,UDP,443,52783,,forward,20260823_144333_web_001_5c95,Web
1787476441.060927,88,4,UDP,52783,443,,forward,20260823_144333_web_001_5c95,Web
1787476441.281919,146,4,UDP,52783,443,,forward,20260823_144333_web_001_5c95,Web
1787476441.343844,88,4,UDP,443,52783,,forward,20260823_144333_web_001_5c95,Web
1787476441.343844,157,4,UDP,443,52783,,forward,20260823_144333_web_001_5c95,Web
1787476441.344539,88,4,UDP,52783,443,,forward,20260823_144333_web_001_5c95,Web
1787476441.517524,170,4,UDP,52783,443,,forward,20260823_144333_web_001_5c95,Web
1787476441.579892,88,4,UDP,443,52783,,forward,20260823_144333_web_001_5c95,Web
1787476441.579892,125,4,UDP,443,52783,,forward,20260823_144333_web_001_5c95,Web
1787476441.580233,88,4,UDP,52783,443,,forward,20260823_144333_web_001_5c95,Web
1787476441.772947,175,4,UDP,52783,443,,forward,20260823_144333_web_001_5c95,Web
1787476441.773282,175,4,UDP,52783,443,,forward,20260823_144333_web_001_5c95,Web
1787476441.823392,88,4,UDP,443,52783,,forward,20260823_144333_web_001_5c95,Web
1787476441.833495,341,4,UDP,443,52783,,forward,20260823_144333_web_001_5c95,Web
1787476441.833495,88,4,UDP,443,52783,,forward,20260823_144333_web_001_5c95,Web
1787476441.833495,341,4,UDP,443,52783,,forward,20260823_144333_web_001_5c95,Web
1787476441.833699,88,4,UDP,52783,443,,forward,20260823_144333_web_001_5c95,Web
1787476441.834364,184,4,UDP,52783,443,,forward,20260823_144333_web_001_5c95,Web
1787476441.834436,184,4,UDP,52783,443,,forward,20260823_144333_web_001_5c95,Web
1787476441.894803,88,4,UDP,443,52783,,forward,20260823_144333_web_001_5c95,Web
1787476441.897735,255,4,UDP,443,52783,,forward,20260823_144333_web_001_5c95,Web
1787476441.897735,255,4,UDP,443,52783,,forward,20260823_144333_web_001_5c95,Web
1787476441.897942,88,4,UDP,52783,443,,forward,20260823_144333_web_001_5c95,Web
1787476442.066426,146,4,UDP,52783,443,,forward,20260823_144333_web_001_5c95,Web
1787476442.113608,88,4,UDP,443,52783,,forward,20260823_144333_web_001_5c95,Web
1787476442.113608,157,4,UDP,443,52783,,forward,20260823_144333_web_001_5c95,Web
1787476442.113865,88,4,UDP,52783,443,,forward,20260823_144333_web_001_5c95,Web
1787476442.15961,145,4,UDP,443,52783,,forward,20260823_144333_web_001_5c95,Web
1787476442.15982,88,4,UDP,52783,443,,forward,20260823_144333_web_001_5c95,Web
1787476442.159925,145,4,UDP,52783,443,,forward,20260823_144333_web_001_5c95,Web
1787476442.206071,88,4,UDP,443,52783,,forward,20260823_144333_web_001_5c95,Web
1787476442.855269,145,4,UDP,52783,443,,forward,20260823_144333_web_001_5c95,Web
1787476442.91208,88,4,UDP,443,52783,,forward,20260823_144333_web_001_5c95,Web
1787476442.91208,145,4,UDP,443,52783,,forward,20260823_144333_web_001_5c95,Web
1787476442.912338,88,4,UDP,52783,443,,forward,20260823_144333_web_001_5c95,Web
1787476442.912659,145,4,UDP,52783,443,,forward,20260823_144333_web_001_5c95,Web
1787476442.976535,88,4,UDP,443,52783,,forward,20260823_144333_web_001_5c95,Web
1787476443.891536,125,4,UDP,443,52783,,forward,20260823_144333_web_001_5c95,Web
1787476443.891771,88,4,UDP,52783,443,,forward,20260823_144333_web_001_5c95,Web
1787476443.891883,125,4,UDP,52783,443,,forward,20260823_144333_web_001_5c95,Web
1787476443.939622,88,4,UDP,443,52783,,forward,20260823_144333_web_001_5c95,Web
1787476444.019385,84,4,UDP,52783,443,,forward,20260823_144333_web_001_5c95,Web
1787476444.082116,88,4,UDP,443,52783,,forward,20260823_144333_web_001_5c95,Web
1787476444.115662,238,4,UDP,52783,443,,forward,20260823_144333_web_001_5c95,Web
1787476444.115747,1365,4,UDP,52783,443,,forward,20260823_144333_web_001_5c95,Web
1787476444.115774,557,4,UDP,52783,443,,forward,20260823_144333_web_001_5c95,Web
1787476444.176638,88,4,UDP,443,52783,,forward,20260823_144333_web_001_5c95,Web
1787476444.176638,215,4,UDP,443,52783,,forward,20260823_144333_web_001_5c95,Web
1787476444.176879,88,4,UDP,52783,443,,forward,20260823_144333_web_001_5c95,Web
1787476444.334305,145,4,UDP,443,52783,,forward,20260823_144333_web_001_5c95,Web
1787476444.334551,88,4,UDP,52783,443,,forward,20260823_144333_web_001_5c95,Web
1787476444.334674,145,4,UDP,52783,443,,forward,20260823_144333_web_001_5c95,Web
1787476444.382367,88,4,UDP,443,52783,,forward,20260823_144333_web_001_5c95,Web
1787476444.429801,256,4,UDP,443,52783,,forward,20260823_144333_web_001_5c95,Web
1787476444.43008,88,4,UDP,52783,443,,forward,20260823_144333_web_001_5c95,Web
1787476444.477155,125,4,UDP,52783,443,,forward,20260823_144333_web_001_5c95,Web
1787476444.539285,88,4,UDP,443,52783,,forward,20260823_144333_web_001_5c95,Web
1787476444.729524,145,4,UDP,443,52783,,forward,20260823_144333_web_001_5c95,Web
1787476444.72981,88,4,UDP,52783,443,,forward,20260823_144333_web_001_5c95,Web
1787476444.730082,145,4,UDP,52783,443,,forward,20260823_144333_web_001_5c95,Web
1787476444.779311,88,4,UDP,443,52783,,forward,20260823_144333_web_001_5c95,Web
1787476444.78513,131,4,UDP,443,52783,,forward,20260823_144333_web_001_5c95,Web
1787476444.785373,88,4,UDP,52783,443,,forward,20260823_144333_web_001_5c95,Web
1787476444.785677,135,4,UDP,52783,443,,forward,20260823_144333_web_001_5c95,Web
1787476444.838915,88,4,UDP,443,52783,,forward,20260823_144333_web_001_5c95,Web
1787476444.838915,125,4,UDP,443,52783,,forward,20260823_144333_web_001_5c95,Web
1787476444.839546,88,4,UDP,52783,443,,forward,20260823_144333_web_001_5c95,Web
1787476445.231036,125,4,UDP,443,52783,,forward,20260823_144333_web_001_5c95,Web
1787476445.231285,88,4,UDP,52783,443,,forward,20260823_144333_web_001_5c95,Web
1787476445.231412,125,4,UDP,52783,443,,forward,20260823_144333_web_001_5c95,Web
1787476445.292075,88,4,UDP,443,52783,,forward,20260823_144333_web_001_5c95,Web
1787476445.592296,146,4,UDP,52783,443,,forward,20260823_144333_web_001_5c95,Web
1787476445.645002,88,4,UDP,443,52783,,forward,20260823_144333_web_001_5c95,Web
1787476445.645002,157,4,UDP,443,52783,,forward,20260823_144333_web_001_5c95,Web
1787476445.64524,88,4,UDP,52783,443,,forward,20260823_144333_web_001_5c95,Web
1787476446.389185,125,4,UDP,443,52783,,forward,20260823_144333_web_001_5c95,Web
1787476446.389467,88,4,UDP,52783,443,,forward,20260823_144333_web_001_5c95,Web
1787476446.389667,125,4,UDP,52783,443,,forward,20260823_144333_web_001_5c95,Web
1787476446.453625,88,4,UDP,443,52783,,forward,20260823_144333_web_001_5c95,Web
1787476446.723367,574,4,UDP,443,52783,,forward,20260823_144333_web_001_5c95,Web
1787476446.723635,88,4,UDP,52783,443,,forward,20260823_144333_web_001_5c95,Web
1787476446.775996,125,4,UDP,52783,443,,forward,20260823_144333_web_001_5c95,Web
1787476446.832866,88,4,UDP,443,52783,,forward,20260823_144333_web_001_5c95,Web
1787476447.235038,165,4,UDP,443,52783,,forward,20260823_144333_web_001_5c95,Web
1787476447.235246,88,4,UDP,52783,443,,forward,20260823_144333_web_001_5c95,Web
1787476447.258776,166,4,UDP,52783,443,,forward,20260823_144333_web_001_5c95,Web
1787476447.32032,88,4,UDP,443,52783,,forward,20260823_144333_web_001_5c95,Web
1787476447.788219,125,4,UDP,443,52783,,forward,20260823_144333_web_001_5c95,Web
1787476447.788545,88,4,UDP,52783,443,,forward,20260823_144333_web_001_5c95,Web
1787476447.788636,125,4,UDP,52783,443,,forward,20260823_144333_web_001_5c95,Web
1787476447.847789,88,4,UDP,443,52783,,forward,20260823_144333_web_001_5c95,Web
1787476448.025799,84,4,UDP,52783,443,,forward,20260823_144333_web_001_5c95,Web
1787476448.072306,88,4,UDP,443,52783,,forward,20260823_144333_web_001_5c95,Web
1787476448.494126,145,4,UDP,443,52783,,forward,20260823_144333_web_001_5c95,Web
1787476448.49436,88,4,UDP,52783,443,,forward,20260823_144333_web_001_5c95,Web
1787476448.494479,145,4,UDP,52783,443,,forward,20260823_144333_web_001_5c95,Web
1787476448.545071,88,4,UDP,443,52783,,forward,20260823_144333_web_001_5c95,Web
1787476449.006303,125,4,UDP,443,52783,,forward,20260823_144333_web_001_5c95,Web
1787476449.006559,88,4,UDP,52783,443,,forward,20260823_144333_web_001_5c95,Web
1787476449.006749,125,4,UDP,52783,443,,forward,20260823_144333_web_001_5c95,Web
1787476449.068334,88,4,UDP,443,52783,,forward,20260823_144333_web_001_5c95,Web
1787476449.449,146,4,UDP,52783,443,,forward,20260823_144333_web_001_5c95,Web
1787476449.505968,88,4,UDP,443,52783,,forward,20260823_144333_web_001_5c95,Web
1787476449.505968,157,4,UDP,443,52783,,forward,20260823_144333_web_001_5c95,Web
1787476449.50621,88,4,UDP,52783,443,,forward,20260823_144333_web_001_5c95,Web
1787476449.803471,169,4,UDP,443,52783,,forward,20260823_144333_web_001_5c95,Web
1787476449.803909,88,4,UDP,52783,443,,forward,20260823_144333_web_001_5c95,Web
1787476449.804376,173,4,UDP,52783,443,,forward,20260823_144333_web_001_5c95,Web
1787476449.85956,88,4,UDP,443,52783,,forward,20260823_144333_web_001_5c95,Web
1787476449.85956,145,4,UDP,443,52783,,forward,20260823_144333_web_001_5c95,Web
1787476449.85978,88,4,UDP,52783,443,,forward,20260823_144333_web_001_5c95,Web
1787476450.987414,145,4,UDP,443,52783,,forward,20260823_144333_web_001_5c95,Web
1787476450.987647,88,4,UDP,52783,443,,forward,20260823_144333_web_001_5c95,Web
1787476450.987945,145,4,UDP,52783,443,,forward,20260823_144333_web_001_5c95,Web
1787476451.048927,88,4,UDP,443,52783,,forward,20260823_144333_web_001_5c95,Web
1787476451.801281,158,4,UDP,52783,443,,forward,20260823_144333_web_001_5c95,Web
1787476451.801845,158,4,UDP,52783,443,,forward,20260823_144333_web_001_5c95,Web
1787476451.806838,159,4,UDP,52783,443,,forward,20260823_144333_web_001_5c95,Web
1787476451.806972,159,4,UDP,52783,443,,forward,20260823_144333_web_001_5c95,Web
1787476451.807405,159,4,UDP,52783,443,,forward,20260823_144333_web_001_5c95,Web
1787476451.807797,159,4,UDP,52783,443,,forward,20260823_144333_web_001_5c95,Web
1787476451.857538,88,4,UDP,443,52783,,forward,20260823_144333_web_001_5c95,Web
1787476451.857538,174,4,UDP,443,52783,,forward,20260823_144333_web_001_5c95,Web
1787476451.857538,174,4,UDP,443,52783,,forward,20260823_144333_web_001_5c95,Web
1787476451.857538,88,4,UDP,443,52783,,forward,20260823_144333_web_001_5c95,Web
1787476451.857538,296,4,UDP,443,52783,,forward,20260823_144333_web_001_5c95,Web
1787476451.857538,296,4,UDP,443,52783,,forward,20260823_144333_web_001_5c95,Web
1787476451.857831,88,4,UDP,52783,443,,forward,20260823_144333_web_001_5c95,Web
1787476451.858683,244,4,UDP,52783,443,,forward,20260823_144333_web_001_5c95,Web
1787476451.873236,291,4,UDP,443,52783,,forward,20260823_144333_web_001_5c95,Web
1787476451.873236,291,4,UDP,443,52783,,forward,20260823_144333_web_001_5c95,Web
1787476451.873479,88,4,UDP,52783,443,,forward,20260823_144333_web_001_5c95,Web
1787476451.919281,88,4,UDP,443,52783,,forward,20260823_144333_web_001_5c95,Web
1787476451.919281,226,4,UDP,443,52783,,forward,20260823_144333_web_001_5c95,Web
1787476451.919281,226,4,UDP,443,52783,,forward,20260823_144333_web_001_5c95,Web
1787476451.919522,88,4,UDP,52783,443,,forward,20260823_144333_web_001_5c95,Web
1787476452.013507,84,4,UDP,52783,443,,forward,20260823_144333_web_001_5c95,Web
1787476452.065389,88,4,UDP,443,52783,,forward,20260823_144333_web_001_5c95,Web
1787476452.533134,145,4,UDP,443,52783,,forward,20260823_144333_web_001_5c95,Web
1787476452.533461,88,4,UDP,52783,443,,forward,20260823_144333_web_001_5c95,Web
1787476452.533623,145,4,UDP,52783,443,,forward,20260823_144333_web_001_5c95,Web
1787476452.596146,88,4,UDP,443,52783,,forward,20260823_144333_web_001_5c95,Web
1787476453.75367,236,4,UDP,52783,443,,forward,20260823_144333_web_001_5c95,Web
1787476453.774736,1365,4,UDP,52783,443,,forward,20260823_144333_web_001_5c95,Web
1787476453.774873,1365,4,UDP,52783,443,,forward,20260823_144333_web_001_5c95,Web
1787476453.774919,1365,4,UDP,52783,443,,forward,20260823_144333_web_001_5c95,Web
1787476453.774942,1365,4,UDP,52783,443,,forward,20260823_144333_web_001_5c95,Web
1787476453.774962,1365,4,UDP,52783,443,,forward,20260823_144333_web_001_5c95,Web
1787476453.774997,1365,4,UDP,52783,443,,forward,20260823_144333_web_001_5c95,Web
1787476453.775024,1119,4,UDP,52783,443,,forward,20260823_144333_web_001_5c95,Web
1787476453.778229,1365,4,UDP,52783,443,,forward,20260823_144333_web_001_5c95,Web
1787476453.778402,1365,4,UDP,52783,443,,forward,20260823_144333_web_001_5c95,Web
1787476453.778451,1365,4,UDP,52783,443,,forward,20260823_144333_web_001_5c95,Web
1787476453.778475,1365,4,UDP,52783,443,,forward,20260823_144333_web_001_5c95,Web
1787476453.778496,1365,4,UDP,52783,443,,forward,20260823_144333_web_001_5c95,Web
1787476453.778522,1365,4,UDP,52783,443,,forward,20260823_144333_web_001_5c95,Web
1787476453.778542,1015,4,UDP,52783,443,,forward,20260823_144333_web_001_5c95,Web
1787476453.778809,346,4,UDP,52783,443,,forward,20260823_144333_web_001_5c95,Web
1787476453.778878,1365,4,UDP,52783,443,,forward,20260823_144333_web_001_5c95,Web
1787476453.778906,1365,4,UDP,52783,443,,forward,20260823_144333_web_001_5c95,Web
1787476453.778936,1365,4,UDP,52783,443,,forward,20260823_144333_web_001_5c95,Web
1787476453.778958,1365,4,UDP,52783,443,,forward,20260823_144333_web_001_5c95,Web
1787476453.778979,1365,4,UDP,52783,443,,forward,20260823_144333_web_001_5c95,Web
1787476453.779003,1365,4,UDP,52783,443,,forward,20260823_144333_web_001_5c95,Web
1787476453.779024,1028,4,UDP,52783,443,,forward,20260823_144333_web_001_5c95,Web
1787476453.809925,88,4,UDP,443,52783,,forward,20260823_144333_web_001_5c95,Web
1787476453.809925,145,4,UDP,443,52783,,forward,20260823_144333_web_001_5c95,Web
1787476453.810166,88,4,UDP,52783,443,,forward,20260823_144333_web_001_5c95,Web
1787476453.828025,88,4,UDP,443,52783,,forward,20260823_144333_web_001_5c95,Web
1787476453.828025,88,4,UDP,443,52783,,forward,20260823_144333_web_001_5c95,Web
1787476453.828025,210,4,UDP,443,52783,,forward,20260823_144333_web_001_5c95,Web
1787476453.828025,275,4,UDP,443,52783,,forward,20260823_144333_web_001_5c95,Web
1787476453.828025,275,4,UDP,443,52783,,forward,20260823_144333_web_001_5c95,Web
1787476453.828025,184,4,UDP,443,52783,,forward,20260823_144333_web_001_5c95,Web
1787476453.828025,88,4,UDP,443,52783,,forward,20260823_144333_web_001_5c95,Web
1787476453.828025,210,4,UDP,443,52783,,forward,20260823_144333_web_001_5c95,Web
1787476453.828025,145,4,UDP,443,52783,,forward,20260823_144333_web_001_5c95,Web
1787476453.828709,88,4,UDP,52783,443,,forward,20260823_144333_web_001_5c95,Web
1787476453.830008,88,4,UDP,443,52783,,forward,20260823_144333_web_001_5c95,Web
1787476453.830008,145,4,UDP,443,52783,,forward,20260823_144333_web_001_5c95,Web
1787476453.830279,88,4,UDP,52783,443,,forward,20260823_144333_web_001_5c95,Web
1787476453.84238,240,4,UDP,52783,443,,forward,20260823_144333_web_001_5c95,Web
1787476453.842852,160,4,UDP,52783,443,,forward,20260823_144333_web_001_5c95,Web
1787476453.843228,160,4,UDP,52783,443,,forward,20260823_144333_web_001_5c95,Web
1787476453.873598,145,4,UDP,443,52783,,forward,20260823_144333_web_001_5c95,Web
1787476453.87385,88,4,UDP,52783,443,,forward,20260823_144333_web_001_5c95,Web
1787476453.874171,145,4,UDP,52783,443,,forward,20260823_144333_web_001_5c95,Web
1787476453.888631,88,4,UDP,443,52783,,forward,20260823_144333_web_001_5c95,Web
1787476453.904232,288,4,UDP,443,52783,,forward,20260823_144333_web_001_5c95,Web
1787476453.904232,384,4,UDP,443,52783,,forward,20260823_144333_web_001_5c95,Web
1787476453.904232,88,4,UDP,443,52783,,forward,20260823_144333_web_001_5c95,Web
1787476453.904232,288,4,UDP,443,52783,,forward,20260823_144333_web_001_5c95,Web
1787476453.904232,384,4,UDP,443,52783,,forward,20260823_144333_web_001_5c95,Web
1787476453.904596,88,4,UDP,52783,443,,forward,20260823_144333_web_001_5c95,Web
1787476453.90744,1363,4,UDP,52783,443,,forward,20260823_144333_web_001_5c95,Web
1787476453.907538,1363,4,UDP,52783,443,,forward,20260823_144333_web_001_5c95,Web
1787476453.907825,208,4,UDP,52783,443,,forward,20260823_144333_web_001_5c95,Web
1787476453.93518,88,4,UDP,443,52783,,forward,20260823_144333_web_001_5c95,Web
1787476453.94914,230,4,UDP,443,52783,,forward,20260823_144333_web_001_5c95,Web
1787476453.949384,88,4,UDP,52783,443,,forward,20260823_144333_web_001_5c95,Web
1787476453.967204,88,4,UDP,443,52783,,forward,20260823_144333_web_001_5c95,Web
1787476453.967204,173,4,UDP,443,52783,,forward,20260823_144333_web_001_5c95,Web
1787476453.967204,1363,4,UDP,443,52783,,forward,20260823_144333_web_001_5c95,Web
1787476453.967204,1363,4,UDP,443,52783,,forward,20260823_144333_web_001_5c95,Web
1787476453.967204,426,4,UDP,443,52783,,forward,20260823_144333_web_001_5c95,Web
1787476453.967204,1191,4,UDP,443,52783,,forward,20260823_144333_web_001_5c95,Web
1787476453.967538,88,4,UDP,52783,443,,forward,20260823_144333_web_001_5c95,Web
1787476453.968701,227,4,UDP,52783,443,,forward,20260823_144333_web_001_5c95,Web
1787476453.968785,164,4,UDP,52783,443,,forward,20260823_144333_web_001_5c95,Web
1787476453.968992,509,4,UDP,52783,443,,forward,20260823_144333_web_001_5c95,Web
1787476453.99775,157,4,UDP,443,52783,,forward,20260823_144333_web_001_5c95,Web
1787476453.998023,145,4,UDP,52783,443,,forward,20260823_144333_web_001_5c95,Web
1787476453.998152,88,4,UDP,52783,443,,forward,20260823_144333_web_001_5c95,Web
1787476454.016617,88,4,UDP,443,52783,,forward,20260823_144333_web_001_5c95,Web
1787476454.027722,253,4,UDP,443,52783,,forward,20260823_144333_web_001_5c95,Web
1787476454.027722,162,4,UDP,443,52783,,forward,20260823_144333_web_001_5c95,Web
1787476454.02802,88,4,UDP,52783,443,,forward,20260823_144333_web_001_5c95,Web
1787476454.029107,164,4,UDP,52783,443,,forward,20260823_144333_web_001_5c95,Web
1787476454.049617,88,4,UDP,443,52783,,forward,20260823_144333_web_001_5c95,Web
1787476454.08363,88,4,UDP,443,52783,,forward,20260823_144333_web_001_5c95,Web
1787476454.088717,611,4,UDP,443,52783,,forward,20260823_144333_web_001_5c95,Web
1787476454.088717,281,4,UDP,443,52783,,forward,20260823_144333_web_001_5c95,Web
1787476454.089059,88,4,UDP,52783,443,,forward,20260823_144333_web_001_5c95,Web
1787476454.089848,168,4,UDP,52783,443,,forward,20260823_144333_web_001_5c95,Web
1787476454.150159,88,4,UDP,443,52783,,forward,20260823_144333_web_001_5c95,Web
1787476454.167251,157,4,UDP,443,52783,,forward,20260823_144333_web_001_5c95,Web
1787476454.167486,88,4,UDP,52783,443,,forward,20260823_144333_web_001_5c95,Web
1787476454.588843,117,4,UDP,52783,443,,forward,20260823_144333_web_001_5c95,Web
1787476454.588949,344,4,UDP,52783,443,,forward,20260823_144333_web_001_5c95,Web
1787476454.651127,88,4,UDP,443,52783,,forward,20260823_144333_web_001_5c95,Web
1787476454.651127,508,4,UDP,443,52783,,forward,20260823_144333_web_001_5c95,Web
1787476454.651467,88,4,UDP,52783,443,,forward,20260823_144333_web_001_5c95,Web
1787476454.933977,793,4,UDP,443,52783,,forward,20260823_144333_web_001_5c95,Web
1787476454.934308,88,4,UDP,52783,443,,forward,20260823_144333_web_001_5c95,Web
1787476454.936834,180,4,UDP,52783,443,,forward,20260823_144333_web_001_5c95,Web
1787476454.995504,88,4,UDP,443,52783,,forward,20260823_144333_web_001_5c95,Web
1787476454.995504,176,4,UDP,443,52783,,forward,20260823_144333_web_001_5c95,Web
1787476454.995999,88,4,UDP,52783,443,,forward,20260823_144333_web_001_5c95,Web
1787476455.042855,145,4,UDP,52783,443,,forward,20260823_144333_web_001_5c95,Web
1787476455.107119,88,4,UDP,443,52783,,forward,20260823_144333_web_001_5c95,Web
1787476455.107119,552,4,UDP,443,52783,,forward,20260823_144333_web_001_5c95,Web
1787476455.107119,1365,4,UDP,443,52783,,forward,20260823_144333_web_001_5c95,Web
1787476455.107408,88,4,UDP,52783,443,,forward,20260823_144333_web_001_5c95,Web
1787476455.108259,145,4,UDP,52783,443,,forward,20260823_144333_web_001_5c95,Web
1787476455.168562,88,4,UDP,443,52783,,forward,20260823_144333_web_001_5c95,Web
1787476455.168562,1197,4,UDP,443,52783,,forward,20260823_144333_web_001_5c95,Web
1787476455.168849,88,4,UDP,52783,443,,forward,20260823_144333_web_001_5c95,Web
1787476455.221017,145,4,UDP,52783,443,,forward,20260823_144333_web_001_5c95,Web
1787476455.24891,1365,4,UDP,52783,443,,forward,20260823_144333_web_001_5c95,Web
1787476455.249,1365,4,UDP,52783,443,,forward,20260823_144333_web_001_5c95,Web
1787476455.249027,1365,4,UDP,52783,443,,forward,20260823_144333_web_001_5c95,Web
1787476455.249047,1365,4,UDP,52783,443,,forward,20260823_144333_web_001_5c95,Web
1787476455.249067,1365,4,UDP,52783,443,,forward,20260823_144333_web_001_5c95,Web
1787476455.24909,1365,4,UDP,52783,443,,forward,20260823_144333_web_001_5c95,Web
1787476455.249109,881,4,UDP,52783,443,,forward,20260823_144333_web_001_5c95,Web
1787476455.249133,1365,4,UDP,52783,443,,forward,20260823_144333_web_001_5c95,Web
1787476455.249152,398,4,UDP,52783,443,,forward,20260823_144333_web_001_5c95,Web
1787476455.268007,88,4,UDP,443,52783,,forward,20260823_144333_web_001_5c95,Web
1787476455.30173,88,4,UDP,443,52783,,forward,20260823_144333_web_001_5c95,Web
1787476455.30173,340,4,UDP,443,52783,,forward,20260823_144333_web_001_5c95,Web
1787476455.301969,88,4,UDP,52783,443,,forward,20260823_144333_web_001_5c95,Web
1787476455.340771,786,4,UDP,443,52783,,forward,20260823_144333_web_001_5c95,Web
1787476455.340771,145,4,UDP,443,52783,,forward,20260823_144333_web_001_5c95,Web
1787476455.340998,88,4,UDP,52783,443,,forward,20260823_144333_web_001_5c95,Web
1787476455.341176,145,4,UDP,52783,443,,forward,20260823_144333_web_001_5c95,Web
1787476455.38684,145,4,UDP,52783,443,,forward,20260823_144333_web_001_5c95,Web
1787476455.40238,88,4,UDP,443,52783,,forward,20260823_144333_web_001_5c95,Web
1787476455.441228,88,4,UDP,443,52783,,forward,20260823_144333_web_001_5c95,Web
1787476455.441228,176,4,UDP,443,52783,,forward,20260823_144333_web_001_5c95,Web
1787476455.441482,88,4,UDP,52783,443,,forward,20260823_144333_web_001_5c95,Web
1787476455.495871,145,4,UDP,52783,443,,forward,20260823_144333_web_001_5c95,Web
1787476455.558681,88,4,UDP,443,52783,,forward,20260823_144333_web_001_5c95,Web
1787476455.590708,1365,4,UDP,443,52783,,forward,20260823_144333_web_001_5c95,Web
1787476455.590708,1365,4,UDP,443,52783,,forward,20260823_144333_web_001_5c95,Web
1787476455.591041,88,4,UDP,52783,443,,forward,20260823_144333_web_001_5c95,Web
1787476455.591371,145,4,UDP,52783,443,,forward,20260823_144333_web_001_5c95,Web
1787476455.606236,260,4,UDP,443,52783,,forward,20260823_144333_web_001_5c95,Web
1787476455.606458,88,4,UDP,52783,443,,forward,20260823_144333_web_001_5c95,Web
1787476455.642184,88,4,UDP,443,52783,,forward,20260823_144333_web_001_5c95,Web
1787476455.652346,145,4,UDP,52783,443,,forward,20260823_144333_web_001_5c95,Web
1787476455.707673,88,4,UDP,443,52783,,forward,20260823_144333_web_001_5c95,Web
1787476455.707673,176,4,UDP,443,52783,,forward,20260823_144333_web_001_5c95,Web
1787476455.707914,88,4,UDP,52783,443,,forward,20260823_144333_web_001_5c95,Web
1787476455.760702,145,4,UDP,52783,443,,forward,20260823_144333_web_001_5c95,Web
1787476455.823794,88,4,UDP,443,52783,,forward,20260823_144333_web_001_5c95,Web
1787476456.028072,84,4,UDP,52783,443,,forward,20260823_144333_web_001_5c95,Web
1787476456.091006,88,4,UDP,443,52783,,forward,20260823_144333_web_001_5c95,Web
1787476456.358927,146,4,UDP,52783,443,,forward,20260823_144333_web_001_5c95,Web
1787476456.369857,1365,4,UDP,52783,443,,forward,20260823_144333_web_001_5c95,Web
1787476456.369954,1365,4,UDP,52783,443,,forward,20260823_144333_web_001_5c95,Web
1787476456.369988,1365,4,UDP,52783,443,,forward,20260823_144333_web_001_5c95,Web
1787476456.37001,1365,4,UDP,52783,443,,forward,20260823_144333_web_001_5c95,Web
1787476456.370032,1365,4,UDP,52783,443,,forward,20260823_144333_web_001_5c95,Web
1787476456.370054,1365,4,UDP,52783,443,,forward,20260823_144333_web_001_5c95,Web
1787476456.370075,1365,4,UDP,52783,443,,forward,20260823_144333_web_001_5c95,Web
1787476456.370107,153,4,UDP,52783,443,,forward,20260823_144333_web_001_5c95,Web
1787476456.370127,1365,4,UDP,52783,443,,forward,20260823_144333_web_001_5c95,Web
1787476456.370147,1365,4,UDP,52783,443,,forward,20260823_144333_web_001_5c95,Web
1787476456.370166,1365,4,UDP,52783,443,,forward,20260823_144333_web_001_5c95,Web
1787476456.370186,1365,4,UDP,52783,443,,forward,20260823_144333_web_001_5c95,Web
1787476456.370206,299,4,UDP,52783,443,,forward,20260823_144333_web_001_5c95,Web
1787476456.410271,88,4,UDP,443,52783,,forward,20260823_144333_web_001_5c95,Web
1787476456.410271,157,4,UDP,443,52783,,forward,20260823_144333_web_001_5c95,Web
1787476456.410475,88,4,UDP,52783,443,,forward,20260823_144333_web_001_5c95,Web
1787476456.420273,88,4,UDP,443,52783,,forward,20260823_144333_web_001_5c95,Web
1787476456.420273,88,4,UDP,443,52783,,forward,20260823_144333_web_001_5c95,Web
1787476456.420273,145,4,UDP,443,52783,,forward,20260823_144333_web_001_5c95,Web
1787476456.420273,88,4,UDP,443,52783,,forward,20260823_144333_web_001_5c95,Web
1787476456.420273,405,4,UDP,443,52783,,forward,20260823_144333_web_001_5c95,Web
1787476456.420497,88,4,UDP,52783,443,,forward,20260823_144333_web_001_5c95,Web
1787476456.466219,145,4,UDP,443,52783,,forward,20260823_144333_web_001_5c95,Web
1787476456.466521,88,4,UDP,52783,443,,forward,20260823_144333_web_001_5c95,Web
1787476456.527677,841,4,UDP,443,52783,,forward,20260823_144333_web_001_5c95,Web
1787476456.527924,88,4,UDP,52783,443,,forward,20260823_144333_web_001_5c95,Web
1787476456.581001,145,4,UDP,52783,443,,forward,20260823_144333_web_001_5c95,Web
1787476456.634186,88,4,UDP,443,52783,,forward,20260823_144333_web_001_5c95,Web
1787476456.634186,176,4,UDP,443,52783,,forward,20260823_144333_web_001_5c95,Web
1787476456.634448,88,4,UDP,52783,443,,forward,20260823_144333_web_001_5c95,Web
1787476456.688579,145,4,UDP,52783,443,,forward,20260823_144333_web_001_5c95,Web
1787476456.751001,88,4,UDP,443,52783,,forward,20260823_144333_web_001_5c95,Web
1787476456.846532,574,4,UDP,443,52783,,forward,20260823_144333_web_001_5c95,Web
1787476456.846727,88,4,UDP,52783,443,,forward,20260823_144333_web_001_5c95,Web
1787476456.894377,125,4,UDP,52783,443,,forward,20260823_144333_web_001_5c95,Web
1787476456.927118,159,4,UDP,52783,443,,forward,20260823_144333_web_001_5c95,Web
1787476456.92794,159,4,UDP,52783,443,,forward,20260823_144333_web_001_5c95,Web
1787476456.94122,88,4,UDP,443,52783,,forward,20260823_144333_web_001_5c95,Web
1787476456.987196,88,4,UDP,443,52783,,forward,20260823_144333_web_001_5c95,Web
1787476456.987196,502,4,UDP,443,52783,,forward,20260823_144333_web_001_5c95,Web
1787476456.987435,88,4,UDP,52783,443,,forward,20260823_144333_web_001_5c95,Web
1787476457.240728,165,4,UDP,443,52783,,forward,20260823_144333_web_001_5c95,Web
1787476457.24096,88,4,UDP,52783,443,,forward,20260823_144333_web_001_5c95,Web
1787476457.256259,166,4,UDP,52783,443,,forward,20260823_144333_web_001_5c95,Web
1787476457.303736,88,4,UDP,443,52783,,forward,20260823_144333_web_001_5c95,Web
1787476457.380575,389,4,UDP,52783,443,,forward,20260823_144333_web_001_5c95,Web
1787476457.427024,88,4,UDP,443,52783,,forward,20260823_144333_web_001_5c95,Web
1787476457.427024,125,4,UDP,443,52783,,forward,20260823_144333_web_001_5c95,Web
1787476457.427341,88,4,UDP,52783,443,,forward,20260823_144333_web_001_5c95,Web
1787476457.5872,219,4,UDP,443,52783,,forward,20260823_144333_web_001_5c95,Web
1787476457.587431,88,4,UDP,52783,443,,forward,20260823_144333_web_001_5c95,Web
1787476457.635965,125,4,UDP,52783,443,,forward,20260823_144333_web_001_5c95,Web
1787476457.696282,88,4,UDP,443,52783,,forward,20260823_144333_web_001_5c95,Web
1787476458.676343,125,4,UDP,443,52783,,forward,20260823_144333_web_001_5c95,Web
1787476458.676576,88,4,UDP,52783,443,,forward,20260823_144333_web_001_5c95,Web
1787476458.676705,125,4,UDP,52783,443,,forward,20260823_144333_web_001_5c95,Web
1787476458.727845,88,4,UDP,443,52783,,forward,20260823_144333_web_001_5c95,Web
1787476458.758048,1365,4,UDP,52783,443,,forward,20260823_144333_web_001_5c95,Web
1787476458.75815,1365,4,UDP,52783,443,,forward,20260823_144333_web_001_5c95,Web
1787476458.758187,1365,4,UDP,52783,443,,forward,20260823_144333_web_001_5c95,Web
1787476458.758212,1365,4,UDP,52783,443,,forward,20260823_144333_web_001_5c95,Web
1787476458.758233,1365,4,UDP,52783,443,,forward,20260823_144333_web_001_5c95,Web
1787476458.758258,1365,4,UDP,52783,443,,forward,20260823_144333_web_001_5c95,Web
1787476458.758281,1365,4,UDP,52783,443,,forward,20260823_144333_web_001_5c95,Web
1787476458.758304,1365,4,UDP,52783,443,,forward,20260823_144333_web_001_5c95,Web
1787476458.758325,1365,4,UDP,52783,443,,forward,20260823_144333_web_001_5c95,Web
1787476458.758347,1365,4,UDP,52783,443,,forward,20260823_144333_web_001_5c95,Web
1787476458.75837,1365,4,UDP,52783,443,,forward,20260823_144333_web_001_5c95,Web
1787476458.758393,1365,4,UDP,52783,443,,forward,20260823_144333_web_001_5c95,Web
1787476458.758414,392,4,UDP,52783,443,,forward,20260823_144333_web_001_5c95,Web
1787476458.758435,1365,4,UDP,52783,443,,forward,20260823_144333_web_001_5c95,Web
1787476458.758456,1365,4,UDP,52783,443,,forward,20260823_144333_web_001_5c95,Web
1787476458.758476,1365,4,UDP,52783,443,,forward,20260823_144333_web_001_5c95,Web
1787476458.758512,1365,4,UDP,52783,443,,forward,20260823_144333_web_001_5c95,Web
1787476458.758536,1365,4,UDP,52783,443,,forward,20260823_144333_web_001_5c95,Web
1787476458.758556,1365,4,UDP,52783,443,,forward,20260823_144333_web_001_5c95,Web
1787476458.758581,1348,4,UDP,52783,443,,forward,20260823_144333_web_001_5c95,Web
1787476458.759179,153,4,UDP,52783,443,,forward,20260823_144333_web_001_5c95,Web
1787476458.760763,1365,4,UDP,52783,443,,forward,20260823_144333_web_001_5c95,Web
1787476458.760863,1365,4,UDP,52783,443,,forward,20260823_144333_web_001_5c95,Web
1787476458.76088,1365,4,UDP,52783,443,,forward,20260823_144333_web_001_5c95,Web
1787476458.760897,1365,4,UDP,52783,443,,forward,20260823_144333_web_001_5c95,Web
1787476458.760911,1365,4,UDP,52783,443,,forward,20260823_144333_web_001_5c95,Web
1787476458.760924,1365,4,UDP,52783,443,,forward,20260823_144333_web_001_5c95,Web
1787476458.760938,882,4,UDP,52783,443,,forward,20260823_144333_web_001_5c95,Web
1787476458.760955,1365,4,UDP,52783,443,,forward,20260823_144333_web_001_5c95,Web
1787476458.760968,402,4,UDP,52783,443,,forward,20260823_144333_web_001_5c95,Web
1787476458.816327,88,4,UDP,443,52783,,forward,20260823_144333_web_001_5c95,Web
1787476458.816327,340,4,UDP,443,52783,,forward,20260823_144333_web_001_5c95,Web
1787476458.816327,535,4,UDP,443,52783,,forward,20260823_144333_web_001_5c95,Web
1787476458.816327,88,4,UDP,443,52783,,forward,20260823_144333_web_001_5c95,Web
1787476458.816327,88,4,UDP,443,52783,,forward,20260823_144333_web_001_5c95,Web
1787476458.816327,275,4,UDP,443,52783,,forward,20260823_144333_web_001_5c95,Web
1787476458.816327,145,4,UDP,443,52783,,forward,20260823_144333_web_001_5c95,Web
1787476458.816327,88,4,UDP,443,52783,,forward,20260823_144333_web_001_5c95,Web
1787476458.816327,535,4,UDP,443,52783,,forward,20260823_144333_web_001_5c95,Web
1787476458.816327,210,4,UDP,443,52783,,forward,20260823_144333_web_001_5c95,Web
1787476458.816327,88,4,UDP,443,52783,,forward,20260823_144333_web_001_5c95,Web
1787476458.816327,88,4,UDP,443,52783,,forward,20260823_144333_web_001_5c95,Web
1787476458.816327,145,4,UDP,443,52783,,forward,20260823_144333_web_001_5c95,Web
1787476458.816327,88,4,UDP,443,52783,,forward,20260823_144333_web_001_5c95,Web
1787476458.816327,145,4,UDP,443,52783,,forward,20260823_144333_web_001_5c95,Web
1787476458.816327,210,4,UDP,443,52783,,forward,20260823_144333_web_001_5c95,Web
1787476458.816327,145,4,UDP,443,52783,,forward,20260823_144333_web_001_5c95,Web
1787476458.816327,181,4,UDP,443,52783,,forward,20260823_144333_web_001_5c95,Web
1787476458.816327,181,4,UDP,443,52783,,forward,20260823_144333_web_001_5c95,Web
1787476458.81666,88,4,UDP,52783,443,,forward,20260823_144333_web_001_5c95,Web
1787476458.866867,541,4,UDP,443,52783,,forward,20260823_144333_web_001_5c95,Web
1787476458.866867,125,4,UDP,443,52783,,forward,20260823_144333_web_001_5c95,Web
1787476458.867093,88,4,UDP,52783,443,,forward,20260823_144333_web_001_5c95,Web
1787476458.867291,125,4,UDP,52783,443,,forward,20260823_144333_web_001_5c95,Web
1787476458.913351,145,4,UDP,52783,443,,forward,20260823_144333_web_001_5c95,Web
1787476458.918826,88,4,UDP,443,52783,,forward,20260823_144333_web_001_5c95,Web
1787476458.975074,88,4,UDP,443,52783,,forward,20260823_144333_web_001_5c95,Web
1787476458.975074,176,4,UDP,443,52783,,forward,20260823_144333_web_001_5c95,Web
1787476458.975298,88,4,UDP,52783,443,,forward,20260823_144333_web_001_5c95,Web
1787476459.021696,145,4,UDP,52783,443,,forward,20260823_144333_web_001_5c95,Web
1787476459.084586,88,4,UDP,443,52783,,forward,20260823_144333_web_001_5c95,Web
1787476459.171573,1365,4,UDP,52783,443,,forward,20260823_144333_web_001_5c95,Web
1787476459.171689,1365,4,UDP,52783,443,,forward,20260823_144333_web_001_5c95,Web
1787476459.171736,1365,4,UDP,52783,443,,forward,20260823_144333_web_001_5c95,Web
1787476459.171761,1365,4,UDP,52783,443,,forward,20260823_144333_web_001_5c95,Web
1787476459.171783,1365,4,UDP,52783,443,,forward,20260823_144333_web_001_5c95,Web
1787476459.171807,1365,4,UDP,52783,443,,forward,20260823_144333_web_001_5c95,Web
1787476459.171843,1053,4,UDP,52783,443,,forward,20260823_144333_web_001_5c95,Web
1787476459.171867,791,4,UDP,52783,443,,forward,20260823_144333_web_001_5c95,Web
1787476459.187065,1365,4,UDP,52783,443,,forward,20260823_144333_web_001_5c95,Web
1787476459.187181,1365,4,UDP,52783,443,,forward,20260823_144333_web_001_5c95,Web
1787476459.187216,1365,4,UDP,52783,443,,forward,20260823_144333_web_001_5c95,Web
1787476459.187238,1365,4,UDP,52783,443,,forward,20260823_144333_web_001_5c95,Web
1787476459.187258,1365,4,UDP,52783,443,,forward,20260823_144333_web_001_5c95,Web
1787476459.187281,1365,4,UDP,52783,443,,forward,20260823_144333_web_001_5c95,Web
1787476459.187302,1365,4,UDP,52783,443,,forward,20260823_144333_web_001_5c95,Web
1787476459.187322,1365,4,UDP,52783,443,,forward,20260823_144333_web_001_5c95,Web
1787476459.187344,1365,4,UDP,52783,443,,forward,20260823_144333_web_001_5c95,Web
1787476459.187364,1365,4,UDP,52783,443,,forward,20260823_144333_web_001_5c95,Web
1787476459.187384,1365,4,UDP,52783,443,,forward,20260823_144333_web_001_5c95,Web
1787476459.187405,1365,4,UDP,52783,443,,forward,20260823_144333_web_001_5c95,Web
1787476459.187425,1365,4,UDP,52783,443,,forward,20260823_144333_web_001_5c95,Web
1787476459.187445,691,4,UDP,52783,443,,forward,20260823_144333_web_001_5c95,Web
1787476459.187466,1365,4,UDP,52783,443,,forward,20260823_144333_web_001_5c95,Web
1787476459.187486,862,4,UDP,52783,443,,forward,20260823_144333_web_001_5c95,Web
1787476459.206643,1365,4,UDP,52783,443,,forward,20260823_144333_web_001_5c95,Web
1787476459.20674,1365,4,UDP,52783,443,,forward,20260823_144333_web_001_5c95,Web
1787476459.206775,1365,4,UDP,52783,443,,forward,20260823_144333_web_001_5c95,Web
1787476459.206799,1365,4,UDP,52783,443,,forward,20260823_144333_web_001_5c95,Web
1787476459.206821,1365,4,UDP,52783,443,,forward,20260823_144333_web_001_5c95,Web
1787476459.206845,501,4,UDP,52783,443,,forward,20260823_144333_web_001_5c95,Web
1787476459.225649,88,4,UDP,443,52783,,forward,20260823_144333_web_001_5c95,Web
1787476459.225649,88,4,UDP,443,52783,,forward,20260823_144333_web_001_5c95,Web
1787476459.225649,145,4,UDP,443,52783,,forward,20260823_144333_web_001_5c95,Web
1787476459.225649,210,4,UDP,443,52783,,forward,20260823_144333_web_001_5c95,Web
1787476459.225649,145,4,UDP,443,52783,,forward,20260823_144333_web_001_5c95,Web
1787476459.225903,88,4,UDP,52783,443,,forward,20260823_144333_web_001_5c95,Web
1787476459.240638,88,4,UDP,443,52783,,forward,20260823_144333_web_001_5c95,Web
1787476459.240638,210,4,UDP,443,52783,,forward,20260823_144333_web_001_5c95,Web
1787476459.240638,275,4,UDP,443,52783,,forward,20260823_144333_web_001_5c95,Web
1787476459.240638,88,4,UDP,443,52783,,forward,20260823_144333_web_001_5c95,Web
1787476459.240853,88,4,UDP,52783,443,,forward,20260823_144333_web_001_5c95,Web
1787476459.25573,275,4,UDP,443,52783,,forward,20260823_144333_web_001_5c95,Web
1787476459.25573,88,4,UDP,443,52783,,forward,20260823_144333_web_001_5c95,Web
1787476459.25573,88,4,UDP,443,52783,,forward,20260823_144333_web_001_5c95,Web
1787476459.25573,275,4,UDP,443,52783,,forward,20260823_144333_web_001_5c95,Web
1787476459.255995,88,4,UDP,52783,443,,forward,20260823_144333_web_001_5c95,Web
1787476459.272559,1365,4,UDP,443,52783,,forward,20260823_144333_web_001_5c95,Web
1787476459.272559,1290,4,UDP,443,52783,,forward,20260823_144333_web_001_5c95,Web
1787476459.27282,88,4,UDP,52783,443,,forward,20260823_144333_web_001_5c95,Web
1787476459.273013,145,4,UDP,52783,443,,forward,20260823_144333_web_001_5c95,Web
1787476459.316343,1365,4,UDP,443,52783,,forward,20260823_144333_web_001_5c95,Web
1787476459.316343,1365,4,UDP,443,52783,,forward,20260823_144333_web_001_5c95,Web
1787476459.316571,88,4,UDP,52783,443,,forward,20260823_144333_web_001_5c95,Web
1787476459.316761,145,4,UDP,52783,443,,forward,20260823_144333_web_001_5c95,Web
1787476459.332458,1365,4,UDP,443,52783,,forward,20260823_144333_web_001_5c95,Web
1787476459.332458,1365,4,UDP,443,52783,,forward,20260823_144333_web_001_5c95,Web
1787476459.332458,88,4,UDP,443,52783,,forward,20260823_144333_web_001_5c95,Web
1787476459.332458,1365,4,UDP,443,52783,,forward,20260823_144333_web_001_5c95,Web
1787476459.332458,1365,4,UDP,443,52783,,forward,20260823_144333_web_001_5c95,Web
1787476459.332458,1365,4,UDP,443,52783,,forward,20260823_144333_web_001_5c95,Web
1787476459.332458,1365,4,UDP,443,52783,,forward,20260823_144333_web_001_5c95,Web
1787476459.332458,1365,4,UDP,443,52783,,forward,20260823_144333_web_001_5c95,Web
1787476459.332458,1365,4,UDP,443,52783,,forward,20260823_144333_web_001_5c95,Web
1787476459.332458,1365,4,UDP,443,52783,,forward,20260823_144333_web_001_5c95,Web
1787476459.332458,1365,4,UDP,443,52783,,forward,20260823_144333_web_001_5c95,Web
1787476459.332735,88,4,UDP,52783,443,,forward,20260823_144333_web_001_5c95,Web
1787476459.332937,340,4,UDP,52783,443,,forward,20260823_144333_web_001_5c95,Web
1787476459.332987,145,4,UDP,52783,443,,forward,20260823_144333_web_001_5c95,Web
1787476459.3414,1365,4,UDP,443,52783,,forward,20260823_144333_web_001_5c95,Web
1787476459.3414,1365,4,UDP,443,52783,,forward,20260823_144333_web_001_5c95,Web
1787476459.3414,1365,4,UDP,443,52783,,forward,20260823_144333_web_001_5c95,Web
1787476459.3414,1365,4,UDP,443,52783,,forward,20260823_144333_web_001_5c95,Web
1787476459.341721,88,4,UDP,52783,443,,forward,20260823_144333_web_001_5c95,Web
1787476459.341979,210,4,UDP,52783,443,,forward,20260823_144333_web_001_5c95,Web
1787476459.347513,1365,4,UDP,443,52783,,forward,20260823_144333_web_001_5c95,Web
1787476459.347513,1365,4,UDP,443,52783,,forward,20260823_144333_web_001_5c95,Web
1787476459.34773,88,4,UDP,52783,443,,forward,20260823_144333_web_001_5c95,Web
1787476459.347978,145,4,UDP,52783,443,,forward,20260823_144333_web_001_5c95,Web
1787476459.375293,88,4,UDP,443,52783,,forward,20260823_144333_web_001_5c95,Web
1787476459.375293,1365,4,UDP,443,52783,,forward,20260823_144333_web_001_5c95,Web
1787476459.375293,1365,4,UDP,443,52783,,forward,20260823_144333_web_001_5c95,Web
1787476459.375519,88,4,UDP,52783,443,,forward,20260823_144333_web_001_5c95,Web
1787476459.375772,145,4,UDP,52783,443,,forward,20260823_144333_web_001_5c95,Web
1787476459.39244,88,4,UDP,443,52783,,forward,20260823_144333_web_001_5c95,Web
1787476459.39244,1365,4,UDP,443,52783,,forward,20260823_144333_web_001_5c95,Web
1787476459.39244,1365,4,UDP,443,52783,,forward,20260823_144333_web_001_5c95,Web
1787476459.39244,1365,4,UDP,443,52783,,forward,20260823_144333_web_001_5c95,Web
1787476459.39244,1365,4,UDP,443,52783,,forward,20260823_144333_web_001_5c95,Web
1787476459.39244,1365,4,UDP,443,52783,,forward,20260823_144333_web_001_5c95,Web
1787476459.39244,1365,4,UDP,443,52783,,forward,20260823_144333_web_001_5c95,Web
1787476459.39244,1365,4,UDP,443,52783,,forward,20260823_144333_web_001_5c95,Web
1787476459.39244,1365,4,UDP,443,52783,,forward,20260823_144333_web_001_5c95,Web
1787476459.39244,88,4,UDP,443,52783,,forward,20260823_144333_web_001_5c95,Web
1787476459.392744,88,4,UDP,52783,443,,forward,20260823_144333_web_001_5c95,Web
1787476459.392942,340,4,UDP,52783,443,,forward,20260823_144333_web_001_5c95,Web
1787476459.407977,1365,4,UDP,443,52783,,forward,20260823_144333_web_001_5c95,Web
1787476459.407977,1365,4,UDP,443,52783,,forward,20260823_144333_web_001_5c95,Web
1787476459.407977,88,4,UDP,443,52783,,forward,20260823_144333_web_001_5c95,Web
1787476459.407977,1365,4,UDP,443,52783,,forward,20260823_144333_web_001_5c95,Web
1787476459.407977,1365,4,UDP,443,52783,,forward,20260823_144333_web_001_5c95,Web
1787476459.407977,1365,4,UDP,443,52783,,forward,20260823_144333_web_001_5c95,Web
1787476459.407977,1365,4,UDP,443,52783,,forward,20260823_144333_web_001_5c95,Web
1787476459.407977,1365,4,UDP,443,52783,,forward,20260823_144333_web_001_5c95,Web
1787476459.407977,1365,4,UDP,443,52783,,forward,20260823_144333_web_001_5c95,Web
1787476459.407977,1365,4,UDP,443,52783,,forward,20260823_144333_web_001_5c95,Web
1787476459.407977,1365,4,UDP,443,52783,,forward,20260823_144333_web_001_5c95,Web
1787476459.40827,88,4,UDP,52783,443,,forward,20260823_144333_web_001_5c95,Web
1787476459.40849,340,4,UDP,52783,443,,forward,20260823_144333_web_001_5c95,Web
1787476459.408543,145,4,UDP,52783,443,,forward,20260823_144333_web_001_5c95,Web
1787476459.411898,1365,4,UDP,443,52783,,forward,20260823_144333_web_001_5c95,Web
1787476459.411898,1365,4,UDP,443,52783,,forward,20260823_144333_web_001_5c95,Web
1787476459.412112,88,4,UDP,52783,443,,forward,20260823_144333_web_001_5c95,Web
1787476459.412283,145,4,UDP,52783,443,,forward,20260823_144333_web_001_5c95,Web
1787476459.421509,1365,4,UDP,52783,443,,forward,20260823_144333_web_001_5c95,Web
1787476459.421609,1365,4,UDP,52783,443,,forward,20260823_144333_web_001_5c95,Web
1787476459.421646,1365,4,UDP,52783,443,,forward,20260823_144333_web_001_5c95,Web
1787476459.421674,1365,4,UDP,52783,443,,forward,20260823_144333_web_001_5c95,Web
1787476459.421695,1365,4,UDP,52783,443,,forward,20260823_144333_web_001_5c95,Web
1787476459.421717,1365,4,UDP,52783,443,,forward,20260823_144333_web_001_5c95,Web
1787476459.421738,882,4,UDP,52783,443,,forward,20260823_144333_web_001_5c95,Web
1787476459.421764,1365,4,UDP,52783,443,,forward,20260823_144333_web_001_5c95,Web
1787476459.421785,621,4,UDP,52783,443,,forward,20260823_144333_web_001_5c95,Web
1787476459.423671,1365,4,UDP,443,52783,,forward,20260823_144333_web_001_5c95,Web
1787476459.423671,1365,4,UDP,443,52783,,forward,20260823_144333_web_001_5c95,Web
1787476459.423671,1365,4,UDP,443,52783,,forward,20260823_144333_web_001_5c95,Web
1787476459.423671,1365,4,UDP,443,52783,,forward,20260823_144333_web_001_5c95,Web
1787476459.423671,1365,4,UDP,443,52783,,forward,20260823_144333_web_001_5c95,Web
1787476459.423671,1365,4,UDP,443,52783,,forward,20260823_144333_web_001_5c95,Web
1787476459.423671,1365,4,UDP,443,52783,,forward,20260823_144333_web_001_5c95,Web
1787476459.423671,1365,4,UDP,443,52783,,forward,20260823_144333_web_001_5c95,Web
1787476459.423671,88,4,UDP,443,52783,,forward,20260823_144333_web_001_5c95,Web
1787476459.423939,88,4,UDP,52783,443,,forward,20260823_144333_web_001_5c95,Web
1787476459.424122,340,4,UDP,52783,443,,forward,20260823_144333_web_001_5c95,Web
1787476459.424175,275,4,UDP,52783,443,,forward,20260823_144333_web_001_5c95,Web
1787476459.424198,145,4,UDP,52783,443,,forward,20260823_144333_web_001_5c95,Web
1787476459.438132,1365,4,UDP,443,52783,,forward,20260823_144333_web_001_5c95,Web
1787476459.438132,1365,4,UDP,443,52783,,forward,20260823_144333_web_001_5c95,Web
1787476459.438132,1365,4,UDP,443,52783,,forward,20260823_144333_web_001_5c95,Web
1787476459.438132,1365,4,UDP,443,52783,,forward,20260823_144333_web_001_5c95,Web
1787476459.438398,88,4,UDP,52783,443,,forward,20260823_144333_web_001_5c95,Web
1787476459.43856,210,4,UDP,52783,443,,forward,20260823_144333_web_001_5c95,Web
1787476459.438586,210,4,UDP,52783,443,,forward,20260823_144333_web_001_5c95,Web
1787476459.448943,88,4,UDP,443,52783,,forward,20260823_144333_web_001_5c95,Web
1787476459.448943,1306,4,UDP,443,52783,,forward,20260823_144333_web_001_5c95,Web
1787476459.449242,88,4,UDP,52783,443,,forward,20260823_144333_web_001_5c95,Web
1787476459.468891,88,4,UDP,443,52783,,forward,20260823_144333_web_001_5c95,Web
1787476459.468891,88,4,UDP,443,52783,,forward,20260823_144333_web_001_5c95,Web
1787476459.483902,88,4,UDP,443,52783,,forward,20260823_144333_web_001_5c95,Web
1787476459.483902,88,4,UDP,443,52783,,forward,20260823_144333_web_001_5c95,Web
1787476459.483902,88,4,UDP,443,52783,,forward,20260823_144333_web_001_5c95,Web
1787476459.483902,340,4,UDP,443,52783,,forward,20260823_144333_web_001_5c95,Web
1787476459.483902,88,4,UDP,443,52783,,forward,20260823_144333_web_001_5c95,Web
1787476459.484198,88,4,UDP,52783,443,,forward,20260823_144333_web_001_5c95,Web
1787476459.499431,88,4,UDP,443,52783,,forward,20260823_144333_web_001_5c95,Web
1787476459.499547,145,4,UDP,52783,443,,forward,20260823_144333_web_001_5c95,Web
1787476459.514422,145,4,UDP,443,52783,,forward,20260823_144333_web_001_5c95,Web
1787476459.514659,88,4,UDP,52783,443,,forward,20260823_144333_web_001_5c95,Web
1787476459.554418,88,4,UDP,443,52783,,forward,20260823_144333_web_001_5c95,Web
1787476459.554418,672,4,UDP,443,52783,,forward,20260823_144333_web_001_5c95,Web
1787476459.55467,88,4,UDP,52783,443,,forward,20260823_144333_web_001_5c95,Web
1787476459.611207,145,4,UDP,52783,443,,forward,20260823_144333_web_001_5c95,Web
1787476459.655924,145,4,UDP,443,52783,,forward,20260823_144333_web_001_5c95,Web
1787476459.656162,88,4,UDP,52783,443,,forward,20260823_144333_web_001_5c95,Web
1787476459.656371,145,4,UDP,52783,443,,forward,20260823_144333_web_001_5c95,Web
1787476459.660297,88,4,UDP,443,52783,,forward,20260823_144333_web_001_5c95,Web
1787476459.672696,1365,4,UDP,52783,443,,forward,20260823_144333_web_001_5c95,Web
1787476459.672786,1365,4,UDP,52783,443,,forward,20260823_144333_web_001_5c95,Web
1787476459.672819,1365,4,UDP,52783,443,,forward,20260823_144333_web_001_5c95,Web
1787476459.672841,1365,4,UDP,52783,443,,forward,20260823_144333_web_001_5c95,Web
1787476459.672861,1365,4,UDP,52783,443,,forward,20260823_144333_web_001_5c95,Web
1787476459.672883,1365,4,UDP,52783,443,,forward,20260823_144333_web_001_5c95,Web
1787476459.672904,1056,4,UDP,52783,443,,forward,20260823_144333_web_001_5c95,Web
1787476459.672933,1365,4,UDP,52783,443,,forward,20260823_144333_web_001_5c95,Web
1787476459.672954,1365,4,UDP,52783,443,,forward,20260823_144333_web_001_5c95,Web
1787476459.672974,1365,4,UDP,52783,443,,forward,20260823_144333_web_001_5c95,Web
1787476459.672993,1365,4,UDP,52783,443,,forward,20260823_144333_web_001_5c95,Web
1787476459.673013,1365,4,UDP,52783,443,,forward,20260823_144333_web_001_5c95,Web
1787476459.673033,1365,4,UDP,52783,443,,forward,20260823_144333_web_001_5c95,Web
1787476459.673052,1365,4,UDP,52783,443,,forward,20260823_144333_web_001_5c95,Web
1787476459.673071,445,4,UDP,52783,443,,forward,20260823_144333_web_001_5c95,Web
1787476459.690391,125,4,UDP,443,52783,,forward,20260823_144333_web_001_5c95,Web
1787476459.690584,88,4,UDP,52783,443,,forward,20260823_144333_web_001_5c95,Web
1787476459.690764,125,4,UDP,52783,443,,forward,20260823_144333_web_001_5c95,Web
1787476459.705245,88,4,UDP,443,52783,,forward,20260823_144333_web_001_5c95,Web
1787476459.724838,88,4,UDP,443,52783,,forward,20260823_144333_web_001_5c95,Web
1787476459.724838,88,4,UDP,443,52783,,forward,20260823_144333_web_001_5c95,Web
1787476459.724838,145,4,UDP,443,52783,,forward,20260823_144333_web_001_5c95,Web
1787476459.72509,88,4,UDP,52783,443,,forward,20260823_144333_web_001_5c95,Web
1787476459.725186,88,4,UDP,443,52783,,forward,20260823_144333_web_001_5c95,Web
1787476459.725186,145,4,UDP,443,52783,,forward,20260823_144333_web_001_5c95,Web
1787476459.725186,405,4,UDP,443,52783,,forward,20260823_144333_web_001_5c95,Web
1787476459.725357,88,4,UDP,52783,443,,forward,20260823_144333_web_001_5c95,Web
1787476459.728905,88,4,UDP,443,52783,,forward,20260823_144333_web_001_5c95,Web
1787476459.728905,88,4,UDP,443,52783,,forward,20260823_144333_web_001_5c95,Web
1787476459.728905,145,4,UDP,443,52783,,forward,20260823_144333_web_001_5c95,Web
1787476459.728905,88,4,UDP,443,52783,,forward,20260823_144333_web_001_5c95,Web
1787476459.729074,275,4,UDP,443,52783,,forward,20260823_144333_web_001_5c95,Web
1787476459.729074,145,4,UDP,443,52783,,forward,20260823_144333_web_001_5c95,Web
1787476459.729162,88,4,UDP,52783,443,,forward,20260823_144333_web_001_5c95,Web
1787476459.729254,88,4,UDP,52783,443,,forward,20260823_144333_web_001_5c95,Web
1787476459.729466,275,4,UDP,443,52783,,forward,20260823_144333_web_001_5c95,Web
1787476459.729624,88,4,UDP,52783,443,,forward,20260823_144333_web_001_5c95,Web
1787476459.736788,88,4,UDP,443,52783,,forward,20260823_144333_web_001_5c95,Web
1787476459.812887,131,4,UDP,443,52783,,forward,20260823_144333_web_001_5c95,Web
1787476459.81353,88,4,UDP,52783,443,,forward,20260823_144333_web_001_5c95,Web
1787476459.81375,135,4,UDP,52783,443,,forward,20260823_144333_web_001_5c95,Web
1787476459.871047,88,4,UDP,443,52783,,forward,20260823_144333_web_001_5c95,Web
1787476459.871047,125,4,UDP,443,52783,,forward,20260823_144333_web_001_5c95,Web
1787476459.871338,88,4,UDP,52783,443,,forward,20260823_144333_web_001_5c95,Web
1787476459.936308,1365,4,UDP,443,52783,,forward,20260823_144333_web_001_5c95,Web
1787476459.936308,1365,4,UDP,443,52783,,forward,20260823_144333_web_001_5c95,Web
1787476459.936308,591,4,UDP,443,52783,,forward,20260823_144333_web_001_5c95,Web
1787476459.936656,88,4,UDP,52783,443,,forward,20260823_144333_web_001_5c95,Web
1787476459.937215,145,4,UDP,52783,443,,forward,20260823_144333_web_001_5c95,Web
1787476459.939194,180,4,UDP,52783,443,,forward,20260823_144333_web_001_5c95,Web
1787476459.998773,88,4,UDP,443,52783,,forward,20260823_144333_web_001_5c95,Web
1787476459.998773,88,4,UDP,443,52783,,forward,20260823_144333_web_001_5c95,Web
1787476459.998773,176,4,UDP,443,52783,,forward,20260823_144333_web_001_5c95,Web
1787476459.999035,88,4,UDP,52783,443,,forward,20260823_144333_web_001_5c95,Web
1787476460.013934,84,4,UDP,52783,443,,forward,20260823_144333_web_001_5c95,Web
1787476460.043908,145,4,UDP,52783,443,,forward,20260823_144333_web_001_5c95,Web
1787476460.074773,88,4,UDP,443,52783,,forward,20260823_144333_web_001_5c95,Web
1787476460.106273,88,4,UDP,443,52783,,forward,20260823_144333_web_001_5c95,Web
1787476460.607472,355,4,UDP,443,52783,,forward,20260823_144333_web_001_5c95,Web
1787476460.607472,1365,4,UDP,443,52783,,forward,20260823_144333_web_001_5c95,Web
1787476460.60768,88,4,UDP,52783,443,,forward,20260823_144333_web_001_5c95,Web
1787476460.607888,145,4,UDP,52783,443,,forward,20260823_144333_web_001_5c95,Web
1787476460.622483,1365,4,UDP,443,52783,,forward,20260823_144333_web_001_5c95,Web
1787476460.622698,88,4,UDP,52783,443,,forward,20260823_144333_web_001_5c95,Web
1787476460.652684,146,4,UDP,52783,443,,forward,20260823_144333_web_001_5c95,Web
1787476460.668609,88,4,UDP,443,52783,,forward,20260823_144333_web_001_5c95,Web
1787476460.668609,292,4,UDP,443,52783,,forward,20260823_144333_web_001_5c95,Web
1787476460.66878,145,4,UDP,52783,443,,forward,20260823_144333_web_001_5c95,Web
1787476460.668899,88,4,UDP,52783,443,,forward,20260823_144333_web_001_5c95,Web
1787476460.714528,88,4,UDP,443,52783,,forward,20260823_144333_web_001_5c95,Web
1787476460.714528,157,4,UDP,443,52783,,forward,20260823_144333_web_001_5c95,Web
1787476460.714639,145,4,UDP,52783,443,,forward,20260823_144333_web_001_5c95,Web
1787476460.714749,88,4,UDP,52783,443,,forward,20260823_144333_web_001_5c95,Web
1787476460.729288,125,4,UDP,443,52783,,forward,20260823_144333_web_001_5c95,Web
1787476460.729288,88,4,UDP,443,52783,,forward,20260823_144333_web_001_5c95,Web
1787476460.729511,88,4,UDP,52783,443,,forward,20260823_144333_web_001_5c95,Web
1787476460.729662,125,4,UDP,52783,443,,forward,20260823_144333_web_001_5c95,Web
1787476460.775221,88,4,UDP,443,52783,,forward,20260823_144333_web_001_5c95,Web
1787476460.775221,237,4,UDP,443,52783,,forward,20260823_144333_web_001_5c95,Web
1787476460.775425,88,4,UDP,52783,443,,forward,20260823_144333_web_001_5c95,Web
1787476460.783193,88,4,UDP,443,52783,,forward,20260823_144333_web_001_5c95,Web
1787476460.787576,170,4,UDP,52783,443,,forward,20260823_144333_web_001_5c95,Web
1787476460.830087,145,4,UDP,52783,443,,forward,20260823_144333_web_001_5c95,Web
1787476460.837471,88,4,UDP,443,52783,,forward,20260823_144333_web_001_5c95,Web
1787476460.837471,125,4,UDP,443,52783,,forward,20260823_144333_web_001_5c95,Web
1787476460.837699,88,4,UDP,52783,443,,forward,20260823_144333_web_001_5c95,Web
1787476460.883371,88,4,UDP,443,52783,,forward,20260823_144333_web_001_5c95,Web
1787476460.883371,293,4,UDP,443,52783,,forward,20260823_144333_web_001_5c95,Web
1787476460.883575,88,4,UDP,52783,443,,forward,20260823_144333_web_001_5c95,Web
1787476460.931991,145,4,UDP,52783,443,,forward,20260823_144333_web_001_5c95,Web
1787476460.986843,88,4,UDP,443,52783,,forward,20260823_144333_web_001_5c95,Web
1787476460.986843,429,4,UDP,443,52783,,forward,20260823_144333_web_001_5c95,Web
1787476460.987089,88,4,UDP,52783,443,,forward,20260823_144333_web_001_5c95,Web
1787476461.042375,145,4,UDP,52783,443,,forward,20260823_144333_web_001_5c95,Web
1787476461.10389,88,4,UDP,443,52783,,forward,20260823_144333_web_001_5c95,Web
1787476461.10389,202,4,UDP,443,52783,,forward,20260823_144333_web_001_5c95,Web
1787476461.104197,88,4,UDP,52783,443,,forward,20260823_144333_web_001_5c95,Web
1787476461.104707,164,4,UDP,52783,443,,forward,20260823_144333_web_001_5c95,Web
1787476461.154421,1365,4,UDP,52783,443,,forward,20260823_144333_web_001_5c95,Web
1787476461.154514,1365,4,UDP,52783,443,,forward,20260823_144333_web_001_5c95,Web
1787476461.154547,1365,4,UDP,52783,443,,forward,20260823_144333_web_001_5c95,Web
1787476461.154571,1365,4,UDP,52783,443,,forward,20260823_144333_web_001_5c95,Web
1787476461.154591,1365,4,UDP,52783,443,,forward,20260823_144333_web_001_5c95,Web
1787476461.154615,1365,4,UDP,52783,443,,forward,20260823_144333_web_001_5c95,Web
1787476461.154634,1365,4,UDP,52783,443,,forward,20260823_144333_web_001_5c95,Web
1787476461.154654,1365,4,UDP,52783,443,,forward,20260823_144333_web_001_5c95,Web
1787476461.154674,1365,4,UDP,52783,443,,forward,20260823_144333_web_001_5c95,Web
1787476461.154694,1365,4,UDP,52783,443,,forward,20260823_144333_web_001_5c95,Web
1787476461.154714,1365,4,UDP,52783,443,,forward,20260823_144333_web_001_5c95,Web
1787476461.154735,1365,4,UDP,52783,443,,forward,20260823_144333_web_001_5c95,Web
1787476461.154754,1365,4,UDP,52783,443,,forward,20260823_144333_web_001_5c95,Web
1787476461.154774,691,4,UDP,52783,443,,forward,20260823_144333_web_001_5c95,Web
1787476461.154798,1365,4,UDP,52783,443,,forward,20260823_144333_web_001_5c95,Web
1787476461.154826,298,4,UDP,52783,443,,forward,20260823_144333_web_001_5c95,Web
1787476461.164173,88,4,UDP,443,52783,,forward,20260823_144333_web_001_5c95,Web
1787476461.164173,125,4,UDP,443,52783,,forward,20260823_144333_web_001_5c95,Web
1787476461.164488,88,4,UDP,52783,443,,forward,20260823_144333_web_001_5c95,Web
1787476461.18107,437,4,UDP,443,52783,,forward,20260823_144333_web_001_5c95,Web
1787476461.181237,88,4,UDP,52783,443,,forward,20260823_144333_web_001_5c95,Web
1787476461.202521,88,4,UDP,443,52783,,forward,20260823_144333_web_001_5c95,Web
1787476461.202521,88,4,UDP,443,52783,,forward,20260823_144333_web_001_5c95,Web
1787476461.202521,145,4,UDP,443,52783,,forward,20260823_144333_web_001_5c95,Web
1787476461.202788,88,4,UDP,52783,443,,forward,20260823_144333_web_001_5c95,Web
1787476461.211614,88,4,UDP,443,52783,,forward,20260823_144333_web_001_5c95,Web
1787476461.211614,88,4,UDP,443,52783,,forward,20260823_144333_web_001_5c95,Web
1787476461.211614,145,4,UDP,443,52783,,forward,20260823_144333_web_001_5c95,Web
1787476461.211614,210,4,UDP,443,52783,,forward,20260823_144333_web_001_5c95,Web
1787476461.211614,275,4,UDP,443,52783,,forward,20260823_144333_web_001_5c95,Web
1787476461.211614,88,4,UDP,443,52783,,forward,20260823_144333_web_001_5c95,Web
1787476461.211614,145,4,UDP,443,52783,,forward,20260823_144333_web_001_5c95,Web
1787476461.211886,88,4,UDP,52783,443,,forward,20260823_144333_web_001_5c95,Web
1787476461.227144,145,4,UDP,52783,443,,forward,20260823_144333_web_001_5c95,Web
1787476461.257727,389,4,UDP,52783,443,,forward,20260823_144333_web_001_5c95,Web
1787476461.284988,88,4,UDP,443,52783,,forward,20260823_144333_web_001_5c95,Web
1787476461.292674,731,4,UDP,52783,443,,forward,20260823_144333_web_001_5c95,Web
1787476461.305065,1365,4,UDP,52783,443,,forward,20260823_144333_web_001_5c95,Web
1787476461.305156,1365,4,UDP,52783,443,,forward,20260823_144333_web_001_5c95,Web
1787476461.30519,1365,4,UDP,52783,443,,forward,20260823_144333_web_001_5c95,Web
1787476461.305212,1365,4,UDP,52783,443,,forward,20260823_144333_web_001_5c95,Web
1787476461.305233,1365,4,UDP,52783,443,,forward,20260823_144333_web_001_5c95,Web
1787476461.305254,1004,4,UDP,52783,443,,forward,20260823_144333_web_001_5c95,Web
1787476461.318165,88,4,UDP,443,52783,,forward,20260823_144333_web_001_5c95,Web
1787476461.318165,125,4,UDP,443,52783,,forward,20260823_144333_web_001_5c95,Web
1787476461.31852,88,4,UDP,52783,443,,forward,20260823_144333_web_001_5c95,Web
1787476461.350093,88,4,UDP,443,52783,,forward,20260823_144333_web_001_5c95,Web
1787476461.350093,145,4,UDP,443,52783,,forward,20260823_144333_web_001_5c95,Web
1787476461.350309,88,4,UDP,52783,443,,forward,20260823_144333_web_001_5c95,Web
1787476461.366213,88,4,UDP,443,52783,,forward,20260823_144333_web_001_5c95,Web
1787476461.366213,145,4,UDP,443,52783,,forward,20260823_144333_web_001_5c95,Web
1787476461.366213,88,4,UDP,443,52783,,forward,20260823_144333_web_001_5c95,Web
1787476461.366213,210,4,UDP,443,52783,,forward,20260823_144333_web_001_5c95,Web
1787476461.366467,88,4,UDP,52783,443,,forward,20260823_144333_web_001_5c95,Web
1787476461.401628,437,4,UDP,443,52783,,forward,20260823_144333_web_001_5c95,Web
1787476461.401895,88,4,UDP,52783,443,,forward,20260823_144333_web_001_5c95,Web
1787476461.444026,145,4,UDP,52783,443,,forward,20260823_144333_web_001_5c95,Web
1787476461.458671,219,4,UDP,443,52783,,forward,20260823_144333_web_001_5c95,Web
1787476461.458884,88,4,UDP,52783,443,,forward,20260823_144333_web_001_5c95,Web
1787476461.504137,88,4,UDP,443,52783,,forward,20260823_144333_web_001_5c95,Web
1787476461.504137,1006,4,UDP,443,52783,,forward,20260823_144333_web_001_5c95,Web
1787476461.504379,88,4,UDP,52783,443,,forward,20260823_144333_web_001_5c95,Web
1787476461.50603,125,4,UDP,52783,443,,forward,20260823_144333_web_001_5c95,Web
1787476461.551381,145,4,UDP,52783,443,,forward,20260823_144333_web_001_5c95,Web
1787476461.566151,88,4,UDP,443,52783,,forward,20260823_144333_web_001_5c95,Web
1787476461.613273,88,4,UDP,443,52783,,forward,20260823_144333_web_001_5c95,Web
1787476461.613273,421,4,UDP,443,52783,,forward,20260823_144333_web_001_5c95,Web
1787476461.613496,88,4,UDP,52783,443,,forward,20260823_144333_web_001_5c95,Web
1787476461.671067,145,4,UDP,52783,443,,forward,20260823_144333_web_001_5c95,Web
1787476461.723817,88,4,UDP,443,52783,,forward,20260823_144333_web_001_5c95,Web
1787476461.802288,381,4,UDP,443,52783,,forward,20260823_144333_web_001_5c95,Web
1787476461.802642,88,4,UDP,52783,443,,forward,20260823_144333_web_001_5c95,Web
1787476461.854419,145,4,UDP,52783,443,,forward,20260823_144333_web_001_5c95,Web
1787476461.909955,88,4,UDP,443,52783,,forward,20260823_144333_web_001_5c95,Web
1787476462.00551,381,4,UDP,443,52783,,forward,20260823_144333_web_001_5c95,Web
1787476462.005764,88,4,UDP,52783,443,,forward,20260823_144333_web_001_5c95,Web
1787476462.036512,1365,4,UDP,443,52783,,forward,20260823_144333_web_001_5c95,Web
1787476462.036512,1341,4,UDP,443,52783,,forward,20260823_144333_web_001_5c95,Web
1787476462.036512,1365,4,UDP,443,52783,,forward,20260823_144333_web_001_5c95,Web
1787476462.036512,1365,4,UDP,443,52783,,forward,20260823_144333_web_001_5c95,Web
1787476462.036512,1365,4,UDP,443,52783,,forward,20260823_144333_web_001_5c95,Web
1787476462.036756,88,4,UDP,52783,443,,forward,20260823_144333_web_001_5c95,Web
1787476462.037039,210,4,UDP,52783,443,,forward,20260823_144333_web_001_5c95,Web
1787476462.05379,145,4,UDP,52783,443,,forward,20260823_144333_web_001_5c95,Web
1787476462.084003,145,4,UDP,52783,443,,forward,20260823_144333_web_001_5c95,Web
1787476462.099181,88,4,UDP,443,52783,,forward,20260823_144333_web_001_5c95,Web
1787476462.099181,1051,4,UDP,443,52783,,forward,20260823_144333_web_001_5c95,Web
1787476462.099448,88,4,UDP,52783,443,,forward,20260823_144333_web_001_5c95,Web
1787476462.109875,88,4,UDP,443,52783,,forward,20260823_144333_web_001_5c95,Web
1787476462.142775,88,4,UDP,443,52783,,forward,20260823_144333_web_001_5c95,Web
1787476462.145223,145,4,UDP,52783,443,,forward,20260823_144333_web_001_5c95,Web
1787476462.207359,88,4,UDP,443,52783,,forward,20260823_144333_web_001_5c95,Web
1787476462.207359,421,4,UDP,443,52783,,forward,20260823_144333_web_001_5c95,Web
1787476462.207587,88,4,UDP,52783,443,,forward,20260823_144333_web_001_5c95,Web
1787476462.2543,125,4,UDP,443,52783,,forward,20260823_144333_web_001_5c95,Web
1787476462.254523,88,4,UDP,52783,443,,forward,20260823_144333_web_001_5c95,Web
1787476462.254598,145,4,UDP,52783,443,,forward,20260823_144333_web_001_5c95,Web
1787476462.25466,125,4,UDP,52783,443,,forward,20260823_144333_web_001_5c95,Web
1787476462.312136,88,4,UDP,443,52783,,forward,20260823_144333_web_001_5c95,Web
1787476462.409573,413,4,UDP,443,52783,,forward,20260823_144333_web_001_5c95,Web
1787476462.409941,88,4,UDP,52783,443,,forward,20260823_144333_web_001_5c95,Web
1787476462.469259,145,4,UDP,52783,443,,forward,20260823_144333_web_001_5c95,Web
1787476462.522405,88,4,UDP,443,52783,,forward,20260823_144333_web_001_5c95,Web
1787476462.614751,421,4,UDP,443,52783,,forward,20260823_144333_web_001_5c95,Web
1787476462.615001,88,4,UDP,52783,443,,forward,20260823_144333_web_001_5c95,Web
1787476462.665022,145,4,UDP,52783,443,,forward,20260823_144333_web_001_5c95,Web
1787476462.726427,88,4,UDP,443,52783,,forward,20260823_144333_web_001_5c95,Web
1787476462.834477,469,4,UDP,443,52783,,forward,20260823_144333_web_001_5c95,Web
1787476462.835031,88,4,UDP,52783,443,,forward,20260823_144333_web_001_5c95,Web
1787476462.867646,161,4,UDP,52783,443,,forward,20260823_144333_web_001_5c95,Web
1787476462.8894,145,4,UDP,52783,443,,forward,20260823_144333_web_001_5c95,Web
1787476462.929881,88,4,UDP,443,52783,,forward,20260823_144333_web_001_5c95,Web
1787476462.929881,161,4,UDP,443,52783,,forward,20260823_144333_web_001_5c95,Web
1787476462.930117,88,4,UDP,52783,443,,forward,20260823_144333_web_001_5c95,Web
1787476462.949722,88,4,UDP,443,52783,,forward,20260823_144333_web_001_5c95,Web
1787476463.024298,461,4,UDP,443,52783,,forward,20260823_144333_web_001_5c95,Web
1787476463.024505,88,4,UDP,52783,443,,forward,20260823_144333_web_001_5c95,Web
1787476463.079739,145,4,UDP,52783,443,,forward,20260823_144333_web_001_5c95,Web
1787476463.133106,88,4,UDP,443,52783,,forward,20260823_144333_web_001_5c95,Web
1787476463.196421,1365,4,UDP,52783,443,,forward,20260823_144333_web_001_5c95,Web
1787476463.196533,1365,4,UDP,52783,443,,forward,20260823_144333_web_001_5c95,Web
1787476463.196565,1365,4,UDP,52783,443,,forward,20260823_144333_web_001_5c95,Web
1787476463.196586,1365,4,UDP,52783,443,,forward,20260823_144333_web_001_5c95,Web
1787476463.196607,1365,4,UDP,52783,443,,forward,20260823_144333_web_001_5c95,Web
1787476463.196628,1365,4,UDP,52783,443,,forward,20260823_144333_web_001_5c95,Web
1787476463.196649,1365,4,UDP,52783,443,,forward,20260823_144333_web_001_5c95,Web
1787476463.19667,1365,4,UDP,52783,443,,forward,20260823_144333_web_001_5c95,Web
1787476463.196691,1365,4,UDP,52783,443,,forward,20260823_144333_web_001_5c95,Web
1787476463.19673,1365,4,UDP,52783,443,,forward,20260823_144333_web_001_5c95,Web
1787476463.196753,1365,4,UDP,52783,443,,forward,20260823_144333_web_001_5c95,Web
1787476463.196778,1365,4,UDP,52783,443,,forward,20260823_144333_web_001_5c95,Web
1787476463.1968,1365,4,UDP,52783,443,,forward,20260823_144333_web_001_5c95,Web
1787476463.196821,691,4,UDP,52783,443,,forward,20260823_144333_web_001_5c95,Web
1787476463.196853,1365,4,UDP,52783,443,,forward,20260823_144333_web_001_5c95,Web
1787476463.196877,299,4,UDP,52783,443,,forward,20260823_144333_web_001_5c95,Web
1787476463.239569,445,4,UDP,443,52783,,forward,20260823_144333_web_001_5c95,Web
1787476463.239808,88,4,UDP,52783,443,,forward,20260823_144333_web_001_5c95,Web
1787476463.243728,88,4,UDP,443,52783,,forward,20260823_144333_web_001_5c95,Web
1787476463.243728,88,4,UDP,443,52783,,forward,20260823_144333_web_001_5c95,Web
1787476463.243728,88,4,UDP,443,52783,,forward,20260823_144333_web_001_5c95,Web
1787476463.243728,88,4,UDP,443,52783,,forward,20260823_144333_web_001_5c95,Web
1787476463.243728,88,4,UDP,443,52783,,forward,20260823_144333_web_001_5c95,Web
1787476463.243728,145,4,UDP,443,52783,,forward,20260823_144333_web_001_5c95,Web
1787476463.243987,88,4,UDP,52783,443,,forward,20260823_144333_web_001_5c95,Web
1787476463.258719,210,4,UDP,443,52783,,forward,20260823_144333_web_001_5c95,Web
1787476463.258719,210,4,UDP,443,52783,,forward,20260823_144333_web_001_5c95,Web
1787476463.258719,88,4,UDP,443,52783,,forward,20260823_144333_web_001_5c95,Web
1787476463.258719,88,4,UDP,443,52783,,forward,20260823_144333_web_001_5c95,Web
1787476463.258719,88,4,UDP,443,52783,,forward,20260823_144333_web_001_5c95,Web
1787476463.258719,145,4,UDP,443,52783,,forward,20260823_144333_web_001_5c95,Web
1787476463.258719,210,4,UDP,443,52783,,forward,20260823_144333_web_001_5c95,Web
1787476463.258966,88,4,UDP,52783,443,,forward,20260823_144333_web_001_5c95,Web
1787476463.289804,125,4,UDP,443,52783,,forward,20260823_144333_web_001_5c95,Web
1787476463.290042,88,4,UDP,52783,443,,forward,20260823_144333_web_001_5c95,Web
1787476463.290153,125,4,UDP,52783,443,,forward,20260823_144333_web_001_5c95,Web
1787476463.290338,145,4,UDP,52783,443,,forward,20260823_144333_web_001_5c95,Web
1787476463.32234,170,4,UDP,52783,443,,forward,20260823_144333_web_001_5c95,Web
1787476463.337548,88,4,UDP,443,52783,,forward,20260823_144333_web_001_5c95,Web
1787476463.383618,88,4,UDP,443,52783,,forward,20260823_144333_web_001_5c95,Web
1787476463.383618,125,4,UDP,443,52783,,forward,20260823_144333_web_001_5c95,Web
1787476463.383887,88,4,UDP,52783,443,,forward,20260823_144333_web_001_5c95,Web
1787476463.398643,527,4,UDP,443,52783,,forward,20260823_144333_web_001_5c95,Web
1787476463.398849,88,4,UDP,52783,443,,forward,20260823_144333_web_001_5c95,Web
1787476463.446406,145,4,UDP,52783,443,,forward,20260823_144333_web_001_5c95,Web
1787476463.508683,88,4,UDP,443,52783,,forward,20260823_144333_web_001_5c95,Web
1787476463.508683,508,4,UDP,443,52783,,forward,20260823_144333_web_001_5c95,Web
1787476463.508957,88,4,UDP,52783,443,,forward,20260823_144333_web_001_5c95,Web
1787476463.539762,145,4,UDP,443,52783,,forward,20260823_144333_web_001_5c95,Web
1787476463.539963,88,4,UDP,52783,443,,forward,20260823_144333_web_001_5c95,Web
1787476463.540134,145,4,UDP,52783,443,,forward,20260823_144333_web_001_5c95,Web
1787476463.554908,145,4,UDP,52783,443,,forward,20260823_144333_web_001_5c95,Web
1787476463.600695,88,4,UDP,443,52783,,forward,20260823_144333_web_001_5c95,Web
1787476463.61487,88,4,UDP,443,52783,,forward,20260823_144333_web_001_5c95,Web
1787476463.644321,202,4,UDP,443,52783,,forward,20260823_144333_web_001_5c95,Web
1787476463.644565,88,4,UDP,52783,443,,forward,20260823_144333_web_001_5c95,Web
1787476463.644674,397,4,UDP,443,52783,,forward,20260823_144333_web_001_5c95,Web
1787476463.644784,88,4,UDP,52783,443,,forward,20260823_144333_web_001_5c95,Web
1787476463.644941,164,4,UDP,52783,443,,forward,20260823_144333_web_001_5c95,Web
1787476463.690514,88,4,UDP,443,52783,,forward,20260823_144333_web_001_5c95,Web
1787476463.690688,125,4,UDP,443,52783,,forward,20260823_144333_web_001_5c95,Web
1787476463.69083,88,4,UDP,52783,443,,forward,20260823_144333_web_001_5c95,Web
1787476463.698853,145,4,UDP,52783,443,,forward,20260823_144333_web_001_5c95,Web
1787476463.744935,88,4,UDP,443,52783,,forward,20260823_144333_web_001_5c95,Web
1787476463.848544,429,4,UDP,443,52783,,forward,20260823_144333_web_001_5c95,Web
1787476463.84876,88,4,UDP,52783,443,,forward,20260823_144333_web_001_5c95,Web
1787476463.854241,180,4,UDP,52783,443,,forward,20260823_144333_web_001_5c95,Web
1787476463.861469,731,4,UDP,52783,443,,forward,20260823_144333_web_001_5c95,Web
1787476463.915464,88,4,UDP,443,52783,,forward,20260823_144333_web_001_5c95,Web
1787476463.915464,88,4,UDP,443,52783,,forward,20260823_144333_web_001_5c95,Web
1787476463.915464,145,4,UDP,443,52783,,forward,20260823_144333_web_001_5c95,Web
1787476463.915729,88,4,UDP,52783,443,,forward,20260823_144333_web_001_5c95,Web
1787476463.952343,145,4,UDP,443,52783,,forward,20260823_144333_web_001_5c95,Web
1787476463.952564,88,4,UDP,52783,443,,forward,20260823_144333_web_001_5c95,Web
1787476464.025243,84,4,UDP,52783,443,,forward,20260823_144333_web_001_5c95,Web
1787476464.055956,397,4,UDP,443,52783,,forward,20260823_144333_web_001_5c95,Web
1787476464.056173,88,4,UDP,52783,443,,forward,20260823_144333_web_001_5c95,Web
1787476464.085943,88,4,UDP,443,52783,,forward,20260823_144333_web_001_5c95,Web
1787476464.102207,145,4,UDP,52783,443,,forward,20260823_144333_web_001_5c95,Web
1787476464.149501,88,4,UDP,443,52783,,forward,20260823_144333_web_001_5c95,Web
1787476464.257131,405,4,UDP,443,52783,,forward,20260823_144333_web_001_5c95,Web
1787476464.257365,88,4,UDP,52783,443,,forward,20260823_144333_web_001_5c95,Web
1787476464.292156,1353,4,UDP,443,52783,,forward,20260823_144333_web_001_5c95,Web
1787476464.292156,1365,4,UDP,443,52783,,forward,20260823_144333_web_001_5c95,Web
1787476464.292156,1365,4,UDP,443,52783,,forward,20260823_144333_web_001_5c95,Web
1787476464.292156,1365,4,UDP,443,52783,,forward,20260823_144333_web_001_5c95,Web
1787476464.292156,1365,4,UDP,443,52783,,forward,20260823_144333_web_001_5c95,Web
1787476464.2924,88,4,UDP,52783,443,,forward,20260823_144333_web_001_5c95,Web
1787476464.292608,210,4,UDP,52783,443,,forward,20260823_144333_web_001_5c95,Web
1787476464.314864,145,4,UDP,52783,443,,forward,20260823_144333_web_001_5c95,Web
1787476464.338875,145,4,UDP,52783,443,,forward,20260823_144333_web_001_5c95,Web
1787476464.344747,88,4,UDP,443,52783,,forward,20260823_144333_web_001_5c95,Web
1787476464.344747,758,4,UDP,443,52783,,forward,20260823_144333_web_001_5c95,Web
1787476464.345007,88,4,UDP,52783,443,,forward,20260823_144333_web_001_5c95,Web
1787476464.368871,88,4,UDP,443,52783,,forward,20260823_144333_web_001_5c95,Web
1787476464.399912,88,4,UDP,443,52783,,forward,20260823_144333_web_001_5c95,Web
1787476464.399999,145,4,UDP,52783,443,,forward,20260823_144333_web_001_5c95,Web
1787476464.449701,88,4,UDP,443,52783,,forward,20260823_144333_web_001_5c95,Web
1787476464.462444,389,4,UDP,443,52783,,forward,20260823_144333_web_001_5c95,Web
1787476464.462737,88,4,UDP,52783,443,,forward,20260823_144333_web_001_5c95,Web
1787476464.517238,145,4,UDP,52783,443,,forward,20260823_144333_web_001_5c95,Web
1787476464.570917,88,4,UDP,443,52783,,forward,20260823_144333_web_001_5c95,Web
1787476464.633696,837,4,UDP,443,52783,,forward,20260823_144333_web_001_5c95,Web
1787476464.633954,88,4,UDP,52783,443,,forward,20260823_144333_web_001_5c95,Web
1787476464.679829,145,4,UDP,52783,443,,forward,20260823_144333_web_001_5c95,Web
1787476464.742193,88,4,UDP,443,52783,,forward,20260823_144333_web_001_5c95,Web
1787476464.742193,355,4,UDP,443,52783,,forward,20260823_144333_web_001_5c95,Web
1787476464.74245,88,4,UDP,52783,443,,forward,20260823_144333_web_001_5c95,Web
1787476464.787286,145,4,UDP,52783,443,,forward,20260823_144333_web_001_5c95,Web
1787476464.834728,88,4,UDP,443,52783,,forward,20260823_144333_web_001_5c95,Web
1787476464.96069,160,4,UDP,52783,443,,forward,20260823_144333_web_001_5c95,Web
1787476464.985301,1365,4,UDP,52783,443,,forward,20260823_144333_web_001_5c95,Web
1787476464.985396,1365,4,UDP,52783,443,,forward,20260823_144333_web_001_5c95,Web
1787476464.985425,1365,4,UDP,52783,443,,forward,20260823_144333_web_001_5c95,Web
1787476464.985447,1365,4,UDP,52783,443,,forward,20260823_144333_web_001_5c95,Web
1787476464.985468,1365,4,UDP,52783,443,,forward,20260823_144333_web_001_5c95,Web
1787476464.985489,1324,4,UDP,52783,443,,forward,20260823_144333_web_001_5c95,Web
1787476465.02294,88,4,UDP,443,52783,,forward,20260823_144333_web_001_5c95,Web
1787476465.02294,125,4,UDP,443,52783,,forward,20260823_144333_web_001_5c95,Web
1787476465.023194,88,4,UDP,52783,443,,forward,20260823_144333_web_001_5c95,Web
1787476465.03789,88,4,UDP,443,52783,,forward,20260823_144333_web_001_5c95,Web
1787476465.03789,88,4,UDP,443,52783,,forward,20260823_144333_web_001_5c95,Web
1787476465.03789,275,4,UDP,443,52783,,forward,20260823_144333_web_001_5c95,Web
1787476465.03789,210,4,UDP,443,52783,,forward,20260823_144333_web_001_5c95,Web
1787476465.03789,210,4,UDP,443,52783,,forward,20260823_144333_web_001_5c95,Web
1787476465.038152,88,4,UDP,52783,443,,forward,20260823_144333_web_001_5c95,Web
1787476465.146491,815,4,UDP,443,52783,,forward,20260823_144333_web_001_5c95,Web
1787476465.146491,1365,4,UDP,443,52783,,forward,20260823_144333_web_001_5c95,Web
1787476465.146491,1365,4,UDP,443,52783,,forward,20260823_144333_web_001_5c95,Web
1787476465.146491,1365,4,UDP,443,52783,,forward,20260823_144333_web_001_5c95,Web
1787476465.146491,1365,4,UDP,443,52783,,forward,20260823_144333_web_001_5c95,Web
1787476465.146491,1365,4,UDP,443,52783,,forward,20260823_144333_web_001_5c95,Web
1787476465.146491,1365,4,UDP,443,52783,,forward,20260823_144333_web_001_5c95,Web
1787476465.146491,1365,4,UDP,443,52783,,forward,20260823_144333_web_001_5c95,Web
1787476465.146491,1365,4,UDP,443,52783,,forward,20260823_144333_web_001_5c95,Web
1787476465.146491,1365,4,UDP,443,52783,,forward,20260823_144333_web_001_5c95,Web
1787476465.146491,1365,4,UDP,443,52783,,forward,20260823_144333_web_001_5c95,Web
1787476465.146491,1365,4,UDP,443,52783,,forward,20260823_144333_web_001_5c95,Web
1787476465.146491,1365,4,UDP,443,52783,,forward,20260823_144333_web_001_5c95,Web
1787476465.146491,1365,4,UDP,443,52783,,forward,20260823_144333_web_001_5c95,Web
1787476465.146491,1365,4,UDP,443,52783,,forward,20260823_144333_web_001_5c95,Web
1787476465.146804,88,4,UDP,52783,443,,forward,20260823_144333_web_001_5c95,Web
1787476465.147016,340,4,UDP,52783,443,,forward,20260823_144333_web_001_5c95,Web
1787476465.147078,275,4,UDP,52783,443,,forward,20260823_144333_web_001_5c95,Web
1787476465.148741,180,4,UDP,52783,443,,forward,20260823_144333_web_001_5c95,Web
1787476465.208013,88,4,UDP,443,52783,,forward,20260823_144333_web_001_5c95,Web
1787476465.208013,1064,4,UDP,443,52783,,forward,20260823_144333_web_001_5c95,Web
1787476465.208013,145,4,UDP,443,52783,,forward,20260823_144333_web_001_5c95,Web
1787476465.208271,88,4,UDP,52783,443,,forward,20260823_144333_web_001_5c95,Web
1787476465.248044,1365,4,UDP,52783,443,,forward,20260823_144333_web_001_5c95,Web
1787476465.248153,1365,4,UDP,52783,443,,forward,20260823_144333_web_001_5c95,Web
1787476465.248185,1365,4,UDP,52783,443,,forward,20260823_144333_web_001_5c95,Web
1787476465.248208,1365,4,UDP,52783,443,,forward,20260823_144333_web_001_5c95,Web
1787476465.248227,1365,4,UDP,52783,443,,forward,20260823_144333_web_001_5c95,Web
1787476465.248247,1365,4,UDP,52783,443,,forward,20260823_144333_web_001_5c95,Web
1787476465.248275,1060,4,UDP,52783,443,,forward,20260823_144333_web_001_5c95,Web
1787476465.300511,88,4,UDP,443,52783,,forward,20260823_144333_web_001_5c95,Web
1787476465.300511,470,4,UDP,443,52783,,forward,20260823_144333_web_001_5c95,Web
1787476465.300511,145,4,UDP,443,52783,,forward,20260823_144333_web_001_5c95,Web
1787476465.300722,88,4,UDP,52783,443,,forward,20260823_144333_web_001_5c95,Web
1787476465.328628,145,4,UDP,443,52783,,forward,20260823_144333_web_001_5c95,Web
1787476465.328937,88,4,UDP,52783,443,,forward,20260823_144333_web_001_5c95,Web
1787476465.329147,145,4,UDP,52783,443,,forward,20260823_144333_web_001_5c95,Web
1787476465.391704,88,4,UDP,443,52783,,forward,20260823_144333_web_001_5c95,Web
1787476465.890432,1365,4,UDP,443,52783,,forward,20260823_144333_web_001_5c95,Web
1787476465.890432,155,4,UDP,443,52783,,forward,20260823_144333_web_001_5c95,Web
1787476465.890655,88,4,UDP,52783,443,,forward,20260823_144333_web_001_5c95,Web
1787476465.890848,145,4,UDP,52783,443,,forward,20260823_144333_web_001_5c95,Web
1787476465.953441,88,4,UDP,443,52783,,forward,20260823_144333_web_001_5c95,Web
1787476465.953441,275,4,UDP,443,52783,,forward,20260823_144333_web_001_5c95,Web
1787476465.953723,88,4,UDP,52783,443,,forward,20260823_144333_web_001_5c95,Web
1787476466.000514,145,4,UDP,52783,443,,forward,20260823_144333_web_001_5c95,Web
1787476466.048337,88,4,UDP,443,52783,,forward,20260823_144333_web_001_5c95,Web
1787476466.193421,894,4,UDP,443,52783,,forward,20260823_144333_web_001_5c95,Web
1787476466.193692,88,4,UDP,52783,443,,forward,20260823_144333_web_001_5c95,Web
1787476466.236855,145,4,UDP,52783,443,,forward,20260823_144333_web_001_5c95,Web
1787476466.294504,88,4,UDP,443,52783,,forward,20260823_144333_web_001_5c95,Web
1787476466.294504,190,4,UDP,443,52783,,forward,20260823_144333_web_001_5c95,Web
1787476466.294754,88,4,UDP,52783,443,,forward,20260823_144333_web_001_5c95,Web
1787476466.346132,145,4,UDP,52783,443,,forward,20260823_144333_web_001_5c95,Web
1787476466.396728,88,4,UDP,443,52783,,forward,20260823_144333_web_001_5c95,Web
1787476466.396728,563,4,UDP,443,52783,,forward,20260823_144333_web_001_5c95,Web
1787476466.39698,88,4,UDP,52783,443,,forward,20260823_144333_web_001_5c95,Web
1787476466.451559,145,4,UDP,52783,443,,forward,20260823_144333_web_001_5c95,Web
1787476466.514851,88,4,UDP,443,52783,,forward,20260823_144333_web_001_5c95,Web
1787476466.591854,297,4,UDP,443,52783,,forward,20260823_144333_web_001_5c95,Web
1787476466.592092,88,4,UDP,52783,443,,forward,20260823_144333_web_001_5c95,Web
1787476466.637908,145,4,UDP,52783,443,,forward,20260823_144333_web_001_5c95,Web
1787476466.691038,1365,4,UDP,52783,443,,forward,20260823_144333_web_001_5c95,Web
1787476466.691138,1365,4,UDP,52783,443,,forward,20260823_144333_web_001_5c95,Web
1787476466.691172,1365,4,UDP,52783,443,,forward,20260823_144333_web_001_5c95,Web
1787476466.691195,1365,4,UDP,52783,443,,forward,20260823_144333_web_001_5c95,Web
1787476466.691215,1365,4,UDP,52783,443,,forward,20260823_144333_web_001_5c95,Web
1787476466.691236,1365,4,UDP,52783,443,,forward,20260823_144333_web_001_5c95,Web
1787476466.691257,1000,4,UDP,52783,443,,forward,20260823_144333_web_001_5c95,Web
1787476466.691282,704,4,UDP,52783,443,,forward,20260823_144333_web_001_5c95,Web
1787476466.699975,88,4,UDP,443,52783,,forward,20260823_144333_web_001_5c95,Web
1787476466.719924,1365,4,UDP,52783,443,,forward,20260823_144333_web_001_5c95,Web
1787476466.720034,1365,4,UDP,52783,443,,forward,20260823_144333_web_001_5c95,Web
1787476466.720077,1365,4,UDP,52783,443,,forward,20260823_144333_web_001_5c95,Web
1787476466.7201,1365,4,UDP,52783,443,,forward,20260823_144333_web_001_5c95,Web
1787476466.72012,1365,4,UDP,52783,443,,forward,20260823_144333_web_001_5c95,Web
1787476466.720143,1365,4,UDP,52783,443,,forward,20260823_144333_web_001_5c95,Web
1787476466.720167,889,4,UDP,52783,443,,forward,20260823_144333_web_001_5c95,Web
1787476466.720193,1365,4,UDP,52783,443,,forward,20260823_144333_web_001_5c95,Web
1787476466.720215,409,4,UDP,52783,443,,forward,20260823_144333_web_001_5c95,Web
1787476466.747341,88,4,UDP,443,52783,,forward,20260823_144333_web_001_5c95,Web
1787476466.747341,88,4,UDP,443,52783,,forward,20260823_144333_web_001_5c95,Web
1787476466.747341,88,4,UDP,443,52783,,forward,20260823_144333_web_001_5c95,Web
1787476466.747341,145,4,UDP,443,52783,,forward,20260823_144333_web_001_5c95,Web
1787476466.747341,210,4,UDP,443,52783,,forward,20260823_144333_web_001_5c95,Web
1787476466.747341,145,4,UDP,443,52783,,forward,20260823_144333_web_001_5c95,Web
1787476466.747341,340,4,UDP,443,52783,,forward,20260823_144333_web_001_5c95,Web
1787476466.747578,88,4,UDP,52783,443,,forward,20260823_144333_web_001_5c95,Web
1787476466.767964,1365,4,UDP,52783,443,,forward,20260823_144333_web_001_5c95,Web
1787476466.768087,1365,4,UDP,52783,443,,forward,20260823_144333_web_001_5c95,Web
1787476466.76813,1365,4,UDP,52783,443,,forward,20260823_144333_web_001_5c95,Web
1787476466.768155,1365,4,UDP,52783,443,,forward,20260823_144333_web_001_5c95,Web
1787476466.768177,1365,4,UDP,52783,443,,forward,20260823_144333_web_001_5c95,Web
1787476466.768248,1365,4,UDP,52783,443,,forward,20260823_144333_web_001_5c95,Web
1787476466.768304,1080,4,UDP,52783,443,,forward,20260823_144333_web_001_5c95,Web
1787476466.768336,934,4,UDP,52783,443,,forward,20260823_144333_web_001_5c95,Web
1787476466.778498,88,4,UDP,443,52783,,forward,20260823_144333_web_001_5c95,Web
1787476466.778498,88,4,UDP,443,52783,,forward,20260823_144333_web_001_5c95,Web
1787476466.778498,275,4,UDP,443,52783,,forward,20260823_144333_web_001_5c95,Web
1787476466.778498,275,4,UDP,443,52783,,forward,20260823_144333_web_001_5c95,Web
1787476466.778498,210,4,UDP,443,52783,,forward,20260823_144333_web_001_5c95,Web
1787476466.778498,145,4,UDP,443,52783,,forward,20260823_144333_web_001_5c95,Web
1787476466.778764,88,4,UDP,52783,443,,forward,20260823_144333_web_001_5c95,Web
1787476466.808816,877,4,UDP,443,52783,,forward,20260823_144333_web_001_5c95,Web
1787476466.809047,88,4,UDP,52783,443,,forward,20260823_144333_web_001_5c95,Web
1787476466.816849,88,4,UDP,443,52783,,forward,20260823_144333_web_001_5c95,Web
1787476466.816849,340,4,UDP,443,52783,,forward,20260823_144333_web_001_5c95,Web
1787476466.817075,88,4,UDP,52783,443,,forward,20260823_144333_web_001_5c95,Web
1787476466.85829,145,4,UDP,52783,443,,forward,20260823_144333_web_001_5c95,Web
1787476466.870406,145,4,UDP,443,52783,,forward,20260823_144333_web_001_5c95,Web
1787476466.87064,88,4,UDP,52783,443,,forward,20260823_144333_web_001_5c95,Web
1787476466.87119,145,4,UDP,52783,443,,forward,20260823_144333_web_001_5c95,Web
1787476466.884071,574,4,UDP,443,52783,,forward,20260823_144333_web_001_5c95,Web
1787476466.884311,88,4,UDP,52783,443,,forward,20260823_144333_web_001_5c95,Web
1787476466.916615,88,4,UDP,443,52783,,forward,20260823_144333_web_001_5c95,Web
1787476466.916615,598,4,UDP,443,52783,,forward,20260823_144333_web_001_5c95,Web
1787476466.918826,88,4,UDP,52783,443,,forward,20260823_144333_web_001_5c95,Web
1787476466.932593,88,4,UDP,443,52783,,forward,20260823_144333_web_001_5c95,Web
1787476466.933585,1365,4,UDP,52783,443,,forward,20260823_144333_web_001_5c95,Web
1787476466.933679,1365,4,UDP,52783,443,,forward,20260823_144333_web_001_5c95,Web
1787476466.933712,1365,4,UDP,52783,443,,forward,20260823_144333_web_001_5c95,Web
1787476466.933736,1365,4,UDP,52783,443,,forward,20260823_144333_web_001_5c95,Web
1787476466.933758,1365,4,UDP,52783,443,,forward,20260823_144333_web_001_5c95,Web
1787476466.933784,1365,4,UDP,52783,443,,forward,20260823_144333_web_001_5c95,Web
1787476466.933809,1365,4,UDP,52783,443,,forward,20260823_144333_web_001_5c95,Web
1787476466.933831,1365,4,UDP,52783,443,,forward,20260823_144333_web_001_5c95,Web
1787476466.933854,1365,4,UDP,52783,443,,forward,20260823_144333_web_001_5c95,Web
1787476466.933885,1365,4,UDP,52783,443,,forward,20260823_144333_web_001_5c95,Web
1787476466.933908,1365,4,UDP,52783,443,,forward,20260823_144333_web_001_5c95,Web
1787476466.933931,1365,4,UDP,52783,443,,forward,20260823_144333_web_001_5c95,Web
1787476466.93396,1365,4,UDP,52783,443,,forward,20260823_144333_web_001_5c95,Web
1787476466.933985,691,4,UDP,52783,443,,forward,20260823_144333_web_001_5c95,Web
1787476466.934066,1365,4,UDP,52783,443,,forward,20260823_144333_web_001_5c95,Web
1787476466.934104,298,4,UDP,52783,443,,forward,20260823_144333_web_001_5c95,Web
1787476466.939763,125,4,UDP,52783,443,,forward,20260823_144333_web_001_5c95,Web
1787476466.982517,88,4,UDP,443,52783,,forward,20260823_144333_web_001_5c95,Web
1787476466.982517,843,4,UDP,443,52783,,forward,20260823_144333_web_001_5c95,Web
1787476466.982755,88,4,UDP,52783,443,,forward,20260823_144333_web_001_5c95,Web
1787476466.982932,145,4,UDP,52783,443,,forward,20260823_144333_web_001_5c95,Web
1787476466.994594,88,4,UDP,443,52783,,forward,20260823_144333_web_001_5c95,Web
1787476466.994594,88,4,UDP,443,52783,,forward,20260823_144333_web_001_5c95,Web
1787476466.994594,210,4,UDP,443,52783,,forward,20260823_144333_web_001_5c95,Web
1787476466.994594,340,4,UDP,443,52783,,forward,20260823_144333_web_001_5c95,Web
1787476466.994594,88,4,UDP,443,52783,,forward,20260823_144333_web_001_5c95,Web
1787476466.994594,145,4,UDP,443,52783,,forward,20260823_144333_web_001_5c95,Web
1787476466.995647,88,4,UDP,52783,443,,forward,20260823_144333_web_001_5c95,Web
1787476467.041032,145,4,UDP,443,52783,,forward,20260823_144333_web_001_5c95,Web
1787476467.041032,88,4,UDP,443,52783,,forward,20260823_144333_web_001_5c95,Web
1787476467.041323,88,4,UDP,52783,443,,forward,20260823_144333_web_001_5c95,Web
1787476467.149609,565,4,UDP,443,52783,,forward,20260823_144333_web_001_5c95,Web
1787476467.149833,88,4,UDP,52783,443,,forward,20260823_144333_web_001_5c95,Web
1787476467.197763,145,4,UDP,52783,443,,forward,20260823_144333_web_001_5c95,Web
1787476467.243698,165,4,UDP,443,52783,,forward,20260823_144333_web_001_5c95,Web
1787476467.243935,88,4,UDP,52783,443,,forward,20260823_144333_web_001_5c95,Web
1787476467.247808,88,4,UDP,443,52783,,forward,20260823_144333_web_001_5c95,Web
1787476467.247808,176,4,UDP,443,52783,,forward,20260823_144333_web_001_5c95,Web
1787476467.24804,88,4,UDP,52783,443,,forward,20260823_144333_web_001_5c95,Web
1787476467.259353,166,4,UDP,52783,443,,forward,20260823_144333_web_001_5c95,Web
1787476467.289006,145,4,UDP,52783,443,,forward,20260823_144333_web_001_5c95,Web
1787476467.313777,88,4,UDP,443,52783,,forward,20260823_144333_web_001_5c95,Web
1787476467.350182,88,4,UDP,443,52783,,forward,20260823_144333_web_001_5c95,Web
1787476468.028559,84,4,UDP,52783,443,,forward,20260823_144333_web_001_5c95,Web
1787476468.082719,88,4,UDP,443,52783,,forward,20260823_144333_web_001_5c95,Web
1787476468.121229,146,4,UDP,52783,443,,forward,20260823_144333_web_001_5c95,Web
1787476468.180568,88,4,UDP,443,52783,,forward,20260823_144333_web_001_5c95,Web
1787476468.180568,157,4,UDP,443,52783,,forward,20260823_144333_web_001_5c95,Web
1787476468.180818,88,4,UDP,52783,443,,forward,20260823_144333_web_001_5c95,Web
1787476469.579078,117,4,UDP,52783,443,,forward,20260823_144333_web_001_5c95,Web
1787476469.579194,344,4,UDP,52783,443,,forward,20260823_144333_web_001_5c95,Web
1787476469.625242,88,4,UDP,443,52783,,forward,20260823_144333_web_001_5c95,Web
1787476469.630348,88,4,UDP,443,52783,,forward,20260823_144333_web_001_5c95,Web
1787476469.630348,508,4,UDP,443,52783,,forward,20260823_144333_web_001_5c95,Web
1787476469.630582,88,4,UDP,52783,443,,forward,20260823_144333_web_001_5c95,Web
1787476469.814077,169,4,UDP,443,52783,,forward,20260823_144333_web_001_5c95,Web
1787476469.81438,88,4,UDP,52783,443,,forward,20260823_144333_web_001_5c95,Web
1787476469.814806,173,4,UDP,52783,443,,forward,20260823_144333_web_001_5c95,Web
1787476469.864737,88,4,UDP,443,52783,,forward,20260823_144333_web_001_5c95,Web
1787476469.864737,145,4,UDP,443,52783,,forward,20260823_144333_web_001_5c95,Web
1787476469.864975,88,4,UDP,52783,443,,forward,20260823_144333_web_001_5c95,Web
1787476470.446853,145,4,UDP,443,52783,,forward,20260823_144333_web_001_5c95,Web
1787476470.447037,88,4,UDP,52783,443,,forward,20260823_144333_web_001_5c95,Web
1787476470.448699,145,4,UDP,52783,443,,forward,20260823_144333_web_001_5c95,Web
1787476470.509343,88,4,UDP,443,52783,,forward,20260823_144333_web_001_5c95,Web
1787476470.970558,268,4,UDP,52783,443,,forward,20260823_144333_web_001_5c95,Web
1787476470.970854,174,4,UDP,52783,443,,forward,20260823_144333_web_001_5c95,Web
1787476470.970962,174,4,UDP,52783,443,,forward,20260823_144333_web_001_5c95,Web
1787476471.026164,88,4,UDP,443,52783,,forward,20260823_144333_web_001_5c95,Web
1787476471.026164,350,4,UDP,443,52783,,forward,20260823_144333_web_001_5c95,Web
1787476471.026164,350,4,UDP,443,52783,,forward,20260823_144333_web_001_5c95,Web
1787476471.026164,297,4,UDP,443,52783,,forward,20260823_144333_web_001_5c95,Web
1787476471.026164,297,4,UDP,443,52783,,forward,20260823_144333_web_001_5c95,Web
1787476471.026416,88,4,UDP,52783,443,,forward,20260823_144333_web_001_5c95,Web
1787476471.027481,312,4,UDP,52783,443,,forward,20260823_144333_web_001_5c95,Web
1787476471.046194,268,4,UDP,52783,443,,forward,20260823_144333_web_001_5c95,Web
1787476471.077132,88,4,UDP,443,52783,,forward,20260823_144333_web_001_5c95,Web
1787476471.093141,266,4,UDP,443,52783,,forward,20260823_144333_web_001_5c95,Web
1787476471.093141,266,4,UDP,443,52783,,forward,20260823_144333_web_001_5c95,Web
1787476471.093371,88,4,UDP,52783,443,,forward,20260823_144333_web_001_5c95,Web
1787476471.094921,137,4,UDP,52783,443,,forward,20260823_144333_web_001_5c95,Web
1787476471.108748,88,4,UDP,443,52783,,forward,20260823_144333_web_001_5c95,Web
1787476471.108748,350,4,UDP,443,52783,,forward,20260823_144333_web_001_5c95,Web
1787476471.108748,350,4,UDP,443,52783,,forward,20260823_144333_web_001_5c95,Web
1787476471.109113,88,4,UDP,52783,443,,forward,20260823_144333_web_001_5c95,Web
1787476471.154716,88,4,UDP,443,52783,,forward,20260823_144333_web_001_5c95,Web
1787476471.422528,137,4,UDP,443,52783,,forward,20260823_144333_web_001_5c95,Web
1787476471.422756,88,4,UDP,52783,443,,forward,20260823_144333_web_001_5c95,Web
1787476471.423082,125,4,UDP,52783,443,,forward,20260823_144333_web_001_5c95,Web
1787476471.424161,146,4,UDP,52783,443,,forward,20260823_144333_web_001_5c95,Web
1787476471.427035,684,4,UDP,52783,443,,forward,20260823_144333_web_001_5c95,Web
1787476471.469475,88,4,UDP,443,52783,,forward,20260823_144333_web_001_5c95,Web
1787476471.485481,88,4,UDP,443,52783,,forward,20260823_144333_web_001_5c95,Web
1787476471.485481,88,4,UDP,443,52783,,forward,20260823_144333_web_001_5c95,Web
1787476471.485481,157,4,UDP,443,52783,,forward,20260823_144333_web_001_5c95,Web
1787476471.485481,125,4,UDP,443,52783,,forward,20260823_144333_web_001_5c95,Web
1787476471.485705,88,4,UDP,52783,443,,forward,20260823_144333_web_001_5c95,Web
1787476471.754938,1365,4,UDP,443,52783,,forward,20260823_144333_web_001_5c95,Web
1787476471.754938,1365,4,UDP,443,52783,,forward,20260823_144333_web_001_5c95,Web
1787476471.754938,1365,4,UDP,443,52783,,forward,20260823_144333_web_001_5c95,Web
1787476471.754938,1365,4,UDP,443,52783,,forward,20260823_144333_web_001_5c95,Web
1787476471.754938,1365,4,UDP,443,52783,,forward,20260823_144333_web_001_5c95,Web
1787476471.754938,1093,4,UDP,443,52783,,forward,20260823_144333_web_001_5c95,Web
1787476471.754938,1365,4,UDP,443,52783,,forward,20260823_144333_web_001_5c95,Web
1787476471.755332,88,4,UDP,52783,443,,forward,20260823_144333_web_001_5c95,Web
1787476471.755614,395,4,UDP,52783,443,,forward,20260823_144333_web_001_5c95,Web
1787476471.801981,88,4,UDP,443,52783,,forward,20260823_144333_web_001_5c95,Web
1787476471.817425,708,4,UDP,443,52783,,forward,20260823_144333_web_001_5c95,Web
1787476471.817645,88,4,UDP,52783,443,,forward,20260823_144333_web_001_5c95,Web
1787476471.817852,125,4,UDP,52783,443,,forward,20260823_144333_web_001_5c95,Web
1787476471.843943,205,4,UDP,52783,443,,forward,20260823_144333_web_001_5c95,Web
1787476471.84426,1122,4,UDP,52783,443,,forward,20260823_144333_web_001_5c95,Web
1787476471.874876,88,4,UDP,443,52783,,forward,20260823_144333_web_001_5c95,Web
1787476471.892779,88,4,UDP,443,52783,,forward,20260823_144333_web_001_5c95,Web
1787476471.892779,170,4,UDP,443,52783,,forward,20260823_144333_web_001_5c95,Web
1787476471.892984,88,4,UDP,52783,443,,forward,20260823_144333_web_001_5c95,Web
1787476472.022809,84,4,UDP,52783,443,,forward,20260823_144333_web_001_5c95,Web
1787476472.084765,88,4,UDP,443,52783,,forward,20260823_144333_web_001_5c95,Web
1787476472.157044,228,4,UDP,443,52783,,forward,20260823_144333_web_001_5c95,Web
1787476472.157266,88,4,UDP,52783,443,,forward,20260823_144333_web_001_5c95,Web
1787476472.157498,125,4,UDP,52783,443,,forward,20260823_144333_web_001_5c95,Web
1787476472.216664,88,4,UDP,443,52783,,forward,20260823_144333_web_001_5c95,Web
1787476472.216664,570,4,UDP,443,52783,,forward,20260823_144333_web_001_5c95,Web
1787476472.217249,88,4,UDP,52783,443,,forward,20260823_144333_web_001_5c95,Web
1787476472.217498,125,4,UDP,52783,443,,forward,20260823_144333_web_001_5c95,Web
1787476472.268248,88,4,UDP,443,52783,,forward,20260823_144333_web_001_5c95,Web
1787476472.705817,242,4,UDP,52783,443,,forward,20260823_144333_web_001_5c95,Web
1787476472.705916,161,4,UDP,52783,443,,forward,20260823_144333_web_001_5c95,Web
1787476472.706828,161,4,UDP,52783,443,,forward,20260823_144333_web_001_5c95,Web
1787476472.76336,88,4,UDP,443,52783,,forward,20260823_144333_web_001_5c95,Web
1787476472.76336,189,4,UDP,443,52783,,forward,20260823_144333_web_001_5c95,Web
1787476472.76336,177,4,UDP,443,52783,,forward,20260823_144333_web_001_5c95,Web
1787476472.76336,177,4,UDP,443,52783,,forward,20260823_144333_web_001_5c95,Web
1787476472.76336,189,4,UDP,443,52783,,forward,20260823_144333_web_001_5c95,Web
1787476472.763756,88,4,UDP,52783,443,,forward,20260823_144333_web_001_5c95,Web
1787476472.765599,1363,4,UDP,52783,443,,forward,20260823_144333_web_001_5c95,Web
1787476472.765672,1363,4,UDP,52783,443,,forward,20260823_144333_web_001_5c95,Web
1787476472.765702,1363,4,UDP,52783,443,,forward,20260823_144333_web_001_5c95,Web
1787476472.765773,208,4,UDP,52783,443,,forward,20260823_144333_web_001_5c95,Web
1787476472.766087,1359,4,UDP,52783,443,,forward,20260823_144333_web_001_5c95,Web
1787476472.766138,1363,4,UDP,52783,443,,forward,20260823_144333_web_001_5c95,Web
1787476472.766162,442,4,UDP,52783,443,,forward,20260823_144333_web_001_5c95,Web
1787476472.82615,88,4,UDP,443,52783,,forward,20260823_144333_web_001_5c95,Web
1787476472.82615,266,4,UDP,443,52783,,forward,20260823_144333_web_001_5c95,Web
1787476472.82615,1363,4,UDP,443,52783,,forward,20260823_144333_web_001_5c95,Web
1787476472.82615,1363,4,UDP,443,52783,,forward,20260823_144333_web_001_5c95,Web
1787476472.82615,1363,4,UDP,443,52783,,forward,20260823_144333_web_001_5c95,Web
1787476472.82615,413,4,UDP,443,52783,,forward,20260823_144333_web_001_5c95,Web
1787476472.82615,1312,4,UDP,443,52783,,forward,20260823_144333_web_001_5c95,Web
1787476472.826425,88,4,UDP,52783,443,,forward,20260823_144333_web_001_5c95,Web
1787476472.82728,295,4,UDP,52783,443,,forward,20260823_144333_web_001_5c95,Web
1787476472.827409,164,4,UDP,52783,443,,forward,20260823_144333_web_001_5c95,Web
1787476472.887849,88,4,UDP,443,52783,,forward,20260823_144333_web_001_5c95,Web
1787476472.887849,253,4,UDP,443,52783,,forward,20260823_144333_web_001_5c95,Web
1787476472.888174,88,4,UDP,52783,443,,forward,20260823_144333_web_001_5c95,Web
1787476472.897839,1359,4,UDP,443,52783,,forward,20260823_144333_web_001_5c95,Web
1787476472.897839,644,4,UDP,443,52783,,forward,20260823_144333_web_001_5c95,Web
1787476472.897839,154,4,UDP,443,52783,,forward,20260823_144333_web_001_5c95,Web
1787476472.898074,88,4,UDP,52783,443,,forward,20260823_144333_web_001_5c95,Web
1787476472.898502,164,4,UDP,52783,443,,forward,20260823_144333_web_001_5c95,Web
1787476472.898564,168,4,UDP,52783,443,,forward,20260823_144333_web_001_5c95,Web
1787476472.950344,88,4,UDP,443,52783,,forward,20260823_144333_web_001_5c95,Web
1787476472.950344,156,4,UDP,443,52783,,forward,20260823_144333_web_001_5c95,Web
1787476472.950665,88,4,UDP,52783,443,,forward,20260823_144333_web_001_5c95,Web
1787476472.999587,897,4,UDP,52783,443,,forward,20260823_144333_web_001_5c95,Web
1787476473.012898,125,4,UDP,443,52783,,forward,20260823_144333_web_001_5c95,Web
1787476473.013247,88,4,UDP,52783,443,,forward,20260823_144333_web_001_5c95,Web
1787476473.013397,125,4,UDP,52783,443,,forward,20260823_144333_web_001_5c95,Web
1787476473.058916,88,4,UDP,443,52783,,forward,20260823_144333_web_001_5c95,Web
1787476473.074587,88,4,UDP,443,52783,,forward,20260823_144333_web_001_5c95,Web
1787476473.074587,161,4,UDP,443,52783,,forward,20260823_144333_web_001_5c95,Web
1787476473.075073,88,4,UDP,52783,443,,forward,20260823_144333_web_001_5c95,Web
1787476473.104938,165,4,UDP,52783,443,,forward,20260823_144333_web_001_5c95,Web
1787476473.136095,1363,4,UDP,443,52783,,forward,20260823_144333_web_001_5c95,Web
1787476473.136095,530,4,UDP,443,52783,,forward,20260823_144333_web_001_5c95,Web
1787476473.136095,154,4,UDP,443,52783,,forward,20260823_144333_web_001_5c95,Web
1787476473.136535,88,4,UDP,52783,443,,forward,20260823_144333_web_001_5c95,Web
1787476473.136924,164,4,UDP,52783,443,,forward,20260823_144333_web_001_5c95,Web
1787476473.137076,168,4,UDP,52783,443,,forward,20260823_144333_web_001_5c95,Web
1787476473.161038,88,4,UDP,443,52783,,forward,20260823_144333_web_001_5c95,Web
1787476473.183105,88,4,UDP,443,52783,,forward,20260823_144333_web_001_5c95,Web
1787476473.183105,88,4,UDP,443,52783,,forward,20260823_144333_web_001_5c95,Web
1787476473.214583,157,4,UDP,443,52783,,forward,20260823_144333_web_001_5c95,Web
1787476473.21487,88,4,UDP,52783,443,,forward,20260823_144333_web_001_5c95,Web
1787476473.908338,125,4,UDP,443,52783,,forward,20260823_144333_web_001_5c95,Web
1787476473.908984,88,4,UDP,52783,443,,forward,20260823_144333_web_001_5c95,Web
1787476473.909144,125,4,UDP,52783,443,,forward,20260823_144333_web_001_5c95,Web
1787476473.95991,88,4,UDP,443,52783,,forward,20260823_144333_web_001_5c95,Web
1787476474.228514,574,4,UDP,443,52783,,forward,20260823_144333_web_001_5c95,Web
1787476474.228751,88,4,UDP,52783,443,,forward,20260823_144333_web_001_5c95,Web
1787476474.276062,125,4,UDP,52783,443,,forward,20260823_144333_web_001_5c95,Web
1787476474.337401,88,4,UDP,443,52783,,forward,20260823_144333_web_001_5c95,Web
1787476474.804016,131,4,UDP,443,52783,,forward,20260823_144333_web_001_5c95,Web
1787476474.804221,88,4,UDP,52783,443,,forward,20260823_144333_web_001_5c95,Web
1787476474.804534,135,4,UDP,52783,443,,forward,20260823_144333_web_001_5c95,Web
1787476474.858601,88,4,UDP,443,52783,,forward,20260823_144333_web_001_5c95,Web
1787476474.858601,125,4,UDP,443,52783,,forward,20260823_144333_web_001_5c95,Web
1787476474.859035,88,4,UDP,52783,443,,forward,20260823_144333_web_001_5c95,Web
1787476474.943135,1365,4,UDP,52783,443,,forward,20260823_144333_web_001_5c95,Web
1787476474.943384,1365,4,UDP,52783,443,,forward,20260823_144333_web_001_5c95,Web
1787476474.943454,1365,4,UDP,52783,443,,forward,20260823_144333_web_001_5c95,Web
1787476474.943483,1365,4,UDP,52783,443,,forward,20260823_144333_web_001_5c95,Web
1787476474.943513,1365,4,UDP,52783,443,,forward,20260823_144333_web_001_5c95,Web
1787476474.94363,1365,4,UDP,52783,443,,forward,20260823_144333_web_001_5c95,Web
1787476474.943685,1365,4,UDP,52783,443,,forward,20260823_144333_web_001_5c95,Web
1787476474.943716,1365,4,UDP,52783,443,,forward,20260823_144333_web_001_5c95,Web
1787476474.943742,1365,4,UDP,52783,443,,forward,20260823_144333_web_001_5c95,Web
1787476474.943772,1365,4,UDP,52783,443,,forward,20260823_144333_web_001_5c95,Web
1787476474.943795,1365,4,UDP,52783,443,,forward,20260823_144333_web_001_5c95,Web
1787476474.943823,1365,4,UDP,52783,443,,forward,20260823_144333_web_001_5c95,Web
1787476474.943855,1365,4,UDP,52783,443,,forward,20260823_144333_web_001_5c95,Web
1787476474.943893,691,4,UDP,52783,443,,forward,20260823_144333_web_001_5c95,Web
1787476474.94392,1365,4,UDP,52783,443,,forward,20260823_144333_web_001_5c95,Web
1787476474.943944,298,4,UDP,52783,443,,forward,20260823_144333_web_001_5c95,Web
1787476474.999496,88,4,UDP,443,52783,,forward,20260823_144333_web_001_5c95,Web
1787476474.999496,405,4,UDP,443,52783,,forward,20260823_144333_web_001_5c95,Web
1787476474.999496,88,4,UDP,443,52783,,forward,20260823_144333_web_001_5c95,Web
1787476474.999496,88,4,UDP,443,52783,,forward,20260823_144333_web_001_5c95,Web
1787476474.999496,535,4,UDP,443,52783,,forward,20260823_144333_web_001_5c95,Web
1787476474.999496,340,4,UDP,443,52783,,forward,20260823_144333_web_001_5c95,Web
1787476474.999924,88,4,UDP,52783,443,,forward,20260823_144333_web_001_5c95,Web
1787476475.062005,125,4,UDP,443,52783,,forward,20260823_144333_web_001_5c95,Web
1787476475.062493,88,4,UDP,52783,443,,forward,20260823_144333_web_001_5c95,Web
1787476475.062786,125,4,UDP,52783,443,,forward,20260823_144333_web_001_5c95,Web
1787476475.094515,559,4,UDP,443,52783,,forward,20260823_144333_web_001_5c95,Web
1787476475.094741,88,4,UDP,52783,443,,forward,20260823_144333_web_001_5c95,Web
1787476475.095901,180,4,UDP,52783,443,,forward,20260823_144333_web_001_5c95,Web
1787476475.123966,88,4,UDP,443,52783,,forward,20260823_144333_web_001_5c95,Web
1787476475.155355,88,4,UDP,443,52783,,forward,20260823_144333_web_001_5c95,Web
1787476475.155355,145,4,UDP,443,52783,,forward,20260823_144333_web_001_5c95,Web
1787476475.155596,88,4,UDP,52783,443,,forward,20260823_144333_web_001_5c95,Web
1787476475.185964,125,4,UDP,443,52783,,forward,20260823_144333_web_001_5c95,Web
1787476475.186323,88,4,UDP,52783,443,,forward,20260823_144333_web_001_5c95,Web
1787476475.186792,125,4,UDP,52783,443,,forward,20260823_144333_web_001_5c95,Web
1787476475.248443,88,4,UDP,443,52783,,forward,20260823_144333_web_001_5c95,Web
1787476476.025205,84,4,UDP,52783,443,,forward,20260823_144333_web_001_5c95,Web
1787476476.072069,88,4,UDP,443,52783,,forward,20260823_144333_web_001_5c95,Web
1787476476.209628,145,4,UDP,443,52783,,forward,20260823_144333_web_001_5c95,Web
1787476476.209851,88,4,UDP,52783,443,,forward,20260823_144333_web_001_5c95,Web
1787476476.209979,145,4,UDP,52783,443,,forward,20260823_144333_web_001_5c95,Web
1787476476.261107,88,4,UDP,443,52783,,forward,20260823_144333_web_001_5c95,Web
1787476476.927181,574,4,UDP,443,52783,,forward,20260823_144333_web_001_5c95,Web
1787476476.92765,88,4,UDP,52783,443,,forward,20260823_144333_web_001_5c95,Web
1787476476.974921,125,4,UDP,52783,443,,forward,20260823_144333_web_001_5c95,Web
1787476477.037719,88,4,UDP,443,52783,,forward,20260823_144333_web_001_5c95,Web
1787476477.101045,146,4,UDP,52783,443,,forward,20260823_144333_web_001_5c95,Web
1787476477.163313,88,4,UDP,443,52783,,forward,20260823_144333_web_001_5c95,Web
1787476477.163313,157,4,UDP,443,52783,,forward,20260823_144333_web_001_5c95,Web
1787476477.163602,88,4,UDP,52783,443,,forward,20260823_144333_web_001_5c95,Web
1787476477.214736,402,4,UDP,52783,443,,forward,20260823_144333_web_001_5c95,Web
1787476477.24273,165,4,UDP,443,52783,,forward,20260823_144333_web_001_5c95,Web
1787476477.242948,88,4,UDP,52783,443,,forward,20260823_144333_web_001_5c95,Web
1787476477.260216,166,4,UDP,52783,443,,forward,20260823_144333_web_001_5c95,Web
1787476477.274854,88,4,UDP,443,52783,,forward,20260823_144333_web_001_5c95,Web
1787476477.305263,162,4,UDP,443,52783,,forward,20260823_144333_web_001_5c95,Web
1787476477.305508,88,4,UDP,52783,443,,forward,20260823_144333_web_001_5c95,Web
1787476477.30896,88,4,UDP,443,52783,,forward,20260823_144333_web_001_5c95,Web
1787476477.320772,166,4,UDP,52783,443,,forward,20260823_144333_web_001_5c95,Web
1787476477.373468,88,4,UDP,443,52783,,forward,20260823_144333_web_001_5c95,Web
