flow_id,file_id,session_id,traffic_class,environment_id,network_condition_id,capture_day,capture_date,collection_batch,device_id,interface_type,tunnel_state,activity_variant,data_origin,dataset_version,pkt_size_mean,pkt_size_std,pkt_size_min,pkt_size_max,pkt_size_median,pkt_size_p10,pkt_size_p25,pkt_size_p75,pkt_size_p90,pkt_size_p95,fwd_pkt_size_mean,fwd_pkt_size_std,fwd_pkt_size_min,fwd_pkt_size_max,fwd_pkt_size_median,fwd_pkt_size_p10,fwd_pkt_size_p25,fwd_pkt_size_p75,fwd_pkt_size_p90,fwd_pkt_size_p95,bwd_pkt_size_mean,bwd_pkt_size_std,bwd_pkt_size_min,bwd_pkt_size_max,bwd_pkt_size_median,bwd_pkt_size_p10,bwd_pkt_size_p25,bwd_pkt_size_p75,bwd_pkt_size_p90,bwd_pkt_size_p95,iat_mean,iat_std,iat_min,iat_max,iat_median,iat_p10,iat_p25,iat_p75,iat_p90,iat_p95,fwd_iat_mean,fwd_iat_std,fwd_iat_min,fwd_iat_max,fwd_iat_median,fwd_iat_p10,fwd_iat_p25,fwd_iat_p75,fwd_iat_p90,fwd_iat_p95,bwd_iat_mean,bwd_iat_std,bwd_iat_min,bwd_iat_max,bwd_iat_median,bwd_iat_p10,bwd_iat_p25,bwd_iat_p75,bwd_iat_p90,bwd_iat_p95,fwd_packet_count,bwd_packet_count,fwd_byte_count,bwd_byte_count,packet_ratio,byte_ratio,direction_switch_count,packets_per_sec,bytes_per_sec,fwd_packets_per_sec,bwd_packets_per_sec,burst_count,mean_burst_packets,max_burst_packets,mean_burst_bytes,max_burst_bytes,mean_burst_duration,max_burst_duration,burst_density,flow_duration,total_packets,total_bytes,flow_rate_packets,flow_rate_bytes
20260823_144333_web_001_5c95_flow_00000,real_20260823_144333_web_001_5c95,20260823_144333_web_001_5c95,Web,env_win11_wifi,NORMAL,day_4,2026-08-23,batch_20260823_01,dev_win11_laptop,wifi,warp_enabled,web_tech_blogs,real,v2,233.671262,79.786974,40.000000,532.000000,232.000000,129.000000,179.000000,287.000000,339.000000,365.000000,233.671262,79.786974,40.000000,532.000000,232.000000,129.000000,179.000000,287.000000,339.000000,365.000000,0.000000,0.000000,0.000000,0.000000,0.000000,0.000000,0.000000,0.000000,0.000000,0.000000,0.026272,0.026548,0.000010,0.238955,0.018367,0.002894,0.007918,0.035911,0.059569,0.077869,0.026272,0.026548,0.000010,0.238955,0.018367,0.002894,0.007918,0.035911,0.059569,0.077869,0.000000,0.000000,0.000000,0.000000,0.000000,0.000000,0.000000,0.000000,0.000000,0.000000,2321.000000,0.000000,542351.000000,0.000000,2321.000000,542351.000000,0.000000,38.902135,9090.311037,38.902135,0.000000,1.000000,2321.000000,2321.000000,542351.000000,542351.000000,60.950719,60.950719,38.902135,59.662535,2321.000000,542351.000000,38.902135,9090.311037
20260823_144333_web_001_5c95_flow_00001,real_20260823_144333_web_001_5c95,20260823_144333_web_001_5c95,Web,env_win11_wifi,NORMAL,day_4,2026-08-23,batch_20260823_01,dev_win11_laptop,wifi,warp_enabled,web_tech_blogs,real,v2,1064.608427,319.113307,40.000000,1420.000000,1111.500000,615.000000,844.000000,1380.750000,1420.000000,1420.000000,1064.608427,319.113307,40.000000,1420.000000,1111.500000,615.000000,844.000000,1380.750000,1420.000000,1420.000000,0.000000,0.000000,0.000000,0.000000,0.000000,0.000000,0.000000,0.000000,0.000000,0.000000,0.015947,0.015772,0.000001,0.119968,0.011055,0.001679,0.004666,0.021890,0.036367,0.047856,0.015947,0.015772,0.000001,0.119968,0.011055,0.001679,0.004666,0.021890,0.036367,0.047856,0.000000,0.000000,0.000000,0.000000,0.000000,0.000000,0.000000,0.000000,0.000000,0.000000,3726.000000,0.000000,3966731.000000,0.000000,3726.000000,3966731.000000,0.000000,62.506845,66545.313429,62.506845,0.000000,1.000000,3726.000000,3726.000000,3966731.000000,3966731.000000,59.403685,59.403685,62.506845,59.609472,3726.000000,3966731.000000,62.506845,66545.313429
20260823_145151_web_001_0bbf_flow_00000,real_20260823_145151_web_001_0bbf,20260823_145151_web_001_0bbf,Web,env_win11_wifi,NORMAL,day_4,2026-08-23,batch_20260823_01,dev_win11_laptop,wifi,warp_enabled,web_ecommerce,real,v2,276.361742,91.972893,40.000000,604.000000,278.000000,147.800000,219.000000,333.250000,401.300000,433.950000,276.361742,91.972893,40.000000,604.000000,278.000000,147.800000,219.000000,333.250000,401.300000,433.950000,0.000000,0.000000,0.000000,0.000000,0.000000,0.000000,0.000000,0.000000,0.000000,0.000000,0.124383,0.121471,0.000531,0.802874,0.088223,0.016463,0.033124,0.167546,0.301511,0.358800,0.124383,0.121471,0.000531,0.802874,0.088223,0.016463,0.033124,0.167546,0.301511,0.358800,0.000000,0.000000,0.000000,0.000000,0.000000,0.000000,0.000000,0.000000,0.000000,0.000000,528.000000,0.000000,145919.000000,0.000000,528.000000,145919.000000,0.000000,8.809022,2434.476682,8.809022,0.000000,1.000000,528.000000,528.000000,145919.000000,145919.000000,65.549994,65.549994,8.809022,59.938549,528.000000,145919.000000,8.809022,2434.476682
20260823_145151_web_001_0bbf_flow_00001,real_20260823_145151_web_001_0bbf,20260823_145151_web_001_0bbf,Web,env_win11_wifi,NORMAL,day_4,2026-08-23,batch_20260823_01,dev_win11_laptop,wifi,warp_enabled,web_ecommerce,real,v2,225.002066,78.122256,40.000000,458.000000,223.500000,125.300000,174.750000,272.000000,323.700000,368.400000,225.002066,78.122256,40.000000,458.000000,223.500000,125.300000,174.750000,272.000000,323.700000,368.400000,0.000000,0.000000,0.000000,0.000000,0.000000,0.000000,0.000000,0.000000,0.000000,0.000000,0.121728,0.117152,0.000074,0.724918,0.083868,0.014205,0.037940,0.172155,0.275659,0.340113,0.121728,0.117152,0.000074,0.724918,0.083868,0.014205,0.037940,0.172155,0.275659,0.340113,0.000000,0.000000,0.000000,0.000000,0.000000,0.000000,0.000000,0.000000,0.000000,0.000000,484.000000,0.000000,108901.000000,0.000000,484.000000,108901.000000,0.000000,8.076529,1817.235788,8.076529,0.000000,1.000000,484.000000,484.000000,108901.000000,108901.000000,58.794829,58.794829,8.076529,59.926731,484.000000,108901.000000,8.076529,1817.235788
20260823_145551_web_001_da0c_flow_00000,real_20260823_145551_web_001_da0c,20260823_145551_web_001_da0c,Web,env_win11_wifi,NORMAL,day_4,2026-08-23,batch_20260823_01,dev_win11_laptop,wifi,warp_enabled,web_github_docs,real,v2,250.990369,90.637080,40.000000,510.000000,250.000000,137.200000,187.000000,312.000000,368.000000,394.700000,250.990369,90.637080,40.000000,510.000000,250.000000,137.200000,187.000000,312.000000,368.000000,394.700000,0.000000,0.000000,0.000000,0.000000,0.000000,0.000000,0.000000,0.000000,0.000000,0.000000,0.094872,0.096494,0.000009,0.601303,0.067005,0.009386,0.025155,0.135312,0.211197,0.300717,0.094872,0.096494,0.000009,0.601303,0.067005,0.009386,0.025155,0.135312,0.211197,0.300717,0.000000,0.000000,0.000000,0.000000,0.000000,0.000000,0.000000,0.000000,0.000000,0.000000,623.000000,0.000000,156367.000000,0.000000,623.000000,156367.000000,0.000000,10.477205,2629.677524,10.477205,0.000000,1.000000,623.000000,623.000000,156367.000000,156367.000000,59.010192,59.010192,10.477205,59.462424,623.000000,156367.000000,10.477205,2629.677524
20260823_145551_web_001_da0c_flow_00001,real_20260823_145551_web_001_da0c,20260823_145551_web_001_da0c,Web,env_win11_wifi,NORMAL,day_4,2026-08-23,batch_20260823_01,dev_win11_laptop,wifi,warp_enabled,web_github_docs,real,v2,550.668011,191.789087,40.000000,1107.000000,559.000000,304.000000,412.250000,687.250000,803.000000,855.550000,550.668011,191.789087,40.000000,1107.000000,559.000000,304.000000,412.250000,687.250000,803.000000,855.550000,0.000000,0.000000,0.000000,0.000000,0.000000,0.000000,0.000000,0.000000,0.000000,0.000000,0.079608,0.077414,0.000242,0.498431,0.057408,0.008709,0.021559,0.111419,0.183933,0.233288,0.079608,0.077414,0.000242,0.498431,0.057408,0.008709,0.021559,0.111419,0.183933,0.233288,0.000000,0.000000,0.000000,0.000000,0.000000,0.000000,0.000000,0.000000,0.000000,0.000000,744.000000,0.000000,409697.000000,0.000000,744.000000,409697.000000,0.000000,12.525229,6897.243119,12.525229,0.000000,1.000000,744.000000,744.000000,409697.000000,409697.000000,59.148574,59.148574,12.525229,59.400110,744.000000,409697.000000,12.525229,6897.243119
20260823_145946_web_001_c866_flow_00000,real_20260823_145946_web_001_c866,20260823_145946_web_001_c866,Web,env_win11_wifi,NORMAL,day_4,2026-08-23,batch_20260823_01,dev_win11_laptop,wifi,warp_enabled,web_ecommerce,real,v2,318.207524,112.090074,40.000000,691.000000,320.000000,171.400000,244.000000,392.000000,458.000000,498.000000,318.207524,112.090074,40.000000,691.000000,320.000000,171.400000,244.000000,392.000000,458.000000,498.000000,0.000000,0.000000,0.000000,0.000000,0.000000,0.000000,0.000000,0.000000,0.000000,0.000000,0.037854,0.036720,0.000020,0.226322,0.026473,0.003826,0.009935,0.054111,0.091368,0.113647,0.037854,0.036720,0.000020,0.226322,0.026473,0.003826,0.009935,0.054111,0.091368,0.113647,0.000000,0.000000,0.000000,0.000000,0.000000,0.000000,0.000000,0.000000,0.000000,0.000000,1595.000000,0.000000,507541.000000,0.000000,1595.000000,507541.000000,0.000000,26.851279,8544.279023,26.851279,0.000000,1.000000,1595.000000,1595.000000,507541.000000,507541.000000,60.339086,60.339086,26.851279,59.401267,1595.000000,507541.000000,26.851279,8544.279023
20260823_145946_web_001_c866_flow_00001,real_20260823_145946_web_001_c866,20260823_145946_web_001_c866,Web,env_win11_wifi,NORMAL,day_4,2026-08-23,batch_20260823_01,dev_win11_laptop,wifi,warp_enabled,web_ecommerce,real,v2,357.025360,119.577324,40.000000,754.000000,361.000000,194.400000,274.000000,439.000000,509.000000,554.300000,357.025360,119.577324,40.000000,754.000000,361.000000,194.400000,274.000000,439.000000,509.000000,554.300000,0.000000,0.000000,0.000000,0.000000,0.000000,0.000000,0.000000,0.000000,0.000000,0.000000,0.033844,0.033889,0.000003,0.250880,0.023265,0.003278,0.009528,0.047700,0.078420,0.100777,0.033844,0.033889,0.000003,0.250880,0.023265,0.003278,0.009528,0.047700,0.078420,0.100777,0.000000,0.000000,0.000000,0.000000,0.000000,0.000000,0.000000,0.000000,0.000000,0.000000,1735.000000,0.000000,619439.000000,0.000000,1735.000000,619439.000000,0.000000,29.202276,10425.952982,29.202276,0.000000,1.000000,1735.000000,1735.000000,619439.000000,619439.000000,58.685433,58.685433,29.202276,59.413178,1735.000000,619439.000000,29.202276,10425.952982
20260823_150110_web_001_9490_flow_00000,real_20260823_150110_web_001_9490,20260823_150110_web_001_9490,Web,env_win11_wifi,NORMAL,day_4,2026-08-23,batch_20260823_01,dev_win11_laptop,wifi,warp_enabled,web_ecommerce,real,v2,823.784562,289.525969,40.000000,1420.000000,828.000000,446.200000,632.000000,1024.000000,1211.000000,1296.000000,823.784562,289.525969,40.000000,1420.000000,828.000000,446.200000,632.000000,1024.000000,1211.000000,1296.000000,0.000000,0.000000,0.000000,0.000000,0.000000,0.000000,0.000000,0.000000,0.000000,0.000000,0.025437,0.025009,0.000018,0.199232,0.017637,0.002748,0.007773,0.035406,0.058080,0.074678,0.025437,0.025009,0.000018,0.199232,0.017637,0.002748,0.007773,0.035406,0.058080,0.074678,0.000000,0.000000,0.000000,0.000000,0.000000,0.000000,0.000000,0.000000,0.000000,0.000000,2293.000000,0.000000,1888938.000000,0.000000,2293.000000,1888938.000000,0.000000,38.583580,31784.557391,38.583580,0.000000,1.000000,2293.000000,2293.000000,1888938.000000,1888938.000000,58.302605,58.302605,38.583580,59.429426,2293.000000,1888938.000000,38.583580,31784.557391
20260823_150110_web_001_9490_flow_00001,real_20260823_150110_web_001_9490,20260823_150110_web_001_9490,Web,env_win11_wifi,NORMAL,day_4,2026-08-23,batch_20260823_01,dev_win11_laptop,wifi,warp_enabled,web_ecommerce,real,v2,251.281300,88.562201,40.000000,527.000000,252.000000,134.000000,189.000000,309.000000,362.900000,401.800000,251.281300,88.562201,40.000000,527.000000,252.000000,134.000000,189.000000,309.000000,362.900000,401.800000,0.000000,0.000000,0.000000,0.000000,0.000000,0.000000,0.000000,0.000000,0.000000,0.000000,0.046644,0.047651,0.000024,0.536997,0.031991,0.005184,0.013738,0.064487,0.104614,0.135491,0.046644,0.047651,0.000024,0.536997,0.031991,0.005184,0.013738,0.064487,0.104614,0.135491,0.000000,0.000000,0.000000,0.000000,0.000000,0.000000,0.000000,0.000000,0.000000,0.000000,1262.000000,0.000000,317117.000000,0.000000,1262.000000,317117.000000,0.000000,21.255141,5341.019466,21.255141,0.000000,1.000000,1262.000000,1262.000000,317117.000000,317117.000000,58.817908,58.817908,21.255141,59.373871,1262.000000,317117.000000,21.255141,5341.019466
20260823_150323_web_001_2c60_flow_00000,real_20260823_150323_web_001_2c60,20260823_150323_web_001_2c60,Web,env_win11_wifi,NORMAL,day_4,2026-08-23,batch_20260823_01,dev_win11_laptop,wifi,warp_enabled,web_tech_blogs,real,v2,187.651163,60.410593,40.000000,369.000000,187.500000,108.900000,145.250000,230.750000,262.000000,277.000000,187.651163,60.410593,40.000000,369.000000,187.500000,108.900000,145.250000,230.750000,262.000000,277.000000,0.000000,0.000000,0.000000,0.000000,0.000000,0.000000,0.000000,0.000000,0.000000,0.000000,0.138625,0.134428,0.000438,0.777418,0.096720,0.015148,0.043975,0.203425,0.294605,0.402563,0.138625,0.134428,0.000438,0.777418,0.096720,0.015148,0.043975,0.203425,0.294605,0.402563,0.000000,0.000000,0.000000,0.000000,0.000000,0.000000,0.000000,0.000000,0.000000,0.000000,430.000000,0.000000,80690.000000,0.000000,430.000000,80690.000000,0.000000,7.370940,1383.165506,7.370940,0.000000,1.000000,430.000000,430.000000,80690.000000,80690.000000,59.470044,59.470044,7.370940,58.337198,430.000000,80690.000000,7.370940,1383.165506
20260823_150323_web_001_2c60_flow_00001,real_20260823_150323_web_001_2c60,20260823_150323_web_001_2c60,Web,env_win11_wifi,NORMAL,day_4,2026-08-23,batch_20260823_01,dev_win11_laptop,wifi,warp_enabled,web_tech_blogs,real,v2,304.179541,110.151309,40.000000,648.000000,308.000000,158.400000,228.000000,374.500000,446.000000,483.000000,304.179541,110.151309,40.000000,648.000000,308.000000,158.400000,228.000000,374.500000,446.000000,483.000000,0.000000,0.000000,0.000000,0.000000,0.000000,0.000000,0.000000,0.000000,0.000000,0.000000,0.121316,0.112264,0.000171,0.678322,0.085945,0.013763,0.035323,0.180136,0.267211,0.341980,0.121316,0.112264,0.000171,0.678322,0.085945,0.013763,0.035323,0.180136,0.267211,0.341980,0.000000,0.000000,0.000000,0.000000,0.000000,0.000000,0.000000,0.000000,0.000000,0.000000,479.000000,0.000000,145702.000000,0.000000,479.000000,145702.000000,0.000000,8.211093,2497.646461,8.211093,0.000000,1.000000,479.000000,479.000000,145702.000000,145702.000000,57.989158,57.989158,8.211093,58.335718,479.000000,145702.000000,8.211093,2497.646461
20260823_150454_web_001_17f5_flow_00000,real_20260823_150454_web_001_17f5,20260823_150454_web_001_17f5,Web,env_win11_wifi,NORMAL,day_4,2026-08-23,batch_20260823_01,dev_win11_laptop,wifi,warp_enabled,web_github_docs,real,v2,225.515974,75.148624,40.000000,428.000000,225.000000,126.000000,170.000000,278.000000,326.000000,352.500000,225.515974,75.148624,40.000000,428.000000,225.000000,126.000000,170.000000,278.000000,326.000000,352.500000,0.000000,0.000000,0.000000,0.000000,0.000000,0.000000,0.000000,0.000000,0.000000,0.000000,0.102947,0.099730,0.000025,0.580599,0.071389,0.009859,0.027085,0.148278,0.241842,0.299067,0.102947,0.099730,0.000025,0.580599,0.071389,0.009859,0.027085,0.148278,0.241842,0.299067,0.000000,0.000000,0.000000,0.000000,0.000000,0.000000,0.000000,0.000000,0.000000,0.000000,626.000000,0.000000,141173.000000,0.000000,626.000000,141173.000000,0.000000,10.467521,2360.593305,10.467521,0.000000,1.000000,626.000000,626.000000,141173.000000,141173.000000,64.341858,64.341858,10.467521,59.804033,626.000000,141173.000000,10.467521,2360.593305
20260823_150454_web_001_17f5_flow_00001,real_20260823_150454_web_001_17f5,20260823_150454_web_001_17f5,Web,env_win11_wifi,NORMAL,day_4,2026-08-23,batch_20260823_01,dev_win11_laptop,wifi,warp_enabled,web_github_docs,real,v2,216.759473,71.989421,40.000000,405.000000,216.000000,123.000000,164.000000,268.000000,312.400000,337.000000,216.759473,71.989421,40.000000,405.000000,216.000000,123.000000,164.000000,268.000000,312.400000,337.000000,0.000000,0.000000,0.000000,0.000000,0.000000,0.000000,0.000000,0.000000,0.000000,0.000000,0.088415,0.091033,0.000207,0.598388,0.059508,0.010362,0.024953,0.119466,0.205932,0.260699,0.088415,0.091033,0.000207,0.598388,0.059508,0.010362,0.024953,0.119466,0.205932,0.260699,0.000000,0.000000,0.000000,0.000000,0.000000,0.000000,0.000000,0.000000,0.000000,0.000000,607.000000,0.000000,131573.000000,0.000000,607.000000,131573.000000,0.000000,10.157678,2201.773026,10.157678,0.000000,1.000000,607.000000,607.000000,131573.000000,131573.000000,53.579256,53.579256,10.157678,59.757749,607.000000,131573.000000,10.157678,2201.773026
20260823_150634_web_001_ddf0_flow_00000,real_20260823_150634_web_001_ddf0,20260823_150634_web_001_ddf0,Web,env_win11_wifi,NORMAL,day_4,2026-08-23,batch_20260823_01,dev_win11_laptop,wifi,warp_enabled,web_tech_blogs,real,v2,255.047506,86.046154,40.000000,544.000000,250.000000,147.000000,194.000000,316.000000,367.000000,405.000000,255.047506,86.046154,40.000000,544.000000,250.000000,147.000000,194.000000,316.000000,367.000000,405.000000,0.000000,0.000000,0.000000,0.000000,0.000000,0.000000,0.000000,0.000000,0.000000,0.000000,0.143504,0.147186,0.000101,0.856156,0.100628,0.014820,0.039544,0.194243,0.329007,0.432267,0.143504,0.147186,0.000101,0.856156,0.100628,0.014820,0.039544,0.194243,0.329007,0.432267,0.000000,0.000000,0.000000,0.000000,0.000000,0.000000,0.000000,0.000000,0.000000,0.000000,421.000000,0.000000,107375.000000,0.000000,421.000000,107375.000000,0.000000,7.090597,1808.439142,7.090597,0.000000,1.000000,421.000000,421.000000,107375.000000,107375.000000,60.271806,60.271806,7.090597,59.374406,421.000000,107375.000000,7.090597,1808.439142
20260823_150634_web_001_ddf0_flow_00001,real_20260823_150634_web_001_ddf0,20260823_150634_web_001_ddf0,Web,env_win11_wifi,NORMAL,day_4,2026-08-23,batch_20260823_01,dev_win11_laptop,wifi,warp_enabled,web_tech_blogs,real,v2,234.072319,84.859426,40.000000,493.000000,234.000000,126.000000,176.000000,287.000000,348.000000,381.000000,234.072319,84.859426,40.000000,493.000000,234.000000,126.000000,176.000000,287.000000,348.000000,381.000000,0.000000,0.000000,0.000000,0.000000,0.000000,0.000000,0.000000,0.000000,0.000000,0.000000,0.160393,0.170784,0.000300,1.184279,0.106007,0.019066,0.046555,0.208105,0.340298,0.502757,0.160393,0.170784,0.000300,1.184279,0.106007,0.019066,0.046555,0.208105,0.340298,0.502757,0.000000,0.000000,0.000000,0.000000,0.000000,0.000000,0.000000,0.000000,0.000000,0.000000,401.000000,0.000000,93863.000000,0.000000,401.000000,93863.000000,0.000000,6.763318,1583.105483,6.763318,0.000000,4.000000,100.250000,266.000000,23465.750000,60653.000000,15.180800,38.605793,6.763318,59.290427,401.000000,93863.000000,6.763318,1583.105483
20260823_150817_web_001_e5b6_flow_00000,real_20260823_150817_web_001_e5b6,20260823_150817_web_001_e5b6,Web,env_win11_wifi,NORMAL,day_4,2026-08-23,batch_20260823_01,dev_win11_laptop,wifi,warp_enabled,web_github_docs,real,v2,325.403880,106.553015,40.000000,595.000000,327.000000,191.000000,255.000000,399.000000,465.400000,501.700000,325.403880,106.553015,40.000000,595.000000,327.000000,191.000000,255.000000,399.000000,465.400000,501.700000,0.000000,0.000000,0.000000,0.000000,0.000000,0.000000,0.000000,0.000000,0.000000,0.000000,0.107910,0.106184,0.000159,0.701730,0.071544,0.014041,0.037266,0.143410,0.266256,0.307041,0.107910,0.106184,0.000159,0.701730,0.071544,0.014041,0.037266,0.143410,0.266256,0.307041,0.000000,0.000000,0.000000,0.000000,0.000000,0.000000,0.000000,0.000000,0.000000,0.000000,567.000000,0.000000,184504.000000,0.000000,567.000000,184504.000000,0.000000,9.498397,3090.815246,9.498397,0.000000,1.000000,567.000000,567.000000,184504.000000,184504.000000,61.077072,61.077072,9.498397,59.694283,567.000000,184504.000000,9.498397,3090.815246
20260823_150817_web_001_e5b6_flow_00001,real_20260823_150817_web_001_e5b6,20260823_150817_web_001_e5b6,Web,env_win11_wifi,NORMAL,day_4,2026-08-23,batch_20260823_01,dev_win11_laptop,wifi,warp_enabled,web_github_docs,real,v2,191.412955,70.961089,40.000000,423.000000,189.500000,102.000000,143.000000,238.750000,279.000000,316.350000,191.412955,70.961089,40.000000,423.000000,189.500000,102.000000,143.000000,238.750000,279.000000,316.350000,0.000000,0.000000,0.000000,0.000000,0.000000,0.000000,0.000000,0.000000,0.000000,0.000000,0.125453,0.126531,0.000066,0.823990,0.084319,0.012024,0.032012,0.176795,0.290910,0.376904,0.125453,0.126531,0.000066,0.823990,0.084319,0.012024,0.032012,0.176795,0.290910,0.376904,0.000000,0.000000,0.000000,0.000000,0.000000,0.000000,0.000000,0.000000,0.000000,0.000000,494.000000,0.000000,94558.000000,0.000000,494.000000,94558.000000,0.000000,8.283992,1585.663470,8.283992,0.000000,1.000000,494.000000,494.000000,94558.000000,94558.000000,61.848292,61.848292,8.283992,59.633082,494.000000,94558.000000,8.283992,1585.663470
20260823_150936_web_001_534c_flow_00000,real_20260823_150936_web_001_534c,20260823_150936_web_001_534c,Web,env_win11_wifi,NORMAL,day_4,2026-08-23,batch_20260823_01,dev_win11_laptop,wifi,warp_enabled,web_ecommerce,real,v2,206.846591,70.563088,40.000000,442.000000,203.000000,117.900000,159.000000,256.250000,300.000000,326.050000,206.846591,70.563088,40.000000,442.000000,203.000000,117.900000,159.000000,256.250000,300.000000,326.050000,0.000000,0.000000,0.000000,0.000000,0.000000,0.000000,0.000000,0.000000,0.000000,0.000000,0.070254,0.071744,0.000278,0.466374,0.046062,0.005981,0.019110,0.101508,0.161331,0.214483,0.070254,0.071744,0.000278,0.466374,0.046062,0.005981,0.019110,0.101508,0.161331,0.214483,0.000000,0.000000,0.000000,0.000000,0.000000,0.000000,0.000000,0.000000,0.000000,0.000000,880.000000,0.000000,182025.000000,0.000000,880.000000,182025.000000,0.000000,14.675052,3035.484578,14.675052,0.000000,1.000000,880.000000,880.000000,182025.000000,182025.000000,61.752900,61.752900,14.675052,59.965714,880.000000,182025.000000,14.675052,3035.484578
20260823_150936_web_001_534c_flow_00001,real_20260823_150936_web_001_534c,20260823_150936_web_001_534c,Web,env_win11_wifi,NORMAL,day_4,2026-08-23,batch_20260823_01,dev_win11_laptop,wifi,warp_enabled,web_ecommerce,real,v2,367.479106,124.624232,40.000000,755.000000,366.000000,208.000000,278.000000,456.000000,525.000000,568.000000,367.479106,124.624232,40.000000,755.000000,366.000000,208.000000,278.000000,456.000000,525.000000,568.000000,0.000000,0.000000,0.000000,0.000000,0.000000,0.000000,0.000000,0.000000,0.000000,0.000000,0.057433,0.060257,0.000051,0.557933,0.038993,0.004554,0.014588,0.079196,0.137092,0.181596,0.057433,0.060257,0.000051,0.557933,0.038993,0.004554,0.014588,0.079196,0.137092,0.181596,0.000000,0.000000,0.000000,0.000000,0.000000,0.000000,0.000000,0.000000,0.000000,0.000000,1029.000000,0.000000,378136.000000,0.000000,1029.000000,378136.000000,0.000000,17.168710,6309.142366,17.168710,0.000000,1.000000,1029.000000,1029.000000,378136.000000,378136.000000,59.040940,59.040940,17.168710,59.934612,1029.000000,378136.000000,17.168710,6309.142366
20260823_151441_video_001_104d_flow_00000,real_20260823_151441_video_001_104d,20260823_151441_video_001_104d,Video,env_win11_wifi,NORMAL,day_4,2026-08-23,batch_20260823_01,dev_win11_laptop,wifi,warp_enabled,vid_twitch_live,real,v2,1155.084386,308.554549,40.000000,1420.000000,1263.000000,697.000000,967.000000,1420.000000,1420.000000,1420.000000,1155.084386,308.554549,40.000000,1420.000000,1263.000000,697.000000,967.000000,1420.000000,1420.000000,1420.000000,0.000000,0.000000,0.000000,0.000000,0.000000,0.000000,0.000000,0.000000,0.000000,0.000000,0.003880,0.003892,0.000000,0.035431,0.002680,0.000400,0.001110,0.005340,0.008994,0.011675,0.003880,0.003892,0.000000,0.035431,0.002680,0.000400,0.001110,0.005340,0.008994,0.011675,0.000000,0.000000,0.000000,0.000000,0.000000,0.000000,0.000000,0.000000,0.000000,0.000000,15441.000000,0.000000,17835658.000000,0.000000,15441.000000,17835658.000000,0.000000,257.702937,297668.638108,257.702937,0.000000,1.000000,15441.000000,15441.000000,17835658.000000,17835658.000000,59.906374,59.906374,257.702937,59.917827,15441.000000,17835658.000000,257.702937,297668.638108
20260823_151441_video_001_104d_flow_00001,real_20260823_151441_video_001_104d,20260823_151441_video_001_104d,Video,env_win11_wifi,NORMAL,day_4,2026-08-23,batch_20260823_01,dev_win11_laptop,wifi,warp_enabled,vid_twitch_live,real,v2,207.662151,72.698385,40.000000,479.000000,209.000000,112.900000,158.000000,256.000000,300.000000,329.000000,207.662151,72.698385,40.000000,479.000000,209.000000,112.900000,158.000000,256.000000,300.000000,329.000000,0.000000,0.000000,0.000000,0.000000,0.000000,0.000000,0.000000,0.000000,0.000000,0.000000,0.024319,0.023850,0.000006,0.160050,0.017062,0.002368,0.006851,0.034563,0.056395,0.072447,0.024319,0.023850,0.000006,0.160050,0.017062,0.002368,0.006851,0.034563,0.056395,0.072447,0.000000,0.000000,0.000000,0.000000,0.000000,0.000000,0.000000,0.000000,0.000000,0.000000,2510.000000,0.000000,521232.000000,0.000000,2510.000000,521232.000000,0.000000,41.939359,8709.217454,41.939359,0.000000,1.000000,2510.000000,2510.000000,521232.000000,521232.000000,61.017113,61.017113,41.939359,59.848316,2510.000000,521232.000000,41.939359,8709.217454
20260823_151621_video_001_efa4_flow_00000,real_20260823_151621_video_001_efa4,20260823_151621_video_001_efa4,Video,env_win11_wifi,NORMAL,day_4,2026-08-23,batch_20260823_01,dev_win11_laptop,wifi,warp_enabled,vid_vimeo_720p,real,v2,1078.817555,316.979905,40.000000,1420.000000,1127.000000,630.800000,857.000000,1410.000000,1420.000000,1420.000000,1078.817555,316.979905,40.000000,1420.000000,1127.000000,630.800000,857.000000,1410.000000,1420.000000,1420.000000,0.000000,0.000000,0.000000,0.000000,0.000000,0.000000,0.000000,0.000000,0.000000,0.000000,0.015709,0.015678,0.000002,0.158047,0.011016,0.001641,0.004569,0.021865,0.036306,0.046473,0.015709,0.015678,0.000002,0.158047,0.011016,0.001641,0.004569,0.021865,0.036306,0.046473,0.000000,0.000000,0.000000,0.000000,0.000000,0.000000,0.000000,0.000000,0.000000,0.000000,3919.000000,0.000000,4227886.000000,0.000000,3919.000000,4227886.000000,0.000000,65.769055,70952.810725,65.769055,0.000000,1.000000,3919.000000,3919.000000,4227886.000000,4227886.000000,61.547991,61.547991,65.769055,59.587294,3919.000000,4227886.000000,65.769055,70952.810725
20260823_151621_video_001_efa4_flow_00001,real_20260823_151621_video_001_efa4,20260823_151621_video_001_efa4,Video,env_win11_wifi,NORMAL,day_4,2026-08-23,batch_20260823_01,dev_win11_laptop,wifi,warp_enabled,vid_vimeo_720p,real,v2,237.501333,82.106060,40.000000,501.000000,236.000000,133.400000,181.000000,294.000000,345.000000,372.600000,237.501333,82.106060,40.000000,501.000000,236.000000,133.400000,181.000000,294.000000,345.000000,372.600000,0.000000,0.000000,0.000000,0.000000,0.000000,0.000000,0.000000,0.000000,0.000000,0.000000,0.052675,0.053835,0.000014,0.389000,0.034892,0.005034,0.014427,0.074163,0.120726,0.160600,0.052675,0.053835,0.000014,0.389000,0.034892,0.005034,0.014427,0.074163,0.120726,0.160600,0.000000,0.000000,0.000000,0.000000,0.000000,0.000000,0.000000,0.000000,0.000000,0.000000,1125.000000,0.000000,267189.000000,0.000000,1125.000000,267189.000000,0.000000,18.767566,4457.321981,18.767566,0.000000,1.000000,1125.000000,1125.000000,267189.000000,267189.000000,59.206205,59.206205,18.767566,59.943841,1125.000000,267189.000000,18.767566,4457.321981
20260823_153012_video_001_641b_flow_00000,real_20260823_153012_video_001_641b,20260823_153012_video_001_641b,Video,env_win11_wifi,NORMAL,day_4,2026-08-23,batch_20260823_01,dev_win11_laptop,wifi,warp_enabled,vid_twitch_live,real,v2,780.831805,270.147017,40.000000,1420.000000,785.000000,430.000000,599.000000,969.000000,1128.000000,1225.000000,780.831805,270.147017,40.000000,1420.000000,785.000000,430.000000,599.000000,969.000000,1128.000000,1225.000000,0.000000,0.000000,0.000000,0.000000,0.000000,0.000000,0.000000,0.000000,0.000000,0.000000,0.007667,0.007746,0.000000,0.073015,0.005287,0.000832,0.002195,0.010534,0.017413,0.023280,0.007667,0.007746,0.000000,0.073015,0.005287,0.000832,0.002195,0.010534,0.017413,0.023280,0.000000,0.000000,0.000000,0.000000,0.000000,0.000000,0.000000,0.000000,0.000000,0.000000,7741.000000,0.000000,6044419.000000,0.000000,7741.000000,6044419.000000,0.000000,129.722728,101291.631804,129.722728,0.000000,1.000000,7741.000000,7741.000000,6044419.000000,6044419.000000,59.344857,59.344857,129.722728,59.673429,7741.000000,6044419.000000,129.722728,101291.631804
20260823_153012_video_001_641b_flow_00001,real_20260823_153012_video_001_641b,20260823_153012_video_001_641b,Video,env_win11_wifi,NORMAL,day_4,2026-08-23,batch_20260823_01,dev_win11_laptop,wifi,warp_enabled,vid_twitch_live,real,v2,1037.144392,320.114508,40.000000,1420.000000,1072.000000,589.700000,824.000000,1328.000000,1420.000000,1420.000000,1037.144392,320.114508,40.000000,1420.000000,1072.000000,589.700000,824.000000,1328.000000,1420.000000,1420.000000,0.000000,0.000000,0.000000,0.000000,0.000000,0.000000,0.000000,0.000000,0.000000,0.000000,0.008243,0.008267,0.000000,0.059831,0.005647,0.000810,0.002290,0.011491,0.018899,0.024713,0.008243,0.008267,0.000000,0.059831,0.005647,0.000810,0.002290,0.011491,0.018899,0.024713,0.000000,0.000000,0.000000,0.000000,0.000000,0.000000,0.000000,0.000000,0.000000,0.000000,7258.000000,0.000000,7527594.000000,0.000000,7258.000000,7527594.000000,0.000000,121.628632,126146.454096,121.628632,0.000000,1.000000,7258.000000,7258.000000,7527594.000000,7527594.000000,59.817472,59.817472,121.628632,59.673449,7258.000000,7527594.000000,121.628632,126146.454096
20260823_153142_video_001_2480_flow_00000,real_20260823_153142_video_001_2480,20260823_153142_video_001_2480,Video,env_win11_wifi,NORMAL,day_4,2026-08-23,batch_20260823_01,dev_win11_laptop,wifi,warp_enabled,vid_vimeo_720p,real,v2,814.469867,282.212417,40.000000,1420.000000,825.000000,437.600000,631.000000,1014.000000,1193.600000,1292.300000,814.469867,282.212417,40.000000,1420.000000,825.000000,437.600000,631.000000,1014.000000,1193.600000,1292.300000,0.000000,0.000000,0.000000,0.000000,0.000000,0.000000,0.000000,0.000000,0.000000,0.000000,0.061419,0.063846,0.000054,0.407585,0.041095,0.006821,0.017720,0.083323,0.145560,0.193118,0.061419,0.063846,0.000054,0.407585,0.041095,0.006821,0.017720,0.083323,0.145560,0.193118,0.000000,0.000000,0.000000,0.000000,0.000000,0.000000,0.000000,0.000000,0.000000,0.000000,979.000000,0.000000,797366.000000,0.000000,979.000000,797366.000000,0.000000,16.412579,13367.550870,16.412579,0.000000,1.000000,979.000000,979.000000,797366.000000,797366.000000,60.068166,60.068166,16.412579,59.649371,979.000000,797366.000000,16.412579,13367.550870
20260823_153142_video_001_2480_flow_00001,real_20260823_153142_video_001_2480,20260823_153142_video_001_2480,Video,env_win11_wifi,NORMAL,day_4,2026-08-23,batch_20260823_01,dev_win11_laptop,wifi,warp_enabled,vid_vimeo_720p,real,v2,215.360784,73.681036,40.000000,419.000000,215.000000,118.900000,165.250000,264.750000,310.100000,341.550000,215.360784,73.681036,40.000000,419.000000,215.000000,118.900000,165.250000,264.750000,310.100000,341.550000,0.000000,0.000000,0.000000,0.000000,0.000000,0.000000,0.000000,0.000000,0.000000,0.000000,0.113007,0.114289,0.000210,0.793328,0.076836,0.010883,0.036965,0.154750,0.256660,0.316101,0.113007,0.114289,0.000210,0.793328,0.076836,0.010883,0.036965,0.154750,0.256660,0.316101,0.000000,0.000000,0.000000,0.000000,0.000000,0.000000,0.000000,0.000000,0.000000,0.000000,510.000000,0.000000,109834.000000,0.000000,510.000000,109834.000000,0.000000,8.554465,1842.296326,8.554465,0.000000,1.000000,510.000000,510.000000,109834.000000,109834.000000,57.520333,57.520333,8.554465,59.617988,510.000000,109834.000000,8.554465,1842.296326
20260823_154438_video_001_566f_flow_00000,real_20260823_154438_video_001_566f,20260823_154438_video_001_566f,Video,env_win11_wifi,NORMAL,day_4,2026-08-23,batch_20260823_01,dev_win11_laptop,wifi,warp_enabled,vid_twitch_live,real,v2,1156.717976,307.006264,40.000000,1420.000000,1267.500000,696.000000,966.250000,1420.000000,1420.000000,1420.000000,1156.717976,307.006264,40.000000,1420.000000,1267.500000,696.000000,966.250000,1420.000000,1420.000000,1420.000000,0.000000,0.000000,0.000000,0.000000,0.000000,0.000000,0.000000,0.000000,0.000000,0.000000,0.004431,0.004440,0.000001,0.049143,0.003068,0.000487,0.001298,0.006115,0.010131,0.013260,0.004431,0.004440,0.000001,0.049143,0.003068,0.000487,0.001298,0.006115,0.010131,0.013260,0.000000,0.000000,0.000000,0.000000,0.000000,0.000000,0.000000,0.000000,0.000000,0.000000,13318.000000,0.000000,15405170.000000,0.000000,13318.000000,15405170.000000,0.000000,225.692201,261062.226335,225.692201,0.000000,1.000000,13318.000000,13318.000000,15405170.000000,15405170.000000,59.005535,59.005535,225.692201,59.009571,13318.000000,15405170.000000,225.692201,261062.226335
20260823_154438_video_001_566f_flow_00001,real_20260823_154438_video_001_566f,20260823_154438_video_001_566f,Video,env_win11_wifi,NORMAL,day_4,2026-08-23,batch_20260823_01,dev_win11_laptop,wifi,warp_enabled,vid_twitch_live,real,v2,239.389684,82.915177,40.000000,535.000000,241.000000,131.000000,182.000000,293.500000,347.000000,376.000000,239.389684,82.915177,40.000000,535.000000,241.000000,131.000000,182.000000,293.500000,347.000000,376.000000,0.000000,0.000000,0.000000,0.000000,0.000000,0.000000,0.000000,0.000000,0.000000,0.000000,0.024369,0.024878,0.000007,0.205488,0.016603,0.002393,0.006885,0.033746,0.056480,0.073904,0.024369,0.024878,0.000007,0.205488,0.016603,0.002393,0.006885,0.033746,0.056480,0.073904,0.000000,0.000000,0.000000,0.000000,0.000000,0.000000,0.000000,0.000000,0.000000,0.000000,2307.000000,0.000000,552272.000000,0.000000,2307.000000,552272.000000,0.000000,39.095627,9359.089668,39.095627,0.000000,1.000000,2307.000000,2307.000000,552272.000000,552272.000000,56.194967,56.194967,39.095627,59.009158,2307.000000,552272.000000,39.095627,9359.089668
20260823_154613_video_001_c9ea_flow_00000,real_20260823_154613_video_001_c9ea,20260823_154613_video_001_c9ea,Video,env_win11_wifi,NORMAL,day_4,2026-08-23,batch_20260823_01,dev_win11_laptop,wifi,warp_enabled,vid_netflix_4k,real,v2,1155.662963,309.911158,40.000000,1420.000000,1266.000000,699.000000,972.000000,1420.000000,1420.000000,1420.000000,1155.662963,309.911158,40.000000,1420.000000,1266.000000,699.000000,972.000000,1420.000000,1420.000000,1420.000000,0.000000,0.000000,0.000000,0.000000,0.000000,0.000000,0.000000,0.000000,0.000000,0.000000,0.005642,0.005532,0.000001,0.055037,0.004010,0.000605,0.001615,0.008017,0.012894,0.016873,0.005642,0.005532,0.000001,0.055037,0.004010,0.000605,0.001615,0.008017,0.012894,0.016873,0.000000,0.000000,0.000000,0.000000,0.000000,0.000000,0.000000,0.000000,0.000000,0.000000,10530.000000,0.000000,12169131.000000,0.000000,10530.000000,12169131.000000,0.000000,176.487057,203959.554832,176.487057,0.000000,1.000000,10530.000000,10530.000000,12169131.000000,12169131.000000,59.402730,59.402730,176.487057,59.664432,10530.000000,12169131.000000,176.487057,203959.554832
20260823_154613_video_001_c9ea_flow_00001,real_20260823_154613_video_001_c9ea,20260823_154613_video_001_c9ea,Video,env_win11_wifi,NORMAL,day_4,2026-08-23,batch_20260823_01,dev_win11_laptop,wifi,warp_enabled,vid_netflix_4k,real,v2,216.147532,76.084390,40.000000,441.000000,213.000000,118.000000,164.750000,271.000000,314.000000,340.850000,216.147532,76.084390,40.000000,441.000000,213.000000,118.000000,164.750000,271.000000,314.000000,340.850000,0.000000,0.000000,0.000000,0.000000,0.000000,0.000000,0.000000,0.000000,0.000000,0.000000,0.033103,0.032810,0.000013,0.233302,0.023441,0.003460,0.009822,0.045518,0.076316,0.098762,0.033103,0.032810,0.000013,0.233302,0.023441,0.003460,0.009822,0.045518,0.076316,0.098762,0.000000,0.000000,0.000000,0.000000,0.000000,0.000000,0.000000,0.000000,0.000000,0.000000,1864.000000,0.000000,402899.000000,0.000000,1864.000000,402899.000000,0.000000,31.758361,6864.491258,31.758361,0.000000,1.000000,1864.000000,1864.000000,402899.000000,402899.000000,61.669980,61.669980,31.758361,58.693206,1864.000000,402899.000000,31.758361,6864.491258
20260823_154721_video_001_0564_flow_00000,real_20260823_154721_video_001_0564,20260823_154721_video_001_0564,Video,env_win11_wifi,NORMAL,day_4,2026-08-23,batch_20260823_01,dev_win11_laptop,wifi,warp_enabled,vid_dailymotion_sd,real,v2,1168.489278,305.588377,40.000000,1420.000000,1293.000000,715.000000,983.000000,1420.000000,1420.000000,1420.000000,1168.489278,305.588377,40.000000,1420.000000,1293.000000,715.000000,983.000000,1420.000000,1420.000000,1420.000000,0.000000,0.000000,0.000000,0.000000,0.000000,0.000000,0.000000,0.000000,0.000000,0.000000,0.003579,0.003617,0.000000,0.038338,0.002474,0.000367,0.001026,0.004949,0.008247,0.010829,0.003579,0.003617,0.000000,0.038338,0.002474,0.000367,0.001026,0.004949,0.008247,0.010829,0.000000,0.000000,0.000000,0.000000,0.000000,0.000000,0.000000,0.000000,0.000000,0.000000,16835.000000,0.000000,19671517.000000,0.000000,16835.000000,19671517.000000,0.000000,280.804332,328116.851102,280.804332,0.000000,1.000000,16835.000000,16835.000000,19671517.000000,19671517.000000,60.250339,60.250339,280.804332,59.952779,16835.000000,19671517.000000,280.804332,328116.851102
20260823_154721_video_001_0564_flow_00001,real_20260823_154721_video_001_0564,20260823_154721_video_001_0564,Video,env_win11_wifi,NORMAL,day_4,2026-08-23,batch_20260823_01,dev_win11_laptop,wifi,warp_enabled,vid_dailymotion_sd,real,v2,185.826849,64.664882,40.000000,413.000000,186.000000,100.000000,142.000000,231.000000,270.000000,292.000000,185.826849,64.664882,40.000000,413.000000,186.000000,100.000000,142.000000,231.000000,270.000000,292.000000,0.000000,0.000000,0.000000,0.000000,0.000000,0.000000,0.000000,0.000000,0.000000,0.000000,0.025107,0.024474,0.000001,0.174776,0.018194,0.002561,0.007544,0.034987,0.056274,0.074319,0.025107,0.024474,0.000001,0.174776,0.018194,0.002561,0.007544,0.034987,0.056274,0.074319,0.000000,0.000000,0.000000,0.000000,0.000000,0.000000,0.000000,0.000000,0.000000,0.000000,2339.000000,0.000000,434649.000000,0.000000,2339.000000,434649.000000,0.000000,39.043284,7255.290376,39.043284,0.000000,1.000000,2339.000000,2339.000000,434649.000000,434649.000000,58.700302,58.700302,39.043284,59.907871,2339.000000,434649.000000,39.043284,7255.290376
20260823_154851_video_001_b4dc_flow_00000,real_20260823_154851_video_001_b4dc,20260823_154851_video_001_b4dc,Video,env_win11_wifi,NORMAL,day_4,2026-08-23,batch_20260823_01,dev_win11_laptop,wifi,warp_enabled,vid_vimeo_720p,real,v2,201.313310,69.018939,40.000000,398.000000,201.000000,113.800000,155.000000,250.000000,291.000000,314.000000,201.313310,69.018939,40.000000,398.000000,201.000000,113.800000,155.000000,250.000000,291.000000,314.000000,0.000000,0.000000,0.000000,0.000000,0.000000,0.000000,0.000000,0.000000,0.000000,0.000000,0.074000,0.073046,0.000001,0.480907,0.050236,0.007931,0.019643,0.104062,0.176390,0.227821,0.074000,0.073046,0.000001,0.480907,0.050236,0.007931,0.019643,0.104062,0.176390,0.227821,0.000000,0.000000,0.000000,0.000000,0.000000,0.000000,0.000000,0.000000,0.000000,0.000000,849.000000,0.000000,170915.000000,0.000000,849.000000,170915.000000,0.000000,14.332716,2885.366557,14.332716,0.000000,1.000000,849.000000,849.000000,170915.000000,170915.000000,62.752027,62.752027,14.332716,59.235108,849.000000,170915.000000,14.332716,2885.366557
20260823_154851_video_001_b4dc_flow_00001,real_20260823_154851_video_001_b4dc,20260823_154851_video_001_b4dc,Video,env_win11_wifi,NORMAL,day_4,2026-08-23,batch_20260823_01,dev_win11_laptop,wifi,warp_enabled,vid_vimeo_720p,real,v2,1025.694148,321.510078,40.000000,1420.000000,1058.000000,573.000000,808.000000,1315.000000,1420.000000,1420.000000,1025.694148,321.510078,40.000000,1420.000000,1058.000000,573.000000,808.000000,1315.000000,1420.000000,1420.000000,0.000000,0.000000,0.000000,0.000000,0.000000,0.000000,0.000000,0.000000,0.000000,0.000000,0.024698,0.024608,0.000004,0.220203,0.017185,0.002952,0.007281,0.034477,0.055832,0.072144,0.024698,0.024608,0.000004,0.220203,0.017185,0.002952,0.007281,0.034477,0.055832,0.072144,0.000000,0.000000,0.000000,0.000000,0.000000,0.000000,0.000000,0.000000,0.000000,0.000000,2341.000000,0.000000,2401150.000000,0.000000,2341.000000,2401150.000000,0.000000,39.521680,40537.155923,39.521680,0.000000,1.000000,2341.000000,2341.000000,2401150.000000,2401150.000000,57.794304,57.794304,39.521680,59.233312,2341.000000,2401150.000000,39.521680,40537.155923
20260823_155010_video_001_c5d9_flow_00000,real_20260823_155010_video_001_c5d9,20260823_155010_video_001_c5d9,Video,env_win11_wifi,NORMAL,day_4,2026-08-23,batch_20260823_01,dev_win11_laptop,wifi,warp_enabled,vid_netflix_4k,real,v2,1127.679035,312.663560,40.000000,1420.000000,1212.000000,665.000000,925.000000,1420.000000,1420.000000,1420.000000,1127.679035,312.663560,40.000000,1420.000000,1212.000000,665.000000,925.000000,1420.000000,1420.000000,1420.000000,0.000000,0.000000,0.000000,0.000000,0.000000,0.000000,0.000000,0.000000,0.000000,0.000000,0.005739,0.005734,0.000002,0.049417,0.003972,0.000607,0.001647,0.007902,0.013239,0.017357,0.005739,0.005734,0.000002,0.049417,0.003972,0.000607,0.001647,0.007902,0.013239,0.017357,0.000000,0.000000,0.000000,0.000000,0.000000,0.000000,0.000000,0.000000,0.000000,0.000000,10403.000000,0.000000,11731245.000000,0.000000,10403.000000,11731245.000000,0.000000,174.169263,196407.026712,174.169263,0.000000,1.000000,10403.000000,10403.000000,11731245.000000,11731245.000000,59.692329,59.692329,174.169263,59.729253,10403.000000,11731245.000000,174.169263,196407.026712
20260823_155010_video_001_c5d9_flow_00001,real_20260823_155010_video_001_c5d9,20260823_155010_video_001_c5d9,Video,env_win11_wifi,NORMAL,day_4,2026-08-23,batch_20260823_01,dev_win11_laptop,wifi,warp_enabled,vid_netflix_4k,real,v2,240.234242,83.356432,40.000000,542.000000,239.000000,131.000000,182.000000,297.000000,347.000000,377.000000,240.234242,83.356432,40.000000,542.000000,239.000000,131.000000,182.000000,297.000000,347.000000,377.000000,0.000000,0.000000,0.000000,0.000000,0.000000,0.000000,0.000000,0.000000,0.000000,0.000000,0.027364,0.027890,0.000017,0.200847,0.018395,0.002677,0.007399,0.037991,0.062663,0.084529,0.027364,0.027890,0.000017,0.200847,0.018395,0.002677,0.007399,0.037991,0.062663,0.084529,0.000000,0.000000,0.000000,0.000000,0.000000,0.000000,0.000000,0.000000,0.000000,0.000000,2237.000000,0.000000,537404.000000,0.000000,2237.000000,537404.000000,0.000000,37.452503,8997.373746,37.452503,0.000000,1.000000,2237.000000,2237.000000,537404.000000,537404.000000,61.184944,61.184944,37.452503,59.728985,2237.000000,537404.000000,37.452503,8997.373746
20260823_155216_video_001_1ce3_flow_00000,real_20260823_155216_video_001_1ce3,20260823_155216_video_001_1ce3,Video,env_win11_wifi,NORMAL,day_4,2026-08-23,batch_20260823_01,dev_win11_laptop,wifi,warp_enabled,vid_dailymotion_sd,real,v2,242.087444,85.924785,40.000000,505.000000,241.500000,126.500000,179.000000,303.750000,347.000000,378.250000,242.087444,85.924785,40.000000,505.000000,241.500000,126.500000,179.000000,303.750000,347.000000,378.250000,0.000000,0.000000,0.000000,0.000000,0.000000,0.000000,0.000000,0.000000,0.000000,0.000000,0.134697,0.133907,0.000161,0.725358,0.091056,0.013721,0.042922,0.180356,0.330233,0.440844,0.134697,0.133907,0.000161,0.725358,0.091056,0.013721,0.042922,0.180356,0.330233,0.440844,0.000000,0.000000,0.000000,0.000000,0.000000,0.000000,0.000000,0.000000,0.000000,0.000000,446.000000,0.000000,107971.000000,0.000000,446.000000,107971.000000,0.000000,7.513071,1818.820050,7.513071,0.000000,1.000000,446.000000,446.000000,107971.000000,107971.000000,59.940344,59.940344,7.513071,59.363212,446.000000,107971.000000,7.513071,1818.820050
20260823_155216_video_001_1ce3_flow_00001,real_20260823_155216_video_001_1ce3,20260823_155216_video_001_1ce3,Video,env_win11_wifi,NORMAL,day_4,2026-08-23,batch_20260823_01,dev_win11_laptop,wifi,warp_enabled,vid_dailymotion_sd,real,v2,294.010204,104.742717,40.000000,613.000000,299.000000,150.800000,222.000000,357.500000,432.100000,467.000000,294.010204,104.742717,40.000000,613.000000,299.000000,150.800000,222.000000,357.500000,432.100000,467.000000,0.000000,0.000000,0.000000,0.000000,0.000000,0.000000,0.000000,0.000000,0.000000,0.000000,0.119286,0.113060,0.000055,0.711227,0.082149,0.015752,0.040078,0.162437,0.270740,0.345017,0.119286,0.113060,0.000055,0.711227,0.082149,0.015752,0.040078,0.162437,0.270740,0.345017,0.000000,0.000000,0.000000,0.000000,0.000000,0.000000,0.000000,0.000000,0.000000,0.000000,490.000000,0.000000,144065.000000,0.000000,490.000000,144065.000000,0.000000,8.252901,2426.437254,8.252901,0.000000,1.000000,490.000000,490.000000,144065.000000,144065.000000,58.330778,58.330778,8.252901,59.373058,490.000000,144065.000000,8.252901,2426.437254
20260823_155349_messaging_001_f90a_flow_00000,real_20260823_155349_messaging_001_f90a,20260823_155349_messaging_001_f90a,Messaging,env_win11_wifi,NORMAL,day_4,2026-08-23,batch_20260823_01,dev_win11_laptop,wifi,warp_enabled,msg_whatsapp_web,real,v2,1117.185352,315.926250,40.000000,1420.000000,1197.000000,650.000000,911.000000,1420.000000,1420.000000,1420.000000,1117.185352,315.926250,40.000000,1420.000000,1197.000000,650.000000,911.000000,1420.000000,1420.000000,1420.000000,0.000000,0.000000,0.000000,0.000000,0.000000,0.000000,0.000000,0.000000,0.000000,0.000000,0.010077,0.010151,0.000001,0.100330,0.006961,0.001124,0.003000,0.013939,0.023154,0.030069,0.010077,0.010151,0.000001,0.100330,0.006961,0.001124,0.003000,0.013939,0.023154,0.030069,0.000000,0.000000,0.000000,0.000000,0.000000,0.000000,0.000000,0.000000,0.000000,0.000000,5994.000000,0.000000,6696409.000000,0.000000,5994.000000,6696409.000000,0.000000,101.780310,113707.471389,101.780310,0.000000,1.000000,5994.000000,5994.000000,6696409.000000,6696409.000000,60.391540,60.391540,101.780310,58.891548,5994.000000,6696409.000000,101.780310,113707.471389
20260823_155349_messaging_001_f90a_flow_00001,real_20260823_155349_messaging_001_f90a,20260823_155349_messaging_001_f90a,Messaging,env_win11_wifi,NORMAL,day_4,2026-08-23,batch_20260823_01,dev_win11_laptop,wifi,warp_enabled,msg_whatsapp_web,real,v2,206.159177,70.899511,40.000000,415.000000,206.000000,116.000000,156.000000,256.000000,300.000000,326.400000,206.159177,70.899511,40.000000,415.000000,206.000000,116.000000,156.000000,256.000000,300.000000,326.400000,0.000000,0.000000,0.000000,0.000000,0.000000,0.000000,0.000000,0.000000,0.000000,0.000000,0.043060,0.041029,0.000054,0.259094,0.030407,0.005105,0.013233,0.061084,0.097085,0.122187,0.043060,0.041029,0.000054,0.259094,0.030407,0.005105,0.013233,0.061084,0.097085,0.122187,0.000000,0.000000,0.000000,0.000000,0.000000,0.000000,0.000000,0.000000,0.000000,0.000000,1313.000000,0.000000,270687.000000,0.000000,1313.000000,270687.000000,0.000000,22.313024,4600.034701,22.313024,0.000000,1.000000,1313.000000,1313.000000,270687.000000,270687.000000,56.494932,56.494932,22.313024,58.844556,1313.000000,270687.000000,22.313024,4600.034701
20260823_155823_messaging_001_2056_flow_00000,real_20260823_155823_messaging_001_2056,20260823_155823_messaging_001_2056,Messaging,env_win11_wifi,NORMAL,day_4,2026-08-23,batch_20260823_01,dev_win11_laptop,wifi,warp_enabled,msg_slack_chat,real,v2,217.639994,74.940054,40.000000,487.000000,218.000000,119.000000,167.000000,268.000000,314.000000,340.000000,217.639994,74.940054,40.000000,487.000000,218.000000,119.000000,167.000000,268.000000,314.000000,340.000000,0.000000,0.000000,0.000000,0.000000,0.000000,0.000000,0.000000,0.000000,0.000000,0.000000,0.009137,0.009262,0.000003,0.107130,0.006449,0.000972,0.002647,0.012503,0.020808,0.027236,0.009137,0.009262,0.000003,0.107130,0.006449,0.000972,0.002647,0.012503,0.020808,0.027236,0.000000,0.000000,0.000000,0.000000,0.000000,0.000000,0.000000,0.000000,0.000000,0.000000,6411.000000,0.000000,1395290.000000,0.000000,6411.000000,1395290.000000,0.000000,110.410443,24029.728065,110.410443,0.000000,1.000000,6411.000000,6411.000000,1395290.000000,1395290.000000,58.570254,58.570254,110.410443,58.065160,6411.000000,1395290.000000,110.410443,24029.728065
20260823_155823_messaging_001_2056_flow_00001,real_20260823_155823_messaging_001_2056,20260823_155823_messaging_001_2056,Messaging,env_win11_wifi,NORMAL,day_4,2026-08-23,batch_20260823_01,dev_win11_laptop,wifi,warp_enabled,msg_slack_chat,real,v2,1178.208730,302.935740,40.000000,1420.000000,1313.000000,720.000000,1005.000000,1420.000000,1420.000000,1420.000000,1178.208730,302.935740,40.000000,1420.000000,1313.000000,720.000000,1005.000000,1420.000000,1420.000000,1420.000000,0.000000,0.000000,0.000000,0.000000,0.000000,0.000000,0.000000,0.000000,0.000000,0.000000,0.001262,0.001266,0.000000,0.014224,0.000878,0.000132,0.000363,0.001741,0.002912,0.003778,0.001262,0.001266,0.000000,0.014224,0.000878,0.000132,0.000363,0.001741,0.002912,0.003778,0.000000,0.000000,0.000000,0.000000,0.000000,0.000000,0.000000,0.000000,0.000000,0.000000,45844.000000,0.000000,54013801.000000,0.000000,45844.000000,54013801.000000,0.000000,789.330724,929996.349639,789.330724,0.000000,1.000000,45844.000000,45844.000000,54013801.000000,54013801.000000,57.876397,57.876397,789.330724,58.079584,45844.000000,54013801.000000,789.330724,929996.349639
20260823_160152_messaging_001_2144_flow_00000,real_20260823_160152_messaging_001_2144,20260823_160152_messaging_001_2144,Messaging,env_win11_wifi,NORMAL,day_4,2026-08-23,batch_20260823_01,dev_win11_laptop,wifi,warp_enabled,msg_discord_text,real,v2,211.672821,75.700672,40.000000,462.000000,209.000000,116.000000,161.000000,263.000000,312.000000,339.000000,211.672821,75.700672,40.000000,462.000000,209.000000,116.000000,161.000000,263.000000,312.000000,339.000000,0.000000,0.000000,0.000000,0.000000,0.000000,0.000000,0.000000,0.000000,0.000000,0.000000,0.031391,0.030388,0.000056,0.212515,0.022138,0.003467,0.009607,0.044015,0.071382,0.091912,0.031391,0.030388,0.000056,0.212515,0.022138,0.003467,0.009607,0.044015,0.071382,0.091912,0.000000,0.000000,0.000000,0.000000,0.000000,0.000000,0.000000,0.000000,0.000000,0.000000,1950.000000,0.000000,412762.000000,0.000000,1950.000000,412762.000000,0.000000,33.156529,7018.336018,33.156529,0.000000,1.000000,1950.000000,1950.000000,412762.000000,412762.000000,61.181927,61.181927,33.156529,58.811946,1950.000000,412762.000000,33.156529,7018.336018
20260823_160152_messaging_001_2144_flow_00001,real_20260823_160152_messaging_001_2144,20260823_160152_messaging_001_2144,Messaging,env_win11_wifi,NORMAL,day_4,2026-08-23,batch_20260823_01,dev_win11_laptop,wifi,warp_enabled,msg_discord_text,real,v2,1163.450071,305.011929,40.000000,1420.000000,1277.000000,710.000000,982.250000,1420.000000,1420.000000,1420.000000,1163.450071,305.011929,40.000000,1420.000000,1277.000000,710.000000,982.250000,1420.000000,1420.000000,1420.000000,0.000000,0.000000,0.000000,0.000000,0.000000,0.000000,0.000000,0.000000,0.000000,0.000000,0.004637,0.004599,0.000001,0.040641,0.003252,0.000497,0.001354,0.006363,0.010546,0.013932,0.004637,0.004599,0.000001,0.040641,0.003252,0.000497,0.001354,0.006363,0.010546,0.013932,0.000000,0.000000,0.000000,0.000000,0.000000,0.000000,0.000000,0.000000,0.000000,0.000000,12738.000000,0.000000,14820027.000000,0.000000,12738.000000,14820027.000000,0.000000,216.700807,252120.569079,216.700807,0.000000,1.000000,12738.000000,12738.000000,14820027.000000,14820027.000000,59.064523,59.064523,216.700807,58.781507,12738.000000,14820027.000000,216.700807,252120.569079
20260823_160304_messaging_001_b4de_flow_00000,real_20260823_160304_messaging_001_b4de,20260823_160304_messaging_001_b4de,Messaging,env_win11_wifi,NORMAL,day_4,2026-08-23,batch_20260823_01,dev_win11_laptop,wifi,warp_enabled,msg_slack_chat,real,v2,220.137489,75.303563,40.000000,500.000000,221.000000,123.000000,168.000000,270.000000,314.000000,345.000000,220.137489,75.303563,40.000000,500.000000,221.000000,123.000000,168.000000,270.000000,314.000000,345.000000,0.000000,0.000000,0.000000,0.000000,0.000000,0.000000,0.000000,0.000000,0.000000,0.000000,0.027053,0.026819,0.000006,0.220756,0.018534,0.002995,0.007752,0.038306,0.064275,0.080170,0.027053,0.026819,0.000006,0.220756,0.018534,0.002995,0.007752,0.038306,0.064275,0.080170,0.000000,0.000000,0.000000,0.000000,0.000000,0.000000,0.000000,0.000000,0.000000,0.000000,2182.000000,0.000000,480340.000000,0.000000,2182.000000,480340.000000,0.000000,36.596516,8056.265110,36.596516,0.000000,1.000000,2182.000000,2182.000000,480340.000000,480340.000000,59.001740,59.001740,36.596516,59.623162,2182.000000,480340.000000,36.596516,8056.265110
20260823_160304_messaging_001_b4de_flow_00001,real_20260823_160304_messaging_001_b4de,20260823_160304_messaging_001_b4de,Messaging,env_win11_wifi,NORMAL,day_4,2026-08-23,batch_20260823_01,dev_win11_laptop,wifi,warp_enabled,msg_slack_chat,real,v2,1158.004024,306.684522,40.000000,1420.000000,1269.000000,701.100000,972.000000,1420.000000,1420.000000,1420.000000,1158.004024,306.684522,40.000000,1420.000000,1269.000000,701.100000,972.000000,1420.000000,1420.000000,1420.000000,0.000000,0.000000,0.000000,0.000000,0.000000,0.000000,0.000000,0.000000,0.000000,0.000000,0.004546,0.004642,0.000000,0.047502,0.003134,0.000475,0.001312,0.006177,0.010439,0.013774,0.004546,0.004642,0.000000,0.047502,0.003134,0.000475,0.001312,0.006177,0.010439,0.013774,0.000000,0.000000,0.000000,0.000000,0.000000,0.000000,0.000000,0.000000,0.000000,0.000000,13172.000000,0.000000,15253229.000000,0.000000,13172.000000,15253229.000000,0.000000,221.093709,256027.404853,221.093709,0.000000,1.000000,13172.000000,13172.000000,15253229.000000,15253229.000000,59.880201,59.880201,221.093709,59.576548,13172.000000,15253229.000000,221.093709,256027.404853
20260823_160438_messaging_001_3d1b_flow_00000,real_20260823_160438_messaging_001_3d1b,20260823_160438_messaging_001_3d1b,Messaging,env_win11_wifi,NORMAL,day_4,2026-08-23,batch_20260823_01,dev_win11_laptop,wifi,warp_enabled,msg_slack_chat,real,v2,1090.893432,317.716123,40.000000,1420.000000,1148.000000,638.900000,880.000000,1420.000000,1420.000000,1420.000000,1090.893432,317.716123,40.000000,1420.000000,1148.000000,638.900000,880.000000,1420.000000,1420.000000,1420.000000,0.000000,0.000000,0.000000,0.000000,0.000000,0.000000,0.000000,0.000000,0.000000,0.000000,0.008145,0.008133,0.000000,0.080400,0.005621,0.000871,0.002360,0.011428,0.018628,0.024474,0.008145,0.008133,0.000000,0.080400,0.005621,0.000871,0.002360,0.011428,0.018628,0.024474,0.000000,0.000000,0.000000,0.000000,0.000000,0.000000,0.000000,0.000000,0.000000,0.000000,7460.000000,0.000000,8138065.000000,0.000000,7460.000000,8138065.000000,0.000000,124.398141,135705.114748,124.398141,0.000000,1.000000,7460.000000,7460.000000,8138065.000000,8138065.000000,60.750667,60.750667,124.398141,59.968742,7460.000000,8138065.000000,124.398141,135705.114748
20260823_160438_messaging_001_3d1b_flow_00001,real_20260823_160438_messaging_001_3d1b,20260823_160438_messaging_001_3d1b,Messaging,env_win11_wifi,NORMAL,day_4,2026-08-23,batch_20260823_01,dev_win11_laptop,wifi,warp_enabled,msg_slack_chat,real,v2,228.141045,75.608264,40.000000,452.000000,227.000000,130.000000,176.000000,278.000000,325.000000,353.500000,228.141045,75.608264,40.000000,452.000000,227.000000,130.000000,176.000000,278.000000,325.000000,353.500000,0.000000,0.000000,0.000000,0.000000,0.000000,0.000000,0.000000,0.000000,0.000000,0.000000,0.030792,0.030091,0.000006,0.258971,0.021407,0.002882,0.008604,0.042910,0.073373,0.091134,0.030792,0.030091,0.000006,0.258971,0.021407,0.002882,0.008604,0.042910,0.073373,0.091134,0.000000,0.000000,0.000000,0.000000,0.000000,0.000000,0.000000,0.000000,0.000000,0.000000,1971.000000,0.000000,449666.000000,0.000000,1971.000000,449666.000000,0.000000,32.867144,7498.344472,32.867144,0.000000,1.000000,1971.000000,1971.000000,449666.000000,449666.000000,60.659409,60.659409,32.867144,59.968704,1971.000000,449666.000000,32.867144,7498.344472
20260823_160546_messaging_001_240e_flow_00000,real_20260823_160546_messaging_001_240e,20260823_160546_messaging_001_240e,Messaging,env_win11_wifi,NORMAL,day_4,2026-08-23,batch_20260823_01,dev_win11_laptop,wifi,warp_enabled,msg_discord_text,real,v2,1144.645924,307.946968,40.000000,1420.000000,1238.000000,692.000000,948.000000,1420.000000,1420.000000,1420.000000,1144.645924,307.946968,40.000000,1420.000000,1238.000000,692.000000,948.000000,1420.000000,1420.000000,1420.000000,0.000000,0.000000,0.000000,0.000000,0.000000,0.000000,0.000000,0.000000,0.000000,0.000000,0.007058,0.006971,0.000001,0.076729,0.004910,0.000783,0.002091,0.009940,0.016112,0.020915,0.007058,0.006971,0.000001,0.076729,0.004910,0.000783,0.002091,0.009940,0.016112,0.020915,0.000000,0.000000,0.000000,0.000000,0.000000,0.000000,0.000000,0.000000,0.000000,0.000000,8501.000000,0.000000,9730635.000000,0.000000,8501.000000,9730635.000000,0.000000,142.445848,163050.059848,142.445848,0.000000,1.000000,8501.000000,8501.000000,9730635.000000,9730635.000000,59.993504,59.993504,142.445848,59.678819,8501.000000,9730635.000000,142.445848,163050.059848
20260823_160546_messaging_001_240e_flow_00001,real_20260823_160546_messaging_001_240e,20260823_160546_messaging_001_240e,Messaging,env_win11_wifi,NORMAL,day_4,2026-08-23,batch_20260823_01,dev_win11_laptop,wifi,warp_enabled,msg_discord_text,real,v2,183.321244,63.860685,40.000000,395.000000,182.000000,101.000000,139.000000,228.000000,267.000000,290.000000,183.321244,63.860685,40.000000,395.000000,182.000000,101.000000,139.000000,228.000000,267.000000,290.000000,0.000000,0.000000,0.000000,0.000000,0.000000,0.000000,0.000000,0.000000,0.000000,0.000000,0.037624,0.037295,0.000025,0.286401,0.025955,0.004088,0.011036,0.053648,0.086120,0.113808,0.037624,0.037295,0.000025,0.286401,0.025955,0.004088,0.011036,0.053648,0.086120,0.113808,0.000000,0.000000,0.000000,0.000000,0.000000,0.000000,0.000000,0.000000,0.000000,0.000000,1544.000000,0.000000,283048.000000,0.000000,1544.000000,283048.000000,0.000000,25.889453,4746.086754,25.889453,0.000000,1.000000,1544.000000,1544.000000,283048.000000,283048.000000,58.053959,58.053959,25.889453,59.638185,1544.000000,283048.000000,25.889453,4746.086754
20260823_160655_messaging_001_72b1_flow_00000,real_20260823_160655_messaging_001_72b1,20260823_160655_messaging_001_72b1,Messaging,env_win11_wifi,NORMAL,day_4,2026-08-23,batch_20260823_01,dev_win11_laptop,wifi,warp_enabled,msg_telegram_sync,real,v2,169.177264,60.323384,40.000000,389.000000,164.000000,92.800000,126.000000,208.000000,249.000000,280.000000,169.177264,60.323384,40.000000,389.000000,164.000000,92.800000,126.000000,208.000000,249.000000,280.000000,0.000000,0.000000,0.000000,0.000000,0.000000,0.000000,0.000000,0.000000,0.000000,0.000000,0.128515,0.133380,0.000477,0.781255,0.088321,0.012736,0.035425,0.173466,0.293835,0.381602,0.128515,0.133380,0.000477,0.781255,0.088321,0.012736,0.035425,0.173466,0.293835,0.381602,0.000000,0.000000,0.000000,0.000000,0.000000,0.000000,0.000000,0.000000,0.000000,0.000000,519.000000,0.000000,87803.000000,0.000000,519.000000,87803.000000,0.000000,8.712292,1473.921701,8.712292,0.000000,1.000000,519.000000,519.000000,87803.000000,87803.000000,66.571025,66.571025,8.712292,59.571007,519.000000,87803.000000,8.712292,1473.921701
20260823_160655_messaging_001_72b1_flow_00001,real_20260823_160655_messaging_001_72b1,20260823_160655_messaging_001_72b1,Messaging,env_win11_wifi,NORMAL,day_4,2026-08-23,batch_20260823_01,dev_win11_laptop,wifi,warp_enabled,msg_telegram_sync,real,v2,697.633411,244.593997,40.000000,1420.000000,695.500000,378.400000,538.000000,860.750000,1010.900000,1092.950000,697.633411,244.593997,40.000000,1420.000000,695.500000,378.400000,538.000000,860.750000,1010.900000,1092.950000,0.000000,0.000000,0.000000,0.000000,0.000000,0.000000,0.000000,0.000000,0.000000,0.000000,0.070993,0.071081,0.000208,0.518156,0.050315,0.008134,0.020883,0.095732,0.163765,0.221648,0.070993,0.071081,0.000208,0.518156,0.050315,0.008134,0.020883,0.095732,0.163765,0.221648,0.000000,0.000000,0.000000,0.000000,0.000000,0.000000,0.000000,0.000000,0.000000,0.000000,862.000000,0.000000,601360.000000,0.000000,862.000000,601360.000000,0.000000,14.469949,10094.719909,14.469949,0.000000,1.000000,862.000000,862.000000,601360.000000,601360.000000,61.124977,61.124977,14.469949,59.571737,862.000000,601360.000000,14.469949,10094.719909
20260823_160828_messaging_001_7f33_flow_00000,real_20260823_160828_messaging_001_7f33,20260823_160828_messaging_001_7f33,Messaging,env_win11_wifi,NORMAL,day_4,2026-08-23,batch_20260823_01,dev_win11_laptop,wifi,warp_enabled,msg_discord_text,real,v2,186.175853,64.428075,40.000000,339.000000,186.000000,99.000000,138.000000,233.000000,271.000000,290.000000,186.175853,64.428075,40.000000,339.000000,186.000000,99.000000,138.000000,233.000000,271.000000,290.000000,0.000000,0.000000,0.000000,0.000000,0.000000,0.000000,0.000000,0.000000,0.000000,0.000000,0.165555,0.170074,0.000052,1.052628,0.115642,0.018050,0.052547,0.218337,0.366061,0.508828,0.165555,0.170074,0.000052,1.052628,0.115642,0.018050,0.052547,0.218337,0.366061,0.508828,0.000000,0.000000,0.000000,0.000000,0.000000,0.000000,0.000000,0.000000,0.000000,0.000000,381.000000,0.000000,70933.000000,0.000000,381.000000,70933.000000,0.000000,6.480686,1206.547173,6.480686,0.000000,3.000000,127.000000,195.000000,23644.333333,36254.000000,20.283976,34.989435,6.480686,58.790076,381.000000,70933.000000,6.480686,1206.547173
20260823_160828_messaging_001_7f33_flow_00001,real_20260823_160828_messaging_001_7f33,20260823_160828_messaging_001_7f33,Messaging,env_win11_wifi,NORMAL,day_4,2026-08-23,batch_20260823_01,dev_win11_laptop,wifi,warp_enabled,msg_discord_text,real,v2,266.622549,96.837789,40.000000,642.000000,265.000000,148.700000,200.000000,331.250000,387.000000,425.650000,266.622549,96.837789,40.000000,642.000000,265.000000,148.700000,200.000000,331.250000,387.000000,425.650000,0.000000,0.000000,0.000000,0.000000,0.000000,0.000000,0.000000,0.000000,0.000000,0.000000,0.150961,0.143676,0.000322,0.719242,0.111269,0.017227,0.046360,0.194299,0.357284,0.464704,0.150961,0.143676,0.000322,0.719242,0.111269,0.017227,0.046360,0.194299,0.357284,0.464704,0.000000,0.000000,0.000000,0.000000,0.000000,0.000000,0.000000,0.000000,0.000000,0.000000,408.000000,0.000000,108782.000000,0.000000,408.000000,108782.000000,0.000000,6.939553,1850.241347,6.939553,0.000000,1.000000,408.000000,408.000000,108782.000000,108782.000000,61.441243,61.441243,6.939553,58.793411,408.000000,108782.000000,6.939553,1850.241347
20260823_160947_messaging_001_869a_flow_00000,real_20260823_160947_messaging_001_869a,20260823_160947_messaging_001_869a,Messaging,env_win11_wifi,NORMAL,day_4,2026-08-23,batch_20260823_01,dev_win11_laptop,wifi,warp_enabled,msg_telegram_sync,real,v2,253.871397,90.070276,40.000000,524.000000,257.000000,135.000000,186.000000,313.500000,378.000000,405.000000,253.871397,90.070276,40.000000,524.000000,257.000000,135.000000,186.000000,313.500000,378.000000,405.000000,0.000000,0.000000,0.000000,0.000000,0.000000,0.000000,0.000000,0.000000,0.000000,0.000000,0.132631,0.136127,0.000280,0.923901,0.096346,0.013122,0.034403,0.188636,0.298696,0.373333,0.132631,0.136127,0.000280,0.923901,0.096346,0.013122,0.034403,0.188636,0.298696,0.373333,0.000000,0.000000,0.000000,0.000000,0.000000,0.000000,0.000000,0.000000,0.000000,0.000000,451.000000,0.000000,114496.000000,0.000000,451.000000,114496.000000,0.000000,7.535694,1913.097107,7.535694,0.000000,1.000000,451.000000,451.000000,114496.000000,114496.000000,59.684174,59.684174,7.535694,59.848504,451.000000,114496.000000,7.535694,1913.097107
20260823_160947_messaging_001_869a_flow_00001,real_20260823_160947_messaging_001_869a,20260823_160947_messaging_001_869a,Messaging,env_win11_wifi,NORMAL,day_4,2026-08-23,batch_20260823_01,dev_win11_laptop,wifi,warp_enabled,msg_telegram_sync,real,v2,174.976134,59.056735,40.000000,328.000000,174.000000,103.000000,134.500000,217.000000,251.000000,268.100000,174.976134,59.056735,40.000000,328.000000,174.000000,103.000000,134.500000,217.000000,251.000000,268.100000,0.000000,0.000000,0.000000,0.000000,0.000000,0.000000,0.000000,0.000000,0.000000,0.000000,0.136579,0.127203,0.001501,0.827918,0.106238,0.015558,0.042111,0.188832,0.282273,0.388018,0.136579,0.127203,0.001501,0.827918,0.106238,0.015558,0.042111,0.188832,0.282273,0.388018,0.000000,0.000000,0.000000,0.000000,0.000000,0.000000,0.000000,0.000000,0.000000,0.000000,419.000000,0.000000,73315.000000,0.000000,419.000000,73315.000000,0.000000,7.006511,1225.972224,7.006511,0.000000,1.000000,419.000000,419.000000,73315.000000,73315.000000,57.089932,57.089932,7.006511,59.801518,419.000000,73315.000000,7.006511,1225.972224
20260823_161053_messaging_001_e319_flow_00000,real_20260823_161053_messaging_001_e319,20260823_161053_messaging_001_e319,Messaging,env_win11_wifi,NORMAL,day_4,2026-08-23,batch_20260823_01,dev_win11_laptop,wifi,warp_enabled,msg_whatsapp_web,real,v2,292.834545,97.508562,40.000000,627.000000,296.000000,160.900000,226.000000,357.750000,423.000000,447.650000,292.834545,97.508562,40.000000,627.000000,296.000000,160.900000,226.000000,357.750000,423.000000,447.650000,0.000000,0.000000,0.000000,0.000000,0.000000,0.000000,0.000000,0.000000,0.000000,0.000000,0.104238,0.107414,0.000134,0.730088,0.072433,0.010014,0.028975,0.140707,0.243396,0.312679,0.104238,0.107414,0.000134,0.730088,0.072433,0.010014,0.028975,0.140707,0.243396,0.312679,0.000000,0.000000,0.000000,0.000000,0.000000,0.000000,0.000000,0.000000,0.000000,0.000000,550.000000,0.000000,161059.000000,0.000000,550.000000,161059.000000,0.000000,9.331931,2732.711804,9.331931,0.000000,1.000000,550.000000,550.000000,161059.000000,161059.000000,57.226715,57.226715,9.331931,58.937426,550.000000,161059.000000,9.331931,2732.711804
20260823_161053_messaging_001_e319_flow_00001,real_20260823_161053_messaging_001_e319,20260823_161053_messaging_001_e319,Messaging,env_win11_wifi,NORMAL,day_4,2026-08-23,batch_20260823_01,dev_win11_laptop,wifi,warp_enabled,msg_whatsapp_web,real,v2,415.702886,147.186303,40.000000,858.000000,409.000000,237.000000,316.000000,519.000000,608.600000,661.000000,415.702886,147.186303,40.000000,858.000000,409.000000,237.000000,316.000000,519.000000,608.600000,661.000000,0.000000,0.000000,0.000000,0.000000,0.000000,0.000000,0.000000,0.000000,0.000000,0.000000,0.098324,0.103673,0.000003,0.725154,0.065836,0.008975,0.025289,0.134105,0.230265,0.304494,0.098324,0.103673,0.000003,0.725154,0.065836,0.008975,0.025289,0.134105,0.230265,0.304494,0.000000,0.000000,0.000000,0.000000,0.000000,0.000000,0.000000,0.000000,0.000000,0.000000,589.000000,0.000000,244849.000000,0.000000,589.000000,244849.000000,0.000000,10.001569,4157.681090,10.001569,0.000000,1.000000,589.000000,589.000000,244849.000000,244849.000000,57.814413,57.814413,10.001569,58.890760,589.000000,244849.000000,10.001569,4157.681090
20260823_161401_voip_001_b89f_flow_00000,real_20260823_161401_voip_001_b89f,20260823_161401_voip_001_b89f,VoIP,env_win11_wifi,NORMAL,day_4,2026-08-23,batch_20260823_01,dev_win11_laptop,wifi,warp_enabled,voip_skype_call,real,v2,395.305785,137.535573,40.000000,862.000000,403.000000,213.000000,304.000000,487.000000,557.800000,622.200000,395.305785,137.535573,40.000000,862.000000,403.000000,213.000000,304.000000,487.000000,557.800000,622.200000,0.000000,0.000000,0.000000,0.000000,0.000000,0.000000,0.000000,0.000000,0.000000,0.000000,0.095421,0.090277,0.000118,0.510906,0.067429,0.011011,0.027424,0.136702,0.223574,0.282175,0.095421,0.090277,0.000118,0.510906,0.067429,0.011011,0.027424,0.136702,0.223574,0.282175,0.000000,0.000000,0.000000,0.000000,0.000000,0.000000,0.000000,0.000000,0.000000,0.000000,605.000000,0.000000,239160.000000,0.000000,605.000000,239160.000000,0.000000,10.281958,4064.517396,10.281958,0.000000,1.000000,605.000000,605.000000,239160.000000,239160.000000,57.634527,57.634527,10.281958,58.840934,605.000000,239160.000000,10.281958,4064.517396
20260823_161401_voip_001_b89f_flow_00001,real_20260823_161401_voip_001_b89f,20260823_161401_voip_001_b89f,VoIP,env_win11_wifi,NORMAL,day_4,2026-08-23,batch_20260823_01,dev_win11_laptop,wifi,warp_enabled,voip_skype_call,real,v2,241.650376,86.890530,40.000000,529.000000,237.000000,135.100000,178.000000,297.250000,363.800000,389.450000,241.650376,86.890530,40.000000,529.000000,237.000000,135.100000,178.000000,297.250000,363.800000,389.450000,0.000000,0.000000,0.000000,0.000000,0.000000,0.000000,0.000000,0.000000,0.000000,0.000000,0.116584,0.116195,0.000127,0.634910,0.075652,0.013395,0.031471,0.167490,0.287339,0.339872,0.116584,0.116195,0.000127,0.634910,0.075652,0.013395,0.031471,0.167490,0.287339,0.339872,0.000000,0.000000,0.000000,0.000000,0.000000,0.000000,0.000000,0.000000,0.000000,0.000000,532.000000,0.000000,128558.000000,0.000000,532.000000,128558.000000,0.000000,9.048588,2186.594752,9.048588,0.000000,1.000000,532.000000,532.000000,128558.000000,128558.000000,61.906081,61.906081,9.048588,58.793702,532.000000,128558.000000,9.048588,2186.594752
20260823_161509_voip_001_9812_flow_00000,real_20260823_161509_voip_001_9812,20260823_161509_voip_001_9812,VoIP,env_win11_wifi,NORMAL,day_4,2026-08-23,batch_20260823_01,dev_win11_laptop,wifi,warp_enabled,voip_meet_audio,real,v2,224.420744,78.303539,40.000000,435.000000,226.000000,120.000000,170.000000,280.500000,324.000000,342.500000,224.420744,78.303539,40.000000,435.000000,226.000000,120.000000,170.000000,280.500000,324.000000,342.500000,0.000000,0.000000,0.000000,0.000000,0.000000,0.000000,0.000000,0.000000,0.000000,0.000000,0.109595,0.108110,0.000001,0.768502,0.077880,0.013377,0.033772,0.146831,0.247145,0.333694,0.109595,0.108110,0.000001,0.768502,0.077880,0.013377,0.033772,0.146831,0.247145,0.333694,0.000000,0.000000,0.000000,0.000000,0.000000,0.000000,0.000000,0.000000,0.000000,0.000000,511.000000,0.000000,114679.000000,0.000000,511.000000,114679.000000,0.000000,8.691097,1950.462354,8.691097,0.000000,1.000000,511.000000,511.000000,114679.000000,114679.000000,55.893479,55.893479,8.691097,58.795803,511.000000,114679.000000,8.691097,1950.462354
20260823_161509_voip_001_9812_flow_00001,real_20260823_161509_voip_001_9812,20260823_161509_voip_001_9812,VoIP,env_win11_wifi,NORMAL,day_4,2026-08-23,batch_20260823_01,dev_win11_laptop,wifi,warp_enabled,voip_meet_audio,real,v2,260.160748,90.136685,40.000000,521.000000,261.000000,149.000000,200.000000,317.500000,376.000000,412.200000,260.160748,90.136685,40.000000,521.000000,261.000000,149.000000,200.000000,317.500000,376.000000,412.200000,0.000000,0.000000,0.000000,0.000000,0.000000,0.000000,0.000000,0.000000,0.000000,0.000000,0.107878,0.109796,0.000032,0.594144,0.078063,0.012605,0.028789,0.146019,0.232378,0.346904,0.107878,0.109796,0.000032,0.594144,0.078063,0.012605,0.028789,0.146019,0.232378,0.346904,0.000000,0.000000,0.000000,0.000000,0.000000,0.000000,0.000000,0.000000,0.000000,0.000000,535.000000,0.000000,139186.000000,0.000000,535.000000,139186.000000,0.000000,9.098768,2367.142343,9.098768,0.000000,1.000000,535.000000,535.000000,139186.000000,139186.000000,57.606606,57.606606,9.098768,58.799168,535.000000,139186.000000,9.098768,2367.142343
20260823_161649_voip_001_c01e_flow_00000,real_20260823_161649_voip_001_c01e,20260823_161649_voip_001_c01e,VoIP,env_win11_wifi,NORMAL,day_4,2026-08-23,batch_20260823_01,dev_win11_laptop,wifi,warp_enabled,voip_teams_voice,real,v2,329.467562,109.449717,40.000000,703.000000,326.000000,190.000000,257.000000,403.500000,476.800000,510.800000,329.467562,109.449717,40.000000,703.000000,326.000000,190.000000,257.000000,403.500000,476.800000,510.800000,0.000000,0.000000,0.000000,0.000000,0.000000,0.000000,0.000000,0.000000,0.000000,0.000000,0.134351,0.129530,0.000049,0.904612,0.092949,0.013910,0.041062,0.193150,0.310915,0.384013,0.134351,0.129530,0.000049,0.904612,0.092949,0.013910,0.041062,0.193150,0.310915,0.384013,0.000000,0.000000,0.000000,0.000000,0.000000,0.000000,0.000000,0.000000,0.000000,0.000000,447.000000,0.000000,147272.000000,0.000000,447.000000,147272.000000,0.000000,7.618491,2510.045585,7.618491,0.000000,1.000000,447.000000,447.000000,147272.000000,147272.000000,59.920470,59.920470,7.618491,58.673038,447.000000,147272.000000,7.618491,2510.045585
20260823_161649_voip_001_c01e_flow_00001,real_20260823_161649_voip_001_c01e,20260823_161649_voip_001_c01e,VoIP,env_win11_wifi,NORMAL,day_4,2026-08-23,batch_20260823_01,dev_win11_laptop,wifi,warp_enabled,voip_teams_voice,real,v2,214.958237,76.445135,40.000000,467.000000,214.000000,113.000000,158.500000,269.000000,312.000000,344.000000,214.958237,76.445135,40.000000,467.000000,214.000000,113.000000,158.500000,269.000000,312.000000,344.000000,0.000000,0.000000,0.000000,0.000000,0.000000,0.000000,0.000000,0.000000,0.000000,0.000000,0.137628,0.133829,0.000335,0.789462,0.103026,0.014584,0.038615,0.187988,0.311205,0.404284,0.137628,0.133829,0.000335,0.789462,0.103026,0.014584,0.038615,0.187988,0.311205,0.404284,0.000000,0.000000,0.000000,0.000000,0.000000,0.000000,0.000000,0.000000,0.000000,0.000000,431.000000,0.000000,92647.000000,0.000000,431.000000,92647.000000,0.000000,7.351775,1580.324672,7.351775,0.000000,1.000000,431.000000,431.000000,92647.000000,92647.000000,59.180254,59.180254,7.351775,58.625295,431.000000,92647.000000,7.351775,1580.324672
20260823_161758_voip_001_0549_flow_00000,real_20260823_161758_voip_001_0549,20260823_161758_voip_001_0549,VoIP,env_win11_wifi,NORMAL,day_4,2026-08-23,batch_20260823_01,dev_win11_laptop,wifi,warp_enabled,voip_meet_audio,real,v2,241.306250,78.344148,40.000000,464.000000,237.500000,141.000000,184.750000,303.250000,342.200000,357.050000,241.306250,78.344148,40.000000,464.000000,237.500000,141.000000,184.750000,303.250000,342.200000,357.050000,0.000000,0.000000,0.000000,0.000000,0.000000,0.000000,0.000000,0.000000,0.000000,0.000000,0.200691,0.196510,0.000437,0.970852,0.134317,0.021435,0.055229,0.287728,0.483190,0.609834,0.200691,0.196510,0.000437,0.970852,0.134317,0.021435,0.055229,0.287728,0.483190,0.609834,0.000000,0.000000,0.000000,0.000000,0.000000,0.000000,0.000000,0.000000,0.000000,0.000000,320.000000,0.000000,77218.000000,0.000000,320.000000,77218.000000,0.000000,5.340261,1288.638416,5.340261,0.000000,1.000000,320.000000,320.000000,77218.000000,77218.000000,64.020524,64.020524,5.340261,59.922162,320.000000,77218.000000,5.340261,1288.638416
20260823_161758_voip_001_0549_flow_00001,real_20260823_161758_voip_001_0549,20260823_161758_voip_001_0549,VoIP,env_win11_wifi,NORMAL,day_4,2026-08-23,batch_20260823_01,dev_win11_laptop,wifi,warp_enabled,voip_meet_audio,real,v2,162.735484,56.128214,40.000000,348.000000,159.000000,89.900000,119.250000,205.750000,235.100000,261.100000,162.735484,56.128214,40.000000,348.000000,159.000000,89.900000,119.250000,205.750000,235.100000,261.100000,0.000000,0.000000,0.000000,0.000000,0.000000,0.000000,0.000000,0.000000,0.000000,0.000000,0.185828,0.172498,0.000252,1.142424,0.136177,0.022586,0.050390,0.262217,0.415929,0.535671,0.185828,0.172498,0.000252,1.142424,0.136177,0.022586,0.050390,0.262217,0.415929,0.535671,0.000000,0.000000,0.000000,0.000000,0.000000,0.000000,0.000000,0.000000,0.000000,0.000000,310.000000,0.000000,50448.000000,0.000000,310.000000,50448.000000,0.000000,5.203513,846.796265,5.203513,0.000000,2.000000,155.000000,252.000000,25224.000000,40641.000000,28.139170,46.152092,5.203513,59.575133,310.000000,50448.000000,5.203513,846.796265
20260823_161916_voip_001_7fd9_flow_00000,real_20260823_161916_voip_001_7fd9,20260823_161916_voip_001_7fd9,VoIP,env_win11_wifi,NORMAL,day_4,2026-08-23,batch_20260823_01,dev_win11_laptop,wifi,warp_enabled,voip_discord_voice,real,v2,457.841860,159.203373,40.000000,989.000000,468.000000,253.400000,350.000000,566.000000,650.600000,704.000000,457.841860,159.203373,40.000000,989.000000,468.000000,253.400000,350.000000,566.000000,650.600000,704.000000,0.000000,0.000000,0.000000,0.000000,0.000000,0.000000,0.000000,0.000000,0.000000,0.000000,0.097062,0.092551,0.000241,0.571251,0.069988,0.011785,0.028216,0.136309,0.220436,0.273598,0.097062,0.092551,0.000241,0.571251,0.069988,0.011785,0.028216,0.136309,0.220436,0.273598,0.000000,0.000000,0.000000,0.000000,0.000000,0.000000,0.000000,0.000000,0.000000,0.000000,645.000000,0.000000,295308.000000,0.000000,645.000000,295308.000000,0.000000,10.797274,4943.444210,10.797274,0.000000,1.000000,645.000000,645.000000,295308.000000,295308.000000,62.507672,62.507672,10.797274,59.737298,645.000000,295308.000000,10.797274,4943.444210
20260823_161916_voip_001_7fd9_flow_00001,real_20260823_161916_voip_001_7fd9,20260823_161916_voip_001_7fd9,VoIP,env_win11_wifi,NORMAL,day_4,2026-08-23,batch_20260823_01,dev_win11_laptop,wifi,warp_enabled,voip_discord_voice,real,v2,186.547025,67.396346,40.000000,362.000000,183.000000,99.000000,140.000000,232.000000,274.000000,302.000000,186.547025,67.396346,40.000000,362.000000,183.000000,99.000000,140.000000,232.000000,274.000000,302.000000,0.000000,0.000000,0.000000,0.000000,0.000000,0.000000,0.000000,0.000000,0.000000,0.000000,0.116062,0.111256,0.000358,0.694127,0.082072,0.013151,0.032975,0.165364,0.268691,0.329214,0.116062,0.111256,0.000358,0.694127,0.082072,0.013151,0.032975,0.165364,0.268691,0.329214,0.000000,0.000000,0.000000,0.000000,0.000000,0.000000,0.000000,0.000000,0.000000,0.000000,521.000000,0.000000,97191.000000,0.000000,521.000000,97191.000000,0.000000,8.722544,1627.164624,8.722544,0.000000,1.000000,521.000000,521.000000,97191.000000,97191.000000,60.352137,60.352137,8.722544,59.730281,521.000000,97191.000000,8.722544,1627.164624
20260823_162123_voip_001_51e2_flow_00000,real_20260823_162123_voip_001_51e2,20260823_162123_voip_001_51e2,VoIP,env_win11_wifi,NORMAL,day_4,2026-08-23,batch_20260823_01,dev_win11_laptop,wifi,warp_enabled,voip_discord_voice,real,v2,266.404313,83.991527,40.000000,548.000000,268.000000,158.000000,207.000000,319.000000,369.000000,410.500000,266.404313,83.991527,40.000000,548.000000,268.000000,158.000000,207.000000,319.000000,369.000000,410.500000,0.000000,0.000000,0.000000,0.000000,0.000000,0.000000,0.000000,0.000000,0.000000,0.000000,0.163051,0.160431,0.000321,0.896472,0.111469,0.018516,0.048531,0.221775,0.386822,0.496980,0.163051,0.160431,0.000321,0.896472,0.111469,0.018516,0.048531,0.221775,0.386822,0.496980,0.000000,0.000000,0.000000,0.000000,0.000000,0.000000,0.000000,0.000000,0.000000,0.000000,371.000000,0.000000,98836.000000,0.000000,371.000000,98836.000000,0.000000,6.437331,1714.932803,6.437331,0.000000,1.000000,371.000000,371.000000,98836.000000,98836.000000,60.328926,60.328926,6.437331,57.632579,371.000000,98836.000000,6.437331,1714.932803
20260823_162123_voip_001_51e2_flow_00001,real_20260823_162123_voip_001_51e2,20260823_162123_voip_001_51e2,VoIP,env_win11_wifi,NORMAL,day_4,2026-08-23,batch_20260823_01,dev_win11_laptop,wifi,warp_enabled,voip_discord_voice,real,v2,253.842541,94.662632,40.000000,501.000000,257.000000,131.200000,190.500000,322.750000,367.900000,412.850000,253.842541,94.662632,40.000000,501.000000,257.000000,131.200000,190.500000,322.750000,367.900000,412.850000,0.000000,0.000000,0.000000,0.000000,0.000000,0.000000,0.000000,0.000000,0.000000,0.000000,0.156486,0.160881,0.000099,1.112237,0.106748,0.017462,0.045952,0.206975,0.369967,0.475070,0.156486,0.160881,0.000099,1.112237,0.106748,0.017462,0.045952,0.206975,0.369967,0.475070,0.000000,0.000000,0.000000,0.000000,0.000000,0.000000,0.000000,0.000000,0.000000,0.000000,362.000000,0.000000,91891.000000,0.000000,362.000000,91891.000000,0.000000,6.280971,1594.377666,6.280971,0.000000,2.000000,181.000000,190.000000,45945.500000,48064.000000,27.689636,29.679067,6.280971,57.634400,362.000000,91891.000000,6.280971,1594.377666
20260823_162302_voip_001_6194_flow_00000,real_20260823_162302_voip_001_6194,20260823_162302_voip_001_6194,VoIP,env_win11_wifi,NORMAL,day_4,2026-08-23,batch_20260823_01,dev_win11_laptop,wifi,warp_enabled,voip_discord_voice,real,v2,438.082237,149.692898,40.000000,877.000000,436.000000,256.400000,339.000000,536.000000,621.600000,689.950000,438.082237,149.692898,40.000000,877.000000,436.000000,256.400000,339.000000,536.000000,621.600000,689.950000,0.000000,0.000000,0.000000,0.000000,0.000000,0.000000,0.000000,0.000000,0.000000,0.000000,0.090403,0.093249,0.000478,0.639152,0.063140,0.008303,0.025915,0.122014,0.205146,0.261883,0.090403,0.093249,0.000478,0.639152,0.063140,0.008303,0.025915,0.122014,0.205146,0.261883,0.000000,0.000000,0.000000,0.000000,0.000000,0.000000,0.000000,0.000000,0.000000,0.000000,608.000000,0.000000,266354.000000,0.000000,608.000000,266354.000000,0.000000,10.275640,4501.575347,10.275640,0.000000,1.000000,608.000000,608.000000,266354.000000,266354.000000,54.874372,54.874372,10.275640,59.169064,608.000000,266354.000000,10.275640,4501.575347
20260823_162302_voip_001_6194_flow_00001,real_20260823_162302_voip_001_6194,20260823_162302_voip_001_6194,VoIP,env_win11_wifi,NORMAL,day_4,2026-08-23,batch_20260823_01,dev_win11_laptop,wifi,warp_enabled,voip_discord_voice,real,v2,222.127572,74.191034,40.000000,454.000000,225.000000,126.500000,170.000000,269.750000,316.000000,346.500000,222.127572,74.191034,40.000000,454.000000,225.000000,126.500000,170.000000,269.750000,316.000000,346.500000,0.000000,0.000000,0.000000,0.000000,0.000000,0.000000,0.000000,0.000000,0.000000,0.000000,0.117457,0.112338,0.000070,0.696476,0.084924,0.012687,0.031368,0.163322,0.262859,0.359583,0.117457,0.112338,0.000070,0.696476,0.084924,0.012687,0.031368,0.163322,0.262859,0.359583,0.000000,0.000000,0.000000,0.000000,0.000000,0.000000,0.000000,0.000000,0.000000,0.000000,486.000000,0.000000,107954.000000,0.000000,486.000000,107954.000000,0.000000,8.218738,1825.608225,8.218738,0.000000,1.000000,486.000000,486.000000,107954.000000,107954.000000,56.966741,56.966741,8.218738,59.133169,486.000000,107954.000000,8.218738,1825.608225
20260823_162426_voip_001_9219_flow_00000,real_20260823_162426_voip_001_9219,20260823_162426_voip_001_9219,VoIP,env_win11_wifi,NORMAL,day_4,2026-08-23,batch_20260823_01,dev_win11_laptop,wifi,warp_enabled,voip_meet_audio,real,v2,195.570149,66.223612,40.000000,365.000000,197.000000,109.900000,148.000000,241.750000,282.000000,302.550000,195.570149,66.223612,40.000000,365.000000,197.000000,109.900000,148.000000,241.750000,282.000000,302.550000,0.000000,0.000000,0.000000,0.000000,0.000000,0.000000,0.000000,0.000000,0.000000,0.000000,0.090122,0.087684,0.000118,0.563924,0.060684,0.010735,0.025475,0.125561,0.217368,0.263444,0.090122,0.087684,0.000118,0.563924,0.060684,0.010735,0.025475,0.125561,0.217368,0.263444,0.000000,0.000000,0.000000,0.000000,0.000000,0.000000,0.000000,0.000000,0.000000,0.000000,670.000000,0.000000,131032.000000,0.000000,670.000000,131032.000000,0.000000,11.408612,2231.183904,11.408612,0.000000,1.000000,670.000000,670.000000,131032.000000,131032.000000,60.291292,60.291292,11.408612,58.727566,670.000000,131032.000000,11.408612,2231.183904
20260823_162426_voip_001_9219_flow_00001,real_20260823_162426_voip_001_9219,20260823_162426_voip_001_9219,VoIP,env_win11_wifi,NORMAL,day_4,2026-08-23,batch_20260823_01,dev_win11_laptop,wifi,warp_enabled,voip_meet_audio,real,v2,344.382732,112.656963,40.000000,705.000000,352.000000,192.000000,267.000000,423.000000,484.500000,520.000000,344.382732,112.656963,40.000000,705.000000,352.000000,192.000000,267.000000,423.000000,484.500000,520.000000,0.000000,0.000000,0.000000,0.000000,0.000000,0.000000,0.000000,0.000000,0.000000,0.000000,0.076225,0.072176,0.000033,0.442382,0.055585,0.007463,0.022079,0.107735,0.174178,0.225222,0.076225,0.072176,0.000033,0.442382,0.055585,0.007463,0.022079,0.107735,0.174178,0.225222,0.000000,0.000000,0.000000,0.000000,0.000000,0.000000,0.000000,0.000000,0.000000,0.000000,776.000000,0.000000,267241.000000,0.000000,776.000000,267241.000000,0.000000,13.222784,4553.698486,13.222784,0.000000,1.000000,776.000000,776.000000,267241.000000,267241.000000,59.074364,59.074364,13.222784,58.686582,776.000000,267241.000000,13.222784,4553.698486
20260823_162544_voip_001_9fd7_flow_00000,real_20260823_162544_voip_001_9fd7,20260823_162544_voip_001_9fd7,VoIP,env_win11_wifi,NORMAL,day_4,2026-08-23,batch_20260823_01,dev_win11_laptop,wifi,warp_enabled,voip_zoom_audio,real,v2,145.180180,49.612575,40.000000,320.000000,144.500000,80.000000,110.000000,176.000000,208.000000,225.000000,145.180180,49.612575,40.000000,320.000000,144.500000,80.000000,110.000000,176.000000,208.000000,225.000000,0.000000,0.000000,0.000000,0.000000,0.000000,0.000000,0.000000,0.000000,0.000000,0.000000,0.139824,0.134443,0.000091,0.847351,0.106192,0.012005,0.040732,0.193963,0.312450,0.401947,0.139824,0.134443,0.000091,0.847351,0.106192,0.012005,0.040732,0.193963,0.312450,0.401947,0.000000,0.000000,0.000000,0.000000,0.000000,0.000000,0.000000,0.000000,0.000000,0.000000,444.000000,0.000000,64460.000000,0.000000,444.000000,64460.000000,0.000000,7.422663,1077.623590,7.422663,0.000000,1.000000,444.000000,444.000000,64460.000000,64460.000000,61.942075,61.942075,7.422663,59.816805,444.000000,64460.000000,7.422663,1077.623590
20260823_162544_voip_001_9fd7_flow_00001,real_20260823_162544_voip_001_9fd7,20260823_162544_voip_001_9fd7,VoIP,env_win11_wifi,NORMAL,day_4,2026-08-23,batch_20260823_01,dev_win11_laptop,wifi,warp_enabled,voip_zoom_audio,real,v2,300.300613,104.459742,40.000000,573.000000,297.000000,170.800000,232.000000,370.000000,436.400000,467.600000,300.300613,104.459742,40.000000,573.000000,297.000000,170.800000,232.000000,370.000000,436.400000,467.600000,0.000000,0.000000,0.000000,0.000000,0.000000,0.000000,0.000000,0.000000,0.000000,0.000000,0.129168,0.123455,0.000502,0.801109,0.090192,0.013606,0.037390,0.189006,0.312471,0.383217,0.129168,0.123455,0.000502,0.801109,0.090192,0.013606,0.037390,0.189006,0.312471,0.383217,0.000000,0.000000,0.000000,0.000000,0.000000,0.000000,0.000000,0.000000,0.000000,0.000000,489.000000,0.000000,146847.000000,0.000000,489.000000,146847.000000,0.000000,8.181430,2456.888585,8.181430,0.000000,1.000000,489.000000,489.000000,146847.000000,146847.000000,63.033977,63.033977,8.181430,59.769499,489.000000,146847.000000,8.181430,2456.888585
20260823_162704_voip_001_571e_flow_00000,real_20260823_162704_voip_001_571e,20260823_162704_voip_001_571e,VoIP,env_win11_wifi,NORMAL,day_4,2026-08-23,batch_20260823_01,dev_win11_laptop,wifi,warp_enabled,voip_teams_voice,real,v2,266.932773,97.657225,40.000000,564.000000,264.000000,146.600000,204.000000,340.000000,389.000000,414.400000,266.932773,97.657225,40.000000,564.000000,264.000000,146.600000,204.000000,340.000000,389.000000,414.400000,0.000000,0.000000,0.000000,0.000000,0.000000,0.000000,0.000000,0.000000,0.000000,0.000000,0.156688,0.152335,0.000840,1.035063,0.102409,0.024428,0.052846,0.224855,0.355239,0.437644,0.156688,0.152335,0.000840,1.035063,0.102409,0.024428,0.052846,0.224855,0.355239,0.437644,0.000000,0.000000,0.000000,0.000000,0.000000,0.000000,0.000000,0.000000,0.000000,0.000000,357.000000,0.000000,95295.000000,0.000000,357.000000,95295.000000,0.000000,6.010435,1604.382116,6.010435,0.000000,2.000000,178.500000,194.000000,47647.500000,51512.000000,27.372983,29.709969,6.010435,59.396698,357.000000,95295.000000,6.010435,1604.382116
20260823_162704_voip_001_571e_flow_00001,real_20260823_162704_voip_001_571e,20260823_162704_voip_001_571e,VoIP,env_win11_wifi,NORMAL,day_4,2026-08-23,batch_20260823_01,dev_win11_laptop,wifi,warp_enabled,voip_teams_voice,real,v2,169.066265,57.066256,40.000000,304.000000,170.500000,91.100000,133.000000,211.000000,244.900000,264.450000,169.066265,57.066256,40.000000,304.000000,170.500000,91.100000,133.000000,211.000000,244.900000,264.450000,0.000000,0.000000,0.000000,0.000000,0.000000,0.000000,0.000000,0.000000,0.000000,0.000000,0.177436,0.171711,0.000444,1.203584,0.129499,0.019063,0.052614,0.235379,0.407957,0.511077,0.177436,0.171711,0.000444,1.203584,0.129499,0.019063,0.052614,0.235379,0.407957,0.511077,0.000000,0.000000,0.000000,0.000000,0.000000,0.000000,0.000000,0.000000,0.000000,0.000000,332.000000,0.000000,56130.000000,0.000000,332.000000,56130.000000,0.000000,5.682300,960.685196,5.682300,0.000000,2.000000,166.000000,312.000000,28065.000000,52874.000000,28.763794,54.795585,5.682300,58.427048,332.000000,56130.000000,5.682300,960.685196
20260823_162946_file_transfer_001_5b75_flow_00000,real_20260823_162946_file_transfer_001_5b75,20260823_162946_file_transfer_001_5b75,File Transfer,env_win11_wifi,NORMAL,day_4,2026-08-23,batch_20260823_01,dev_win11_laptop,wifi,warp_enabled,ft_mega_download,real,v2,239.424901,82.759626,40.000000,521.000000,243.000000,133.500000,183.000000,290.750000,347.000000,373.500000,239.424901,82.759626,40.000000,521.000000,243.000000,133.500000,183.000000,290.750000,347.000000,373.500000,0.000000,0.000000,0.000000,0.000000,0.000000,0.000000,0.000000,0.000000,0.000000,0.000000,0.113048,0.111840,0.000055,0.707496,0.081338,0.011988,0.030576,0.160198,0.259153,0.336062,0.113048,0.111840,0.000055,0.707496,0.081338,0.011988,0.030576,0.160198,0.259153,0.336062,0.000000,0.000000,0.000000,0.000000,0.000000,0.000000,0.000000,0.000000,0.000000,0.000000,506.000000,0.000000,121149.000000,0.000000,506.000000,121149.000000,0.000000,8.603125,2059.802432,8.603125,0.000000,1.000000,506.000000,506.000000,121149.000000,121149.000000,57.089460,57.089460,8.603125,58.815835,506.000000,121149.000000,8.603125,2059.802432
20260823_162946_file_transfer_001_5b75_flow_00001,real_20260823_162946_file_transfer_001_5b75,20260823_162946_file_transfer_001_5b75,File Transfer,env_win11_wifi,NORMAL,day_4,2026-08-23,batch_20260823_01,dev_win11_laptop,wifi,warp_enabled,ft_mega_download,real,v2,265.275665,95.845879,40.000000,529.000000,267.000000,138.500000,205.000000,327.000000,388.500000,420.750000,265.275665,95.845879,40.000000,529.000000,267.000000,138.500000,205.000000,327.000000,388.500000,420.750000,0.000000,0.000000,0.000000,0.000000,0.000000,0.000000,0.000000,0.000000,0.000000,0.000000,0.117781,0.121595,0.000040,1.049178,0.074069,0.012292,0.033342,0.168483,0.280823,0.354559,0.117781,0.121595,0.000040,1.049178,0.074069,0.012292,0.033342,0.168483,0.280823,0.354559,0.000000,0.000000,0.000000,0.000000,0.000000,0.000000,0.000000,0.000000,0.000000,0.000000,526.000000,0.000000,139535.000000,0.000000,526.000000,139535.000000,0.000000,8.940937,2371.813099,8.940937,0.000000,2.000000,263.000000,383.000000,69767.500000,100525.000000,30.392990,42.951139,8.940937,58.830521,526.000000,139535.000000,8.940937,2371.813099
20260823_163126_file_transfer_001_bea6_flow_00000,real_20260823_163126_file_transfer_001_bea6,20260823_163126_file_transfer_001_bea6,File Transfer,env_win11_wifi,NORMAL,day_4,2026-08-23,batch_20260823_01,dev_win11_laptop,wifi,warp_enabled,ft_gdrive_upload,real,v2,235.591281,82.980488,40.000000,489.000000,233.000000,135.000000,178.500000,289.000000,341.000000,366.500000,235.591281,82.980488,40.000000,489.000000,233.000000,135.000000,178.500000,289.000000,341.000000,366.500000,0.000000,0.000000,0.000000,0.000000,0.000000,0.000000,0.000000,0.000000,0.000000,0.000000,0.152243,0.147296,0.000391,0.789315,0.101105,0.020110,0.053791,0.209338,0.352175,0.482547,0.152243,0.147296,0.000391,0.789315,0.101105,0.020110,0.053791,0.209338,0.352175,0.482547,0.000000,0.000000,0.000000,0.000000,0.000000,0.000000,0.000000,0.000000,0.000000,0.000000,367.000000,0.000000,86462.000000,0.000000,367.000000,86462.000000,0.000000,6.122527,1442.414033,6.122527,0.000000,1.000000,367.000000,367.000000,86462.000000,86462.000000,55.720989,55.720989,6.122527,59.942567,367.000000,86462.000000,6.122527,1442.414033
20260823_163126_file_transfer_001_bea6_flow_00001,real_20260823_163126_file_transfer_001_bea6,20260823_163126_file_transfer_001_bea6,File Transfer,env_win11_wifi,NORMAL,day_4,2026-08-23,batch_20260823_01,dev_win11_laptop,wifi,warp_enabled,ft_gdrive_upload,real,v2,167.827485,53.938730,40.000000,319.000000,166.000000,101.000000,130.250000,204.000000,238.000000,255.950000,167.827485,53.938730,40.000000,319.000000,166.000000,101.000000,130.250000,204.000000,238.000000,255.950000,0.000000,0.000000,0.000000,0.000000,0.000000,0.000000,0.000000,0.000000,0.000000,0.000000,0.186664,0.188005,0.000732,1.072086,0.131633,0.021746,0.055987,0.246905,0.463138,0.571662,0.186664,0.188005,0.000732,1.072086,0.131633,0.021746,0.055987,0.246905,0.463138,0.571662,0.000000,0.000000,0.000000,0.000000,0.000000,0.000000,0.000000,0.000000,0.000000,0.000000,342.000000,0.000000,57397.000000,0.000000,342.000000,57397.000000,0.000000,5.709864,958.272064,5.709864,0.000000,3.000000,114.000000,143.000000,19132.333333,23880.000000,20.526456,27.137925,5.709864,59.896351,342.000000,57397.000000,5.709864,958.272064
20260823_163237_file_transfer_001_390f_flow_00000,real_20260823_163237_file_transfer_001_390f,20260823_163237_file_transfer_001_390f,File Transfer,env_win11_wifi,NORMAL,day_4,2026-08-23,batch_20260823_01,dev_win11_laptop,wifi,warp_enabled,ft_sftp_sync,real,v2,214.153005,75.894329,40.000000,441.000000,213.000000,115.500000,163.250000,265.750000,308.500000,336.500000,214.153005,75.894329,40.000000,441.000000,213.000000,115.500000,163.250000,265.750000,308.500000,336.500000,0.000000,0.000000,0.000000,0.000000,0.000000,0.000000,0.000000,0.000000,0.000000,0.000000,0.144647,0.150396,0.000405,1.169333,0.091507,0.015782,0.042408,0.202553,0.340289,0.416023,0.144647,0.150396,0.000405,1.169333,0.091507,0.015782,0.042408,0.202553,0.340289,0.416023,0.000000,0.000000,0.000000,0.000000,0.000000,0.000000,0.000000,0.000000,0.000000,0.000000,366.000000,0.000000,78380.000000,0.000000,366.000000,78380.000000,0.000000,6.536457,1399.801836,6.536457,0.000000,2.000000,183.000000,243.000000,39190.000000,51893.000000,25.813352,34.282051,6.536457,55.993640,366.000000,78380.000000,6.536457,1399.801836
20260823_163237_file_transfer_001_390f_flow_00001,real_20260823_163237_file_transfer_001_390f,20260823_163237_file_transfer_001_390f,File Transfer,env_win11_wifi,NORMAL,day_4,2026-08-23,batch_20260823_01,dev_win11_laptop,wifi,warp_enabled,ft_sftp_sync,real,v2,263.696658,93.273130,40.000000,581.000000,270.000000,146.000000,196.000000,328.000000,379.000000,424.600000,263.696658,93.273130,40.000000,581.000000,270.000000,146.000000,196.000000,328.000000,379.000000,424.600000,0.000000,0.000000,0.000000,0.000000,0.000000,0.000000,0.000000,0.000000,0.000000,0.000000,0.147378,0.150665,0.000041,1.227582,0.098148,0.013423,0.044688,0.205808,0.337241,0.425533,0.147378,0.150665,0.000041,1.227582,0.098148,0.013423,0.044688,0.205808,0.337241,0.425533,0.000000,0.000000,0.000000,0.000000,0.000000,0.000000,0.000000,0.000000,0.000000,0.000000,389.000000,0.000000,102578.000000,0.000000,389.000000,102578.000000,0.000000,6.946820,1831.853306,6.946820,0.000000,2.000000,194.500000,227.000000,51289.000000,58985.000000,27.977589,33.401617,6.946820,55.996842,389.000000,102578.000000,6.946820,1831.853306
20260823_163447_file_transfer_001_d03c_flow_00000,real_20260823_163447_file_transfer_001_d03c,20260823_163447_file_transfer_001_d03c,File Transfer,env_win11_wifi,NORMAL,day_4,2026-08-23,batch_20260823_01,dev_win11_laptop,wifi,warp_enabled,ft_gdrive_upload,real,v2,294.114068,102.579504,40.000000,629.000000,294.500000,168.500000,230.250000,362.750000,420.500000,461.750000,294.114068,102.579504,40.000000,629.000000,294.500000,168.500000,230.250000,362.750000,420.500000,461.750000,0.000000,0.000000,0.000000,0.000000,0.000000,0.000000,0.000000,0.000000,0.000000,0.000000,0.111725,0.112629,0.000049,0.658093,0.074640,0.009350,0.027653,0.161961,0.261373,0.332318,0.111725,0.112629,0.000049,0.658093,0.074640,0.009350,0.027653,0.161961,0.261373,0.332318,0.000000,0.000000,0.000000,0.000000,0.000000,0.000000,0.000000,0.000000,0.000000,0.000000,526.000000,0.000000,154704.000000,0.000000,526.000000,154704.000000,0.000000,8.810794,2591.378577,8.810794,0.000000,1.000000,526.000000,526.000000,154704.000000,154704.000000,58.655540,58.655540,8.810794,59.699498,526.000000,154704.000000,8.810794,2591.378577
20260823_163447_file_transfer_001_d03c_flow_00001,real_20260823_163447_file_transfer_001_d03c,20260823_163447_file_transfer_001_d03c,File Transfer,env_win11_wifi,NORMAL,day_4,2026-08-23,batch_20260823_01,dev_win11_laptop,wifi,warp_enabled,ft_gdrive_upload,real,v2,209.815900,73.213937,40.000000,426.000000,209.000000,114.000000,161.000000,255.750000,306.000000,336.000000,209.815900,73.213937,40.000000,426.000000,209.000000,114.000000,161.000000,255.750000,306.000000,336.000000,0.000000,0.000000,0.000000,0.000000,0.000000,0.000000,0.000000,0.000000,0.000000,0.000000,0.120569,0.117093,0.000593,0.640149,0.084958,0.012601,0.034629,0.165400,0.280632,0.364760,0.120569,0.117093,0.000593,0.640149,0.084958,0.012601,0.034629,0.165400,0.280632,0.364760,0.000000,0.000000,0.000000,0.000000,0.000000,0.000000,0.000000,0.000000,0.000000,0.000000,478.000000,0.000000,100292.000000,0.000000,478.000000,100292.000000,0.000000,8.013218,1681.300565,8.013218,0.000000,1.000000,478.000000,478.000000,100292.000000,100292.000000,57.511601,57.511601,8.013218,59.651440,478.000000,100292.000000,8.013218,1681.300565
20260823_163557_file_transfer_001_aa30_flow_00000,real_20260823_163557_file_transfer_001_aa30,20260823_163557_file_transfer_001_aa30,File Transfer,env_win11_wifi,NORMAL,day_4,2026-08-23,batch_20260823_01,dev_win11_laptop,wifi,warp_enabled,ft_onedrive_sync,real,v2,246.055072,88.376111,40.000000,498.000000,244.000000,131.000000,187.000000,306.000000,362.600000,393.000000,246.055072,88.376111,40.000000,498.000000,244.000000,131.000000,187.000000,306.000000,362.600000,393.000000,0.000000,0.000000,0.000000,0.000000,0.000000,0.000000,0.000000,0.000000,0.000000,0.000000,0.168504,0.158920,0.002482,0.991585,0.116532,0.021323,0.049448,0.250626,0.371101,0.484146,0.168504,0.158920,0.002482,0.991585,0.116532,0.021323,0.049448,0.250626,0.371101,0.484146,0.000000,0.000000,0.000000,0.000000,0.000000,0.000000,0.000000,0.000000,0.000000,0.000000,345.000000,0.000000,84889.000000,0.000000,345.000000,84889.000000,0.000000,5.791567,1425.044379,5.791567,0.000000,1.000000,345.000000,345.000000,84889.000000,84889.000000,57.965319,57.965319,5.791567,59.569373,345.000000,84889.000000,5.791567,1425.044379
20260823_163557_file_transfer_001_aa30_flow_00001,real_20260823_163557_file_transfer_001_aa30,20260823_163557_file_transfer_001_aa30,File Transfer,env_win11_wifi,NORMAL,day_4,2026-08-23,batch_20260823_01,dev_win11_laptop,wifi,warp_enabled,ft_onedrive_sync,real,v2,155.737179,52.998770,40.000000,335.000000,153.000000,88.000000,116.750000,194.250000,225.900000,240.450000,155.737179,52.998770,40.000000,335.000000,153.000000,88.000000,116.750000,194.250000,225.900000,240.450000,0.000000,0.000000,0.000000,0.000000,0.000000,0.000000,0.000000,0.000000,0.000000,0.000000,0.197247,0.184894,0.000376,1.001360,0.149405,0.023514,0.058143,0.270628,0.455901,0.608651,0.197247,0.184894,0.000376,1.001360,0.149405,0.023514,0.058143,0.270628,0.455901,0.608651,0.000000,0.000000,0.000000,0.000000,0.000000,0.000000,0.000000,0.000000,0.000000,0.000000,312.000000,0.000000,48590.000000,0.000000,312.000000,48590.000000,0.000000,5.241720,816.330672,5.241720,0.000000,2.000000,156.000000,275.000000,24295.000000,42723.000000,30.171184,54.070796,5.241720,59.522448,312.000000,48590.000000,5.241720,816.330672
20260823_163704_file_transfer_001_2090_flow_00000,real_20260823_163704_file_transfer_001_2090,20260823_163704_file_transfer_001_2090,File Transfer,env_win11_wifi,NORMAL,day_4,2026-08-23,batch_20260823_01,dev_win11_laptop,wifi,warp_enabled,ft_onedrive_sync,real,v2,267.909794,90.784264,65.000000,598.000000,261.500000,154.700000,203.500000,323.000000,385.000000,427.850000,267.909794,90.784264,65.000000,598.000000,261.500000,154.700000,203.500000,323.000000,385.000000,427.850000,0.000000,0.000000,0.000000,0.000000,0.000000,0.000000,0.000000,0.000000,0.000000,0.000000,0.149148,0.148047,0.000213,1.170287,0.104459,0.020374,0.043423,0.205221,0.343076,0.439776,0.149148,0.148047,0.000213,1.170287,0.104459,0.020374,0.043423,0.205221,0.343076,0.439776,0.000000,0.000000,0.000000,0.000000,0.000000,0.000000,0.000000,0.000000,0.000000,0.000000,388.000000,0.000000,103949.000000,0.000000,388.000000,103949.000000,0.000000,6.569535,1760.042664,6.569535,0.000000,2.000000,194.000000,288.000000,51974.500000,77855.000000,28.275019,42.211752,6.569535,59.060500,388.000000,103949.000000,6.569535,1760.042664
20260823_163704_file_transfer_001_2090_flow_00001,real_20260823_163704_file_transfer_001_2090,20260823_163704_file_transfer_001_2090,File Transfer,env_win11_wifi,NORMAL,day_4,2026-08-23,batch_20260823_01,dev_win11_laptop,wifi,warp_enabled,ft_onedrive_sync,real,v2,212.908840,74.930808,40.000000,434.000000,212.500000,112.600000,160.000000,260.750000,310.900000,341.750000,212.908840,74.930808,40.000000,434.000000,212.500000,112.600000,160.000000,260.750000,310.900000,341.750000,0.000000,0.000000,0.000000,0.000000,0.000000,0.000000,0.000000,0.000000,0.000000,0.000000,0.156836,0.146870,0.000896,0.962634,0.119803,0.022182,0.048684,0.222965,0.345514,0.432868,0.156836,0.146870,0.000896,0.962634,0.119803,0.022182,0.048684,0.222965,0.345514,0.432868,0.000000,0.000000,0.000000,0.000000,0.000000,0.000000,0.000000,0.000000,0.000000,0.000000,362.000000,0.000000,77073.000000,0.000000,362.000000,77073.000000,0.000000,6.132533,1305.670528,6.132533,0.000000,1.000000,362.000000,362.000000,77073.000000,77073.000000,56.617619,56.617619,6.132533,59.029440,362.000000,77073.000000,6.132533,1305.670528
20260823_163829_file_transfer_001_a40b_flow_00000,real_20260823_163829_file_transfer_001_a40b,20260823_163829_file_transfer_001_a40b,File Transfer,env_win11_wifi,NORMAL,day_4,2026-08-23,batch_20260823_01,dev_win11_laptop,wifi,warp_enabled,ft_dropbox_download,real,v2,229.674959,74.575502,40.000000,427.000000,233.000000,128.200000,178.000000,283.000000,329.000000,343.900000,229.674959,74.575502,40.000000,427.000000,233.000000,128.200000,178.000000,283.000000,329.000000,343.900000,0.000000,0.000000,0.000000,0.000000,0.000000,0.000000,0.000000,0.000000,0.000000,0.000000,0.100780,0.105392,0.000075,1.100194,0.068044,0.009677,0.027419,0.141695,0.242183,0.303665,0.100780,0.105392,0.000075,1.100194,0.068044,0.009677,0.027419,0.141695,0.242183,0.303665,0.000000,0.000000,0.000000,0.000000,0.000000,0.000000,0.000000,0.000000,0.000000,0.000000,603.000000,0.000000,138494.000000,0.000000,603.000000,138494.000000,0.000000,10.198158,2342.261552,10.198158,0.000000,2.000000,301.500000,512.000000,69247.000000,116331.000000,29.784603,50.090324,10.198158,59.128324,603.000000,138494.000000,10.198158,2342.261552
20260823_163829_file_transfer_001_a40b_flow_00001,real_20260823_163829_file_transfer_001_a40b,20260823_163829_file_transfer_001_a40b,File Transfer,env_win11_wifi,NORMAL,day_4,2026-08-23,batch_20260823_01,dev_win11_laptop,wifi,warp_enabled,ft_dropbox_download,real,v2,282.686916,98.278077,40.000000,579.000000,283.000000,155.200000,216.250000,346.500000,411.000000,446.000000,282.686916,98.278077,40.000000,579.000000,283.000000,155.200000,216.250000,346.500000,411.000000,446.000000,0.000000,0.000000,0.000000,0.000000,0.000000,0.000000,0.000000,0.000000,0.000000,0.000000,0.092855,0.094820,0.000003,0.605845,0.060352,0.011849,0.027558,0.128879,0.210643,0.290961,0.092855,0.094820,0.000003,0.605845,0.060352,0.011849,0.027558,0.128879,0.210643,0.290961,0.000000,0.000000,0.000000,0.000000,0.000000,0.000000,0.000000,0.000000,0.000000,0.000000,642.000000,0.000000,181485.000000,0.000000,642.000000,181485.000000,0.000000,10.857666,3069.320106,10.857666,0.000000,1.000000,642.000000,642.000000,181485.000000,181485.000000,59.519878,59.519878,10.857666,59.128730,642.000000,181485.000000,10.857666,3069.320106
20260823_163936_file_transfer_001_3420_flow_00000,real_20260823_163936_file_transfer_001_3420,20260823_163936_file_transfer_001_3420,File Transfer,env_win11_wifi,NORMAL,day_4,2026-08-23,batch_20260823_01,dev_win11_laptop,wifi,warp_enabled,ft_onedrive_sync,real,v2,389.288357,135.526170,40.000000,773.000000,387.000000,220.000000,300.500000,482.500000,563.000000,611.100000,389.288357,135.526170,40.000000,773.000000,387.000000,220.000000,300.500000,482.500000,563.000000,611.100000,0.000000,0.000000,0.000000,0.000000,0.000000,0.000000,0.000000,0.000000,0.000000,0.000000,0.066580,0.063443,0.000026,0.417370,0.046909,0.007992,0.021214,0.093469,0.150708,0.191572,0.066580,0.063443,0.000026,0.417370,0.046909,0.007992,0.021214,0.093469,0.150708,0.191572,0.000000,0.000000,0.000000,0.000000,0.000000,0.000000,0.000000,0.000000,0.000000,0.000000,919.000000,0.000000,357756.000000,0.000000,919.000000,357756.000000,0.000000,15.713715,6117.166212,15.713715,0.000000,1.000000,919.000000,919.000000,357756.000000,357756.000000,61.120606,61.120606,15.713715,58.483943,919.000000,357756.000000,15.713715,6117.166212
20260823_163936_file_transfer_001_3420_flow_00001,real_20260823_163936_file_transfer_001_3420,20260823_163936_file_transfer_001_3420,File Transfer,env_win11_wifi,NORMAL,day_4,2026-08-23,batch_20260823_01,dev_win11_laptop,wifi,warp_enabled,ft_onedrive_sync,real,v2,214.553459,72.249816,40.000000,476.000000,212.000000,126.000000,167.000000,259.500000,309.600000,335.300000,214.553459,72.249816,40.000000,476.000000,212.000000,126.000000,167.000000,259.500000,309.600000,335.300000,0.000000,0.000000,0.000000,0.000000,0.000000,0.000000,0.000000,0.000000,0.000000,0.000000,0.075664,0.075600,0.000003,0.529846,0.052372,0.007095,0.020236,0.102360,0.180405,0.231469,0.075664,0.075600,0.000003,0.529846,0.052372,0.007095,0.020236,0.102360,0.180405,0.231469,0.000000,0.000000,0.000000,0.000000,0.000000,0.000000,0.000000,0.000000,0.000000,0.000000,795.000000,0.000000,170570.000000,0.000000,795.000000,170570.000000,0.000000,13.593452,2916.522075,13.593452,0.000000,1.000000,795.000000,795.000000,170570.000000,170570.000000,60.077190,60.077190,13.593452,58.484042,795.000000,170570.000000,13.593452,2916.522075
20260823_164056_file_transfer_001_1a06_flow_00000,real_20260823_164056_file_transfer_001_1a06,20260823_164056_file_transfer_001_1a06,File Transfer,env_win11_wifi,NORMAL,day_4,2026-08-23,batch_20260823_01,dev_win11_laptop,wifi,warp_enabled,ft_sftp_sync,real,v2,240.956731,78.768522,40.000000,448.000000,243.000000,136.500000,188.750000,293.250000,339.000000,368.250000,240.956731,78.768522,40.000000,448.000000,243.000000,136.500000,188.750000,293.250000,339.000000,368.250000,0.000000,0.000000,0.000000,0.000000,0.000000,0.000000,0.000000,0.000000,0.000000,0.000000,0.153773,0.145883,0.000031,0.866233,0.106159,0.019773,0.044215,0.222803,0.345134,0.428441,0.153773,0.145883,0.000031,0.866233,0.106159,0.019773,0.044215,0.222803,0.345134,0.428441,0.000000,0.000000,0.000000,0.000000,0.000000,0.000000,0.000000,0.000000,0.000000,0.000000,416.000000,0.000000,100238.000000,0.000000,416.000000,100238.000000,0.000000,6.964305,1678.096193,6.964305,0.000000,1.000000,416.000000,416.000000,100238.000000,100238.000000,63.815967,63.815967,6.964305,59.733167,416.000000,100238.000000,6.964305,1678.096193
20260823_164056_file_transfer_001_1a06_flow_00001,real_20260823_164056_file_transfer_001_1a06,20260823_164056_file_transfer_001_1a06,File Transfer,env_win11_wifi,NORMAL,day_4,2026-08-23,batch_20260823_01,dev_win11_laptop,wifi,warp_enabled,ft_sftp_sync,real,v2,153.375000,51.166042,40.000000,315.000000,152.000000,90.100000,117.000000,185.250000,219.900000,235.450000,153.375000,51.166042,40.000000,315.000000,152.000000,90.100000,117.000000,185.250000,219.900000,235.450000,0.000000,0.000000,0.000000,0.000000,0.000000,0.000000,0.000000,0.000000,0.000000,0.000000,0.143776,0.144070,0.000149,0.827211,0.093583,0.011875,0.043215,0.192725,0.335867,0.455095,0.143776,0.144070,0.000149,0.827211,0.093583,0.011875,0.043215,0.192725,0.335867,0.455095,0.000000,0.000000,0.000000,0.000000,0.000000,0.000000,0.000000,0.000000,0.000000,0.000000,392.000000,0.000000,60123.000000,0.000000,392.000000,60123.000000,0.000000,6.565884,1007.042510,6.565884,0.000000,1.000000,392.000000,392.000000,60123.000000,60123.000000,56.216331,56.216331,6.565884,59.702544,392.000000,60123.000000,6.565884,1007.042510
20260823_164203_file_transfer_001_0aa3_flow_00000,real_20260823_164203_file_transfer_001_0aa3,20260823_164203_file_transfer_001_0aa3,File Transfer,env_win11_wifi,NORMAL,day_4,2026-08-23,batch_20260823_01,dev_win11_laptop,wifi,warp_enabled,ft_mega_download,real,v2,259.706395,87.100849,40.000000,542.000000,262.000000,149.000000,204.000000,308.250000,360.100000,400.850000,259.706395,87.100849,40.000000,542.000000,262.000000,149.000000,204.000000,308.250000,360.100000,400.850000,0.000000,0.000000,0.000000,0.000000,0.000000,0.000000,0.000000,0.000000,0.000000,0.000000,0.139595,0.145051,0.000029,0.848814,0.093284,0.013610,0.041783,0.182144,0.339887,0.433711,0.139595,0.145051,0.000029,0.848814,0.093284,0.013610,0.041783,0.182144,0.339887,0.433711,0.000000,0.000000,0.000000,0.000000,0.000000,0.000000,0.000000,0.000000,0.000000,0.000000,344.000000,0.000000,89339.000000,0.000000,344.000000,89339.000000,0.000000,5.753104,1494.117991,5.753104,0.000000,1.000000,344.000000,344.000000,89339.000000,89339.000000,47.880927,47.880927,5.753104,59.793805,344.000000,89339.000000,5.753104,1494.117991
20260823_164203_file_transfer_001_0aa3_flow_00001,real_20260823_164203_file_transfer_001_0aa3,20260823_164203_file_transfer_001_0aa3,File Transfer,env_win11_wifi,NORMAL,day_4,2026-08-23,batch_20260823_01,dev_win11_laptop,wifi,warp_enabled,ft_mega_download,real,v2,150.758621,51.603057,40.000000,309.000000,149.000000,85.000000,115.000000,183.500000,216.000000,239.200000,150.758621,51.603057,40.000000,309.000000,149.000000,85.000000,115.000000,183.500000,216.000000,239.200000,0.000000,0.000000,0.000000,0.000000,0.000000,0.000000,0.000000,0.000000,0.000000,0.000000,0.177937,0.185425,0.001635,1.094318,0.112192,0.017623,0.049947,0.236709,0.417730,0.566218,0.177937,0.185425,0.001635,1.094318,0.112192,0.017623,0.049947,0.236709,0.417730,0.566218,0.000000,0.000000,0.000000,0.000000,0.000000,0.000000,0.000000,0.000000,0.000000,0.000000,319.000000,0.000000,48092.000000,0.000000,319.000000,48092.000000,0.000000,5.337647,804.696231,5.337647,0.000000,2.000000,159.500000,287.000000,24046.000000,43959.000000,27.744759,51.116244,5.337647,59.764167,319.000000,48092.000000,5.337647,804.696231
20260823_164647_other_001_d4e4_flow_00000,real_20260823_164647_other_001_d4e4,20260823_164647_other_001_d4e4,Other,env_win11_wifi,NORMAL,day_4,2026-08-23,batch_20260823_01,dev_win11_laptop,wifi,warp_enabled,oth_idle_keepalive,real,v2,211.853591,71.103787,40.000000,447.000000,211.500000,123.000000,160.000000,262.750000,308.700000,322.950000,211.853591,71.103787,40.000000,447.000000,211.500000,123.000000,160.000000,262.750000,308.700000,322.950000,0.000000,0.000000,0.000000,0.000000,0.000000,0.000000,0.000000,0.000000,0.000000,0.000000,0.163809,0.176303,0.000297,1.055793,0.111617,0.021373,0.048578,0.222322,0.358183,0.536989,0.163809,0.176303,0.000297,1.055793,0.111617,0.021373,0.048578,0.222322,0.358183,0.536989,0.000000,0.000000,0.000000,0.000000,0.000000,0.000000,0.000000,0.000000,0.000000,0.000000,362.000000,0.000000,76691.000000,0.000000,362.000000,76691.000000,0.000000,6.084208,1288.961263,6.084208,0.000000,3.000000,120.666667,272.000000,25563.666667,58315.000000,19.017366,41.453823,6.084208,59.498297,362.000000,76691.000000,6.084208,1288.961263
20260823_164647_other_001_d4e4_flow_00001,real_20260823_164647_other_001_d4e4,20260823_164647_other_001_d4e4,Other,env_win11_wifi,NORMAL,day_4,2026-08-23,batch_20260823_01,dev_win11_laptop,wifi,warp_enabled,oth_idle_keepalive,real,v2,273.522546,95.854195,40.000000,574.000000,269.000000,160.200000,212.000000,328.000000,398.000000,446.000000,273.522546,95.854195,40.000000,574.000000,269.000000,160.200000,212.000000,328.000000,398.000000,446.000000,0.000000,0.000000,0.000000,0.000000,0.000000,0.000000,0.000000,0.000000,0.000000,0.000000,0.156028,0.168471,0.000123,1.846617,0.106894,0.021746,0.048847,0.208615,0.341597,0.431032,0.156028,0.168471,0.000123,1.846617,0.106894,0.021746,0.048847,0.208615,0.341597,0.431032,0.000000,0.000000,0.000000,0.000000,0.000000,0.000000,0.000000,0.000000,0.000000,0.000000,377.000000,0.000000,103118.000000,0.000000,377.000000,103118.000000,0.000000,6.336320,1733.126257,6.336320,0.000000,3.000000,125.666667,222.000000,34372.666667,60627.000000,18.569611,33.420121,6.336320,59.498262,377.000000,103118.000000,6.336320,1733.126257
20260823_164826_other_001_eac8_flow_00000,real_20260823_164826_other_001_eac8,20260823_164826_other_001_eac8,Other,env_win11_wifi,NORMAL,day_4,2026-08-23,batch_20260823_01,dev_win11_laptop,wifi,warp_enabled,oth_cloud_backup,real,v2,186.712418,66.724309,40.000000,386.000000,189.000000,102.500000,137.750000,231.000000,266.500000,293.750000,186.712418,66.724309,40.000000,386.000000,189.000000,102.500000,137.750000,231.000000,266.500000,293.750000,0.000000,0.000000,0.000000,0.000000,0.000000,0.000000,0.000000,0.000000,0.000000,0.000000,0.187133,0.180835,0.001194,1.126894,0.131782,0.016360,0.055512,0.267573,0.425149,0.545223,0.187133,0.180835,0.001194,1.126894,0.131782,0.016360,0.055512,0.267573,0.425149,0.545223,0.000000,0.000000,0.000000,0.000000,0.000000,0.000000,0.000000,0.000000,0.000000,0.000000,306.000000,0.000000,57134.000000,0.000000,306.000000,57134.000000,0.000000,5.147010,961.010676,5.147010,0.000000,3.000000,102.000000,142.000000,19044.666667,26222.000000,18.298251,23.882830,5.147010,59.451993,306.000000,57134.000000,5.147010,961.010676
20260823_164826_other_001_eac8_flow_00001,real_20260823_164826_other_001_eac8,20260823_164826_other_001_eac8,Other,env_win11_wifi,NORMAL,day_4,2026-08-23,batch_20260823_01,dev_win11_laptop,wifi,warp_enabled,oth_cloud_backup,real,v2,267.728659,95.259357,40.000000,606.000000,263.500000,144.700000,202.750000,332.000000,389.000000,424.600000,267.728659,95.259357,40.000000,606.000000,263.500000,144.700000,202.750000,332.000000,389.000000,424.600000,0.000000,0.000000,0.000000,0.000000,0.000000,0.000000,0.000000,0.000000,0.000000,0.000000,0.180428,0.189892,0.000328,1.274150,0.123896,0.018786,0.041012,0.241867,0.480177,0.555638,0.180428,0.189892,0.000328,1.274150,0.123896,0.018786,0.041012,0.241867,0.480177,0.555638,0.000000,0.000000,0.000000,0.000000,0.000000,0.000000,0.000000,0.000000,0.000000,0.000000,328.000000,0.000000,87815.000000,0.000000,328.000000,87815.000000,0.000000,5.515042,1476.534833,5.515042,0.000000,2.000000,164.000000,306.000000,43907.500000,81272.000000,28.862853,54.213732,5.515042,59.473707,328.000000,87815.000000,5.515042,1476.534833
20260823_164938_other_001_7ffe_flow_00000,real_20260823_164938_other_001_7ffe,20260823_164938_other_001_7ffe,Other,env_win11_wifi,NORMAL,day_4,2026-08-23,batch_20260823_01,dev_win11_laptop,wifi,warp_enabled,oth_dns_ntp_sync,real,v2,350.540373,116.686177,40.000000,712.000000,354.000000,206.300000,269.000000,436.250000,501.700000,532.250000,350.540373,116.686177,40.000000,712.000000,354.000000,206.300000,269.000000,436.250000,501.700000,532.250000,0.000000,0.000000,0.000000,0.000000,0.000000,0.000000,0.000000,0.000000,0.000000,0.000000,0.097252,0.098045,0.000157,0.908655,0.065915,0.011569,0.028247,0.132923,0.223632,0.281788,0.097252,0.098045,0.000157,0.908655,0.065915,0.011569,0.028247,0.132923,0.223632,0.281788,0.000000,0.000000,0.000000,0.000000,0.000000,0.000000,0.000000,0.000000,0.000000,0.000000,644.000000,0.000000,225748.000000,0.000000,644.000000,225748.000000,0.000000,10.834126,3797.798604,10.834126,0.000000,1.000000,644.000000,644.000000,225748.000000,225748.000000,62.533129,62.533129,10.834126,59.441804,644.000000,225748.000000,10.834126,3797.798604
20260823_164938_other_001_7ffe_flow_00001,real_20260823_164938_other_001_7ffe,20260823_164938_other_001_7ffe,Other,env_win11_wifi,NORMAL,day_4,2026-08-23,batch_20260823_01,dev_win11_laptop,wifi,warp_enabled,oth_dns_ntp_sync,real,v2,279.296422,95.526317,40.000000,567.000000,280.000000,160.000000,219.000000,339.000000,405.000000,445.400000,279.296422,95.526317,40.000000,567.000000,280.000000,160.000000,219.000000,339.000000,405.000000,445.400000,0.000000,0.000000,0.000000,0.000000,0.000000,0.000000,0.000000,0.000000,0.000000,0.000000,0.097059,0.098633,0.000277,0.615798,0.065652,0.010000,0.030572,0.130380,0.221258,0.295140,0.097059,0.098633,0.000277,0.615798,0.065652,0.010000,0.030572,0.130380,0.221258,0.295140,0.000000,0.000000,0.000000,0.000000,0.000000,0.000000,0.000000,0.000000,0.000000,0.000000,587.000000,0.000000,163947.000000,0.000000,587.000000,163947.000000,0.000000,9.880448,2759.573709,9.880448,0.000000,1.000000,587.000000,587.000000,163947.000000,163947.000000,56.876319,56.876319,9.880448,59.410263,587.000000,163947.000000,9.880448,2759.573709
20260823_165157_other_001_2876_flow_00000,real_20260823_165157_other_001_2876,20260823_165157_other_001_2876,Other,env_win11_wifi,NORMAL,day_4,2026-08-23,batch_20260823_01,dev_win11_laptop,wifi,warp_enabled,oth_os_update_check,real,v2,540.205931,193.054564,40.000000,1283.000000,532.000000,277.600000,417.000000,673.000000,793.600000,854.900000,540.205931,193.054564,40.000000,1283.000000,532.000000,277.600000,417.000000,673.000000,793.600000,854.900000,0.000000,0.000000,0.000000,0.000000,0.000000,0.000000,0.000000,0.000000,0.000000,0.000000,0.100509,0.093255,0.000016,0.626316,0.071140,0.010820,0.030742,0.140549,0.223884,0.303112,0.100509,0.093255,0.000016,0.626316,0.071140,0.010820,0.030742,0.140549,0.223884,0.303112,0.000000,0.000000,0.000000,0.000000,0.000000,0.000000,0.000000,0.000000,0.000000,0.000000,607.000000,0.000000,327905.000000,0.000000,607.000000,327905.000000,0.000000,10.143027,5479.323534,10.143027,0.000000,1.000000,607.000000,607.000000,327905.000000,327905.000000,60.908657,60.908657,10.143027,59.844066,607.000000,327905.000000,10.143027,5479.323534
20260823_165157_other_001_2876_flow_00001,real_20260823_165157_other_001_2876,20260823_165157_other_001_2876,Other,env_win11_wifi,NORMAL,day_4,2026-08-23,batch_20260823_01,dev_win11_laptop,wifi,warp_enabled,oth_os_update_check,real,v2,273.111349,93.383424,40.000000,566.000000,268.000000,159.000000,211.000000,333.000000,389.800000,431.400000,273.111349,93.383424,40.000000,566.000000,268.000000,159.000000,211.000000,333.000000,389.800000,431.400000,0.000000,0.000000,0.000000,0.000000,0.000000,0.000000,0.000000,0.000000,0.000000,0.000000,0.137638,0.138934,0.000506,0.889358,0.103209,0.013463,0.039777,0.180489,0.300195,0.449571,0.137638,0.138934,0.000506,0.889358,0.103209,0.013463,0.039777,0.180489,0.300195,0.449571,0.000000,0.000000,0.000000,0.000000,0.000000,0.000000,0.000000,0.000000,0.000000,0.000000,467.000000,0.000000,127543.000000,0.000000,467.000000,127543.000000,0.000000,7.803573,2131.244365,7.803573,0.000000,1.000000,467.000000,467.000000,127543.000000,127543.000000,64.139446,64.139446,7.803573,59.844381,467.000000,127543.000000,7.803573,2131.244365
20260823_165837_other_001_2277_flow_00000,real_20260823_165837_other_001_2277,20260823_165837_other_001_2277,Other,env_win11_wifi,NORMAL,day_4,2026-08-23,batch_20260823_01,dev_win11_laptop,wifi,warp_enabled,oth_dns_ntp_sync,real,v2,428.306283,143.833202,40.000000,830.000000,433.500000,241.000000,330.750000,527.250000,612.000000,659.850000,428.306283,143.833202,40.000000,830.000000,433.500000,241.000000,330.750000,527.250000,612.000000,659.850000,0.000000,0.000000,0.000000,0.000000,0.000000,0.000000,0.000000,0.000000,0.000000,0.000000,0.077663,0.081111,0.000204,0.640064,0.053076,0.007582,0.022848,0.106209,0.175499,0.228920,0.077663,0.081111,0.000204,0.640064,0.053076,0.007582,0.022848,0.106209,0.175499,0.228920,0.000000,0.000000,0.000000,0.000000,0.000000,0.000000,0.000000,0.000000,0.000000,0.000000,764.000000,0.000000,327226.000000,0.000000,764.000000,327226.000000,0.000000,12.786983,5476.745262,12.786983,0.000000,1.000000,764.000000,764.000000,327226.000000,327226.000000,59.257074,59.257074,12.786983,59.748260,764.000000,327226.000000,12.786983,5476.745262
20260823_165837_other_001_2277_flow_00001,real_20260823_165837_other_001_2277,20260823_165837_other_001_2277,Other,env_win11_wifi,NORMAL,day_4,2026-08-23,batch_20260823_01,dev_win11_laptop,wifi,warp_enabled,oth_dns_ntp_sync,real,v2,307.388889,108.815027,40.000000,644.000000,305.500000,173.500000,237.250000,379.000000,452.000000,495.750000,307.388889,108.815027,40.000000,644.000000,305.500000,173.500000,237.250000,379.000000,452.000000,495.750000,0.000000,0.000000,0.000000,0.000000,0.000000,0.000000,0.000000,0.000000,0.000000,0.000000,0.096285,0.093092,0.000074,0.648097,0.067785,0.011861,0.028997,0.141182,0.220248,0.291541,0.096285,0.093092,0.000074,0.648097,0.067785,0.011861,0.028997,0.141182,0.220248,0.291541,0.000000,0.000000,0.000000,0.000000,0.000000,0.000000,0.000000,0.000000,0.000000,0.000000,666.000000,0.000000,204721.000000,0.000000,666.000000,204721.000000,0.000000,11.152178,3428.055628,11.152178,0.000000,1.000000,666.000000,666.000000,204721.000000,204721.000000,64.029636,64.029636,11.152178,59.719276,666.000000,204721.000000,11.152178,3428.055628
20260823_170006_other_001_2088_flow_00000,real_20260823_170006_other_001_2088,20260823_170006_other_001_2088,Other,env_win11_wifi,NORMAL,day_4,2026-08-23,batch_20260823_01,dev_win11_laptop,wifi,warp_enabled,oth_cloud_backup,real,v2,425.273752,144.513050,40.000000,920.000000,425.000000,240.000000,325.000000,521.000000,611.000000,662.000000,425.273752,144.513050,40.000000,920.000000,425.000000,240.000000,325.000000,521.000000,611.000000,662.000000,0.000000,0.000000,0.000000,0.000000,0.000000,0.000000,0.000000,0.000000,0.000000,0.000000,0.100316,0.095893,0.000001,0.673718,0.074229,0.010144,0.032144,0.139568,0.225333,0.288541,0.100316,0.095893,0.000001,0.673718,0.074229,0.010144,0.032144,0.139568,0.225333,0.288541,0.000000,0.000000,0.000000,0.000000,0.000000,0.000000,0.000000,0.000000,0.000000,0.000000,621.000000,0.000000,264095.000000,0.000000,621.000000,264095.000000,0.000000,10.407359,4425.976675,10.407359,0.000000,1.000000,621.000000,621.000000,264095.000000,264095.000000,62.196125,62.196125,10.407359,59.669316,621.000000,264095.000000,10.407359,4425.976675
20260823_170006_other_001_2088_flow_00001,real_20260823_170006_other_001_2088,20260823_170006_other_001_2088,Other,env_win11_wifi,NORMAL,day_4,2026-08-23,batch_20260823_01,dev_win11_laptop,wifi,warp_enabled,oth_cloud_backup,real,v2,377.595129,124.679995,40.000000,785.000000,374.000000,218.600000,298.000000,464.000000,536.400000,582.200000,377.595129,124.679995,40.000000,785.000000,374.000000,218.600000,298.000000,464.000000,536.400000,582.200000,0.000000,0.000000,0.000000,0.000000,0.000000,0.000000,0.000000,0.000000,0.000000,0.000000,0.092272,0.095776,0.000104,0.725835,0.062071,0.008500,0.023515,0.128973,0.216851,0.266923,0.092272,0.095776,0.000104,0.725835,0.062071,0.008500,0.023515,0.128973,0.216851,0.266923,0.000000,0.000000,0.000000,0.000000,0.000000,0.000000,0.000000,0.000000,0.000000,0.000000,657.000000,0.000000,248080.000000,0.000000,657.000000,248080.000000,0.000000,11.010214,4157.403026,11.010214,0.000000,1.000000,657.000000,657.000000,248080.000000,248080.000000,60.530511,60.530511,11.010214,59.671867,657.000000,248080.000000,11.010214,4157.403026
20260823_170113_other_001_b130_flow_00000,real_20260823_170113_other_001_b130,20260823_170113_other_001_b130,Other,env_win11_wifi,NORMAL,day_4,2026-08-23,batch_20260823_01,dev_win11_laptop,wifi,warp_enabled,oth_dns_ntp_sync,real,v2,539.203083,189.566630,40.000000,1152.000000,534.000000,296.000000,414.750000,664.000000,781.900000,858.900000,539.203083,189.566630,40.000000,1152.000000,534.000000,296.000000,414.750000,664.000000,781.900000,858.900000,0.000000,0.000000,0.000000,0.000000,0.000000,0.000000,0.000000,0.000000,0.000000,0.000000,0.040015,0.038084,0.000016,0.327328,0.028517,0.004418,0.011945,0.056035,0.094898,0.115178,0.040015,0.038084,0.000016,0.327328,0.028517,0.004418,0.011945,0.056035,0.094898,0.115178,0.000000,0.000000,0.000000,0.000000,0.000000,0.000000,0.000000,0.000000,0.000000,0.000000,1492.000000,0.000000,804491.000000,0.000000,1492.000000,804491.000000,0.000000,25.076028,13521.071639,25.076028,0.000000,1.000000,1492.000000,1492.000000,804491.000000,804491.000000,59.661887,59.661887,25.076028,59.499056,1492.000000,804491.000000,25.076028,13521.071639
20260823_170113_other_001_b130_flow_00001,real_20260823_170113_other_001_b130,20260823_170113_other_001_b130,Other,env_win11_wifi,NORMAL,day_4,2026-08-23,batch_20260823_01,dev_win11_laptop,wifi,warp_enabled,oth_dns_ntp_sync,real,v2,449.203323,157.519426,40.000000,1006.000000,451.000000,252.300000,344.750000,554.250000,645.700000,704.850000,449.203323,157.519426,40.000000,1006.000000,451.000000,252.300000,344.750000,554.250000,645.700000,704.850000,0.000000,0.000000,0.000000,0.000000,0.000000,0.000000,0.000000,0.000000,0.000000,0.000000,0.045753,0.044502,0.000051,0.286322,0.031782,0.005204,0.013274,0.063445,0.106457,0.137005,0.045753,0.044502,0.000051,0.286322,0.031782,0.005204,0.013274,0.063445,0.106457,0.137005,0.000000,0.000000,0.000000,0.000000,0.000000,0.000000,0.000000,0.000000,0.000000,0.000000,1264.000000,0.000000,567793.000000,0.000000,1264.000000,567793.000000,0.000000,21.250502,9545.796080,21.250502,0.000000,1.000000,1264.000000,1264.000000,567793.000000,567793.000000,57.785482,57.785482,21.250502,59.480948,1264.000000,567793.000000,21.250502,9545.796080
20260823_170246_other_001_fe56_flow_00000,real_20260823_170246_other_001_fe56,20260823_170246_other_001_fe56,Other,env_win11_wifi,NORMAL,day_4,2026-08-23,batch_20260823_01,dev_win11_laptop,wifi,warp_enabled,oth_os_update_check,real,v2,236.908333,80.909541,40.000000,459.000000,240.000000,133.600000,183.000000,290.000000,336.100000,361.050000,236.908333,80.909541,40.000000,459.000000,240.000000,133.600000,183.000000,290.000000,336.100000,361.050000,0.000000,0.000000,0.000000,0.000000,0.000000,0.000000,0.000000,0.000000,0.000000,0.000000,0.105737,0.108992,0.000050,0.762394,0.075057,0.012039,0.029187,0.145993,0.234502,0.305610,0.105737,0.108992,0.000050,0.762394,0.075057,0.012039,0.029187,0.145993,0.234502,0.305610,0.000000,0.000000,0.000000,0.000000,0.000000,0.000000,0.000000,0.000000,0.000000,0.000000,600.000000,0.000000,142145.000000,0.000000,600.000000,142145.000000,0.000000,10.087591,2389.834384,10.087591,0.000000,1.000000,600.000000,600.000000,142145.000000,142145.000000,63.336373,63.336373,10.087591,59.479017,600.000000,142145.000000,10.087591,2389.834384
20260823_170246_other_001_fe56_flow_00001,real_20260823_170246_other_001_fe56,20260823_170246_other_001_fe56,Other,env_win11_wifi,NORMAL,day_4,2026-08-23,batch_20260823_01,dev_win11_laptop,wifi,warp_enabled,oth_os_update_check,real,v2,244.025126,83.435268,40.000000,512.000000,242.000000,140.600000,186.000000,299.000000,352.000000,389.000000,244.025126,83.435268,40.000000,512.000000,242.000000,140.600000,186.000000,299.000000,352.000000,389.000000,0.000000,0.000000,0.000000,0.000000,0.000000,0.000000,0.000000,0.000000,0.000000,0.000000,0.098271,0.101760,0.000060,0.721581,0.067203,0.009198,0.025946,0.134621,0.235786,0.312860,0.098271,0.101760,0.000060,0.721581,0.067203,0.009198,0.025946,0.134621,0.235786,0.312860,0.000000,0.000000,0.000000,0.000000,0.000000,0.000000,0.000000,0.000000,0.000000,0.000000,597.000000,0.000000,145683.000000,0.000000,597.000000,145683.000000,0.000000,10.019254,2444.949699,10.019254,0.000000,1.000000,597.000000,597.000000,145683.000000,145683.000000,58.569500,58.569500,10.019254,59.585275,597.000000,145683.000000,10.019254,2444.949699
20260823_170246_other_001_fe56_flow_00003,real_20260823_170246_other_001_fe56,20260823_170246_other_001_fe56,Other,env_win11_wifi,NORMAL,day_4,2026-08-23,batch_20260823_01,dev_win11_laptop,wifi,warp_enabled,oth_os_update_check,real,v2,88.555556,28.657944,57.000000,137.000000,81.000000,61.000000,64.000000,109.000000,121.800000,129.400000,88.555556,28.657944,57.000000,137.000000,81.000000,61.000000,64.000000,109.000000,121.800000,129.400000,0.000000,0.000000,0.000000,0.000000,0.000000,0.000000,0.000000,0.000000,0.000000,0.000000,1.395014,1.899897,0.184865,5.549290,0.513174,0.284513,0.340511,1.331856,3.714010,4.631650,1.395014,1.899897,0.184865,5.549290,0.513174,0.284513,0.340511,1.331856,3.714010,4.631650,0.000000,0.000000,0.000000,0.000000,0.000000,0.000000,0.000000,0.000000,0.000000,0.000000,9.000000,0.000000,797.000000,0.000000,9.000000,797.000000,0.000000,0.618079,54.734297,0.618079,0.000000,3.000000,3.000000,5.000000,265.666667,449.000000,0.894487,1.698508,0.618079,14.561254,9.000000,797.000000,0.618079,54.734297
20260823_170352_other_001_facf_flow_00000,real_20260823_170352_other_001_facf,20260823_170352_other_001_facf,Other,env_win11_wifi,NORMAL,day_4,2026-08-23,batch_20260823_01,dev_win11_laptop,wifi,warp_enabled,oth_cloud_backup,real,v2,521.045775,174.604359,40.000000,1063.000000,517.000000,299.700000,390.000000,639.000000,762.300000,821.300000,521.045775,174.604359,40.000000,1063.000000,517.000000,299.700000,390.000000,639.000000,762.300000,821.300000,0.000000,0.000000,0.000000,0.000000,0.000000,0.000000,0.000000,0.000000,0.000000,0.000000,0.102903,0.098539,0.000112,0.635874,0.070218,0.010905,0.031046,0.144542,0.236823,0.293538,0.102903,0.098539,0.000112,0.635874,0.070218,0.010905,0.031046,0.144542,0.236823,0.293538,0.000000,0.000000,0.000000,0.000000,0.000000,0.000000,0.000000,0.000000,0.000000,0.000000,568.000000,0.000000,295954.000000,0.000000,568.000000,295954.000000,0.000000,9.723909,5066.601749,9.723909,0.000000,1.000000,568.000000,568.000000,295954.000000,295954.000000,58.346170,58.346170,9.723909,58.412722,568.000000,295954.000000,9.723909,5066.601749
20260823_170352_other_001_facf_flow_00001,real_20260823_170352_other_001_facf,20260823_170352_other_001_facf,Other,env_win11_wifi,NORMAL,day_4,2026-08-23,batch_20260823_01,dev_win11_laptop,wifi,warp_enabled,oth_cloud_backup,real,v2,247.350446,86.945559,40.000000,502.000000,247.000000,138.700000,187.000000,302.000000,366.300000,394.000000,247.350446,86.945559,40.000000,502.000000,247.000000,138.700000,187.000000,302.000000,366.300000,394.000000,0.000000,0.000000,0.000000,0.000000,0.000000,0.000000,0.000000,0.000000,0.000000,0.000000,0.132733,0.131368,0.000400,0.832349,0.099858,0.013154,0.033940,0.184845,0.287496,0.389864,0.132733,0.131368,0.000400,0.832349,0.099858,0.013154,0.033940,0.184845,0.287496,0.389864,0.000000,0.000000,0.000000,0.000000,0.000000,0.000000,0.000000,0.000000,0.000000,0.000000,448.000000,0.000000,110813.000000,0.000000,448.000000,110813.000000,0.000000,7.673540,1898.053652,7.673540,0.000000,1.000000,448.000000,448.000000,110813.000000,110813.000000,59.331752,59.331752,7.673540,58.382438,448.000000,110813.000000,7.673540,1898.053652
20260823_170458_other_001_aa7d_flow_00000,real_20260823_170458_other_001_aa7d,20260823_170458_other_001_aa7d,Other,env_win11_wifi,NORMAL,day_4,2026-08-23,batch_20260823_01,dev_win11_laptop,wifi,warp_enabled,oth_cloud_backup,real,v2,917.906195,302.510515,40.000000,1420.000000,932.000000,519.400000,720.500000,1134.000000,1335.000000,1420.000000,917.906195,302.510515,40.000000,1420.000000,932.000000,519.400000,720.500000,1134.000000,1335.000000,1420.000000,0.000000,0.000000,0.000000,0.000000,0.000000,0.000000,0.000000,0.000000,0.000000,0.000000,0.034112,0.035294,0.000037,0.307733,0.022861,0.003647,0.009869,0.046228,0.077886,0.104797,0.034112,0.035294,0.000037,0.307733,0.022861,0.003647,0.009869,0.046228,0.077886,0.104797,0.000000,0.000000,0.000000,0.000000,0.000000,0.000000,0.000000,0.000000,0.000000,0.000000,1695.000000,0.000000,1555851.000000,0.000000,1695.000000,1555851.000000,0.000000,28.794573,26430.717001,28.794573,0.000000,1.000000,1695.000000,1695.000000,1555851.000000,1555851.000000,57.784935,57.784935,28.794573,58.865259,1695.000000,1555851.000000,28.794573,26430.717001
20260823_170458_other_001_aa7d_flow_00001,real_20260823_170458_other_001_aa7d,20260823_170458_other_001_aa7d,Other,env_win11_wifi,NORMAL,day_4,2026-08-23,batch_20260823_01,dev_win11_laptop,wifi,warp_enabled,oth_cloud_backup,real,v2,324.365207,112.581408,40.000000,658.000000,330.000000,168.400000,249.750000,405.000000,463.900000,500.000000,324.365207,112.581408,40.000000,658.000000,330.000000,168.400000,249.750000,405.000000,463.900000,500.000000,0.000000,0.000000,0.000000,0.000000,0.000000,0.000000,0.000000,0.000000,0.000000,0.000000,0.067781,0.064164,0.000076,0.443771,0.050086,0.007086,0.020897,0.096442,0.149842,0.193501,0.067781,0.064164,0.000076,0.443771,0.050086,0.007086,0.020897,0.096442,0.149842,0.193501,0.000000,0.000000,0.000000,0.000000,0.000000,0.000000,0.000000,0.000000,0.000000,0.000000,868.000000,0.000000,281549.000000,0.000000,868.000000,281549.000000,0.000000,14.753041,4785.373161,14.753041,0.000000,1.000000,868.000000,868.000000,281549.000000,281549.000000,58.766333,58.766333,14.753041,58.835328,868.000000,281549.000000,14.753041,4785.373161
sess_20260820_web_061_flow_00000,real_sess_20260820_web_061,sess_20260820_web_061,Web,env_win11_wifi,NORMAL,day_1,2026-08-20,batch_20260820_01,dev_win11_laptop,wifi,warp_enabled,web_wikipedia,real,v2,235.720379,80.009432,40.000000,530.000000,235.000000,133.000000,182.000000,289.000000,338.000000,370.000000,235.720379,80.009432,40.000000,530.000000,235.000000,133.000000,182.000000,289.000000,338.000000,370.000000,0.000000,0.000000,0.000000,0.000000,0.000000,0.000000,0.000000,0.000000,0.000000,0.000000,0.025645,0.025591,0.000006,0.165697,0.017475,0.002625,0.007253,0.035368,0.059131,0.078316,0.025645,0.025591,0.000006,0.165697,0.017475,0.002625,0.007253,0.035368,0.059131,0.078316,0.000000,0.000000,0.000000,0.000000,0.000000,0.000000,0.000000,0.000000,0.000000,0.000000,2321.000000,0.000000,547107.000000,0.000000,2321.000000,547107.000000,0.000000,37.340265,8801.861446,37.340265,0.000000,1.000000,2321.000000,2321.000000,547107.000000,547107.000000,59.496845,59.496845,37.340265,62.158102,2321.000000,547107.000000,37.340265,8801.861446
sess_20260820_web_061_flow_00001,real_sess_20260820_web_061,sess_20260820_web_061,Web,env_win11_wifi,NORMAL,day_1,2026-08-20,batch_20260820_01,dev_win11_laptop,wifi,warp_enabled,web_wikipedia,real,v2,233.267126,82.867188,40.000000,478.000000,233.000000,127.000000,176.000000,288.000000,339.000000,369.000000,233.267126,82.867188,40.000000,478.000000,233.000000,127.000000,176.000000,288.000000,339.000000,369.000000,0.000000,0.000000,0.000000,0.000000,0.000000,0.000000,0.000000,0.000000,0.000000,0.000000,0.026148,0.026661,0.000011,0.226596,0.018080,0.002875,0.007535,0.035636,0.061096,0.078271,0.026148,0.026661,0.000011,0.226596,0.018080,0.002875,0.007535,0.035636,0.061096,0.078271,0.000000,0.000000,0.000000,0.000000,0.000000,0.000000,0.000000,0.000000,0.000000,0.000000,2321.000000,0.000000,541413.000000,0.000000,2321.000000,541413.000000,0.000000,45.366751,10582.571584,45.366751,0.000000,1.000000,2321.000000,2321.000000,541413.000000,541413.000000,60.662248,60.662248,45.366751,51.160816,2321.000000,541413.000000,45.366751,10582.571584
sess_20260820_web_062_flow_00000,real_sess_20260820_web_062,sess_20260820_web_062,Web,env_win11_wifi,LOW_BANDWIDTH,day_1,2026-08-20,batch_20260820_02,dev_win11_laptop,wifi,warp_enabled,web_news,real,v2,462.090714,162.988384,40.000000,1093.000000,459.000000,252.000000,348.000000,574.750000,671.000000,731.750000,462.090714,162.988384,40.000000,1093.000000,459.000000,252.000000,348.000000,574.750000,671.000000,731.750000,0.000000,0.000000,0.000000,0.000000,0.000000,0.000000,0.000000,0.000000,0.000000,0.000000,0.035285,0.034878,0.000017,0.329170,0.024490,0.003963,0.010588,0.048165,0.083379,0.105187,0.035285,0.034878,0.000017,0.329170,0.024490,0.003963,0.010588,0.048165,0.083379,0.105187,0.000000,0.000000,0.000000,0.000000,0.000000,0.000000,0.000000,0.000000,0.000000,0.000000,3726.000000,0.000000,1721750.000000,0.000000,3726.000000,1721750.000000,0.000000,67.030836,30974.327045,67.030836,0.000000,1.000000,3726.000000,3726.000000,1721750.000000,1721750.000000,131.438088,131.438088,67.030836,55.586357,3726.000000,1721750.000000,67.030836,30974.327045
sess_20260820_web_062_flow_00001,real_sess_20260820_web_062,sess_20260820_web_062,Web,env_win11_wifi,LOW_BANDWIDTH,day_1,2026-08-20,batch_20260820_02,dev_win11_laptop,wifi,warp_enabled,web_news,real,v2,677.873054,238.636157,40.000000,1420.000000,685.000000,365.000000,515.000000,842.750000,983.000000,1054.000000,677.873054,238.636157,40.000000,1420.000000,685.000000,365.000000,515.000000,842.750000,983.000000,1054.000000,0.000000,0.000000,0.000000,0.000000,0.000000,0.000000,0.000000,0.000000,0.000000,0.000000,0.025349,0.025471,0.000004,0.213105,0.017884,0.002640,0.007253,0.034787,0.058296,0.076149,0.025349,0.025471,0.000004,0.213105,0.017884,0.002640,0.007253,0.034787,0.058296,0.076149,0.000000,0.000000,0.000000,0.000000,0.000000,0.000000,0.000000,0.000000,0.000000,0.000000,3726.000000,0.000000,2525755.000000,0.000000,3726.000000,2525755.000000,0.000000,59.360171,40238.660398,59.360171,0.000000,1.000000,3726.000000,3726.000000,2525755.000000,2525755.000000,94.423278,94.423278,59.360171,62.769361,3726.000000,2525755.000000,59.360171,40238.660398
sess_20260820_web_063_flow_00000,real_sess_20260820_web_063,sess_20260820_web_063,Web,env_win11_eth,NORMAL,day_1,2026-08-20,batch_20260820_03,dev_win11_desktop,ethernet,warp_disabled,web_ecommerce,real,v2,274.130682,95.543328,40.000000,575.000000,276.000000,142.700000,209.000000,337.250000,394.300000,422.950000,274.130682,95.543328,40.000000,575.000000,276.000000,142.700000,209.000000,337.250000,394.300000,422.950000,0.000000,0.000000,0.000000,0.000000,0.000000,0.000000,0.000000,0.000000,0.000000,0.000000,0.113121,0.109039,0.000702,0.635305,0.078427,0.013059,0.032298,0.159615,0.272814,0.328382,0.113121,0.109039,0.000702,0.635305,0.078427,0.013059,0.032298,0.159615,0.272814,0.328382,0.000000,0.000000,0.000000,0.000000,0.000000,0.000000,0.000000,0.000000,0.000000,0.000000,528.000000,0.000000,144741.000000,0.000000,528.000000,144741.000000,0.000000,9.020309,2472.743412,9.020309,0.000000,1.000000,528.000000,528.000000,144741.000000,144741.000000,59.614701,59.614701,9.020309,58.534581,528.000000,144741.000000,9.020309,2472.743412
sess_20260820_web_063_flow_00001,real_sess_20260820_web_063,sess_20260820_web_063,Web,env_win11_eth,NORMAL,day_1,2026-08-20,batch_20260820_03,dev_win11_desktop,ethernet,warp_disabled,web_ecommerce,real,v2,276.827652,91.970721,40.000000,528.000000,281.500000,151.000000,217.000000,341.000000,396.300000,425.650000,276.827652,91.970721,40.000000,528.000000,281.500000,151.000000,217.000000,341.000000,396.300000,425.650000,0.000000,0.000000,0.000000,0.000000,0.000000,0.000000,0.000000,0.000000,0.000000,0.000000,0.116399,0.115466,0.000243,0.681585,0.084580,0.011024,0.033000,0.150350,0.277352,0.366960,0.116399,0.115466,0.000243,0.681585,0.084580,0.011024,0.033000,0.150350,0.277352,0.366960,0.000000,0.000000,0.000000,0.000000,0.000000,0.000000,0.000000,0.000000,0.000000,0.000000,528.000000,0.000000,146165.000000,0.000000,528.000000,146165.000000,0.000000,10.255700,2839.061231,10.255700,0.000000,1.000000,528.000000,528.000000,146165.000000,146165.000000,61.342163,61.342163,10.255700,51.483567,528.000000,146165.000000,10.255700,2839.061231
sess_20260820_web_064_flow_00000,real_sess_20260820_web_064,sess_20260820_web_064,Web,env_win11_eth,HIGH_LATENCY,day_1,2026-08-20,batch_20260820_04,dev_win11_desktop,ethernet,warp_enabled,web_github_docs,real,v2,221.526860,76.958792,40.000000,456.000000,223.000000,124.600000,168.000000,275.000000,322.000000,342.700000,221.526860,76.958792,40.000000,456.000000,223.000000,124.600000,168.000000,275.000000,322.000000,342.700000,0.000000,0.000000,0.000000,0.000000,0.000000,0.000000,0.000000,0.000000,0.000000,0.000000,0.377597,0.385250,0.000896,4.084463,0.257165,0.036529,0.115436,0.526139,0.865544,1.059455,0.377597,0.385250,0.000896,4.084463,0.257165,0.036529,0.115436,0.526139,0.865544,1.059455,0.000000,0.000000,0.000000,0.000000,0.000000,0.000000,0.000000,0.000000,0.000000,0.000000,484.000000,0.000000,107219.000000,0.000000,484.000000,107219.000000,0.000000,8.821107,1954.112058,8.821107,0.000000,28.000000,17.285714,61.000000,3829.250000,13486.000000,5.148268,17.532701,8.821107,54.868399,484.000000,107219.000000,8.821107,1954.112058
sess_20260820_web_064_flow_00001,real_sess_20260820_web_064,sess_20260820_web_064,Web,env_win11_eth,HIGH_LATENCY,day_1,2026-08-20,batch_20260820_04,dev_win11_desktop,ethernet,warp_enabled,web_github_docs,real,v2,227.169421,79.718009,40.000000,450.000000,226.000000,124.600000,175.000000,282.250000,331.800000,358.850000,227.169421,79.718009,40.000000,450.000000,226.000000,124.600000,175.000000,282.250000,331.800000,358.850000,0.000000,0.000000,0.000000,0.000000,0.000000,0.000000,0.000000,0.000000,0.000000,0.000000,0.411971,0.434217,0.001790,4.170527,0.288467,0.040759,0.115879,0.584171,0.904539,1.256755,0.411971,0.434217,0.001790,4.170527,0.288467,0.040759,0.115879,0.584171,0.904539,1.256755,0.000000,0.000000,0.000000,0.000000,0.000000,0.000000,0.000000,0.000000,0.000000,0.000000,484.000000,0.000000,109950.000000,0.000000,484.000000,109950.000000,0.000000,8.878709,2016.971236,8.878709,0.000000,40.000000,12.100000,40.000000,2748.750000,8114.000000,3.520048,13.537082,8.878709,54.512428,484.000000,109950.000000,8.878709,2016.971236
sess_20260821_web_065_flow_00000,real_sess_20260821_web_065,sess_20260821_web_065,Web,env_win11_wifi,NORMAL,day_2,2026-08-21,batch_20260821_01,dev_win11_laptop,wifi,warp_enabled,web_tech_blogs,real,v2,252.693419,88.336706,40.000000,480.000000,251.000000,135.000000,192.000000,315.000000,367.400000,392.900000,252.693419,88.336706,40.000000,480.000000,251.000000,135.000000,192.000000,315.000000,367.400000,392.900000,0.000000,0.000000,0.000000,0.000000,0.000000,0.000000,0.000000,0.000000,0.000000,0.000000,0.098096,0.099967,0.000115,0.827017,0.066502,0.011795,0.029494,0.133057,0.223547,0.297719,0.098096,0.099967,0.000115,0.827017,0.066502,0.011795,0.029494,0.133057,0.223547,0.297719,0.000000,0.000000,0.000000,0.000000,0.000000,0.000000,0.000000,0.000000,0.000000,0.000000,623.000000,0.000000,157428.000000,0.000000,623.000000,157428.000000,0.000000,11.436346,2889.889433,11.436346,0.000000,1.000000,623.000000,623.000000,157428.000000,157428.000000,61.015585,61.015585,11.436346,54.475441,623.000000,157428.000000,11.436346,2889.889433
sess_20260821_web_065_flow_00001,real_sess_20260821_web_065,sess_20260821_web_065,Web,env_win11_wifi,NORMAL,day_2,2026-08-21,batch_20260821_01,dev_win11_laptop,wifi,warp_enabled,web_tech_blogs,real,v2,252.203852,88.188879,40.000000,587.000000,254.000000,134.200000,192.500000,309.000000,362.800000,395.900000,252.203852,88.188879,40.000000,587.000000,254.000000,134.200000,192.500000,309.000000,362.800000,395.900000,0.000000,0.000000,0.000000,0.000000,0.000000,0.000000,0.000000,0.000000,0.000000,0.000000,0.096601,0.101350,0.000102,0.790719,0.064357,0.009921,0.028698,0.126010,0.222961,0.292307,0.096601,0.101350,0.000102,0.790719,0.064357,0.009921,0.028698,0.126010,0.222961,0.292307,0.000000,0.000000,0.000000,0.000000,0.000000,0.000000,0.000000,0.000000,0.000000,0.000000,623.000000,0.000000,157123.000000,0.000000,623.000000,157123.000000,0.000000,10.203946,2573.474546,10.203946,0.000000,1.000000,623.000000,623.000000,157123.000000,157123.000000,60.085583,60.085583,10.203946,61.054810,623.000000,157123.000000,10.203946,2573.474546
sess_20260821_web_066_flow_00000,real_sess_20260821_web_066,sess_20260821_web_066,Web,env_win11_wifi,HIGH_LATENCY,day_2,2026-08-21,batch_20260821_02,dev_win11_laptop,wifi,warp_enabled,web_wikipedia,real,v2,546.110215,200.880622,40.000000,1176.000000,545.000000,299.300000,412.750000,678.250000,807.700000,878.250000,546.110215,200.880622,40.000000,1176.000000,545.000000,299.300000,412.750000,678.250000,807.700000,878.250000,0.000000,0.000000,0.000000,0.000000,0.000000,0.000000,0.000000,0.000000,0.000000,0.000000,0.159449,0.163397,0.000221,1.074598,0.106348,0.016231,0.042653,0.217047,0.381739,0.506280,0.159449,0.163397,0.000221,1.074598,0.106348,0.016231,0.042653,0.217047,0.381739,0.506280,0.000000,0.000000,0.000000,0.000000,0.000000,0.000000,0.000000,0.000000,0.000000,0.000000,744.000000,0.000000,406306.000000,0.000000,744.000000,406306.000000,0.000000,11.461288,6259.126382,11.461288,0.000000,3.000000,248.000000,355.000000,135435.333333,194772.000000,38.784587,55.201007,11.461288,64.914171,744.000000,406306.000000,11.461288,6259.126382
sess_20260821_web_066_flow_00001,real_sess_20260821_web_066,sess_20260821_web_066,Web,env_win11_wifi,HIGH_LATENCY,day_2,2026-08-21,batch_20260821_02,dev_win11_laptop,wifi,warp_enabled,web_wikipedia,real,v2,545.076613,192.257176,40.000000,1093.000000,545.500000,302.300000,403.750000,685.000000,793.400000,853.850000,545.076613,192.257176,40.000000,1093.000000,545.500000,302.300000,403.750000,685.000000,793.400000,853.850000,0.000000,0.000000,0.000000,0.000000,0.000000,0.000000,0.000000,0.000000,0.000000,0.000000,0.214747,0.205632,0.000059,1.375437,0.151565,0.025694,0.067960,0.294059,0.481100,0.614735,0.214747,0.205632,0.000059,1.375437,0.151565,0.025694,0.067960,0.294059,0.481100,0.614735,0.000000,0.000000,0.000000,0.000000,0.000000,0.000000,0.000000,0.000000,0.000000,0.000000,744.000000,0.000000,405537.000000,0.000000,744.000000,405537.000000,0.000000,11.822480,6444.157158,11.822480,0.000000,8.000000,93.000000,294.000000,50692.125000,167408.000000,18.897711,55.270917,11.822480,62.930961,744.000000,405537.000000,11.822480,6444.157158
sess_20260821_web_067_flow_00000,real_sess_20260821_web_067,sess_20260821_web_067,Web,env_win11_cellular,NORMAL,day_2,2026-08-21,batch_20260821_03,dev_win11_laptop,cellular,warp_disabled,web_news,real,v2,322.041379,113.289962,40.000000,666.000000,321.000000,173.400000,247.000000,398.000000,469.200000,511.000000,322.041379,113.289962,40.000000,666.000000,321.000000,173.400000,247.000000,398.000000,469.200000,511.000000,0.000000,0.000000,0.000000,0.000000,0.000000,0.000000,0.000000,0.000000,0.000000,0.000000,0.036216,0.035772,0.000040,0.234381,0.023790,0.003668,0.010294,0.051923,0.086187,0.105626,0.036216,0.035772,0.000040,0.234381,0.023790,0.003668,0.010294,0.051923,0.086187,0.105626,0.000000,0.000000,0.000000,0.000000,0.000000,0.000000,0.000000,0.000000,0.000000,0.000000,1595.000000,0.000000,513656.000000,0.000000,1595.000000,513656.000000,0.000000,23.612496,7604.200934,23.612496,0.000000,1.000000,1595.000000,1595.000000,513656.000000,513656.000000,57.728134,57.728134,23.612496,67.548978,1595.000000,513656.000000,23.612496,7604.200934
sess_20260821_web_067_flow_00001,real_sess_20260821_web_067,sess_20260821_web_067,Web,env_win11_cellular,NORMAL,day_2,2026-08-21,batch_20260821_03,dev_win11_laptop,cellular,warp_disabled,web_news,real,v2,323.035110,112.883747,40.000000,706.000000,322.000000,176.400000,246.500000,397.500000,465.000000,512.300000,323.035110,112.883747,40.000000,706.000000,322.000000,176.400000,246.500000,397.500000,465.000000,512.300000,0.000000,0.000000,0.000000,0.000000,0.000000,0.000000,0.000000,0.000000,0.000000,0.000000,0.037540,0.037086,0.000039,0.261286,0.026328,0.003635,0.011154,0.051468,0.088358,0.113479,0.037540,0.037086,0.000039,0.261286,0.026328,0.003635,0.011154,0.051468,0.088358,0.113479,0.000000,0.000000,0.000000,0.000000,0.000000,0.000000,0.000000,0.000000,0.000000,0.000000,1595.000000,0.000000,515241.000000,0.000000,1595.000000,515241.000000,0.000000,28.235426,9121.033895,28.235426,0.000000,1.000000,1595.000000,1595.000000,515241.000000,515241.000000,59.838065,59.838065,28.235426,56.489320,1595.000000,515241.000000,28.235426,9121.033895
sess_20260821_web_068_flow_00000,real_sess_20260821_web_068,sess_20260821_web_068,Web,env_win11_cellular,LOW_BANDWIDTH,day_2,2026-08-21,batch_20260821_04,dev_win11_laptop,cellular,warp_enabled,web_ecommerce,real,v2,134.628242,43.251026,40.000000,264.000000,135.000000,76.000000,105.000000,164.000000,190.000000,204.000000,134.628242,43.251026,40.000000,264.000000,135.000000,76.000000,105.000000,164.000000,190.000000,204.000000,0.000000,0.000000,0.000000,0.000000,0.000000,0.000000,0.000000,0.000000,0.000000,0.000000,0.078189,0.084547,0.000029,0.874157,0.051035,0.007813,0.020964,0.105496,0.190281,0.241041,0.078189,0.084547,0.000029,0.874157,0.051035,0.007813,0.020964,0.105496,0.190281,0.241041,0.000000,0.000000,0.000000,0.000000,0.000000,0.000000,0.000000,0.000000,0.000000,0.000000,1735.000000,0.000000,233580.000000,0.000000,1735.000000,233580.000000,0.000000,33.266673,4478.633691,33.266673,0.000000,1.000000,1735.000000,1735.000000,233580.000000,233580.000000,135.580079,135.580079,33.266673,52.154299,1735.000000,233580.000000,33.266673,4478.633691
sess_20260821_web_068_flow_00001,real_sess_20260821_web_068,sess_20260821_web_068,Web,env_win11_cellular,LOW_BANDWIDTH,day_2,2026-08-21,batch_20260821_04,dev_win11_laptop,cellular,warp_enabled,web_ecommerce,real,v2,205.231124,72.290816,40.000000,465.000000,205.000000,111.000000,156.000000,255.000000,299.000000,324.000000,205.231124,72.290816,40.000000,465.000000,205.000000,111.000000,156.000000,255.000000,299.000000,324.000000,0.000000,0.000000,0.000000,0.000000,0.000000,0.000000,0.000000,0.000000,0.000000,0.000000,0.073862,0.072699,0.000002,0.871149,0.052275,0.009055,0.022194,0.104501,0.165884,0.211986,0.073862,0.072699,0.000002,0.871149,0.052275,0.009055,0.022194,0.104501,0.165884,0.211986,0.000000,0.000000,0.000000,0.000000,0.000000,0.000000,0.000000,0.000000,0.000000,0.000000,1735.000000,0.000000,356076.000000,0.000000,1735.000000,356076.000000,0.000000,28.320989,5812.348305,28.320989,0.000000,1.000000,1735.000000,1735.000000,356076.000000,356076.000000,128.077400,128.077400,28.320989,61.261986,1735.000000,356076.000000,28.320989,5812.348305
sess_20260822_web_069_flow_00000,real_sess_20260822_web_069,sess_20260822_web_069,Web,env_win11_eth,NORMAL,day_3,2026-08-22,batch_20260822_01,dev_win11_desktop,ethernet,warp_enabled,web_github_docs,real,v2,840.195377,291.293662,40.000000,1420.000000,852.000000,455.200000,641.000000,1045.000000,1223.800000,1325.400000,840.195377,291.293662,40.000000,1420.000000,852.000000,455.200000,641.000000,1045.000000,1223.800000,1325.400000,0.000000,0.000000,0.000000,0.000000,0.000000,0.000000,0.000000,0.000000,0.000000,0.000000,0.026795,0.027254,0.000002,0.208973,0.018719,0.002669,0.007392,0.037991,0.057728,0.080828,0.026795,0.027254,0.000002,0.208973,0.018719,0.002669,0.007392,0.037991,0.057728,0.080828,0.000000,0.000000,0.000000,0.000000,0.000000,0.000000,0.000000,0.000000,0.000000,0.000000,2293.000000,0.000000,1926568.000000,0.000000,2293.000000,1926568.000000,0.000000,38.168746,32069.203590,38.168746,0.000000,1.000000,2293.000000,2293.000000,1926568.000000,1926568.000000,61.414438,61.414438,38.168746,60.075330,2293.000000,1926568.000000,38.168746,32069.203590
sess_20260822_web_069_flow_00001,real_sess_20260822_web_069,sess_20260822_web_069,Web,env_win11_eth,NORMAL,day_3,2026-08-22,batch_20260822_01,dev_win11_desktop,ethernet,warp_enabled,web_github_docs,real,v2,828.985608,284.281795,40.000000,1420.000000,830.000000,464.200000,624.000000,1029.000000,1205.600000,1305.400000,828.985608,284.281795,40.000000,1420.000000,830.000000,464.200000,624.000000,1029.000000,1205.600000,1305.400000,0.000000,0.000000,0.000000,0.000000,0.000000,0.000000,0.000000,0.000000,0.000000,0.000000,0.026580,0.025906,0.000006,0.231281,0.018654,0.002678,0.008087,0.037601,0.060555,0.077582,0.026580,0.025906,0.000006,0.231281,0.018654,0.002678,0.008087,0.037601,0.060555,0.077582,0.000000,0.000000,0.000000,0.000000,0.000000,0.000000,0.000000,0.000000,0.000000,0.000000,2293.000000,0.000000,1900864.000000,0.000000,2293.000000,1900864.000000,0.000000,33.787903,28009.685294,33.787903,0.000000,1.000000,2293.000000,2293.000000,1900864.000000,1900864.000000,60.921099,60.921099,33.787903,67.864525,2293.000000,1900864.000000,33.787903,28009.685294
sess_20260822_web_070_flow_00000,real_sess_20260822_web_070,sess_20260822_web_070,Web,env_win11_eth,PACKET_LOSS,day_3,2026-08-22,batch_20260822_02,dev_win11_desktop,ethernet,warp_enabled,web_tech_blogs,real,v2,260.599268,93.302359,40.000000,532.000000,260.000000,139.200000,195.000000,324.000000,379.800000,416.800000,260.599268,93.302359,40.000000,532.000000,260.000000,139.200000,195.000000,324.000000,379.800000,416.800000,0.000000,0.000000,0.000000,0.000000,0.000000,0.000000,0.000000,0.000000,0.000000,0.000000,0.046008,0.044780,0.000003,0.271377,0.031985,0.005468,0.013855,0.063124,0.108953,0.134149,0.046008,0.044780,0.000003,0.271377,0.031985,0.005468,0.013855,0.063124,0.108953,0.134149,0.000000,0.000000,0.000000,0.000000,0.000000,0.000000,0.000000,0.000000,0.000000,0.000000,1093.000000,0.000000,284835.000000,0.000000,1093.000000,284835.000000,0.000000,19.104950,4978.735860,19.104950,0.000000,1.000000,1093.000000,1093.000000,284835.000000,284835.000000,50.240883,50.240883,19.104950,57.210306,1093.000000,284835.000000,19.104950,4978.735860
sess_20260822_web_070_flow_00001,real_sess_20260822_web_070,sess_20260822_web_070,Web,env_win11_eth,PACKET_LOSS,day_3,2026-08-22,batch_20260822_02,dev_win11_desktop,ethernet,warp_enabled,web_tech_blogs,real,v2,241.166667,84.764293,40.000000,528.000000,241.000000,129.900000,185.000000,299.000000,346.000000,381.000000,241.166667,84.764293,40.000000,528.000000,241.000000,129.900000,185.000000,299.000000,346.000000,381.000000,0.000000,0.000000,0.000000,0.000000,0.000000,0.000000,0.000000,0.000000,0.000000,0.000000,0.046958,0.045633,0.000071,0.374968,0.034103,0.004727,0.013381,0.065649,0.106368,0.136347,0.046958,0.045633,0.000071,0.374968,0.034103,0.004727,0.013381,0.065649,0.106368,0.136347,0.000000,0.000000,0.000000,0.000000,0.000000,0.000000,0.000000,0.000000,0.000000,0.000000,1140.000000,0.000000,274930.000000,0.000000,1140.000000,274930.000000,0.000000,18.541119,4471.499746,18.541119,0.000000,1.000000,1140.000000,1140.000000,274930.000000,274930.000000,53.485617,53.485617,18.541119,61.484964,1140.000000,274930.000000,18.541119,4471.499746
sess_20260822_web_071_flow_00000,real_sess_20260822_web_071,sess_20260822_web_071,Web,env_win11_cellular,HIGH_LATENCY,day_3,2026-08-22,batch_20260822_03,dev_win11_laptop,cellular,warp_enabled,web_wikipedia,real,v2,191.741860,62.685851,40.000000,408.000000,189.500000,103.900000,152.000000,236.000000,270.200000,292.000000,191.741860,62.685851,40.000000,408.000000,189.500000,103.900000,152.000000,236.000000,270.200000,292.000000,0.000000,0.000000,0.000000,0.000000,0.000000,0.000000,0.000000,0.000000,0.000000,0.000000,0.278664,0.272818,0.000330,1.709778,0.207223,0.031877,0.078447,0.396566,0.602619,0.817276,0.278664,0.272818,0.000330,1.709778,0.207223,0.031877,0.078447,0.396566,0.602619,0.817276,0.000000,0.000000,0.000000,0.000000,0.000000,0.000000,0.000000,0.000000,0.000000,0.000000,430.000000,0.000000,82449.000000,0.000000,430.000000,82449.000000,0.000000,6.944731,1331.595701,6.944731,0.000000,12.000000,35.833333,89.000000,6870.750000,16955.000000,8.766047,19.797366,6.944731,61.917442,430.000000,82449.000000,6.944731,1331.595701
sess_20260822_web_071_flow_00001,real_sess_20260822_web_071,sess_20260822_web_071,Web,env_win11_cellular,HIGH_LATENCY,day_3,2026-08-22,batch_20260822_03,dev_win11_laptop,cellular,warp_enabled,web_wikipedia,real,v2,195.174419,66.218433,40.000000,418.000000,197.000000,111.900000,150.000000,238.000000,283.300000,306.550000,195.174419,66.218433,40.000000,418.000000,197.000000,111.900000,150.000000,238.000000,283.300000,306.550000,0.000000,0.000000,0.000000,0.000000,0.000000,0.000000,0.000000,0.000000,0.000000,0.000000,0.299630,0.307324,0.000207,2.554032,0.221772,0.030727,0.081305,0.414569,0.623967,0.913989,0.299630,0.307324,0.000207,2.554032,0.221772,0.030727,0.081305,0.414569,0.623967,0.913989,0.000000,0.000000,0.000000,0.000000,0.000000,0.000000,0.000000,0.000000,0.000000,0.000000,430.000000,0.000000,83925.000000,0.000000,430.000000,83925.000000,0.000000,7.868074,1535.646677,7.868074,0.000000,15.000000,28.666667,84.000000,5595.000000,15813.000000,7.255590,22.975848,7.868074,54.651243,430.000000,83925.000000,7.868074,1535.646677
sess_20260822_web_072_flow_00000,real_sess_20260822_web_072,sess_20260822_web_072,Web,env_win11_cellular,NORMAL,day_3,2026-08-22,batch_20260822_04,dev_win11_laptop,cellular,warp_disabled,web_news,real,v2,304.217119,104.661013,40.000000,618.000000,304.000000,173.800000,237.000000,372.000000,441.000000,472.200000,304.217119,104.661013,40.000000,618.000000,304.000000,173.800000,237.000000,372.000000,441.000000,472.200000,0.000000,0.000000,0.000000,0.000000,0.000000,0.000000,0.000000,0.000000,0.000000,0.000000,0.128355,0.121171,0.000075,0.834026,0.089359,0.016390,0.043866,0.178641,0.290043,0.369972,0.128355,0.121171,0.000075,0.834026,0.089359,0.016390,0.043866,0.178641,0.290043,0.369972,0.000000,0.000000,0.000000,0.000000,0.000000,0.000000,0.000000,0.000000,0.000000,0.000000,479.000000,0.000000,145720.000000,0.000000,479.000000,145720.000000,0.000000,9.327603,2837.616498,9.327603,0.000000,1.000000,479.000000,479.000000,145720.000000,145720.000000,61.353491,61.353491,9.327603,51.352958,479.000000,145720.000000,9.327603,2837.616498
sess_20260822_web_072_flow_00001,real_sess_20260822_web_072,sess_20260822_web_072,Web,env_win11_cellular,NORMAL,day_3,2026-08-22,batch_20260822_04,dev_win11_laptop,cellular,warp_disabled,web_news,real,v2,297.037578,105.723601,40.000000,597.000000,298.000000,156.800000,224.500000,369.000000,424.600000,467.100000,297.037578,105.723601,40.000000,597.000000,298.000000,156.800000,224.500000,369.000000,424.600000,467.100000,0.000000,0.000000,0.000000,0.000000,0.000000,0.000000,0.000000,0.000000,0.000000,0.000000,0.120973,0.118390,0.000100,0.669211,0.079804,0.015785,0.037943,0.163497,0.309921,0.370127,0.120973,0.118390,0.000100,0.669211,0.079804,0.015785,0.037943,0.163497,0.309921,0.370127,0.000000,0.000000,0.000000,0.000000,0.000000,0.000000,0.000000,0.000000,0.000000,0.000000,479.000000,0.000000,142281.000000,0.000000,479.000000,142281.000000,0.000000,8.797046,2613.053179,8.797046,0.000000,1.000000,479.000000,479.000000,142281.000000,142281.000000,57.825006,57.825006,8.797046,54.450097,479.000000,142281.000000,8.797046,2613.053179
sess_20260823_web_073_flow_00000,real_sess_20260823_web_073,sess_20260823_web_073,Web,env_win11_wifi,LOW_BANDWIDTH,day_4,2026-08-23,batch_20260823_02,dev_win11_laptop,wifi,warp_enabled,web_ecommerce,real,v2,101.324281,34.919546,40.000000,214.000000,101.000000,54.500000,76.000000,124.000000,145.000000,160.500000,101.324281,34.919546,40.000000,214.000000,101.000000,54.500000,76.000000,124.000000,145.000000,160.500000,0.000000,0.000000,0.000000,0.000000,0.000000,0.000000,0.000000,0.000000,0.000000,0.000000,0.171653,0.173509,0.000196,1.269208,0.120569,0.016082,0.045240,0.240087,0.398777,0.513694,0.171653,0.173509,0.000196,1.269208,0.120569,0.016082,0.045240,0.240087,0.398777,0.513694,0.000000,0.000000,0.000000,0.000000,0.000000,0.000000,0.000000,0.000000,0.000000,0.000000,626.000000,0.000000,63429.000000,0.000000,626.000000,63429.000000,0.000000,10.058103,1019.130060,10.058103,0.000000,4.000000,156.500000,279.000000,15857.250000,27991.000000,25.958903,47.150591,10.058103,62.238376,626.000000,63429.000000,10.058103,1019.130060
sess_20260823_web_073_flow_00001,real_sess_20260823_web_073,sess_20260823_web_073,Web,env_win11_wifi,LOW_BANDWIDTH,day_4,2026-08-23,batch_20260823_02,dev_win11_laptop,wifi,warp_enabled,web_ecommerce,real,v2,95.432907,31.610876,40.000000,197.000000,94.000000,55.000000,71.250000,118.000000,136.000000,151.000000,95.432907,31.610876,40.000000,197.000000,94.000000,55.000000,71.250000,118.000000,136.000000,151.000000,0.000000,0.000000,0.000000,0.000000,0.000000,0.000000,0.000000,0.000000,0.000000,0.000000,0.234314,0.230886,0.000197,1.971767,0.169082,0.022366,0.073256,0.314643,0.512240,0.682134,0.234314,0.230886,0.000197,1.971767,0.169082,0.022366,0.073256,0.314643,0.512240,0.682134,0.000000,0.000000,0.000000,0.000000,0.000000,0.000000,0.000000,0.000000,0.000000,0.000000,626.000000,0.000000,59741.000000,0.000000,626.000000,59741.000000,0.000000,11.466832,1094.313084,11.466832,0.000000,10.000000,62.600000,152.000000,5974.100000,14457.000000,13.501607,32.712927,11.466832,54.592238,626.000000,59741.000000,11.466832,1094.313084
sess_20260823_web_074_flow_00000,real_sess_20260823_web_074,sess_20260823_web_074,Web,env_win11_eth,LOW_BANDWIDTH,day_4,2026-08-23,batch_20260823_03,dev_win11_desktop,ethernet,warp_enabled,web_github_docs,real,v2,114.456343,39.792958,40.000000,226.000000,114.000000,62.000000,85.000000,143.000000,169.000000,180.000000,114.456343,39.792958,40.000000,226.000000,114.000000,62.000000,85.000000,143.000000,169.000000,180.000000,0.000000,0.000000,0.000000,0.000000,0.000000,0.000000,0.000000,0.000000,0.000000,0.000000,0.159267,0.154278,0.000522,1.086351,0.116756,0.017838,0.048505,0.219906,0.372502,0.453104,0.159267,0.154278,0.000522,1.086351,0.116756,0.017838,0.048505,0.219906,0.372502,0.453104,0.000000,0.000000,0.000000,0.000000,0.000000,0.000000,0.000000,0.000000,0.000000,0.000000,607.000000,0.000000,69475.000000,0.000000,607.000000,69475.000000,0.000000,9.725752,1113.173983,9.725752,0.000000,2.000000,303.500000,582.000000,34737.500000,66581.000000,47.714688,91.425483,9.725752,62.411628,607.000000,69475.000000,9.725752,1113.173983
sess_20260823_web_074_flow_00001,real_sess_20260823_web_074,sess_20260823_web_074,Web,env_win11_eth,LOW_BANDWIDTH,day_4,2026-08-23,batch_20260823_03,dev_win11_desktop,ethernet,warp_enabled,web_github_docs,real,v2,85.652389,27.805301,40.000000,183.000000,84.000000,49.000000,64.500000,105.000000,123.000000,132.700000,85.652389,27.805301,40.000000,183.000000,84.000000,49.000000,64.500000,105.000000,123.000000,132.700000,0.000000,0.000000,0.000000,0.000000,0.000000,0.000000,0.000000,0.000000,0.000000,0.000000,0.182132,0.172342,0.000502,1.214706,0.137025,0.024729,0.055883,0.242583,0.406468,0.496288,0.182132,0.172342,0.000502,1.214706,0.137025,0.024729,0.055883,0.242583,0.406468,0.496288,0.000000,0.000000,0.000000,0.000000,0.000000,0.000000,0.000000,0.000000,0.000000,0.000000,607.000000,0.000000,51991.000000,0.000000,607.000000,51991.000000,0.000000,9.504367,814.071729,9.504367,0.000000,3.000000,202.333333,396.000000,17330.333333,34500.000000,36.019198,69.704568,9.504367,63.865380,607.000000,51991.000000,9.504367,814.071729
sess_20260823_web_075_flow_00000,real_sess_20260823_web_075,sess_20260823_web_075,Web,env_win11_cellular,NORMAL,day_4,2026-08-23,batch_20260823_04,dev_win11_laptop,cellular,warp_enabled,web_tech_blogs,real,v2,245.256532,87.956974,40.000000,528.000000,245.000000,136.000000,188.000000,305.000000,359.000000,392.000000,245.256532,87.956974,40.000000,528.000000,245.000000,136.000000,188.000000,305.000000,359.000000,392.000000,0.000000,0.000000,0.000000,0.000000,0.000000,0.000000,0.000000,0.000000,0.000000,0.000000,0.137951,0.137467,0.000028,0.907543,0.102488,0.010850,0.036474,0.188655,0.313071,0.391522,0.137951,0.137467,0.000028,0.907543,0.102488,0.010850,0.036474,0.188655,0.313071,0.391522,0.000000,0.000000,0.000000,0.000000,0.000000,0.000000,0.000000,0.000000,0.000000,0.000000,421.000000,0.000000,103253.000000,0.000000,421.000000,103253.000000,0.000000,6.182634,1516.331401,6.182634,0.000000,1.000000,421.000000,421.000000,103253.000000,103253.000000,57.939531,57.939531,6.182634,68.093954,421.000000,103253.000000,6.182634,1516.331401
sess_20260823_web_075_flow_00001,real_sess_20260823_web_075,sess_20260823_web_075,Web,env_win11_cellular,NORMAL,day_4,2026-08-23,batch_20260823_04,dev_win11_laptop,cellular,warp_enabled,web_tech_blogs,real,v2,241.349169,84.469319,40.000000,487.000000,238.000000,131.000000,183.000000,299.000000,349.000000,383.000000,241.349169,84.469319,40.000000,487.000000,238.000000,131.000000,183.000000,299.000000,349.000000,383.000000,0.000000,0.000000,0.000000,0.000000,0.000000,0.000000,0.000000,0.000000,0.000000,0.000000,0.139304,0.140473,0.000008,0.813111,0.095933,0.012676,0.040017,0.196616,0.310438,0.426830,0.139304,0.140473,0.000008,0.813111,0.095933,0.012676,0.040017,0.196616,0.310438,0.426830,0.000000,0.000000,0.000000,0.000000,0.000000,0.000000,0.000000,0.000000,0.000000,0.000000,421.000000,0.000000,101608.000000,0.000000,421.000000,101608.000000,0.000000,6.804796,1642.331926,6.804796,0.000000,1.000000,421.000000,421.000000,101608.000000,101608.000000,58.507752,58.507752,6.804796,61.868127,421.000000,101608.000000,6.804796,1642.331926
sess_20260820_video_076_flow_00000,real_sess_20260820_video_076,sess_20260820_video_076,Video,env_win11_wifi,NORMAL,day_1,2026-08-20,batch_20260820_01,dev_win11_laptop,wifi,warp_enabled,vid_youtube_1080p,real,v2,1151.152387,311.084090,40.000000,1420.000000,1258.000000,689.000000,965.000000,1420.000000,1420.000000,1420.000000,1151.152387,311.084090,40.000000,1420.000000,1258.000000,689.000000,965.000000,1420.000000,1420.000000,1420.000000,0.000000,0.000000,0.000000,0.000000,0.000000,0.000000,0.000000,0.000000,0.000000,0.000000,0.003869,0.003879,0.000000,0.039755,0.002675,0.000396,0.001105,0.005401,0.008881,0.011588,0.003869,0.003879,0.000000,0.039755,0.002675,0.000396,0.001105,0.005401,0.008881,0.011588,0.000000,0.000000,0.000000,0.000000,0.000000,0.000000,0.000000,0.000000,0.000000,0.000000,15441.000000,0.000000,17774944.000000,0.000000,15441.000000,17774944.000000,0.000000,253.374060,291672.154031,253.374060,0.000000,1.000000,15441.000000,15441.000000,17774944.000000,17774944.000000,59.742476,59.742476,253.374060,60.941519,15441.000000,17774944.000000,253.374060,291672.154031
sess_20260820_video_076_flow_00001,real_sess_20260820_video_076,sess_20260820_video_076,Video,env_win11_wifi,NORMAL,day_1,2026-08-20,batch_20260820_01,dev_win11_laptop,wifi,warp_enabled,vid_youtube_1080p,real,v2,1155.813807,305.588269,40.000000,1420.000000,1262.000000,700.000000,968.000000,1420.000000,1420.000000,1420.000000,1155.813807,305.588269,40.000000,1420.000000,1262.000000,700.000000,968.000000,1420.000000,1420.000000,1420.000000,0.000000,0.000000,0.000000,0.000000,0.000000,0.000000,0.000000,0.000000,0.000000,0.000000,0.003820,0.003817,0.000001,0.042771,0.002648,0.000411,0.001111,0.005308,0.008790,0.011511,0.003820,0.003817,0.000001,0.042771,0.002648,0.000411,0.001111,0.005308,0.008790,0.011511,0.000000,0.000000,0.000000,0.000000,0.000000,0.000000,0.000000,0.000000,0.000000,0.000000,15441.000000,0.000000,17846921.000000,0.000000,15441.000000,17846921.000000,0.000000,244.179246,282225.743917,244.179246,0.000000,1.000000,15441.000000,15441.000000,17846921.000000,17846921.000000,58.975221,58.975221,244.179246,63.236333,15441.000000,17846921.000000,244.179246,282225.743917
sess_20260820_video_077_flow_00000,real_sess_20260820_video_077,sess_20260820_video_077,Video,env_win11_wifi,LOW_BANDWIDTH,day_1,2026-08-20,batch_20260820_02,dev_win11_laptop,wifi,warp_enabled,vid_vimeo_720p,real,v2,122.609960,40.603298,40.000000,255.000000,122.000000,68.000000,94.000000,150.000000,176.000000,191.000000,122.609960,40.603298,40.000000,255.000000,122.000000,68.000000,94.000000,150.000000,176.000000,191.000000,0.000000,0.000000,0.000000,0.000000,0.000000,0.000000,0.000000,0.000000,0.000000,0.000000,0.041395,0.041678,0.000037,0.377395,0.028673,0.004358,0.011956,0.057029,0.095148,0.125387,0.041395,0.041678,0.000037,0.377395,0.028673,0.004358,0.011956,0.057029,0.095148,0.125387,0.000000,0.000000,0.000000,0.000000,0.000000,0.000000,0.000000,0.000000,0.000000,0.000000,2510.000000,0.000000,307751.000000,0.000000,2510.000000,307751.000000,0.000000,38.027970,4662.607879,38.027970,0.000000,1.000000,2510.000000,2510.000000,307751.000000,307751.000000,103.859033,103.859033,38.027970,66.004049,2510.000000,307751.000000,38.027970,4662.607879
sess_20260820_video_077_flow_00001,real_sess_20260820_video_077,sess_20260820_video_077,Video,env_win11_wifi,LOW_BANDWIDTH,day_1,2026-08-20,batch_20260820_02,dev_win11_laptop,wifi,warp_enabled,vid_vimeo_720p,real,v2,94.140637,30.559688,40.000000,198.000000,94.000000,52.000000,72.000000,115.000000,134.000000,145.000000,94.140637,30.559688,40.000000,198.000000,94.000000,52.000000,72.000000,115.000000,134.000000,145.000000,0.000000,0.000000,0.000000,0.000000,0.000000,0.000000,0.000000,0.000000,0.000000,0.000000,0.042802,0.042347,0.000000,0.358022,0.030063,0.004335,0.012135,0.059858,0.097449,0.128626,0.042802,0.042347,0.000000,0.358022,0.030063,0.004335,0.012135,0.059858,0.097449,0.128626,0.000000,0.000000,0.000000,0.000000,0.000000,0.000000,0.000000,0.000000,0.000000,0.000000,2510.000000,0.000000,236293.000000,0.000000,2510.000000,236293.000000,0.000000,48.787682,4592.903488,48.787682,0.000000,1.000000,2510.000000,2510.000000,236293.000000,236293.000000,107.390019,107.390019,48.787682,51.447412,2510.000000,236293.000000,48.787682,4592.903488
sess_20260820_video_078_flow_00000,real_sess_20260820_video_078,sess_20260820_video_078,Video,env_win11_eth,NORMAL,day_1,2026-08-20,batch_20260820_03,dev_win11_desktop,ethernet,warp_disabled,vid_twitch_live,real,v2,1075.075785,318.908728,40.000000,1420.000000,1126.000000,621.000000,870.000000,1387.000000,1420.000000,1420.000000,1075.075785,318.908728,40.000000,1420.000000,1126.000000,621.000000,870.000000,1387.000000,1420.000000,1420.000000,0.000000,0.000000,0.000000,0.000000,0.000000,0.000000,0.000000,0.000000,0.000000,0.000000,0.014940,0.014924,0.000006,0.144989,0.010419,0.001783,0.004555,0.020131,0.034363,0.044094,0.014940,0.014924,0.000006,0.144989,0.010419,0.001783,0.004555,0.020131,0.034363,0.044094,0.000000,0.000000,0.000000,0.000000,0.000000,0.000000,0.000000,0.000000,0.000000,0.000000,3919.000000,0.000000,4213222.000000,0.000000,3919.000000,4213222.000000,0.000000,72.012948,77419.376398,72.012948,0.000000,1.000000,3919.000000,3919.000000,4213222.000000,4213222.000000,58.533468,58.533468,72.012948,54.420769,3919.000000,4213222.000000,72.012948,77419.376398
sess_20260820_video_078_flow_00001,real_sess_20260820_video_078,sess_20260820_video_078,Video,env_win11_eth,NORMAL,day_1,2026-08-20,batch_20260820_03,dev_win11_desktop,ethernet,warp_disabled,vid_twitch_live,real,v2,1078.512631,318.042353,40.000000,1420.000000,1135.000000,624.600000,867.000000,1393.500000,1420.000000,1420.000000,1078.512631,318.042353,40.000000,1420.000000,1135.000000,624.600000,867.000000,1393.500000,1420.000000,1420.000000,0.000000,0.000000,0.000000,0.000000,0.000000,0.000000,0.000000,0.000000,0.000000,0.000000,0.015219,0.015428,0.000009,0.120112,0.010624,0.001611,0.004316,0.020732,0.035177,0.045274,0.015219,0.015428,0.000009,0.120112,0.010624,0.001611,0.004316,0.020732,0.035177,0.045274,0.000000,0.000000,0.000000,0.000000,0.000000,0.000000,0.000000,0.000000,0.000000,0.000000,3919.000000,0.000000,4226691.000000,0.000000,3919.000000,4226691.000000,0.000000,58.055104,62613.162711,58.055104,0.000000,1.000000,3919.000000,3919.000000,4226691.000000,4226691.000000,59.627613,59.627613,58.055104,67.504832,3919.000000,4226691.000000,58.055104,62613.162711
sess_20260820_video_079_flow_00000,real_sess_20260820_video_079,sess_20260820_video_079,Video,env_win11_eth,HIGH_LATENCY,day_1,2026-08-20,batch_20260820_04,dev_win11_desktop,ethernet,warp_enabled,vid_dailymotion_sd,real,v2,236.520889,81.157226,40.000000,480.000000,235.000000,129.400000,180.000000,291.000000,339.600000,373.000000,236.520889,81.157226,40.000000,480.000000,235.000000,129.400000,180.000000,291.000000,339.600000,373.000000,0.000000,0.000000,0.000000,0.000000,0.000000,0.000000,0.000000,0.000000,0.000000,0.000000,0.136627,0.131695,0.000048,1.072851,0.096017,0.013648,0.038108,0.198012,0.312512,0.401867,0.136627,0.131695,0.000048,1.072851,0.096017,0.013648,0.038108,0.198012,0.312512,0.401867,0.000000,0.000000,0.000000,0.000000,0.000000,0.000000,0.000000,0.000000,0.000000,0.000000,1125.000000,0.000000,266086.000000,0.000000,1125.000000,266086.000000,0.000000,16.863503,3988.570752,16.863503,0.000000,2.000000,562.500000,931.000000,133043.000000,219472.000000,76.248029,128.625773,16.863503,66.712117,1125.000000,266086.000000,16.863503,3988.570752
sess_20260820_video_079_flow_00001,real_sess_20260820_video_079,sess_20260820_video_079,Video,env_win11_eth,HIGH_LATENCY,day_1,2026-08-20,batch_20260820_04,dev_win11_desktop,ethernet,warp_enabled,vid_dailymotion_sd,real,v2,241.689778,84.134862,40.000000,506.000000,240.000000,133.000000,187.000000,298.000000,347.000000,374.400000,241.689778,84.134862,40.000000,506.000000,240.000000,133.000000,187.000000,298.000000,347.000000,374.400000,0.000000,0.000000,0.000000,0.000000,0.000000,0.000000,0.000000,0.000000,0.000000,0.000000,0.209353,0.210594,0.000109,1.650009,0.142062,0.020014,0.058359,0.289338,0.488410,0.628590,0.209353,0.210594,0.000109,1.650009,0.142062,0.020014,0.058359,0.289338,0.488410,0.628590,0.000000,0.000000,0.000000,0.000000,0.000000,0.000000,0.000000,0.000000,0.000000,0.000000,1125.000000,0.000000,271901.000000,0.000000,1125.000000,271901.000000,0.000000,19.374180,4682.541268,19.374180,0.000000,10.000000,112.500000,314.000000,27190.100000,76380.000000,22.419377,59.782779,19.374180,58.066974,1125.000000,271901.000000,19.374180,4682.541268
sess_20260821_video_080_flow_00000,real_sess_20260821_video_080,sess_20260821_video_080,Video,env_win11_wifi,NORMAL,day_2,2026-08-21,batch_20260821_01,dev_win11_laptop,wifi,warp_enabled,vid_netflix_4k,real,v2,784.248547,270.473969,40.000000,1420.000000,786.000000,433.000000,598.000000,971.000000,1134.000000,1233.000000,784.248547,270.473969,40.000000,1420.000000,786.000000,433.000000,598.000000,971.000000,1134.000000,1233.000000,0.000000,0.000000,0.000000,0.000000,0.000000,0.000000,0.000000,0.000000,0.000000,0.000000,0.007650,0.007700,0.000000,0.068699,0.005336,0.000819,0.002330,0.010368,0.017400,0.023060,0.007650,0.007700,0.000000,0.068699,0.005336,0.000819,0.002330,0.010368,0.017400,0.023060,0.000000,0.000000,0.000000,0.000000,0.000000,0.000000,0.000000,0.000000,0.000000,0.000000,7741.000000,0.000000,6070868.000000,0.000000,7741.000000,6070868.000000,0.000000,139.567236,109455.401643,139.567236,0.000000,1.000000,7741.000000,7741.000000,6070868.000000,6070868.000000,59.211406,59.211406,139.567236,55.464307,7741.000000,6070868.000000,139.567236,109455.401643
sess_20260821_video_080_flow_00001,real_sess_20260821_video_080,sess_20260821_video_080,Video,env_win11_wifi,NORMAL,day_2,2026-08-21,batch_20260821_01,dev_win11_laptop,wifi,warp_enabled,vid_netflix_4k,real,v2,782.103346,270.980195,40.000000,1420.000000,779.000000,432.000000,600.000000,966.000000,1139.000000,1239.000000,782.103346,270.980195,40.000000,1420.000000,779.000000,432.000000,600.000000,966.000000,1139.000000,1239.000000,0.000000,0.000000,0.000000,0.000000,0.000000,0.000000,0.000000,0.000000,0.000000,0.000000,0.007693,0.007707,0.000000,0.098742,0.005473,0.000852,0.002240,0.010530,0.017328,0.022598,0.007693,0.007707,0.000000,0.098742,0.005473,0.000852,0.002240,0.010530,0.017328,0.022598,0.000000,0.000000,0.000000,0.000000,0.000000,0.000000,0.000000,0.000000,0.000000,0.000000,7741.000000,0.000000,6054262.000000,0.000000,7741.000000,6054262.000000,0.000000,140.394348,109802.889092,140.394348,0.000000,1.000000,7741.000000,7741.000000,6054262.000000,6054262.000000,59.543749,59.543749,140.394348,55.137547,7741.000000,6054262.000000,140.394348,109802.889092
sess_20260821_video_081_flow_00000,real_sess_20260821_video_081,sess_20260821_video_081,Video,env_win11_wifi,HIGH_LATENCY,day_2,2026-08-21,batch_20260821_02,dev_win11_laptop,wifi,warp_enabled,vid_youtube_1080p,real,v2,1035.713695,319.155810,40.000000,1420.000000,1077.000000,583.000000,813.000000,1319.750000,1420.000000,1420.000000,1035.713695,319.155810,40.000000,1420.000000,1077.000000,583.000000,813.000000,1319.750000,1420.000000,1420.000000,0.000000,0.000000,0.000000,0.000000,0.000000,0.000000,0.000000,0.000000,0.000000,0.000000,0.020984,0.020765,0.000007,0.194944,0.014912,0.002302,0.006052,0.029180,0.048212,0.061848,0.020984,0.020765,0.000007,0.194944,0.014912,0.002302,0.006052,0.029180,0.048212,0.061848,0.000000,0.000000,0.000000,0.000000,0.000000,0.000000,0.000000,0.000000,0.000000,0.000000,7258.000000,0.000000,7517210.000000,0.000000,7258.000000,7517210.000000,0.000000,119.429876,123695.158040,119.429876,0.000000,1.000000,7258.000000,7258.000000,7517210.000000,7517210.000000,152.278121,152.278121,119.429876,60.772064,7258.000000,7517210.000000,119.429876,123695.158040
sess_20260821_video_081_flow_00001,real_sess_20260821_video_081,sess_20260821_video_081,Video,env_win11_wifi,HIGH_LATENCY,day_2,2026-08-21,batch_20260821_02,dev_win11_laptop,wifi,warp_enabled,vid_youtube_1080p,real,v2,1032.491733,321.765362,40.000000,1420.000000,1072.000000,579.000000,815.000000,1327.000000,1420.000000,1420.000000,1032.491733,321.765362,40.000000,1420.000000,1072.000000,579.000000,815.000000,1327.000000,1420.000000,1420.000000,0.000000,0.000000,0.000000,0.000000,0.000000,0.000000,0.000000,0.000000,0.000000,0.000000,0.023024,0.022621,0.000002,0.220696,0.015971,0.002515,0.006603,0.032303,0.052442,0.068197,0.023024,0.022621,0.000002,0.220696,0.015971,0.002515,0.006603,0.032303,0.052442,0.068197,0.000000,0.000000,0.000000,0.000000,0.000000,0.000000,0.000000,0.000000,0.000000,0.000000,7258.000000,0.000000,7493825.000000,0.000000,7258.000000,7493825.000000,0.000000,108.660359,112190.922623,108.660359,0.000000,1.000000,7258.000000,7258.000000,7493825.000000,7493825.000000,167.087135,167.087135,108.660359,66.795288,7258.000000,7493825.000000,108.660359,112190.922623
sess_20260821_video_082_flow_00000,real_sess_20260821_video_082,sess_20260821_video_082,Video,env_win11_cellular,NORMAL,day_2,2026-08-21,batch_20260821_03,dev_win11_laptop,cellular,warp_disabled,vid_vimeo_720p,real,v2,818.112360,278.340216,40.000000,1420.000000,831.000000,441.200000,640.500000,1007.500000,1173.400000,1290.200000,818.112360,278.340216,40.000000,1420.000000,831.000000,441.200000,640.500000,1007.500000,1173.400000,1290.200000,0.000000,0.000000,0.000000,0.000000,0.000000,0.000000,0.000000,0.000000,0.000000,0.000000,0.063563,0.064592,0.000109,0.567643,0.044313,0.006605,0.018110,0.089803,0.143132,0.191256,0.063563,0.064592,0.000109,0.567643,0.044313,0.006605,0.018110,0.089803,0.143132,0.191256,0.000000,0.000000,0.000000,0.000000,0.000000,0.000000,0.000000,0.000000,0.000000,0.000000,979.000000,0.000000,800932.000000,0.000000,979.000000,800932.000000,0.000000,14.280981,11683.447249,14.280981,0.000000,1.000000,979.000000,979.000000,800932.000000,800932.000000,62.164151,62.164151,14.280981,68.552712,979.000000,800932.000000,14.280981,11683.447249
sess_20260821_video_082_flow_00001,real_sess_20260821_video_082,sess_20260821_video_082,Video,env_win11_cellular,NORMAL,day_2,2026-08-21,batch_20260821_03,dev_win11_laptop,cellular,warp_disabled,vid_vimeo_720p,real,v2,811.585291,284.020189,40.000000,1420.000000,815.000000,464.000000,621.500000,998.500000,1194.000000,1291.000000,811.585291,284.020189,40.000000,1420.000000,815.000000,464.000000,621.500000,998.500000,1194.000000,1291.000000,0.000000,0.000000,0.000000,0.000000,0.000000,0.000000,0.000000,0.000000,0.000000,0.000000,0.061343,0.062122,0.000016,0.578994,0.043351,0.006891,0.017687,0.086443,0.141048,0.189373,0.061343,0.062122,0.000016,0.578994,0.043351,0.006891,0.017687,0.086443,0.141048,0.189373,0.000000,0.000000,0.000000,0.000000,0.000000,0.000000,0.000000,0.000000,0.000000,0.000000,979.000000,0.000000,794542.000000,0.000000,979.000000,794542.000000,0.000000,16.365807,13282.248358,16.365807,0.000000,1.000000,979.000000,979.000000,794542.000000,794542.000000,59.993138,59.993138,16.365807,59.819842,979.000000,794542.000000,16.365807,13282.248358
sess_20260821_video_083_flow_00000,real_sess_20260821_video_083,sess_20260821_video_083,Video,env_win11_cellular,LOW_BANDWIDTH,day_2,2026-08-21,batch_20260821_04,dev_win11_laptop,cellular,warp_enabled,vid_twitch_live,real,v2,75.670588,24.753744,40.000000,156.000000,73.000000,40.000000,56.250000,93.000000,109.100000,119.000000,75.670588,24.753744,40.000000,156.000000,73.000000,40.000000,56.250000,93.000000,109.100000,119.000000,0.000000,0.000000,0.000000,0.000000,0.000000,0.000000,0.000000,0.000000,0.000000,0.000000,0.179970,0.175205,0.001391,1.088619,0.131307,0.020042,0.057987,0.239975,0.401683,0.522646,0.179970,0.175205,0.001391,1.088619,0.131307,0.020042,0.057987,0.239975,0.401683,0.522646,0.000000,0.000000,0.000000,0.000000,0.000000,0.000000,0.000000,0.000000,0.000000,0.000000,510.000000,0.000000,38592.000000,0.000000,510.000000,38592.000000,0.000000,9.751203,737.879247,9.751203,0.000000,3.000000,170.000000,321.000000,12864.000000,24523.000000,29.835898,59.172011,9.751203,52.301241,510.000000,38592.000000,9.751203,737.879247
sess_20260821_video_083_flow_00001,real_sess_20260821_video_083,sess_20260821_video_083,Video,env_win11_cellular,LOW_BANDWIDTH,day_2,2026-08-21,batch_20260821_04,dev_win11_laptop,cellular,warp_enabled,vid_twitch_live,real,v2,122.384314,41.251699,40.000000,228.000000,124.000000,69.900000,93.000000,150.000000,176.100000,193.650000,122.384314,41.251699,40.000000,228.000000,124.000000,69.900000,93.000000,150.000000,176.100000,193.650000,0.000000,0.000000,0.000000,0.000000,0.000000,0.000000,0.000000,0.000000,0.000000,0.000000,0.240560,0.242463,0.000032,1.359617,0.161048,0.022463,0.069899,0.345813,0.559153,0.728188,0.240560,0.242463,0.000032,1.359617,0.161048,0.022463,0.069899,0.345813,0.559153,0.728188,0.000000,0.000000,0.000000,0.000000,0.000000,0.000000,0.000000,0.000000,0.000000,0.000000,510.000000,0.000000,62416.000000,0.000000,510.000000,62416.000000,0.000000,8.239440,1008.378204,8.239440,0.000000,12.000000,42.500000,188.000000,5201.333333,22609.000000,9.127050,40.541624,8.239440,61.897411,510.000000,62416.000000,8.239440,1008.378204
sess_20260822_video_084_flow_00000,real_sess_20260822_video_084,sess_20260822_video_084,Video,env_win11_eth,NORMAL,day_3,2026-08-22,batch_20260822_01,dev_win11_desktop,ethernet,warp_enabled,vid_dailymotion_sd,real,v2,1158.445262,309.497168,40.000000,1420.000000,1273.000000,699.000000,969.000000,1420.000000,1420.000000,1420.000000,1158.445262,309.497168,40.000000,1420.000000,1273.000000,699.000000,969.000000,1420.000000,1420.000000,1420.000000,0.000000,0.000000,0.000000,0.000000,0.000000,0.000000,0.000000,0.000000,0.000000,0.000000,0.004405,0.004412,0.000001,0.053402,0.003075,0.000477,0.001284,0.006072,0.009978,0.013223,0.004405,0.004412,0.000001,0.053402,0.003075,0.000477,0.001284,0.006072,0.009978,0.013223,0.000000,0.000000,0.000000,0.000000,0.000000,0.000000,0.000000,0.000000,0.000000,0.000000,13318.000000,0.000000,15428174.000000,0.000000,13318.000000,15428174.000000,0.000000,259.697420,300845.245752,259.697420,0.000000,1.000000,13318.000000,13318.000000,15428174.000000,15428174.000000,58.656760,58.656760,259.697420,51.282758,13318.000000,15428174.000000,259.697420,300845.245752
sess_20260822_video_084_flow_00001,real_sess_20260822_video_084,sess_20260822_video_084,Video,env_win11_eth,NORMAL,day_3,2026-08-22,batch_20260822_01,dev_win11_desktop,ethernet,warp_enabled,vid_dailymotion_sd,real,v2,1155.190794,308.171766,40.000000,1420.000000,1263.500000,697.700000,968.000000,1420.000000,1420.000000,1420.000000,1155.190794,308.171766,40.000000,1420.000000,1263.500000,697.700000,968.000000,1420.000000,1420.000000,1420.000000,0.000000,0.000000,0.000000,0.000000,0.000000,0.000000,0.000000,0.000000,0.000000,0.000000,0.004423,0.004443,0.000000,0.039418,0.003041,0.000470,0.001267,0.006120,0.010328,0.013267,0.004423,0.004443,0.000000,0.039418,0.003041,0.000470,0.001267,0.006120,0.010328,0.013267,0.000000,0.000000,0.000000,0.000000,0.000000,0.000000,0.000000,0.000000,0.000000,0.000000,13318.000000,0.000000,15384831.000000,0.000000,13318.000000,15384831.000000,0.000000,234.002621,270317.673139,234.002621,0.000000,1.000000,13318.000000,13318.000000,15384831.000000,15384831.000000,58.898018,58.898018,234.002621,56.913893,13318.000000,15384831.000000,234.002621,270317.673139
sess_20260822_video_085_flow_00000,real_sess_20260822_video_085,sess_20260822_video_085,Video,env_win11_eth,PACKET_LOSS,day_3,2026-08-22,batch_20260822_02,dev_win11_desktop,ethernet,warp_enabled,vid_netflix_4k,real,v2,250.901606,87.442123,40.000000,554.000000,252.000000,134.100000,192.000000,310.000000,361.000000,391.450000,250.901606,87.442123,40.000000,554.000000,252.000000,134.100000,192.000000,310.000000,361.000000,391.450000,0.000000,0.000000,0.000000,0.000000,0.000000,0.000000,0.000000,0.000000,0.000000,0.000000,0.025373,0.024798,0.000015,0.185742,0.017702,0.002606,0.007388,0.035999,0.058535,0.074906,0.025373,0.024798,0.000015,0.185742,0.017702,0.002606,0.007388,0.035999,0.058535,0.074906,0.000000,0.000000,0.000000,0.000000,0.000000,0.000000,0.000000,0.000000,0.000000,0.000000,1992.000000,0.000000,499796.000000,0.000000,1992.000000,499796.000000,0.000000,29.384055,7372.506537,29.384055,0.000000,1.000000,1992.000000,1992.000000,499796.000000,499796.000000,50.518128,50.518128,29.384055,67.791869,1992.000000,499796.000000,29.384055,7372.506537
sess_20260822_video_085_flow_00001,real_sess_20260822_video_085,sess_20260822_video_085,Video,env_win11_eth,PACKET_LOSS,day_3,2026-08-22,batch_20260822_02,dev_win11_desktop,ethernet,warp_enabled,vid_netflix_4k,real,v2,262.301948,93.534765,40.000000,593.000000,260.000000,144.700000,197.000000,327.000000,385.300000,417.000000,262.301948,93.534765,40.000000,593.000000,260.000000,144.700000,197.000000,327.000000,385.300000,417.000000,0.000000,0.000000,0.000000,0.000000,0.000000,0.000000,0.000000,0.000000,0.000000,0.000000,0.024862,0.025195,0.000019,0.227895,0.017122,0.002651,0.007482,0.033754,0.055640,0.071207,0.024862,0.025195,0.000019,0.227895,0.017122,0.002651,0.007482,0.033754,0.055640,0.071207,0.000000,0.000000,0.000000,0.000000,0.000000,0.000000,0.000000,0.000000,0.000000,0.000000,1848.000000,0.000000,484734.000000,0.000000,1848.000000,484734.000000,0.000000,28.258631,7412.293901,28.258631,0.000000,1.000000,1848.000000,1848.000000,484734.000000,484734.000000,45.920060,45.920060,28.258631,65.395950,1848.000000,484734.000000,28.258631,7412.293901
sess_20260822_video_086_flow_00000,real_sess_20260822_video_086,sess_20260822_video_086,Video,env_win11_cellular,HIGH_LATENCY,day_3,2026-08-22,batch_20260822_03,dev_win11_laptop,cellular,warp_enabled,vid_youtube_1080p,real,v2,1154.401709,308.045443,40.000000,1420.000000,1261.000000,696.000000,968.000000,1420.000000,1420.000000,1420.000000,1154.401709,308.045443,40.000000,1420.000000,1261.000000,696.000000,968.000000,1420.000000,1420.000000,1420.000000,0.000000,0.000000,0.000000,0.000000,0.000000,0.000000,0.000000,0.000000,0.000000,0.000000,0.017020,0.016643,0.000000,0.134686,0.012081,0.001752,0.004921,0.023725,0.039375,0.050223,0.017020,0.016643,0.000000,0.134686,0.012081,0.001752,0.004921,0.023725,0.039375,0.050223,0.000000,0.000000,0.000000,0.000000,0.000000,0.000000,0.000000,0.000000,0.000000,0.000000,10530.000000,0.000000,12155850.000000,0.000000,10530.000000,12155850.000000,0.000000,167.363549,193204.767048,167.363549,0.000000,1.000000,10530.000000,10530.000000,12155850.000000,12155850.000000,179.198467,179.198467,167.363549,62.916926,10530.000000,12155850.000000,167.363549,193204.767048
sess_20260822_video_086_flow_00001,real_sess_20260822_video_086,sess_20260822_video_086,Video,env_win11_cellular,HIGH_LATENCY,day_3,2026-08-22,batch_20260822_03,dev_win11_laptop,cellular,warp_enabled,vid_youtube_1080p,real,v2,1157.635138,305.347565,40.000000,1420.000000,1269.000000,697.000000,973.000000,1420.000000,1420.000000,1420.000000,1157.635138,305.347565,40.000000,1420.000000,1269.000000,697.000000,973.000000,1420.000000,1420.000000,1420.000000,0.000000,0.000000,0.000000,0.000000,0.000000,0.000000,0.000000,0.000000,0.000000,0.000000,0.012593,0.012723,0.000000,0.128945,0.008643,0.001336,0.003573,0.017454,0.029069,0.037815,0.012593,0.012723,0.000000,0.128945,0.008643,0.001336,0.003573,0.017454,0.029069,0.037815,0.000000,0.000000,0.000000,0.000000,0.000000,0.000000,0.000000,0.000000,0.000000,0.000000,10530.000000,0.000000,12189898.000000,0.000000,10530.000000,12189898.000000,0.000000,169.326487,196018.290896,169.326487,0.000000,1.000000,10530.000000,10530.000000,12189898.000000,12189898.000000,132.592880,132.592880,169.326487,62.187554,10530.000000,12189898.000000,169.326487,196018.290896
sess_20260822_video_087_flow_00000,real_sess_20260822_video_087,sess_20260822_video_087,Video,env_win11_cellular,NORMAL,day_3,2026-08-22,batch_20260822_04,dev_win11_laptop,cellular,warp_disabled,vid_vimeo_720p,real,v2,217.708691,75.707962,40.000000,487.000000,218.000000,120.000000,167.000000,269.000000,316.700000,344.850000,217.708691,75.707962,40.000000,487.000000,218.000000,120.000000,167.000000,269.000000,316.700000,344.850000,0.000000,0.000000,0.000000,0.000000,0.000000,0.000000,0.000000,0.000000,0.000000,0.000000,0.031341,0.031394,0.000020,0.215825,0.021855,0.003383,0.009113,0.042359,0.072646,0.095386,0.031341,0.031394,0.000020,0.215825,0.021855,0.003383,0.009113,0.042359,0.072646,0.095386,0.000000,0.000000,0.000000,0.000000,0.000000,0.000000,0.000000,0.000000,0.000000,0.000000,1864.000000,0.000000,405809.000000,0.000000,1864.000000,405809.000000,0.000000,32.205465,7011.409719,32.205465,0.000000,1.000000,1864.000000,1864.000000,405809.000000,405809.000000,58.389172,58.389172,32.205465,57.878375,1864.000000,405809.000000,32.205465,7011.409719
sess_20260822_video_087_flow_00001,real_sess_20260822_video_087,sess_20260822_video_087,Video,env_win11_cellular,NORMAL,day_3,2026-08-22,batch_20260822_04,dev_win11_laptop,cellular,warp_disabled,vid_vimeo_720p,real,v2,214.950644,74.569084,40.000000,462.000000,214.500000,118.000000,165.000000,267.000000,309.000000,333.850000,214.950644,74.569084,40.000000,462.000000,214.500000,118.000000,165.000000,267.000000,309.000000,333.850000,0.000000,0.000000,0.000000,0.000000,0.000000,0.000000,0.000000,0.000000,0.000000,0.000000,0.031553,0.032434,0.000029,0.279579,0.021696,0.002900,0.008760,0.043879,0.073025,0.096555,0.031553,0.032434,0.000029,0.279579,0.021696,0.002900,0.008760,0.043879,0.073025,0.096555,0.000000,0.000000,0.000000,0.000000,0.000000,0.000000,0.000000,0.000000,0.000000,0.000000,1864.000000,0.000000,400668.000000,0.000000,1864.000000,400668.000000,0.000000,27.952741,6008.459639,27.952741,0.000000,1.000000,1864.000000,1864.000000,400668.000000,400668.000000,58.783948,58.783948,27.952741,66.683980,1864.000000,400668.000000,27.952741,6008.459639
sess_20260823_video_088_flow_00000,real_sess_20260823_video_088,sess_20260823_video_088,Video,env_win11_wifi,LOW_BANDWIDTH,day_4,2026-08-23,batch_20260823_02,dev_win11_laptop,wifi,warp_enabled,vid_twitch_live,real,v2,556.167983,194.182131,40.000000,1345.000000,556.000000,307.000000,426.000000,688.000000,806.000000,876.000000,556.167983,194.182131,40.000000,1345.000000,556.000000,307.000000,426.000000,688.000000,806.000000,876.000000,0.000000,0.000000,0.000000,0.000000,0.000000,0.000000,0.000000,0.000000,0.000000,0.000000,0.007100,0.007104,0.000000,0.070850,0.004907,0.000748,0.002046,0.009859,0.016231,0.021126,0.007100,0.007104,0.000000,0.070850,0.004907,0.000748,0.002046,0.009859,0.016231,0.021126,0.000000,0.000000,0.000000,0.000000,0.000000,0.000000,0.000000,0.000000,0.000000,0.000000,16835.000000,0.000000,9363088.000000,0.000000,16835.000000,9363088.000000,0.000000,252.350346,140349.183046,252.350346,0.000000,1.000000,16835.000000,16835.000000,9363088.000000,9363088.000000,119.518247,119.518247,252.350346,66.712807,16835.000000,9363088.000000,252.350346,140349.183046
sess_20260823_video_088_flow_00001,real_sess_20260823_video_088,sess_20260823_video_088,Video,env_win11_wifi,LOW_BANDWIDTH,day_4,2026-08-23,batch_20260823_02,dev_win11_laptop,wifi,warp_enabled,vid_twitch_live,real,v2,806.749985,278.079029,40.000000,1420.000000,810.000000,445.000000,615.000000,998.000000,1170.000000,1272.000000,806.749985,278.079029,40.000000,1420.000000,810.000000,445.000000,615.000000,998.000000,1170.000000,1272.000000,0.000000,0.000000,0.000000,0.000000,0.000000,0.000000,0.000000,0.000000,0.000000,0.000000,0.008517,0.008362,0.000001,0.071732,0.005917,0.000917,0.002472,0.011946,0.019506,0.025424,0.008517,0.008362,0.000001,0.071732,0.005917,0.000917,0.002472,0.011946,0.019506,0.025424,0.000000,0.000000,0.000000,0.000000,0.000000,0.000000,0.000000,0.000000,0.000000,0.000000,16835.000000,0.000000,13581636.000000,0.000000,16835.000000,13581636.000000,0.000000,310.763292,250708.280963,310.763292,0.000000,1.000000,16835.000000,16835.000000,13581636.000000,13581636.000000,143.370836,143.370836,310.763292,54.173065,16835.000000,13581636.000000,310.763292,250708.280963
sess_20260823_video_089_flow_00000,real_sess_20260823_video_089,sess_20260823_video_089,Video,env_win11_eth,LOW_BANDWIDTH,day_4,2026-08-23,batch_20260823_03,dev_win11_desktop,ethernet,warp_enabled,vid_dailymotion_sd,real,v2,100.615648,34.098392,40.000000,211.000000,101.000000,54.000000,76.000000,123.000000,145.000000,158.000000,100.615648,34.098392,40.000000,211.000000,101.000000,54.000000,76.000000,123.000000,145.000000,158.000000,0.000000,0.000000,0.000000,0.000000,0.000000,0.000000,0.000000,0.000000,0.000000,0.000000,0.054171,0.054546,0.000001,0.369667,0.039052,0.005606,0.016198,0.072647,0.125633,0.160742,0.054171,0.054546,0.000001,0.369667,0.039052,0.005606,0.016198,0.072647,0.125633,0.160742,0.000000,0.000000,0.000000,0.000000,0.000000,0.000000,0.000000,0.000000,0.000000,0.000000,2339.000000,0.000000,235340.000000,0.000000,2339.000000,235340.000000,0.000000,41.556034,4181.187295,41.556034,0.000000,1.000000,2339.000000,2339.000000,235340.000000,235340.000000,126.652897,126.652897,41.556034,56.285448,2339.000000,235340.000000,41.556034,4181.187295
sess_20260823_video_089_flow_00001,real_sess_20260823_video_089,sess_20260823_video_089,Video,env_win11_eth,LOW_BANDWIDTH,day_4,2026-08-23,batch_20260823_03,dev_win11_desktop,ethernet,warp_enabled,vid_dailymotion_sd,real,v2,107.335614,36.598751,40.000000,223.000000,107.000000,57.000000,81.000000,133.000000,155.200000,167.100000,107.335614,36.598751,40.000000,223.000000,107.000000,57.000000,81.000000,133.000000,155.200000,167.100000,0.000000,0.000000,0.000000,0.000000,0.000000,0.000000,0.000000,0.000000,0.000000,0.000000,0.050521,0.050051,0.000028,0.391698,0.035893,0.005149,0.014980,0.068807,0.114061,0.152388,0.050521,0.050051,0.000028,0.391698,0.035893,0.005149,0.014980,0.068807,0.114061,0.152388,0.000000,0.000000,0.000000,0.000000,0.000000,0.000000,0.000000,0.000000,0.000000,0.000000,2339.000000,0.000000,251058.000000,0.000000,2339.000000,251058.000000,0.000000,43.582303,4677.933218,43.582303,0.000000,1.000000,2339.000000,2339.000000,251058.000000,251058.000000,118.117974,118.117974,43.582303,53.668573,2339.000000,251058.000000,43.582303,4677.933218
sess_20260823_video_090_flow_00000,real_sess_20260823_video_090,sess_20260823_video_090,Video,env_win11_cellular,NORMAL,day_4,2026-08-23,batch_20260823_04,dev_win11_laptop,cellular,warp_enabled,vid_netflix_4k,real,v2,200.381625,72.856657,40.000000,408.000000,202.000000,104.800000,149.000000,250.000000,291.200000,318.000000,200.381625,72.856657,40.000000,408.000000,202.000000,104.800000,149.000000,250.000000,291.200000,318.000000,0.000000,0.000000,0.000000,0.000000,0.000000,0.000000,0.000000,0.000000,0.000000,0.000000,0.067977,0.067211,0.000014,0.453338,0.046231,0.007216,0.020911,0.092072,0.155809,0.202216,0.067977,0.067211,0.000014,0.453338,0.046231,0.007216,0.020911,0.092072,0.155809,0.202216,0.000000,0.000000,0.000000,0.000000,0.000000,0.000000,0.000000,0.000000,0.000000,0.000000,849.000000,0.000000,170124.000000,0.000000,849.000000,170124.000000,0.000000,13.227091,2650.465988,13.227091,0.000000,1.000000,849.000000,849.000000,170124.000000,170124.000000,57.644133,57.644133,13.227091,64.186449,849.000000,170124.000000,13.227091,2650.465988
sess_20260823_video_090_flow_00001,real_sess_20260823_video_090,sess_20260823_video_090,Video,env_win11_cellular,NORMAL,day_4,2026-08-23,batch_20260823_04,dev_win11_laptop,cellular,warp_enabled,vid_netflix_4k,real,v2,203.089517,67.837601,40.000000,398.000000,204.000000,116.800000,159.000000,251.000000,290.200000,308.000000,203.089517,67.837601,40.000000,398.000000,204.000000,116.800000,159.000000,251.000000,290.200000,308.000000,0.000000,0.000000,0.000000,0.000000,0.000000,0.000000,0.000000,0.000000,0.000000,0.000000,0.071844,0.073630,0.000201,0.593849,0.048906,0.008742,0.021371,0.095228,0.169643,0.217177,0.071844,0.073630,0.000201,0.593849,0.048906,0.008742,0.021371,0.095228,0.169643,0.217177,0.000000,0.000000,0.000000,0.000000,0.000000,0.000000,0.000000,0.000000,0.000000,0.000000,849.000000,0.000000,172423.000000,0.000000,849.000000,172423.000000,0.000000,14.203379,2884.557359,14.203379,0.000000,1.000000,849.000000,849.000000,172423.000000,172423.000000,60.923514,60.923514,14.203379,59.774509,849.000000,172423.000000,14.203379,2884.557359
sess_20260820_messaging_091_flow_00000,real_sess_20260820_messaging_091,sess_20260820_messaging_091,Messaging,env_win11_wifi,NORMAL,day_1,2026-08-20,batch_20260820_01,dev_win11_laptop,wifi,warp_enabled,msg_slack_chat,real,v2,1117.340841,313.578673,40.000000,1420.000000,1190.000000,656.000000,911.000000,1420.000000,1420.000000,1420.000000,1117.340841,313.578673,40.000000,1420.000000,1190.000000,656.000000,911.000000,1420.000000,1420.000000,1420.000000,0.000000,0.000000,0.000000,0.000000,0.000000,0.000000,0.000000,0.000000,0.000000,0.000000,0.009939,0.009999,0.000002,0.110517,0.006877,0.001006,0.002848,0.013784,0.022894,0.029803,0.009939,0.009999,0.000002,0.110517,0.006877,0.001006,0.002848,0.013784,0.022894,0.029803,0.000000,0.000000,0.000000,0.000000,0.000000,0.000000,0.000000,0.000000,0.000000,0.000000,5994.000000,0.000000,6697341.000000,0.000000,5994.000000,6697341.000000,0.000000,119.717377,133765.114311,119.717377,0.000000,1.000000,5994.000000,5994.000000,6697341.000000,6697341.000000,59.566809,59.566809,119.717377,50.067920,5994.000000,6697341.000000,119.717377,133765.114311
sess_20260820_messaging_091_flow_00001,real_sess_20260820_messaging_091,sess_20260820_messaging_091,Messaging,env_win11_wifi,NORMAL,day_1,2026-08-20,batch_20260820_01,dev_win11_laptop,wifi,warp_enabled,msg_slack_chat,real,v2,1117.412579,309.724362,40.000000,1420.000000,1187.000000,665.000000,909.250000,1420.000000,1420.000000,1420.000000,1117.412579,309.724362,40.000000,1420.000000,1187.000000,665.000000,909.250000,1420.000000,1420.000000,1420.000000,0.000000,0.000000,0.000000,0.000000,0.000000,0.000000,0.000000,0.000000,0.000000,0.000000,0.010135,0.009901,0.000002,0.098062,0.007147,0.001079,0.003055,0.013852,0.023557,0.029730,0.010135,0.009901,0.000002,0.098062,0.007147,0.001079,0.003055,0.013852,0.023557,0.029730,0.000000,0.000000,0.000000,0.000000,0.000000,0.000000,0.000000,0.000000,0.000000,0.000000,5994.000000,0.000000,6697771.000000,0.000000,5994.000000,6697771.000000,0.000000,107.448564,120064.376669,107.448564,0.000000,1.000000,5994.000000,5994.000000,6697771.000000,6697771.000000,60.741165,60.741165,107.448564,55.784831,5994.000000,6697771.000000,107.448564,120064.376669
sess_20260820_messaging_092_flow_00000,real_sess_20260820_messaging_092,sess_20260820_messaging_092,Messaging,env_win11_wifi,LOW_BANDWIDTH,day_1,2026-08-20,batch_20260820_02,dev_win11_laptop,wifi,warp_enabled,msg_discord_text,real,v2,132.238385,45.568432,40.000000,273.000000,132.000000,73.200000,101.000000,163.000000,190.000000,208.400000,132.238385,45.568432,40.000000,273.000000,132.000000,73.200000,101.000000,163.000000,190.000000,208.400000,0.000000,0.000000,0.000000,0.000000,0.000000,0.000000,0.000000,0.000000,0.000000,0.000000,0.100915,0.103519,0.000128,0.928444,0.072118,0.009189,0.027903,0.138442,0.226042,0.307134,0.100915,0.103519,0.000128,0.928444,0.072118,0.009189,0.027903,0.138442,0.226042,0.307134,0.000000,0.000000,0.000000,0.000000,0.000000,0.000000,0.000000,0.000000,0.000000,0.000000,1313.000000,0.000000,173629.000000,0.000000,1313.000000,173629.000000,0.000000,26.071398,3447.639585,26.071398,0.000000,1.000000,1313.000000,1313.000000,173629.000000,173629.000000,132.400992,132.400992,26.071398,50.361703,1313.000000,173629.000000,26.071398,3447.639585
sess_20260820_messaging_092_flow_00001,real_sess_20260820_messaging_092,sess_20260820_messaging_092,Messaging,env_win11_wifi,LOW_BANDWIDTH,day_1,2026-08-20,batch_20260820_02,dev_win11_laptop,wifi,warp_enabled,msg_discord_text,real,v2,90.735720,30.208085,40.000000,184.000000,90.000000,49.000000,68.000000,112.000000,131.000000,144.000000,90.735720,30.208085,40.000000,184.000000,90.000000,49.000000,68.000000,112.000000,131.000000,144.000000,0.000000,0.000000,0.000000,0.000000,0.000000,0.000000,0.000000,0.000000,0.000000,0.000000,0.069435,0.071155,0.000040,0.750108,0.045757,0.006808,0.019497,0.096957,0.167890,0.212562,0.069435,0.071155,0.000040,0.750108,0.045757,0.006808,0.019497,0.096957,0.167890,0.212562,0.000000,0.000000,0.000000,0.000000,0.000000,0.000000,0.000000,0.000000,0.000000,0.000000,1313.000000,0.000000,119136.000000,0.000000,1313.000000,119136.000000,0.000000,20.293798,1841.372380,20.293798,0.000000,1.000000,1313.000000,1313.000000,119136.000000,119136.000000,91.099211,91.099211,20.293798,64.699569,1313.000000,119136.000000,20.293798,1841.372380
sess_20260820_messaging_093_flow_00000,real_sess_20260820_messaging_093,sess_20260820_messaging_093,Messaging,env_win11_eth,NORMAL,day_1,2026-08-20,batch_20260820_03,dev_win11_desktop,ethernet,warp_disabled,msg_telegram_sync,real,v2,216.545781,74.332582,40.000000,464.000000,215.000000,122.000000,166.000000,266.500000,313.000000,340.000000,216.545781,74.332582,40.000000,464.000000,215.000000,122.000000,166.000000,266.500000,313.000000,340.000000,0.000000,0.000000,0.000000,0.000000,0.000000,0.000000,0.000000,0.000000,0.000000,0.000000,0.009011,0.008842,0.000001,0.079558,0.006328,0.000950,0.002614,0.012531,0.020522,0.027010,0.009011,0.008842,0.000001,0.079558,0.006328,0.000950,0.002614,0.012531,0.020522,0.027010,0.000000,0.000000,0.000000,0.000000,0.000000,0.000000,0.000000,0.000000,0.000000,0.000000,6411.000000,0.000000,1388275.000000,0.000000,6411.000000,1388275.000000,0.000000,99.164862,21473.732420,99.164862,0.000000,1.000000,6411.000000,6411.000000,1388275.000000,1388275.000000,57.757683,57.757683,99.164862,64.649916,6411.000000,1388275.000000,99.164862,21473.732420
sess_20260820_messaging_093_flow_00001,real_sess_20260820_messaging_093,sess_20260820_messaging_093,Messaging,env_win11_eth,NORMAL,day_1,2026-08-20,batch_20260820_03,dev_win11_desktop,ethernet,warp_disabled,msg_telegram_sync,real,v2,218.030728,74.565762,40.000000,470.000000,219.000000,121.000000,167.000000,268.000000,315.000000,340.000000,218.030728,74.565762,40.000000,470.000000,219.000000,121.000000,167.000000,268.000000,315.000000,340.000000,0.000000,0.000000,0.000000,0.000000,0.000000,0.000000,0.000000,0.000000,0.000000,0.000000,0.009081,0.009035,0.000000,0.085428,0.006344,0.000991,0.002603,0.012619,0.020864,0.027066,0.009081,0.009035,0.000000,0.085428,0.006344,0.000991,0.002603,0.012619,0.020864,0.027066,0.000000,0.000000,0.000000,0.000000,0.000000,0.000000,0.000000,0.000000,0.000000,0.000000,6411.000000,0.000000,1397795.000000,0.000000,6411.000000,1397795.000000,0.000000,97.356423,21226.691814,97.356423,0.000000,1.000000,6411.000000,6411.000000,1397795.000000,1397795.000000,58.210604,58.210604,97.356423,65.850817,6411.000000,1397795.000000,97.356423,21226.691814
sess_20260820_messaging_094_flow_00000,real_sess_20260820_messaging_094,sess_20260820_messaging_094,Messaging,env_win11_eth,HIGH_LATENCY,day_1,2026-08-20,batch_20260820_04,dev_win11_desktop,ethernet,warp_enabled,msg_whatsapp_web,real,v2,1177.552897,302.064326,40.000000,1420.000000,1309.000000,722.000000,1002.000000,1420.000000,1420.000000,1420.000000,1177.552897,302.064326,40.000000,1420.000000,1309.000000,722.000000,1002.000000,1420.000000,1420.000000,1420.000000,0.000000,0.000000,0.000000,0.000000,0.000000,0.000000,0.000000,0.000000,0.000000,0.000000,0.003767,0.003764,0.000000,0.036090,0.002610,0.000384,0.001080,0.005214,0.008708,0.011271,0.003767,0.003764,0.000000,0.036090,0.002610,0.000384,0.001080,0.005214,0.008708,0.011271,0.000000,0.000000,0.000000,0.000000,0.000000,0.000000,0.000000,0.000000,0.000000,0.000000,45844.000000,0.000000,53983735.000000,0.000000,45844.000000,53983735.000000,0.000000,901.375240,1061417.024667,901.375240,0.000000,1.000000,45844.000000,45844.000000,53983735.000000,53983735.000000,172.710502,172.710502,901.375240,50.860061,45844.000000,53983735.000000,901.375240,1061417.024667
sess_20260820_messaging_094_flow_00001,real_sess_20260820_messaging_094,sess_20260820_messaging_094,Messaging,env_win11_eth,HIGH_LATENCY,day_1,2026-08-20,batch_20260820_04,dev_win11_desktop,ethernet,warp_enabled,msg_whatsapp_web,real,v2,1175.159323,304.024859,40.000000,1420.000000,1308.000000,719.000000,995.000000,1420.000000,1420.000000,1420.000000,1175.159323,304.024859,40.000000,1420.000000,1308.000000,719.000000,995.000000,1420.000000,1420.000000,1420.000000,0.000000,0.000000,0.000000,0.000000,0.000000,0.000000,0.000000,0.000000,0.000000,0.000000,0.004485,0.004489,0.000000,0.050102,0.003111,0.000473,0.001285,0.006224,0.010303,0.013437,0.004485,0.004489,0.000000,0.050102,0.003111,0.000473,0.001285,0.006224,0.010303,0.013437,0.000000,0.000000,0.000000,0.000000,0.000000,0.000000,0.000000,0.000000,0.000000,0.000000,45844.000000,0.000000,53874004.000000,0.000000,45844.000000,53874004.000000,0.000000,732.095057,860328.331451,732.095057,0.000000,1.000000,45844.000000,45844.000000,53874004.000000,53874004.000000,205.597120,205.597120,732.095057,62.620283,45844.000000,53874004.000000,732.095057,860328.331451
sess_20260821_messaging_095_flow_00000,real_sess_20260821_messaging_095,sess_20260821_messaging_095,Messaging,env_win11_wifi,NORMAL,day_2,2026-08-21,batch_20260821_01,dev_win11_laptop,wifi,warp_enabled,msg_signal_chat,real,v2,213.601026,73.760931,40.000000,464.000000,214.000000,116.000000,162.250000,266.000000,307.000000,333.550000,213.601026,73.760931,40.000000,464.000000,214.000000,116.000000,162.250000,266.000000,307.000000,333.550000,0.000000,0.000000,0.000000,0.000000,0.000000,0.000000,0.000000,0.000000,0.000000,0.000000,0.029155,0.028944,0.000029,0.225934,0.020797,0.002834,0.008237,0.040988,0.064977,0.085193,0.029155,0.028944,0.000029,0.225934,0.020797,0.002834,0.008237,0.040988,0.064977,0.085193,0.000000,0.000000,0.000000,0.000000,0.000000,0.000000,0.000000,0.000000,0.000000,0.000000,1950.000000,0.000000,416522.000000,0.000000,1950.000000,416522.000000,0.000000,33.404231,7135.177997,33.404231,0.000000,1.000000,1950.000000,1950.000000,416522.000000,416522.000000,56.822382,56.822382,33.404231,58.375839,1950.000000,416522.000000,33.404231,7135.177997
sess_20260821_messaging_095_flow_00001,real_sess_20260821_messaging_095,sess_20260821_messaging_095,Messaging,env_win11_wifi,NORMAL,day_2,2026-08-21,batch_20260821_01,dev_win11_laptop,wifi,warp_enabled,msg_signal_chat,real,v2,216.050769,74.211947,40.000000,512.000000,219.000000,118.000000,166.250000,264.000000,309.000000,338.550000,216.050769,74.211947,40.000000,512.000000,219.000000,118.000000,166.250000,264.000000,309.000000,338.550000,0.000000,0.000000,0.000000,0.000000,0.000000,0.000000,0.000000,0.000000,0.000000,0.000000,0.030591,0.029844,0.000023,0.203001,0.020730,0.003123,0.008804,0.043766,0.069605,0.090538,0.030591,0.029844,0.000023,0.203001,0.020730,0.003123,0.008804,0.043766,0.069605,0.090538,0.000000,0.000000,0.000000,0.000000,0.000000,0.000000,0.000000,0.000000,0.000000,0.000000,1950.000000,0.000000,421299.000000,0.000000,1950.000000,421299.000000,0.000000,32.668428,7058.038892,32.668428,0.000000,1.000000,1950.000000,1950.000000,421299.000000,421299.000000,59.621824,59.621824,32.668428,59.690660,1950.000000,421299.000000,32.668428,7058.038892
sess_20260821_messaging_096_flow_00000,real_sess_20260821_messaging_096,sess_20260821_messaging_096,Messaging,env_win11_wifi,HIGH_LATENCY,day_2,2026-08-21,batch_20260821_02,dev_win11_laptop,wifi,warp_enabled,msg_slack_chat,real,v2,1159.794395,309.060455,40.000000,1420.000000,1277.000000,701.000000,973.000000,1420.000000,1420.000000,1420.000000,1159.794395,309.060455,40.000000,1420.000000,1277.000000,701.000000,973.000000,1420.000000,1420.000000,1420.000000,0.000000,0.000000,0.000000,0.000000,0.000000,0.000000,0.000000,0.000000,0.000000,0.000000,0.017101,0.017129,0.000002,0.164813,0.011856,0.001886,0.005004,0.023667,0.039120,0.051907,0.017101,0.017129,0.000002,0.164813,0.011856,0.001886,0.005004,0.023667,0.039120,0.051907,0.000000,0.000000,0.000000,0.000000,0.000000,0.000000,0.000000,0.000000,0.000000,0.000000,12738.000000,0.000000,14773461.000000,0.000000,12738.000000,14773461.000000,0.000000,233.132702,270386.000703,233.132702,0.000000,1.000000,12738.000000,12738.000000,14773461.000000,14773461.000000,217.819494,217.819494,233.132702,54.638409,12738.000000,14773461.000000,233.132702,270386.000703
sess_20260821_messaging_096_flow_00001,real_sess_20260821_messaging_096,sess_20260821_messaging_096,Messaging,env_win11_wifi,HIGH_LATENCY,day_2,2026-08-21,batch_20260821_02,dev_win11_laptop,wifi,warp_enabled,msg_slack_chat,real,v2,1164.158816,305.621744,40.000000,1420.000000,1282.000000,710.000000,980.000000,1420.000000,1420.000000,1420.000000,1164.158816,305.621744,40.000000,1420.000000,1282.000000,710.000000,980.000000,1420.000000,1420.000000,1420.000000,0.000000,0.000000,0.000000,0.000000,0.000000,0.000000,0.000000,0.000000,0.000000,0.000000,0.014195,0.014082,0.000003,0.151346,0.009895,0.001489,0.004055,0.019757,0.033063,0.042222,0.014195,0.014082,0.000003,0.151346,0.009895,0.001489,0.004055,0.019757,0.033063,0.042222,0.000000,0.000000,0.000000,0.000000,0.000000,0.000000,0.000000,0.000000,0.000000,0.000000,12738.000000,0.000000,14829055.000000,0.000000,12738.000000,14829055.000000,0.000000,237.210122,276150.254469,237.210122,0.000000,1.000000,12738.000000,12738.000000,14829055.000000,14829055.000000,180.805634,180.805634,237.210122,53.699226,12738.000000,14829055.000000,237.210122,276150.254469
sess_20260821_messaging_097_flow_00000,real_sess_20260821_messaging_097,sess_20260821_messaging_097,Messaging,env_win11_cellular,NORMAL,day_2,2026-08-21,batch_20260821_03,dev_win11_laptop,cellular,warp_disabled,msg_discord_text,real,v2,222.243355,76.353553,40.000000,495.000000,220.000000,127.000000,169.000000,274.000000,322.000000,350.950000,222.243355,76.353553,40.000000,495.000000,220.000000,127.000000,169.000000,274.000000,322.000000,350.950000,0.000000,0.000000,0.000000,0.000000,0.000000,0.000000,0.000000,0.000000,0.000000,0.000000,0.027379,0.027472,0.000003,0.214666,0.019009,0.002705,0.007719,0.038172,0.062676,0.085835,0.027379,0.027472,0.000003,0.214666,0.019009,0.002705,0.007719,0.038172,0.062676,0.085835,0.000000,0.000000,0.000000,0.000000,0.000000,0.000000,0.000000,0.000000,0.000000,0.000000,2182.000000,0.000000,484935.000000,0.000000,2182.000000,484935.000000,0.000000,40.200697,8934.337668,40.200697,0.000000,1.000000,2182.000000,2182.000000,484935.000000,484935.000000,59.713178,59.713178,40.200697,54.277666,2182.000000,484935.000000,40.200697,8934.337668
sess_20260821_messaging_097_flow_00001,real_sess_20260821_messaging_097,sess_20260821_messaging_097,Messaging,env_win11_cellular,NORMAL,day_2,2026-08-21,batch_20260821_03,dev_win11_laptop,cellular,warp_disabled,msg_discord_text,real,v2,219.956920,78.171956,40.000000,501.000000,219.000000,119.000000,166.000000,270.000000,322.000000,353.000000,219.956920,78.171956,40.000000,501.000000,219.000000,119.000000,166.000000,270.000000,322.000000,353.000000,0.000000,0.000000,0.000000,0.000000,0.000000,0.000000,0.000000,0.000000,0.000000,0.000000,0.026611,0.027353,0.000031,0.240035,0.018353,0.002646,0.007495,0.035852,0.061338,0.080336,0.026611,0.027353,0.000031,0.240035,0.018353,0.002646,0.007495,0.035852,0.061338,0.080336,0.000000,0.000000,0.000000,0.000000,0.000000,0.000000,0.000000,0.000000,0.000000,0.000000,2182.000000,0.000000,479946.000000,0.000000,2182.000000,479946.000000,0.000000,38.787428,8531.563250,38.787428,0.000000,1.000000,2182.000000,2182.000000,479946.000000,479946.000000,58.038601,58.038601,38.787428,56.255341,2182.000000,479946.000000,38.787428,8531.563250
sess_20260821_messaging_098_flow_00000,real_sess_20260821_messaging_098,sess_20260821_messaging_098,Messaging,env_win11_cellular,LOW_BANDWIDTH,day_2,2026-08-21,batch_20260821_04,dev_win11_laptop,cellular,warp_enabled,msg_telegram_sync,real,v2,696.924461,239.298970,40.000000,1420.000000,699.000000,389.000000,537.000000,859.000000,1001.000000,1088.450000,696.924461,239.298970,40.000000,1420.000000,699.000000,389.000000,537.000000,859.000000,1001.000000,1088.450000,0.000000,0.000000,0.000000,0.000000,0.000000,0.000000,0.000000,0.000000,0.000000,0.000000,0.008767,0.008730,0.000000,0.095008,0.006227,0.000913,0.002538,0.011969,0.020050,0.026133,0.008767,0.008730,0.000000,0.095008,0.006227,0.000913,0.002538,0.011969,0.020050,0.026133,0.000000,0.000000,0.000000,0.000000,0.000000,0.000000,0.000000,0.000000,0.000000,0.000000,13172.000000,0.000000,9179889.000000,0.000000,13172.000000,9179889.000000,0.000000,192.498985,134157.251126,192.498985,0.000000,1.000000,13172.000000,13172.000000,9179889.000000,9179889.000000,115.474000,115.474000,192.498985,68.426335,13172.000000,9179889.000000,192.498985,134157.251126
sess_20260821_messaging_098_flow_00001,real_sess_20260821_messaging_098,sess_20260821_messaging_098,Messaging,env_win11_cellular,LOW_BANDWIDTH,day_2,2026-08-21,batch_20260821_04,dev_win11_laptop,cellular,warp_enabled,msg_telegram_sync,real,v2,488.761691,171.023579,40.000000,1201.000000,489.000000,271.000000,373.000000,605.250000,708.000000,773.000000,488.761691,171.023579,40.000000,1201.000000,489.000000,271.000000,373.000000,605.250000,708.000000,773.000000,0.000000,0.000000,0.000000,0.000000,0.000000,0.000000,0.000000,0.000000,0.000000,0.000000,0.007733,0.007726,0.000001,0.088489,0.005341,0.000807,0.002190,0.010728,0.017847,0.023003,0.007733,0.007726,0.000001,0.088489,0.005341,0.000807,0.002190,0.010728,0.017847,0.023003,0.000000,0.000000,0.000000,0.000000,0.000000,0.000000,0.000000,0.000000,0.000000,0.000000,13172.000000,0.000000,6437969.000000,0.000000,13172.000000,6437969.000000,0.000000,219.934051,107495.338979,219.934051,0.000000,1.000000,13172.000000,13172.000000,6437969.000000,6437969.000000,101.852132,101.852132,219.934051,59.890680,13172.000000,6437969.000000,219.934051,107495.338979
sess_20260822_messaging_099_flow_00000,real_sess_20260822_messaging_099,sess_20260822_messaging_099,Messaging,env_win11_eth,NORMAL,day_3,2026-08-22,batch_20260822_01,dev_win11_desktop,ethernet,warp_enabled,msg_whatsapp_web,real,v2,1093.665818,312.040024,40.000000,1420.000000,1149.000000,650.000000,885.000000,1420.000000,1420.000000,1420.000000,1093.665818,312.040024,40.000000,1420.000000,1149.000000,650.000000,885.000000,1420.000000,1420.000000,1420.000000,0.000000,0.000000,0.000000,0.000000,0.000000,0.000000,0.000000,0.000000,0.000000,0.000000,0.008103,0.008118,0.000000,0.078826,0.005667,0.000860,0.002308,0.011185,0.018651,0.024760,0.008103,0.008118,0.000000,0.078826,0.005667,0.000860,0.002308,0.011185,0.018651,0.024760,0.000000,0.000000,0.000000,0.000000,0.000000,0.000000,0.000000,0.000000,0.000000,0.000000,7460.000000,0.000000,8158747.000000,0.000000,7460.000000,8158747.000000,0.000000,130.749196,142995.925907,130.749196,0.000000,1.000000,7460.000000,7460.000000,8158747.000000,8158747.000000,60.439760,60.439760,130.749196,57.055800,7460.000000,8158747.000000,130.749196,142995.925907
sess_20260822_messaging_099_flow_00001,real_sess_20260822_messaging_099,sess_20260822_messaging_099,Messaging,env_win11_eth,NORMAL,day_3,2026-08-22,batch_20260822_01,dev_win11_desktop,ethernet,warp_enabled,msg_whatsapp_web,real,v2,1085.189678,316.908996,40.000000,1420.000000,1141.000000,629.800000,869.750000,1414.000000,1420.000000,1420.000000,1085.189678,316.908996,40.000000,1420.000000,1141.000000,629.800000,869.750000,1414.000000,1420.000000,1420.000000,0.000000,0.000000,0.000000,0.000000,0.000000,0.000000,0.000000,0.000000,0.000000,0.000000,0.008075,0.008082,0.000000,0.067910,0.005552,0.000881,0.002318,0.011225,0.018777,0.024530,0.008075,0.008082,0.000000,0.067910,0.005552,0.000881,0.002318,0.011225,0.018777,0.024530,0.000000,0.000000,0.000000,0.000000,0.000000,0.000000,0.000000,0.000000,0.000000,0.000000,7460.000000,0.000000,8095515.000000,0.000000,7460.000000,8095515.000000,0.000000,121.187565,131511.494961,121.187565,0.000000,1.000000,7460.000000,7460.000000,8095515.000000,8095515.000000,60.235019,60.235019,121.187565,61.557471,7460.000000,8095515.000000,121.187565,131511.494961
sess_20260822_messaging_100_flow_00000,real_sess_20260822_messaging_100,sess_20260822_messaging_100,Messaging,env_win11_eth,PACKET_LOSS,day_3,2026-08-22,batch_20260822_02,dev_win11_desktop,ethernet,warp_enabled,msg_signal_chat,real,v2,220.611794,75.702523,40.000000,478.000000,220.000000,122.700000,169.000000,273.000000,319.000000,346.650000,220.611794,75.702523,40.000000,478.000000,220.000000,122.700000,169.000000,273.000000,319.000000,346.650000,0.000000,0.000000,0.000000,0.000000,0.000000,0.000000,0.000000,0.000000,0.000000,0.000000,0.029698,0.029305,0.000010,0.234517,0.021171,0.002928,0.008413,0.040805,0.069051,0.088857,0.029698,0.029305,0.000010,0.234517,0.021171,0.002928,0.008413,0.040805,0.069051,0.088857,0.000000,0.000000,0.000000,0.000000,0.000000,0.000000,0.000000,0.000000,0.000000,0.000000,1628.000000,0.000000,359156.000000,0.000000,1628.000000,359156.000000,0.000000,29.539148,6516.684357,29.539148,0.000000,1.000000,1628.000000,1628.000000,359156.000000,359156.000000,48.318206,48.318206,29.539148,55.113303,1628.000000,359156.000000,29.539148,6516.684357
sess_20260822_messaging_100_flow_00001,real_sess_20260822_messaging_100,sess_20260822_messaging_100,Messaging,env_win11_eth,PACKET_LOSS,day_3,2026-08-22,batch_20260822_02,dev_win11_desktop,ethernet,warp_enabled,msg_signal_chat,real,v2,245.974847,86.471987,40.000000,490.000000,246.000000,136.000000,190.000000,306.000000,358.000000,388.550000,245.974847,86.471987,40.000000,490.000000,246.000000,136.000000,190.000000,306.000000,358.000000,388.550000,0.000000,0.000000,0.000000,0.000000,0.000000,0.000000,0.000000,0.000000,0.000000,0.000000,0.030642,0.031126,0.000005,0.252563,0.021714,0.003081,0.008508,0.040913,0.070475,0.092078,0.030642,0.031126,0.000005,0.252563,0.021714,0.003081,0.008508,0.040913,0.070475,0.092078,0.000000,0.000000,0.000000,0.000000,0.000000,0.000000,0.000000,0.000000,0.000000,0.000000,1630.000000,0.000000,400939.000000,0.000000,1630.000000,400939.000000,0.000000,26.152253,6432.796394,26.152253,0.000000,1.000000,1630.000000,1630.000000,400939.000000,400939.000000,49.915573,49.915573,26.152253,62.327326,1630.000000,400939.000000,26.152253,6432.796394
sess_20260822_messaging_101_flow_00000,real_sess_20260822_messaging_101,sess_20260822_messaging_101,Messaging,env_win11_cellular,HIGH_LATENCY,day_3,2026-08-22,batch_20260822_03,dev_win11_laptop,cellular,warp_enabled,msg_slack_chat,real,v2,1145.845783,309.367120,40.000000,1420.000000,1245.000000,688.000000,953.000000,1420.000000,1420.000000,1420.000000,1145.845783,309.367120,40.000000,1420.000000,1245.000000,688.000000,953.000000,1420.000000,1420.000000,1420.000000,0.000000,0.000000,0.000000,0.000000,0.000000,0.000000,0.000000,0.000000,0.000000,0.000000,0.014844,0.014847,0.000001,0.147046,0.010372,0.001542,0.004178,0.020553,0.034047,0.044384,0.014844,0.014847,0.000001,0.147046,0.010372,0.001542,0.004178,0.020553,0.034047,0.044384,0.000000,0.000000,0.000000,0.000000,0.000000,0.000000,0.000000,0.000000,0.000000,0.000000,8501.000000,0.000000,9740835.000000,0.000000,8501.000000,9740835.000000,0.000000,128.573928,147325.892828,128.573928,0.000000,1.000000,8501.000000,8501.000000,9740835.000000,9740835.000000,126.171337,126.171337,128.573928,66.117604,8501.000000,9740835.000000,128.573928,147325.892828
sess_20260822_messaging_101_flow_00001,real_sess_20260822_messaging_101,sess_20260822_messaging_101,Messaging,env_win11_cellular,HIGH_LATENCY,day_3,2026-08-22,batch_20260822_03,dev_win11_laptop,cellular,warp_enabled,msg_slack_chat,real,v2,1147.752500,308.973406,40.000000,1420.000000,1251.000000,692.000000,953.000000,1420.000000,1420.000000,1420.000000,1147.752500,308.973406,40.000000,1420.000000,1251.000000,692.000000,953.000000,1420.000000,1420.000000,1420.000000,0.000000,0.000000,0.000000,0.000000,0.000000,0.000000,0.000000,0.000000,0.000000,0.000000,0.017034,0.017185,0.000001,0.155228,0.011618,0.001830,0.004788,0.023416,0.039471,0.051981,0.017034,0.017185,0.000001,0.155228,0.011618,0.001830,0.004788,0.023416,0.039471,0.051981,0.000000,0.000000,0.000000,0.000000,0.000000,0.000000,0.000000,0.000000,0.000000,0.000000,8501.000000,0.000000,9757044.000000,0.000000,8501.000000,9757044.000000,0.000000,135.573191,155604.469399,135.573191,0.000000,1.000000,8501.000000,8501.000000,9757044.000000,9757044.000000,144.790457,144.790457,135.573191,62.704137,8501.000000,9757044.000000,135.573191,155604.469399
sess_20260822_messaging_102_flow_00000,real_sess_20260822_messaging_102,sess_20260822_messaging_102,Messaging,env_win11_cellular,NORMAL,day_3,2026-08-22,batch_20260822_04,dev_win11_laptop,cellular,warp_disabled,msg_discord_text,real,v2,181.047927,63.936914,40.000000,393.000000,178.000000,97.300000,140.000000,223.000000,264.000000,290.000000,181.047927,63.936914,40.000000,393.000000,178.000000,97.300000,140.000000,223.000000,264.000000,290.000000,0.000000,0.000000,0.000000,0.000000,0.000000,0.000000,0.000000,0.000000,0.000000,0.000000,0.037702,0.039050,0.000015,0.343485,0.025257,0.003725,0.009972,0.051381,0.085464,0.109880,0.037702,0.039050,0.000015,0.343485,0.025257,0.003725,0.009972,0.051381,0.085464,0.109880,0.000000,0.000000,0.000000,0.000000,0.000000,0.000000,0.000000,0.000000,0.000000,0.000000,1544.000000,0.000000,279538.000000,0.000000,1544.000000,279538.000000,0.000000,22.897763,4145.592477,22.897763,0.000000,1.000000,1544.000000,1544.000000,279538.000000,279538.000000,58.173982,58.173982,22.897763,67.430169,1544.000000,279538.000000,22.897763,4145.592477
sess_20260822_messaging_102_flow_00001,real_sess_20260822_messaging_102,sess_20260822_messaging_102,Messaging,env_win11_cellular,NORMAL,day_3,2026-08-22,batch_20260822_04,dev_win11_laptop,cellular,warp_disabled,msg_discord_text,real,v2,184.616580,63.457331,40.000000,401.000000,185.000000,105.000000,140.000000,230.000000,263.700000,290.850000,184.616580,63.457331,40.000000,401.000000,185.000000,105.000000,140.000000,230.000000,263.700000,290.850000,0.000000,0.000000,0.000000,0.000000,0.000000,0.000000,0.000000,0.000000,0.000000,0.000000,0.039337,0.039273,0.000063,0.268436,0.027012,0.003821,0.010765,0.054898,0.091638,0.122840,0.039337,0.039273,0.000063,0.268436,0.027012,0.003821,0.010765,0.054898,0.091638,0.122840,0.000000,0.000000,0.000000,0.000000,0.000000,0.000000,0.000000,0.000000,0.000000,0.000000,1544.000000,0.000000,285048.000000,0.000000,1544.000000,285048.000000,0.000000,25.349188,4679.880362,25.349188,0.000000,1.000000,1544.000000,1544.000000,285048.000000,285048.000000,60.696719,60.696719,25.349188,60.909249,1544.000000,285048.000000,25.349188,4679.880362
sess_20260823_messaging_103_flow_00000,real_sess_20260823_messaging_103,sess_20260823_messaging_103,Messaging,env_win11_wifi,LOW_BANDWIDTH,day_4,2026-08-23,batch_20260823_02,dev_win11_laptop,wifi,warp_enabled,msg_telegram_sync,real,v2,98.497110,34.986642,40.000000,219.000000,97.000000,52.000000,72.000000,124.000000,145.400000,159.000000,98.497110,34.986642,40.000000,219.000000,97.000000,52.000000,72.000000,124.000000,145.400000,159.000000,0.000000,0.000000,0.000000,0.000000,0.000000,0.000000,0.000000,0.000000,0.000000,0.000000,0.262396,0.272972,0.001356,1.953971,0.181184,0.030722,0.072894,0.362527,0.602453,0.818079,0.262396,0.272972,0.001356,1.953971,0.181184,0.030722,0.072894,0.362527,0.602453,0.818079,0.000000,0.000000,0.000000,0.000000,0.000000,0.000000,0.000000,0.000000,0.000000,0.000000,519.000000,0.000000,51120.000000,0.000000,519.000000,51120.000000,0.000000,8.784312,865.229318,8.784312,0.000000,15.000000,34.600000,126.000000,3408.000000,12284.000000,7.877996,30.724255,8.784312,59.082603,519.000000,51120.000000,8.784312,865.229318
sess_20260823_messaging_103_flow_00001,real_sess_20260823_messaging_103,sess_20260823_messaging_103,Messaging,env_win11_wifi,LOW_BANDWIDTH,day_4,2026-08-23,batch_20260823_02,dev_win11_laptop,wifi,warp_enabled,msg_telegram_sync,real,v2,66.138728,20.204553,40.000000,137.000000,64.000000,40.000000,48.500000,80.000000,93.000000,103.100000,66.138728,20.204553,40.000000,137.000000,64.000000,40.000000,48.500000,80.000000,93.000000,103.100000,0.000000,0.000000,0.000000,0.000000,0.000000,0.000000,0.000000,0.000000,0.000000,0.000000,0.228102,0.210232,0.000666,1.152283,0.166751,0.025713,0.072392,0.321764,0.551901,0.644081,0.228102,0.210232,0.000666,1.152283,0.166751,0.025713,0.072392,0.321764,0.551901,0.644081,0.000000,0.000000,0.000000,0.000000,0.000000,0.000000,0.000000,0.000000,0.000000,0.000000,519.000000,0.000000,34326.000000,0.000000,519.000000,34326.000000,0.000000,9.604312,635.216968,9.604312,0.000000,3.000000,173.000000,311.000000,11442.000000,20594.000000,38.635197,73.080077,9.604312,54.038229,519.000000,34326.000000,9.604312,635.216968
sess_20260823_messaging_104_flow_00000,real_sess_20260823_messaging_104,sess_20260823_messaging_104,Messaging,env_win11_eth,LOW_BANDWIDTH,day_4,2026-08-23,batch_20260823_03,dev_win11_desktop,ethernet,warp_enabled,msg_whatsapp_web,real,v2,352.954756,120.901277,40.000000,726.000000,351.000000,195.200000,274.000000,440.750000,506.000000,544.000000,352.954756,120.901277,40.000000,726.000000,351.000000,195.200000,274.000000,440.750000,506.000000,544.000000,0.000000,0.000000,0.000000,0.000000,0.000000,0.000000,0.000000,0.000000,0.000000,0.000000,0.148663,0.148855,0.000325,1.156255,0.097837,0.016583,0.042324,0.209333,0.346798,0.440974,0.148663,0.148855,0.000325,1.156255,0.097837,0.016583,0.042324,0.209333,0.346798,0.440974,0.000000,0.000000,0.000000,0.000000,0.000000,0.000000,0.000000,0.000000,0.000000,0.000000,862.000000,0.000000,304247.000000,0.000000,862.000000,304247.000000,0.000000,14.809477,5227.075433,14.809477,0.000000,2.000000,431.000000,821.000000,152123.500000,289663.000000,63.421086,121.078035,14.809477,58.205971,862.000000,304247.000000,14.809477,5227.075433
sess_20260823_messaging_104_flow_00001,real_sess_20260823_messaging_104,sess_20260823_messaging_104,Messaging,env_win11_eth,LOW_BANDWIDTH,day_4,2026-08-23,batch_20260823_03,dev_win11_desktop,ethernet,warp_enabled,msg_whatsapp_web,real,v2,456.874710,156.879924,40.000000,927.000000,456.000000,257.200000,349.000000,554.000000,660.800000,738.000000,456.874710,156.879924,40.000000,927.000000,456.000000,257.200000,349.000000,554.000000,660.800000,738.000000,0.000000,0.000000,0.000000,0.000000,0.000000,0.000000,0.000000,0.000000,0.000000,0.000000,0.113473,0.113201,0.000244,0.778518,0.076711,0.012384,0.032417,0.157177,0.270847,0.341356,0.113473,0.113201,0.000244,0.778518,0.076711,0.012384,0.032417,0.157177,0.270847,0.341356,0.000000,0.000000,0.000000,0.000000,0.000000,0.000000,0.000000,0.000000,0.000000,0.000000,862.000000,0.000000,393826.000000,0.000000,862.000000,393826.000000,0.000000,13.754582,6284.120656,13.754582,0.000000,1.000000,862.000000,862.000000,393826.000000,393826.000000,97.700009,97.700009,13.754582,62.670025,862.000000,393826.000000,13.754582,6284.120656
sess_20260823_messaging_105_flow_00000,real_sess_20260823_messaging_105,sess_20260823_messaging_105,Messaging,env_win11_cellular,NORMAL,day_4,2026-08-23,batch_20260823_04,dev_win11_laptop,cellular,warp_enabled,msg_signal_chat,real,v2,182.107612,63.083124,40.000000,355.000000,182.000000,97.000000,139.000000,224.000000,264.000000,288.000000,182.107612,63.083124,40.000000,355.000000,182.000000,97.000000,139.000000,224.000000,264.000000,288.000000,0.000000,0.000000,0.000000,0.000000,0.000000,0.000000,0.000000,0.000000,0.000000,0.000000,0.155343,0.152792,0.000754,1.043952,0.102425,0.015606,0.044793,0.219588,0.365044,0.455877,0.155343,0.152792,0.000754,1.043952,0.102425,0.015606,0.044793,0.219588,0.365044,0.455877,0.000000,0.000000,0.000000,0.000000,0.000000,0.000000,0.000000,0.000000,0.000000,0.000000,381.000000,0.000000,69383.000000,0.000000,381.000000,69383.000000,0.000000,6.675707,1215.697086,6.675707,0.000000,2.000000,190.500000,322.000000,34691.500000,59233.000000,28.993266,49.442663,6.675707,57.072605,381.000000,69383.000000,6.675707,1215.697086
sess_20260823_messaging_105_flow_00001,real_sess_20260823_messaging_105,sess_20260823_messaging_105,Messaging,env_win11_cellular,NORMAL,day_4,2026-08-23,batch_20260823_04,dev_win11_laptop,cellular,warp_enabled,msg_signal_chat,real,v2,184.191601,67.491384,40.000000,366.000000,183.000000,96.000000,135.000000,235.000000,269.000000,294.000000,184.191601,67.491384,40.000000,366.000000,183.000000,96.000000,135.000000,235.000000,269.000000,294.000000,0.000000,0.000000,0.000000,0.000000,0.000000,0.000000,0.000000,0.000000,0.000000,0.000000,0.146440,0.141900,0.000061,1.174886,0.104531,0.021183,0.046704,0.202629,0.328314,0.429767,0.146440,0.141900,0.000061,1.174886,0.104531,0.021183,0.046704,0.202629,0.328314,0.429767,0.000000,0.000000,0.000000,0.000000,0.000000,0.000000,0.000000,0.000000,0.000000,0.000000,381.000000,0.000000,70177.000000,0.000000,381.000000,70177.000000,0.000000,6.808939,1254.149423,6.808939,0.000000,2.000000,190.500000,300.000000,35088.500000,55791.000000,27.236180,43.260457,6.808939,55.955852,381.000000,70177.000000,6.808939,1254.149423
sess_20260820_voip_106_flow_00000,real_sess_20260820_voip_106,sess_20260820_voip_106,VoIP,env_win11_wifi,NORMAL,day_1,2026-08-20,batch_20260820_01,dev_win11_laptop,wifi,warp_enabled,voip_zoom_audio,real,v2,391.981818,135.100862,40.000000,827.000000,391.000000,215.200000,301.000000,479.000000,564.200000,611.400000,391.981818,135.100862,40.000000,827.000000,391.000000,215.200000,301.000000,479.000000,564.200000,611.400000,0.000000,0.000000,0.000000,0.000000,0.000000,0.000000,0.000000,0.000000,0.000000,0.000000,0.098111,0.097573,0.000046,0.612808,0.063954,0.010560,0.029171,0.141346,0.240729,0.297184,0.098111,0.097573,0.000046,0.612808,0.063954,0.010560,0.029171,0.141346,0.240729,0.297184,0.000000,0.000000,0.000000,0.000000,0.000000,0.000000,0.000000,0.000000,0.000000,0.000000,605.000000,0.000000,237149.000000,0.000000,605.000000,237149.000000,0.000000,9.275545,3635.844931,9.275545,0.000000,1.000000,605.000000,605.000000,237149.000000,237149.000000,59.259269,59.259269,9.275545,65.225279,605.000000,237149.000000,9.275545,3635.844931
sess_20260820_voip_106_flow_00001,real_sess_20260820_voip_106,sess_20260820_voip_106,VoIP,env_win11_wifi,NORMAL,day_1,2026-08-20,batch_20260820_01,dev_win11_laptop,wifi,warp_enabled,voip_zoom_audio,real,v2,394.087603,139.603627,40.000000,850.000000,394.000000,213.000000,301.000000,492.000000,564.000000,612.800000,394.087603,139.603627,40.000000,850.000000,394.000000,213.000000,301.000000,492.000000,564.000000,612.800000,0.000000,0.000000,0.000000,0.000000,0.000000,0.000000,0.000000,0.000000,0.000000,0.000000,0.097331,0.092077,0.000110,0.475554,0.068480,0.011519,0.028672,0.136429,0.229735,0.281414,0.097331,0.092077,0.000110,0.475554,0.068480,0.011519,0.028672,0.136429,0.229735,0.281414,0.000000,0.000000,0.000000,0.000000,0.000000,0.000000,0.000000,0.000000,0.000000,0.000000,605.000000,0.000000,238423.000000,0.000000,605.000000,238423.000000,0.000000,11.120476,4382.441798,11.120476,0.000000,1.000000,605.000000,605.000000,238423.000000,238423.000000,58.787986,58.787986,11.120476,54.404145,605.000000,238423.000000,11.120476,4382.441798
sess_20260820_voip_107_flow_00000,real_sess_20260820_voip_107,sess_20260820_voip_107,VoIP,env_win11_wifi,LOW_BANDWIDTH,day_1,2026-08-20,batch_20260820_02,dev_win11_laptop,wifi,warp_enabled,voip_teams_voice,real,v2,117.142857,40.231607,40.000000,243.000000,117.000000,63.100000,89.000000,144.000000,168.900000,186.000000,117.142857,40.231607,40.000000,243.000000,117.000000,63.100000,89.000000,144.000000,168.900000,186.000000,0.000000,0.000000,0.000000,0.000000,0.000000,0.000000,0.000000,0.000000,0.000000,0.000000,0.213875,0.210907,0.000839,1.372114,0.143763,0.023077,0.057982,0.309915,0.514295,0.628570,0.213875,0.210907,0.000839,1.372114,0.143763,0.023077,0.057982,0.309915,0.514295,0.628570,0.000000,0.000000,0.000000,0.000000,0.000000,0.000000,0.000000,0.000000,0.000000,0.000000,532.000000,0.000000,62320.000000,0.000000,532.000000,62320.000000,0.000000,9.975703,1168.582406,9.975703,0.000000,4.000000,133.000000,371.000000,15580.000000,43223.000000,27.489198,76.112818,9.975703,53.329572,532.000000,62320.000000,9.975703,1168.582406
sess_20260820_voip_107_flow_00001,real_sess_20260820_voip_107,sess_20260820_voip_107,VoIP,env_win11_wifi,LOW_BANDWIDTH,day_1,2026-08-20,batch_20260820_02,dev_win11_laptop,wifi,warp_enabled,voip_teams_voice,real,v2,102.817669,35.081216,40.000000,218.000000,102.500000,58.000000,79.000000,124.000000,148.000000,163.450000,102.817669,35.081216,40.000000,218.000000,102.500000,58.000000,79.000000,124.000000,148.000000,163.450000,0.000000,0.000000,0.000000,0.000000,0.000000,0.000000,0.000000,0.000000,0.000000,0.000000,0.280817,0.287164,0.001026,1.892209,0.188747,0.027330,0.080508,0.370783,0.668010,0.871784,0.280817,0.287164,0.001026,1.892209,0.188747,0.027330,0.080508,0.370783,0.668010,0.871784,0.000000,0.000000,0.000000,0.000000,0.000000,0.000000,0.000000,0.000000,0.000000,0.000000,532.000000,0.000000,54699.000000,0.000000,532.000000,54699.000000,0.000000,9.692525,996.562858,9.692525,0.000000,16.000000,33.250000,86.000000,3418.687500,9352.000000,8.089004,21.725446,9.692525,54.887657,532.000000,54699.000000,9.692525,996.562858
sess_20260820_voip_108_flow_00000,real_sess_20260820_voip_108,sess_20260820_voip_108,VoIP,env_win11_eth,NORMAL,day_1,2026-08-20,batch_20260820_03,dev_win11_desktop,ethernet,warp_disabled,voip_meet_audio,real,v2,224.088063,80.450606,40.000000,516.000000,223.000000,123.000000,169.000000,279.500000,324.000000,353.500000,224.088063,80.450606,40.000000,516.000000,223.000000,123.000000,169.000000,279.500000,324.000000,353.500000,0.000000,0.000000,0.000000,0.000000,0.000000,0.000000,0.000000,0.000000,0.000000,0.000000,0.111018,0.109124,0.000660,0.702306,0.076955,0.012407,0.029717,0.156030,0.264310,0.339466,0.111018,0.109124,0.000660,0.702306,0.076955,0.012407,0.029717,0.156030,0.264310,0.339466,0.000000,0.000000,0.000000,0.000000,0.000000,0.000000,0.000000,0.000000,0.000000,0.000000,511.000000,0.000000,114509.000000,0.000000,511.000000,114509.000000,0.000000,8.841947,1981.374784,8.841947,0.000000,1.000000,511.000000,511.000000,114509.000000,114509.000000,56.619157,56.619157,8.841947,57.792701,511.000000,114509.000000,8.841947,1981.374784
sess_20260820_voip_108_flow_00001,real_sess_20260820_voip_108,sess_20260820_voip_108,VoIP,env_win11_eth,NORMAL,day_1,2026-08-20,batch_20260820_03,dev_win11_desktop,ethernet,warp_disabled,voip_meet_audio,real,v2,223.849315,80.308344,40.000000,460.000000,222.000000,123.000000,167.000000,279.500000,332.000000,355.000000,223.849315,80.308344,40.000000,460.000000,222.000000,123.000000,167.000000,279.500000,332.000000,355.000000,0.000000,0.000000,0.000000,0.000000,0.000000,0.000000,0.000000,0.000000,0.000000,0.000000,0.113215,0.106974,0.000215,0.720073,0.085369,0.011039,0.033827,0.155020,0.262685,0.326209,0.113215,0.106974,0.000215,0.720073,0.085369,0.011039,0.033827,0.155020,0.262685,0.326209,0.000000,0.000000,0.000000,0.000000,0.000000,0.000000,0.000000,0.000000,0.000000,0.000000,511.000000,0.000000,114387.000000,0.000000,511.000000,114387.000000,0.000000,7.841086,1755.221679,7.841086,0.000000,1.000000,511.000000,511.000000,114387.000000,114387.000000,57.739678,57.739678,7.841086,65.169546,511.000000,114387.000000,7.841086,1755.221679
sess_20260820_voip_109_flow_00000,real_sess_20260820_voip_109,sess_20260820_voip_109,VoIP,env_win11_eth,HIGH_LATENCY,day_1,2026-08-20,batch_20260820_04,dev_win11_desktop,ethernet,warp_enabled,voip_discord_voice,real,v2,255.685981,94.301823,40.000000,536.000000,252.000000,134.600000,189.500000,319.500000,378.000000,412.300000,255.685981,94.301823,40.000000,536.000000,252.000000,134.600000,189.500000,319.500000,378.000000,412.300000,0.000000,0.000000,0.000000,0.000000,0.000000,0.000000,0.000000,0.000000,0.000000,0.000000,0.217520,0.195486,0.001222,1.204771,0.171288,0.025770,0.070615,0.293711,0.470119,0.629077,0.217520,0.195486,0.001222,1.204771,0.171288,0.025770,0.070615,0.293711,0.470119,0.629077,0.000000,0.000000,0.000000,0.000000,0.000000,0.000000,0.000000,0.000000,0.000000,0.000000,535.000000,0.000000,136792.000000,0.000000,535.000000,136792.000000,0.000000,8.963442,2291.826417,8.963442,0.000000,4.000000,133.750000,214.000000,34198.000000,54622.000000,28.209042,44.005291,8.963442,59.686894,535.000000,136792.000000,8.963442,2291.826417
sess_20260820_voip_109_flow_00001,real_sess_20260820_voip_109,sess_20260820_voip_109,VoIP,env_win11_eth,HIGH_LATENCY,day_1,2026-08-20,batch_20260820_04,dev_win11_desktop,ethernet,warp_enabled,voip_discord_voice,real,v2,257.076636,93.158797,40.000000,530.000000,261.000000,132.400000,193.500000,319.000000,374.000000,416.900000,257.076636,93.158797,40.000000,530.000000,261.000000,132.400000,193.500000,319.000000,374.000000,416.900000,0.000000,0.000000,0.000000,0.000000,0.000000,0.000000,0.000000,0.000000,0.000000,0.000000,0.464310,0.452197,0.000582,3.133043,0.331837,0.045238,0.149188,0.666818,1.025496,1.302550,0.464310,0.452197,0.000582,3.133043,0.331837,0.045238,0.149188,0.666818,1.025496,1.302550,0.000000,0.000000,0.000000,0.000000,0.000000,0.000000,0.000000,0.000000,0.000000,0.000000,535.000000,0.000000,137536.000000,0.000000,535.000000,137536.000000,0.000000,8.265534,2124.875669,8.265534,0.000000,58.000000,9.224138,36.000000,2371.310345,9872.000000,2.842659,9.784731,8.265534,64.726611,535.000000,137536.000000,8.265534,2124.875669
sess_20260821_voip_110_flow_00000,real_sess_20260821_voip_110,sess_20260821_voip_110,VoIP,env_win11_wifi,NORMAL,day_2,2026-08-21,batch_20260821_01,dev_win11_laptop,wifi,warp_enabled,voip_skype_call,real,v2,314.961969,113.130390,40.000000,692.000000,314.000000,171.600000,236.500000,392.500000,460.800000,490.400000,314.961969,113.130390,40.000000,692.000000,314.000000,171.600000,236.500000,392.500000,460.800000,490.400000,0.000000,0.000000,0.000000,0.000000,0.000000,0.000000,0.000000,0.000000,0.000000,0.000000,0.136271,0.144389,0.000139,0.901816,0.086644,0.013038,0.035956,0.194312,0.315891,0.407105,0.136271,0.144389,0.000139,0.901816,0.086644,0.013038,0.035956,0.194312,0.315891,0.407105,0.000000,0.000000,0.000000,0.000000,0.000000,0.000000,0.000000,0.000000,0.000000,0.000000,447.000000,0.000000,140788.000000,0.000000,447.000000,140788.000000,0.000000,6.897004,2172.293967,6.897004,0.000000,1.000000,447.000000,447.000000,140788.000000,140788.000000,60.776978,60.776978,6.897004,64.810749,447.000000,140788.000000,6.897004,2172.293967
sess_20260821_voip_110_flow_00001,real_sess_20260821_voip_110,sess_20260821_voip_110,VoIP,env_win11_wifi,NORMAL,day_2,2026-08-21,batch_20260821_01,dev_win11_laptop,wifi,warp_enabled,voip_skype_call,real,v2,317.586130,113.917939,40.000000,677.000000,314.000000,177.600000,236.000000,398.000000,463.800000,495.000000,317.586130,113.917939,40.000000,677.000000,314.000000,177.600000,236.000000,398.000000,463.800000,495.000000,0.000000,0.000000,0.000000,0.000000,0.000000,0.000000,0.000000,0.000000,0.000000,0.000000,0.140000,0.135214,0.000219,0.804666,0.096182,0.013507,0.039122,0.207164,0.325790,0.383282,0.140000,0.135214,0.000219,0.804666,0.096182,0.013507,0.039122,0.207164,0.325790,0.383282,0.000000,0.000000,0.000000,0.000000,0.000000,0.000000,0.000000,0.000000,0.000000,0.000000,447.000000,0.000000,141961.000000,0.000000,447.000000,141961.000000,0.000000,8.465993,2688.681999,8.465993,0.000000,1.000000,447.000000,447.000000,141961.000000,141961.000000,62.439961,62.439961,8.465993,52.799476,447.000000,141961.000000,8.465993,2688.681999
sess_20260821_voip_111_flow_00000,real_sess_20260821_voip_111,sess_20260821_voip_111,VoIP,env_win11_wifi,HIGH_LATENCY,day_2,2026-08-21,batch_20260821_02,dev_win11_laptop,wifi,warp_enabled,voip_zoom_audio,real,v2,214.345708,77.060735,40.000000,429.000000,213.000000,111.000000,160.000000,269.000000,308.000000,340.500000,214.345708,77.060735,40.000000,429.000000,213.000000,111.000000,160.000000,269.000000,308.000000,340.500000,0.000000,0.000000,0.000000,0.000000,0.000000,0.000000,0.000000,0.000000,0.000000,0.000000,0.326977,0.321244,0.000335,1.849946,0.220485,0.041317,0.087045,0.443453,0.770283,0.944540,0.326977,0.321244,0.000335,1.849946,0.220485,0.041317,0.087045,0.443453,0.770283,0.944540,0.000000,0.000000,0.000000,0.000000,0.000000,0.000000,0.000000,0.000000,0.000000,0.000000,431.000000,0.000000,92383.000000,0.000000,431.000000,92383.000000,0.000000,7.383581,1582.638971,7.383581,0.000000,22.000000,19.590909,63.000000,4199.227273,13442.000000,5.171222,20.216033,7.383581,58.372757,431.000000,92383.000000,7.383581,1582.638971
sess_20260821_voip_111_flow_00001,real_sess_20260821_voip_111,sess_20260821_voip_111,VoIP,env_win11_wifi,HIGH_LATENCY,day_2,2026-08-21,batch_20260821_02,dev_win11_laptop,wifi,warp_enabled,voip_zoom_audio,real,v2,211.468677,68.389264,40.000000,423.000000,212.000000,125.000000,161.500000,258.500000,300.000000,319.500000,211.468677,68.389264,40.000000,423.000000,212.000000,125.000000,161.500000,258.500000,300.000000,319.500000,0.000000,0.000000,0.000000,0.000000,0.000000,0.000000,0.000000,0.000000,0.000000,0.000000,0.357288,0.348231,0.000030,2.451689,0.258448,0.047486,0.113116,0.466443,0.822441,1.033911,0.357288,0.348231,0.000030,2.451689,0.258448,0.047486,0.113116,0.466443,0.822441,1.033911,0.000000,0.000000,0.000000,0.000000,0.000000,0.000000,0.000000,0.000000,0.000000,0.000000,431.000000,0.000000,91143.000000,0.000000,431.000000,91143.000000,0.000000,8.473784,1791.939864,8.473784,0.000000,26.000000,16.576923,71.000000,3505.500000,15486.000000,4.596140,24.175547,8.473784,50.862756,431.000000,91143.000000,8.473784,1791.939864
sess_20260821_voip_112_flow_00000,real_sess_20260821_voip_112,sess_20260821_voip_112,VoIP,env_win11_cellular,NORMAL,day_2,2026-08-21,batch_20260821_03,dev_win11_laptop,cellular,warp_disabled,voip_teams_voice,real,v2,238.743750,84.354138,40.000000,467.000000,231.000000,133.900000,185.000000,291.000000,358.000000,389.000000,238.743750,84.354138,40.000000,467.000000,231.000000,133.900000,185.000000,291.000000,358.000000,389.000000,0.000000,0.000000,0.000000,0.000000,0.000000,0.000000,0.000000,0.000000,0.000000,0.000000,0.199541,0.200966,0.002304,1.648891,0.145152,0.027844,0.058582,0.275797,0.418778,0.554017,0.199541,0.200966,0.002304,1.648891,0.145152,0.027844,0.058582,0.275797,0.418778,0.554017,0.000000,0.000000,0.000000,0.000000,0.000000,0.000000,0.000000,0.000000,0.000000,0.000000,320.000000,0.000000,76398.000000,0.000000,320.000000,76398.000000,0.000000,5.744929,1371.565836,5.744929,0.000000,4.000000,80.000000,168.000000,19099.500000,41013.000000,14.966898,31.796165,5.744929,55.701300,320.000000,76398.000000,5.744929,1371.565836
sess_20260821_voip_112_flow_00001,real_sess_20260821_voip_112,sess_20260821_voip_112,VoIP,env_win11_cellular,NORMAL,day_2,2026-08-21,batch_20260821_03,dev_win11_laptop,cellular,warp_disabled,voip_teams_voice,real,v2,242.550000,87.427735,43.000000,504.000000,243.000000,124.900000,183.500000,304.000000,356.100000,396.000000,242.550000,87.427735,43.000000,504.000000,243.000000,124.900000,183.500000,304.000000,356.100000,396.000000,0.000000,0.000000,0.000000,0.000000,0.000000,0.000000,0.000000,0.000000,0.000000,0.000000,0.181427,0.190693,0.000197,1.229584,0.121773,0.014622,0.044345,0.261933,0.423012,0.563126,0.181427,0.190693,0.000197,1.229584,0.121773,0.014622,0.044345,0.261933,0.423012,0.563126,0.000000,0.000000,0.000000,0.000000,0.000000,0.000000,0.000000,0.000000,0.000000,0.000000,320.000000,0.000000,77616.000000,0.000000,320.000000,77616.000000,0.000000,4.920897,1193.563477,4.920897,0.000000,2.000000,160.000000,288.000000,38808.000000,69848.000000,28.322828,51.369919,4.920897,65.028799,320.000000,77616.000000,4.920897,1193.563477
sess_20260821_voip_113_flow_00000,real_sess_20260821_voip_113,sess_20260821_voip_113,VoIP,env_win11_cellular,LOW_BANDWIDTH,day_2,2026-08-21,batch_20260821_04,dev_win11_laptop,cellular,warp_enabled,voip_meet_audio,real,v2,79.974194,25.439171,40.000000,179.000000,77.500000,45.000000,62.000000,96.000000,113.100000,123.000000,79.974194,25.439171,40.000000,179.000000,77.500000,45.000000,62.000000,96.000000,113.100000,123.000000,0.000000,0.000000,0.000000,0.000000,0.000000,0.000000,0.000000,0.000000,0.000000,0.000000,0.432717,0.469596,0.000013,3.322653,0.305215,0.030374,0.092773,0.590450,1.003272,1.362150,0.432717,0.469596,0.000013,3.322653,0.305215,0.030374,0.092773,0.590450,1.003272,1.362150,0.000000,0.000000,0.000000,0.000000,0.000000,0.000000,0.000000,0.000000,0.000000,0.000000,310.000000,0.000000,24792.000000,0.000000,310.000000,24792.000000,0.000000,5.274709,421.840574,5.274709,0.000000,32.000000,9.687500,35.000000,774.750000,2682.000000,2.711631,10.917213,5.274709,58.771018,310.000000,24792.000000,5.274709,421.840574
sess_20260821_voip_113_flow_00001,real_sess_20260821_voip_113,sess_20260821_voip_113,VoIP,env_win11_cellular,LOW_BANDWIDTH,day_2,2026-08-21,batch_20260821_04,dev_win11_laptop,cellular,warp_enabled,voip_meet_audio,real,v2,84.535484,28.584350,40.000000,166.000000,83.000000,43.900000,63.000000,102.750000,123.000000,135.550000,84.535484,28.584350,40.000000,166.000000,83.000000,43.900000,63.000000,102.750000,123.000000,135.550000,0.000000,0.000000,0.000000,0.000000,0.000000,0.000000,0.000000,0.000000,0.000000,0.000000,0.402674,0.422703,0.001281,2.476473,0.264647,0.037563,0.099779,0.546235,0.983360,1.282986,0.402674,0.422703,0.001281,2.476473,0.264647,0.037563,0.099779,0.546235,0.983360,1.282986,0.000000,0.000000,0.000000,0.000000,0.000000,0.000000,0.000000,0.000000,0.000000,0.000000,310.000000,0.000000,26206.000000,0.000000,310.000000,26206.000000,0.000000,4.530204,382.962958,4.530204,0.000000,32.000000,9.687500,38.000000,818.937500,3261.000000,2.532476,11.942397,4.530204,68.429595,310.000000,26206.000000,4.530204,382.962958
sess_20260822_voip_114_flow_00000,real_sess_20260822_voip_114,sess_20260822_voip_114,VoIP,env_win11_eth,NORMAL,day_3,2026-08-22,batch_20260822_01,dev_win11_desktop,ethernet,warp_enabled,voip_discord_voice,real,v2,456.497674,156.973992,40.000000,983.000000,456.000000,253.400000,355.000000,559.000000,653.800000,721.600000,456.497674,156.973992,40.000000,983.000000,456.000000,253.400000,355.000000,559.000000,653.800000,721.600000,0.000000,0.000000,0.000000,0.000000,0.000000,0.000000,0.000000,0.000000,0.000000,0.000000,0.094556,0.097085,0.000169,0.548586,0.059778,0.009113,0.027282,0.130753,0.225056,0.294211,0.094556,0.097085,0.000169,0.548586,0.059778,0.009113,0.027282,0.130753,0.225056,0.294211,0.000000,0.000000,0.000000,0.000000,0.000000,0.000000,0.000000,0.000000,0.000000,0.000000,645.000000,0.000000,294441.000000,0.000000,645.000000,294441.000000,0.000000,12.044628,5498.344453,12.044628,0.000000,1.000000,645.000000,645.000000,294441.000000,294441.000000,60.894184,60.894184,12.044628,53.550847,645.000000,294441.000000,12.044628,5498.344453
sess_20260822_voip_114_flow_00001,real_sess_20260822_voip_114,sess_20260822_voip_114,VoIP,env_win11_eth,NORMAL,day_3,2026-08-22,batch_20260822_01,dev_win11_desktop,ethernet,warp_enabled,voip_discord_voice,real,v2,456.555039,144.999257,40.000000,910.000000,457.000000,271.400000,356.000000,563.000000,640.600000,692.800000,456.555039,144.999257,40.000000,910.000000,457.000000,271.400000,356.000000,563.000000,640.600000,692.800000,0.000000,0.000000,0.000000,0.000000,0.000000,0.000000,0.000000,0.000000,0.000000,0.000000,0.090439,0.087743,0.000091,0.672061,0.064140,0.012165,0.025693,0.131938,0.201657,0.267260,0.090439,0.087743,0.000091,0.672061,0.064140,0.012165,0.025693,0.131938,0.201657,0.267260,0.000000,0.000000,0.000000,0.000000,0.000000,0.000000,0.000000,0.000000,0.000000,0.000000,645.000000,0.000000,294478.000000,0.000000,645.000000,294478.000000,0.000000,11.498544,5249.718021,11.498544,0.000000,1.000000,645.000000,645.000000,294478.000000,294478.000000,58.242732,58.242732,11.498544,56.094060,645.000000,294478.000000,11.498544,5249.718021
sess_20260822_voip_115_flow_00000,real_sess_20260822_voip_115,sess_20260822_voip_115,VoIP,env_win11_eth,PACKET_LOSS,day_3,2026-08-22,batch_20260822_02,dev_win11_desktop,ethernet,warp_enabled,voip_skype_call,real,v2,188.724062,63.030413,40.000000,428.000000,187.000000,110.000000,150.000000,228.000000,268.600000,293.000000,188.724062,63.030413,40.000000,428.000000,187.000000,110.000000,150.000000,228.000000,268.600000,293.000000,0.000000,0.000000,0.000000,0.000000,0.000000,0.000000,0.000000,0.000000,0.000000,0.000000,0.117643,0.122041,0.000145,0.994889,0.082087,0.012598,0.031187,0.153937,0.277152,0.352365,0.117643,0.122041,0.000145,0.994889,0.082087,0.012598,0.031187,0.153937,0.277152,0.352365,0.000000,0.000000,0.000000,0.000000,0.000000,0.000000,0.000000,0.000000,0.000000,0.000000,453.000000,0.000000,85492.000000,0.000000,453.000000,85492.000000,0.000000,6.649139,1254.852486,6.649139,0.000000,1.000000,453.000000,453.000000,85492.000000,85492.000000,53.174632,53.174632,6.649139,68.129123,453.000000,85492.000000,6.649139,1254.852486
sess_20260822_voip_115_flow_00001,real_sess_20260822_voip_115,sess_20260822_voip_115,VoIP,env_win11_eth,PACKET_LOSS,day_3,2026-08-22,batch_20260822_02,dev_win11_desktop,ethernet,warp_enabled,voip_skype_call,real,v2,209.907143,72.190635,40.000000,420.000000,210.000000,117.800000,158.750000,261.000000,301.300000,320.100000,209.907143,72.190635,40.000000,420.000000,210.000000,117.800000,158.750000,261.000000,301.300000,320.100000,0.000000,0.000000,0.000000,0.000000,0.000000,0.000000,0.000000,0.000000,0.000000,0.000000,0.119877,0.110305,0.000237,0.743761,0.091423,0.015269,0.039105,0.166718,0.261887,0.322953,0.119877,0.110305,0.000237,0.743761,0.091423,0.015269,0.039105,0.166718,0.261887,0.322953,0.000000,0.000000,0.000000,0.000000,0.000000,0.000000,0.000000,0.000000,0.000000,0.000000,420.000000,0.000000,88161.000000,0.000000,420.000000,88161.000000,0.000000,6.544729,1373.785458,6.544729,0.000000,1.000000,420.000000,420.000000,88161.000000,88161.000000,50.228349,50.228349,6.544729,64.173776,420.000000,88161.000000,6.544729,1373.785458
sess_20260822_voip_116_flow_00000,real_sess_20260822_voip_116,sess_20260822_voip_116,VoIP,env_win11_cellular,HIGH_LATENCY,day_3,2026-08-22,batch_20260822_03,dev_win11_laptop,cellular,warp_enabled,voip_zoom_audio,real,v2,262.366577,91.216407,40.000000,521.000000,260.000000,151.000000,199.000000,320.500000,382.000000,413.500000,262.366577,91.216407,40.000000,521.000000,260.000000,151.000000,199.000000,320.500000,382.000000,413.500000,0.000000,0.000000,0.000000,0.000000,0.000000,0.000000,0.000000,0.000000,0.000000,0.000000,0.641989,0.594468,0.000437,3.400554,0.460686,0.078829,0.186883,0.958822,1.496264,1.736851,0.641989,0.594468,0.000437,3.400554,0.460686,0.078829,0.186883,0.958822,1.496264,1.736851,0.000000,0.000000,0.000000,0.000000,0.000000,0.000000,0.000000,0.000000,0.000000,0.000000,371.000000,0.000000,97338.000000,0.000000,371.000000,97338.000000,0.000000,6.431831,1687.497556,6.431831,0.000000,83.000000,4.469880,21.000000,1172.746988,5071.000000,1.319858,7.754049,6.431831,57.681861,371.000000,97338.000000,6.431831,1687.497556
sess_20260822_voip_116_flow_00001,real_sess_20260822_voip_116,sess_20260822_voip_116,VoIP,env_win11_cellular,HIGH_LATENCY,day_3,2026-08-22,batch_20260822_03,dev_win11_laptop,cellular,warp_enabled,voip_zoom_audio,real,v2,246.277628,84.228364,40.000000,482.000000,249.000000,142.000000,184.500000,302.500000,356.000000,382.000000,246.277628,84.228364,40.000000,482.000000,249.000000,142.000000,184.500000,302.500000,356.000000,382.000000,0.000000,0.000000,0.000000,0.000000,0.000000,0.000000,0.000000,0.000000,0.000000,0.000000,0.359854,0.353375,0.000854,1.897393,0.228404,0.052141,0.122661,0.499337,0.829384,1.005627,0.359854,0.353375,0.000854,1.897393,0.228404,0.052141,0.122661,0.499337,0.829384,1.005627,0.000000,0.000000,0.000000,0.000000,0.000000,0.000000,0.000000,0.000000,0.000000,0.000000,371.000000,0.000000,91369.000000,0.000000,371.000000,91369.000000,0.000000,5.655545,1392.834097,5.655545,0.000000,20.000000,18.550000,79.000000,4568.450000,18623.000000,5.288267,24.775014,5.655545,65.599342,371.000000,91369.000000,5.655545,1392.834097
sess_20260822_voip_117_flow_00000,real_sess_20260822_voip_117,sess_20260822_voip_117,VoIP,env_win11_cellular,NORMAL,day_3,2026-08-22,batch_20260822_04,dev_win11_laptop,cellular,warp_disabled,voip_teams_voice,real,v2,266.640884,89.698129,40.000000,504.000000,267.000000,150.100000,201.250000,326.000000,382.000000,413.950000,266.640884,89.698129,40.000000,504.000000,267.000000,150.100000,201.250000,326.000000,382.000000,413.950000,0.000000,0.000000,0.000000,0.000000,0.000000,0.000000,0.000000,0.000000,0.000000,0.000000,0.145612,0.149109,0.001642,1.007577,0.097273,0.016567,0.041733,0.203141,0.333022,0.442624,0.145612,0.149109,0.001642,1.007577,0.097273,0.016567,0.041733,0.203141,0.333022,0.442624,0.000000,0.000000,0.000000,0.000000,0.000000,0.000000,0.000000,0.000000,0.000000,0.000000,362.000000,0.000000,96524.000000,0.000000,362.000000,96524.000000,0.000000,6.106861,1628.338878,6.106861,0.000000,2.000000,181.000000,330.000000,48262.000000,87293.000000,25.779123,47.373405,6.106861,59.277587,362.000000,96524.000000,6.106861,1628.338878
sess_20260822_voip_117_flow_00001,real_sess_20260822_voip_117,sess_20260822_voip_117,VoIP,env_win11_cellular,NORMAL,day_3,2026-08-22,batch_20260822_04,dev_win11_laptop,cellular,warp_disabled,voip_teams_voice,real,v2,260.055249,88.053794,40.000000,568.000000,257.000000,147.100000,206.000000,317.000000,371.000000,400.800000,260.055249,88.053794,40.000000,568.000000,257.000000,147.100000,206.000000,317.000000,371.000000,400.800000,0.000000,0.000000,0.000000,0.000000,0.000000,0.000000,0.000000,0.000000,0.000000,0.000000,0.154446,0.149284,0.000017,0.927469,0.111125,0.018685,0.042486,0.218091,0.357327,0.462147,0.154446,0.149284,0.000017,0.927469,0.111125,0.018685,0.042486,0.218091,0.357327,0.462147,0.000000,0.000000,0.000000,0.000000,0.000000,0.000000,0.000000,0.000000,0.000000,0.000000,362.000000,0.000000,94140.000000,0.000000,362.000000,94140.000000,0.000000,5.967307,1551.829498,5.967307,0.000000,1.000000,362.000000,362.000000,94140.000000,94140.000000,55.755071,55.755071,5.967307,60.663881,362.000000,94140.000000,5.967307,1551.829498
sess_20260823_voip_118_flow_00000,real_sess_20260823_voip_118,sess_20260823_voip_118,VoIP,env_win11_wifi,LOW_BANDWIDTH,day_4,2026-08-23,batch_20260823_02,dev_win11_laptop,wifi,warp_enabled,voip_meet_audio,real,v2,171.618421,60.860543,40.000000,383.000000,173.000000,93.000000,127.000000,212.000000,248.600000,275.300000,171.618421,60.860543,40.000000,383.000000,173.000000,93.000000,127.000000,212.000000,248.600000,275.300000,0.000000,0.000000,0.000000,0.000000,0.000000,0.000000,0.000000,0.000000,0.000000,0.000000,0.234646,0.241299,0.000153,1.759084,0.151837,0.024578,0.065646,0.316803,0.569169,0.704332,0.234646,0.241299,0.000153,1.759084,0.151837,0.024578,0.065646,0.316803,0.569169,0.704332,0.000000,0.000000,0.000000,0.000000,0.000000,0.000000,0.000000,0.000000,0.000000,0.000000,608.000000,0.000000,104344.000000,0.000000,608.000000,104344.000000,0.000000,11.162365,1915.667496,11.162365,0.000000,8.000000,76.000000,245.000000,13043.000000,40960.000000,16.647150,52.400393,11.162365,54.468743,608.000000,104344.000000,11.162365,1915.667496
sess_20260823_voip_118_flow_00001,real_sess_20260823_voip_118,sess_20260823_voip_118,VoIP,env_win11_wifi,LOW_BANDWIDTH,day_4,2026-08-23,batch_20260823_02,dev_win11_laptop,wifi,warp_enabled,voip_meet_audio,real,v2,229.552632,79.909672,40.000000,514.000000,228.000000,134.000000,173.000000,284.250000,336.300000,366.650000,229.552632,79.909672,40.000000,514.000000,228.000000,134.000000,173.000000,284.250000,336.300000,366.650000,0.000000,0.000000,0.000000,0.000000,0.000000,0.000000,0.000000,0.000000,0.000000,0.000000,0.217143,0.216644,0.002331,1.346511,0.148327,0.022409,0.063624,0.300146,0.487397,0.667270,0.217143,0.216644,0.002331,1.346511,0.148327,0.022409,0.063624,0.300146,0.487397,0.667270,0.000000,0.000000,0.000000,0.000000,0.000000,0.000000,0.000000,0.000000,0.000000,0.000000,608.000000,0.000000,139568.000000,0.000000,608.000000,139568.000000,0.000000,11.122452,2553.188191,11.122452,0.000000,7.000000,86.857143,210.000000,19938.285714,48132.000000,17.855521,44.184644,11.122452,54.664204,608.000000,139568.000000,11.122452,2553.188191
sess_20260823_voip_119_flow_00000,real_sess_20260823_voip_119,sess_20260823_voip_119,VoIP,env_win11_eth,LOW_BANDWIDTH,day_4,2026-08-23,batch_20260823_03,dev_win11_desktop,ethernet,warp_enabled,voip_discord_voice,real,v2,115.987654,39.836520,40.000000,233.000000,114.000000,61.000000,88.250000,143.000000,170.000000,187.500000,115.987654,39.836520,40.000000,233.000000,114.000000,61.000000,88.250000,143.000000,170.000000,187.500000,0.000000,0.000000,0.000000,0.000000,0.000000,0.000000,0.000000,0.000000,0.000000,0.000000,0.242120,0.213200,0.000037,1.103627,0.187306,0.030896,0.081183,0.341245,0.553017,0.680902,0.242120,0.213200,0.000037,1.103627,0.187306,0.030896,0.081183,0.341245,0.553017,0.680902,0.000000,0.000000,0.000000,0.000000,0.000000,0.000000,0.000000,0.000000,0.000000,0.000000,486.000000,0.000000,56370.000000,0.000000,486.000000,56370.000000,0.000000,8.422844,976.945962,8.422844,0.000000,4.000000,121.500000,280.000000,14092.500000,32712.000000,28.555567,64.106163,8.422844,57.700223,486.000000,56370.000000,8.422844,976.945962
sess_20260823_voip_119_flow_00001,real_sess_20260823_voip_119,sess_20260823_voip_119,VoIP,env_win11_eth,LOW_BANDWIDTH,day_4,2026-08-23,batch_20260823_03,dev_win11_desktop,ethernet,warp_enabled,voip_discord_voice,real,v2,95.709877,29.746769,40.000000,199.000000,96.500000,55.000000,75.000000,116.750000,134.500000,141.000000,95.709877,29.746769,40.000000,199.000000,96.500000,55.000000,75.000000,116.750000,134.500000,141.000000,0.000000,0.000000,0.000000,0.000000,0.000000,0.000000,0.000000,0.000000,0.000000,0.000000,0.273379,0.289006,0.000278,2.153013,0.190675,0.029752,0.076657,0.361530,0.612194,0.823233,0.273379,0.289006,0.000278,2.153013,0.190675,0.029752,0.076657,0.361530,0.612194,0.823233,0.000000,0.000000,0.000000,0.000000,0.000000,0.000000,0.000000,0.000000,0.000000,0.000000,486.000000,0.000000,46515.000000,0.000000,486.000000,46515.000000,0.000000,7.270569,695.865264,7.270569,0.000000,16.000000,30.375000,94.000000,2907.187500,8915.000000,7.009783,22.948785,7.270569,66.844837,486.000000,46515.000000,7.270569,695.865264
sess_20260823_voip_120_flow_00000,real_sess_20260823_voip_120,sess_20260823_voip_120,VoIP,env_win11_cellular,NORMAL,day_4,2026-08-23,batch_20260823_04,dev_win11_laptop,cellular,warp_enabled,voip_skype_call,real,v2,199.107463,65.861070,40.000000,397.000000,197.000000,113.900000,154.000000,245.000000,285.200000,311.100000,199.107463,65.861070,40.000000,397.000000,197.000000,113.900000,154.000000,245.000000,285.200000,311.100000,0.000000,0.000000,0.000000,0.000000,0.000000,0.000000,0.000000,0.000000,0.000000,0.000000,0.089486,0.091305,0.000196,0.753350,0.061648,0.008059,0.023618,0.122940,0.211790,0.278056,0.089486,0.091305,0.000196,0.753350,0.061648,0.008059,0.023618,0.122940,0.211790,0.278056,0.000000,0.000000,0.000000,0.000000,0.000000,0.000000,0.000000,0.000000,0.000000,0.000000,670.000000,0.000000,133402.000000,0.000000,670.000000,133402.000000,0.000000,12.379058,2464.762890,12.379058,0.000000,1.000000,670.000000,670.000000,133402.000000,133402.000000,59.866385,59.866385,12.379058,54.123665,670.000000,133402.000000,12.379058,2464.762890
sess_20260823_voip_120_flow_00001,real_sess_20260823_voip_120,sess_20260823_voip_120,VoIP,env_win11_cellular,NORMAL,day_4,2026-08-23,batch_20260823_04,dev_win11_laptop,cellular,warp_enabled,voip_skype_call,real,v2,199.831343,69.606001,40.000000,409.000000,201.500000,105.000000,153.000000,249.000000,292.000000,309.000000,199.831343,69.606001,40.000000,409.000000,201.500000,105.000000,153.000000,249.000000,292.000000,309.000000,0.000000,0.000000,0.000000,0.000000,0.000000,0.000000,0.000000,0.000000,0.000000,0.000000,0.086687,0.085792,0.000054,0.607901,0.062571,0.008384,0.026190,0.121877,0.192089,0.260625,0.086687,0.085792,0.000054,0.607901,0.062571,0.008384,0.026190,0.121877,0.192089,0.260625,0.000000,0.000000,0.000000,0.000000,0.000000,0.000000,0.000000,0.000000,0.000000,0.000000,670.000000,0.000000,133887.000000,0.000000,670.000000,133887.000000,0.000000,11.776805,2353.374698,11.776805,0.000000,1.000000,670.000000,670.000000,133887.000000,133887.000000,57.993930,57.993930,11.776805,56.891493,670.000000,133887.000000,11.776805,2353.374698
sess_20260820_file_transfer_121_flow_00000,real_sess_20260820_file_transfer_121,sess_20260820_file_transfer_121,File Transfer,env_win11_wifi,NORMAL,day_1,2026-08-20,batch_20260820_01,dev_win11_laptop,wifi,warp_enabled,ft_gdrive_upload,real,v2,233.308300,82.445612,40.000000,566.000000,234.000000,129.000000,180.250000,283.750000,339.000000,367.000000,233.308300,82.445612,40.000000,566.000000,234.000000,129.000000,180.250000,283.750000,339.000000,367.000000,0.000000,0.000000,0.000000,0.000000,0.000000,0.000000,0.000000,0.000000,0.000000,0.000000,0.117671,0.117331,0.000255,0.664642,0.081587,0.012921,0.034885,0.160890,0.264135,0.352237,0.117671,0.117331,0.000255,0.664642,0.081587,0.012921,0.034885,0.160890,0.264135,0.352237,0.000000,0.000000,0.000000,0.000000,0.000000,0.000000,0.000000,0.000000,0.000000,0.000000,506.000000,0.000000,118054.000000,0.000000,506.000000,118054.000000,0.000000,8.181709,1908.860732,8.181709,0.000000,1.000000,506.000000,506.000000,118054.000000,118054.000000,59.423741,59.423741,8.181709,61.845266,506.000000,118054.000000,8.181709,1908.860732
sess_20260820_file_transfer_121_flow_00001,real_sess_20260820_file_transfer_121,sess_20260820_file_transfer_121,File Transfer,env_win11_wifi,NORMAL,day_1,2026-08-20,batch_20260820_01,dev_win11_laptop,wifi,warp_enabled,ft_gdrive_upload,real,v2,240.175889,83.476651,40.000000,507.000000,245.000000,135.000000,181.250000,297.000000,347.500000,378.000000,240.175889,83.476651,40.000000,507.000000,245.000000,135.000000,181.250000,297.000000,347.500000,378.000000,0.000000,0.000000,0.000000,0.000000,0.000000,0.000000,0.000000,0.000000,0.000000,0.000000,0.118221,0.117475,0.000014,0.650729,0.080359,0.013036,0.031499,0.169180,0.270398,0.354968,0.118221,0.117475,0.000014,0.650729,0.080359,0.013036,0.031499,0.169180,0.270398,0.354968,0.000000,0.000000,0.000000,0.000000,0.000000,0.000000,0.000000,0.000000,0.000000,0.000000,506.000000,0.000000,121529.000000,0.000000,506.000000,121529.000000,0.000000,9.152270,2198.154472,9.152270,0.000000,1.000000,506.000000,506.000000,121529.000000,121529.000000,59.701662,59.701662,9.152270,55.286833,506.000000,121529.000000,9.152270,2198.154472
sess_20260820_file_transfer_122_flow_00000,real_sess_20260820_file_transfer_122,sess_20260820_file_transfer_122,File Transfer,env_win11_wifi,LOW_BANDWIDTH,day_1,2026-08-20,batch_20260820_02,dev_win11_laptop,wifi,warp_enabled,ft_dropbox_download,real,v2,154.226236,50.015847,40.000000,334.000000,153.500000,88.500000,121.000000,188.750000,217.000000,234.500000,154.226236,50.015847,40.000000,334.000000,153.500000,88.500000,121.000000,188.750000,217.000000,234.500000,0.000000,0.000000,0.000000,0.000000,0.000000,0.000000,0.000000,0.000000,0.000000,0.000000,0.178348,0.172596,0.000248,1.141581,0.134678,0.021589,0.054365,0.232940,0.398325,0.530635,0.178348,0.172596,0.000248,1.141581,0.134678,0.021589,0.054365,0.232940,0.398325,0.530635,0.000000,0.000000,0.000000,0.000000,0.000000,0.000000,0.000000,0.000000,0.000000,0.000000,526.000000,0.000000,81123.000000,0.000000,526.000000,81123.000000,0.000000,9.462780,1459.408899,9.462780,0.000000,2.000000,263.000000,468.000000,40561.500000,72030.000000,46.245480,81.116742,9.462780,55.586203,526.000000,81123.000000,9.462780,1459.408899
sess_20260820_file_transfer_122_flow_00001,real_sess_20260820_file_transfer_122,sess_20260820_file_transfer_122,File Transfer,env_win11_wifi,LOW_BANDWIDTH,day_1,2026-08-20,batch_20260820_02,dev_win11_laptop,wifi,warp_enabled,ft_dropbox_download,real,v2,167.627376,57.767827,40.000000,350.000000,167.500000,97.000000,126.000000,207.000000,243.500000,263.750000,167.627376,57.767827,40.000000,350.000000,167.500000,97.000000,126.000000,207.000000,243.500000,263.750000,0.000000,0.000000,0.000000,0.000000,0.000000,0.000000,0.000000,0.000000,0.000000,0.000000,0.262271,0.270562,0.000025,1.802187,0.179642,0.027430,0.075956,0.350714,0.573259,0.792942,0.262271,0.270562,0.000025,1.802187,0.179642,0.027430,0.075956,0.350714,0.573259,0.792942,0.000000,0.000000,0.000000,0.000000,0.000000,0.000000,0.000000,0.000000,0.000000,0.000000,526.000000,0.000000,88172.000000,0.000000,526.000000,88172.000000,0.000000,9.054245,1517.739378,9.054245,0.000000,16.000000,32.875000,132.000000,5510.750000,22825.000000,7.406833,31.467988,9.054245,58.094296,526.000000,88172.000000,9.054245,1517.739378
sess_20260820_file_transfer_123_flow_00000,real_sess_20260820_file_transfer_123,sess_20260820_file_transfer_123,File Transfer,env_win11_eth,NORMAL,day_1,2026-08-20,batch_20260820_03,dev_win11_desktop,ethernet,warp_disabled,ft_sftp_sync,real,v2,245.929155,82.092813,40.000000,469.000000,246.000000,141.600000,198.000000,298.000000,349.400000,374.700000,245.929155,82.092813,40.000000,469.000000,246.000000,141.600000,198.000000,298.000000,349.400000,374.700000,0.000000,0.000000,0.000000,0.000000,0.000000,0.000000,0.000000,0.000000,0.000000,0.000000,0.157234,0.157057,0.000085,0.947850,0.113185,0.015415,0.044652,0.208677,0.380160,0.464118,0.157234,0.157057,0.000085,0.947850,0.113185,0.015415,0.044652,0.208677,0.380160,0.464118,0.000000,0.000000,0.000000,0.000000,0.000000,0.000000,0.000000,0.000000,0.000000,0.000000,367.000000,0.000000,90256.000000,0.000000,367.000000,90256.000000,0.000000,7.021422,1726.772440,7.021422,0.000000,1.000000,367.000000,367.000000,90256.000000,90256.000000,57.547606,57.547606,7.021422,52.268613,367.000000,90256.000000,7.021422,1726.772440
sess_20260820_file_transfer_123_flow_00001,real_sess_20260820_file_transfer_123,sess_20260820_file_transfer_123,File Transfer,env_win11_eth,NORMAL,day_1,2026-08-20,batch_20260820_03,dev_win11_desktop,ethernet,warp_disabled,ft_sftp_sync,real,v2,239.147139,79.538801,40.000000,483.000000,240.000000,141.200000,188.000000,289.500000,333.000000,393.100000,239.147139,79.538801,40.000000,483.000000,240.000000,141.200000,188.000000,289.500000,333.000000,393.100000,0.000000,0.000000,0.000000,0.000000,0.000000,0.000000,0.000000,0.000000,0.000000,0.000000,0.178807,0.170889,0.001019,0.924849,0.125588,0.021712,0.056394,0.260188,0.402056,0.559405,0.178807,0.170889,0.001019,0.924849,0.125588,0.021712,0.056394,0.260188,0.402056,0.559405,0.000000,0.000000,0.000000,0.000000,0.000000,0.000000,0.000000,0.000000,0.000000,0.000000,367.000000,0.000000,87767.000000,0.000000,367.000000,87767.000000,0.000000,6.699001,1602.046951,6.699001,0.000000,1.000000,367.000000,367.000000,87767.000000,87767.000000,65.443439,65.443439,6.699001,54.784287,367.000000,87767.000000,6.699001,1602.046951
sess_20260820_file_transfer_124_flow_00000,real_sess_20260820_file_transfer_124,sess_20260820_file_transfer_124,File Transfer,env_win11_eth,HIGH_LATENCY,day_1,2026-08-20,batch_20260820_04,dev_win11_desktop,ethernet,warp_enabled,ft_onedrive_sync,real,v2,164.228070,57.674387,40.000000,316.000000,165.000000,89.100000,120.000000,205.000000,239.000000,257.950000,164.228070,57.674387,40.000000,316.000000,165.000000,89.100000,120.000000,205.000000,239.000000,257.950000,0.000000,0.000000,0.000000,0.000000,0.000000,0.000000,0.000000,0.000000,0.000000,0.000000,0.734178,0.752410,0.000071,4.519725,0.525267,0.103573,0.228203,0.945215,1.716743,2.178302,0.734178,0.752410,0.000071,4.519725,0.525267,0.103573,0.228203,0.945215,1.716743,2.178302,0.000000,0.000000,0.000000,0.000000,0.000000,0.000000,0.000000,0.000000,0.000000,0.000000,342.000000,0.000000,56166.000000,0.000000,342.000000,56166.000000,0.000000,6.142544,1008.778098,6.142544,0.000000,75.000000,4.560000,19.000000,748.880000,3022.000000,1.467248,6.265442,6.142544,55.677260,342.000000,56166.000000,6.142544,1008.778098
sess_20260820_file_transfer_124_flow_00001,real_sess_20260820_file_transfer_124,sess_20260820_file_transfer_124,File Transfer,env_win11_eth,HIGH_LATENCY,day_1,2026-08-20,batch_20260820_04,dev_win11_desktop,ethernet,warp_enabled,ft_onedrive_sync,real,v2,170.807018,54.715400,40.000000,352.000000,172.500000,99.000000,133.250000,205.750000,239.000000,255.900000,170.807018,54.715400,40.000000,352.000000,172.500000,99.000000,133.250000,205.750000,239.000000,255.900000,0.000000,0.000000,0.000000,0.000000,0.000000,0.000000,0.000000,0.000000,0.000000,0.000000,0.501064,0.522456,0.002097,4.005151,0.318749,0.062344,0.140735,0.705993,1.130460,1.441853,0.501064,0.522456,0.002097,4.005151,0.318749,0.062344,0.140735,0.705993,1.130460,1.441853,0.000000,0.000000,0.000000,0.000000,0.000000,0.000000,0.000000,0.000000,0.000000,0.000000,342.000000,0.000000,58416.000000,0.000000,342.000000,58416.000000,0.000000,5.126558,875.652146,5.126558,0.000000,46.000000,7.434783,30.000000,1269.913043,4826.000000,2.206218,11.322509,5.126558,66.711422,342.000000,58416.000000,5.126558,875.652146
sess_20260821_file_transfer_125_flow_00000,real_sess_20260821_file_transfer_125,sess_20260821_file_transfer_125,File Transfer,env_win11_wifi,NORMAL,day_2,2026-08-21,batch_20260821_01,dev_win11_laptop,wifi,warp_enabled,ft_mega_download,real,v2,213.904372,72.742662,40.000000,398.000000,215.500000,113.000000,162.250000,267.000000,310.000000,329.750000,213.904372,72.742662,40.000000,398.000000,215.500000,113.000000,162.250000,267.000000,310.000000,329.750000,0.000000,0.000000,0.000000,0.000000,0.000000,0.000000,0.000000,0.000000,0.000000,0.000000,0.163528,0.171981,0.000478,1.175245,0.107268,0.016222,0.041284,0.231484,0.401538,0.489287,0.163528,0.171981,0.000478,1.175245,0.107268,0.016222,0.041284,0.231484,0.401538,0.489287,0.000000,0.000000,0.000000,0.000000,0.000000,0.000000,0.000000,0.000000,0.000000,0.000000,366.000000,0.000000,78289.000000,0.000000,366.000000,78289.000000,0.000000,5.941566,1270.927008,5.941566,0.000000,4.000000,91.500000,126.000000,19572.250000,27071.000000,14.098019,19.566479,5.941566,61.599918,366.000000,78289.000000,5.941566,1270.927008
sess_20260821_file_transfer_125_flow_00001,real_sess_20260821_file_transfer_125,sess_20260821_file_transfer_125,File Transfer,env_win11_wifi,NORMAL,day_2,2026-08-21,batch_20260821_01,dev_win11_laptop,wifi,warp_enabled,ft_mega_download,real,v2,211.060109,76.613470,40.000000,403.000000,216.000000,108.500000,160.250000,258.000000,307.500000,343.000000,211.060109,76.613470,40.000000,403.000000,216.000000,108.500000,160.250000,258.000000,307.500000,343.000000,0.000000,0.000000,0.000000,0.000000,0.000000,0.000000,0.000000,0.000000,0.000000,0.000000,0.160715,0.177994,0.000299,1.255131,0.099283,0.014828,0.042183,0.231132,0.361684,0.515907,0.160715,0.177994,0.000299,1.255131,0.099283,0.014828,0.042183,0.231132,0.361684,0.515907,0.000000,0.000000,0.000000,0.000000,0.000000,0.000000,0.000000,0.000000,0.000000,0.000000,366.000000,0.000000,77248.000000,0.000000,366.000000,77248.000000,0.000000,6.160297,1300.192904,6.160297,0.000000,3.000000,122.000000,320.000000,25749.333333,67581.000000,18.755062,49.340539,6.160297,59.412722,366.000000,77248.000000,6.160297,1300.192904
sess_20260821_file_transfer_126_flow_00000,real_sess_20260821_file_transfer_126,sess_20260821_file_transfer_126,File Transfer,env_win11_wifi,HIGH_LATENCY,day_2,2026-08-21,batch_20260821_02,dev_win11_laptop,wifi,warp_enabled,ft_gdrive_upload,real,v2,266.023136,96.751632,40.000000,573.000000,268.000000,140.400000,202.000000,332.000000,384.200000,425.600000,266.023136,96.751632,40.000000,573.000000,268.000000,140.400000,202.000000,332.000000,384.200000,425.600000,0.000000,0.000000,0.000000,0.000000,0.000000,0.000000,0.000000,0.000000,0.000000,0.000000,0.629003,0.670575,0.001061,3.769937,0.386538,0.071222,0.174372,0.887795,1.530025,1.956641,0.629003,0.670575,0.001061,3.769937,0.386538,0.071222,0.174372,0.887795,1.530025,1.956641,0.000000,0.000000,0.000000,0.000000,0.000000,0.000000,0.000000,0.000000,0.000000,0.000000,389.000000,0.000000,103483.000000,0.000000,389.000000,103483.000000,0.000000,6.721624,1788.107381,6.721624,0.000000,85.000000,4.576471,18.000000,1217.447059,4819.000000,1.215854,6.751172,6.721624,57.872923,389.000000,103483.000000,6.721624,1788.107381
sess_20260821_file_transfer_126_flow_00001,real_sess_20260821_file_transfer_126,sess_20260821_file_transfer_126,File Transfer,env_win11_wifi,HIGH_LATENCY,day_2,2026-08-21,batch_20260821_02,dev_win11_laptop,wifi,warp_enabled,ft_gdrive_upload,real,v2,260.408740,92.669961,40.000000,534.000000,258.000000,146.800000,192.000000,324.000000,388.000000,425.000000,260.408740,92.669961,40.000000,534.000000,258.000000,146.800000,192.000000,324.000000,388.000000,425.000000,0.000000,0.000000,0.000000,0.000000,0.000000,0.000000,0.000000,0.000000,0.000000,0.000000,0.499371,0.502066,0.001245,3.785105,0.326817,0.057792,0.138847,0.703880,1.191671,1.481575,0.499371,0.502066,0.001245,3.785105,0.326817,0.057792,0.138847,0.703880,1.191671,1.481575,0.000000,0.000000,0.000000,0.000000,0.000000,0.000000,0.000000,0.000000,0.000000,0.000000,389.000000,0.000000,101299.000000,0.000000,389.000000,101299.000000,0.000000,8.150226,2122.390149,8.150226,0.000000,57.000000,6.824561,21.000000,1777.175439,5379.000000,1.941639,7.276189,8.150226,47.728736,389.000000,101299.000000,8.150226,2122.390149
sess_20260821_file_transfer_127_flow_00000,real_sess_20260821_file_transfer_127,sess_20260821_file_transfer_127,File Transfer,env_win11_cellular,NORMAL,day_2,2026-08-21,batch_20260821_03,dev_win11_laptop,cellular,warp_disabled,ft_dropbox_download,real,v2,290.133080,102.000511,40.000000,566.000000,289.000000,155.000000,225.250000,363.000000,419.500000,451.500000,290.133080,102.000511,40.000000,566.000000,289.000000,155.000000,225.250000,363.000000,419.500000,451.500000,0.000000,0.000000,0.000000,0.000000,0.000000,0.000000,0.000000,0.000000,0.000000,0.000000,0.106061,0.108055,0.000029,0.701926,0.067095,0.007725,0.028654,0.146775,0.267100,0.332657,0.106061,0.108055,0.000029,0.701926,0.067095,0.007725,0.028654,0.146775,0.267100,0.332657,0.000000,0.000000,0.000000,0.000000,0.000000,0.000000,0.000000,0.000000,0.000000,0.000000,526.000000,0.000000,152610.000000,0.000000,526.000000,152610.000000,0.000000,8.399099,2436.856452,8.399099,0.000000,1.000000,526.000000,526.000000,152610.000000,152610.000000,55.682052,55.682052,8.399099,62.625765,526.000000,152610.000000,8.399099,2436.856452
sess_20260821_file_transfer_127_flow_00001,real_sess_20260821_file_transfer_127,sess_20260821_file_transfer_127,File Transfer,env_win11_cellular,NORMAL,day_2,2026-08-21,batch_20260821_03,dev_win11_laptop,cellular,warp_disabled,ft_dropbox_download,real,v2,292.351711,102.436005,40.000000,551.000000,290.000000,166.000000,220.000000,364.750000,427.500000,461.000000,292.351711,102.436005,40.000000,551.000000,290.000000,166.000000,220.000000,364.750000,427.500000,461.000000,0.000000,0.000000,0.000000,0.000000,0.000000,0.000000,0.000000,0.000000,0.000000,0.000000,0.104721,0.106802,0.000770,0.630539,0.068690,0.010062,0.028014,0.146309,0.241165,0.331626,0.104721,0.106802,0.000770,0.630539,0.068690,0.010062,0.028014,0.146309,0.241165,0.331626,0.000000,0.000000,0.000000,0.000000,0.000000,0.000000,0.000000,0.000000,0.000000,0.000000,526.000000,0.000000,153777.000000,0.000000,526.000000,153777.000000,0.000000,7.785595,2276.132017,7.785595,0.000000,1.000000,526.000000,526.000000,153777.000000,153777.000000,54.978539,54.978539,7.785595,67.560668,526.000000,153777.000000,7.785595,2276.132017
sess_20260821_file_transfer_128_flow_00000,real_sess_20260821_file_transfer_128,sess_20260821_file_transfer_128,File Transfer,env_win11_cellular,LOW_BANDWIDTH,day_2,2026-08-21,batch_20260821_04,dev_win11_laptop,cellular,warp_enabled,ft_sftp_sync,real,v2,79.426778,25.949028,40.000000,166.000000,78.000000,42.700000,59.000000,97.000000,116.000000,122.000000,79.426778,25.949028,40.000000,166.000000,78.000000,42.700000,59.000000,97.000000,116.000000,122.000000,0.000000,0.000000,0.000000,0.000000,0.000000,0.000000,0.000000,0.000000,0.000000,0.000000,0.204929,0.185073,0.001191,1.161736,0.152755,0.023911,0.070153,0.282063,0.466810,0.581907,0.204929,0.185073,0.001191,1.161736,0.152755,0.023911,0.070153,0.282063,0.466810,0.581907,0.000000,0.000000,0.000000,0.000000,0.000000,0.000000,0.000000,0.000000,0.000000,0.000000,478.000000,0.000000,37966.000000,0.000000,478.000000,37966.000000,0.000000,9.000710,714.897396,9.000710,0.000000,4.000000,119.500000,290.000000,9491.500000,23025.000000,23.633474,57.527790,9.000710,53.106922,478.000000,37966.000000,9.000710,714.897396
sess_20260821_file_transfer_128_flow_00001,real_sess_20260821_file_transfer_128,sess_20260821_file_transfer_128,File Transfer,env_win11_cellular,LOW_BANDWIDTH,day_2,2026-08-21,batch_20260821_04,dev_win11_laptop,cellular,warp_enabled,ft_sftp_sync,real,v2,91.079498,30.115953,40.000000,184.000000,89.000000,49.000000,69.250000,112.000000,131.300000,141.150000,91.079498,30.115953,40.000000,184.000000,89.000000,49.000000,69.250000,112.000000,131.300000,141.150000,0.000000,0.000000,0.000000,0.000000,0.000000,0.000000,0.000000,0.000000,0.000000,0.000000,0.270948,0.288411,0.000455,2.310453,0.175036,0.034673,0.076407,0.364912,0.629786,0.836222,0.270948,0.288411,0.000455,2.310453,0.175036,0.034673,0.076407,0.364912,0.629786,0.836222,0.000000,0.000000,0.000000,0.000000,0.000000,0.000000,0.000000,0.000000,0.000000,0.000000,478.000000,0.000000,43536.000000,0.000000,478.000000,43536.000000,0.000000,7.887281,718.369608,7.887281,0.000000,12.000000,39.833333,126.000000,3628.000000,11100.000000,9.479692,29.307020,7.887281,60.603900,478.000000,43536.000000,7.887281,718.369608
sess_20260822_file_transfer_129_flow_00000,real_sess_20260822_file_transfer_129,sess_20260822_file_transfer_129,File Transfer,env_win11_eth,NORMAL,day_3,2026-08-22,batch_20260822_01,dev_win11_desktop,ethernet,warp_enabled,ft_onedrive_sync,real,v2,253.240580,87.379336,40.000000,554.000000,248.000000,147.800000,192.000000,306.000000,374.200000,405.800000,253.240580,87.379336,40.000000,554.000000,248.000000,147.800000,192.000000,306.000000,374.200000,405.800000,0.000000,0.000000,0.000000,0.000000,0.000000,0.000000,0.000000,0.000000,0.000000,0.000000,0.173561,0.172824,0.000336,1.339799,0.124531,0.019158,0.048466,0.243256,0.400756,0.496447,0.173561,0.172824,0.000336,1.339799,0.124531,0.019158,0.048466,0.243256,0.400756,0.496447,0.000000,0.000000,0.000000,0.000000,0.000000,0.000000,0.000000,0.000000,0.000000,0.000000,345.000000,0.000000,87368.000000,0.000000,345.000000,87368.000000,0.000000,5.436643,1376.778584,5.436643,0.000000,2.000000,172.500000,334.000000,43684.000000,84233.000000,29.182635,56.053495,5.436643,63.458279,345.000000,87368.000000,5.436643,1376.778584
sess_20260822_file_transfer_129_flow_00001,real_sess_20260822_file_transfer_129,sess_20260822_file_transfer_129,File Transfer,env_win11_eth,NORMAL,day_3,2026-08-22,batch_20260822_01,dev_win11_desktop,ethernet,warp_enabled,ft_onedrive_sync,real,v2,258.805797,86.221052,40.000000,495.000000,258.000000,148.800000,201.000000,318.000000,370.000000,398.400000,258.805797,86.221052,40.000000,495.000000,258.000000,148.800000,201.000000,318.000000,370.000000,398.400000,0.000000,0.000000,0.000000,0.000000,0.000000,0.000000,0.000000,0.000000,0.000000,0.000000,0.176779,0.169523,0.000204,1.130061,0.125630,0.018827,0.054900,0.252557,0.391436,0.470388,0.176779,0.169523,0.000204,1.130061,0.125630,0.018827,0.054900,0.252557,0.391436,0.470388,0.000000,0.000000,0.000000,0.000000,0.000000,0.000000,0.000000,0.000000,0.000000,0.000000,345.000000,0.000000,89288.000000,0.000000,345.000000,89288.000000,0.000000,6.356820,1645.181958,6.356820,0.000000,4.000000,86.250000,132.000000,22322.000000,34083.000000,14.388127,24.483797,6.356820,54.272416,345.000000,89288.000000,6.356820,1645.181958
sess_20260822_file_transfer_130_flow_00000,real_sess_20260822_file_transfer_130,sess_20260822_file_transfer_130,File Transfer,env_win11_eth,PACKET_LOSS,day_3,2026-08-22,batch_20260822_02,dev_win11_desktop,ethernet,warp_enabled,ft_mega_download,real,v2,164.482625,58.111316,40.000000,313.000000,163.000000,90.000000,124.000000,203.000000,237.000000,265.200000,164.482625,58.111316,40.000000,313.000000,163.000000,90.000000,124.000000,203.000000,237.000000,265.200000,0.000000,0.000000,0.000000,0.000000,0.000000,0.000000,0.000000,0.000000,0.000000,0.000000,0.181041,0.182965,0.002324,1.477626,0.130194,0.019137,0.050600,0.268408,0.406587,0.503265,0.181041,0.182965,0.002324,1.477626,0.130194,0.019137,0.050600,0.268408,0.406587,0.503265,0.000000,0.000000,0.000000,0.000000,0.000000,0.000000,0.000000,0.000000,0.000000,0.000000,259.000000,0.000000,42601.000000,0.000000,259.000000,42601.000000,0.000000,4.182850,688.006206,4.182850,0.000000,2.000000,129.500000,166.000000,21300.500000,27547.000000,22.615479,29.499903,4.182850,61.919500,259.000000,42601.000000,4.182850,688.006206
sess_20260822_file_transfer_130_flow_00001,real_sess_20260822_file_transfer_130,sess_20260822_file_transfer_130,File Transfer,env_win11_eth,PACKET_LOSS,day_3,2026-08-22,batch_20260822_02,dev_win11_desktop,ethernet,warp_enabled,ft_mega_download,real,v2,138.701068,49.236125,40.000000,281.000000,137.000000,74.000000,105.000000,171.000000,202.000000,223.000000,138.701068,49.236125,40.000000,281.000000,137.000000,74.000000,105.000000,171.000000,202.000000,223.000000,0.000000,0.000000,0.000000,0.000000,0.000000,0.000000,0.000000,0.000000,0.000000,0.000000,0.205297,0.209314,0.000233,1.404321,0.135238,0.023854,0.056537,0.289782,0.498763,0.614142,0.205297,0.209314,0.000233,1.404321,0.135238,0.023854,0.056537,0.289782,0.498763,0.614142,0.000000,0.000000,0.000000,0.000000,0.000000,0.000000,0.000000,0.000000,0.000000,0.000000,281.000000,0.000000,38975.000000,0.000000,281.000000,38975.000000,0.000000,4.209080,583.803873,4.209080,0.000000,4.000000,70.250000,156.000000,9743.750000,21359.000000,13.505059,30.623997,4.209080,66.760434,281.000000,38975.000000,4.209080,583.803873
sess_20260822_file_transfer_131_flow_00000,real_sess_20260822_file_transfer_131,sess_20260822_file_transfer_131,File Transfer,env_win11_cellular,HIGH_LATENCY,day_3,2026-08-22,batch_20260822_03,dev_win11_laptop,cellular,warp_enabled,ft_gdrive_upload,real,v2,264.817010,87.013528,40.000000,577.000000,268.000000,152.800000,211.500000,320.000000,377.100000,406.000000,264.817010,87.013528,40.000000,577.000000,268.000000,152.800000,211.500000,320.000000,377.100000,406.000000,0.000000,0.000000,0.000000,0.000000,0.000000,0.000000,0.000000,0.000000,0.000000,0.000000,0.373229,0.388664,0.001102,2.551820,0.253699,0.037757,0.091505,0.515364,0.831338,1.093392,0.373229,0.388664,0.001102,2.551820,0.253699,0.037757,0.091505,0.515364,0.831338,1.093392,0.000000,0.000000,0.000000,0.000000,0.000000,0.000000,0.000000,0.000000,0.000000,0.000000,388.000000,0.000000,102749.000000,0.000000,388.000000,102749.000000,0.000000,6.723690,1780.547608,6.723690,0.000000,26.000000,14.923077,41.000000,3951.884615,9844.000000,4.133598,11.554476,6.723690,57.706404,388.000000,102749.000000,6.723690,1780.547608
sess_20260822_file_transfer_131_flow_00001,real_sess_20260822_file_transfer_131,sess_20260822_file_transfer_131,File Transfer,env_win11_cellular,HIGH_LATENCY,day_3,2026-08-22,batch_20260822_03,dev_win11_laptop,cellular,warp_enabled,ft_gdrive_upload,real,v2,256.500000,96.984495,40.000000,548.000000,250.000000,133.700000,193.000000,312.500000,389.000000,419.650000,256.500000,96.984495,40.000000,548.000000,250.000000,133.700000,193.000000,312.500000,389.000000,419.650000,0.000000,0.000000,0.000000,0.000000,0.000000,0.000000,0.000000,0.000000,0.000000,0.000000,0.489454,0.481400,0.000249,2.842873,0.326406,0.078080,0.164071,0.634155,1.091899,1.480495,0.489454,0.481400,0.000249,2.842873,0.326406,0.078080,0.164071,0.634155,1.091899,1.480495,0.000000,0.000000,0.000000,0.000000,0.000000,0.000000,0.000000,0.000000,0.000000,0.000000,388.000000,0.000000,99522.000000,0.000000,388.000000,99522.000000,0.000000,6.075388,1558.337086,6.075388,0.000000,58.000000,6.689655,40.000000,1715.896552,9528.000000,1.854592,14.414226,6.075388,63.864231,388.000000,99522.000000,6.075388,1558.337086
sess_20260822_file_transfer_132_flow_00000,real_sess_20260822_file_transfer_132,sess_20260822_file_transfer_132,File Transfer,env_win11_cellular,NORMAL,day_3,2026-08-22,batch_20260822_04,dev_win11_laptop,cellular,warp_disabled,ft_dropbox_download,real,v2,219.616022,79.073507,40.000000,466.000000,222.000000,117.100000,168.000000,272.000000,315.900000,348.800000,219.616022,79.073507,40.000000,466.000000,222.000000,117.100000,168.000000,272.000000,315.900000,348.800000,0.000000,0.000000,0.000000,0.000000,0.000000,0.000000,0.000000,0.000000,0.000000,0.000000,0.143980,0.138011,0.000665,1.059303,0.101766,0.015424,0.045457,0.194217,0.324661,0.434960,0.143980,0.138011,0.000665,1.059303,0.101766,0.015424,0.045457,0.194217,0.324661,0.434960,0.000000,0.000000,0.000000,0.000000,0.000000,0.000000,0.000000,0.000000,0.000000,0.000000,362.000000,0.000000,79501.000000,0.000000,362.000000,79501.000000,0.000000,5.718677,1255.913034,5.718677,0.000000,2.000000,181.000000,184.000000,39750.500000,41822.000000,25.458666,26.788796,5.718677,63.301358,362.000000,79501.000000,5.718677,1255.913034
sess_20260822_file_transfer_132_flow_00001,real_sess_20260822_file_transfer_132,sess_20260822_file_transfer_132,File Transfer,env_win11_cellular,NORMAL,day_3,2026-08-22,batch_20260822_04,dev_win11_laptop,cellular,warp_disabled,ft_dropbox_download,real,v2,217.259669,77.680209,40.000000,413.000000,217.000000,124.100000,160.000000,268.000000,321.700000,353.000000,217.259669,77.680209,40.000000,413.000000,217.000000,124.100000,160.000000,268.000000,321.700000,353.000000,0.000000,0.000000,0.000000,0.000000,0.000000,0.000000,0.000000,0.000000,0.000000,0.000000,0.170614,0.159196,0.000002,0.774506,0.117530,0.022699,0.049657,0.240641,0.374559,0.513282,0.170614,0.159196,0.000002,0.774506,0.117530,0.022699,0.049657,0.240641,0.374559,0.513282,0.000000,0.000000,0.000000,0.000000,0.000000,0.000000,0.000000,0.000000,0.000000,0.000000,362.000000,0.000000,78648.000000,0.000000,362.000000,78648.000000,0.000000,6.038905,1312.010552,6.038905,0.000000,1.000000,362.000000,362.000000,78648.000000,78648.000000,61.591757,61.591757,6.038905,59.944640,362.000000,78648.000000,6.038905,1312.010552
sess_20260823_file_transfer_133_flow_00000,real_sess_20260823_file_transfer_133,sess_20260823_file_transfer_133,File Transfer,env_win11_wifi,LOW_BANDWIDTH,day_4,2026-08-23,batch_20260823_02,dev_win11_laptop,wifi,warp_enabled,ft_sftp_sync,real,v2,81.364842,25.739164,40.000000,178.000000,82.000000,44.200000,62.000000,98.000000,115.000000,123.900000,81.364842,25.739164,40.000000,178.000000,82.000000,44.200000,62.000000,98.000000,115.000000,123.900000,0.000000,0.000000,0.000000,0.000000,0.000000,0.000000,0.000000,0.000000,0.000000,0.000000,0.160267,0.157852,0.000186,0.900630,0.110330,0.014455,0.045065,0.222259,0.358934,0.477471,0.160267,0.157852,0.000186,0.900630,0.110330,0.014455,0.045065,0.222259,0.358934,0.477471,0.000000,0.000000,0.000000,0.000000,0.000000,0.000000,0.000000,0.000000,0.000000,0.000000,603.000000,0.000000,49063.000000,0.000000,603.000000,49063.000000,0.000000,10.424302,848.171704,10.424302,0.000000,1.000000,603.000000,603.000000,49063.000000,49063.000000,96.480994,96.480994,10.424302,57.845599,603.000000,49063.000000,10.424302,848.171704
sess_20260823_file_transfer_133_flow_00001,real_sess_20260823_file_transfer_133,sess_20260823_file_transfer_133,File Transfer,env_win11_wifi,LOW_BANDWIDTH,day_4,2026-08-23,batch_20260823_02,dev_win11_laptop,wifi,warp_enabled,ft_sftp_sync,real,v2,139.330017,48.492102,40.000000,291.000000,138.000000,77.000000,104.000000,173.000000,203.800000,221.900000,139.330017,48.492102,40.000000,291.000000,138.000000,77.000000,104.000000,173.000000,203.800000,221.900000,0.000000,0.000000,0.000000,0.000000,0.000000,0.000000,0.000000,0.000000,0.000000,0.000000,0.191874,0.203421,0.000138,1.588202,0.130478,0.017283,0.052355,0.246352,0.461982,0.585906,0.191874,0.203421,0.000138,1.588202,0.130478,0.017283,0.052355,0.246352,0.461982,0.585906,0.000000,0.000000,0.000000,0.000000,0.000000,0.000000,0.000000,0.000000,0.000000,0.000000,603.000000,0.000000,84016.000000,0.000000,603.000000,84016.000000,0.000000,9.146889,1274.436154,9.146889,0.000000,5.000000,120.600000,205.000000,16803.200000,28458.000000,22.074266,37.453595,9.146889,65.924056,603.000000,84016.000000,9.146889,1274.436154
sess_20260823_file_transfer_134_flow_00000,real_sess_20260823_file_transfer_134,sess_20260823_file_transfer_134,File Transfer,env_win11_eth,LOW_BANDWIDTH,day_4,2026-08-23,batch_20260823_03,dev_win11_desktop,ethernet,warp_enabled,ft_onedrive_sync,real,v2,151.917445,49.707548,40.000000,290.000000,154.000000,83.100000,117.250000,186.000000,214.900000,230.950000,151.917445,49.707548,40.000000,290.000000,154.000000,83.100000,117.250000,186.000000,214.900000,230.950000,0.000000,0.000000,0.000000,0.000000,0.000000,0.000000,0.000000,0.000000,0.000000,0.000000,0.138418,0.136356,0.000153,1.023929,0.097639,0.016222,0.040627,0.190213,0.310569,0.418191,0.138418,0.136356,0.000153,1.023929,0.097639,0.016222,0.040627,0.190213,0.310569,0.418191,0.000000,0.000000,0.000000,0.000000,0.000000,0.000000,0.000000,0.000000,0.000000,0.000000,642.000000,0.000000,97531.000000,0.000000,642.000000,97531.000000,0.000000,9.867210,1499.001361,9.867210,0.000000,2.000000,321.000000,538.000000,48765.500000,81564.000000,43.850999,75.717523,9.867210,65.063984,642.000000,97531.000000,9.867210,1499.001361
sess_20260823_file_transfer_134_flow_00001,real_sess_20260823_file_transfer_134,sess_20260823_file_transfer_134,File Transfer,env_win11_eth,LOW_BANDWIDTH,day_4,2026-08-23,batch_20260823_03,dev_win11_desktop,ethernet,warp_enabled,ft_onedrive_sync,real,v2,123.881620,42.367809,40.000000,257.000000,125.000000,66.000000,93.000000,155.000000,177.000000,191.000000,123.881620,42.367809,40.000000,257.000000,125.000000,66.000000,93.000000,155.000000,177.000000,191.000000,0.000000,0.000000,0.000000,0.000000,0.000000,0.000000,0.000000,0.000000,0.000000,0.000000,0.222298,0.219199,0.000607,1.213659,0.153769,0.028324,0.061652,0.311255,0.503514,0.652431,0.222298,0.219199,0.000607,1.213659,0.153769,0.028324,0.061652,0.311255,0.503514,0.652431,0.000000,0.000000,0.000000,0.000000,0.000000,0.000000,0.000000,0.000000,0.000000,0.000000,642.000000,0.000000,79532.000000,0.000000,642.000000,79532.000000,0.000000,12.223885,1514.314662,12.223885,0.000000,10.000000,64.200000,248.000000,7953.200000,30340.000000,13.292399,50.916262,12.223885,52.520128,642.000000,79532.000000,12.223885,1514.314662
sess_20260823_file_transfer_135_flow_00000,real_sess_20260823_file_transfer_135,sess_20260823_file_transfer_135,File Transfer,env_win11_cellular,NORMAL,day_4,2026-08-23,batch_20260823_04,dev_win11_laptop,cellular,warp_enabled,ft_mega_download,real,v2,388.849837,133.913636,40.000000,908.000000,386.000000,222.400000,292.500000,484.500000,556.200000,610.200000,388.849837,133.913636,40.000000,908.000000,386.000000,222.400000,292.500000,484.500000,556.200000,610.200000,0.000000,0.000000,0.000000,0.000000,0.000000,0.000000,0.000000,0.000000,0.000000,0.000000,0.058705,0.057339,0.000073,0.346215,0.041933,0.006437,0.017042,0.083533,0.131085,0.167698,0.058705,0.057339,0.000073,0.346215,0.041933,0.006437,0.017042,0.083533,0.131085,0.167698,0.000000,0.000000,0.000000,0.000000,0.000000,0.000000,0.000000,0.000000,0.000000,0.000000,919.000000,0.000000,357353.000000,0.000000,919.000000,357353.000000,0.000000,14.431654,5611.746445,14.431654,0.000000,1.000000,919.000000,919.000000,357353.000000,357353.000000,53.890924,53.890924,14.431654,63.679463,919.000000,357353.000000,14.431654,5611.746445
sess_20260823_file_transfer_135_flow_00001,real_sess_20260823_file_transfer_135,sess_20260823_file_transfer_135,File Transfer,env_win11_cellular,NORMAL,day_4,2026-08-23,batch_20260823_04,dev_win11_laptop,cellular,warp_enabled,ft_mega_download,real,v2,387.630033,133.883807,40.000000,850.000000,384.000000,219.800000,294.500000,476.000000,559.000000,604.000000,387.630033,133.883807,40.000000,850.000000,384.000000,219.800000,294.500000,476.000000,559.000000,604.000000,0.000000,0.000000,0.000000,0.000000,0.000000,0.000000,0.000000,0.000000,0.000000,0.000000,0.063317,0.064860,0.000020,0.462491,0.042853,0.006037,0.018028,0.087348,0.146792,0.192354,0.063317,0.064860,0.000020,0.462491,0.042853,0.006037,0.018028,0.087348,0.146792,0.192354,0.000000,0.000000,0.000000,0.000000,0.000000,0.000000,0.000000,0.000000,0.000000,0.000000,919.000000,0.000000,356232.000000,0.000000,919.000000,356232.000000,0.000000,14.179356,5496.344123,14.179356,0.000000,1.000000,919.000000,919.000000,356232.000000,356232.000000,58.125337,58.125337,14.179356,64.812536,919.000000,356232.000000,14.179356,5496.344123
sess_20260820_other_136_flow_00000,real_sess_20260820_other_136,sess_20260820_other_136,Other,env_win11_wifi,NORMAL,day_1,2026-08-20,batch_20260820_01,dev_win11_laptop,wifi,warp_enabled,oth_dns_ntp_sync,real,v2,198.654696,75.397081,40.000000,407.000000,198.000000,96.200000,145.000000,249.750000,299.800000,324.800000,198.654696,75.397081,40.000000,407.000000,198.000000,96.200000,145.000000,249.750000,299.800000,324.800000,0.000000,0.000000,0.000000,0.000000,0.000000,0.000000,0.000000,0.000000,0.000000,0.000000,0.166111,0.155389,0.000045,0.907643,0.114780,0.020703,0.050571,0.240048,0.375702,0.464158,0.166111,0.155389,0.000045,0.907643,0.114780,0.020703,0.050571,0.240048,0.375702,0.464158,0.000000,0.000000,0.000000,0.000000,0.000000,0.000000,0.000000,0.000000,0.000000,0.000000,362.000000,0.000000,71913.000000,0.000000,362.000000,71913.000000,0.000000,5.433894,1079.468473,5.433894,0.000000,1.000000,362.000000,362.000000,71913.000000,71913.000000,59.965927,59.965927,5.433894,66.618898,362.000000,71913.000000,5.433894,1079.468473
sess_20260820_other_136_flow_00001,real_sess_20260820_other_136,sess_20260820_other_136,Other,env_win11_wifi,NORMAL,day_1,2026-08-20,batch_20260820_01,dev_win11_laptop,wifi,warp_enabled,oth_dns_ntp_sync,real,v2,210.784530,67.693525,40.000000,422.000000,210.000000,124.100000,169.000000,256.750000,298.000000,321.900000,210.784530,67.693525,40.000000,422.000000,210.000000,124.100000,169.000000,256.750000,298.000000,321.900000,0.000000,0.000000,0.000000,0.000000,0.000000,0.000000,0.000000,0.000000,0.000000,0.000000,0.169545,0.162534,0.000513,1.217029,0.124318,0.022061,0.055964,0.232608,0.356523,0.502903,0.169545,0.162534,0.000513,1.217029,0.124318,0.022061,0.055964,0.232608,0.356523,0.502903,0.000000,0.000000,0.000000,0.000000,0.000000,0.000000,0.000000,0.000000,0.000000,0.000000,362.000000,0.000000,76304.000000,0.000000,362.000000,76304.000000,0.000000,6.663806,1404.627188,6.663806,0.000000,2.000000,181.000000,185.000000,38152.000000,38826.000000,29.994418,31.965335,6.663806,54.323311,362.000000,76304.000000,6.663806,1404.627188
sess_20260820_other_137_flow_00000,real_sess_20260820_other_137,sess_20260820_other_137,Other,env_win11_wifi,LOW_BANDWIDTH,day_1,2026-08-20,batch_20260820_02,dev_win11_laptop,wifi,warp_enabled,oth_os_update_check,real,v2,102.098143,35.722235,40.000000,218.000000,99.000000,55.200000,76.000000,127.000000,150.400000,162.200000,102.098143,35.722235,40.000000,218.000000,99.000000,55.200000,76.000000,127.000000,150.400000,162.200000,0.000000,0.000000,0.000000,0.000000,0.000000,0.000000,0.000000,0.000000,0.000000,0.000000,0.383057,0.380141,0.000833,3.475385,0.280101,0.048350,0.121106,0.509841,0.894149,1.192795,0.383057,0.380141,0.000833,3.475385,0.280101,0.048350,0.121106,0.509841,0.894149,1.192795,0.000000,0.000000,0.000000,0.000000,0.000000,0.000000,0.000000,0.000000,0.000000,0.000000,377.000000,0.000000,38491.000000,0.000000,377.000000,38491.000000,0.000000,6.851120,699.486641,6.851120,0.000000,31.000000,12.161290,40.000000,1241.645161,4129.000000,3.355696,11.847285,6.851120,55.027498,377.000000,38491.000000,6.851120,699.486641
sess_20260820_other_137_flow_00001,real_sess_20260820_other_137,sess_20260820_other_137,Other,env_win11_wifi,LOW_BANDWIDTH,day_1,2026-08-20,batch_20260820_02,dev_win11_laptop,wifi,warp_enabled,oth_os_update_check,real,v2,127.092838,45.235370,40.000000,253.000000,123.000000,70.000000,98.000000,159.000000,185.000000,203.000000,127.092838,45.235370,40.000000,253.000000,123.000000,70.000000,98.000000,159.000000,185.000000,203.000000,0.000000,0.000000,0.000000,0.000000,0.000000,0.000000,0.000000,0.000000,0.000000,0.000000,0.332358,0.335220,0.001279,2.095338,0.220648,0.037068,0.094766,0.513620,0.705908,0.948282,0.332358,0.335220,0.001279,2.095338,0.220648,0.037068,0.094766,0.513620,0.705908,0.948282,0.000000,0.000000,0.000000,0.000000,0.000000,0.000000,0.000000,0.000000,0.000000,0.000000,377.000000,0.000000,47914.000000,0.000000,377.000000,47914.000000,0.000000,5.681573,722.087209,5.681573,0.000000,19.000000,19.842105,62.000000,2521.789474,7534.000000,5.241336,19.648770,5.681573,66.354866,377.000000,47914.000000,5.681573,722.087209
sess_20260820_other_138_flow_00000,real_sess_20260820_other_138,sess_20260820_other_138,Other,env_win11_eth,NORMAL,day_1,2026-08-20,batch_20260820_03,dev_win11_desktop,ethernet,warp_disabled,oth_telemetry_heartbeat,real,v2,186.434641,67.960480,40.000000,349.000000,187.000000,101.000000,137.000000,235.750000,272.500000,291.000000,186.434641,67.960480,40.000000,349.000000,187.000000,101.000000,137.000000,235.750000,272.500000,291.000000,0.000000,0.000000,0.000000,0.000000,0.000000,0.000000,0.000000,0.000000,0.000000,0.000000,0.213579,0.201757,0.000949,1.093250,0.152313,0.029900,0.068946,0.293158,0.457787,0.624256,0.213579,0.201757,0.000949,1.093250,0.152313,0.029900,0.068946,0.293158,0.457787,0.624256,0.000000,0.000000,0.000000,0.000000,0.000000,0.000000,0.000000,0.000000,0.000000,0.000000,306.000000,0.000000,57049.000000,0.000000,306.000000,57049.000000,0.000000,5.742085,1070.523592,5.742085,0.000000,4.000000,76.500000,180.000000,14262.250000,33037.000000,15.483065,38.988539,5.742085,53.290745,306.000000,57049.000000,5.742085,1070.523592
sess_20260820_other_138_flow_00001,real_sess_20260820_other_138,sess_20260820_other_138,Other,env_win11_eth,NORMAL,day_1,2026-08-20,batch_20260820_03,dev_win11_desktop,ethernet,warp_disabled,oth_telemetry_heartbeat,real,v2,191.571895,64.944034,40.000000,377.000000,196.000000,111.000000,147.000000,234.750000,272.500000,295.750000,191.571895,64.944034,40.000000,377.000000,196.000000,111.000000,147.000000,234.750000,272.500000,295.750000,0.000000,0.000000,0.000000,0.000000,0.000000,0.000000,0.000000,0.000000,0.000000,0.000000,0.184576,0.165755,0.001044,0.713227,0.139311,0.022889,0.053637,0.263499,0.409961,0.553102,0.184576,0.165755,0.001044,0.713227,0.139311,0.022889,0.053637,0.263499,0.409961,0.553102,0.000000,0.000000,0.000000,0.000000,0.000000,0.000000,0.000000,0.000000,0.000000,0.000000,306.000000,0.000000,58621.000000,0.000000,306.000000,58621.000000,0.000000,4.559055,873.386740,4.559055,0.000000,1.000000,306.000000,306.000000,58621.000000,58621.000000,56.295801,56.295801,4.559055,67.119178,306.000000,58621.000000,4.559055,873.386740
sess_20260820_other_139_flow_00000,real_sess_20260820_other_139,sess_20260820_other_139,Other,env_win11_eth,HIGH_LATENCY,day_1,2026-08-20,batch_20260820_04,dev_win11_desktop,ethernet,warp_enabled,oth_idle_keepalive,real,v2,272.945122,97.734506,40.000000,579.000000,268.000000,152.700000,210.000000,330.750000,398.500000,436.950000,272.945122,97.734506,40.000000,579.000000,268.000000,152.700000,210.000000,330.750000,398.500000,436.950000,0.000000,0.000000,0.000000,0.000000,0.000000,0.000000,0.000000,0.000000,0.000000,0.000000,0.682661,0.653698,0.002786,4.865584,0.518794,0.080801,0.219987,0.945328,1.527256,1.966827,0.682661,0.653698,0.002786,4.865584,0.518794,0.080801,0.219987,0.945328,1.527256,1.966827,0.000000,0.000000,0.000000,0.000000,0.000000,0.000000,0.000000,0.000000,0.000000,0.000000,328.000000,0.000000,89526.000000,0.000000,328.000000,89526.000000,0.000000,4.971276,1356.885405,4.971276,0.000000,79.000000,4.151899,25.000000,1133.240506,7366.000000,1.232051,9.664162,4.971276,65.979043,328.000000,89526.000000,4.971276,1356.885405
sess_20260820_other_139_flow_00001,real_sess_20260820_other_139,sess_20260820_other_139,Other,env_win11_eth,HIGH_LATENCY,day_1,2026-08-20,batch_20260820_04,dev_win11_desktop,ethernet,warp_enabled,oth_idle_keepalive,real,v2,268.030488,92.754975,40.000000,499.000000,275.500000,138.700000,200.750000,330.000000,387.600000,415.250000,268.030488,92.754975,40.000000,499.000000,275.500000,138.700000,200.750000,330.000000,387.600000,415.250000,0.000000,0.000000,0.000000,0.000000,0.000000,0.000000,0.000000,0.000000,0.000000,0.000000,0.370760,0.399111,0.002195,2.512933,0.236686,0.040420,0.102104,0.498966,0.825440,1.231273,0.370760,0.399111,0.002195,2.512933,0.236686,0.040420,0.102104,0.498966,0.825440,1.231273,0.000000,0.000000,0.000000,0.000000,0.000000,0.000000,0.000000,0.000000,0.000000,0.000000,328.000000,0.000000,87914.000000,0.000000,328.000000,87914.000000,0.000000,4.948779,1326.423598,4.948779,0.000000,26.000000,12.615385,33.000000,3381.307692,9641.000000,3.253232,9.100733,4.948779,66.278978,328.000000,87914.000000,4.948779,1326.423598
sess_20260821_other_140_flow_00000,real_sess_20260821_other_140,sess_20260821_other_140,Other,env_win11_wifi,NORMAL,day_2,2026-08-21,batch_20260821_01,dev_win11_laptop,wifi,warp_enabled,oth_cloud_backup,real,v2,352.790373,122.989491,40.000000,724.000000,357.500000,193.300000,270.000000,435.000000,512.700000,541.000000,352.790373,122.989491,40.000000,724.000000,357.500000,193.300000,270.000000,435.000000,512.700000,541.000000,0.000000,0.000000,0.000000,0.000000,0.000000,0.000000,0.000000,0.000000,0.000000,0.000000,0.087143,0.087850,0.000027,0.624426,0.059816,0.011261,0.025518,0.119805,0.191154,0.262391,0.087143,0.087850,0.000027,0.624426,0.059816,0.011261,0.025518,0.119805,0.191154,0.262391,0.000000,0.000000,0.000000,0.000000,0.000000,0.000000,0.000000,0.000000,0.000000,0.000000,644.000000,0.000000,227197.000000,0.000000,644.000000,227197.000000,0.000000,11.408479,4024.801439,11.408479,0.000000,1.000000,644.000000,644.000000,227197.000000,227197.000000,56.032756,56.032756,11.408479,56.449244,644.000000,227197.000000,11.408479,4024.801439
sess_20260821_other_140_flow_00001,real_sess_20260821_other_140,sess_20260821_other_140,Other,env_win11_wifi,NORMAL,day_2,2026-08-21,batch_20260821_01,dev_win11_laptop,wifi,warp_enabled,oth_cloud_backup,real,v2,338.060559,121.843375,40.000000,717.000000,341.000000,183.300000,251.500000,423.000000,500.400000,535.700000,338.060559,121.843375,40.000000,717.000000,341.000000,183.300000,251.500000,423.000000,500.400000,535.700000,0.000000,0.000000,0.000000,0.000000,0.000000,0.000000,0.000000,0.000000,0.000000,0.000000,0.092164,0.094397,0.000320,0.630576,0.064397,0.009333,0.026708,0.121535,0.214464,0.272440,0.092164,0.094397,0.000320,0.630576,0.064397,0.009333,0.026708,0.121535,0.214464,0.272440,0.000000,0.000000,0.000000,0.000000,0.000000,0.000000,0.000000,0.000000,0.000000,0.000000,644.000000,0.000000,217711.000000,0.000000,644.000000,217711.000000,0.000000,9.594134,3243.398455,9.594134,0.000000,1.000000,644.000000,644.000000,217711.000000,217711.000000,59.261152,59.261152,9.594134,67.124346,644.000000,217711.000000,9.594134,3243.398455
sess_20260821_other_141_flow_00000,real_sess_20260821_other_141,sess_20260821_other_141,Other,env_win11_wifi,HIGH_LATENCY,day_2,2026-08-21,batch_20260821_02,dev_win11_laptop,wifi,warp_enabled,oth_dns_ntp_sync,real,v2,278.645656,100.011282,40.000000,634.000000,278.000000,150.200000,212.000000,343.000000,403.800000,440.400000,278.645656,100.011282,40.000000,634.000000,278.000000,150.200000,212.000000,343.000000,403.800000,440.400000,0.000000,0.000000,0.000000,0.000000,0.000000,0.000000,0.000000,0.000000,0.000000,0.000000,0.404468,0.405627,0.000013,2.804037,0.285045,0.037860,0.112898,0.571086,0.929664,1.152532,0.404468,0.405627,0.000013,2.804037,0.285045,0.037860,0.112898,0.571086,0.929664,1.152532,0.000000,0.000000,0.000000,0.000000,0.000000,0.000000,0.000000,0.000000,0.000000,0.000000,587.000000,0.000000,163565.000000,0.000000,587.000000,163565.000000,0.000000,9.059058,2524.267172,9.059058,0.000000,55.000000,10.672727,53.000000,2973.909091,15659.000000,2.969711,18.055364,9.059058,64.797024,587.000000,163565.000000,9.059058,2524.267172
sess_20260821_other_141_flow_00001,real_sess_20260821_other_141,sess_20260821_other_141,Other,env_win11_wifi,HIGH_LATENCY,day_2,2026-08-21,batch_20260821_02,dev_win11_laptop,wifi,warp_enabled,oth_dns_ntp_sync,real,v2,281.250426,100.228001,40.000000,639.000000,279.000000,162.000000,214.000000,346.500000,413.000000,442.000000,281.250426,100.228001,40.000000,639.000000,279.000000,162.000000,214.000000,346.500000,413.000000,442.000000,0.000000,0.000000,0.000000,0.000000,0.000000,0.000000,0.000000,0.000000,0.000000,0.000000,0.359672,0.383564,0.000392,3.239012,0.247722,0.035394,0.092202,0.493833,0.809331,1.124572,0.359672,0.383564,0.000392,3.239012,0.247722,0.035394,0.092202,0.493833,0.809331,1.124572,0.000000,0.000000,0.000000,0.000000,0.000000,0.000000,0.000000,0.000000,0.000000,0.000000,587.000000,0.000000,165094.000000,0.000000,587.000000,165094.000000,0.000000,10.623661,2987.909144,10.623661,0.000000,39.000000,15.051282,62.000000,4233.179487,16981.000000,3.992238,17.569670,10.623661,55.254023,587.000000,165094.000000,10.623661,2987.909144
sess_20260821_other_142_flow_00000,real_sess_20260821_other_142,sess_20260821_other_142,Other,env_win11_cellular,NORMAL,day_2,2026-08-21,batch_20260821_03,dev_win11_laptop,cellular,warp_disabled,oth_os_update_check,real,v2,546.792422,193.816412,40.000000,1188.000000,541.000000,306.200000,416.500000,672.000000,803.400000,856.100000,546.792422,193.816412,40.000000,1188.000000,541.000000,306.200000,416.500000,672.000000,803.400000,856.100000,0.000000,0.000000,0.000000,0.000000,0.000000,0.000000,0.000000,0.000000,0.000000,0.000000,0.103508,0.100932,0.000238,0.649131,0.075919,0.010214,0.027927,0.147027,0.232585,0.302271,0.103508,0.100932,0.000238,0.649131,0.075919,0.010214,0.027927,0.147027,0.232585,0.302271,0.000000,0.000000,0.000000,0.000000,0.000000,0.000000,0.000000,0.000000,0.000000,0.000000,607.000000,0.000000,331903.000000,0.000000,607.000000,331903.000000,0.000000,9.124299,4989.097574,9.124299,0.000000,1.000000,607.000000,607.000000,331903.000000,331903.000000,62.726042,62.726042,9.124299,66.525658,607.000000,331903.000000,9.124299,4989.097574
sess_20260821_other_142_flow_00001,real_sess_20260821_other_142,sess_20260821_other_142,Other,env_win11_cellular,NORMAL,day_2,2026-08-21,batch_20260821_03,dev_win11_laptop,cellular,warp_disabled,oth_os_update_check,real,v2,538.922570,180.707454,40.000000,1016.000000,538.000000,309.600000,422.500000,668.000000,766.800000,839.600000,538.922570,180.707454,40.000000,1016.000000,538.000000,309.600000,422.500000,668.000000,766.800000,839.600000,0.000000,0.000000,0.000000,0.000000,0.000000,0.000000,0.000000,0.000000,0.000000,0.000000,0.109249,0.109083,0.000020,0.792971,0.075598,0.011677,0.033594,0.155979,0.240625,0.324017,0.109249,0.109083,0.000020,0.792971,0.075598,0.011677,0.033594,0.155979,0.240625,0.324017,0.000000,0.000000,0.000000,0.000000,0.000000,0.000000,0.000000,0.000000,0.000000,0.000000,607.000000,0.000000,327126.000000,0.000000,607.000000,327126.000000,0.000000,9.157845,4935.369330,9.157845,0.000000,1.000000,607.000000,607.000000,327126.000000,327126.000000,66.204627,66.204627,9.157845,66.281970,607.000000,327126.000000,9.157845,4935.369330
sess_20260821_other_143_flow_00000,real_sess_20260821_other_143,sess_20260821_other_143,Other,env_win11_cellular,LOW_BANDWIDTH,day_2,2026-08-21,batch_20260821_04,dev_win11_laptop,cellular,warp_enabled,oth_telemetry_heartbeat,real,v2,160.798715,59.357343,40.000000,348.000000,160.000000,87.600000,117.500000,199.500000,238.000000,263.400000,160.798715,59.357343,40.000000,348.000000,160.000000,87.600000,117.500000,199.500000,238.000000,263.400000,0.000000,0.000000,0.000000,0.000000,0.000000,0.000000,0.000000,0.000000,0.000000,0.000000,0.229749,0.218005,0.000462,1.186304,0.161960,0.027743,0.068617,0.331617,0.540853,0.696119,0.229749,0.218005,0.000462,1.186304,0.161960,0.027743,0.068617,0.331617,0.540853,0.696119,0.000000,0.000000,0.000000,0.000000,0.000000,0.000000,0.000000,0.000000,0.000000,0.000000,467.000000,0.000000,75093.000000,0.000000,467.000000,75093.000000,0.000000,8.512400,1368.782918,8.512400,0.000000,5.000000,93.400000,253.000000,15018.600000,42300.000000,20.519357,54.725119,8.512400,54.861146,467.000000,75093.000000,8.512400,1368.782918
sess_20260821_other_143_flow_00001,real_sess_20260821_other_143,sess_20260821_other_143,Other,env_win11_cellular,LOW_BANDWIDTH,day_2,2026-08-21,batch_20260821_04,dev_win11_laptop,cellular,warp_enabled,oth_telemetry_heartbeat,real,v2,164.929336,54.675019,40.000000,336.000000,166.000000,94.600000,126.000000,202.000000,235.400000,250.000000,164.929336,54.675019,40.000000,336.000000,166.000000,94.600000,126.000000,202.000000,235.400000,250.000000,0.000000,0.000000,0.000000,0.000000,0.000000,0.000000,0.000000,0.000000,0.000000,0.000000,0.211670,0.221483,0.000042,1.534461,0.144270,0.016985,0.050460,0.298629,0.519949,0.670197,0.211670,0.221483,0.000042,1.534461,0.144270,0.016985,0.050460,0.298629,0.519949,0.670197,0.000000,0.000000,0.000000,0.000000,0.000000,0.000000,0.000000,0.000000,0.000000,0.000000,467.000000,0.000000,77022.000000,0.000000,467.000000,77022.000000,0.000000,8.287943,1366.924964,8.287943,0.000000,4.000000,116.750000,229.000000,19255.500000,38808.000000,23.663486,44.950927,8.287943,56.346912,467.000000,77022.000000,8.287943,1366.924964
sess_20260822_other_144_flow_00000,real_sess_20260822_other_144,sess_20260822_other_144,Other,env_win11_eth,NORMAL,day_3,2026-08-22,batch_20260822_01,dev_win11_desktop,ethernet,warp_enabled,oth_idle_keepalive,real,v2,418.323298,148.876496,40.000000,1051.000000,416.500000,224.000000,322.750000,512.250000,610.000000,668.550000,418.323298,148.876496,40.000000,1051.000000,416.500000,224.000000,322.750000,512.250000,610.000000,668.550000,0.000000,0.000000,0.000000,0.000000,0.000000,0.000000,0.000000,0.000000,0.000000,0.000000,0.076426,0.076147,0.000113,0.544363,0.052196,0.009056,0.022408,0.105877,0.178855,0.222107,0.076426,0.076147,0.000113,0.544363,0.052196,0.009056,0.022408,0.105877,0.178855,0.222107,0.000000,0.000000,0.000000,0.000000,0.000000,0.000000,0.000000,0.000000,0.000000,0.000000,764.000000,0.000000,319599.000000,0.000000,764.000000,319599.000000,0.000000,14.918905,6240.925433,14.918905,0.000000,1.000000,764.000000,764.000000,319599.000000,319599.000000,58.313095,58.313095,14.918905,51.210194,764.000000,319599.000000,14.918905,6240.925433
sess_20260822_other_144_flow_00001,real_sess_20260822_other_144,sess_20260822_other_144,Other,env_win11_eth,NORMAL,day_3,2026-08-22,batch_20260822_01,dev_win11_desktop,ethernet,warp_enabled,oth_idle_keepalive,real,v2,421.954188,152.704785,40.000000,930.000000,428.500000,223.300000,317.750000,525.000000,623.000000,675.550000,421.954188,152.704785,40.000000,930.000000,428.500000,223.300000,317.750000,525.000000,623.000000,675.550000,0.000000,0.000000,0.000000,0.000000,0.000000,0.000000,0.000000,0.000000,0.000000,0.000000,0.083469,0.084711,0.000118,0.603274,0.055880,0.008730,0.024314,0.114975,0.191534,0.256220,0.083469,0.084711,0.000118,0.603274,0.055880,0.008730,0.024314,0.114975,0.191534,0.256220,0.000000,0.000000,0.000000,0.000000,0.000000,0.000000,0.000000,0.000000,0.000000,0.000000,764.000000,0.000000,322373.000000,0.000000,764.000000,322373.000000,0.000000,14.083528,5942.603542,14.083528,0.000000,1.000000,764.000000,764.000000,322373.000000,322373.000000,63.686588,63.686588,14.083528,54.247772,764.000000,322373.000000,14.083528,5942.603542
sess_20260822_other_145_flow_00000,real_sess_20260822_other_145,sess_20260822_other_145,Other,env_win11_eth,PACKET_LOSS,day_3,2026-08-22,batch_20260822_02,dev_win11_desktop,ethernet,warp_enabled,oth_cloud_backup,real,v2,320.492512,116.289196,40.000000,714.000000,319.000000,162.000000,240.000000,396.000000,471.000000,504.000000,320.492512,116.289196,40.000000,714.000000,319.000000,162.000000,240.000000,396.000000,471.000000,504.000000,0.000000,0.000000,0.000000,0.000000,0.000000,0.000000,0.000000,0.000000,0.000000,0.000000,0.089223,0.088987,0.000043,0.609458,0.062394,0.010619,0.026013,0.126530,0.204732,0.275654,0.089223,0.088987,0.000043,0.609458,0.062394,0.010619,0.026013,0.126530,0.204732,0.275654,0.000000,0.000000,0.000000,0.000000,0.000000,0.000000,0.000000,0.000000,0.000000,0.000000,601.000000,0.000000,192616.000000,0.000000,601.000000,192616.000000,0.000000,10.610416,3400.558859,10.610416,0.000000,1.000000,601.000000,601.000000,192616.000000,192616.000000,53.533828,53.533828,10.610416,56.642454,601.000000,192616.000000,10.610416,3400.558859
sess_20260822_other_145_flow_00001,real_sess_20260822_other_145,sess_20260822_other_145,Other,env_win11_eth,PACKET_LOSS,day_3,2026-08-22,batch_20260822_02,dev_win11_desktop,ethernet,warp_enabled,oth_cloud_backup,real,v2,300.789384,109.360241,40.000000,713.000000,304.000000,163.000000,221.500000,371.000000,434.000000,472.700000,300.789384,109.360241,40.000000,713.000000,304.000000,163.000000,221.500000,371.000000,434.000000,472.700000,0.000000,0.000000,0.000000,0.000000,0.000000,0.000000,0.000000,0.000000,0.000000,0.000000,0.089742,0.091859,0.000120,0.662712,0.064239,0.008109,0.022828,0.125348,0.207528,0.283893,0.089742,0.091859,0.000120,0.662712,0.064239,0.008109,0.022828,0.125348,0.207528,0.283893,0.000000,0.000000,0.000000,0.000000,0.000000,0.000000,0.000000,0.000000,0.000000,0.000000,584.000000,0.000000,175661.000000,0.000000,584.000000,175661.000000,0.000000,10.473058,3150.184695,10.473058,0.000000,1.000000,584.000000,584.000000,175661.000000,175661.000000,52.319551,52.319551,10.473058,55.762127,584.000000,175661.000000,10.473058,3150.184695
sess_20260822_other_146_flow_00000,real_sess_20260822_other_146,sess_20260822_other_146,Other,env_win11_cellular,HIGH_LATENCY,day_3,2026-08-22,batch_20260822_03,dev_win11_laptop,cellular,warp_enabled,oth_dns_ntp_sync,real,v2,418.194847,149.451359,40.000000,954.000000,416.000000,233.000000,322.000000,513.000000,609.000000,665.000000,418.194847,149.451359,40.000000,954.000000,416.000000,233.000000,322.000000,513.000000,609.000000,665.000000,0.000000,0.000000,0.000000,0.000000,0.000000,0.000000,0.000000,0.000000,0.000000,0.000000,0.298954,0.299116,0.000260,1.831511,0.196847,0.029718,0.078072,0.433187,0.688277,0.938108,0.298954,0.299116,0.000260,1.831511,0.196847,0.029718,0.078072,0.433187,0.688277,0.938108,0.000000,0.000000,0.000000,0.000000,0.000000,0.000000,0.000000,0.000000,0.000000,0.000000,621.000000,0.000000,259699.000000,0.000000,621.000000,259699.000000,0.000000,9.094600,3803.314844,9.094600,0.000000,25.000000,24.840000,72.000000,10387.960000,29448.000000,6.229413,19.460167,9.094600,68.282278,621.000000,259699.000000,9.094600,3803.314844
sess_20260822_other_146_flow_00001,real_sess_20260822_other_146,sess_20260822_other_146,Other,env_win11_cellular,HIGH_LATENCY,day_3,2026-08-22,batch_20260822_03,dev_win11_laptop,cellular,warp_enabled,oth_dns_ntp_sync,real,v2,426.186795,146.987888,40.000000,858.000000,433.000000,232.000000,330.000000,530.000000,619.000000,661.000000,426.186795,146.987888,40.000000,858.000000,433.000000,232.000000,330.000000,530.000000,619.000000,661.000000,0.000000,0.000000,0.000000,0.000000,0.000000,0.000000,0.000000,0.000000,0.000000,0.000000,0.386267,0.395665,0.000174,3.080542,0.266686,0.032551,0.096592,0.564237,0.905710,1.162371,0.386267,0.395665,0.000174,3.080542,0.266686,0.032551,0.096592,0.564237,0.905710,1.162371,0.000000,0.000000,0.000000,0.000000,0.000000,0.000000,0.000000,0.000000,0.000000,0.000000,621.000000,0.000000,264662.000000,0.000000,621.000000,264662.000000,0.000000,11.765012,5014.092678,11.765012,0.000000,46.000000,13.500000,49.000000,5753.521739,21862.000000,3.832807,16.672303,11.765012,52.783627,621.000000,264662.000000,11.765012,5014.092678
sess_20260822_other_147_flow_00000,real_sess_20260822_other_147,sess_20260822_other_147,Other,env_win11_cellular,NORMAL,day_3,2026-08-22,batch_20260822_04,dev_win11_laptop,cellular,warp_disabled,oth_os_update_check,real,v2,378.849315,129.875938,40.000000,763.000000,377.000000,221.200000,283.000000,461.000000,552.400000,599.600000,378.849315,129.875938,40.000000,763.000000,377.000000,221.200000,283.000000,461.000000,552.400000,599.600000,0.000000,0.000000,0.000000,0.000000,0.000000,0.000000,0.000000,0.000000,0.000000,0.000000,0.097422,0.097049,0.000023,0.550751,0.064250,0.010767,0.026998,0.134867,0.245741,0.301697,0.097422,0.097049,0.000023,0.550751,0.064250,0.010767,0.026998,0.134867,0.245741,0.301697,0.000000,0.000000,0.000000,0.000000,0.000000,0.000000,0.000000,0.000000,0.000000,0.000000,657.000000,0.000000,248904.000000,0.000000,657.000000,248904.000000,0.000000,9.668596,3662.941093,9.668596,0.000000,1.000000,657.000000,657.000000,248904.000000,248904.000000,63.908570,63.908570,9.668596,67.951953,657.000000,248904.000000,9.668596,3662.941093
sess_20260822_other_147_flow_00001,real_sess_20260822_other_147,sess_20260822_other_147,Other,env_win11_cellular,NORMAL,day_3,2026-08-22,batch_20260822_04,dev_win11_laptop,cellular,warp_disabled,oth_os_update_check,real,v2,362.646880,131.242259,40.000000,727.000000,363.000000,194.600000,269.000000,455.000000,532.000000,567.800000,362.646880,131.242259,40.000000,727.000000,363.000000,194.600000,269.000000,455.000000,532.000000,567.800000,0.000000,0.000000,0.000000,0.000000,0.000000,0.000000,0.000000,0.000000,0.000000,0.000000,0.089532,0.093396,0.000085,0.572733,0.059092,0.008838,0.025736,0.123488,0.208891,0.275194,0.089532,0.093396,0.000085,0.572733,0.059092,0.008838,0.025736,0.123488,0.208891,0.275194,0.000000,0.000000,0.000000,0.000000,0.000000,0.000000,0.000000,0.000000,0.000000,0.000000,657.000000,0.000000,238259.000000,0.000000,657.000000,238259.000000,0.000000,11.843525,4295.017423,11.843525,0.000000,1.000000,657.000000,657.000000,238259.000000,238259.000000,58.732817,58.732817,11.843525,55.473349,657.000000,238259.000000,11.843525,4295.017423
sess_20260823_other_148_flow_00000,real_sess_20260823_other_148,sess_20260823_other_148,Other,env_win11_wifi,LOW_BANDWIDTH,day_4,2026-08-23,batch_20260823_02,dev_win11_laptop,wifi,warp_enabled,oth_telemetry_heartbeat,real,v2,259.825067,87.830951,40.000000,550.000000,259.500000,147.000000,201.000000,322.000000,371.000000,402.900000,259.825067,87.830951,40.000000,550.000000,259.500000,147.000000,201.000000,322.000000,371.000000,402.900000,0.000000,0.000000,0.000000,0.000000,0.000000,0.000000,0.000000,0.000000,0.000000,0.000000,0.090026,0.089408,0.000108,0.633973,0.064551,0.009404,0.025744,0.124561,0.202433,0.262935,0.090026,0.089408,0.000108,0.633973,0.064551,0.009404,0.025744,0.124561,0.202433,0.262935,0.000000,0.000000,0.000000,0.000000,0.000000,0.000000,0.000000,0.000000,0.000000,0.000000,1492.000000,0.000000,387659.000000,0.000000,1492.000000,387659.000000,0.000000,28.414094,7382.693909,28.414094,0.000000,1.000000,1492.000000,1492.000000,387659.000000,387659.000000,134.229495,134.229495,28.414094,52.509152,1492.000000,387659.000000,28.414094,7382.693909
sess_20260823_other_148_flow_00001,real_sess_20260823_other_148,sess_20260823_other_148,Other,env_win11_wifi,LOW_BANDWIDTH,day_4,2026-08-23,batch_20260823_02,dev_win11_laptop,wifi,warp_enabled,oth_telemetry_heartbeat,real,v2,283.815684,97.983219,40.000000,601.000000,284.000000,159.000000,215.000000,352.000000,410.000000,446.000000,283.815684,97.983219,40.000000,601.000000,284.000000,159.000000,215.000000,352.000000,410.000000,446.000000,0.000000,0.000000,0.000000,0.000000,0.000000,0.000000,0.000000,0.000000,0.000000,0.000000,0.076321,0.076230,0.000088,0.487905,0.051349,0.008450,0.021294,0.105287,0.182840,0.230165,0.076321,0.076230,0.000088,0.487905,0.051349,0.008450,0.021294,0.105287,0.182840,0.230165,0.000000,0.000000,0.000000,0.000000,0.000000,0.000000,0.000000,0.000000,0.000000,0.000000,1492.000000,0.000000,423453.000000,0.000000,1492.000000,423453.000000,0.000000,26.560686,7538.339123,26.560686,0.000000,1.000000,1492.000000,1492.000000,423453.000000,423453.000000,113.794143,113.794143,26.560686,56.173249,1492.000000,423453.000000,26.560686,7538.339123
sess_20260823_other_149_flow_00000,real_sess_20260823_other_149,sess_20260823_other_149,Other,env_win11_eth,LOW_BANDWIDTH,day_4,2026-08-23,batch_20260823_03,dev_win11_desktop,ethernet,warp_enabled,oth_idle_keepalive,real,v2,234.746044,82.252616,40.000000,488.000000,237.500000,130.000000,175.000000,290.000000,339.000000,368.000000,234.746044,82.252616,40.000000,488.000000,237.500000,130.000000,175.000000,290.000000,339.000000,368.000000,0.000000,0.000000,0.000000,0.000000,0.000000,0.000000,0.000000,0.000000,0.000000,0.000000,0.086308,0.087751,0.000038,0.780658,0.057999,0.008909,0.027249,0.116621,0.201108,0.261484,0.086308,0.087751,0.000038,0.780658,0.057999,0.008909,0.027249,0.116621,0.201108,0.261484,0.000000,0.000000,0.000000,0.000000,0.000000,0.000000,0.000000,0.000000,0.000000,0.000000,1264.000000,0.000000,296719.000000,0.000000,1264.000000,296719.000000,0.000000,22.008505,5166.409490,22.008505,0.000000,1.000000,1264.000000,1264.000000,296719.000000,296719.000000,109.006559,109.006559,22.008505,57.432343,1264.000000,296719.000000,22.008505,5166.409490
sess_20260823_other_149_flow_00001,real_sess_20260823_other_149,sess_20260823_other_149,Other,env_win11_eth,LOW_BANDWIDTH,day_4,2026-08-23,batch_20260823_03,dev_win11_desktop,ethernet,warp_enabled,oth_idle_keepalive,real,v2,153.603639,55.009784,40.000000,369.000000,152.000000,83.000000,115.000000,187.000000,226.000000,248.000000,153.603639,55.009784,40.000000,369.000000,152.000000,83.000000,115.000000,187.000000,226.000000,248.000000,0.000000,0.000000,0.000000,0.000000,0.000000,0.000000,0.000000,0.000000,0.000000,0.000000,0.112089,0.110946,0.000043,0.663076,0.075854,0.011871,0.032387,0.159366,0.254986,0.339861,0.112089,0.110946,0.000043,0.663076,0.075854,0.011871,0.032387,0.159366,0.254986,0.339861,0.000000,0.000000,0.000000,0.000000,0.000000,0.000000,0.000000,0.000000,0.000000,0.000000,1264.000000,0.000000,194155.000000,0.000000,1264.000000,194155.000000,0.000000,19.997920,3071.753364,19.997920,0.000000,1.000000,1264.000000,1264.000000,194155.000000,194155.000000,141.568219,141.568219,19.997920,63.206572,1264.000000,194155.000000,19.997920,3071.753364
sess_20260823_other_150_flow_00000,real_sess_20260823_other_150,sess_20260823_other_150,Other,env_win11_cellular,NORMAL,day_4,2026-08-23,batch_20260823_04,dev_win11_laptop,cellular,warp_enabled,oth_cloud_backup,real,v2,242.583333,82.884515,40.000000,511.000000,239.500000,142.900000,188.000000,295.250000,359.100000,389.150000,242.583333,82.884515,40.000000,511.000000,239.500000,142.900000,188.000000,295.250000,359.100000,389.150000,0.000000,0.000000,0.000000,0.000000,0.000000,0.000000,0.000000,0.000000,0.000000,0.000000,0.100583,0.101109,0.000254,0.655369,0.069631,0.010405,0.029128,0.138697,0.229703,0.297890,0.100583,0.101109,0.000254,0.655369,0.069631,0.010405,0.029128,0.138697,0.229703,0.297890,0.000000,0.000000,0.000000,0.000000,0.000000,0.000000,0.000000,0.000000,0.000000,0.000000,600.000000,0.000000,145550.000000,0.000000,600.000000,145550.000000,0.000000,9.972552,2419.174832,9.972552,0.000000,1.000000,600.000000,600.000000,145550.000000,145550.000000,60.249442,60.249442,9.972552,60.165143,600.000000,145550.000000,9.972552,2419.174832
sess_20260823_other_150_flow_00001,real_sess_20260823_other_150,sess_20260823_other_150,Other,env_win11_cellular,NORMAL,day_4,2026-08-23,batch_20260823_04,dev_win11_laptop,cellular,warp_enabled,oth_cloud_backup,real,v2,240.611667,80.141429,40.000000,507.000000,241.000000,136.900000,188.000000,293.000000,346.000000,376.050000,240.611667,80.141429,40.000000,507.000000,241.000000,136.900000,188.000000,293.000000,346.000000,376.050000,0.000000,0.000000,0.000000,0.000000,0.000000,0.000000,0.000000,0.000000,0.000000,0.000000,0.103932,0.102305,0.000167,0.615683,0.072328,0.011609,0.030711,0.146102,0.232255,0.334751,0.103932,0.102305,0.000167,0.615683,0.072328,0.011609,0.030711,0.146102,0.232255,0.334751,0.000000,0.000000,0.000000,0.000000,0.000000,0.000000,0.000000,0.000000,0.000000,0.000000,600.000000,0.000000,144367.000000,0.000000,600.000000,144367.000000,0.000000,9.464549,2277.280968,9.464549,0.000000,1.000000,600.000000,600.000000,144367.000000,144367.000000,62.255080,62.255080,9.464549,63.394461,600.000000,144367.000000,9.464549,2277.280968
