flow_id,file_id,session_id,traffic_class,environment_id,network_condition_id,capture_day,capture_date,collection_batch,device_id,interface_type,tunnel_state,activity_variant,data_origin,dataset_version,window_id,window_type,window_start,window_end,packet_offset,packet_count,byte_count,mean_packet_size,std_packet_size,median_packet_size,p95_packet_size,mean_iat,std_iat,median_iat,p95_iat,forward_packet_count,backward_packet_count,forward_byte_count,backward_byte_count,packet_rate,byte_rate,burst_count,mean_burst_size,burst_rate,direction_switch_count
20260823_144333_web_001_5c95_flow_00000,real_20260823_144333_web_001_5c95,20260823_144333_web_001_5c95,Web,env_win11_wifi,NORMAL,day_4,2026-08-23,batch_20260823_01,dev_win11_laptop,wifi,warp_enabled,web_tech_blogs,real,v2,20260823_144333_web_001_5c95_flow_00000_prefix_5,prefix_5,0.000,0.042,0,5.000000,1148.000000,229.600000,65.600610,214.000000,328.400000,0.010413,0.009559,0.007383,0.023538,5.000000,0.000000,1148.000000,0.000000,120.046274,27562.624617,1.000000,5.000000,24.009255,0.000000
20260823_144333_web_001_5c95_flow_00001,real_20260823_144333_web_001_5c95,20260823_144333_web_001_5c95,Web,env_win11_wifi,NORMAL,day_4,2026-08-23,batch_20260823_01,dev_win11_laptop,wifi,warp_enabled,web_tech_blogs,real,v2,20260823_144333_web_001_5c95_flow_00001_prefix_5,prefix_5,0.000,0.038,0,5.000000,5365.000000,1073.000000,242.456594,1115.000000,1368.200000,0.009440,0.008875,0.006766,0.021594,5.000000,0.000000,5365.000000,0.000000,132.419482,142086.104391,1.000000,5.000000,26.483896,0.000000
20260823_145151_web_001_0bbf_flow_00000,real_20260823_145151_web_001_0bbf,20260823_145151_web_001_0bbf,Web,env_win11_wifi,NORMAL,day_4,2026-08-23,batch_20260823_01,dev_win11_laptop,wifi,warp_enabled,web_ecommerce,real,v2,20260823_145151_web_001_0bbf_flow_00000_prefix_5,prefix_5,0.000,0.330,0,5.000000,1859.000000,371.800000,101.621651,364.000000,503.800000,0.082382,0.031775,0.083950,0.120003,5.000000,0.000000,1859.000000,0.000000,15.173167,5641.383399,4.000000,1.250000,12.138533,0.000000
20260823_145151_web_001_0bbf_flow_00001,real_20260823_145151_web_001_0bbf,20260823_145151_web_001_0bbf,Web,env_win11_wifi,NORMAL,day_4,2026-08-23,batch_20260823_01,dev_win11_laptop,wifi,warp_enabled,web_ecommerce,real,v2,20260823_145151_web_001_0bbf_flow_00001_prefix_5,prefix_5,0.000,0.432,0,5.000000,1445.000000,289.000000,41.501807,290.000000,340.000000,0.107943,0.041399,0.111537,0.155588,5.000000,0.000000,1445.000000,0.000000,11.580210,3346.680799,4.000000,1.250000,9.264168,0.000000
20260823_145551_web_001_da0c_flow_00000,real_20260823_145551_web_001_da0c,20260823_145551_web_001_da0c,Web,env_win11_wifi,NORMAL,day_4,2026-08-23,batch_20260823_01,dev_win11_laptop,wifi,warp_enabled,web_github_docs,real,v2,20260823_145551_web_001_da0c_flow_00000_prefix_5,prefix_5,0.000,0.760,0,5.000000,1526.000000,305.200000,69.499353,299.000000,394.000000,0.189948,0.120333,0.213705,0.314174,5.000000,0.000000,1526.000000,0.000000,6.580744,2008.443144,4.000000,1.250000,5.264595,0.000000
20260823_145551_web_001_da0c_flow_00001,real_20260823_145551_web_001_da0c,20260823_145551_web_001_da0c,Web,env_win11_wifi,NORMAL,day_4,2026-08-23,batch_20260823_01,dev_win11_laptop,wifi,warp_enabled,web_github_docs,real,v2,20260823_145551_web_001_da0c_flow_00001_prefix_5,prefix_5,0.000,0.255,0,5.000000,3186.000000,637.200000,128.289360,558.000000,826.800000,0.063661,0.049715,0.049102,0.130349,5.000000,0.000000,3186.000000,0.000000,19.635347,12511.643072,3.000000,1.666667,11.781208,0.000000
20260823_145946_web_001_c866_flow_00000,real_20260823_145946_web_001_c866,20260823_145946_web_001_c866,Web,env_win11_wifi,NORMAL,day_4,2026-08-23,batch_20260823_01,dev_win11_laptop,wifi,warp_enabled,web_ecommerce,real,v2,20260823_145946_web_001_c866_flow_00000_prefix_5,prefix_5,0.000,0.039,0,5.000000,1535.000000,307.000000,100.890039,308.000000,427.200000,0.009746,0.008148,0.008390,0.019922,5.000000,0.000000,1535.000000,0.000000,128.260455,39375.959731,1.000000,5.000000,25.652091,0.000000
20260823_145946_web_001_c866_flow_00001,real_20260823_145946_web_001_c866,20260823_145946_web_001_c866,Web,env_win11_wifi,NORMAL,day_4,2026-08-23,batch_20260823_01,dev_win11_laptop,wifi,warp_enabled,web_ecommerce,real,v2,20260823_145946_web_001_c866_flow_00001_prefix_5,prefix_5,0.000,0.109,0,5.000000,2074.000000,414.800000,111.258977,423.000000,533.800000,0.027170,0.022324,0.022682,0.057002,5.000000,0.000000,2074.000000,0.000000,46.007275,19083.817616,2.000000,2.500000,18.402910,0.000000
20260823_150110_web_001_9490_flow_00000,real_20260823_150110_web_001_9490,20260823_150110_web_001_9490,Web,env_win11_wifi,NORMAL,day_4,2026-08-23,batch_20260823_01,dev_win11_laptop,wifi,warp_enabled,web_ecommerce,real,v2,20260823_150110_web_001_9490_flow_00000_prefix_5,prefix_5,0.000,0.080,0,5.000000,5381.000000,1076.200000,307.386662,1201.000000,1329.600000,0.020059,0.020847,0.010978,0.049220,5.000000,0.000000,5381.000000,0.000000,62.315107,67063.518691,2.000000,2.500000,24.926043,0.000000
20260823_150110_web_001_9490_flow_00001,real_20260823_150110_web_001_9490,20260823_150110_web_001_9490,Web,env_win11_wifi,NORMAL,day_4,2026-08-23,batch_20260823_01,dev_win11_laptop,wifi,warp_enabled,web_ecommerce,real,v2,20260823_150110_web_001_9490_flow_00001_prefix_5,prefix_5,0.000,0.499,0,5.000000,1471.000000,294.200000,88.801802,327.000000,361.000000,0.124757,0.132753,0.073094,0.309684,5.000000,0.000000,1471.000000,0.000000,10.019511,2947.740161,3.000000,1.666667,6.011707,0.000000
20260823_150323_web_001_2c60_flow_00000,real_20260823_150323_web_001_2c60,20260823_150323_web_001_2c60,Web,env_win11_wifi,NORMAL,day_4,2026-08-23,batch_20260823_01,dev_win11_laptop,wifi,warp_enabled,web_tech_blogs,real,v2,20260823_150323_web_001_2c60_flow_00000_prefix_5,prefix_5,0.000,0.380,0,5.000000,858.000000,171.600000,15.265648,170.000000,194.200000,0.095039,0.101163,0.055200,0.236429,5.000000,0.000000,858.000000,0.000000,13.152429,2256.956859,3.000000,1.666667,7.891458,0.000000
20260823_150323_web_001_2c60_flow_00001,real_20260823_150323_web_001_2c60,20260823_150323_web_001_2c60,Web,env_win11_wifi,NORMAL,day_4,2026-08-23,batch_20260823_01,dev_win11_laptop,wifi,warp_enabled,web_tech_blogs,real,v2,20260823_150323_web_001_2c60_flow_00001_prefix_5,prefix_5,0.000,0.764,0,5.000000,922.000000,184.400000,39.368007,194.000000,230.400000,0.191063,0.177690,0.132232,0.433559,5.000000,0.000000,922.000000,0.000000,6.542333,1206.406168,3.000000,1.666667,3.925400,0.000000
20260823_150454_web_001_17f5_flow_00000,real_20260823_150454_web_001_17f5,20260823_150454_web_001_17f5,Web,env_win11_wifi,NORMAL,day_4,2026-08-23,batch_20260823_01,dev_win11_laptop,wifi,warp_enabled,web_github_docs,real,v2,20260823_150454_web_001_17f5_flow_00000_prefix_5,prefix_5,0.000,0.528,0,5.000000,1285.000000,257.000000,91.433036,294.000000,314.400000,0.131971,0.084990,0.136815,0.232092,5.000000,0.000000,1285.000000,0.000000,9.471766,2434.243946,4.000000,1.250000,7.577413,0.000000
20260823_150454_web_001_17f5_flow_00001,real_20260823_150454_web_001_17f5,20260823_150454_web_001_17f5,Web,env_win11_wifi,NORMAL,day_4,2026-08-23,batch_20260823_01,dev_win11_laptop,wifi,warp_enabled,web_github_docs,real,v2,20260823_150454_web_001_17f5_flow_00001_prefix_5,prefix_5,0.000,0.393,0,5.000000,1077.000000,215.400000,68.942295,233.000000,277.400000,0.098209,0.103610,0.063645,0.239906,5.000000,0.000000,1077.000000,0.000000,12.727895,2741.588549,3.000000,1.666667,7.636737,0.000000
20260823_150634_web_001_ddf0_flow_00000,real_20260823_150634_web_001_ddf0,20260823_150634_web_001_ddf0,Web,env_win11_wifi,NORMAL,day_4,2026-08-23,batch_20260823_01,dev_win11_laptop,wifi,warp_enabled,web_tech_blogs,real,v2,20260823_150634_web_001_ddf0_flow_00000_prefix_5,prefix_5,0.000,0.278,0,5.000000,1111.000000,222.200000,62.729260,197.000000,315.200000,0.069458,0.029461,0.062127,0.109412,5.000000,0.000000,1111.000000,0.000000,17.996430,3998.806685,4.000000,1.250000,14.397144,0.000000
20260823_150634_web_001_ddf0_flow_00001,real_20260823_150634_web_001_ddf0,20260823_150634_web_001_ddf0,Web,env_win11_wifi,NORMAL,day_4,2026-08-23,batch_20260823_01,dev_win11_laptop,wifi,warp_enabled,web_tech_blogs,real,v2,20260823_150634_web_001_ddf0_flow_00001_prefix_5,prefix_5,0.000,0.488,0,5.000000,1297.000000,259.400000,37.558488,269.000000,306.400000,0.121988,0.035369,0.132589,0.154537,5.000000,0.000000,1297.000000,0.000000,10.246886,2658.042319,5.000000,1.000000,10.246886,0.000000
20260823_150817_web_001_e5b6_flow_00000,real_20260823_150817_web_001_e5b6,20260823_150817_web_001_e5b6,Web,env_win11_wifi,NORMAL,day_4,2026-08-23,batch_20260823_01,dev_win11_laptop,wifi,warp_enabled,web_github_docs,real,v2,20260823_150817_web_001_e5b6_flow_00000_prefix_5,prefix_5,0.000,0.520,0,5.000000,1650.000000,330.000000,83.945220,355.000000,403.200000,0.130117,0.064209,0.108630,0.218008,5.000000,0.000000,1650.000000,0.000000,9.606718,3170.216885,5.000000,1.000000,9.606718,0.000000
20260823_150817_web_001_e5b6_flow_00001,real_20260823_150817_web_001_e5b6,20260823_150817_web_001_e5b6,Web,env_win11_wifi,NORMAL,day_4,2026-08-23,batch_20260823_01,dev_win11_laptop,wifi,warp_enabled,web_github_docs,real,v2,20260823_150817_web_001_e5b6_flow_00001_prefix_5,prefix_5,0.000,0.130,0,5.000000,987.000000,197.400000,53.320165,184.000000,270.200000,0.032484,0.026574,0.026778,0.066811,5.000000,0.000000,987.000000,0.000000,38.480355,7596.022037,2.000000,2.500000,15.392142,0.000000
20260823_150936_web_001_534c_flow_00000,real_20260823_150936_web_001_534c,20260823_150936_web_001_534c,Web,env_win11_wifi,NORMAL,day_4,2026-08-23,batch_20260823_01,dev_win11_laptop,wifi,warp_enabled,web_ecommerce,real,v2,20260823_150936_web_001_534c_flow_00000_prefix_5,prefix_5,0.000,0.230,0,5.000000,1095.000000,219.000000,80.247118,239.000000,315.600000,0.057483,0.053613,0.035244,0.132598,5.000000,0.000000,1095.000000,0.000000,21.745430,4762.249213,2.000000,2.500000,8.698172,0.000000
20260823_150936_web_001_534c_flow_00001,real_20260823_150936_web_001_534c,20260823_150936_web_001_534c,Web,env_win11_wifi,NORMAL,day_4,2026-08-23,batch_20260823_01,dev_win11_laptop,wifi,warp_enabled,web_ecommerce,real,v2,20260823_150936_web_001_534c_flow_00001_prefix_5,prefix_5,0.000,0.080,0,5.000000,1904.000000,380.800000,60.855238,394.000000,429.600000,0.020109,0.006378,0.018237,0.028848,5.000000,0.000000,1904.000000,0.000000,62.160153,23670.586136,1.000000,5.000000,12.432031,0.000000
20260823_151441_video_001_104d_flow_00000,real_20260823_151441_video_001_104d,20260823_151441_video_001_104d,Video,env_win11_wifi,NORMAL,day_4,2026-08-23,batch_20260823_01,dev_win11_laptop,wifi,warp_enabled,vid_twitch_live,real,v2,20260823_151441_video_001_104d_flow_00000_prefix_5,prefix_5,0.000,0.019,0,5.000000,4166.000000,833.200000,406.408366,853.000000,1348.800000,0.004836,0.003946,0.003608,0.010269,5.000000,0.000000,4166.000000,0.000000,258.452586,215342.694791,1.000000,5.000000,51.690517,0.000000
20260823_151441_video_001_104d_flow_00001,real_20260823_151441_video_001_104d,20260823_151441_video_001_104d,Video,env_win11_wifi,NORMAL,day_4,2026-08-23,batch_20260823_01,dev_win11_laptop,wifi,warp_enabled,vid_twitch_live,real,v2,20260823_151441_video_001_104d_flow_00001_prefix_5,prefix_5,0.000,0.164,0,5.000000,1182.000000,236.400000,45.775976,243.000000,284.800000,0.041027,0.020412,0.048595,0.058649,5.000000,0.000000,1182.000000,0.000000,30.467648,7202.551883,3.000000,1.666667,18.280589,0.000000
20260823_151621_video_001_efa4_flow_00000,real_20260823_151621_video_001_efa4,20260823_151621_video_001_efa4,Video,env_win11_wifi,NORMAL,day_4,2026-08-23,batch_20260823_01,dev_win11_laptop,wifi,warp_enabled,vid_vimeo_720p,real,v2,20260823_151621_video_001_efa4_flow_00000_prefix_5,prefix_5,0.000,0.059,0,5.000000,5639.000000,1127.800000,337.483866,1345.000000,1420.000000,0.014796,0.007292,0.015610,0.022810,5.000000,0.000000,5639.000000,0.000000,84.481345,95278.060923,1.000000,5.000000,16.896269,0.000000
20260823_151621_video_001_efa4_flow_00001,real_20260823_151621_video_001_efa4,20260823_151621_video_001_efa4,Video,env_win11_wifi,NORMAL,day_4,2026-08-23,batch_20260823_01,dev_win11_laptop,wifi,warp_enabled,vid_vimeo_720p,real,v2,20260823_151621_video_001_efa4_flow_00001_prefix_5,prefix_5,0.000,0.114,0,5.000000,1211.000000,242.200000,27.483813,260.000000,268.600000,0.028541,0.027537,0.017910,0.066836,5.000000,0.000000,1211.000000,0.000000,43.795976,10607.385439,2.000000,2.500000,17.518390,0.000000
20260823_153012_video_001_641b_flow_00000,real_20260823_153012_video_001_641b,20260823_153012_video_001_641b,Video,env_win11_wifi,NORMAL,day_4,2026-08-23,batch_20260823_01,dev_win11_laptop,wifi,warp_enabled,vid_twitch_live,real,v2,20260823_153012_video_001_641b_flow_00000_prefix_5,prefix_5,0.000,0.025,0,5.000000,3247.000000,649.400000,183.628538,615.000000,909.600000,0.006356,0.003698,0.006885,0.010136,5.000000,0.000000,3247.000000,0.000000,196.660526,127711.345769,1.000000,5.000000,39.332105,0.000000
20260823_153012_video_001_641b_flow_00001,real_20260823_153012_video_001_641b,20260823_153012_video_001_641b,Video,env_win11_wifi,NORMAL,day_4,2026-08-23,batch_20260823_01,dev_win11_laptop,wifi,warp_enabled,vid_twitch_live,real,v2,20260823_153012_video_001_641b_flow_00001_prefix_5,prefix_5,0.000,0.041,0,5.000000,5041.000000,1008.200000,323.316811,931.000000,1396.400000,0.010350,0.009438,0.009738,0.021141,5.000000,0.000000,5041.000000,0.000000,120.778038,121768.417711,1.000000,5.000000,24.155608,0.000000
20260823_153142_video_001_2480_flow_00000,real_20260823_153142_video_001_2480,20260823_153142_video_001_2480,Video,env_win11_wifi,NORMAL,day_4,2026-08-23,batch_20260823_01,dev_win11_laptop,wifi,warp_enabled,vid_vimeo_720p,real,v2,20260823_153142_video_001_2480_flow_00000_prefix_5,prefix_5,0.000,0.070,0,5.000000,3629.000000,725.800000,191.631313,609.000000,988.600000,0.017407,0.010263,0.014179,0.031493,5.000000,0.000000,3629.000000,0.000000,71.809168,52119.093970,1.000000,5.000000,14.361834,0.000000
20260823_153142_video_001_2480_flow_00001,real_20260823_153142_video_001_2480,20260823_153142_video_001_2480,Video,env_win11_wifi,NORMAL,day_4,2026-08-23,batch_20260823_01,dev_win11_laptop,wifi,warp_enabled,vid_vimeo_720p,real,v2,20260823_153142_video_001_2480_flow_00001_prefix_5,prefix_5,0.000,0.229,0,5.000000,1219.000000,243.800000,49.312879,241.000000,309.600000,0.057348,0.039677,0.052160,0.108909,5.000000,0.000000,1219.000000,0.000000,21.796623,5314.016584,3.000000,1.666667,13.077974,0.000000
20260823_154438_video_001_566f_flow_00000,real_20260823_154438_video_001_566f,20260823_154438_video_001_566f,Video,env_win11_wifi,NORMAL,day_4,2026-08-23,batch_20260823_01,dev_win11_laptop,wifi,warp_enabled,vid_twitch_live,real,v2,20260823_154438_video_001_566f_flow_00000_prefix_5,prefix_5,0.000,0.007,0,5.000000,5944.000000,1188.800000,204.092528,1172.000000,1420.000000,0.001725,0.000731,0.001876,0.002487,5.000000,0.000000,5944.000000,0.000000,724.592070,861395.052763,1.000000,5.000000,144.918414,0.000000
20260823_154438_video_001_566f_flow_00001,real_20260823_154438_video_001_566f,20260823_154438_video_001_566f,Video,env_win11_wifi,NORMAL,day_4,2026-08-23,batch_20260823_01,dev_win11_laptop,wifi,warp_enabled,vid_twitch_live,real,v2,20260823_154438_video_001_566f_flow_00001_prefix_5,prefix_5,0.000,0.076,0,5.000000,970.000000,194.000000,59.035582,210.000000,255.200000,0.018896,0.008322,0.019181,0.028824,5.000000,0.000000,970.000000,0.000000,66.151383,12833.368325,1.000000,5.000000,13.230277,0.000000
20260823_154613_video_001_c9ea_flow_00000,real_20260823_154613_video_001_c9ea,20260823_154613_video_001_c9ea,Video,env_win11_wifi,NORMAL,day_4,2026-08-23,batch_20260823_01,dev_win11_laptop,wifi,warp_enabled,vid_netflix_4k,real,v2,20260823_154613_video_001_c9ea_flow_00000_prefix_5,prefix_5,0.000,0.021,0,5.000000,6293.000000,1258.600000,120.347164,1306.000000,1394.200000,0.005325,0.003493,0.005619,0.009367,5.000000,0.000000,6293.000000,0.000000,234.752808,295459.884558,1.000000,5.000000,46.950562,0.000000
20260823_154613_video_001_c9ea_flow_00001,real_20260823_154613_video_001_c9ea,20260823_154613_video_001_c9ea,Video,env_win11_wifi,NORMAL,day_4,2026-08-23,batch_20260823_01,dev_win11_laptop,wifi,warp_enabled,vid_netflix_4k,real,v2,20260823_154613_video_001_c9ea_flow_00001_prefix_5,prefix_5,0.000,0.243,0,5.000000,1249.000000,249.800000,75.644960,246.000000,347.000000,0.060632,0.064690,0.028010,0.150793,5.000000,0.000000,1249.000000,0.000000,20.616077,5149.895978,2.000000,2.500000,8.246431,0.000000
20260823_154721_video_001_0564_flow_00000,real_20260823_154721_video_001_0564,20260823_154721_video_001_0564,Video,env_win11_wifi,NORMAL,day_4,2026-08-23,batch_20260823_01,dev_win11_laptop,wifi,warp_enabled,vid_dailymotion_sd,real,v2,20260823_154721_video_001_0564_flow_00000_prefix_5,prefix_5,0.000,0.019,0,5.000000,6209.000000,1241.800000,234.790460,1358.000000,1420.000000,0.004775,0.003336,0.004428,0.009065,5.000000,0.000000,6209.000000,0.000000,261.754263,325046.444137,1.000000,5.000000,52.350853,0.000000
20260823_154721_video_001_0564_flow_00001,real_20260823_154721_video_001_0564,20260823_154721_video_001_0564,Video,env_win11_wifi,NORMAL,day_4,2026-08-23,batch_20260823_01,dev_win11_laptop,wifi,warp_enabled,vid_dailymotion_sd,real,v2,20260823_154721_video_001_0564_flow_00001_prefix_5,prefix_5,0.000,0.065,0,5.000000,770.000000,154.000000,66.774247,147.000000,248.600000,0.016300,0.012795,0.009045,0.034054,5.000000,0.000000,770.000000,0.000000,76.686148,11809.666727,1.000000,5.000000,15.337230,0.000000
20260823_154851_video_001_b4dc_flow_00000,real_20260823_154851_video_001_b4dc,20260823_154851_video_001_b4dc,Video,env_win11_wifi,NORMAL,day_4,2026-08-23,batch_20260823_01,dev_win11_laptop,wifi,warp_enabled,vid_vimeo_720p,real,v2,20260823_154851_video_001_b4dc_flow_00000_prefix_5,prefix_5,0.000,0.194,0,5.000000,937.000000,187.400000,82.785506,213.000000,291.400000,0.048609,0.016590,0.056554,0.060797,5.000000,0.000000,937.000000,0.000000,25.715518,4819.088011,4.000000,1.250000,20.572414,0.000000
20260823_154851_video_001_b4dc_flow_00001,real_20260823_154851_video_001_b4dc,20260823_154851_video_001_b4dc,Video,env_win11_wifi,NORMAL,day_4,2026-08-23,batch_20260823_01,dev_win11_laptop,wifi,warp_enabled,vid_vimeo_720p,real,v2,20260823_154851_video_001_b4dc_flow_00001_prefix_5,prefix_5,0.000,0.055,0,5.000000,5903.000000,1180.600000,139.892244,1222.000000,1321.400000,0.013851,0.014821,0.008209,0.034424,5.000000,0.000000,5903.000000,0.000000,90.248419,106547.283430,1.000000,5.000000,18.049684,0.000000
20260823_155010_video_001_c5d9_flow_00000,real_20260823_155010_video_001_c5d9,20260823_155010_video_001_c5d9,Video,env_win11_wifi,NORMAL,day_4,2026-08-23,batch_20260823_01,dev_win11_laptop,wifi,warp_enabled,vid_netflix_4k,real,v2,20260823_155010_video_001_c5d9_flow_00000_prefix_5,prefix_5,0.000,0.018,0,5.000000,4505.000000,901.000000,322.792813,890.000000,1348.600000,0.004456,0.002147,0.005315,0.006257,5.000000,0.000000,4505.000000,0.000000,280.491422,252722.771104,1.000000,5.000000,56.098284,0.000000
20260823_155010_video_001_c5d9_flow_00001,real_20260823_155010_video_001_c5d9,20260823_155010_video_001_c5d9,Video,env_win11_wifi,NORMAL,day_4,2026-08-23,batch_20260823_01,dev_win11_laptop,wifi,warp_enabled,vid_netflix_4k,real,v2,20260823_155010_video_001_c5d9_flow_00001_prefix_5,prefix_5,0.000,0.189,0,5.000000,1254.000000,250.800000,76.185038,239.000000,355.000000,0.047203,0.054625,0.020918,0.123982,5.000000,0.000000,1254.000000,0.000000,26.481089,6641.457154,2.000000,2.500000,10.592436,0.000000
20260823_155216_video_001_1ce3_flow_00000,real_20260823_155216_video_001_1ce3,20260823_155216_video_001_1ce3,Video,env_win11_wifi,NORMAL,day_4,2026-08-23,batch_20260823_01,dev_win11_laptop,wifi,warp_enabled,vid_dailymotion_sd,real,v2,20260823_155216_video_001_1ce3_flow_00000_prefix_5,prefix_5,0.000,0.318,0,5.000000,1371.000000,274.200000,76.376436,229.000000,374.600000,0.079485,0.022023,0.079957,0.104870,5.000000,0.000000,1371.000000,0.000000,15.726262,4312.141148,5.000000,1.000000,15.726262,0.000000
20260823_155216_video_001_1ce3_flow_00001,real_20260823_155216_video_001_1ce3,20260823_155216_video_001_1ce3,Video,env_win11_wifi,NORMAL,day_4,2026-08-23,batch_20260823_01,dev_win11_laptop,wifi,warp_enabled,vid_dailymotion_sd,real,v2,20260823_155216_video_001_1ce3_flow_00001_prefix_5,prefix_5,0.000,0.516,0,5.000000,1639.000000,327.800000,122.303557,349.000000,459.400000,0.129119,0.098433,0.097140,0.263933,5.000000,0.000000,1639.000000,0.000000,9.681022,3173.439072,4.000000,1.250000,7.744818,0.000000
20260823_155349_messaging_001_f90a_flow_00000,real_20260823_155349_messaging_001_f90a,20260823_155349_messaging_001_f90a,Messaging,env_win11_wifi,NORMAL,day_4,2026-08-23,batch_20260823_01,dev_win11_laptop,wifi,warp_enabled,msg_whatsapp_web,real,v2,20260823_155349_messaging_001_f90a_flow_00000_prefix_5,prefix_5,0.000,0.066,0,5.000000,5827.000000,1165.400000,250.805582,1187.000000,1410.800000,0.016512,0.011018,0.017874,0.028342,5.000000,0.000000,5827.000000,0.000000,75.700692,88221.586579,1.000000,5.000000,15.140138,0.000000
20260823_155349_messaging_001_f90a_flow_00001,real_20260823_155349_messaging_001_f90a,20260823_155349_messaging_001_f90a,Messaging,env_win11_wifi,NORMAL,day_4,2026-08-23,batch_20260823_01,dev_win11_laptop,wifi,warp_enabled,msg_whatsapp_web,real,v2,20260823_155349_messaging_001_f90a_flow_00001_prefix_5,prefix_5,0.000,0.164,0,5.000000,1068.000000,213.600000,56.471586,221.000000,288.000000,0.040943,0.027699,0.037775,0.074822,5.000000,0.000000,1068.000000,0.000000,30.530409,6521.295335,3.000000,1.666667,18.318245,0.000000
20260823_155823_messaging_001_2056_flow_00000,real_20260823_155823_messaging_001_2056,20260823_155823_messaging_001_2056,Messaging,env_win11_wifi,NORMAL,day_4,2026-08-23,batch_20260823_01,dev_win11_laptop,wifi,warp_enabled,msg_slack_chat,real,v2,20260823_155823_messaging_001_2056_flow_00000_prefix_5,prefix_5,0.000,0.020,0,5.000000,1225.000000,245.000000,59.833101,230.000000,335.600000,0.004906,0.003321,0.005624,0.008195,5.000000,0.000000,1225.000000,0.000000,254.783497,62421.956698,1.000000,5.000000,50.956699,0.000000
20260823_155823_messaging_001_2056_flow_00001,real_20260823_155823_messaging_001_2056,20260823_155823_messaging_001_2056,Messaging,env_win11_wifi,NORMAL,day_4,2026-08-23,batch_20260823_01,dev_win11_laptop,wifi,warp_enabled,msg_slack_chat,real,v2,20260823_155823_messaging_001_2056_flow_00001_prefix_5,prefix_5,0.000,0.008,0,5.000000,6581.000000,1316.200000,141.019715,1420.000000,1420.000000,0.002075,0.002001,0.001273,0.004860,5.000000,0.000000,6581.000000,0.000000,602.335629,792794.155345,1.000000,5.000000,120.467126,0.000000
20260823_160152_messaging_001_2144_flow_00000,real_20260823_160152_messaging_001_2144,20260823_160152_messaging_001_2144,Messaging,env_win11_wifi,NORMAL,day_4,2026-08-23,batch_20260823_01,dev_win11_laptop,wifi,warp_enabled,msg_discord_text,real,v2,20260823_160152_messaging_001_2144_flow_00000_prefix_5,prefix_5,0.000,0.055,0,5.000000,920.000000,184.000000,77.905070,199.000000,270.000000,0.013698,0.010059,0.012130,0.026709,5.000000,0.000000,920.000000,0.000000,91.252558,16790.470637,1.000000,5.000000,18.250512,0.000000
20260823_160152_messaging_001_2144_flow_00001,real_20260823_160152_messaging_001_2144,20260823_160152_messaging_001_2144,Messaging,env_win11_wifi,NORMAL,day_4,2026-08-23,batch_20260823_01,dev_win11_laptop,wifi,warp_enabled,msg_discord_text,real,v2,20260823_160152_messaging_001_2144_flow_00001_prefix_5,prefix_5,0.000,0.023,0,5.000000,3874.000000,774.800000,285.086233,830.000000,1110.200000,0.005650,0.002554,0.006289,0.008113,5.000000,0.000000,3874.000000,0.000000,221.237488,171414.805790,1.000000,5.000000,44.247498,0.000000
20260823_160304_messaging_001_b4de_flow_00000,real_20260823_160304_messaging_001_b4de,20260823_160304_messaging_001_b4de,Messaging,env_win11_wifi,NORMAL,day_4,2026-08-23,batch_20260823_01,dev_win11_laptop,wifi,warp_enabled,msg_slack_chat,real,v2,20260823_160304_messaging_001_b4de_flow_00000_prefix_5,prefix_5,0.000,0.097,0,5.000000,1112.000000,222.400000,60.990491,211.000000,311.000000,0.024186,0.006805,0.025318,0.031569,5.000000,0.000000,1112.000000,0.000000,51.683418,11494.392191,1.000000,5.000000,10.336684,0.000000
20260823_160304_messaging_001_b4de_flow_00001,real_20260823_160304_messaging_001_b4de,20260823_160304_messaging_001_b4de,Messaging,env_win11_wifi,NORMAL,day_4,2026-08-23,batch_20260823_01,dev_win11_laptop,wifi,warp_enabled,msg_slack_chat,real,v2,20260823_160304_messaging_001_b4de_flow_00001_prefix_5,prefix_5,0.000,0.038,0,5.000000,6219.000000,1243.800000,243.368363,1350.000000,1420.000000,0.009410,0.005567,0.007573,0.016941,5.000000,0.000000,6219.000000,0.000000,132.842690,165229.737869,1.000000,5.000000,26.568538,0.000000
20260823_160438_messaging_001_3d1b_flow_00000,real_20260823_160438_messaging_001_3d1b,20260823_160438_messaging_001_3d1b,Messaging,env_win11_wifi,NORMAL,day_4,2026-08-23,batch_20260823_01,dev_win11_laptop,wifi,warp_enabled,msg_slack_chat,real,v2,20260823_160438_messaging_001_3d1b_flow_00000_prefix_5,prefix_5,0.000,0.012,0,5.000000,5074.000000,1014.800000,372.795601,1223.000000,1389.600000,0.002950,0.002913,0.002430,0.006569,5.000000,0.000000,5074.000000,0.000000,423.729823,430001.023874,1.000000,5.000000,84.745965,0.000000
20260823_160438_messaging_001_3d1b_flow_00001,real_20260823_160438_messaging_001_3d1b,20260823_160438_messaging_001_3d1b,Messaging,env_win11_wifi,NORMAL,day_4,2026-08-23,batch_20260823_01,dev_win11_laptop,wifi,warp_enabled,msg_slack_chat,real,v2,20260823_160438_messaging_001_3d1b_flow_00001_prefix_5,prefix_5,0.000,0.167,0,5.000000,990.000000,198.000000,56.963146,232.000000,250.400000,0.041712,0.025939,0.034550,0.076814,5.000000,0.000000,990.000000,0.000000,29.967190,5933.503592,2.000000,2.500000,11.986876,0.000000
20260823_160546_messaging_001_240e_flow_00000,real_20260823_160546_messaging_001_240e,20260823_160546_messaging_001_240e,Messaging,env_win11_wifi,NORMAL,day_4,2026-08-23,batch_20260823_01,dev_win11_laptop,wifi,warp_enabled,msg_discord_text,real,v2,20260823_160546_messaging_001_240e_flow_00000_prefix_5,prefix_5,0.000,0.023,0,5.000000,5890.000000,1178.000000,199.528444,1057.000000,1420.000000,0.005679,0.002840,0.005805,0.008642,5.000000,0.000000,5890.000000,0.000000,220.114175,259294.497701,1.000000,5.000000,44.022835,0.000000
20260823_160546_messaging_001_240e_flow_00001,real_20260823_160546_messaging_001_240e,20260823_160546_messaging_001_240e,Messaging,env_win11_wifi,NORMAL,day_4,2026-08-23,batch_20260823_01,dev_win11_laptop,wifi,warp_enabled,msg_discord_text,real,v2,20260823_160546_messaging_001_240e_flow_00001_prefix_5,prefix_5,0.000,0.130,0,5.000000,660.000000,132.000000,48.813932,156.000000,187.400000,0.032480,0.010911,0.030319,0.046967,5.000000,0.000000,660.000000,0.000000,38.484685,5079.978433,1.000000,5.000000,7.696937,0.000000
20260823_160655_messaging_001_72b1_flow_00000,real_20260823_160655_messaging_001_72b1,20260823_160655_messaging_001_72b1,Messaging,env_win11_wifi,NORMAL,day_4,2026-08-23,batch_20260823_01,dev_win11_laptop,wifi,warp_enabled,msg_telegram_sync,real,v2,20260823_160655_messaging_001_72b1_flow_00000_prefix_5,prefix_5,0.000,0.446,0,5.000000,654.000000,130.800000,47.528518,126.000000,192.000000,0.111435,0.084533,0.091582,0.225625,5.000000,0.000000,654.000000,0.000000,11.217271,1467.218996,4.000000,1.250000,8.973816,0.000000
20260823_160655_messaging_001_72b1_flow_00001,real_20260823_160655_messaging_001_72b1,20260823_160655_messaging_001_72b1,Messaging,env_win11_wifi,NORMAL,day_4,2026-08-23,batch_20260823_01,dev_win11_laptop,wifi,warp_enabled,msg_telegram_sync,real,v2,20260823_160655_messaging_001_72b1_flow_00001_prefix_5,prefix_5,0.000,0.131,0,5.000000,3930.000000,786.000000,226.854138,864.000000,1008.600000,0.032721,0.020727,0.031178,0.057767,5.000000,0.000000,3930.000000,0.000000,38.201525,30026.398355,2.000000,2.500000,15.280610,0.000000
20260823_160828_messaging_001_7f33_flow_00000,real_20260823_160828_messaging_001_7f33,20260823_160828_messaging_001_7f33,Messaging,env_win11_wifi,NORMAL,day_4,2026-08-23,batch_20260823_01,dev_win11_laptop,wifi,warp_enabled,msg_discord_text,real,v2,20260823_160828_messaging_001_7f33_flow_00000_prefix_5,prefix_5,0.000,0.394,0,5.000000,978.000000,195.600000,74.497248,202.000000,277.600000,0.098523,0.048124,0.098247,0.151150,5.000000,0.000000,978.000000,0.000000,12.687403,2481.656053,4.000000,1.250000,10.149923,0.000000
20260823_160828_messaging_001_7f33_flow_00001,real_20260823_160828_messaging_001_7f33,20260823_160828_messaging_001_7f33,Messaging,env_win11_wifi,NORMAL,day_4,2026-08-23,batch_20260823_01,dev_win11_laptop,wifi,warp_enabled,msg_discord_text,real,v2,20260823_160828_messaging_001_7f33_flow_00001_prefix_5,prefix_5,0.000,0.985,0,5.000000,1529.000000,305.800000,88.898594,301.000000,408.000000,0.246200,0.134080,0.260663,0.380727,5.000000,0.000000,1529.000000,0.000000,5.077171,1552.598766,5.000000,1.000000,5.077171,0.000000
20260823_160947_messaging_001_869a_flow_00000,real_20260823_160947_messaging_001_869a,20260823_160947_messaging_001_869a,Messaging,env_win11_wifi,NORMAL,day_4,2026-08-23,batch_20260823_01,dev_win11_laptop,wifi,warp_enabled,msg_telegram_sync,real,v2,20260823_160947_messaging_001_869a_flow_00000_prefix_5,prefix_5,0.000,0.593,0,5.000000,1114.000000,222.800000,72.947652,244.000000,286.200000,0.148191,0.211742,0.040864,0.446084,5.000000,0.000000,1114.000000,0.000000,8.435082,1879.336312,3.000000,1.666667,5.061049,0.000000
20260823_160947_messaging_001_869a_flow_00001,real_20260823_160947_messaging_001_869a,20260823_160947_messaging_001_869a,Messaging,env_win11_wifi,NORMAL,day_4,2026-08-23,batch_20260823_01,dev_win11_laptop,wifi,warp_enabled,msg_telegram_sync,real,v2,20260823_160947_messaging_001_869a_flow_00001_prefix_5,prefix_5,0.000,0.350,0,5.000000,1123.000000,224.600000,35.925478,215.000000,273.400000,0.087532,0.090411,0.053624,0.213407,5.000000,0.000000,1123.000000,0.000000,14.280441,3207.386958,3.000000,1.666667,8.568264,0.000000
20260823_161053_messaging_001_e319_flow_00000,real_20260823_161053_messaging_001_e319,20260823_161053_messaging_001_e319,Messaging,env_win11_wifi,NORMAL,day_4,2026-08-23,batch_20260823_01,dev_win11_laptop,wifi,warp_enabled,msg_whatsapp_web,real,v2,20260823_161053_messaging_001_e319_flow_00000_prefix_5,prefix_5,0.000,0.319,0,5.000000,1622.000000,324.400000,71.603352,343.000000,399.400000,0.079842,0.033061,0.089448,0.110490,5.000000,0.000000,1622.000000,0.000000,15.655903,5078.774951,4.000000,1.250000,12.524722,0.000000
20260823_161053_messaging_001_e319_flow_00001,real_20260823_161053_messaging_001_e319,20260823_161053_messaging_001_e319,Messaging,env_win11_wifi,NORMAL,day_4,2026-08-23,batch_20260823_01,dev_win11_laptop,wifi,warp_enabled,msg_whatsapp_web,real,v2,20260823_161053_messaging_001_e319_flow_00001_prefix_5,prefix_5,0.000,0.352,0,5.000000,1745.000000,349.000000,191.551560,374.000000,560.800000,0.088104,0.059082,0.071015,0.169078,5.000000,0.000000,1745.000000,0.000000,14.187841,4951.556406,4.000000,1.250000,11.350273,0.000000
20260823_161401_voip_001_b89f_flow_00000,real_20260823_161401_voip_001_b89f,20260823_161401_voip_001_b89f,VoIP,env_win11_wifi,NORMAL,day_4,2026-08-23,batch_20260823_01,dev_win11_laptop,wifi,warp_enabled,voip_skype_call,real,v2,20260823_161401_voip_001_b89f_flow_00000_prefix_5,prefix_5,0.000,0.804,0,5.000000,1935.000000,387.000000,143.998611,461.000000,488.400000,0.201059,0.112555,0.160711,0.357062,5.000000,0.000000,1935.000000,0.000000,6.217071,2406.006618,5.000000,1.000000,6.217071,0.000000
20260823_161401_voip_001_b89f_flow_00001,real_20260823_161401_voip_001_b89f,20260823_161401_voip_001_b89f,VoIP,env_win11_wifi,NORMAL,day_4,2026-08-23,batch_20260823_01,dev_win11_laptop,wifi,warp_enabled,voip_skype_call,real,v2,20260823_161401_voip_001_b89f_flow_00001_prefix_5,prefix_5,0.000,0.911,0,5.000000,915.000000,183.000000,127.488039,165.000000,334.600000,0.227725,0.234408,0.160720,0.539536,5.000000,0.000000,915.000000,0.000000,5.489066,1004.498995,3.000000,1.666667,3.293439,0.000000
20260823_161509_voip_001_9812_flow_00000,real_20260823_161509_voip_001_9812,20260823_161509_voip_001_9812,VoIP,env_win11_wifi,NORMAL,day_4,2026-08-23,batch_20260823_01,dev_win11_laptop,wifi,warp_enabled,voip_meet_audio,real,v2,20260823_161509_voip_001_9812_flow_00000_prefix_5,prefix_5,0.000,0.320,0,5.000000,1012.000000,202.400000,71.723357,201.000000,305.200000,0.079892,0.084453,0.049567,0.197234,5.000000,0.000000,1012.000000,0.000000,15.646146,3166.779865,3.000000,1.666667,9.387687,0.000000
20260823_161509_voip_001_9812_flow_00001,real_20260823_161509_voip_001_9812,20260823_161509_voip_001_9812,VoIP,env_win11_wifi,NORMAL,day_4,2026-08-23,batch_20260823_01,dev_win11_laptop,wifi,warp_enabled,voip_meet_audio,real,v2,20260823_161509_voip_001_9812_flow_00001_prefix_5,prefix_5,0.000,0.577,0,5.000000,1652.000000,330.400000,78.716199,309.000000,426.800000,0.144144,0.138224,0.095449,0.334108,5.000000,0.000000,1652.000000,0.000000,8.671869,2865.185584,3.000000,1.666667,5.203122,0.000000
20260823_161649_voip_001_c01e_flow_00000,real_20260823_161649_voip_001_c01e,20260823_161649_voip_001_c01e,VoIP,env_win11_wifi,NORMAL,day_4,2026-08-23,batch_20260823_01,dev_win11_laptop,wifi,warp_enabled,voip_teams_voice,real,v2,20260823_161649_voip_001_c01e_flow_00000_prefix_5,prefix_5,0.000,0.306,0,5.000000,1423.000000,284.600000,105.488578,251.000000,444.000000,0.076445,0.081006,0.046649,0.188676,5.000000,0.000000,1423.000000,0.000000,16.351576,4653.658461,3.000000,1.666667,9.810945,0.000000
20260823_161649_voip_001_c01e_flow_00001,real_20260823_161649_voip_001_c01e,20260823_161649_voip_001_c01e,VoIP,env_win11_wifi,NORMAL,day_4,2026-08-23,batch_20260823_01,dev_win11_laptop,wifi,warp_enabled,voip_teams_voice,real,v2,20260823_161649_voip_001_c01e_flow_00001_prefix_5,prefix_5,0.000,0.994,0,5.000000,854.000000,170.800000,43.268464,171.000000,217.000000,0.248575,0.190188,0.248962,0.455054,5.000000,0.000000,854.000000,0.000000,5.028665,858.896009,4.000000,1.250000,4.022932,0.000000
20260823_161758_voip_001_0549_flow_00000,real_20260823_161758_voip_001_0549,20260823_161758_voip_001_0549,VoIP,env_win11_wifi,NORMAL,day_4,2026-08-23,batch_20260823_01,dev_win11_laptop,wifi,warp_enabled,voip_meet_audio,real,v2,20260823_161758_voip_001_0549_flow_00000_prefix_5,prefix_5,0.000,0.539,0,5.000000,1133.000000,226.600000,86.317090,216.000000,325.000000,0.134638,0.103961,0.130866,0.260848,5.000000,0.000000,1133.000000,0.000000,9.284171,2103.793158,4.000000,1.250000,7.427337,0.000000
20260823_161758_voip_001_0549_flow_00001,real_20260823_161758_voip_001_0549,20260823_161758_voip_001_0549,VoIP,env_win11_wifi,NORMAL,day_4,2026-08-23,batch_20260823_01,dev_win11_laptop,wifi,warp_enabled,voip_meet_audio,real,v2,20260823_161758_voip_001_0549_flow_00001_prefix_5,prefix_5,0.000,1.023,0,5.000000,993.000000,198.600000,49.163401,235.000000,242.000000,0.255675,0.196751,0.180577,0.530134,5.000000,0.000000,993.000000,0.000000,4.889027,970.960686,5.000000,1.000000,4.889027,0.000000
20260823_161916_voip_001_7fd9_flow_00000,real_20260823_161916_voip_001_7fd9,20260823_161916_voip_001_7fd9,VoIP,env_win11_wifi,NORMAL,day_4,2026-08-23,batch_20260823_01,dev_win11_laptop,wifi,warp_enabled,voip_discord_voice,real,v2,20260823_161916_voip_001_7fd9_flow_00000_prefix_5,prefix_5,0.000,0.251,0,5.000000,2041.000000,408.200000,164.149200,328.000000,659.000000,0.062704,0.053865,0.035557,0.138217,5.000000,0.000000,2041.000000,0.000000,19.934817,8137.392283,2.000000,2.500000,7.973927,0.000000
20260823_161916_voip_001_7fd9_flow_00001,real_20260823_161916_voip_001_7fd9,20260823_161916_voip_001_7fd9,VoIP,env_win11_wifi,NORMAL,day_4,2026-08-23,batch_20260823_01,dev_win11_laptop,wifi,warp_enabled,voip_discord_voice,real,v2,20260823_161916_voip_001_7fd9_flow_00001_prefix_5,prefix_5,0.000,0.302,0,5.000000,1014.000000,202.800000,73.144788,209.000000,300.000000,0.075459,0.051699,0.080453,0.134365,5.000000,0.000000,1014.000000,0.000000,16.565184,3359.419268,4.000000,1.250000,13.252147,0.000000
20260823_162123_voip_001_51e2_flow_00000,real_20260823_162123_voip_001_51e2,20260823_162123_voip_001_51e2,VoIP,env_win11_wifi,NORMAL,day_4,2026-08-23,batch_20260823_01,dev_win11_laptop,wifi,warp_enabled,voip_discord_voice,real,v2,20260823_162123_voip_001_51e2_flow_00000_prefix_5,prefix_5,0.000,0.335,0,5.000000,1477.000000,295.400000,77.610824,283.000000,409.400000,0.083791,0.029293,0.082081,0.119555,5.000000,0.000000,1477.000000,0.000000,14.918104,4406.807809,4.000000,1.250000,11.934483,0.000000
20260823_162123_voip_001_51e2_flow_00001,real_20260823_162123_voip_001_51e2,20260823_162123_voip_001_51e2,VoIP,env_win11_wifi,NORMAL,day_4,2026-08-23,batch_20260823_01,dev_win11_laptop,wifi,warp_enabled,voip_discord_voice,real,v2,20260823_162123_voip_001_51e2_flow_00001_prefix_5,prefix_5,0.000,0.979,0,5.000000,1464.000000,292.800000,90.962410,330.000000,387.200000,0.244716,0.178962,0.257962,0.445304,5.000000,0.000000,1464.000000,0.000000,5.107955,1495.609262,4.000000,1.250000,4.086364,0.000000
20260823_162302_voip_001_6194_flow_00000,real_20260823_162302_voip_001_6194,20260823_162302_voip_001_6194,VoIP,env_win11_wifi,NORMAL,day_4,2026-08-23,batch_20260823_01,dev_win11_laptop,wifi,warp_enabled,voip_discord_voice,real,v2,20260823_162302_voip_001_6194_flow_00000_prefix_5,prefix_5,0.000,0.449,0,5.000000,1819.000000,363.800000,148.983758,425.000000,517.200000,0.112333,0.087157,0.084160,0.232640,5.000000,0.000000,1819.000000,0.000000,11.127591,4048.217709,4.000000,1.250000,8.902073,0.000000
20260823_162302_voip_001_6194_flow_00001,real_20260823_162302_voip_001_6194,20260823_162302_voip_001_6194,VoIP,env_win11_wifi,NORMAL,day_4,2026-08-23,batch_20260823_01,dev_win11_laptop,wifi,warp_enabled,voip_discord_voice,real,v2,20260823_162302_voip_001_6194_flow_00001_prefix_5,prefix_5,0.000,0.438,0,5.000000,1017.000000,203.400000,70.550974,188.000000,306.000000,0.109501,0.094491,0.116133,0.204966,5.000000,0.000000,1017.000000,0.000000,11.415433,2321.899048,3.000000,1.666667,6.849260,0.000000
20260823_162426_voip_001_9219_flow_00000,real_20260823_162426_voip_001_9219,20260823_162426_voip_001_9219,VoIP,env_win11_wifi,NORMAL,day_4,2026-08-23,batch_20260823_01,dev_win11_laptop,wifi,warp_enabled,voip_meet_audio,real,v2,20260823_162426_voip_001_9219_flow_00000_prefix_5,prefix_5,0.000,0.542,0,5.000000,1123.000000,224.600000,107.628249,236.000000,337.600000,0.135450,0.158877,0.060779,0.357366,5.000000,0.000000,1123.000000,0.000000,9.228495,2072.720080,4.000000,1.250000,7.382796,0.000000
20260823_162426_voip_001_9219_flow_00001,real_20260823_162426_voip_001_9219,20260823_162426_voip_001_9219,VoIP,env_win11_wifi,NORMAL,day_4,2026-08-23,batch_20260823_01,dev_win11_laptop,wifi,warp_enabled,voip_meet_audio,real,v2,20260823_162426_voip_001_9219_flow_00001_prefix_5,prefix_5,0.000,0.406,0,5.000000,1518.000000,303.600000,41.127120,277.000000,356.200000,0.101391,0.066303,0.101282,0.182233,5.000000,0.000000,1518.000000,0.000000,12.328475,3742.925077,4.000000,1.250000,9.862780,0.000000
20260823_162544_voip_001_9fd7_flow_00000,real_20260823_162544_voip_001_9fd7,20260823_162544_voip_001_9fd7,VoIP,env_win11_wifi,NORMAL,day_4,2026-08-23,batch_20260823_01,dev_win11_laptop,wifi,warp_enabled,voip_zoom_audio,real,v2,20260823_162544_voip_001_9fd7_flow_00000_prefix_5,prefix_5,0.000,0.567,0,5.000000,768.000000,153.600000,19.189581,163.000000,166.800000,0.141773,0.091504,0.120953,0.264491,5.000000,0.000000,768.000000,0.000000,8.816933,1354.280982,4.000000,1.250000,7.053547,0.000000
20260823_162544_voip_001_9fd7_flow_00001,real_20260823_162544_voip_001_9fd7,20260823_162544_voip_001_9fd7,VoIP,env_win11_wifi,NORMAL,day_4,2026-08-23,batch_20260823_01,dev_win11_laptop,wifi,warp_enabled,voip_zoom_audio,real,v2,20260823_162544_voip_001_9fd7_flow_00001_prefix_5,prefix_5,0.000,0.285,0,5.000000,1804.000000,360.800000,41.604807,370.000000,402.800000,0.071326,0.040243,0.065078,0.122493,5.000000,0.000000,1804.000000,0.000000,17.525164,6323.079314,3.000000,1.666667,10.515099,0.000000
20260823_162704_voip_001_571e_flow_00000,real_20260823_162704_voip_001_571e,20260823_162704_voip_001_571e,VoIP,env_win11_wifi,NORMAL,day_4,2026-08-23,batch_20260823_01,dev_win11_laptop,wifi,warp_enabled,voip_teams_voice,real,v2,20260823_162704_voip_001_571e_flow_00000_prefix_5,prefix_5,0.000,0.226,0,5.000000,1281.000000,256.200000,73.322302,250.000000,361.800000,0.056396,0.033809,0.051651,0.100137,5.000000,0.000000,1281.000000,0.000000,22.164534,5678.553721,4.000000,1.250000,17.731628,0.000000
20260823_162704_voip_001_571e_flow_00001,real_20260823_162704_voip_001_571e,20260823_162704_voip_001_571e,VoIP,env_win11_wifi,NORMAL,day_4,2026-08-23,batch_20260823_01,dev_win11_laptop,wifi,warp_enabled,voip_teams_voice,real,v2,20260823_162704_voip_001_571e_flow_00001_prefix_5,prefix_5,0.000,0.709,0,5.000000,841.000000,168.200000,45.988694,199.000000,209.000000,0.177326,0.125118,0.187898,0.312837,5.000000,0.000000,841.000000,0.000000,7.049177,1185.671601,4.000000,1.250000,5.639342,0.000000
20260823_162946_file_transfer_001_5b75_flow_00000,real_20260823_162946_file_transfer_001_5b75,20260823_162946_file_transfer_001_5b75,File Transfer,env_win11_wifi,NORMAL,day_4,2026-08-23,batch_20260823_01,dev_win11_laptop,wifi,warp_enabled,ft_mega_download,real,v2,20260823_162946_file_transfer_001_5b75_flow_00000_prefix_5,prefix_5,0.000,0.400,0,5.000000,1355.000000,271.000000,92.132513,328.000000,365.800000,0.100081,0.104053,0.049550,0.246373,5.000000,0.000000,1355.000000,0.000000,12.489879,3384.757181,3.000000,1.666667,7.493927,0.000000
20260823_162946_file_transfer_001_5b75_flow_00001,real_20260823_162946_file_transfer_001_5b75,20260823_162946_file_transfer_001_5b75,File Transfer,env_win11_wifi,NORMAL,day_4,2026-08-23,batch_20260823_01,dev_win11_laptop,wifi,warp_enabled,ft_mega_download,real,v2,20260823_162946_file_transfer_001_5b75_flow_00001_prefix_5,prefix_5,0.000,0.549,0,5.000000,1218.000000,243.600000,101.635820,268.000000,373.800000,0.137338,0.029607,0.141522,0.169542,5.000000,0.000000,1218.000000,0.000000,9.101605,2217.150997,5.000000,1.000000,9.101605,0.000000
20260823_163126_file_transfer_001_bea6_flow_00000,real_20260823_163126_file_transfer_001_bea6,20260823_163126_file_transfer_001_bea6,File Transfer,env_win11_wifi,NORMAL,day_4,2026-08-23,batch_20260823_01,dev_win11_laptop,wifi,warp_enabled,ft_gdrive_upload,real,v2,20260823_163126_file_transfer_001_bea6_flow_00000_prefix_5,prefix_5,0.000,0.211,0,5.000000,1173.000000,234.600000,60.244834,211.000000,326.400000,0.052734,0.081368,0.006756,0.165943,5.000000,0.000000,1173.000000,0.000000,23.703804,5560.912335,2.000000,2.500000,9.481521,0.000000
20260823_163126_file_transfer_001_bea6_flow_00001,real_20260823_163126_file_transfer_001_bea6,20260823_163126_file_transfer_001_bea6,File Transfer,env_win11_wifi,NORMAL,day_4,2026-08-23,batch_20260823_01,dev_win11_laptop,wifi,warp_enabled,ft_gdrive_upload,real,v2,20260823_163126_file_transfer_001_bea6_flow_00001_prefix_5,prefix_5,0.000,1.444,0,5.000000,730.000000,146.000000,48.846699,114.000000,220.800000,0.361085,0.094294,0.383369,0.456789,5.000000,0.000000,730.000000,0.000000,3.461791,505.421433,5.000000,1.000000,3.461791,0.000000
20260823_163237_file_transfer_001_390f_flow_00000,real_20260823_163237_file_transfer_001_390f,20260823_163237_file_transfer_001_390f,File Transfer,env_win11_wifi,NORMAL,day_4,2026-08-23,batch_20260823_01,dev_win11_laptop,wifi,warp_enabled,ft_sftp_sync,real,v2,20260823_163237_file_transfer_001_390f_flow_00000_prefix_5,prefix_5,0.000,0.454,0,5.000000,1031.000000,206.200000,36.118693,229.000000,240.000000,0.113391,0.035636,0.102734,0.162221,5.000000,0.000000,1031.000000,0.000000,11.023828,2273.113411,5.000000,1.000000,11.023828,0.000000
20260823_163237_file_transfer_001_390f_flow_00001,real_20260823_163237_file_transfer_001_390f,20260823_163237_file_transfer_001_390f,File Transfer,env_win11_wifi,NORMAL,day_4,2026-08-23,batch_20260823_01,dev_win11_laptop,wifi,warp_enabled,ft_sftp_sync,real,v2,20260823_163237_file_transfer_001_390f_flow_00001_prefix_5,prefix_5,0.000,0.630,0,5.000000,1194.000000,238.800000,61.235284,267.000000,293.000000,0.157538,0.220511,0.041957,0.465536,5.000000,0.000000,1194.000000,0.000000,7.934594,1894.781097,3.000000,1.666667,4.760757,0.000000
20260823_163447_file_transfer_001_d03c_flow_00000,real_20260823_163447_file_transfer_001_d03c,20260823_163447_file_transfer_001_d03c,File Transfer,env_win11_wifi,NORMAL,day_4,2026-08-23,batch_20260823_01,dev_win11_laptop,wifi,warp_enabled,ft_gdrive_upload,real,v2,20260823_163447_file_transfer_001_d03c_flow_00000_prefix_5,prefix_5,0.000,0.315,0,5.000000,1341.000000,268.200000,73.871239,250.000000,380.000000,0.078774,0.068669,0.052534,0.173988,5.000000,0.000000,1341.000000,0.000000,15.868126,4255.831266,3.000000,1.666667,9.520875,0.000000
20260823_163447_file_transfer_001_d03c_flow_00001,real_20260823_163447_file_transfer_001_d03c,20260823_163447_file_transfer_001_d03c,File Transfer,env_win11_wifi,NORMAL,day_4,2026-08-23,batch_20260823_01,dev_win11_laptop,wifi,warp_enabled,ft_gdrive_upload,real,v2,20260823_163447_file_transfer_001_d03c_flow_00001_prefix_5,prefix_5,0.000,0.689,0,5.000000,1063.000000,212.600000,80.437802,219.000000,296.400000,0.172147,0.160343,0.082694,0.395464,5.000000,0.000000,1063.000000,0.000000,7.261241,1543.739752,5.000000,1.000000,7.261241,0.000000
20260823_163557_file_transfer_001_aa30_flow_00000,real_20260823_163557_file_transfer_001_aa30,20260823_163557_file_transfer_001_aa30,File Transfer,env_win11_wifi,NORMAL,day_4,2026-08-23,batch_20260823_01,dev_win11_laptop,wifi,warp_enabled,ft_onedrive_sync,real,v2,20260823_163557_file_transfer_001_aa30_flow_00000_prefix_5,prefix_5,0.000,1.009,0,5.000000,1393.000000,278.600000,82.654945,268.000000,373.200000,0.252270,0.102968,0.286244,0.347027,5.000000,0.000000,1393.000000,0.000000,4.955010,1380.465664,5.000000,1.000000,4.955010,0.000000
20260823_163557_file_transfer_001_aa30_flow_00001,real_20260823_163557_file_transfer_001_aa30,20260823_163557_file_transfer_001_aa30,File Transfer,env_win11_wifi,NORMAL,day_4,2026-08-23,batch_20260823_01,dev_win11_laptop,wifi,warp_enabled,ft_onedrive_sync,real,v2,20260823_163557_file_transfer_001_aa30_flow_00001_prefix_5,prefix_5,0.000,1.304,0,5.000000,807.000000,161.400000,23.044305,170.000000,187.600000,0.326078,0.229164,0.293953,0.596565,5.000000,0.000000,807.000000,0.000000,3.833442,618.717484,5.000000,1.000000,3.833442,0.000000
20260823_163704_file_transfer_001_2090_flow_00000,real_20260823_163704_file_transfer_001_2090,20260823_163704_file_transfer_001_2090,File Transfer,env_win11_wifi,NORMAL,day_4,2026-08-23,batch_20260823_01,dev_win11_laptop,wifi,warp_enabled,ft_onedrive_sync,real,v2,20260823_163704_file_transfer_001_2090_flow_00000_prefix_5,prefix_5,0.000,0.239,0,5.000000,1442.000000,288.400000,144.135492,223.000000,461.600000,0.059777,0.031439,0.055038,0.100863,5.000000,0.000000,1442.000000,0.000000,20.911202,6030.790621,4.000000,1.250000,16.728962,0.000000
20260823_163704_file_transfer_001_2090_flow_00001,real_20260823_163704_file_transfer_001_2090,20260823_163704_file_transfer_001_2090,File Transfer,env_win11_wifi,NORMAL,day_4,2026-08-23,batch_20260823_01,dev_win11_laptop,wifi,warp_enabled,ft_onedrive_sync,real,v2,20260823_163704_file_transfer_001_2090_flow_00001_prefix_5,prefix_5,0.000,0.860,0,5.000000,861.000000,172.200000,69.063449,184.000000,259.400000,0.215000,0.192344,0.142631,0.480757,5.000000,0.000000,861.000000,0.000000,5.813955,1001.163005,4.000000,1.250000,4.651164,0.000000
20260823_163829_file_transfer_001_a40b_flow_00000,real_20260823_163829_file_transfer_001_a40b,20260823_163829_file_transfer_001_a40b,File Transfer,env_win11_wifi,NORMAL,day_4,2026-08-23,batch_20260823_01,dev_win11_laptop,wifi,warp_enabled,ft_dropbox_download,real,v2,20260823_163829_file_transfer_001_a40b_flow_00000_prefix_5,prefix_5,0.000,0.378,0,5.000000,1100.000000,220.000000,62.979362,187.000000,316.200000,0.094511,0.073752,0.087491,0.188846,5.000000,0.000000,1100.000000,0.000000,13.225955,2909.710130,4.000000,1.250000,10.580764,0.000000
20260823_163829_file_transfer_001_a40b_flow_00001,real_20260823_163829_file_transfer_001_a40b,20260823_163829_file_transfer_001_a40b,File Transfer,env_win11_wifi,NORMAL,day_4,2026-08-23,batch_20260823_01,dev_win11_laptop,wifi,warp_enabled,ft_dropbox_download,real,v2,20260823_163829_file_transfer_001_a40b_flow_00001_prefix_5,prefix_5,0.000,0.271,0,5.000000,1251.000000,250.200000,61.271200,236.000000,342.400000,0.067733,0.061429,0.055715,0.147828,5.000000,0.000000,1251.000000,0.000000,18.454905,4617.417240,3.000000,1.666667,11.072943,0.000000
20260823_163936_file_transfer_001_3420_flow_00000,real_20260823_163936_file_transfer_001_3420,20260823_163936_file_transfer_001_3420,File Transfer,env_win11_wifi,NORMAL,day_4,2026-08-23,batch_20260823_01,dev_win11_laptop,wifi,warp_enabled,ft_onedrive_sync,real,v2,20260823_163936_file_transfer_001_3420_flow_00000_prefix_5,prefix_5,0.000,0.508,0,5.000000,1930.000000,386.000000,118.502321,377.000000,557.000000,0.127122,0.017986,0.127181,0.149002,5.000000,0.000000,1930.000000,0.000000,9.833061,3795.561701,5.000000,1.000000,9.833061,0.000000
20260823_163936_file_transfer_001_3420_flow_00001,real_20260823_163936_file_transfer_001_3420,20260823_163936_file_transfer_001_3420,File Transfer,env_win11_wifi,NORMAL,day_4,2026-08-23,batch_20260823_01,dev_win11_laptop,wifi,warp_enabled,ft_onedrive_sync,real,v2,20260823_163936_file_transfer_001_3420_flow_00001_prefix_5,prefix_5,0.000,0.365,0,5.000000,1092.000000,218.400000,46.910980,241.000000,269.400000,0.091250,0.113854,0.030702,0.251051,5.000000,0.000000,1092.000000,0.000000,13.698595,2991.773174,2.000000,2.500000,5.479438,0.000000
20260823_164056_file_transfer_001_1a06_flow_00000,real_20260823_164056_file_transfer_001_1a06,20260823_164056_file_transfer_001_1a06,File Transfer,env_win11_wifi,NORMAL,day_4,2026-08-23,batch_20260823_01,dev_win11_laptop,wifi,warp_enabled,ft_sftp_sync,real,v2,20260823_164056_file_transfer_001_1a06_flow_00000_prefix_5,prefix_5,0.000,0.617,0,5.000000,1381.000000,276.200000,54.653088,269.000000,352.200000,0.154352,0.219535,0.029360,0.459067,5.000000,0.000000,1381.000000,0.000000,8.098369,2236.769411,2.000000,2.500000,3.239347,0.000000
20260823_164056_file_transfer_001_1a06_flow_00001,real_20260823_164056_file_transfer_001_1a06,20260823_164056_file_transfer_001_1a06,File Transfer,env_win11_wifi,NORMAL,day_4,2026-08-23,batch_20260823_01,dev_win11_laptop,wifi,warp_enabled,ft_sftp_sync,real,v2,20260823_164056_file_transfer_001_1a06_flow_00001_prefix_5,prefix_5,0.000,0.544,0,5.000000,783.000000,156.600000,34.418600,171.000000,190.600000,0.135915,0.172148,0.055849,0.377909,5.000000,0.000000,783.000000,0.000000,9.196926,1440.238607,3.000000,1.666667,5.518156,0.000000
20260823_164203_file_transfer_001_0aa3_flow_00000,real_20260823_164203_file_transfer_001_0aa3,20260823_164203_file_transfer_001_0aa3,File Transfer,env_win11_wifi,NORMAL,day_4,2026-08-23,batch_20260823_01,dev_win11_laptop,wifi,warp_enabled,ft_mega_download,real,v2,20260823_164203_file_transfer_001_0aa3_flow_00000_prefix_5,prefix_5,0.000,0.769,0,5.000000,1250.000000,250.000000,41.665333,255.000000,297.400000,0.192208,0.168189,0.145611,0.422087,5.000000,0.000000,1250.000000,0.000000,6.503358,1625.839561,4.000000,1.250000,5.202687,0.000000
20260823_164203_file_transfer_001_0aa3_flow_00001,real_20260823_164203_file_transfer_001_0aa3,20260823_164203_file_transfer_001_0aa3,File Transfer,env_win11_wifi,NORMAL,day_4,2026-08-23,batch_20260823_01,dev_win11_laptop,wifi,warp_enabled,ft_mega_download,real,v2,20260823_164203_file_transfer_001_0aa3_flow_00001_prefix_5,prefix_5,0.000,0.375,0,5.000000,847.000000,169.400000,63.550295,130.000000,255.800000,0.093795,0.076170,0.068896,0.199054,5.000000,0.000000,847.000000,0.000000,13.326890,2257.575186,4.000000,1.250000,10.661512,0.000000
20260823_164647_other_001_d4e4_flow_00000,real_20260823_164647_other_001_d4e4,20260823_164647_other_001_d4e4,Other,env_win11_wifi,NORMAL,day_4,2026-08-23,batch_20260823_01,dev_win11_laptop,wifi,warp_enabled,oth_idle_keepalive,real,v2,20260823_164647_other_001_d4e4_flow_00000_prefix_5,prefix_5,0.000,0.451,0,5.000000,971.000000,194.200000,36.847795,203.000000,237.000000,0.112663,0.056347,0.122887,0.171091,5.000000,0.000000,971.000000,0.000000,11.094996,2154.648167,4.000000,1.250000,8.875997,0.000000
20260823_164647_other_001_d4e4_flow_00001,real_20260823_164647_other_001_d4e4,20260823_164647_other_001_d4e4,Other,env_win11_wifi,NORMAL,day_4,2026-08-23,batch_20260823_01,dev_win11_laptop,wifi,warp_enabled,oth_idle_keepalive,real,v2,20260823_164647_other_001_d4e4_flow_00001_prefix_5,prefix_5,0.000,0.267,0,5.000000,1591.000000,318.200000,77.067243,316.000000,406.800000,0.066823,0.058078,0.059666,0.139330,5.000000,0.000000,1591.000000,0.000000,18.706028,5952.258084,3.000000,1.666667,11.223617,0.000000
20260823_164826_other_001_eac8_flow_00000,real_20260823_164826_other_001_eac8,20260823_164826_other_001_eac8,Other,env_win11_wifi,NORMAL,day_4,2026-08-23,batch_20260823_01,dev_win11_laptop,wifi,warp_enabled,oth_cloud_backup,real,v2,20260823_164826_other_001_eac8_flow_00000_prefix_5,prefix_5,0.000,0.981,0,5.000000,741.000000,148.200000,42.855105,127.000000,206.800000,0.245194,0.116685,0.230132,0.385080,5.000000,0.000000,741.000000,0.000000,5.097994,755.522746,5.000000,1.000000,5.097994,0.000000
20260823_164826_other_001_eac8_flow_00001,real_20260823_164826_other_001_eac8,20260823_164826_other_001_eac8,Other,env_win11_wifi,NORMAL,day_4,2026-08-23,batch_20260823_01,dev_win11_laptop,wifi,warp_enabled,oth_cloud_backup,real,v2,20260823_164826_other_001_eac8_flow_00001_prefix_5,prefix_5,0.000,0.497,0,5.000000,1533.000000,306.600000,29.343483,303.000000,349.600000,0.124326,0.057695,0.132715,0.185695,5.000000,0.000000,1533.000000,0.000000,10.054188,3082.613898,4.000000,1.250000,8.043350,0.000000
20260823_164938_other_001_7ffe_flow_00000,real_20260823_164938_other_001_7ffe,20260823_164938_other_001_7ffe,Other,env_win11_wifi,NORMAL,day_4,2026-08-23,batch_20260823_01,dev_win11_laptop,wifi,warp_enabled,oth_dns_ntp_sync,real,v2,20260823_164938_other_001_7ffe_flow_00000_prefix_5,prefix_5,0.000,0.150,0,5.000000,2028.000000,405.600000,30.806493,411.000000,439.200000,0.037378,0.026333,0.027624,0.073821,5.000000,0.000000,2028.000000,0.000000,33.442277,13564.187435,2.000000,2.500000,13.376911,0.000000
20260823_164938_other_001_7ffe_flow_00001,real_20260823_164938_other_001_7ffe,20260823_164938_other_001_7ffe,Other,env_win11_wifi,NORMAL,day_4,2026-08-23,batch_20260823_01,dev_win11_laptop,wifi,warp_enabled,oth_dns_ntp_sync,real,v2,20260823_164938_other_001_7ffe_flow_00001_prefix_5,prefix_5,0.000,0.449,0,5.000000,1476.000000,295.200000,108.764700,303.000000,430.200000,0.112254,0.070036,0.089908,0.207445,5.000000,0.000000,1476.000000,0.000000,11.135434,3287.180168,4.000000,1.250000,8.908347,0.000000
20260823_165157_other_001_2876_flow_00000,real_20260823_165157_other_001_2876,20260823_165157_other_001_2876,Other,env_win11_wifi,NORMAL,day_4,2026-08-23,batch_20260823_01,dev_win11_laptop,wifi,warp_enabled,oth_os_update_check,real,v2,20260823_165157_other_001_2876_flow_00000_prefix_5,prefix_5,0.000,0.613,0,5.000000,2736.000000,547.200000,184.403254,420.000000,784.000000,0.153357,0.039679,0.167008,0.189016,5.000000,0.000000,2736.000000,0.000000,8.150898,4460.171357,5.000000,1.000000,8.150898,0.000000
20260823_165157_other_001_2876_flow_00001,real_20260823_165157_other_001_2876,20260823_165157_other_001_2876,Other,env_win11_wifi,NORMAL,day_4,2026-08-23,batch_20260823_01,dev_win11_laptop,wifi,warp_enabled,oth_os_update_check,real,v2,20260823_165157_other_001_2876_flow_00001_prefix_5,prefix_5,0.000,0.621,0,5.000000,1476.000000,295.200000,28.435189,304.000000,329.800000,0.155288,0.101100,0.159170,0.272054,5.000000,0.000000,1476.000000,0.000000,8.049553,2376.228046,4.000000,1.250000,6.439642,0.000000
20260823_165837_other_001_2277_flow_00000,real_20260823_165837_other_001_2277,20260823_165837_other_001_2277,Other,env_win11_wifi,NORMAL,day_4,2026-08-23,batch_20260823_01,dev_win11_laptop,wifi,warp_enabled,oth_dns_ntp_sync,real,v2,20260823_165837_other_001_2277_flow_00000_prefix_5,prefix_5,0.000,0.187,0,5.000000,2282.000000,456.400000,83.115823,456.000000,561.800000,0.046849,0.061900,0.016791,0.133872,5.000000,0.000000,2282.000000,0.000000,26.681358,12177.371857,2.000000,2.500000,10.672543,0.000000
20260823_165837_other_001_2277_flow_00001,real_20260823_165837_other_001_2277,20260823_165837_other_001_2277,Other,env_win11_wifi,NORMAL,day_4,2026-08-23,batch_20260823_01,dev_win11_laptop,wifi,warp_enabled,oth_dns_ntp_sync,real,v2,20260823_165837_other_001_2277_flow_00001_prefix_5,prefix_5,0.000,0.394,0,5.000000,1323.000000,264.600000,64.136105,254.000000,340.000000,0.098393,0.048430,0.107260,0.147545,5.000000,0.000000,1323.000000,0.000000,12.704171,3361.523607,4.000000,1.250000,10.163337,0.000000
20260823_170006_other_001_2088_flow_00000,real_20260823_170006_other_001_2088,20260823_170006_other_001_2088,Other,env_win11_wifi,NORMAL,day_4,2026-08-23,batch_20260823_01,dev_win11_laptop,wifi,warp_enabled,oth_cloud_backup,real,v2,20260823_170006_other_001_2088_flow_00000_prefix_5,prefix_5,0.000,0.781,0,5.000000,2128.000000,425.600000,273.109941,253.000000,816.400000,0.195349,0.126255,0.127405,0.371054,5.000000,0.000000,2128.000000,0.000000,6.398793,2723.326111,5.000000,1.000000,6.398793,0.000000
20260823_170006_other_001_2088_flow_00001,real_20260823_170006_other_001_2088,20260823_170006_other_001_2088,Other,env_win11_wifi,NORMAL,day_4,2026-08-23,batch_20260823_01,dev_win11_laptop,wifi,warp_enabled,oth_cloud_backup,real,v2,20260823_170006_other_001_2088_flow_00001_prefix_5,prefix_5,0.000,0.142,0,5.000000,1394.000000,278.800000,85.208920,285.000000,396.400000,0.035590,0.006799,0.035463,0.043774,5.000000,0.000000,1394.000000,0.000000,35.122678,9792.202496,1.000000,5.000000,7.024536,0.000000
20260823_170113_other_001_b130_flow_00000,real_20260823_170113_other_001_b130,20260823_170113_other_001_b130,Other,env_win11_wifi,NORMAL,day_4,2026-08-23,batch_20260823_01,dev_win11_laptop,wifi,warp_enabled,oth_dns_ntp_sync,real,v2,20260823_170113_other_001_b130_flow_00000_prefix_5,prefix_5,0.000,0.061,0,5.000000,2394.000000,478.800000,177.792463,498.000000,665.200000,0.015134,0.007341,0.012569,0.025167,5.000000,0.000000,2394.000000,0.000000,82.593079,39545.566010,1.000000,5.000000,16.518616,0.000000
20260823_170113_other_001_b130_flow_00001,real_20260823_170113_other_001_b130,20260823_170113_other_001_b130,Other,env_win11_wifi,NORMAL,day_4,2026-08-23,batch_20260823_01,dev_win11_laptop,wifi,warp_enabled,oth_dns_ntp_sync,real,v2,20260823_170113_other_001_b130_flow_00001_prefix_5,prefix_5,0.000,0.100,0,5.000000,2489.000000,497.800000,179.190848,541.000000,686.400000,0.025052,0.006190,0.024170,0.032484,5.000000,0.000000,2489.000000,0.000000,49.896300,24838.377907,1.000000,5.000000,9.979260,0.000000
20260823_170246_other_001_fe56_flow_00000,real_20260823_170246_other_001_fe56,20260823_170246_other_001_fe56,Other,env_win11_wifi,NORMAL,day_4,2026-08-23,batch_20260823_01,dev_win11_laptop,wifi,warp_enabled,oth_os_update_check,real,v2,20260823_170246_other_001_fe56_flow_00000_prefix_5,prefix_5,0.000,0.744,0,5.000000,1041.000000,208.200000,71.120742,235.000000,292.600000,0.185945,0.151287,0.129645,0.395337,5.000000,0.000000,1041.000000,0.000000,6.722423,1399.608435,5.000000,1.000000,6.722423,0.000000
20260823_170246_other_001_fe56_flow_00001,real_20260823_170246_other_001_fe56,20260823_170246_other_001_fe56,Other,env_win11_wifi,NORMAL,day_4,2026-08-23,batch_20260823_01,dev_win11_laptop,wifi,warp_enabled,oth_os_update_check,real,v2,20260823_170246_other_001_fe56_flow_00001_prefix_5,prefix_5,0.000,0.133,0,5.000000,1083.000000,216.600000,46.834176,210.000000,278.400000,0.033201,0.025721,0.033473,0.062719,5.000000,0.000000,1083.000000,0.000000,37.649811,8154.949162,3.000000,1.666667,22.589887,0.000000
20260823_170246_other_001_fe56_flow_00003,real_20260823_170246_other_001_fe56,20260823_170246_other_001_fe56,Other,env_win11_wifi,NORMAL,day_4,2026-08-23,batch_20260823_01,dev_win11_laptop,wifi,warp_enabled,oth_os_update_check,real,v2,20260823_170246_other_001_fe56_flow_00003_prefix_5,prefix_5,0.000,1.699,0,5.000000,449.000000,89.800000,24.620317,101.000000,116.200000,0.424627,0.137600,0.354714,0.617254,5.000000,0.000000,449.000000,0.000000,2.943760,264.349661,5.000000,1.000000,2.943760,0.000000
20260823_170352_other_001_facf_flow_00000,real_20260823_170352_other_001_facf,20260823_170352_other_001_facf,Other,env_win11_wifi,NORMAL,day_4,2026-08-23,batch_20260823_01,dev_win11_laptop,wifi,warp_enabled,oth_cloud_backup,real,v2,20260823_170352_other_001_facf_flow_00000_prefix_5,prefix_5,0.000,0.599,0,5.000000,2603.000000,520.600000,92.690021,550.000000,633.000000,0.149799,0.087680,0.132147,0.263089,5.000000,0.000000,2603.000000,0.000000,8.344511,4344.152522,5.000000,1.000000,8.344511,0.000000
20260823_170352_other_001_facf_flow_00001,real_20260823_170352_other_001_facf,20260823_170352_other_001_facf,Other,env_win11_wifi,NORMAL,day_4,2026-08-23,batch_20260823_01,dev_win11_laptop,wifi,warp_enabled,oth_cloud_backup,real,v2,20260823_170352_other_001_facf_flow_00001_prefix_5,prefix_5,0.000,0.393,0,5.000000,1150.000000,230.000000,59.221618,258.000000,266.400000,0.098248,0.059233,0.094852,0.172736,5.000000,0.000000,1150.000000,0.000000,12.722927,2926.273222,4.000000,1.250000,10.178342,0.000000
20260823_170458_other_001_aa7d_flow_00000,real_20260823_170458_other_001_aa7d,20260823_170458_other_001_aa7d,Other,env_win11_wifi,NORMAL,day_4,2026-08-23,batch_20260823_01,dev_win11_laptop,wifi,warp_enabled,oth_cloud_backup,real,v2,20260823_170458_other_001_aa7d_flow_00000_prefix_5,prefix_5,0.000,0.068,0,5.000000,4128.000000,825.600000,224.463449,779.000000,1164.200000,0.016920,0.012247,0.012693,0.033731,5.000000,0.000000,4128.000000,0.000000,73.876043,60992.061000,1.000000,5.000000,14.775209,0.000000
20260823_170458_other_001_aa7d_flow_00001,real_20260823_170458_other_001_aa7d,20260823_170458_other_001_aa7d,Other,env_win11_wifi,NORMAL,day_4,2026-08-23,batch_20260823_01,dev_win11_laptop,wifi,warp_enabled,oth_cloud_backup,real,v2,20260823_170458_other_001_aa7d_flow_00001_prefix_5,prefix_5,0.000,0.474,0,5.000000,1604.000000,320.800000,110.586437,388.000000,410.000000,0.118622,0.098195,0.122246,0.221031,5.000000,0.000000,1604.000000,0.000000,10.537706,3380.496174,3.000000,1.666667,6.322624,0.000000
sess_20260820_web_061_flow_00000,real_sess_20260820_web_061,sess_20260820_web_061,Web,env_win11_wifi,NORMAL,day_1,2026-08-20,batch_20260820_01,dev_win11_laptop,wifi,warp_enabled,web_wikipedia,real,v2,sess_20260820_web_061_flow_00000_prefix_5,prefix_5,0.000,0.024,0,5.000000,984.000000,196.800000,58.629003,191.000000,276.600000,0.006113,0.007296,0.002520,0.016328,5.000000,0.000000,984.000000,0.000000,204.473331,40240.351474,1.000000,5.000000,40.894666,0.000000
sess_20260820_web_061_flow_00001,real_sess_20260820_web_061,sess_20260820_web_061,Web,env_win11_wifi,NORMAL,day_1,2026-08-20,batch_20260820_01,dev_win11_laptop,wifi,warp_enabled,web_wikipedia,real,v2,sess_20260820_web_061_flow_00001_prefix_5,prefix_5,0.000,0.079,0,5.000000,1213.000000,242.600000,34.273021,237.000000,285.000000,0.019809,0.009741,0.022958,0.028786,5.000000,0.000000,1213.000000,0.000000,63.101961,15308.535842,1.000000,5.000000,12.620392,0.000000
sess_20260820_web_062_flow_00000,real_sess_20260820_web_062,sess_20260820_web_062,Web,env_win11_wifi,LOW_BANDWIDTH,day_1,2026-08-20,batch_20260820_02,dev_win11_laptop,wifi,warp_enabled,web_news,real,v2,sess_20260820_web_062_flow_00000_prefix_5,prefix_5,0.000,0.272,0,5.000000,1674.000000,334.800000,60.067962,302.000000,425.800000,0.068008,0.053340,0.067803,0.129056,5.000000,0.000000,1674.000000,0.000000,18.380102,6153.658183,3.000000,1.666667,11.028061,0.000000
sess_20260820_web_062_flow_00001,real_sess_20260820_web_062,sess_20260820_web_062,Web,env_win11_wifi,LOW_BANDWIDTH,day_1,2026-08-20,batch_20260820_02,dev_win11_laptop,wifi,warp_enabled,web_news,real,v2,sess_20260820_web_062_flow_00001_prefix_5,prefix_5,0.000,0.078,0,5.000000,2959.000000,591.800000,94.900790,583.000000,713.800000,0.019602,0.020693,0.010280,0.048651,5.000000,0.000000,2959.000000,0.000000,63.768394,37738.135377,2.000000,2.500000,25.507357,0.000000
sess_20260820_web_063_flow_00000,real_sess_20260820_web_063,sess_20260820_web_063,Web,env_win11_eth,NORMAL,day_1,2026-08-20,batch_20260820_03,dev_win11_desktop,ethernet,warp_disabled,web_ecommerce,real,v2,sess_20260820_web_063_flow_00000_prefix_5,prefix_5,0.000,0.312,0,5.000000,1143.000000,228.600000,97.848045,178.000000,374.400000,0.077947,0.077234,0.044362,0.185992,5.000000,0.000000,1143.000000,0.000000,16.036491,3665.941741,3.000000,1.666667,9.621894,0.000000
sess_20260820_web_063_flow_00001,real_sess_20260820_web_063,sess_20260820_web_063,Web,env_win11_eth,NORMAL,day_1,2026-08-20,batch_20260820_03,dev_win11_desktop,ethernet,warp_disabled,web_ecommerce,real,v2,sess_20260820_web_063_flow_00001_prefix_5,prefix_5,0.000,0.617,0,5.000000,1385.000000,277.000000,81.437092,303.000000,366.600000,0.154274,0.078976,0.142412,0.256809,5.000000,0.000000,1385.000000,0.000000,8.102479,2244.386724,5.000000,1.000000,8.102479,0.000000
sess_20260820_web_064_flow_00000,real_sess_20260820_web_064,sess_20260820_web_064,Web,env_win11_eth,HIGH_LATENCY,day_1,2026-08-20,batch_20260820_04,dev_win11_desktop,ethernet,warp_enabled,web_github_docs,real,v2,sess_20260820_web_064_flow_00000_prefix_5,prefix_5,0.000,2.071,0,5.000000,1039.000000,207.800000,107.374857,236.000000,346.800000,0.517769,0.490772,0.359982,1.194776,5.000000,0.000000,1039.000000,0.000000,2.414205,501.671879,4.000000,1.250000,1.931364,0.000000
sess_20260820_web_064_flow_00001,real_sess_20260820_web_064,sess_20260820_web_064,Web,env_win11_eth,HIGH_LATENCY,day_1,2026-08-20,batch_20260820_04,dev_win11_desktop,ethernet,warp_enabled,web_github_docs,real,v2,sess_20260820_web_064_flow_00001_prefix_5,prefix_5,0.000,2.257,0,5.000000,1319.000000,263.800000,76.129889,268.000000,369.600000,0.564214,0.553009,0.362354,1.331956,5.000000,0.000000,1319.000000,0.000000,2.215473,584.441810,4.000000,1.250000,1.772378,0.000000
sess_20260821_web_065_flow_00000,real_sess_20260821_web_065,sess_20260821_web_065,Web,env_win11_wifi,NORMAL,day_2,2026-08-21,batch_20260821_01,dev_win11_laptop,wifi,warp_enabled,web_tech_blogs,real,v2,sess_20260821_web_065_flow_00000_prefix_5,prefix_5,0.000,0.582,0,5.000000,1330.000000,266.000000,100.137905,269.000000,382.400000,0.145447,0.106528,0.110172,0.292625,5.000000,0.000000,1330.000000,0.000000,8.594199,2286.057021,4.000000,1.250000,6.875359,0.000000
sess_20260821_web_065_flow_00001,real_sess_20260821_web_065,sess_20260821_web_065,Web,env_win11_wifi,NORMAL,day_2,2026-08-21,batch_20260821_01,dev_win11_laptop,wifi,warp_enabled,web_tech_blogs,real,v2,sess_20260821_web_065_flow_00001_prefix_5,prefix_5,0.000,0.091,0,5.000000,1011.000000,202.200000,82.884015,257.000000,272.200000,0.022862,0.031329,0.007194,0.066608,5.000000,0.000000,1011.000000,0.000000,54.674820,11055.248566,2.000000,2.500000,21.869928,0.000000
sess_20260821_web_066_flow_00000,real_sess_20260821_web_066,sess_20260821_web_066,Web,env_win11_wifi,HIGH_LATENCY,day_2,2026-08-21,batch_20260821_02,dev_win11_laptop,wifi,warp_enabled,web_wikipedia,real,v2,sess_20260821_web_066_flow_00000_prefix_5,prefix_5,0.000,0.761,0,5.000000,3219.000000,643.800000,109.283851,601.000000,779.800000,0.190280,0.129307,0.199580,0.339634,5.000000,0.000000,3219.000000,0.000000,6.569268,4229.295028,4.000000,1.250000,5.255415,0.000000
sess_20260821_web_066_flow_00001,real_sess_20260821_web_066,sess_20260821_web_066,Web,env_win11_wifi,HIGH_LATENCY,day_2,2026-08-21,batch_20260821_02,dev_win11_laptop,wifi,warp_enabled,web_wikipedia,real,v2,sess_20260821_web_066_flow_00001_prefix_5,prefix_5,0.000,0.331,0,5.000000,1449.000000,289.800000,170.522022,269.000000,524.200000,0.082632,0.023655,0.075848,0.114399,5.000000,0.000000,1449.000000,0.000000,15.127268,4383.882371,5.000000,1.000000,15.127268,0.000000
sess_20260821_web_067_flow_00000,real_sess_20260821_web_067,sess_20260821_web_067,Web,env_win11_cellular,NORMAL,day_2,2026-08-21,batch_20260821_03,dev_win11_laptop,cellular,warp_disabled,web_news,real,v2,sess_20260821_web_067_flow_00000_prefix_5,prefix_5,0.000,0.101,0,5.000000,1785.000000,357.000000,51.788030,381.000000,392.800000,0.025211,0.027116,0.014146,0.063167,5.000000,0.000000,1785.000000,0.000000,49.580565,17700.261752,2.000000,2.500000,19.832226,0.000000
sess_20260821_web_067_flow_00001,real_sess_20260821_web_067,sess_20260821_web_067,Web,env_win11_cellular,NORMAL,day_2,2026-08-21,batch_20260821_03,dev_win11_laptop,cellular,warp_disabled,web_news,real,v2,sess_20260821_web_067_flow_00001_prefix_5,prefix_5,0.000,0.140,0,5.000000,1591.000000,318.200000,126.742889,321.000000,478.200000,0.035054,0.024190,0.033697,0.061217,5.000000,0.000000,1591.000000,0.000000,35.659514,11346.857353,3.000000,1.666667,21.395708,0.000000
sess_20260821_web_068_flow_00000,real_sess_20260821_web_068,sess_20260821_web_068,Web,env_win11_cellular,LOW_BANDWIDTH,day_2,2026-08-21,batch_20260821_04,dev_win11_laptop,cellular,warp_enabled,web_ecommerce,real,v2,sess_20260821_web_068_flow_00000_prefix_5,prefix_5,0.000,0.155,0,5.000000,503.000000,100.600000,32.604294,102.000000,145.800000,0.038752,0.019636,0.042434,0.059639,5.000000,0.000000,503.000000,0.000000,32.256337,3244.987500,2.000000,2.500000,12.902535,0.000000
sess_20260821_web_068_flow_00001,real_sess_20260821_web_068,sess_20260821_web_068,Web,env_win11_cellular,LOW_BANDWIDTH,day_2,2026-08-21,batch_20260821_04,dev_win11_laptop,cellular,warp_enabled,web_ecommerce,real,v2,sess_20260821_web_068_flow_00001_prefix_5,prefix_5,0.000,0.302,0,5.000000,1104.000000,220.800000,51.658107,204.000000,284.200000,0.075554,0.053320,0.051017,0.150511,5.000000,0.000000,1104.000000,0.000000,16.544405,3653.004651,3.000000,1.666667,9.926643,0.000000
sess_20260822_web_069_flow_00000,real_sess_20260822_web_069,sess_20260822_web_069,Web,env_win11_eth,NORMAL,day_3,2026-08-22,batch_20260822_01,dev_win11_desktop,ethernet,warp_enabled,web_github_docs,real,v2,sess_20260822_web_069_flow_00000_prefix_5,prefix_5,0.000,0.181,0,5.000000,4193.000000,838.600000,250.400160,939.000000,1109.000000,0.045306,0.034401,0.038674,0.090974,5.000000,0.000000,4193.000000,0.000000,27.590077,23137.038781,2.000000,2.500000,11.036031,0.000000
sess_20260822_web_069_flow_00001,real_sess_20260822_web_069,sess_20260822_web_069,Web,env_win11_eth,NORMAL,day_3,2026-08-22,batch_20260822_01,dev_win11_desktop,ethernet,warp_enabled,web_github_docs,real,v2,sess_20260822_web_069_flow_00001_prefix_5,prefix_5,0.000,0.133,0,5.000000,4473.000000,894.600000,319.792183,896.000000,1302.000000,0.033145,0.038562,0.012006,0.086986,5.000000,0.000000,4473.000000,0.000000,37.712753,33737.829023,2.000000,2.500000,15.085101,0.000000
sess_20260822_web_070_flow_00000,real_sess_20260822_web_070,sess_20260822_web_070,Web,env_win11_eth,PACKET_LOSS,day_3,2026-08-22,batch_20260822_02,dev_win11_desktop,ethernet,warp_enabled,web_tech_blogs,real,v2,sess_20260822_web_070_flow_00000_prefix_5,prefix_5,0.000,0.254,0,5.000000,1510.000000,302.000000,125.896783,298.000000,437.800000,0.063534,0.029073,0.060926,0.100701,5.000000,0.000000,1510.000000,0.000000,19.674465,5941.688330,4.000000,1.250000,15.739572,0.000000
sess_20260822_web_070_flow_00001,real_sess_20260822_web_070,sess_20260822_web_070,Web,env_win11_eth,PACKET_LOSS,day_3,2026-08-22,batch_20260822_02,dev_win11_desktop,ethernet,warp_enabled,web_tech_blogs,real,v2,sess_20260822_web_070_flow_00001_prefix_5,prefix_5,0.000,0.060,0,5.000000,1332.000000,266.400000,115.579583,261.000000,430.000000,0.014989,0.020922,0.003686,0.044189,5.000000,0.000000,1332.000000,0.000000,83.394268,22216.233042,2.000000,2.500000,33.357707,0.000000
sess_20260822_web_071_flow_00000,real_sess_20260822_web_071,sess_20260822_web_071,Web,env_win11_cellular,HIGH_LATENCY,day_3,2026-08-22,batch_20260822_03,dev_win11_laptop,cellular,warp_enabled,web_wikipedia,real,v2,sess_20260822_web_071_flow_00000_prefix_5,prefix_5,0.000,0.689,0,5.000000,745.000000,149.000000,39.186732,139.000000,200.400000,0.172244,0.156258,0.101446,0.390797,5.000000,0.000000,745.000000,0.000000,7.257153,1081.315849,4.000000,1.250000,5.805723,0.000000
sess_20260822_web_071_flow_00001,real_sess_20260822_web_071,sess_20260822_web_071,Web,env_win11_cellular,HIGH_LATENCY,day_3,2026-08-22,batch_20260822_03,dev_win11_laptop,cellular,warp_enabled,web_wikipedia,real,v2,sess_20260822_web_071_flow_00001_prefix_5,prefix_5,0.000,1.099,0,5.000000,1079.000000,215.800000,60.515783,215.000000,301.400000,0.274835,0.202046,0.248264,0.532736,5.000000,0.000000,1079.000000,0.000000,4.548176,981.496360,4.000000,1.250000,3.638541,0.000000
sess_20260822_web_072_flow_00000,real_sess_20260822_web_072,sess_20260822_web_072,Web,env_win11_cellular,NORMAL,day_3,2026-08-22,batch_20260822_04,dev_win11_laptop,cellular,warp_disabled,web_news,real,v2,sess_20260822_web_072_flow_00000_prefix_5,prefix_5,0.000,0.439,0,5.000000,1224.000000,244.800000,109.600000,266.000000,384.400000,0.109838,0.061086,0.098769,0.185964,5.000000,0.000000,1224.000000,0.000000,11.380406,2785.923498,4.000000,1.250000,9.104325,0.000000
sess_20260822_web_072_flow_00001,real_sess_20260822_web_072,sess_20260822_web_072,Web,env_win11_cellular,NORMAL,day_3,2026-08-22,batch_20260822_04,dev_win11_laptop,cellular,warp_disabled,web_news,real,v2,sess_20260822_web_072_flow_00001_prefix_5,prefix_5,0.000,0.602,0,5.000000,1321.000000,264.200000,92.220171,296.000000,332.600000,0.150525,0.075140,0.147035,0.243983,5.000000,0.000000,1321.000000,0.000000,8.304263,2193.986338,4.000000,1.250000,6.643411,0.000000
sess_20260823_web_073_flow_00000,real_sess_20260823_web_073,sess_20260823_web_073,Web,env_win11_wifi,LOW_BANDWIDTH,day_4,2026-08-23,batch_20260823_02,dev_win11_laptop,wifi,warp_enabled,web_ecommerce,real,v2,sess_20260823_web_073_flow_00000_prefix_5,prefix_5,0.000,0.669,0,5.000000,388.000000,77.600000,31.613921,63.000000,120.200000,0.167253,0.118842,0.155107,0.319916,5.000000,0.000000,388.000000,0.000000,7.473702,579.959265,4.000000,1.250000,5.978961,0.000000
sess_20260823_web_073_flow_00001,real_sess_20260823_web_073,sess_20260823_web_073,Web,env_win11_wifi,LOW_BANDWIDTH,day_4,2026-08-23,batch_20260823_02,dev_win11_laptop,wifi,warp_enabled,web_ecommerce,real,v2,sess_20260823_web_073_flow_00001_prefix_5,prefix_5,0.000,1.581,0,5.000000,382.000000,76.400000,24.565016,85.000000,103.200000,0.395271,0.262587,0.359626,0.737663,5.000000,0.000000,382.000000,0.000000,3.162387,241.606337,5.000000,1.000000,3.162387,0.000000
sess_20260823_web_074_flow_00000,real_sess_20260823_web_074,sess_20260823_web_074,Web,env_win11_eth,LOW_BANDWIDTH,day_4,2026-08-23,batch_20260823_03,dev_win11_desktop,ethernet,warp_enabled,web_github_docs,real,v2,sess_20260823_web_074_flow_00000_prefix_5,prefix_5,0.000,0.555,0,5.000000,502.000000,100.400000,35.858611,90.000000,155.000000,0.138645,0.106367,0.142776,0.258820,5.000000,0.000000,502.000000,0.000000,9.015835,905.189851,4.000000,1.250000,7.212668,0.000000
sess_20260823_web_074_flow_00001,real_sess_20260823_web_074,sess_20260823_web_074,Web,env_win11_eth,LOW_BANDWIDTH,day_4,2026-08-23,batch_20260823_03,dev_win11_desktop,ethernet,warp_enabled,web_github_docs,real,v2,sess_20260823_web_074_flow_00001_prefix_5,prefix_5,0.000,1.160,0,5.000000,494.000000,98.800000,18.059900,99.000000,119.600000,0.289936,0.328217,0.132408,0.749162,5.000000,0.000000,494.000000,0.000000,4.311297,425.956147,4.000000,1.250000,3.449038,0.000000
sess_20260823_web_075_flow_00000,real_sess_20260823_web_075,sess_20260823_web_075,Web,env_win11_cellular,NORMAL,day_4,2026-08-23,batch_20260823_04,dev_win11_laptop,cellular,warp_enabled,web_tech_blogs,real,v2,sess_20260823_web_075_flow_00000_prefix_5,prefix_5,0.000,0.338,0,5.000000,1171.000000,234.200000,55.603597,232.000000,312.000000,0.084498,0.067701,0.074743,0.170467,5.000000,0.000000,1171.000000,0.000000,14.793202,3464.567921,3.000000,1.666667,8.875921,0.000000
sess_20260823_web_075_flow_00001,real_sess_20260823_web_075,sess_20260823_web_075,Web,env_win11_cellular,NORMAL,day_4,2026-08-23,batch_20260823_04,dev_win11_laptop,cellular,warp_enabled,web_tech_blogs,real,v2,sess_20260823_web_075_flow_00001_prefix_5,prefix_5,0.000,0.535,0,5.000000,1155.000000,231.000000,41.443938,230.000000,287.600000,0.133823,0.069437,0.157909,0.195454,5.000000,0.000000,1155.000000,0.000000,9.340730,2157.708627,4.000000,1.250000,7.472584,0.000000
sess_20260820_video_076_flow_00000,real_sess_20260820_video_076,sess_20260820_video_076,Video,env_win11_wifi,NORMAL,day_1,2026-08-20,batch_20260820_01,dev_win11_laptop,wifi,warp_enabled,vid_youtube_1080p,real,v2,sess_20260820_video_076_flow_00000_prefix_5,prefix_5,0.000,0.013,0,5.000000,6243.000000,1248.600000,130.642413,1267.000000,1396.200000,0.003221,0.002428,0.003522,0.005730,5.000000,0.000000,6243.000000,0.000000,388.066862,484540.283822,1.000000,5.000000,77.613372,0.000000
sess_20260820_video_076_flow_00001,real_sess_20260820_video_076,sess_20260820_video_076,Video,env_win11_wifi,NORMAL,day_1,2026-08-20,batch_20260820_01,dev_win11_laptop,wifi,warp_enabled,vid_youtube_1080p,real,v2,sess_20260820_video_076_flow_00001_prefix_5,prefix_5,0.000,0.007,0,5.000000,6118.000000,1223.600000,173.695826,1176.000000,1420.000000,0.001873,0.001850,0.000978,0.004473,5.000000,0.000000,6118.000000,0.000000,667.350790,816570.426635,1.000000,5.000000,133.470158,0.000000
sess_20260820_video_077_flow_00000,real_sess_20260820_video_077,sess_20260820_video_077,Video,env_win11_wifi,LOW_BANDWIDTH,day_1,2026-08-20,batch_20260820_02,dev_win11_laptop,wifi,warp_enabled,vid_vimeo_720p,real,v2,sess_20260820_video_077_flow_00000_prefix_5,prefix_5,0.000,0.200,0,5.000000,775.000000,155.000000,43.187961,152.000000,214.600000,0.050049,0.020801,0.043030,0.078362,5.000000,0.000000,775.000000,0.000000,24.975338,3871.177384,3.000000,1.666667,14.985203,0.000000
sess_20260820_video_077_flow_00001,real_sess_20260820_video_077,sess_20260820_video_077,Video,env_win11_wifi,LOW_BANDWIDTH,day_1,2026-08-20,batch_20260820_02,dev_win11_laptop,wifi,warp_enabled,vid_vimeo_720p,real,v2,sess_20260820_video_077_flow_00001_prefix_5,prefix_5,0.000,0.128,0,5.000000,533.000000,106.600000,36.876008,125.000000,138.800000,0.031979,0.019403,0.033847,0.051735,5.000000,0.000000,533.000000,0.000000,39.087738,4166.752822,3.000000,1.666667,23.452643,0.000000
sess_20260820_video_078_flow_00000,real_sess_20260820_video_078,sess_20260820_video_078,Video,env_win11_eth,NORMAL,day_1,2026-08-20,batch_20260820_03,dev_win11_desktop,ethernet,warp_disabled,vid_twitch_live,real,v2,sess_20260820_video_078_flow_00000_prefix_5,prefix_5,0.000,0.102,0,5.000000,5048.000000,1009.600000,315.484136,1034.000000,1362.800000,0.025422,0.013397,0.028383,0.038475,5.000000,0.000000,5048.000000,0.000000,49.170304,49642.339173,1.000000,5.000000,9.834061,0.000000
sess_20260820_video_078_flow_00001,real_sess_20260820_video_078,sess_20260820_video_078,Video,env_win11_eth,NORMAL,day_1,2026-08-20,batch_20260820_03,dev_win11_desktop,ethernet,warp_disabled,vid_twitch_live,real,v2,sess_20260820_video_078_flow_00001_prefix_5,prefix_5,0.000,0.088,0,5.000000,6494.000000,1298.800000,132.440779,1353.000000,1420.000000,0.021968,0.015856,0.017759,0.043509,5.000000,0.000000,6494.000000,0.000000,56.900299,73902.108762,1.000000,5.000000,11.380060,0.000000
sess_20260820_video_079_flow_00000,real_sess_20260820_video_079,sess_20260820_video_079,Video,env_win11_eth,HIGH_LATENCY,day_1,2026-08-20,batch_20260820_04,dev_win11_desktop,ethernet,warp_enabled,vid_dailymotion_sd,real,v2,sess_20260820_video_079_flow_00000_prefix_5,prefix_5,0.000,0.622,0,5.000000,1066.000000,213.200000,54.263800,233.000000,272.800000,0.155624,0.115108,0.154505,0.295891,5.000000,0.000000,1066.000000,0.000000,8.032188,1712.462477,4.000000,1.250000,6.425750,0.000000
sess_20260820_video_079_flow_00001,real_sess_20260820_video_079,sess_20260820_video_079,Video,env_win11_eth,HIGH_LATENCY,day_1,2026-08-20,batch_20260820_04,dev_win11_desktop,ethernet,warp_enabled,vid_dailymotion_sd,real,v2,sess_20260820_video_079_flow_00001_prefix_5,prefix_5,0.000,0.211,0,5.000000,1182.000000,236.400000,32.370357,229.000000,282.200000,0.052699,0.029370,0.063574,0.078236,5.000000,0.000000,1182.000000,0.000000,23.719478,5607.284693,4.000000,1.250000,18.975583,0.000000
sess_20260821_video_080_flow_00000,real_sess_20260821_video_080,sess_20260821_video_080,Video,env_win11_wifi,NORMAL,day_2,2026-08-21,batch_20260821_01,dev_win11_laptop,wifi,warp_enabled,vid_netflix_4k,real,v2,sess_20260821_video_080_flow_00000_prefix_5,prefix_5,0.000,0.025,0,5.000000,2943.000000,588.600000,342.620256,788.000000,923.200000,0.006356,0.003765,0.006350,0.010943,5.000000,0.000000,2943.000000,0.000000,196.656454,115751.988605,1.000000,5.000000,39.331291,0.000000
sess_20260821_video_080_flow_00001,real_sess_20260821_video_080,sess_20260821_video_080,Video,env_win11_wifi,NORMAL,day_2,2026-08-21,batch_20260821_01,dev_win11_laptop,wifi,warp_enabled,vid_netflix_4k,real,v2,sess_20260821_video_080_flow_00001_prefix_5,prefix_5,0.000,0.024,0,5.000000,3428.000000,685.600000,223.290483,783.000000,886.000000,0.006084,0.003181,0.005750,0.009904,5.000000,0.000000,3428.000000,0.000000,205.451557,140857.587819,1.000000,5.000000,41.090311,0.000000
sess_20260821_video_081_flow_00000,real_sess_20260821_video_081,sess_20260821_video_081,Video,env_win11_wifi,HIGH_LATENCY,day_2,2026-08-21,batch_20260821_02,dev_win11_laptop,wifi,warp_enabled,vid_youtube_1080p,real,v2,sess_20260821_video_081_flow_00000_prefix_5,prefix_5,0.000,0.098,0,5.000000,5051.000000,1010.200000,213.443576,953.000000,1334.600000,0.024619,0.012467,0.019424,0.042053,5.000000,0.000000,5051.000000,0.000000,50.774051,51291.946169,1.000000,5.000000,10.154810,0.000000
sess_20260821_video_081_flow_00001,real_sess_20260821_video_081,sess_20260821_video_081,Video,env_win11_wifi,HIGH_LATENCY,day_2,2026-08-21,batch_20260821_02,dev_win11_laptop,wifi,warp_enabled,vid_youtube_1080p,real,v2,sess_20260821_video_081_flow_00001_prefix_5,prefix_5,0.000,0.058,0,5.000000,5613.000000,1122.600000,260.965592,1088.000000,1420.000000,0.014570,0.011750,0.012078,0.030300,5.000000,0.000000,5613.000000,0.000000,85.791419,96309.446992,1.000000,5.000000,17.158284,0.000000
sess_20260821_video_082_flow_00000,real_sess_20260821_video_082,sess_20260821_video_082,Video,env_win11_cellular,NORMAL,day_2,2026-08-21,batch_20260821_03,dev_win11_laptop,cellular,warp_disabled,vid_vimeo_720p,real,v2,sess_20260821_video_082_flow_00000_prefix_5,prefix_5,0.000,0.157,0,5.000000,4682.000000,936.400000,112.403915,933.000000,1087.600000,0.039244,0.037222,0.022222,0.091536,5.000000,0.000000,4682.000000,0.000000,31.852310,29826.503540,2.000000,2.500000,12.740924,0.000000
sess_20260821_video_082_flow_00001,real_sess_20260821_video_082,sess_20260821_video_082,Video,env_win11_cellular,NORMAL,day_2,2026-08-21,batch_20260821_03,dev_win11_laptop,cellular,warp_disabled,vid_vimeo_720p,real,v2,sess_20260821_video_082_flow_00001_prefix_5,prefix_5,0.000,0.177,0,5.000000,3846.000000,769.200000,190.725352,881.000000,916.600000,0.044329,0.039803,0.043071,0.088589,5.000000,0.000000,3846.000000,0.000000,28.198534,21690.312143,3.000000,1.666667,16.919120,0.000000
sess_20260821_video_083_flow_00000,real_sess_20260821_video_083,sess_20260821_video_083,Video,env_win11_cellular,LOW_BANDWIDTH,day_2,2026-08-21,batch_20260821_04,dev_win11_laptop,cellular,warp_enabled,vid_twitch_live,real,v2,sess_20260821_video_083_flow_00000_prefix_5,prefix_5,0.000,0.916,0,5.000000,286.000000,57.200000,21.866870,42.000000,89.800000,0.228929,0.140878,0.235094,0.385544,5.000000,0.000000,286.000000,0.000000,5.460201,312.323492,5.000000,1.000000,5.460201,0.000000
sess_20260821_video_083_flow_00001,real_sess_20260821_video_083,sess_20260821_video_083,Video,env_win11_cellular,LOW_BANDWIDTH,day_2,2026-08-21,batch_20260821_04,dev_win11_laptop,cellular,warp_enabled,vid_twitch_live,real,v2,sess_20260821_video_083_flow_00001_prefix_5,prefix_5,0.000,0.940,0,5.000000,743.000000,148.600000,22.966062,146.000000,174.200000,0.234985,0.149050,0.201232,0.434876,5.000000,0.000000,743.000000,0.000000,5.319492,790.476499,5.000000,1.000000,5.319492,0.000000
sess_20260822_video_084_flow_00000,real_sess_20260822_video_084,sess_20260822_video_084,Video,env_win11_eth,NORMAL,day_3,2026-08-22,batch_20260822_01,dev_win11_desktop,ethernet,warp_enabled,vid_dailymotion_sd,real,v2,sess_20260822_video_084_flow_00000_prefix_5,prefix_5,0.000,0.025,0,5.000000,5443.000000,1088.600000,340.979530,1192.000000,1420.000000,0.006187,0.005404,0.003839,0.013691,5.000000,0.000000,5443.000000,0.000000,202.031453,219931.440255,1.000000,5.000000,40.406291,0.000000
sess_20260822_video_084_flow_00001,real_sess_20260822_video_084,sess_20260822_video_084,Video,env_win11_eth,NORMAL,day_3,2026-08-22,batch_20260822_01,dev_win11_desktop,ethernet,warp_enabled,vid_dailymotion_sd,real,v2,sess_20260822_video_084_flow_00001_prefix_5,prefix_5,0.000,0.008,0,5.000000,6114.000000,1222.800000,367.041360,1420.000000,1420.000000,0.001892,0.002454,0.000661,0.005310,5.000000,0.000000,6114.000000,0.000000,660.671960,807869.672230,1.000000,5.000000,132.134392,0.000000
sess_20260822_video_085_flow_00000,real_sess_20260822_video_085,sess_20260822_video_085,Video,env_win11_eth,PACKET_LOSS,day_3,2026-08-22,batch_20260822_02,dev_win11_desktop,ethernet,warp_enabled,vid_netflix_4k,real,v2,sess_20260822_video_085_flow_00000_prefix_5,prefix_5,0.000,0.105,0,5.000000,1187.000000,237.400000,44.835700,244.000000,298.000000,0.026344,0.018706,0.021238,0.051689,5.000000,0.000000,1187.000000,0.000000,47.448640,11264.307091,2.000000,2.500000,18.979456,0.000000
sess_20260822_video_085_flow_00001,real_sess_20260822_video_085,sess_20260822_video_085,Video,env_win11_eth,PACKET_LOSS,day_3,2026-08-22,batch_20260822_02,dev_win11_desktop,ethernet,warp_enabled,vid_netflix_4k,real,v2,sess_20260822_video_085_flow_00001_prefix_5,prefix_5,0.000,0.201,0,5.000000,1479.000000,295.800000,64.885746,272.000000,386.400000,0.050238,0.041837,0.036851,0.107752,5.000000,0.000000,1479.000000,0.000000,24.881712,7360.010548,2.000000,2.500000,9.952685,0.000000
sess_20260822_video_086_flow_00000,real_sess_20260822_video_086,sess_20260822_video_086,Video,env_win11_cellular,HIGH_LATENCY,day_3,2026-08-22,batch_20260822_03,dev_win11_laptop,cellular,warp_enabled,vid_youtube_1080p,real,v2,sess_20260822_video_086_flow_00000_prefix_5,prefix_5,0.000,0.043,0,5.000000,6746.000000,1349.200000,141.600000,1420.000000,1420.000000,0.010866,0.014960,0.003159,0.031891,5.000000,0.000000,6746.000000,0.000000,115.037665,155208.818088,1.000000,5.000000,23.007533,0.000000
sess_20260822_video_086_flow_00001,real_sess_20260822_video_086,sess_20260822_video_086,Video,env_win11_cellular,HIGH_LATENCY,day_3,2026-08-22,batch_20260822_03,dev_win11_laptop,cellular,warp_enabled,vid_youtube_1080p,real,v2,sess_20260822_video_086_flow_00001_prefix_5,prefix_5,0.000,0.043,0,5.000000,6158.000000,1231.600000,177.964716,1307.000000,1413.800000,0.010637,0.012935,0.004795,0.028813,5.000000,0.000000,6158.000000,0.000000,117.515900,144732.582418,1.000000,5.000000,23.503180,0.000000
sess_20260822_video_087_flow_00000,real_sess_20260822_video_087,sess_20260822_video_087,Video,env_win11_cellular,NORMAL,day_3,2026-08-22,batch_20260822_04,dev_win11_laptop,cellular,warp_disabled,vid_vimeo_720p,real,v2,sess_20260822_video_087_flow_00000_prefix_5,prefix_5,0.000,0.086,0,5.000000,1190.000000,238.000000,111.252865,227.000000,378.800000,0.021607,0.011654,0.021799,0.035568,5.000000,0.000000,1190.000000,0.000000,57.851296,13768.608512,1.000000,5.000000,11.570259,0.000000
sess_20260822_video_087_flow_00001,real_sess_20260822_video_087,sess_20260822_video_087,Video,env_win11_cellular,NORMAL,day_3,2026-08-22,batch_20260822_04,dev_win11_laptop,cellular,warp_disabled,vid_vimeo_720p,real,v2,sess_20260822_video_087_flow_00001_prefix_5,prefix_5,0.000,0.024,0,5.000000,1267.000000,253.400000,105.420302,258.000000,382.400000,0.006086,0.002144,0.006984,0.007832,5.000000,0.000000,1267.000000,0.000000,205.396720,52047.528913,1.000000,5.000000,41.079344,0.000000
sess_20260823_video_088_flow_00000,real_sess_20260823_video_088,sess_20260823_video_088,Video,env_win11_wifi,LOW_BANDWIDTH,day_4,2026-08-23,batch_20260823_02,dev_win11_laptop,wifi,warp_enabled,vid_twitch_live,real,v2,sess_20260823_video_088_flow_00000_prefix_5,prefix_5,0.000,0.012,0,5.000000,2810.000000,562.000000,119.507322,614.000000,691.400000,0.003041,0.002049,0.002290,0.005863,5.000000,0.000000,2810.000000,0.000000,411.029041,230998.320883,1.000000,5.000000,82.205808,0.000000
sess_20260823_video_088_flow_00001,real_sess_20260823_video_088,sess_20260823_video_088,Video,env_win11_wifi,LOW_BANDWIDTH,day_4,2026-08-23,batch_20260823_02,dev_win11_laptop,wifi,warp_enabled,vid_twitch_live,real,v2,sess_20260823_video_088_flow_00001_prefix_5,prefix_5,0.000,0.033,0,5.000000,3714.000000,742.800000,171.986511,702.000000,985.400000,0.008269,0.010546,0.003065,0.023088,5.000000,0.000000,3714.000000,0.000000,151.164297,112284.839788,1.000000,5.000000,30.232859,0.000000
sess_20260823_video_089_flow_00000,real_sess_20260823_video_089,sess_20260823_video_089,Video,env_win11_eth,LOW_BANDWIDTH,day_4,2026-08-23,batch_20260823_03,dev_win11_desktop,ethernet,warp_enabled,vid_dailymotion_sd,real,v2,sess_20260823_video_089_flow_00000_prefix_5,prefix_5,0.000,0.171,0,5.000000,502.000000,100.400000,44.007272,96.000000,156.600000,0.042768,0.042287,0.030785,0.098503,5.000000,0.000000,502.000000,0.000000,29.227635,2934.454577,3.000000,1.666667,17.536581,0.000000
sess_20260823_video_089_flow_00001,real_sess_20260823_video_089,sess_20260823_video_089,Video,env_win11_eth,LOW_BANDWIDTH,day_4,2026-08-23,batch_20260823_03,dev_win11_desktop,ethernet,warp_enabled,vid_dailymotion_sd,real,v2,sess_20260823_video_089_flow_00001_prefix_5,prefix_5,0.000,0.088,0,5.000000,499.000000,99.800000,16.533602,96.000000,123.400000,0.021958,0.013950,0.015013,0.041505,5.000000,0.000000,499.000000,0.000000,56.927913,5681.405751,1.000000,5.000000,11.385583,0.000000
sess_20260823_video_090_flow_00000,real_sess_20260823_video_090,sess_20260823_video_090,Video,env_win11_cellular,NORMAL,day_4,2026-08-23,batch_20260823_04,dev_win11_laptop,cellular,warp_enabled,vid_netflix_4k,real,v2,sess_20260823_video_090_flow_00000_prefix_5,prefix_5,0.000,0.431,0,5.000000,857.000000,171.400000,84.172680,167.000000,267.000000,0.107805,0.030836,0.102001,0.148520,5.000000,0.000000,857.000000,0.000000,11.595030,1987.388188,5.000000,1.000000,11.595030,0.000000
sess_20260823_video_090_flow_00001,real_sess_20260823_video_090,sess_20260823_video_090,Video,env_win11_cellular,NORMAL,day_4,2026-08-23,batch_20260823_04,dev_win11_laptop,cellular,warp_enabled,vid_netflix_4k,real,v2,sess_20260823_video_090_flow_00001_prefix_5,prefix_5,0.000,0.060,0,5.000000,1075.000000,215.000000,48.740127,211.000000,279.000000,0.015075,0.016425,0.008295,0.037957,5.000000,0.000000,1075.000000,0.000000,82.918560,17827.490479,1.000000,5.000000,16.583712,0.000000
sess_20260820_messaging_091_flow_00000,real_sess_20260820_messaging_091,sess_20260820_messaging_091,Messaging,env_win11_wifi,NORMAL,day_1,2026-08-20,batch_20260820_01,dev_win11_laptop,wifi,warp_enabled,msg_slack_chat,real,v2,sess_20260820_messaging_091_flow_00000_prefix_5,prefix_5,0.000,0.041,0,5.000000,5552.000000,1110.400000,290.007310,1169.000000,1419.200000,0.010128,0.008757,0.007604,0.022098,5.000000,0.000000,5552.000000,0.000000,123.421701,137047.457155,1.000000,5.000000,24.684340,0.000000
sess_20260820_messaging_091_flow_00001,real_sess_20260820_messaging_091,sess_20260820_messaging_091,Messaging,env_win11_wifi,NORMAL,day_1,2026-08-20,batch_20260820_01,dev_win11_laptop,wifi,warp_enabled,msg_slack_chat,real,v2,sess_20260820_messaging_091_flow_00001_prefix_5,prefix_5,0.000,0.032,0,5.000000,6262.000000,1252.400000,335.200000,1420.000000,1420.000000,0.007990,0.006559,0.006765,0.016263,5.000000,0.000000,6262.000000,0.000000,156.440747,195926.391731,1.000000,5.000000,31.288149,0.000000
sess_20260820_messaging_092_flow_00000,real_sess_20260820_messaging_092,sess_20260820_messaging_092,Messaging,env_win11_wifi,LOW_BANDWIDTH,day_1,2026-08-20,batch_20260820_02,dev_win11_laptop,wifi,warp_enabled,msg_discord_text,real,v2,sess_20260820_messaging_092_flow_00000_prefix_5,prefix_5,0.000,0.309,0,5.000000,710.000000,142.000000,41.535527,143.000000,202.000000,0.077214,0.074208,0.066557,0.165698,5.000000,0.000000,710.000000,0.000000,16.188863,2298.818545,3.000000,1.666667,9.713318,0.000000
sess_20260820_messaging_092_flow_00001,real_sess_20260820_messaging_092,sess_20260820_messaging_092,Messaging,env_win11_wifi,LOW_BANDWIDTH,day_1,2026-08-20,batch_20260820_02,dev_win11_laptop,wifi,warp_enabled,msg_discord_text,real,v2,sess_20260820_messaging_092_flow_00001_prefix_5,prefix_5,0.000,0.298,0,5.000000,388.000000,77.600000,33.169866,66.000000,127.000000,0.074596,0.034270,0.074219,0.109619,5.000000,0.000000,388.000000,0.000000,16.756871,1300.333204,3.000000,1.666667,10.054123,0.000000
sess_20260820_messaging_093_flow_00000,real_sess_20260820_messaging_093,sess_20260820_messaging_093,Messaging,env_win11_eth,NORMAL,day_1,2026-08-20,batch_20260820_03,dev_win11_desktop,ethernet,warp_disabled,msg_telegram_sync,real,v2,sess_20260820_messaging_093_flow_00000_prefix_5,prefix_5,0.000,0.014,0,5.000000,1171.000000,234.200000,96.173593,284.000000,331.000000,0.003471,0.002873,0.002533,0.007440,5.000000,0.000000,1171.000000,0.000000,360.104597,84336.496505,1.000000,5.000000,72.020919,0.000000
sess_20260820_messaging_093_flow_00001,real_sess_20260820_messaging_093,sess_20260820_messaging_093,Messaging,env_win11_eth,NORMAL,day_1,2026-08-20,batch_20260820_03,dev_win11_desktop,ethernet,warp_disabled,msg_telegram_sync,real,v2,sess_20260820_messaging_093_flow_00001_prefix_5,prefix_5,0.000,0.026,0,5.000000,1331.000000,266.200000,58.221645,286.000000,310.800000,0.006499,0.004998,0.004046,0.013532,5.000000,0.000000,1331.000000,0.000000,192.342355,51201.535014,1.000000,5.000000,38.468471,0.000000
sess_20260820_messaging_094_flow_00000,real_sess_20260820_messaging_094,sess_20260820_messaging_094,Messaging,env_win11_eth,HIGH_LATENCY,day_1,2026-08-20,batch_20260820_04,dev_win11_desktop,ethernet,warp_enabled,msg_whatsapp_web,real,v2,sess_20260820_messaging_094_flow_00000_prefix_5,prefix_5,0.000,0.021,0,5.000000,6457.000000,1291.400000,140.133650,1375.000000,1420.000000,0.005266,0.004364,0.004460,0.010861,5.000000,0.000000,6457.000000,0.000000,237.351107,306515.218991,1.000000,5.000000,47.470221,0.000000
sess_20260820_messaging_094_flow_00001,real_sess_20260820_messaging_094,sess_20260820_messaging_094,Messaging,env_win11_eth,HIGH_LATENCY,day_1,2026-08-20,batch_20260820_04,dev_win11_desktop,ethernet,warp_enabled,msg_whatsapp_web,real,v2,sess_20260820_messaging_094_flow_00001_prefix_5,prefix_5,0.000,0.022,0,5.000000,5068.000000,1013.600000,514.505432,1420.000000,1420.000000,0.005615,0.002494,0.005373,0.008550,5.000000,0.000000,5068.000000,0.000000,222.633727,225661.545719,1.000000,5.000000,44.526745,0.000000
sess_20260821_messaging_095_flow_00000,real_sess_20260821_messaging_095,sess_20260821_messaging_095,Messaging,env_win11_wifi,NORMAL,day_2,2026-08-21,batch_20260821_01,dev_win11_laptop,wifi,warp_enabled,msg_signal_chat,real,v2,sess_20260821_messaging_095_flow_00000_prefix_5,prefix_5,0.000,0.152,0,5.000000,1221.000000,244.200000,67.789085,244.000000,317.000000,0.038047,0.044946,0.018216,0.101072,5.000000,0.000000,1221.000000,0.000000,32.854279,8023.014981,2.000000,2.500000,13.141712,0.000000
sess_20260821_messaging_095_flow_00001,real_sess_20260821_messaging_095,sess_20260821_messaging_095,Messaging,env_win11_wifi,NORMAL,day_2,2026-08-21,batch_20260821_01,dev_win11_laptop,wifi,warp_enabled,msg_signal_chat,real,v2,sess_20260821_messaging_095_flow_00001_prefix_5,prefix_5,0.000,0.124,0,5.000000,1052.000000,210.400000,48.442130,193.000000,269.600000,0.030970,0.019447,0.023947,0.057965,5.000000,0.000000,1052.000000,0.000000,40.361063,8491.967718,2.000000,2.500000,16.144425,0.000000
sess_20260821_messaging_096_flow_00000,real_sess_20260821_messaging_096,sess_20260821_messaging_096,Messaging,env_win11_wifi,HIGH_LATENCY,day_2,2026-08-21,batch_20260821_02,dev_win11_laptop,wifi,warp_enabled,msg_slack_chat,real,v2,sess_20260821_messaging_096_flow_00000_prefix_5,prefix_5,0.000,0.051,0,5.000000,4973.000000,994.600000,130.025536,1007.000000,1168.800000,0.012686,0.008503,0.012908,0.022873,5.000000,0.000000,4973.000000,0.000000,98.536947,98004.847796,1.000000,5.000000,19.707389,0.000000
sess_20260821_messaging_096_flow_00001,real_sess_20260821_messaging_096,sess_20260821_messaging_096,Messaging,env_win11_wifi,HIGH_LATENCY,day_2,2026-08-21,batch_20260821_02,dev_win11_laptop,wifi,warp_enabled,msg_slack_chat,real,v2,sess_20260821_messaging_096_flow_00001_prefix_5,prefix_5,0.000,0.042,0,5.000000,5293.000000,1058.600000,393.873888,1111.000000,1420.000000,0.010410,0.010752,0.005605,0.025406,5.000000,0.000000,5293.000000,0.000000,120.079578,127116.241440,1.000000,5.000000,24.015916,0.000000
sess_20260821_messaging_097_flow_00000,real_sess_20260821_messaging_097,sess_20260821_messaging_097,Messaging,env_win11_cellular,NORMAL,day_2,2026-08-21,batch_20260821_03,dev_win11_laptop,cellular,warp_disabled,msg_discord_text,real,v2,sess_20260821_messaging_097_flow_00000_prefix_5,prefix_5,0.000,0.103,0,5.000000,1002.000000,200.400000,116.544584,196.000000,356.600000,0.025654,0.014076,0.026484,0.040868,5.000000,0.000000,1002.000000,0.000000,48.724602,9764.410234,1.000000,5.000000,9.744920,0.000000
sess_20260821_messaging_097_flow_00001,real_sess_20260821_messaging_097,sess_20260821_messaging_097,Messaging,env_win11_cellular,NORMAL,day_2,2026-08-21,batch_20260821_03,dev_win11_laptop,cellular,warp_disabled,msg_discord_text,real,v2,sess_20260821_messaging_097_flow_00001_prefix_5,prefix_5,0.000,0.242,0,5.000000,1194.000000,238.800000,65.147218,225.000000,327.200000,0.060617,0.054017,0.041087,0.135451,5.000000,0.000000,1194.000000,0.000000,20.621150,4924.330728,3.000000,1.666667,12.372690,0.000000
sess_20260821_messaging_098_flow_00000,real_sess_20260821_messaging_098,sess_20260821_messaging_098,Messaging,env_win11_cellular,LOW_BANDWIDTH,day_2,2026-08-21,batch_20260821_04,dev_win11_laptop,cellular,warp_enabled,msg_telegram_sync,real,v2,sess_20260821_messaging_098_flow_00000_prefix_5,prefix_5,0.000,0.052,0,5.000000,3527.000000,705.400000,192.091228,751.000000,910.800000,0.013049,0.005511,0.010877,0.020719,5.000000,0.000000,3527.000000,0.000000,95.795282,67573.992233,1.000000,5.000000,19.159056,0.000000
sess_20260821_messaging_098_flow_00001,real_sess_20260821_messaging_098,sess_20260821_messaging_098,Messaging,env_win11_cellular,LOW_BANDWIDTH,day_2,2026-08-21,batch_20260821_04,dev_win11_laptop,cellular,warp_enabled,msg_telegram_sync,real,v2,sess_20260821_messaging_098_flow_00001_prefix_5,prefix_5,0.000,0.046,0,5.000000,2455.000000,491.000000,177.649092,563.000000,702.800000,0.011416,0.008735,0.009590,0.022803,5.000000,0.000000,2455.000000,0.000000,109.494639,53761.867744,1.000000,5.000000,21.898928,0.000000
sess_20260822_messaging_099_flow_00000,real_sess_20260822_messaging_099,sess_20260822_messaging_099,Messaging,env_win11_eth,NORMAL,day_3,2026-08-22,batch_20260822_01,dev_win11_desktop,ethernet,warp_enabled,msg_whatsapp_web,real,v2,sess_20260822_messaging_099_flow_00000_prefix_5,prefix_5,0.000,0.040,0,5.000000,4494.000000,898.800000,272.348600,791.000000,1310.200000,0.010110,0.008998,0.007903,0.022297,5.000000,0.000000,4494.000000,0.000000,123.643741,111130.994378,1.000000,5.000000,24.728748,0.000000
sess_20260822_messaging_099_flow_00001,real_sess_20260822_messaging_099,sess_20260822_messaging_099,Messaging,env_win11_eth,NORMAL,day_3,2026-08-22,batch_20260822_01,dev_win11_desktop,ethernet,warp_enabled,msg_whatsapp_web,real,v2,sess_20260822_messaging_099_flow_00001_prefix_5,prefix_5,0.000,0.028,0,5.000000,6291.000000,1258.200000,143.691893,1244.000000,1420.000000,0.007102,0.006345,0.005014,0.015655,5.000000,0.000000,6291.000000,0.000000,176.018628,221466.637338,1.000000,5.000000,35.203726,0.000000
sess_20260822_messaging_100_flow_00000,real_sess_20260822_messaging_100,sess_20260822_messaging_100,Messaging,env_win11_eth,PACKET_LOSS,day_3,2026-08-22,batch_20260822_02,dev_win11_desktop,ethernet,warp_enabled,msg_signal_chat,real,v2,sess_20260822_messaging_100_flow_00000_prefix_5,prefix_5,0.000,0.019,0,5.000000,1095.000000,219.000000,65.277868,223.000000,299.400000,0.004861,0.001561,0.005058,0.006598,5.000000,0.000000,1095.000000,0.000000,257.149633,56315.769620,1.000000,5.000000,51.429927,0.000000
sess_20260822_messaging_100_flow_00001,real_sess_20260822_messaging_100,sess_20260822_messaging_100,Messaging,env_win11_eth,PACKET_LOSS,day_3,2026-08-22,batch_20260822_02,dev_win11_desktop,ethernet,warp_enabled,msg_signal_chat,real,v2,sess_20260822_messaging_100_flow_00001_prefix_5,prefix_5,0.000,0.149,0,5.000000,1252.000000,250.400000,75.010933,268.000000,336.600000,0.037362,0.022986,0.028185,0.069365,5.000000,0.000000,1252.000000,0.000000,33.456652,8377.545729,2.000000,2.500000,13.382661,0.000000
sess_20260822_messaging_101_flow_00000,real_sess_20260822_messaging_101,sess_20260822_messaging_101,Messaging,env_win11_cellular,HIGH_LATENCY,day_3,2026-08-22,batch_20260822_03,dev_win11_laptop,cellular,warp_enabled,msg_slack_chat,real,v2,sess_20260822_messaging_101_flow_00000_prefix_5,prefix_5,0.000,0.049,0,5.000000,6412.000000,1282.400000,165.859700,1402.000000,1420.000000,0.012131,0.007013,0.012611,0.019426,5.000000,0.000000,6412.000000,0.000000,103.044371,132144.101242,1.000000,5.000000,20.608874,0.000000
sess_20260822_messaging_101_flow_00001,real_sess_20260822_messaging_101,sess_20260822_messaging_101,Messaging,env_win11_cellular,HIGH_LATENCY,day_3,2026-08-22,batch_20260822_03,dev_win11_laptop,cellular,warp_enabled,msg_slack_chat,real,v2,sess_20260822_messaging_101_flow_00001_prefix_5,prefix_5,0.000,0.054,0,5.000000,6174.000000,1234.800000,257.282257,1420.000000,1420.000000,0.013545,0.013611,0.008226,0.032452,5.000000,0.000000,6174.000000,0.000000,92.287642,113956.780109,1.000000,5.000000,18.457528,0.000000
sess_20260822_messaging_102_flow_00000,real_sess_20260822_messaging_102,sess_20260822_messaging_102,Messaging,env_win11_cellular,NORMAL,day_3,2026-08-22,batch_20260822_04,dev_win11_laptop,cellular,warp_disabled,msg_discord_text,real,v2,sess_20260822_messaging_102_flow_00000_prefix_5,prefix_5,0.000,0.257,0,5.000000,1022.000000,204.400000,104.862958,151.000000,332.000000,0.064280,0.048178,0.060098,0.125792,5.000000,0.000000,1022.000000,0.000000,19.446147,3974.792534,3.000000,1.666667,11.667688,0.000000
sess_20260822_messaging_102_flow_00001,real_sess_20260822_messaging_102,sess_20260822_messaging_102,Messaging,env_win11_cellular,NORMAL,day_3,2026-08-22,batch_20260822_04,dev_win11_laptop,cellular,warp_disabled,msg_discord_text,real,v2,sess_20260822_messaging_102_flow_00001_prefix_5,prefix_5,0.000,0.086,0,5.000000,1069.000000,213.800000,59.121570,224.000000,280.000000,0.021553,0.013403,0.020915,0.037919,5.000000,0.000000,1069.000000,0.000000,57.995703,12399.481378,1.000000,5.000000,11.599141,0.000000
sess_20260823_messaging_103_flow_00000,real_sess_20260823_messaging_103,sess_20260823_messaging_103,Messaging,env_win11_wifi,LOW_BANDWIDTH,day_4,2026-08-23,batch_20260823_02,dev_win11_laptop,wifi,warp_enabled,msg_telegram_sync,real,v2,sess_20260823_messaging_103_flow_00000_prefix_5,prefix_5,0.000,1.053,0,5.000000,497.000000,99.400000,25.788369,90.000000,131.800000,0.263200,0.267443,0.162839,0.635643,5.000000,0.000000,497.000000,0.000000,4.749232,472.073637,4.000000,1.250000,3.799385,0.000000
sess_20260823_messaging_103_flow_00001,real_sess_20260823_messaging_103,sess_20260823_messaging_103,Messaging,env_win11_wifi,LOW_BANDWIDTH,day_4,2026-08-23,batch_20260823_02,dev_win11_laptop,wifi,warp_enabled,msg_telegram_sync,real,v2,sess_20260823_messaging_103_flow_00001_prefix_5,prefix_5,0.000,0.425,0,5.000000,363.000000,72.600000,27.918453,61.000000,112.600000,0.106366,0.045697,0.121751,0.147833,5.000000,0.000000,363.000000,0.000000,11.751910,853.188654,4.000000,1.250000,9.401528,0.000000
sess_20260823_messaging_104_flow_00000,real_sess_20260823_messaging_104,sess_20260823_messaging_104,Messaging,env_win11_eth,LOW_BANDWIDTH,day_4,2026-08-23,batch_20260823_03,dev_win11_desktop,ethernet,warp_enabled,msg_whatsapp_web,real,v2,sess_20260823_messaging_104_flow_00000_prefix_5,prefix_5,0.000,0.792,0,5.000000,1601.000000,320.200000,166.442062,321.000000,522.200000,0.197976,0.121719,0.167769,0.363047,5.000000,0.000000,1601.000000,0.000000,6.313886,2021.706199,5.000000,1.000000,6.313886,0.000000
sess_20260823_messaging_104_flow_00001,real_sess_20260823_messaging_104,sess_20260823_messaging_104,Messaging,env_win11_eth,LOW_BANDWIDTH,day_4,2026-08-23,batch_20260823_03,dev_win11_desktop,ethernet,warp_enabled,msg_whatsapp_web,real,v2,sess_20260823_messaging_104_flow_00001_prefix_5,prefix_5,0.000,0.220,0,5.000000,2477.000000,495.400000,107.808348,522.000000,600.400000,0.054877,0.043600,0.048924,0.111483,5.000000,0.000000,2477.000000,0.000000,22.778361,11284.399997,3.000000,1.666667,13.667017,0.000000
sess_20260823_messaging_105_flow_00000,real_sess_20260823_messaging_105,sess_20260823_messaging_105,Messaging,env_win11_cellular,NORMAL,day_4,2026-08-23,batch_20260823_04,dev_win11_laptop,cellular,warp_enabled,msg_signal_chat,real,v2,sess_20260823_messaging_105_flow_00000_prefix_5,prefix_5,0.000,0.323,0,5.000000,813.000000,162.600000,40.480119,175.000000,211.200000,0.080703,0.028913,0.070023,0.120938,5.000000,0.000000,813.000000,0.000000,15.488915,2518.497501,5.000000,1.000000,15.488915,0.000000
sess_20260823_messaging_105_flow_00001,real_sess_20260823_messaging_105,sess_20260823_messaging_105,Messaging,env_win11_cellular,NORMAL,day_4,2026-08-23,batch_20260823_04,dev_win11_laptop,cellular,warp_enabled,msg_signal_chat,real,v2,sess_20260823_messaging_105_flow_00001_prefix_5,prefix_5,0.000,0.895,0,5.000000,984.000000,196.800000,36.383513,203.000000,242.000000,0.223721,0.271238,0.089825,0.603698,5.000000,0.000000,984.000000,0.000000,5.587320,1099.584499,4.000000,1.250000,4.469856,0.000000
sess_20260820_voip_106_flow_00000,real_sess_20260820_voip_106,sess_20260820_voip_106,VoIP,env_win11_wifi,NORMAL,day_1,2026-08-20,batch_20260820_01,dev_win11_laptop,wifi,warp_enabled,voip_zoom_audio,real,v2,sess_20260820_voip_106_flow_00000_prefix_5,prefix_5,0.000,0.162,0,5.000000,2167.000000,433.400000,134.532673,372.000000,639.000000,0.040612,0.019172,0.036531,0.065682,5.000000,0.000000,2167.000000,0.000000,30.779196,13339.703357,2.000000,2.500000,12.311678,0.000000
sess_20260820_voip_106_flow_00001,real_sess_20260820_voip_106,sess_20260820_voip_106,VoIP,env_win11_wifi,NORMAL,day_1,2026-08-20,batch_20260820_01,dev_win11_laptop,wifi,warp_enabled,voip_zoom_audio,real,v2,sess_20260820_voip_106_flow_00001_prefix_5,prefix_5,0.000,0.410,0,5.000000,1789.000000,357.800000,92.859894,340.000000,496.200000,0.102440,0.072095,0.071698,0.203093,5.000000,0.000000,1789.000000,0.000000,12.202250,4365.964910,4.000000,1.250000,9.761800,0.000000
sess_20260820_voip_107_flow_00000,real_sess_20260820_voip_107,sess_20260820_voip_107,VoIP,env_win11_wifi,LOW_BANDWIDTH,day_1,2026-08-20,batch_20260820_02,dev_win11_laptop,wifi,warp_enabled,voip_teams_voice,real,v2,sess_20260820_voip_107_flow_00000_prefix_5,prefix_5,0.000,0.785,0,5.000000,599.000000,119.800000,25.340876,120.000000,151.800000,0.196274,0.092613,0.199371,0.306090,5.000000,0.000000,599.000000,0.000000,6.368652,762.964502,5.000000,1.000000,6.368652,0.000000
sess_20260820_voip_107_flow_00001,real_sess_20260820_voip_107,sess_20260820_voip_107,VoIP,env_win11_wifi,LOW_BANDWIDTH,day_1,2026-08-20,batch_20260820_02,dev_win11_laptop,wifi,warp_enabled,voip_teams_voice,real,v2,sess_20260820_voip_107_flow_00001_prefix_5,prefix_5,0.000,1.334,0,5.000000,373.000000,74.600000,19.386593,81.000000,96.400000,0.333474,0.369341,0.172752,0.849338,5.000000,0.000000,373.000000,0.000000,3.748418,279.631969,4.000000,1.250000,2.998734,0.000000
sess_20260820_voip_108_flow_00000,real_sess_20260820_voip_108,sess_20260820_voip_108,VoIP,env_win11_eth,NORMAL,day_1,2026-08-20,batch_20260820_03,dev_win11_desktop,ethernet,warp_disabled,voip_meet_audio,real,v2,sess_20260820_voip_108_flow_00000_prefix_5,prefix_5,0.000,0.431,0,5.000000,991.000000,198.200000,51.409727,214.000000,241.800000,0.107690,0.149339,0.032745,0.317820,5.000000,0.000000,991.000000,0.000000,11.607368,2300.580282,3.000000,1.666667,6.964421,0.000000
sess_20260820_voip_108_flow_00001,real_sess_20260820_voip_108,sess_20260820_voip_108,VoIP,env_win11_eth,NORMAL,day_1,2026-08-20,batch_20260820_03,dev_win11_desktop,ethernet,warp_disabled,voip_meet_audio,real,v2,sess_20260820_voip_108_flow_00001_prefix_5,prefix_5,0.000,0.308,0,5.000000,1200.000000,240.000000,49.505555,258.000000,288.000000,0.077050,0.019283,0.078951,0.098395,5.000000,0.000000,1200.000000,0.000000,16.223262,3893.582959,5.000000,1.000000,16.223262,0.000000
sess_20260820_voip_109_flow_00000,real_sess_20260820_voip_109,sess_20260820_voip_109,VoIP,env_win11_eth,HIGH_LATENCY,day_1,2026-08-20,batch_20260820_04,dev_win11_desktop,ethernet,warp_enabled,voip_discord_voice,real,v2,sess_20260820_voip_109_flow_00000_prefix_5,prefix_5,0.000,1.038,0,5.000000,1251.000000,250.200000,57.010175,281.000000,311.600000,0.259530,0.257482,0.165019,0.617357,5.000000,0.000000,1251.000000,0.000000,4.816390,1205.060880,4.000000,1.250000,3.853112,0.000000
sess_20260820_voip_109_flow_00001,real_sess_20260820_voip_109,sess_20260820_voip_109,VoIP,env_win11_eth,HIGH_LATENCY,day_1,2026-08-20,batch_20260820_04,dev_win11_desktop,ethernet,warp_enabled,voip_discord_voice,real,v2,sess_20260820_voip_109_flow_00001_prefix_5,prefix_5,0.000,1.271,0,5.000000,1678.000000,335.600000,108.368999,329.000000,473.000000,0.317850,0.144266,0.378257,0.434352,5.000000,0.000000,1678.000000,0.000000,3.932675,1319.805745,5.000000,1.000000,3.932675,0.000000
sess_20260821_voip_110_flow_00000,real_sess_20260821_voip_110,sess_20260821_voip_110,VoIP,env_win11_wifi,NORMAL,day_2,2026-08-21,batch_20260821_01,dev_win11_laptop,wifi,warp_enabled,voip_skype_call,real,v2,sess_20260821_voip_110_flow_00000_prefix_5,prefix_5,0.000,0.752,0,5.000000,1795.000000,359.000000,91.976084,397.000000,457.400000,0.187971,0.182851,0.123044,0.440917,5.000000,0.000000,1795.000000,0.000000,6.649964,2387.337178,4.000000,1.250000,5.319971,0.000000
sess_20260821_voip_110_flow_00001,real_sess_20260821_voip_110,sess_20260821_voip_110,VoIP,env_win11_wifi,NORMAL,day_2,2026-08-21,batch_20260821_01,dev_win11_laptop,wifi,warp_enabled,voip_skype_call,real,v2,sess_20260821_voip_110_flow_00001_prefix_5,prefix_5,0.000,0.385,0,5.000000,1679.000000,335.800000,157.058460,398.000000,516.000000,0.096366,0.039879,0.118325,0.121270,5.000000,0.000000,1679.000000,0.000000,12.971324,4355.770734,4.000000,1.250000,10.377060,0.000000
sess_20260821_voip_111_flow_00000,real_sess_20260821_voip_111,sess_20260821_voip_111,VoIP,env_win11_wifi,HIGH_LATENCY,day_2,2026-08-21,batch_20260821_02,dev_win11_laptop,wifi,warp_enabled,voip_zoom_audio,real,v2,sess_20260821_voip_111_flow_00000_prefix_5,prefix_5,0.000,1.088,0,5.000000,855.000000,171.000000,64.903005,149.000000,248.000000,0.272045,0.149487,0.318014,0.412934,5.000000,0.000000,855.000000,0.000000,4.594821,785.714361,4.000000,1.250000,3.675857,0.000000
sess_20260821_voip_111_flow_00001,real_sess_20260821_voip_111,sess_20260821_voip_111,VoIP,env_win11_wifi,HIGH_LATENCY,day_2,2026-08-21,batch_20260821_02,dev_win11_laptop,wifi,warp_enabled,voip_zoom_audio,real,v2,sess_20260821_voip_111_flow_00001_prefix_5,prefix_5,0.000,1.236,0,5.000000,1384.000000,276.800000,57.332015,273.000000,344.000000,0.308944,0.234605,0.266940,0.597138,5.000000,0.000000,1384.000000,0.000000,4.046045,1119.945365,5.000000,1.000000,4.046045,0.000000
sess_20260821_voip_112_flow_00000,real_sess_20260821_voip_112,sess_20260821_voip_112,VoIP,env_win11_cellular,NORMAL,day_2,2026-08-21,batch_20260821_03,dev_win11_laptop,cellular,warp_disabled,voip_teams_voice,real,v2,sess_20260821_voip_112_flow_00000_prefix_5,prefix_5,0.000,0.636,0,5.000000,986.000000,197.200000,38.623309,200.000000,240.800000,0.159106,0.231601,0.035093,0.483314,5.000000,0.000000,986.000000,0.000000,7.856375,1549.277136,3.000000,1.666667,4.713825,0.000000
sess_20260821_voip_112_flow_00001,real_sess_20260821_voip_112,sess_20260821_voip_112,VoIP,env_win11_cellular,NORMAL,day_2,2026-08-21,batch_20260821_03,dev_win11_laptop,cellular,warp_disabled,voip_teams_voice,real,v2,sess_20260821_voip_112_flow_00001_prefix_5,prefix_5,0.000,0.557,0,5.000000,1106.000000,221.200000,109.645611,201.000000,372.000000,0.139312,0.131145,0.096124,0.318380,5.000000,0.000000,1106.000000,0.000000,8.972692,1984.759424,3.000000,1.666667,5.383615,0.000000
sess_20260821_voip_113_flow_00000,real_sess_20260821_voip_113,sess_20260821_voip_113,VoIP,env_win11_cellular,LOW_BANDWIDTH,day_2,2026-08-21,batch_20260821_04,dev_win11_laptop,cellular,warp_enabled,voip_meet_audio,real,v2,sess_20260821_voip_113_flow_00000_prefix_5,prefix_5,0.000,0.647,0,5.000000,416.000000,83.200000,8.376157,84.000000,94.800000,0.161824,0.117988,0.161167,0.303875,5.000000,0.000000,416.000000,0.000000,7.724458,642.674902,4.000000,1.250000,6.179566,0.000000
sess_20260821_voip_113_flow_00001,real_sess_20260821_voip_113,sess_20260821_voip_113,VoIP,env_win11_cellular,LOW_BANDWIDTH,day_2,2026-08-21,batch_20260821_04,dev_win11_laptop,cellular,warp_enabled,voip_meet_audio,real,v2,sess_20260821_voip_113_flow_00001_prefix_5,prefix_5,0.000,1.804,0,5.000000,451.000000,90.200000,20.536796,96.000000,116.000000,0.451108,0.367061,0.301866,0.964748,5.000000,0.000000,451.000000,0.000000,2.770956,249.940233,5.000000,1.000000,2.770956,0.000000
sess_20260822_voip_114_flow_00000,real_sess_20260822_voip_114,sess_20260822_voip_114,VoIP,env_win11_eth,NORMAL,day_3,2026-08-22,batch_20260822_01,dev_win11_desktop,ethernet,warp_enabled,voip_discord_voice,real,v2,sess_20260822_voip_114_flow_00000_prefix_5,prefix_5,0.000,0.790,0,5.000000,2373.000000,474.600000,162.182120,486.000000,626.000000,0.197393,0.194121,0.141911,0.458554,5.000000,0.000000,2373.000000,0.000000,6.332541,3005.423785,3.000000,1.666667,3.799524,0.000000
sess_20260822_voip_114_flow_00001,real_sess_20260822_voip_114,sess_20260822_voip_114,VoIP,env_win11_eth,NORMAL,day_3,2026-08-22,batch_20260822_01,dev_win11_desktop,ethernet,warp_enabled,voip_discord_voice,real,v2,sess_20260822_voip_114_flow_00001_prefix_5,prefix_5,0.000,0.169,0,5.000000,2119.000000,423.800000,82.862295,429.000000,507.800000,0.042298,0.037414,0.028199,0.094181,5.000000,0.000000,2119.000000,0.000000,29.552241,12524.239943,2.000000,2.500000,11.820897,0.000000
sess_20260822_voip_115_flow_00000,real_sess_20260822_voip_115,sess_20260822_voip_115,VoIP,env_win11_eth,PACKET_LOSS,day_3,2026-08-22,batch_20260822_02,dev_win11_desktop,ethernet,warp_enabled,voip_skype_call,real,v2,sess_20260822_voip_115_flow_00000_prefix_5,prefix_5,0.000,0.267,0,5.000000,996.000000,199.200000,38.290469,225.000000,234.800000,0.066725,0.063708,0.031600,0.155384,5.000000,0.000000,996.000000,0.000000,18.733604,3731.733915,2.000000,2.500000,7.493442,0.000000
sess_20260822_voip_115_flow_00001,real_sess_20260822_voip_115,sess_20260822_voip_115,VoIP,env_win11_eth,PACKET_LOSS,day_3,2026-08-22,batch_20260822_02,dev_win11_desktop,ethernet,warp_enabled,voip_skype_call,real,v2,sess_20260822_voip_115_flow_00001_prefix_5,prefix_5,0.000,0.372,0,5.000000,1031.000000,206.200000,49.211381,200.000000,274.000000,0.093081,0.084763,0.065744,0.209838,5.000000,0.000000,1031.000000,0.000000,13.429211,2769.103324,4.000000,1.250000,10.743369,0.000000
sess_20260822_voip_116_flow_00000,real_sess_20260822_voip_116,sess_20260822_voip_116,VoIP,env_win11_cellular,HIGH_LATENCY,day_3,2026-08-22,batch_20260822_03,dev_win11_laptop,cellular,warp_enabled,voip_zoom_audio,real,v2,sess_20260822_voip_116_flow_00000_prefix_5,prefix_5,0.000,2.057,0,5.000000,959.000000,191.800000,77.504581,181.000000,300.600000,0.514370,0.227676,0.537575,0.760206,5.000000,0.000000,959.000000,0.000000,2.430157,466.104029,5.000000,1.000000,2.430157,0.000000
sess_20260822_voip_116_flow_00001,real_sess_20260822_voip_116,sess_20260822_voip_116,VoIP,env_win11_cellular,HIGH_LATENCY,day_3,2026-08-22,batch_20260822_03,dev_win11_laptop,cellular,warp_enabled,voip_zoom_audio,real,v2,sess_20260822_voip_116_flow_00001_prefix_5,prefix_5,0.000,3.133,0,5.000000,1146.000000,229.200000,71.792479,236.000000,303.600000,0.783353,0.492843,0.684504,1.441888,5.000000,0.000000,1146.000000,0.000000,1.595705,365.735635,5.000000,1.000000,1.595705,0.000000
sess_20260822_voip_117_flow_00000,real_sess_20260822_voip_117,sess_20260822_voip_117,VoIP,env_win11_cellular,NORMAL,day_3,2026-08-22,batch_20260822_04,dev_win11_laptop,cellular,warp_disabled,voip_teams_voice,real,v2,sess_20260822_voip_117_flow_00000_prefix_5,prefix_5,0.000,1.126,0,5.000000,1241.000000,248.200000,105.108325,246.000000,398.400000,0.281565,0.199794,0.213593,0.558345,5.000000,0.000000,1241.000000,0.000000,4.439476,1101.877925,5.000000,1.000000,4.439476,0.000000
sess_20260822_voip_117_flow_00001,real_sess_20260822_voip_117,sess_20260822_voip_117,VoIP,env_win11_cellular,NORMAL,day_3,2026-08-22,batch_20260822_04,dev_win11_laptop,cellular,warp_disabled,voip_teams_voice,real,v2,sess_20260822_voip_117_flow_00001_prefix_5,prefix_5,0.000,0.132,0,5.000000,1480.000000,296.000000,68.117545,282.000000,386.800000,0.032906,0.038467,0.014576,0.086782,5.000000,0.000000,1480.000000,0.000000,37.986696,11244.062073,2.000000,2.500000,15.194678,0.000000
sess_20260823_voip_118_flow_00000,real_sess_20260823_voip_118,sess_20260823_voip_118,VoIP,env_win11_wifi,LOW_BANDWIDTH,day_4,2026-08-23,batch_20260823_02,dev_win11_laptop,wifi,warp_enabled,voip_meet_audio,real,v2,sess_20260823_voip_118_flow_00000_prefix_5,prefix_5,0.000,0.657,0,5.000000,874.000000,174.800000,28.109785,189.000000,205.200000,0.164145,0.245122,0.028548,0.506255,5.000000,0.000000,874.000000,0.000000,7.615208,1331.138419,2.000000,2.500000,3.046083,0.000000
sess_20260823_voip_118_flow_00001,real_sess_20260823_voip_118,sess_20260823_voip_118,VoIP,env_win11_wifi,LOW_BANDWIDTH,day_4,2026-08-23,batch_20260823_02,dev_win11_laptop,wifi,warp_enabled,voip_meet_audio,real,v2,sess_20260823_voip_118_flow_00001_prefix_5,prefix_5,0.000,0.514,0,5.000000,1080.000000,216.000000,63.664747,202.000000,308.600000,0.128391,0.121087,0.102068,0.282814,5.000000,0.000000,1080.000000,0.000000,9.735914,2102.957494,3.000000,1.666667,5.841549,0.000000
sess_20260823_voip_119_flow_00000,real_sess_20260823_voip_119,sess_20260823_voip_119,VoIP,env_win11_eth,LOW_BANDWIDTH,day_4,2026-08-23,batch_20260823_03,dev_win11_desktop,ethernet,warp_enabled,voip_discord_voice,real,v2,sess_20260823_voip_119_flow_00000_prefix_5,prefix_5,0.000,0.751,0,5.000000,479.000000,95.800000,16.928083,94.000000,116.800000,0.187815,0.192578,0.133772,0.445055,5.000000,0.000000,479.000000,0.000000,6.655478,637.594838,3.000000,1.666667,3.993287,0.000000
sess_20260823_voip_119_flow_00001,real_sess_20260823_voip_119,sess_20260823_voip_119,VoIP,env_win11_eth,LOW_BANDWIDTH,day_4,2026-08-23,batch_20260823_03,dev_win11_desktop,ethernet,warp_enabled,voip_discord_voice,real,v2,sess_20260823_voip_119_flow_00001_prefix_5,prefix_5,0.000,2.339,0,5.000000,410.000000,82.000000,24.535688,89.000000,108.400000,0.584626,0.600046,0.376337,1.401473,5.000000,0.000000,410.000000,0.000000,2.138118,175.325669,5.000000,1.000000,2.138118,0.000000
sess_20260823_voip_120_flow_00000,real_sess_20260823_voip_120,sess_20260823_voip_120,VoIP,env_win11_cellular,NORMAL,day_4,2026-08-23,batch_20260823_04,dev_win11_laptop,cellular,warp_enabled,voip_skype_call,real,v2,sess_20260823_voip_120_flow_00000_prefix_5,prefix_5,0.000,0.236,0,5.000000,1022.000000,204.400000,30.981285,189.000000,246.200000,0.059109,0.023744,0.064001,0.084042,5.000000,0.000000,1022.000000,0.000000,21.147262,4322.500385,4.000000,1.250000,16.917810,0.000000
sess_20260823_voip_120_flow_00001,real_sess_20260823_voip_120,sess_20260823_voip_120,VoIP,env_win11_cellular,NORMAL,day_4,2026-08-23,batch_20260823_04,dev_win11_laptop,cellular,warp_enabled,voip_skype_call,real,v2,sess_20260823_voip_120_flow_00001_prefix_5,prefix_5,0.000,0.294,0,5.000000,796.000000,159.200000,46.764944,168.000000,217.400000,0.073586,0.086847,0.032414,0.194580,5.000000,0.000000,796.000000,0.000000,16.986946,2704.321843,2.000000,2.500000,6.794779,0.000000
sess_20260820_file_transfer_121_flow_00000,real_sess_20260820_file_transfer_121,sess_20260820_file_transfer_121,File Transfer,env_win11_wifi,NORMAL,day_1,2026-08-20,batch_20260820_01,dev_win11_laptop,wifi,warp_enabled,ft_gdrive_upload,real,v2,sess_20260820_file_transfer_121_flow_00000_prefix_5,prefix_5,0.000,0.589,0,5.000000,1145.000000,229.000000,55.896333,209.000000,308.800000,0.147138,0.134489,0.095686,0.333656,5.000000,0.000000,1145.000000,0.000000,8.495421,1945.451346,3.000000,1.666667,5.097252,0.000000
sess_20260820_file_transfer_121_flow_00001,real_sess_20260820_file_transfer_121,sess_20260820_file_transfer_121,File Transfer,env_win11_wifi,NORMAL,day_1,2026-08-20,batch_20260820_01,dev_win11_laptop,wifi,warp_enabled,ft_gdrive_upload,real,v2,sess_20260820_file_transfer_121_flow_00001_prefix_5,prefix_5,0.000,0.354,0,5.000000,1074.000000,214.800000,69.978282,233.000000,293.800000,0.088613,0.074530,0.066118,0.189600,5.000000,0.000000,1074.000000,0.000000,14.106266,3030.025913,3.000000,1.666667,8.463760,0.000000
sess_20260820_file_transfer_122_flow_00000,real_sess_20260820_file_transfer_122,sess_20260820_file_transfer_122,File Transfer,env_win11_wifi,LOW_BANDWIDTH,day_1,2026-08-20,batch_20260820_02,dev_win11_laptop,wifi,warp_enabled,ft_dropbox_download,real,v2,sess_20260820_file_transfer_122_flow_00000_prefix_5,prefix_5,0.000,0.554,0,5.000000,889.000000,177.800000,74.402688,173.000000,277.800000,0.138598,0.134426,0.083728,0.325483,5.000000,0.000000,889.000000,0.000000,9.018874,1603.555714,4.000000,1.250000,7.215099,0.000000
sess_20260820_file_transfer_122_flow_00001,real_sess_20260820_file_transfer_122,sess_20260820_file_transfer_122,File Transfer,env_win11_wifi,LOW_BANDWIDTH,day_1,2026-08-20,batch_20260820_02,dev_win11_laptop,wifi,warp_enabled,ft_dropbox_download,real,v2,sess_20260820_file_transfer_122_flow_00001_prefix_5,prefix_5,0.000,1.583,0,5.000000,577.000000,115.400000,46.405172,113.000000,169.600000,0.395716,0.374983,0.261733,0.913821,5.000000,0.000000,577.000000,0.000000,3.158831,364.529143,4.000000,1.250000,2.527065,0.000000
sess_20260820_file_transfer_123_flow_00000,real_sess_20260820_file_transfer_123,sess_20260820_file_transfer_123,File Transfer,env_win11_eth,NORMAL,day_1,2026-08-20,batch_20260820_03,dev_win11_desktop,ethernet,warp_disabled,ft_sftp_sync,real,v2,sess_20260820_file_transfer_123_flow_00000_prefix_5,prefix_5,0.000,0.955,0,5.000000,1152.000000,230.400000,39.362927,230.000000,284.800000,0.238773,0.133338,0.221212,0.403222,5.000000,0.000000,1152.000000,0.000000,5.235099,1206.166892,5.000000,1.000000,5.235099,0.000000
sess_20260820_file_transfer_123_flow_00001,real_sess_20260820_file_transfer_123,sess_20260820_file_transfer_123,File Transfer,env_win11_eth,NORMAL,day_1,2026-08-20,batch_20260820_03,dev_win11_desktop,ethernet,warp_disabled,ft_sftp_sync,real,v2,sess_20260820_file_transfer_123_flow_00001_prefix_5,prefix_5,0.000,0.369,0,5.000000,1115.000000,223.000000,25.861168,206.000000,262.400000,0.092206,0.076108,0.076402,0.193860,5.000000,0.000000,1115.000000,0.000000,13.556610,3023.124002,4.000000,1.250000,10.845288,0.000000
sess_20260820_file_transfer_124_flow_00000,real_sess_20260820_file_transfer_124,sess_20260820_file_transfer_124,File Transfer,env_win11_eth,HIGH_LATENCY,day_1,2026-08-20,batch_20260820_04,dev_win11_desktop,ethernet,warp_enabled,ft_onedrive_sync,real,v2,sess_20260820_file_transfer_124_flow_00000_prefix_5,prefix_5,0.000,2.000,0,5.000000,636.000000,127.200000,60.825652,121.000000,207.600000,0.500036,0.287092,0.512493,0.820964,5.000000,0.000000,636.000000,0.000000,2.499821,317.977246,5.000000,1.000000,2.499821,0.000000
sess_20260820_file_transfer_124_flow_00001,real_sess_20260820_file_transfer_124,sess_20260820_file_transfer_124,File Transfer,env_win11_eth,HIGH_LATENCY,day_1,2026-08-20,batch_20260820_04,dev_win11_desktop,ethernet,warp_enabled,ft_onedrive_sync,real,v2,sess_20260820_file_transfer_124_flow_00001_prefix_5,prefix_5,0.000,1.507,0,5.000000,758.000000,151.600000,17.884071,159.000000,166.000000,0.376716,0.303375,0.390605,0.686550,5.000000,0.000000,758.000000,0.000000,3.318146,503.030917,4.000000,1.250000,2.654517,0.000000
sess_20260821_file_transfer_125_flow_00000,real_sess_20260821_file_transfer_125,sess_20260821_file_transfer_125,File Transfer,env_win11_wifi,NORMAL,day_2,2026-08-21,batch_20260821_01,dev_win11_laptop,wifi,warp_enabled,ft_mega_download,real,v2,sess_20260821_file_transfer_125_flow_00000_prefix_5,prefix_5,0.000,0.588,0,5.000000,1159.000000,231.800000,59.124952,222.000000,315.800000,0.147069,0.072444,0.145329,0.236119,5.000000,0.000000,1159.000000,0.000000,8.499441,1970.170343,5.000000,1.000000,8.499441,0.000000
sess_20260821_file_transfer_125_flow_00001,real_sess_20260821_file_transfer_125,sess_20260821_file_transfer_125,File Transfer,env_win11_wifi,NORMAL,day_2,2026-08-21,batch_20260821_01,dev_win11_laptop,wifi,warp_enabled,ft_mega_download,real,v2,sess_20260821_file_transfer_125_flow_00001_prefix_5,prefix_5,0.000,0.421,0,5.000000,1029.000000,205.800000,31.820748,213.000000,248.200000,0.105334,0.040328,0.093422,0.160193,5.000000,0.000000,1029.000000,0.000000,11.866959,2442.220064,5.000000,1.000000,11.866959,0.000000
sess_20260821_file_transfer_126_flow_00000,real_sess_20260821_file_transfer_126,sess_20260821_file_transfer_126,File Transfer,env_win11_wifi,HIGH_LATENCY,day_2,2026-08-21,batch_20260821_02,dev_win11_laptop,wifi,warp_enabled,ft_gdrive_upload,real,v2,sess_20260821_file_transfer_126_flow_00000_prefix_5,prefix_5,0.000,2.931,0,5.000000,1221.000000,244.200000,104.524447,305.000000,341.200000,0.732638,0.365650,0.785756,1.132942,5.000000,0.000000,1221.000000,0.000000,1.706164,416.645282,5.000000,1.000000,1.706164,0.000000
sess_20260821_file_transfer_126_flow_00001,real_sess_20260821_file_transfer_126,sess_20260821_file_transfer_126,File Transfer,env_win11_wifi,HIGH_LATENCY,day_2,2026-08-21,batch_20260821_02,dev_win11_laptop,wifi,warp_enabled,ft_gdrive_upload,real,v2,sess_20260821_file_transfer_126_flow_00001_prefix_5,prefix_5,0.000,1.649,0,5.000000,1223.000000,244.600000,76.570490,226.000000,336.200000,0.412151,0.263207,0.466967,0.672607,5.000000,0.000000,1223.000000,0.000000,3.032867,741.839204,4.000000,1.250000,2.426293,0.000000
sess_20260821_file_transfer_127_flow_00000,real_sess_20260821_file_transfer_127,sess_20260821_file_transfer_127,File Transfer,env_win11_cellular,NORMAL,day_2,2026-08-21,batch_20260821_03,dev_win11_laptop,cellular,warp_disabled,ft_dropbox_download,real,v2,sess_20260821_file_transfer_127_flow_00000_prefix_5,prefix_5,0.000,0.319,0,5.000000,1617.000000,323.400000,112.854951,299.000000,471.000000,0.079785,0.091474,0.036438,0.207452,5.000000,0.000000,1617.000000,0.000000,15.667146,5066.755139,2.000000,2.500000,6.266859,0.000000
sess_20260821_file_transfer_127_flow_00001,real_sess_20260821_file_transfer_127,sess_20260821_file_transfer_127,File Transfer,env_win11_cellular,NORMAL,day_2,2026-08-21,batch_20260821_03,dev_win11_laptop,cellular,warp_disabled,ft_dropbox_download,real,v2,sess_20260821_file_transfer_127_flow_00001_prefix_5,prefix_5,0.000,0.745,0,5.000000,1771.000000,354.200000,55.134019,365.000000,424.400000,0.186142,0.116789,0.192416,0.323567,5.000000,0.000000,1771.000000,0.000000,6.715288,2378.555124,4.000000,1.250000,5.372231,0.000000
sess_20260821_file_transfer_128_flow_00000,real_sess_20260821_file_transfer_128,sess_20260821_file_transfer_128,File Transfer,env_win11_cellular,LOW_BANDWIDTH,day_2,2026-08-21,batch_20260821_04,dev_win11_laptop,cellular,warp_enabled,ft_sftp_sync,real,v2,sess_20260821_file_transfer_128_flow_00000_prefix_5,prefix_5,0.000,1.203,0,5.000000,429.000000,85.800000,25.670216,79.000000,124.800000,0.300844,0.216544,0.217211,0.602742,5.000000,0.000000,429.000000,0.000000,4.154973,356.496681,5.000000,1.000000,4.154973,0.000000
sess_20260821_file_transfer_128_flow_00001,real_sess_20260821_file_transfer_128,sess_20260821_file_transfer_128,File Transfer,env_win11_cellular,LOW_BANDWIDTH,day_2,2026-08-21,batch_20260821_04,dev_win11_laptop,cellular,warp_enabled,ft_sftp_sync,real,v2,sess_20260821_file_transfer_128_flow_00001_prefix_5,prefix_5,0.000,0.763,0,5.000000,473.000000,94.600000,33.630938,94.000000,142.800000,0.190696,0.146009,0.164478,0.384176,5.000000,0.000000,473.000000,0.000000,6.554924,620.095830,4.000000,1.250000,5.243939,0.000000
sess_20260822_file_transfer_129_flow_00000,real_sess_20260822_file_transfer_129,sess_20260822_file_transfer_129,File Transfer,env_win11_eth,NORMAL,day_3,2026-08-22,batch_20260822_01,dev_win11_desktop,ethernet,warp_enabled,ft_onedrive_sync,real,v2,sess_20260822_file_transfer_129_flow_00000_prefix_5,prefix_5,0.000,1.009,0,5.000000,1313.000000,262.600000,79.303468,227.000000,364.400000,0.252137,0.169426,0.275181,0.422017,5.000000,0.000000,1313.000000,0.000000,4.957625,1301.872310,4.000000,1.250000,3.966100,0.000000
sess_20260822_file_transfer_129_flow_00001,real_sess_20260822_file_transfer_129,sess_20260822_file_transfer_129,File Transfer,env_win11_eth,NORMAL,day_3,2026-08-22,batch_20260822_01,dev_win11_desktop,ethernet,warp_enabled,ft_onedrive_sync,real,v2,sess_20260822_file_transfer_129_flow_00001_prefix_5,prefix_5,0.000,0.753,0,5.000000,1440.000000,288.000000,47.766097,313.000000,332.400000,0.188209,0.026021,0.194262,0.214480,5.000000,0.000000,1440.000000,0.000000,6.641560,1912.769284,5.000000,1.000000,6.641560,0.000000
sess_20260822_file_transfer_130_flow_00000,real_sess_20260822_file_transfer_130,sess_20260822_file_transfer_130,File Transfer,env_win11_eth,PACKET_LOSS,day_3,2026-08-22,batch_20260822_02,dev_win11_desktop,ethernet,warp_enabled,ft_mega_download,real,v2,sess_20260822_file_transfer_130_flow_00000_prefix_5,prefix_5,0.000,1.028,0,5.000000,1073.000000,214.600000,56.151937,223.000000,279.200000,0.257018,0.174194,0.244255,0.475123,5.000000,0.000000,1073.000000,0.000000,4.863470,1043.700739,4.000000,1.250000,3.890776,0.000000
sess_20260822_file_transfer_130_flow_00001,real_sess_20260822_file_transfer_130,sess_20260822_file_transfer_130,File Transfer,env_win11_eth,PACKET_LOSS,day_3,2026-08-22,batch_20260822_02,dev_win11_desktop,ethernet,warp_enabled,ft_mega_download,real,v2,sess_20260822_file_transfer_130_flow_00001_prefix_5,prefix_5,0.000,0.691,0,5.000000,684.000000,136.800000,41.532638,116.000000,190.200000,0.172832,0.103035,0.181180,0.283182,5.000000,0.000000,684.000000,0.000000,7.232459,989.400329,4.000000,1.250000,5.785967,0.000000
sess_20260822_file_transfer_131_flow_00000,real_sess_20260822_file_transfer_131,sess_20260822_file_transfer_131,File Transfer,env_win11_cellular,HIGH_LATENCY,day_3,2026-08-22,batch_20260822_03,dev_win11_laptop,cellular,warp_enabled,ft_gdrive_upload,real,v2,sess_20260822_file_transfer_131_flow_00000_prefix_5,prefix_5,0.000,1.610,0,5.000000,1356.000000,271.200000,119.676898,283.000000,409.200000,0.402592,0.305319,0.346160,0.797342,5.000000,0.000000,1356.000000,0.000000,3.104884,842.044447,5.000000,1.000000,3.104884,0.000000
sess_20260822_file_transfer_131_flow_00001,real_sess_20260822_file_transfer_131,sess_20260822_file_transfer_131,File Transfer,env_win11_cellular,HIGH_LATENCY,day_3,2026-08-22,batch_20260822_03,dev_win11_laptop,cellular,warp_enabled,ft_gdrive_upload,real,v2,sess_20260822_file_transfer_131_flow_00001_prefix_5,prefix_5,0.000,1.726,0,5.000000,997.000000,199.400000,33.731884,212.000000,238.200000,0.431429,0.365150,0.319171,0.928691,5.000000,0.000000,997.000000,0.000000,2.897350,577.731508,5.000000,1.000000,2.897350,0.000000
sess_20260822_file_transfer_132_flow_00000,real_sess_20260822_file_transfer_132,sess_20260822_file_transfer_132,File Transfer,env_win11_cellular,NORMAL,day_3,2026-08-22,batch_20260822_04,dev_win11_laptop,cellular,warp_disabled,ft_dropbox_download,real,v2,sess_20260822_file_transfer_132_flow_00000_prefix_5,prefix_5,0.000,0.908,0,5.000000,1207.000000,241.400000,76.664464,210.000000,358.800000,0.226935,0.153896,0.216622,0.415680,5.000000,0.000000,1207.000000,0.000000,5.508191,1329.677333,4.000000,1.250000,4.406553,0.000000
sess_20260822_file_transfer_132_flow_00001,real_sess_20260822_file_transfer_132,sess_20260822_file_transfer_132,File Transfer,env_win11_cellular,NORMAL,day_3,2026-08-22,batch_20260822_04,dev_win11_laptop,cellular,warp_disabled,ft_dropbox_download,real,v2,sess_20260822_file_transfer_132_flow_00001_prefix_5,prefix_5,0.000,0.533,0,5.000000,1059.000000,211.800000,73.128380,225.000000,297.400000,0.133292,0.138752,0.069358,0.327923,5.000000,0.000000,1059.000000,0.000000,9.377880,1986.235003,4.000000,1.250000,7.502304,0.000000
sess_20260823_file_transfer_133_flow_00000,real_sess_20260823_file_transfer_133,sess_20260823_file_transfer_133,File Transfer,env_win11_wifi,LOW_BANDWIDTH,day_4,2026-08-23,batch_20260823_02,dev_win11_laptop,wifi,warp_enabled,ft_sftp_sync,real,v2,sess_20260823_file_transfer_133_flow_00000_prefix_5,prefix_5,0.000,0.509,0,5.000000,320.000000,64.000000,20.774985,60.000000,93.400000,0.127283,0.099101,0.124746,0.239871,5.000000,0.000000,320.000000,0.000000,9.820618,628.519545,3.000000,1.666667,5.892371,0.000000
sess_20260823_file_transfer_133_flow_00001,real_sess_20260823_file_transfer_133,sess_20260823_file_transfer_133,File Transfer,env_win11_wifi,LOW_BANDWIDTH,day_4,2026-08-23,batch_20260823_02,dev_win11_laptop,wifi,warp_enabled,ft_sftp_sync,real,v2,sess_20260823_file_transfer_133_flow_00001_prefix_5,prefix_5,0.000,0.852,0,5.000000,833.000000,166.600000,42.762600,173.000000,224.800000,0.212908,0.182098,0.121219,0.467610,5.000000,0.000000,833.000000,0.000000,5.871077,978.121406,5.000000,1.000000,5.871077,0.000000
sess_20260823_file_transfer_134_flow_00000,real_sess_20260823_file_transfer_134,sess_20260823_file_transfer_134,File Transfer,env_win11_eth,LOW_BANDWIDTH,day_4,2026-08-23,batch_20260823_03,dev_win11_desktop,ethernet,warp_enabled,ft_onedrive_sync,real,v2,sess_20260823_file_transfer_134_flow_00000_prefix_5,prefix_5,0.000,0.607,0,5.000000,875.000000,175.000000,40.194527,192.000000,215.400000,0.151828,0.098473,0.129965,0.279056,5.000000,0.000000,875.000000,0.000000,8.233025,1440.779372,5.000000,1.000000,8.233025,0.000000
sess_20260823_file_transfer_134_flow_00001,real_sess_20260823_file_transfer_134,sess_20260823_file_transfer_134,File Transfer,env_win11_eth,LOW_BANDWIDTH,day_4,2026-08-23,batch_20260823_03,dev_win11_desktop,ethernet,warp_enabled,ft_onedrive_sync,real,v2,sess_20260823_file_transfer_134_flow_00001_prefix_5,prefix_5,0.000,0.872,0,5.000000,670.000000,134.000000,30.757113,141.000000,163.000000,0.218056,0.106323,0.256509,0.311711,5.000000,0.000000,670.000000,0.000000,5.732474,768.151487,4.000000,1.250000,4.585979,0.000000
sess_20260823_file_transfer_135_flow_00000,real_sess_20260823_file_transfer_135,sess_20260823_file_transfer_135,File Transfer,env_win11_cellular,NORMAL,day_4,2026-08-23,batch_20260823_04,dev_win11_laptop,cellular,warp_enabled,ft_mega_download,real,v2,sess_20260823_file_transfer_135_flow_00000_prefix_5,prefix_5,0.000,0.326,0,5.000000,1388.000000,277.600000,110.240827,256.000000,426.000000,0.081469,0.078016,0.055234,0.188506,5.000000,0.000000,1388.000000,0.000000,15.343269,4259.291424,4.000000,1.250000,12.274615,0.000000
sess_20260823_file_transfer_135_flow_00001,real_sess_20260823_file_transfer_135,sess_20260823_file_transfer_135,File Transfer,env_win11_cellular,NORMAL,day_4,2026-08-23,batch_20260823_04,dev_win11_laptop,cellular,warp_enabled,ft_mega_download,real,v2,sess_20260823_file_transfer_135_flow_00001_prefix_5,prefix_5,0.000,0.164,0,5.000000,2082.000000,416.400000,148.545751,484.000000,553.000000,0.040913,0.030402,0.037556,0.080109,5.000000,0.000000,2082.000000,0.000000,30.552839,12722.202074,2.000000,2.500000,12.221136,0.000000
sess_20260820_other_136_flow_00000,real_sess_20260820_other_136,sess_20260820_other_136,Other,env_win11_wifi,NORMAL,day_1,2026-08-20,batch_20260820_01,dev_win11_laptop,wifi,warp_enabled,oth_dns_ntp_sync,real,v2,sess_20260820_other_136_flow_00000_prefix_5,prefix_5,0.000,0.907,0,5.000000,1061.000000,212.200000,67.318348,183.000000,305.600000,0.226865,0.182448,0.137030,0.483581,5.000000,0.000000,1061.000000,0.000000,5.509892,1169.199059,5.000000,1.000000,5.509892,0.000000
sess_20260820_other_136_flow_00001,real_sess_20260820_other_136,sess_20260820_other_136,Other,env_win11_wifi,NORMAL,day_1,2026-08-20,batch_20260820_01,dev_win11_laptop,wifi,warp_enabled,oth_dns_ntp_sync,real,v2,sess_20260820_other_136_flow_00001_prefix_5,prefix_5,0.000,0.900,0,5.000000,936.000000,187.200000,108.979631,141.000000,340.400000,0.225050,0.159284,0.228636,0.416858,5.000000,0.000000,936.000000,0.000000,5.554322,1039.769139,4.000000,1.250000,4.443458,0.000000
sess_20260820_other_137_flow_00000,real_sess_20260820_other_137,sess_20260820_other_137,Other,env_win11_wifi,LOW_BANDWIDTH,day_1,2026-08-20,batch_20260820_02,dev_win11_laptop,wifi,warp_enabled,oth_os_update_check,real,v2,sess_20260820_other_137_flow_00000_prefix_5,prefix_5,0.000,2.287,0,5.000000,640.000000,128.000000,19.442222,123.000000,156.400000,0.571773,0.064012,0.545714,0.661377,5.000000,0.000000,640.000000,0.000000,2.186183,279.831417,5.000000,1.000000,2.186183,0.000000
sess_20260820_other_137_flow_00001,real_sess_20260820_other_137,sess_20260820_other_137,Other,env_win11_wifi,LOW_BANDWIDTH,day_1,2026-08-20,batch_20260820_02,dev_win11_laptop,wifi,warp_enabled,oth_os_update_check,real,v2,sess_20260820_other_137_flow_00001_prefix_5,prefix_5,0.000,0.502,0,5.000000,574.000000,114.800000,31.211536,112.000000,157.800000,0.125576,0.033103,0.113928,0.171500,5.000000,0.000000,574.000000,0.000000,9.954126,1142.733618,5.000000,1.000000,9.954126,0.000000
sess_20260820_other_138_flow_00000,real_sess_20260820_other_138,sess_20260820_other_138,Other,env_win11_eth,NORMAL,day_1,2026-08-20,batch_20260820_03,dev_win11_desktop,ethernet,warp_disabled,oth_telemetry_heartbeat,real,v2,sess_20260820_other_138_flow_00000_prefix_5,prefix_5,0.000,0.823,0,5.000000,1199.000000,239.800000,39.710956,261.000000,274.600000,0.205723,0.114199,0.216264,0.329930,5.000000,0.000000,1199.000000,0.000000,6.076134,1457.056957,5.000000,1.000000,6.076134,0.000000
sess_20260820_other_138_flow_00001,real_sess_20260820_other_138,sess_20260820_other_138,Other,env_win11_eth,NORMAL,day_1,2026-08-20,batch_20260820_03,dev_win11_desktop,ethernet,warp_disabled,oth_telemetry_heartbeat,real,v2,sess_20260820_other_138_flow_00001_prefix_5,prefix_5,0.000,0.825,0,5.000000,858.000000,171.600000,56.301332,200.000000,229.800000,0.206266,0.126973,0.202083,0.358733,5.000000,0.000000,858.000000,0.000000,6.060122,1039.916938,4.000000,1.250000,4.848098,0.000000
sess_20260820_other_139_flow_00000,real_sess_20260820_other_139,sess_20260820_other_139,Other,env_win11_eth,HIGH_LATENCY,day_1,2026-08-20,batch_20260820_04,dev_win11_desktop,ethernet,warp_enabled,oth_idle_keepalive,real,v2,sess_20260820_other_139_flow_00000_prefix_5,prefix_5,0.000,4.628,0,5.000000,1293.000000,258.600000,73.161739,237.000000,369.400000,1.157097,0.356131,0.993174,1.657412,5.000000,0.000000,1293.000000,0.000000,1.080290,279.362972,5.000000,1.000000,1.080290,0.000000
sess_20260820_other_139_flow_00001,real_sess_20260820_other_139,sess_20260820_other_139,Other,env_win11_eth,HIGH_LATENCY,day_1,2026-08-20,batch_20260820_04,dev_win11_desktop,ethernet,warp_enabled,oth_idle_keepalive,real,v2,sess_20260820_other_139_flow_00001_prefix_5,prefix_5,0.000,1.355,0,5.000000,1483.000000,296.600000,101.213833,306.000000,417.000000,0.338693,0.150142,0.316826,0.531656,5.000000,0.000000,1483.000000,0.000000,3.690662,1094.650320,5.000000,1.000000,3.690662,0.000000
sess_20260821_other_140_flow_00000,real_sess_20260821_other_140,sess_20260821_other_140,Other,env_win11_wifi,NORMAL,day_2,2026-08-21,batch_20260821_01,dev_win11_laptop,wifi,warp_enabled,oth_cloud_backup,real,v2,sess_20260821_other_140_flow_00000_prefix_5,prefix_5,0.000,0.083,0,5.000000,1346.000000,269.200000,53.210525,275.000000,316.800000,0.020652,0.018257,0.015221,0.045641,5.000000,0.000000,1346.000000,0.000000,60.525871,16293.564567,1.000000,5.000000,12.105174,0.000000
sess_20260821_other_140_flow_00001,real_sess_20260821_other_140,sess_20260821_other_140,Other,env_win11_wifi,NORMAL,day_2,2026-08-21,batch_20260821_01,dev_win11_laptop,wifi,warp_enabled,oth_cloud_backup,real,v2,sess_20260821_other_140_flow_00001_prefix_5,prefix_5,0.000,0.181,0,5.000000,1750.000000,350.000000,83.184133,368.000000,427.000000,0.045225,0.032331,0.045203,0.078392,5.000000,0.000000,1750.000000,0.000000,27.639721,9673.902181,3.000000,1.666667,16.583832,0.000000
sess_20260821_other_141_flow_00000,real_sess_20260821_other_141,sess_20260821_other_141,Other,env_win11_wifi,HIGH_LATENCY,day_2,2026-08-21,batch_20260821_02,dev_win11_laptop,wifi,warp_enabled,oth_dns_ntp_sync,real,v2,sess_20260821_other_141_flow_00000_prefix_5,prefix_5,0.000,1.431,0,5.000000,1213.000000,242.600000,129.195356,204.000000,424.800000,0.357852,0.084031,0.354637,0.456130,5.000000,0.000000,1213.000000,0.000000,3.493062,847.416866,5.000000,1.000000,3.493062,0.000000
sess_20260821_other_141_flow_00001,real_sess_20260821_other_141,sess_20260821_other_141,Other,env_win11_wifi,HIGH_LATENCY,day_2,2026-08-21,batch_20260821_02,dev_win11_laptop,wifi,warp_enabled,oth_dns_ntp_sync,real,v2,sess_20260821_other_141_flow_00001_prefix_5,prefix_5,0.000,2.640,0,5.000000,1526.000000,305.200000,89.405593,301.000000,408.400000,0.659915,0.499886,0.739384,1.152511,5.000000,0.000000,1526.000000,0.000000,1.894182,578.104377,4.000000,1.250000,1.515346,0.000000
sess_20260821_other_142_flow_00000,real_sess_20260821_other_142,sess_20260821_other_142,Other,env_win11_cellular,NORMAL,day_2,2026-08-21,batch_20260821_03,dev_win11_laptop,cellular,warp_disabled,oth_os_update_check,real,v2,sess_20260821_other_142_flow_00000_prefix_5,prefix_5,0.000,0.632,0,5.000000,3016.000000,603.200000,116.674590,579.000000,750.600000,0.157938,0.139142,0.094487,0.353394,5.000000,0.000000,3016.000000,0.000000,7.914509,4774.031865,4.000000,1.250000,6.331607,0.000000
sess_20260821_other_142_flow_00001,real_sess_20260821_other_142,sess_20260821_other_142,Other,env_win11_cellular,NORMAL,day_2,2026-08-21,batch_20260821_03,dev_win11_laptop,cellular,warp_disabled,oth_os_update_check,real,v2,sess_20260821_other_142_flow_00001_prefix_5,prefix_5,0.000,0.253,0,5.000000,3425.000000,685.000000,164.196224,766.000000,862.200000,0.063206,0.048475,0.054145,0.127566,5.000000,0.000000,3425.000000,0.000000,19.776515,13546.912503,3.000000,1.666667,11.865909,0.000000
sess_20260821_other_143_flow_00000,real_sess_20260821_other_143,sess_20260821_other_143,Other,env_win11_cellular,LOW_BANDWIDTH,day_2,2026-08-21,batch_20260821_04,dev_win11_laptop,cellular,warp_enabled,oth_telemetry_heartbeat,real,v2,sess_20260821_other_143_flow_00000_prefix_5,prefix_5,0.000,0.935,0,5.000000,924.000000,184.800000,35.571899,191.000000,220.800000,0.233812,0.252627,0.138823,0.580889,5.000000,0.000000,924.000000,0.000000,5.346185,987.974907,3.000000,1.666667,3.207711,0.000000
sess_20260821_other_143_flow_00001,real_sess_20260821_other_143,sess_20260821_other_143,Other,env_win11_cellular,LOW_BANDWIDTH,day_2,2026-08-21,batch_20260821_04,dev_win11_laptop,cellular,warp_enabled,oth_telemetry_heartbeat,real,v2,sess_20260821_other_143_flow_00001_prefix_5,prefix_5,0.000,0.332,0,5.000000,734.000000,146.800000,51.140591,135.000000,221.400000,0.082896,0.077685,0.051938,0.190876,5.000000,0.000000,734.000000,0.000000,15.079178,2213.623346,3.000000,1.666667,9.047507,0.000000
sess_20260822_other_144_flow_00000,real_sess_20260822_other_144,sess_20260822_other_144,Other,env_win11_eth,NORMAL,day_3,2026-08-22,batch_20260822_01,dev_win11_desktop,ethernet,warp_enabled,oth_idle_keepalive,real,v2,sess_20260822_other_144_flow_00000_prefix_5,prefix_5,0.000,0.094,0,5.000000,1930.000000,386.000000,84.399052,348.000000,513.400000,0.023407,0.024490,0.015625,0.056229,5.000000,0.000000,1930.000000,0.000000,53.403145,20613.614040,2.000000,2.500000,21.361258,0.000000
sess_20260822_other_144_flow_00001,real_sess_20260822_other_144,sess_20260822_other_144,Other,env_win11_eth,NORMAL,day_3,2026-08-22,batch_20260822_01,dev_win11_desktop,ethernet,warp_enabled,oth_idle_keepalive,real,v2,sess_20260822_other_144_flow_00001_prefix_5,prefix_5,0.000,0.180,0,5.000000,2945.000000,589.000000,145.372625,634.000000,701.400000,0.045023,0.031865,0.039909,0.086877,5.000000,0.000000,2945.000000,0.000000,27.763294,16352.580330,3.000000,1.666667,16.657977,0.000000
sess_20260822_other_145_flow_00000,real_sess_20260822_other_145,sess_20260822_other_145,Other,env_win11_eth,PACKET_LOSS,day_3,2026-08-22,batch_20260822_02,dev_win11_desktop,ethernet,warp_enabled,oth_cloud_backup,real,v2,sess_20260822_other_145_flow_00000_prefix_5,prefix_5,0.000,0.119,0,5.000000,1643.000000,328.600000,92.571270,298.000000,452.400000,0.029776,0.011626,0.028833,0.044579,5.000000,0.000000,1643.000000,0.000000,41.980767,13794.879894,1.000000,5.000000,8.396153,0.000000
sess_20260822_other_145_flow_00001,real_sess_20260822_other_145,sess_20260822_other_145,Other,env_win11_eth,PACKET_LOSS,day_3,2026-08-22,batch_20260822_02,dev_win11_desktop,ethernet,warp_enabled,oth_cloud_backup,real,v2,sess_20260822_other_145_flow_00001_prefix_5,prefix_5,0.000,0.135,0,5.000000,1721.000000,344.200000,94.245212,385.000000,430.200000,0.033725,0.039982,0.017161,0.089477,5.000000,0.000000,1721.000000,0.000000,37.063956,12757.413643,2.000000,2.500000,14.825582,0.000000
sess_20260822_other_146_flow_00000,real_sess_20260822_other_146,sess_20260822_other_146,Other,env_win11_cellular,HIGH_LATENCY,day_3,2026-08-22,batch_20260822_03,dev_win11_laptop,cellular,warp_enabled,oth_dns_ntp_sync,real,v2,sess_20260822_other_146_flow_00000_prefix_5,prefix_5,0.000,1.372,0,5.000000,1657.000000,331.400000,99.560233,307.000000,463.200000,0.343053,0.287849,0.321500,0.669669,5.000000,0.000000,1657.000000,0.000000,3.643752,1207.539515,4.000000,1.250000,2.915002,0.000000
sess_20260822_other_146_flow_00001,real_sess_20260822_other_146,sess_20260822_other_146,Other,env_win11_cellular,HIGH_LATENCY,day_3,2026-08-22,batch_20260822_03,dev_win11_laptop,cellular,warp_enabled,oth_dns_ntp_sync,real,v2,sess_20260822_other_146_flow_00001_prefix_5,prefix_5,0.000,2.816,0,5.000000,2348.000000,469.600000,167.987619,510.000000,682.200000,0.704096,0.979898,0.205849,2.081828,5.000000,0.000000,2348.000000,0.000000,1.775325,833.692816,4.000000,1.250000,1.420260,0.000000
sess_20260822_other_147_flow_00000,real_sess_20260822_other_147,sess_20260822_other_147,Other,env_win11_cellular,NORMAL,day_3,2026-08-22,batch_20260822_04,dev_win11_laptop,cellular,warp_disabled,oth_os_update_check,real,v2,sess_20260822_other_147_flow_00000_prefix_5,prefix_5,0.000,0.413,0,5.000000,1496.000000,299.200000,184.312127,262.000000,527.400000,0.103263,0.110896,0.068280,0.251626,5.000000,0.000000,1496.000000,0.000000,12.104955,3621.802574,3.000000,1.666667,7.262973,0.000000
sess_20260822_other_147_flow_00001,real_sess_20260822_other_147,sess_20260822_other_147,Other,env_win11_cellular,NORMAL,day_3,2026-08-22,batch_20260822_04,dev_win11_laptop,cellular,warp_disabled,oth_os_update_check,real,v2,sess_20260822_other_147_flow_00001_prefix_5,prefix_5,0.000,0.264,0,5.000000,1654.000000,330.800000,198.205348,329.000000,558.000000,0.065897,0.043520,0.065467,0.118830,5.000000,0.000000,1654.000000,0.000000,18.968980,6274.938524,3.000000,1.666667,11.381388,0.000000
sess_20260823_other_148_flow_00000,real_sess_20260823_other_148,sess_20260823_other_148,Other,env_win11_wifi,LOW_BANDWIDTH,day_4,2026-08-23,batch_20260823_02,dev_win11_laptop,wifi,warp_enabled,oth_telemetry_heartbeat,real,v2,sess_20260823_other_148_flow_00000_prefix_5,prefix_5,0.000,0.390,0,5.000000,1026.000000,205.200000,53.326916,226.000000,255.200000,0.097392,0.035195,0.098753,0.136856,5.000000,0.000000,1026.000000,0.000000,12.834731,2633.686766,5.000000,1.000000,12.834731,0.000000
sess_20260823_other_148_flow_00001,real_sess_20260823_other_148,sess_20260823_other_148,Other,env_win11_wifi,LOW_BANDWIDTH,day_4,2026-08-23,batch_20260823_02,dev_win11_laptop,wifi,warp_enabled,oth_telemetry_heartbeat,real,v2,sess_20260823_other_148_flow_00001_prefix_5,prefix_5,0.000,0.703,0,5.000000,1208.000000,241.600000,82.013657,225.000000,350.600000,0.175851,0.148135,0.132198,0.378803,5.000000,0.000000,1208.000000,0.000000,7.108286,1717.361783,4.000000,1.250000,5.686628,0.000000
sess_20260823_other_149_flow_00000,real_sess_20260823_other_149,sess_20260823_other_149,Other,env_win11_eth,LOW_BANDWIDTH,day_4,2026-08-23,batch_20260823_03,dev_win11_desktop,ethernet,warp_enabled,oth_idle_keepalive,real,v2,sess_20260823_other_149_flow_00000_prefix_5,prefix_5,0.000,0.113,0,5.000000,1564.000000,312.800000,126.935259,298.000000,457.400000,0.028225,0.024051,0.021918,0.060309,5.000000,0.000000,1564.000000,0.000000,44.287394,13853.096982,2.000000,2.500000,17.714958,0.000000
sess_20260823_other_149_flow_00001,real_sess_20260823_other_149,sess_20260823_other_149,Other,env_win11_eth,LOW_BANDWIDTH,day_4,2026-08-23,batch_20260823_03,dev_win11_desktop,ethernet,warp_enabled,oth_idle_keepalive,real,v2,sess_20260823_other_149_flow_00001_prefix_5,prefix_5,0.000,0.150,0,5.000000,601.000000,120.200000,62.700558,96.000000,205.000000,0.037425,0.028383,0.025768,0.077165,5.000000,0.000000,601.000000,0.000000,33.400244,4014.709378,2.000000,2.500000,13.360098,0.000000
sess_20260823_other_150_flow_00000,real_sess_20260823_other_150,sess_20260823_other_150,Other,env_win11_cellular,NORMAL,day_4,2026-08-23,batch_20260823_04,dev_win11_laptop,cellular,warp_enabled,oth_cloud_backup,real,v2,sess_20260823_other_150_flow_00000_prefix_5,prefix_5,0.000,0.309,0,5.000000,915.000000,183.000000,74.099933,195.000000,264.600000,0.077177,0.087741,0.037432,0.200200,5.000000,0.000000,915.000000,0.000000,16.196478,2963.955412,2.000000,2.500000,6.478591,0.000000
sess_20260823_other_150_flow_00001,real_sess_20260823_other_150,sess_20260823_other_150,Other,env_win11_cellular,NORMAL,day_4,2026-08-23,batch_20260823_04,dev_win11_laptop,cellular,warp_enabled,oth_cloud_backup,real,v2,sess_20260823_other_150_flow_00001_prefix_5,prefix_5,0.000,0.467,0,5.000000,1338.000000,267.600000,79.630647,272.000000,371.400000,0.116815,0.057021,0.090977,0.196469,5.000000,0.000000,1338.000000,0.000000,10.700715,2863.511382,5.000000,1.000000,10.700715,0.000000
