flow_id,file_id,session_id,traffic_class,environment_id,network_condition_id,capture_day,capture_date,collection_batch,device_id,interface_type,tunnel_state,activity_variant,data_origin,dataset_version,window_id,window_type,window_start,window_end,packet_offset,packet_count,byte_count,mean_packet_size,std_packet_size,median_packet_size,p95_packet_size,mean_iat,std_iat,median_iat,p95_iat,forward_packet_count,backward_packet_count,forward_byte_count,backward_byte_count,packet_rate,byte_rate,burst_count,mean_burst_size,burst_rate,direction_switch_count
20260823_144333_web_001_5c95_flow_00000,real_20260823_144333_web_001_5c95,20260823_144333_web_001_5c95,Web,env_win11_wifi,NORMAL,day_4,2026-08-23,batch_20260823_01,dev_win11_laptop,wifi,warp_enabled,web_tech_blogs,real,v2,20260823_144333_web_001_5c95_flow_00000_prefix_20,prefix_20,0.000,0.329,0,20.000000,4346.000000,217.300000,65.806611,216.500000,319.900000,0.017340,0.015411,0.014094,0.044096,20.000000,0.000000,4346.000000,0.000000,60.703789,13190.933377,2.000000,10.000000,6.070379,0.000000
20260823_144333_web_001_5c95_flow_00001,real_20260823_144333_web_001_5c95,20260823_144333_web_001_5c95,Web,env_win11_wifi,NORMAL,day_4,2026-08-23,batch_20260823_01,dev_win11_laptop,wifi,warp_enabled,web_tech_blogs,real,v2,20260823_144333_web_001_5c95_flow_00001_prefix_20,prefix_20,0.000,0.153,0,20.000000,19665.000000,983.250000,319.555453,998.000000,1420.000000,0.008074,0.006419,0.007714,0.021346,20.000000,0.000000,19665.000000,0.000000,130.367199,128183.548614,1.000000,20.000000,6.518360,0.000000
20260823_145151_web_001_0bbf_flow_00000,real_20260823_145151_web_001_0bbf,20260823_145151_web_001_0bbf,Web,env_win11_wifi,NORMAL,day_4,2026-08-23,batch_20260823_01,dev_win11_laptop,wifi,warp_enabled,web_ecommerce,real,v2,20260823_145151_web_001_0bbf_flow_00000_prefix_20,prefix_20,0.000,1.864,0,20.000000,6100.000000,305.000000,106.003774,305.500000,454.300000,0.098116,0.103405,0.077590,0.232790,20.000000,0.000000,6100.000000,0.000000,10.728396,3272.160886,13.000000,1.538462,6.973458,0.000000
20260823_145151_web_001_0bbf_flow_00001,real_20260823_145151_web_001_0bbf,20260823_145151_web_001_0bbf,Web,env_win11_wifi,NORMAL,day_4,2026-08-23,batch_20260823_01,dev_win11_laptop,wifi,warp_enabled,web_ecommerce,real,v2,20260823_145151_web_001_0bbf_flow_00001_prefix_20,prefix_20,0.000,2.779,0,20.000000,5122.000000,256.100000,80.574748,241.000000,395.350000,0.146268,0.134560,0.107695,0.414307,20.000000,0.000000,5122.000000,0.000000,7.196611,1843.052189,15.000000,1.333333,5.397459,0.000000
20260823_145551_web_001_da0c_flow_00000,real_20260823_145551_web_001_da0c,20260823_145551_web_001_da0c,Web,env_win11_wifi,NORMAL,day_4,2026-08-23,batch_20260823_01,dev_win11_laptop,wifi,warp_enabled,web_github_docs,real,v2,20260823_145551_web_001_da0c_flow_00000_prefix_20,prefix_20,0.000,1.988,0,20.000000,5475.000000,273.750000,110.908465,269.000000,465.000000,0.104644,0.095212,0.059849,0.281544,20.000000,0.000000,5475.000000,0.000000,10.059202,2753.706645,12.000000,1.666667,6.035521,0.000000
20260823_145551_web_001_da0c_flow_00001,real_20260823_145551_web_001_da0c,20260823_145551_web_001_da0c,Web,env_win11_wifi,NORMAL,day_4,2026-08-23,batch_20260823_01,dev_win11_laptop,wifi,warp_enabled,web_github_docs,real,v2,20260823_145551_web_001_da0c_flow_00001_prefix_20,prefix_20,0.000,1.841,0,20.000000,12649.000000,632.450000,147.435910,646.000000,853.150000,0.096918,0.068669,0.091979,0.227375,20.000000,0.000000,12649.000000,0.000000,10.861067,6869.081854,14.000000,1.428571,7.602747,0.000000
20260823_145946_web_001_c866_flow_00000,real_20260823_145946_web_001_c866,20260823_145946_web_001_c866,Web,env_win11_wifi,NORMAL,day_4,2026-08-23,batch_20260823_01,dev_win11_laptop,wifi,warp_enabled,web_ecommerce,real,v2,20260823_145946_web_001_c866_flow_00000_prefix_20,prefix_20,0.000,0.645,0,20.000000,6400.000000,320.000000,109.438110,312.000000,452.850000,0.033960,0.041346,0.020960,0.121992,20.000000,0.000000,6400.000000,0.000000,30.995924,9918.695727,5.000000,4.000000,7.748981,0.000000
20260823_145946_web_001_c866_flow_00001,real_20260823_145946_web_001_c866,20260823_145946_web_001_c866,Web,env_win11_wifi,NORMAL,day_4,2026-08-23,batch_20260823_01,dev_win11_laptop,wifi,warp_enabled,web_ecommerce,real,v2,20260823_145946_web_001_c866_flow_00001_prefix_20,prefix_20,0.000,0.579,0,20.000000,7687.000000,384.350000,109.001044,404.000000,523.250000,0.030454,0.036379,0.018265,0.113392,20.000000,0.000000,7687.000000,0.000000,34.565047,13285.075730,5.000000,4.000000,8.641262,0.000000
20260823_150110_web_001_9490_flow_00000,real_20260823_150110_web_001_9490,20260823_150110_web_001_9490,Web,env_win11_wifi,NORMAL,day_4,2026-08-23,batch_20260823_01,dev_win11_laptop,wifi,warp_enabled,web_ecommerce,real,v2,20260823_150110_web_001_9490_flow_00000_prefix_20,prefix_20,0.000,0.413,0,20.000000,18033.000000,901.650000,359.918640,987.000000,1352.900000,0.021719,0.019021,0.017401,0.055850,20.000000,0.000000,18033.000000,0.000000,48.465454,43698.876641,3.000000,6.666667,7.269818,0.000000
20260823_150110_web_001_9490_flow_00001,real_20260823_150110_web_001_9490,20260823_150110_web_001_9490,Web,env_win11_wifi,NORMAL,day_4,2026-08-23,batch_20260823_01,dev_win11_laptop,wifi,warp_enabled,web_ecommerce,real,v2,20260823_150110_web_001_9490_flow_00001_prefix_20,prefix_20,0.000,1.053,0,20.000000,4886.000000,244.300000,81.024132,248.000000,356.350000,0.055422,0.075073,0.029103,0.139744,20.000000,0.000000,4886.000000,0.000000,18.992951,4639.977878,7.000000,2.857143,6.647533,0.000000
20260823_150323_web_001_2c60_flow_00000,real_20260823_150323_web_001_2c60,20260823_150323_web_001_2c60,Web,env_win11_wifi,NORMAL,day_4,2026-08-23,batch_20260823_01,dev_win11_laptop,wifi,warp_enabled,web_tech_blogs,real,v2,20260823_150323_web_001_2c60_flow_00000_prefix_20,prefix_20,0.000,1.957,0,20.000000,3872.000000,193.600000,46.276776,180.500000,273.150000,0.103003,0.085746,0.087502,0.237855,20.000000,0.000000,3872.000000,0.000000,10.219451,1978.485744,12.000000,1.666667,6.131671,0.000000
20260823_150323_web_001_2c60_flow_00001,real_20260823_150323_web_001_2c60,20260823_150323_web_001_2c60,Web,env_win11_wifi,NORMAL,day_4,2026-08-23,batch_20260823_01,dev_win11_laptop,wifi,warp_enabled,web_tech_blogs,real,v2,20260823_150323_web_001_2c60_flow_00001_prefix_20,prefix_20,0.000,2.882,0,20.000000,5431.000000,271.550000,101.892824,258.500000,467.150000,0.151685,0.148409,0.127437,0.481728,20.000000,0.000000,5431.000000,0.000000,6.939588,1884.445145,14.000000,1.428571,4.857712,0.000000
20260823_150454_web_001_17f5_flow_00000,real_20260823_150454_web_001_17f5,20260823_150454_web_001_17f5,Web,env_win11_wifi,NORMAL,day_4,2026-08-23,batch_20260823_01,dev_win11_laptop,wifi,warp_enabled,web_github_docs,real,v2,20260823_150454_web_001_17f5_flow_00000_prefix_20,prefix_20,0.000,1.701,0,20.000000,4854.000000,242.700000,74.400336,242.000000,335.550000,0.089538,0.074647,0.060568,0.213215,20.000000,0.000000,4854.000000,0.000000,11.756273,2853.247539,11.000000,1.818182,6.465950,0.000000
20260823_150454_web_001_17f5_flow_00001,real_20260823_150454_web_001_17f5,20260823_150454_web_001_17f5,Web,env_win11_wifi,NORMAL,day_4,2026-08-23,batch_20260823_01,dev_win11_laptop,wifi,warp_enabled,web_github_docs,real,v2,20260823_150454_web_001_17f5_flow_00001_prefix_20,prefix_20,0.000,1.570,0,20.000000,4118.000000,205.900000,77.591172,217.500000,315.800000,0.082617,0.079003,0.048027,0.260006,20.000000,0.000000,4118.000000,0.000000,12.741072,2623.386660,10.000000,2.000000,6.370536,0.000000
20260823_150634_web_001_ddf0_flow_00000,real_20260823_150634_web_001_ddf0,20260823_150634_web_001_ddf0,Web,env_win11_wifi,NORMAL,day_4,2026-08-23,batch_20260823_01,dev_win11_laptop,wifi,warp_enabled,web_tech_blogs,real,v2,20260823_150634_web_001_ddf0_flow_00000_prefix_20,prefix_20,0.000,3.217,0,20.000000,4193.000000,209.650000,66.652288,201.500000,336.400000,0.169325,0.185716,0.108220,0.441220,20.000000,0.000000,4193.000000,0.000000,6.216643,1303.319274,15.000000,1.333333,4.662482,0.000000
20260823_150634_web_001_ddf0_flow_00001,real_20260823_150634_web_001_ddf0,20260823_150634_web_001_ddf0,Web,env_win11_wifi,NORMAL,day_4,2026-08-23,batch_20260823_01,dev_win11_laptop,wifi,warp_enabled,web_tech_blogs,real,v2,20260823_150634_web_001_ddf0_flow_00001_prefix_20,prefix_20,0.000,3.653,0,20.000000,4889.000000,244.450000,84.029444,251.000000,356.250000,0.192282,0.237140,0.145195,0.524223,20.000000,0.000000,4889.000000,0.000000,5.474412,1338.219997,17.000000,1.176471,4.653250,0.000000
20260823_150817_web_001_e5b6_flow_00000,real_20260823_150817_web_001_e5b6,20260823_150817_web_001_e5b6,Web,env_win11_wifi,NORMAL,day_4,2026-08-23,batch_20260823_01,dev_win11_laptop,wifi,warp_enabled,web_github_docs,real,v2,20260823_150817_web_001_e5b6_flow_00000_prefix_20,prefix_20,0.000,2.235,0,20.000000,6135.000000,306.750000,108.315684,304.500000,434.950000,0.117633,0.093266,0.111465,0.316178,20.000000,0.000000,6135.000000,0.000000,8.948439,2744.933697,16.000000,1.250000,7.158751,0.000000
20260823_150817_web_001_e5b6_flow_00001,real_20260823_150817_web_001_e5b6,20260823_150817_web_001_e5b6,Web,env_win11_wifi,NORMAL,day_4,2026-08-23,batch_20260823_01,dev_win11_laptop,wifi,warp_enabled,web_github_docs,real,v2,20260823_150817_web_001_e5b6_flow_00001_prefix_20,prefix_20,0.000,2.204,0,20.000000,3541.000000,177.050000,55.405302,178.000000,264.800000,0.115979,0.122951,0.076982,0.340270,20.000000,0.000000,3541.000000,0.000000,9.076020,1606.909403,13.000000,1.538462,5.899413,0.000000
20260823_150936_web_001_534c_flow_00000,real_20260823_150936_web_001_534c,20260823_150936_web_001_534c,Web,env_win11_wifi,NORMAL,day_4,2026-08-23,batch_20260823_01,dev_win11_laptop,wifi,warp_enabled,web_ecommerce,real,v2,20260823_150936_web_001_534c_flow_00000_prefix_20,prefix_20,0.000,1.432,0,20.000000,4062.000000,203.100000,86.463807,174.000000,333.900000,0.075376,0.081597,0.044525,0.169647,20.000000,0.000000,4062.000000,0.000000,13.965168,2836.325693,9.000000,2.222222,6.284326,0.000000
20260823_150936_web_001_534c_flow_00001,real_20260823_150936_web_001_534c,20260823_150936_web_001_534c,Web,env_win11_wifi,NORMAL,day_4,2026-08-23,batch_20260823_01,dev_win11_laptop,wifi,warp_enabled,web_ecommerce,real,v2,20260823_150936_web_001_534c_flow_00001_prefix_20,prefix_20,0.000,0.971,0,20.000000,6115.000000,305.750000,115.211490,308.500000,450.800000,0.051128,0.058802,0.028499,0.173607,20.000000,0.000000,6115.000000,0.000000,20.588100,6294.811465,8.000000,2.500000,8.235240,0.000000
20260823_151441_video_001_104d_flow_00000,real_20260823_151441_video_001_104d,20260823_151441_video_001_104d,Video,env_win11_wifi,NORMAL,day_4,2026-08-23,batch_20260823_01,dev_win11_laptop,wifi,warp_enabled,vid_twitch_live,real,v2,20260823_151441_video_001_104d_flow_00000_prefix_20,prefix_20,0.000,0.070,0,20.000000,21790.000000,1089.500000,336.378879,1126.500000,1420.000000,0.003691,0.003709,0.002445,0.011594,20.000000,0.000000,21790.000000,0.000000,285.221701,310749.043522,1.000000,20.000000,14.261085,0.000000
20260823_151441_video_001_104d_flow_00001,real_20260823_151441_video_001_104d,20260823_151441_video_001_104d,Video,env_win11_wifi,NORMAL,day_4,2026-08-23,batch_20260823_01,dev_win11_laptop,wifi,warp_enabled,vid_twitch_live,real,v2,20260823_151441_video_001_104d_flow_00001_prefix_20,prefix_20,0.000,0.523,0,20.000000,4696.000000,234.800000,79.479935,240.500000,318.600000,0.027521,0.027277,0.016139,0.068655,20.000000,0.000000,4696.000000,0.000000,38.247972,8980.623841,5.000000,4.000000,9.561993,0.000000
20260823_151621_video_001_efa4_flow_00000,real_20260823_151621_video_001_efa4,20260823_151621_video_001_efa4,Video,env_win11_wifi,NORMAL,day_4,2026-08-23,batch_20260823_01,dev_win11_laptop,wifi,warp_enabled,vid_vimeo_720p,real,v2,20260823_151621_video_001_efa4_flow_00000_prefix_20,prefix_20,0.000,0.305,0,20.000000,19881.000000,994.050000,375.233457,999.500000,1420.000000,0.016032,0.016799,0.012452,0.036904,20.000000,0.000000,19881.000000,0.000000,65.657518,65266.855362,2.000000,10.000000,6.565752,0.000000
20260823_151621_video_001_efa4_flow_00001,real_20260823_151621_video_001_efa4,20260823_151621_video_001_efa4,Video,env_win11_wifi,NORMAL,day_4,2026-08-23,batch_20260823_01,dev_win11_laptop,wifi,warp_enabled,vid_vimeo_720p,real,v2,20260823_151621_video_001_efa4_flow_00001_prefix_20,prefix_20,0.000,0.553,0,20.000000,4990.000000,249.500000,61.083140,259.500000,339.250000,0.029100,0.026965,0.022022,0.077267,20.000000,0.000000,4990.000000,0.000000,36.173029,9025.170719,4.000000,5.000000,7.234606,0.000000
20260823_153012_video_001_641b_flow_00000,real_20260823_153012_video_001_641b,20260823_153012_video_001_641b,Video,env_win11_wifi,NORMAL,day_4,2026-08-23,batch_20260823_01,dev_win11_laptop,wifi,warp_enabled,vid_twitch_live,real,v2,20260823_153012_video_001_641b_flow_00000_prefix_20,prefix_20,0.000,0.141,0,20.000000,14039.000000,701.950000,218.958095,682.000000,1004.800000,0.007438,0.006687,0.005614,0.018275,20.000000,0.000000,14039.000000,0.000000,141.527099,99344.946868,1.000000,20.000000,7.076355,0.000000
20260823_153012_video_001_641b_flow_00001,real_20260823_153012_video_001_641b,20260823_153012_video_001_641b,Video,env_win11_wifi,NORMAL,day_4,2026-08-23,batch_20260823_01,dev_win11_laptop,wifi,warp_enabled,vid_twitch_live,real,v2,20260823_153012_video_001_641b_flow_00001_prefix_20,prefix_20,0.000,0.119,0,20.000000,19863.000000,993.150000,308.079742,918.000000,1420.000000,0.006241,0.005663,0.005218,0.017930,20.000000,0.000000,19863.000000,0.000000,168.659617,167504.298131,1.000000,20.000000,8.432981,0.000000
20260823_153142_video_001_2480_flow_00000,real_20260823_153142_video_001_2480,20260823_153142_video_001_2480,Video,env_win11_wifi,NORMAL,day_4,2026-08-23,batch_20260823_01,dev_win11_laptop,wifi,warp_enabled,vid_vimeo_720p,real,v2,20260823_153142_video_001_2480_flow_00000_prefix_20,prefix_20,0.000,0.983,0,20.000000,16358.000000,817.900000,251.606618,884.000000,1196.400000,0.051714,0.049468,0.033877,0.134705,20.000000,0.000000,16358.000000,0.000000,20.354997,16648.351726,8.000000,2.500000,8.141999,0.000000
20260823_153142_video_001_2480_flow_00001,real_20260823_153142_video_001_2480,20260823_153142_video_001_2480,Video,env_win11_wifi,NORMAL,day_4,2026-08-23,batch_20260823_01,dev_win11_laptop,wifi,warp_enabled,vid_vimeo_720p,real,v2,20260823_153142_video_001_2480_flow_00001_prefix_20,prefix_20,0.000,1.241,0,20.000000,4292.000000,214.600000,70.934054,217.000000,319.700000,0.065336,0.079517,0.045806,0.196904,20.000000,0.000000,4292.000000,0.000000,16.110954,3457.410680,8.000000,2.500000,6.444382,0.000000
20260823_154438_video_001_566f_flow_00000,real_20260823_154438_video_001_566f,20260823_154438_video_001_566f,Video,env_win11_wifi,NORMAL,day_4,2026-08-23,batch_20260823_01,dev_win11_laptop,wifi,warp_enabled,vid_twitch_live,real,v2,20260823_154438_video_001_566f_flow_00000_prefix_20,prefix_20,0.000,0.070,0,20.000000,24389.000000,1219.450000,220.530151,1344.500000,1420.000000,0.003702,0.004083,0.001997,0.013283,20.000000,0.000000,24389.000000,0.000000,284.366420,346770.631402,1.000000,20.000000,14.218321,0.000000
20260823_154438_video_001_566f_flow_00001,real_20260823_154438_video_001_566f,20260823_154438_video_001_566f,Video,env_win11_wifi,NORMAL,day_4,2026-08-23,batch_20260823_01,dev_win11_laptop,wifi,warp_enabled,vid_twitch_live,real,v2,20260823_154438_video_001_566f_flow_00001_prefix_20,prefix_20,0.000,0.378,0,20.000000,4370.000000,218.500000,57.754221,225.500000,292.600000,0.019890,0.015626,0.016339,0.042780,20.000000,0.000000,4370.000000,0.000000,52.923400,11563.762988,2.000000,10.000000,5.292340,0.000000
20260823_154613_video_001_c9ea_flow_00000,real_20260823_154613_video_001_c9ea,20260823_154613_video_001_c9ea,Video,env_win11_wifi,NORMAL,day_4,2026-08-23,batch_20260823_01,dev_win11_laptop,wifi,warp_enabled,vid_netflix_4k,real,v2,20260823_154613_video_001_c9ea_flow_00000_prefix_20,prefix_20,0.000,0.092,0,20.000000,21297.000000,1064.850000,347.672587,1173.500000,1420.000000,0.004845,0.003389,0.004611,0.010352,20.000000,0.000000,21297.000000,0.000000,217.267859,231357.679453,1.000000,20.000000,10.863393,0.000000
20260823_154613_video_001_c9ea_flow_00001,real_20260823_154613_video_001_c9ea,20260823_154613_video_001_c9ea,Video,env_win11_wifi,NORMAL,day_4,2026-08-23,batch_20260823_01,dev_win11_laptop,wifi,warp_enabled,vid_netflix_4k,real,v2,20260823_154613_video_001_c9ea_flow_00001_prefix_20,prefix_20,0.000,0.852,0,20.000000,4569.000000,228.450000,66.634432,226.000000,357.300000,0.044840,0.042785,0.029217,0.114521,20.000000,0.000000,4569.000000,0.000000,23.475087,5362.883691,6.000000,3.333333,7.042526,0.000000
20260823_154721_video_001_0564_flow_00000,real_20260823_154721_video_001_0564,20260823_154721_video_001_0564,Video,env_win11_wifi,NORMAL,day_4,2026-08-23,batch_20260823_01,dev_win11_laptop,wifi,warp_enabled,vid_dailymotion_sd,real,v2,20260823_154721_video_001_0564_flow_00000_prefix_20,prefix_20,0.000,0.098,0,20.000000,23788.000000,1189.400000,300.525440,1406.500000,1420.000000,0.005174,0.004666,0.003414,0.015123,20.000000,0.000000,23788.000000,0.000000,203.451185,241984.838928,1.000000,20.000000,10.172559,0.000000
20260823_154721_video_001_0564_flow_00001,real_20260823_154721_video_001_0564,20260823_154721_video_001_0564,Video,env_win11_wifi,NORMAL,day_4,2026-08-23,batch_20260823_01,dev_win11_laptop,wifi,warp_enabled,vid_dailymotion_sd,real,v2,20260823_154721_video_001_0564_flow_00001_prefix_20,prefix_20,0.000,0.466,0,20.000000,3752.000000,187.600000,61.349328,174.500000,293.200000,0.024545,0.028066,0.009087,0.084663,20.000000,0.000000,3752.000000,0.000000,42.885927,8045.399846,4.000000,5.000000,8.577185,0.000000
20260823_154851_video_001_b4dc_flow_00000,real_20260823_154851_video_001_b4dc,20260823_154851_video_001_b4dc,Video,env_win11_wifi,NORMAL,day_4,2026-08-23,batch_20260823_01,dev_win11_laptop,wifi,warp_enabled,vid_vimeo_720p,real,v2,20260823_154851_video_001_b4dc_flow_00000_prefix_20,prefix_20,0.000,1.328,0,20.000000,4121.000000,206.050000,81.249292,200.500000,342.000000,0.069920,0.066134,0.055483,0.182721,20.000000,0.000000,4121.000000,0.000000,15.054784,3102.038162,12.000000,1.666667,9.032870,0.000000
20260823_154851_video_001_b4dc_flow_00001,real_20260823_154851_video_001_b4dc,20260823_154851_video_001_b4dc,Video,env_win11_wifi,NORMAL,day_4,2026-08-23,batch_20260823_01,dev_win11_laptop,wifi,warp_enabled,vid_vimeo_720p,real,v2,20260823_154851_video_001_b4dc_flow_00001_prefix_20,prefix_20,0.000,0.477,0,20.000000,20754.000000,1037.700000,287.261223,1098.500000,1420.000000,0.025120,0.024385,0.013690,0.070988,20.000000,0.000000,20754.000000,0.000000,41.904904,43484.718497,5.000000,4.000000,10.476226,0.000000
20260823_155010_video_001_c5d9_flow_00000,real_20260823_155010_video_001_c5d9,20260823_155010_video_001_c5d9,Video,env_win11_wifi,NORMAL,day_4,2026-08-23,batch_20260823_01,dev_win11_laptop,wifi,warp_enabled,vid_netflix_4k,real,v2,20260823_155010_video_001_c5d9_flow_00000_prefix_20,prefix_20,0.000,0.110,0,20.000000,21781.000000,1089.050000,304.622303,1100.500000,1420.000000,0.005770,0.004167,0.005375,0.012900,20.000000,0.000000,21781.000000,0.000000,182.417166,198661.414228,1.000000,20.000000,9.120858,0.000000
20260823_155010_video_001_c5d9_flow_00001,real_20260823_155010_video_001_c5d9,20260823_155010_video_001_c5d9,Video,env_win11_wifi,NORMAL,day_4,2026-08-23,batch_20260823_01,dev_win11_laptop,wifi,warp_enabled,vid_netflix_4k,real,v2,20260823_155010_video_001_c5d9_flow_00001_prefix_20,prefix_20,0.000,0.709,0,20.000000,5117.000000,255.850000,73.230646,237.500000,372.700000,0.037331,0.038425,0.029354,0.115645,20.000000,0.000000,5117.000000,0.000000,28.197019,7214.207361,5.000000,4.000000,7.049255,0.000000
20260823_155216_video_001_1ce3_flow_00000,real_20260823_155216_video_001_1ce3,20260823_155216_video_001_1ce3,Video,env_win11_wifi,NORMAL,day_4,2026-08-23,batch_20260823_01,dev_win11_laptop,wifi,warp_enabled,vid_dailymotion_sd,real,v2,20260823_155216_video_001_1ce3_flow_00000_prefix_20,prefix_20,0.000,2.833,0,20.000000,4806.000000,240.300000,71.997986,245.500000,354.350000,0.149095,0.153765,0.094052,0.492314,20.000000,0.000000,4806.000000,0.000000,7.060118,1696.546335,16.000000,1.250000,5.648094,0.000000
20260823_155216_video_001_1ce3_flow_00001,real_20260823_155216_video_001_1ce3,20260823_155216_video_001_1ce3,Video,env_win11_wifi,NORMAL,day_4,2026-08-23,batch_20260823_01,dev_win11_laptop,wifi,warp_enabled,vid_dailymotion_sd,real,v2,20260823_155216_video_001_1ce3_flow_00001_prefix_20,prefix_20,0.000,3.263,0,20.000000,6100.000000,305.000000,143.841232,322.500000,502.900000,0.171719,0.142464,0.129598,0.426132,20.000000,0.000000,6100.000000,0.000000,6.129976,1869.642657,18.000000,1.111111,5.516978,0.000000
20260823_155349_messaging_001_f90a_flow_00000,real_20260823_155349_messaging_001_f90a,20260823_155349_messaging_001_f90a,Messaging,env_win11_wifi,NORMAL,day_4,2026-08-23,batch_20260823_01,dev_win11_laptop,wifi,warp_enabled,msg_whatsapp_web,real,v2,20260823_155349_messaging_001_f90a_flow_00000_prefix_20,prefix_20,0.000,0.207,0,20.000000,21310.000000,1065.500000,328.572443,1137.500000,1420.000000,0.010914,0.011696,0.005330,0.031188,20.000000,0.000000,21310.000000,0.000000,96.446848,102764.116463,1.000000,20.000000,4.822342,0.000000
20260823_155349_messaging_001_f90a_flow_00001,real_20260823_155349_messaging_001_f90a,20260823_155349_messaging_001_f90a,Messaging,env_win11_wifi,NORMAL,day_4,2026-08-23,batch_20260823_01,dev_win11_laptop,wifi,warp_enabled,msg_whatsapp_web,real,v2,20260823_155349_messaging_001_f90a_flow_00001_prefix_20,prefix_20,0.000,0.957,0,20.000000,4054.000000,202.700000,66.542543,205.000000,327.150000,0.050347,0.044688,0.040040,0.117730,20.000000,0.000000,4054.000000,0.000000,20.907554,4237.961277,8.000000,2.500000,8.363022,0.000000
20260823_155823_messaging_001_2056_flow_00000,real_20260823_155823_messaging_001_2056,20260823_155823_messaging_001_2056,Messaging,env_win11_wifi,NORMAL,day_4,2026-08-23,batch_20260823_01,dev_win11_laptop,wifi,warp_enabled,msg_slack_chat,real,v2,20260823_155823_messaging_001_2056_flow_00000_prefix_20,prefix_20,0.000,0.212,0,20.000000,4588.000000,229.400000,87.796014,244.500000,359.200000,0.011133,0.008899,0.008410,0.028423,20.000000,0.000000,4588.000000,0.000000,94.553405,21690.551008,1.000000,20.000000,4.727670,0.000000
20260823_155823_messaging_001_2056_flow_00001,real_20260823_155823_messaging_001_2056,20260823_155823_messaging_001_2056,Messaging,env_win11_wifi,NORMAL,day_4,2026-08-23,batch_20260823_01,dev_win11_laptop,wifi,warp_enabled,msg_slack_chat,real,v2,20260823_155823_messaging_001_2056_flow_00001_prefix_20,prefix_20,0.000,0.027,0,20.000000,25884.000000,1294.200000,220.013772,1420.000000,1420.000000,0.001445,0.001423,0.001113,0.004751,20.000000,0.000000,25884.000000,0.000000,728.262936,942517.891168,1.000000,20.000000,36.413147,0.000000
20260823_160152_messaging_001_2144_flow_00000,real_20260823_160152_messaging_001_2144,20260823_160152_messaging_001_2144,Messaging,env_win11_wifi,NORMAL,day_4,2026-08-23,batch_20260823_01,dev_win11_laptop,wifi,warp_enabled,msg_discord_text,real,v2,20260823_160152_messaging_001_2144_flow_00000_prefix_20,prefix_20,0.000,0.440,0,20.000000,4376.000000,218.800000,70.961680,226.500000,332.750000,0.023136,0.023215,0.017128,0.077941,20.000000,0.000000,4376.000000,0.000000,45.498170,9954.999573,3.000000,6.666667,6.824725,0.000000
20260823_160152_messaging_001_2144_flow_00001,real_20260823_160152_messaging_001_2144,20260823_160152_messaging_001_2144,Messaging,env_win11_wifi,NORMAL,day_4,2026-08-23,batch_20260823_01,dev_win11_laptop,wifi,warp_enabled,msg_discord_text,real,v2,20260823_160152_messaging_001_2144_flow_00001_prefix_20,prefix_20,0.000,0.096,0,20.000000,21286.000000,1064.300000,318.804188,1112.000000,1420.000000,0.005036,0.004945,0.003769,0.013288,20.000000,0.000000,21286.000000,0.000000,209.041648,222483.026012,1.000000,20.000000,10.452082,0.000000
20260823_160304_messaging_001_b4de_flow_00000,real_20260823_160304_messaging_001_b4de,20260823_160304_messaging_001_b4de,Messaging,env_win11_wifi,NORMAL,day_4,2026-08-23,batch_20260823_01,dev_win11_laptop,wifi,warp_enabled,msg_slack_chat,real,v2,20260823_160304_messaging_001_b4de_flow_00000_prefix_20,prefix_20,0.000,0.471,0,20.000000,4151.000000,207.550000,48.367835,195.500000,274.050000,0.024811,0.031572,0.014972,0.088354,20.000000,0.000000,4151.000000,0.000000,42.425164,8805.342710,3.000000,6.666667,6.363775,0.000000
20260823_160304_messaging_001_b4de_flow_00001,real_20260823_160304_messaging_001_b4de,20260823_160304_messaging_001_b4de,Messaging,env_win11_wifi,NORMAL,day_4,2026-08-23,batch_20260823_01,dev_win11_laptop,wifi,warp_enabled,msg_slack_chat,real,v2,20260823_160304_messaging_001_b4de_flow_00001_prefix_20,prefix_20,0.000,0.107,0,20.000000,25253.000000,1262.650000,243.496258,1420.000000,1420.000000,0.005631,0.004281,0.004415,0.013160,20.000000,0.000000,25253.000000,0.000000,186.928727,236025.557376,1.000000,20.000000,9.346436,0.000000
20260823_160438_messaging_001_3d1b_flow_00000,real_20260823_160438_messaging_001_3d1b,20260823_160438_messaging_001_3d1b,Messaging,env_win11_wifi,NORMAL,day_4,2026-08-23,batch_20260823_01,dev_win11_laptop,wifi,warp_enabled,msg_slack_chat,real,v2,20260823_160438_messaging_001_3d1b_flow_00000_prefix_20,prefix_20,0.000,0.165,0,20.000000,22848.000000,1142.400000,317.719908,1282.000000,1420.000000,0.008658,0.009898,0.006686,0.031761,20.000000,0.000000,22848.000000,0.000000,121.576857,138889.401939,1.000000,20.000000,6.078843,0.000000
20260823_160438_messaging_001_3d1b_flow_00001,real_20260823_160438_messaging_001_3d1b,20260823_160438_messaging_001_3d1b,Messaging,env_win11_wifi,NORMAL,day_4,2026-08-23,batch_20260823_01,dev_win11_laptop,wifi,warp_enabled,msg_slack_chat,real,v2,20260823_160438_messaging_001_3d1b_flow_00001_prefix_20,prefix_20,0.000,0.485,0,20.000000,4730.000000,236.500000,80.360127,230.500000,372.400000,0.025510,0.026254,0.016506,0.081670,20.000000,0.000000,4730.000000,0.000000,41.264222,9758.988435,4.000000,5.000000,8.252844,0.000000
20260823_160546_messaging_001_240e_flow_00000,real_20260823_160546_messaging_001_240e,20260823_160546_messaging_001_240e,Messaging,env_win11_wifi,NORMAL,day_4,2026-08-23,batch_20260823_01,dev_win11_laptop,wifi,warp_enabled,msg_discord_text,real,v2,20260823_160546_messaging_001_240e_flow_00000_prefix_20,prefix_20,0.000,0.132,0,20.000000,21243.000000,1062.150000,356.186787,1069.000000,1420.000000,0.006933,0.006260,0.004625,0.022362,20.000000,0.000000,21243.000000,0.000000,151.830151,161266.394846,1.000000,20.000000,7.591508,0.000000
20260823_160546_messaging_001_240e_flow_00001,real_20260823_160546_messaging_001_240e,20260823_160546_messaging_001_240e,Messaging,env_win11_wifi,NORMAL,day_4,2026-08-23,batch_20260823_01,dev_win11_laptop,wifi,warp_enabled,msg_discord_text,real,v2,20260823_160546_messaging_001_240e_flow_00001_prefix_20,prefix_20,0.000,0.817,0,20.000000,3545.000000,177.250000,55.668550,167.000000,255.550000,0.043026,0.032698,0.031132,0.105142,20.000000,0.000000,3545.000000,0.000000,24.464940,4336.410688,8.000000,2.500000,9.785976,0.000000
20260823_160655_messaging_001_72b1_flow_00000,real_20260823_160655_messaging_001_72b1,20260823_160655_messaging_001_72b1,Messaging,env_win11_wifi,NORMAL,day_4,2026-08-23,batch_20260823_01,dev_win11_laptop,wifi,warp_enabled,msg_telegram_sync,real,v2,20260823_160655_messaging_001_72b1_flow_00000_prefix_20,prefix_20,0.000,2.624,0,20.000000,3360.000000,168.000000,55.199638,162.500000,251.150000,0.138124,0.171225,0.070096,0.305038,20.000000,0.000000,3360.000000,0.000000,7.620890,1280.309493,14.000000,1.428571,5.334623,0.000000
20260823_160655_messaging_001_72b1_flow_00001,real_20260823_160655_messaging_001_72b1,20260823_160655_messaging_001_72b1,Messaging,env_win11_wifi,NORMAL,day_4,2026-08-23,batch_20260823_01,dev_win11_laptop,wifi,warp_enabled,msg_telegram_sync,real,v2,20260823_160655_messaging_001_72b1_flow_00001_prefix_20,prefix_20,0.000,1.224,0,20.000000,14239.000000,711.950000,230.485894,703.500000,1066.050000,0.064413,0.072562,0.034773,0.172146,20.000000,0.000000,14239.000000,0.000000,16.341953,11634.653695,8.000000,2.500000,6.536781,0.000000
20260823_160828_messaging_001_7f33_flow_00000,real_20260823_160828_messaging_001_7f33,20260823_160828_messaging_001_7f33,Messaging,env_win11_wifi,NORMAL,day_4,2026-08-23,batch_20260823_01,dev_win11_laptop,wifi,warp_enabled,msg_discord_text,real,v2,20260823_160828_messaging_001_7f33_flow_00000_prefix_20,prefix_20,0.000,3.042,0,20.000000,4070.000000,203.500000,72.546881,219.500000,281.700000,0.160110,0.215540,0.100901,0.407857,20.000000,0.000000,4070.000000,0.000000,6.574428,1337.896050,15.000000,1.333333,4.930821,0.000000
20260823_160828_messaging_001_7f33_flow_00001,real_20260823_160828_messaging_001_7f33,20260823_160828_messaging_001_7f33,Messaging,env_win11_wifi,NORMAL,day_4,2026-08-23,batch_20260823_01,dev_win11_laptop,wifi,warp_enabled,msg_discord_text,real,v2,20260823_160828_messaging_001_7f33_flow_00001_prefix_20,prefix_20,0.000,3.145,0,20.000000,5743.000000,287.150000,77.351972,283.000000,421.850000,0.165536,0.129531,0.146534,0.383390,20.000000,0.000000,5743.000000,0.000000,6.358934,1825.967961,15.000000,1.333333,4.769201,0.000000
20260823_160947_messaging_001_869a_flow_00000,real_20260823_160947_messaging_001_869a,20260823_160947_messaging_001_869a,Messaging,env_win11_wifi,NORMAL,day_4,2026-08-23,batch_20260823_01,dev_win11_laptop,wifi,warp_enabled,msg_telegram_sync,real,v2,20260823_160947_messaging_001_869a_flow_00000_prefix_20,prefix_20,0.000,2.727,0,20.000000,4289.000000,214.450000,71.728986,216.000000,296.300000,0.143537,0.143891,0.115302,0.369949,20.000000,0.000000,4289.000000,0.000000,7.333503,1572.669784,12.000000,1.666667,4.400102,0.000000
20260823_160947_messaging_001_869a_flow_00001,real_20260823_160947_messaging_001_869a,20260823_160947_messaging_001_869a,Messaging,env_win11_wifi,NORMAL,day_4,2026-08-23,batch_20260823_01,dev_win11_laptop,wifi,warp_enabled,msg_telegram_sync,real,v2,20260823_160947_messaging_001_869a_flow_00001_prefix_20,prefix_20,0.000,2.103,0,20.000000,3815.000000,190.750000,48.426103,198.500000,263.950000,0.110675,0.089009,0.093172,0.276389,20.000000,0.000000,3815.000000,0.000000,9.511046,1814.232074,16.000000,1.250000,7.608837,0.000000
20260823_161053_messaging_001_e319_flow_00000,real_20260823_161053_messaging_001_e319,20260823_161053_messaging_001_e319,Messaging,env_win11_wifi,NORMAL,day_4,2026-08-23,batch_20260823_01,dev_win11_laptop,wifi,warp_enabled,msg_whatsapp_web,real,v2,20260823_161053_messaging_001_e319_flow_00000_prefix_20,prefix_20,0.000,2.764,0,20.000000,6812.000000,340.600000,75.883727,329.500000,455.350000,0.145490,0.088283,0.124801,0.328942,20.000000,0.000000,6812.000000,0.000000,7.235064,2464.262909,18.000000,1.111111,6.511558,0.000000
20260823_161053_messaging_001_e319_flow_00001,real_20260823_161053_messaging_001_e319,20260823_161053_messaging_001_e319,Messaging,env_win11_wifi,NORMAL,day_4,2026-08-23,batch_20260823_01,dev_win11_laptop,wifi,warp_enabled,msg_whatsapp_web,real,v2,20260823_161053_messaging_001_e319_flow_00001_prefix_20,prefix_20,0.000,1.496,0,20.000000,8719.000000,435.950000,170.655054,476.000000,673.100000,0.078756,0.104033,0.026046,0.241690,20.000000,0.000000,8719.000000,0.000000,13.365765,5826.805113,8.000000,2.500000,5.346306,0.000000
20260823_161401_voip_001_b89f_flow_00000,real_20260823_161401_voip_001_b89f,20260823_161401_voip_001_b89f,VoIP,env_win11_wifi,NORMAL,day_4,2026-08-23,batch_20260823_01,dev_win11_laptop,wifi,warp_enabled,voip_skype_call,real,v2,20260823_161401_voip_001_b89f_flow_00000_prefix_20,prefix_20,0.000,1.800,0,20.000000,7489.000000,374.450000,133.934863,399.000000,579.500000,0.094741,0.085200,0.079617,0.217898,20.000000,0.000000,7489.000000,0.000000,11.110681,4160.394429,14.000000,1.428571,7.777477,0.000000
20260823_161401_voip_001_b89f_flow_00001,real_20260823_161401_voip_001_b89f,20260823_161401_voip_001_b89f,VoIP,env_win11_wifi,NORMAL,day_4,2026-08-23,batch_20260823_01,dev_win11_laptop,wifi,warp_enabled,voip_skype_call,real,v2,20260823_161401_voip_001_b89f_flow_00001_prefix_20,prefix_20,0.000,3.650,0,20.000000,5151.000000,257.550000,96.465784,267.500000,376.700000,0.192130,0.175711,0.143865,0.587945,20.000000,0.000000,5151.000000,0.000000,5.478733,1411.047644,16.000000,1.250000,4.382986,0.000000
20260823_161509_voip_001_9812_flow_00000,real_20260823_161509_voip_001_9812,20260823_161509_voip_001_9812,VoIP,env_win11_wifi,NORMAL,day_4,2026-08-23,batch_20260823_01,dev_win11_laptop,wifi,warp_enabled,voip_meet_audio,real,v2,20260823_161509_voip_001_9812_flow_00000_prefix_20,prefix_20,0.000,1.451,0,20.000000,4496.000000,224.800000,71.248579,214.500000,333.850000,0.076394,0.056663,0.073882,0.191092,20.000000,0.000000,4496.000000,0.000000,13.778952,3097.508436,13.000000,1.538462,8.956319,0.000000
20260823_161509_voip_001_9812_flow_00001,real_20260823_161509_voip_001_9812,20260823_161509_voip_001_9812,VoIP,env_win11_wifi,NORMAL,day_4,2026-08-23,batch_20260823_01,dev_win11_laptop,wifi,warp_enabled,voip_meet_audio,real,v2,20260823_161509_voip_001_9812_flow_00001_prefix_20,prefix_20,0.000,2.239,0,20.000000,5547.000000,277.350000,99.822981,279.500000,431.950000,0.117864,0.124064,0.061125,0.380073,20.000000,0.000000,5547.000000,0.000000,8.930868,2476.976219,12.000000,1.666667,5.358521,0.000000
20260823_161649_voip_001_c01e_flow_00000,real_20260823_161649_voip_001_c01e,20260823_161649_voip_001_c01e,VoIP,env_win11_wifi,NORMAL,day_4,2026-08-23,batch_20260823_01,dev_win11_laptop,wifi,warp_enabled,voip_teams_voice,real,v2,20260823_161649_voip_001_c01e_flow_00000_prefix_20,prefix_20,0.000,2.142,0,20.000000,6708.000000,335.400000,101.707129,313.000000,503.000000,0.112746,0.102976,0.076759,0.313247,20.000000,0.000000,6708.000000,0.000000,9.336298,3131.394498,14.000000,1.428571,6.535409,0.000000
20260823_161649_voip_001_c01e_flow_00001,real_20260823_161649_voip_001_c01e,20260823_161649_voip_001_c01e,VoIP,env_win11_wifi,NORMAL,day_4,2026-08-23,batch_20260823_01,dev_win11_laptop,wifi,warp_enabled,voip_teams_voice,real,v2,20260823_161649_voip_001_c01e_flow_00001_prefix_20,prefix_20,0.000,2.372,0,20.000000,4067.000000,203.350000,79.109592,193.500000,330.050000,0.124820,0.122823,0.086860,0.416240,20.000000,0.000000,4067.000000,0.000000,8.433229,1714.897028,13.000000,1.538462,5.481599,0.000000
20260823_161758_voip_001_0549_flow_00000,real_20260823_161758_voip_001_0549,20260823_161758_voip_001_0549,VoIP,env_win11_wifi,NORMAL,day_4,2026-08-23,batch_20260823_01,dev_win11_laptop,wifi,warp_enabled,voip_meet_audio,real,v2,20260823_161758_voip_001_0549_flow_00000_prefix_20,prefix_20,0.000,3.712,0,20.000000,4477.000000,223.850000,93.499880,244.000000,331.350000,0.195386,0.198453,0.153162,0.477640,20.000000,0.000000,4477.000000,0.000000,5.387451,1205.980953,16.000000,1.250000,4.309961,0.000000
20260823_161758_voip_001_0549_flow_00001,real_20260823_161758_voip_001_0549,20260823_161758_voip_001_0549,VoIP,env_win11_wifi,NORMAL,day_4,2026-08-23,batch_20260823_01,dev_win11_laptop,wifi,warp_enabled,voip_meet_audio,real,v2,20260823_161758_voip_001_0549_flow_00001_prefix_20,prefix_20,0.000,3.951,0,20.000000,3748.000000,187.400000,46.307019,197.500000,243.850000,0.207950,0.194236,0.143170,0.590889,20.000000,0.000000,3748.000000,0.000000,5.061936,948.606879,16.000000,1.250000,4.049549,0.000000
20260823_161916_voip_001_7fd9_flow_00000,real_20260823_161916_voip_001_7fd9,20260823_161916_voip_001_7fd9,VoIP,env_win11_wifi,NORMAL,day_4,2026-08-23,batch_20260823_01,dev_win11_laptop,wifi,warp_enabled,voip_discord_voice,real,v2,20260823_161916_voip_001_7fd9_flow_00000_prefix_20,prefix_20,0.000,1.243,0,20.000000,8927.000000,446.350000,128.391696,458.000000,623.850000,0.065418,0.041602,0.068559,0.141273,20.000000,0.000000,8927.000000,0.000000,16.090782,7182.120557,11.000000,1.818182,8.849930,0.000000
20260823_161916_voip_001_7fd9_flow_00001,real_20260823_161916_voip_001_7fd9,20260823_161916_voip_001_7fd9,VoIP,env_win11_wifi,NORMAL,day_4,2026-08-23,batch_20260823_01,dev_win11_laptop,wifi,warp_enabled,voip_discord_voice,real,v2,20260823_161916_voip_001_7fd9_flow_00001_prefix_20,prefix_20,0.000,1.417,0,20.000000,3623.000000,181.150000,76.150033,182.500000,285.750000,0.074593,0.089941,0.037613,0.249849,20.000000,0.000000,3623.000000,0.000000,14.111713,2556.336739,10.000000,2.000000,7.055856,0.000000
20260823_162123_voip_001_51e2_flow_00000,real_20260823_162123_voip_001_51e2,20260823_162123_voip_001_51e2,VoIP,env_win11_wifi,NORMAL,day_4,2026-08-23,batch_20260823_01,dev_win11_laptop,wifi,warp_enabled,voip_discord_voice,real,v2,20260823_162123_voip_001_51e2_flow_00000_prefix_20,prefix_20,0.000,2.545,0,20.000000,5172.000000,258.600000,84.851282,243.000000,434.850000,0.133933,0.156040,0.092385,0.320674,20.000000,0.000000,5172.000000,0.000000,7.859392,2032.438707,15.000000,1.333333,5.894544,0.000000
20260823_162123_voip_001_51e2_flow_00001,real_20260823_162123_voip_001_51e2,20260823_162123_voip_001_51e2,VoIP,env_win11_wifi,NORMAL,day_4,2026-08-23,batch_20260823_01,dev_win11_laptop,wifi,warp_enabled,voip_discord_voice,real,v2,20260823_162123_voip_001_51e2_flow_00001_prefix_20,prefix_20,0.000,3.253,0,20.000000,5618.000000,280.900000,73.771878,274.500000,394.700000,0.171222,0.137750,0.150089,0.436191,20.000000,0.000000,5618.000000,0.000000,6.147750,1726.902962,16.000000,1.250000,4.918200,0.000000
20260823_162302_voip_001_6194_flow_00000,real_20260823_162302_voip_001_6194,20260823_162302_voip_001_6194,VoIP,env_win11_wifi,NORMAL,day_4,2026-08-23,batch_20260823_01,dev_win11_laptop,wifi,warp_enabled,voip_discord_voice,real,v2,20260823_162302_voip_001_6194_flow_00000_prefix_20,prefix_20,0.000,1.480,0,20.000000,8157.000000,407.850000,142.529743,379.000000,635.300000,0.077870,0.065345,0.068796,0.158759,20.000000,0.000000,8157.000000,0.000000,13.517886,5513.269665,12.000000,1.666667,8.110731,0.000000
20260823_162302_voip_001_6194_flow_00001,real_20260823_162302_voip_001_6194,20260823_162302_voip_001_6194,VoIP,env_win11_wifi,NORMAL,day_4,2026-08-23,batch_20260823_01,dev_win11_laptop,wifi,warp_enabled,voip_discord_voice,real,v2,20260823_162302_voip_001_6194_flow_00001_prefix_20,prefix_20,0.000,2.078,0,20.000000,3615.000000,180.750000,69.257400,194.500000,264.250000,0.109354,0.101481,0.087967,0.269757,20.000000,0.000000,3615.000000,0.000000,9.625871,1739.876259,12.000000,1.666667,5.775523,0.000000
20260823_162426_voip_001_9219_flow_00000,real_20260823_162426_voip_001_9219,20260823_162426_voip_001_9219,VoIP,env_win11_wifi,NORMAL,day_4,2026-08-23,batch_20260823_01,dev_win11_laptop,wifi,warp_enabled,voip_meet_audio,real,v2,20260823_162426_voip_001_9219_flow_00000_prefix_20,prefix_20,0.000,1.724,0,20.000000,4419.000000,220.950000,75.705003,221.000000,330.650000,0.090727,0.098751,0.052705,0.251598,20.000000,0.000000,4419.000000,0.000000,11.602155,2563.496121,11.000000,1.818182,6.381185,0.000000
20260823_162426_voip_001_9219_flow_00001,real_20260823_162426_voip_001_9219,20260823_162426_voip_001_9219,VoIP,env_win11_wifi,NORMAL,day_4,2026-08-23,batch_20260823_01,dev_win11_laptop,wifi,warp_enabled,voip_meet_audio,real,v2,20260823_162426_voip_001_9219_flow_00001_prefix_20,prefix_20,0.000,1.732,0,20.000000,6912.000000,345.600000,120.075976,339.500000,523.300000,0.091151,0.081580,0.085860,0.277289,20.000000,0.000000,6912.000000,0.000000,11.548271,3991.082372,14.000000,1.428571,8.083790,0.000000
20260823_162544_voip_001_9fd7_flow_00000,real_20260823_162544_voip_001_9fd7,20260823_162544_voip_001_9fd7,VoIP,env_win11_wifi,NORMAL,day_4,2026-08-23,batch_20260823_01,dev_win11_laptop,wifi,warp_enabled,voip_zoom_audio,real,v2,20260823_162544_voip_001_9fd7_flow_00000_prefix_20,prefix_20,0.000,2.137,0,20.000000,3124.000000,156.200000,43.786528,155.500000,238.900000,0.112483,0.080313,0.112428,0.258990,20.000000,0.000000,3124.000000,0.000000,9.358134,1461.740467,15.000000,1.333333,7.018600,0.000000
20260823_162544_voip_001_9fd7_flow_00001,real_20260823_162544_voip_001_9fd7,20260823_162544_voip_001_9fd7,VoIP,env_win11_wifi,NORMAL,day_4,2026-08-23,batch_20260823_01,dev_win11_laptop,wifi,warp_enabled,voip_zoom_audio,real,v2,20260823_162544_voip_001_9fd7_flow_00001_prefix_20,prefix_20,0.000,2.560,0,20.000000,5771.000000,288.550000,119.164372,274.000000,536.800000,0.134744,0.124885,0.089164,0.358091,20.000000,0.000000,5771.000000,0.000000,7.812113,2254.185274,13.000000,1.538462,5.077874,0.000000
20260823_162704_voip_001_571e_flow_00000,real_20260823_162704_voip_001_571e,20260823_162704_voip_001_571e,VoIP,env_win11_wifi,NORMAL,day_4,2026-08-23,batch_20260823_01,dev_win11_laptop,wifi,warp_enabled,voip_teams_voice,real,v2,20260823_162704_voip_001_571e_flow_00000_prefix_20,prefix_20,0.000,2.531,0,20.000000,5624.000000,281.200000,72.459368,267.000000,390.650000,0.133222,0.135045,0.064945,0.381533,20.000000,0.000000,5624.000000,0.000000,7.901340,2221.856857,14.000000,1.428571,5.530938,0.000000
20260823_162704_voip_001_571e_flow_00001,real_20260823_162704_voip_001_571e,20260823_162704_voip_001_571e,VoIP,env_win11_wifi,NORMAL,day_4,2026-08-23,batch_20260823_01,dev_win11_laptop,wifi,warp_enabled,voip_teams_voice,real,v2,20260823_162704_voip_001_571e_flow_00001_prefix_20,prefix_20,0.000,2.732,0,20.000000,3256.000000,162.800000,52.491523,163.500000,229.200000,0.143790,0.149398,0.099456,0.348804,20.000000,0.000000,3256.000000,0.000000,7.320636,1191.799519,13.000000,1.538462,4.758413,0.000000
20260823_162946_file_transfer_001_5b75_flow_00000,real_20260823_162946_file_transfer_001_5b75,20260823_162946_file_transfer_001_5b75,File Transfer,env_win11_wifi,NORMAL,day_4,2026-08-23,batch_20260823_01,dev_win11_laptop,wifi,warp_enabled,ft_mega_download,real,v2,20260823_162946_file_transfer_001_5b75_flow_00000_prefix_20,prefix_20,0.000,1.771,0,20.000000,4643.000000,232.150000,88.396422,223.000000,374.800000,0.093193,0.067572,0.066342,0.194001,20.000000,0.000000,4643.000000,0.000000,11.295238,2622.189403,14.000000,1.428571,7.906666,0.000000
20260823_162946_file_transfer_001_5b75_flow_00001,real_20260823_162946_file_transfer_001_5b75,20260823_162946_file_transfer_001_5b75,File Transfer,env_win11_wifi,NORMAL,day_4,2026-08-23,batch_20260823_01,dev_win11_laptop,wifi,warp_enabled,ft_mega_download,real,v2,20260823_162946_file_transfer_001_5b75_flow_00001_prefix_20,prefix_20,0.000,2.567,0,20.000000,4830.000000,241.500000,79.298487,250.000000,357.850000,0.135099,0.124677,0.096835,0.340056,20.000000,0.000000,4830.000000,0.000000,7.791548,1881.658824,12.000000,1.666667,4.674929,0.000000
20260823_163126_file_transfer_001_bea6_flow_00000,real_20260823_163126_file_transfer_001_bea6,20260823_163126_file_transfer_001_bea6,File Transfer,env_win11_wifi,NORMAL,day_4,2026-08-23,batch_20260823_01,dev_win11_laptop,wifi,warp_enabled,ft_gdrive_upload,real,v2,20260823_163126_file_transfer_001_bea6_flow_00000_prefix_20,prefix_20,0.000,2.900,0,20.000000,4743.000000,237.150000,85.422640,220.500000,356.950000,0.152645,0.198696,0.073838,0.572688,20.000000,0.000000,4743.000000,0.000000,6.895955,1635.375611,12.000000,1.666667,4.137573,0.000000
20260823_163126_file_transfer_001_bea6_flow_00001,real_20260823_163126_file_transfer_001_bea6,20260823_163126_file_transfer_001_bea6,File Transfer,env_win11_wifi,NORMAL,day_4,2026-08-23,batch_20260823_01,dev_win11_laptop,wifi,warp_enabled,ft_gdrive_upload,real,v2,20260823_163126_file_transfer_001_bea6_flow_00001_prefix_20,prefix_20,0.000,4.768,0,20.000000,3348.000000,167.400000,55.351061,164.500000,240.950000,0.250956,0.194960,0.209606,0.552674,20.000000,0.000000,3348.000000,0.000000,4.194481,702.156144,18.000000,1.111111,3.775033,0.000000
20260823_163237_file_transfer_001_390f_flow_00000,real_20260823_163237_file_transfer_001_390f,20260823_163237_file_transfer_001_390f,File Transfer,env_win11_wifi,NORMAL,day_4,2026-08-23,batch_20260823_01,dev_win11_laptop,wifi,warp_enabled,ft_sftp_sync,real,v2,20260823_163237_file_transfer_001_390f_flow_00000_prefix_20,prefix_20,0.000,3.221,0,20.000000,4125.000000,206.250000,60.306612,197.000000,293.450000,0.169547,0.151764,0.109040,0.484774,20.000000,0.000000,4125.000000,0.000000,6.208483,1280.499705,17.000000,1.176471,5.277211,0.000000
20260823_163237_file_transfer_001_390f_flow_00001,real_20260823_163237_file_transfer_001_390f,20260823_163237_file_transfer_001_390f,File Transfer,env_win11_wifi,NORMAL,day_4,2026-08-23,batch_20260823_01,dev_win11_laptop,wifi,warp_enabled,ft_sftp_sync,real,v2,20260823_163237_file_transfer_001_390f_flow_00001_prefix_20,prefix_20,0.000,2.433,0,20.000000,5386.000000,269.300000,62.310593,265.500000,359.700000,0.128042,0.150781,0.092270,0.498979,20.000000,0.000000,5386.000000,0.000000,8.221000,2213.915218,12.000000,1.666667,4.932600,0.000000
20260823_163447_file_transfer_001_d03c_flow_00000,real_20260823_163447_file_transfer_001_d03c,20260823_163447_file_transfer_001_d03c,File Transfer,env_win11_wifi,NORMAL,day_4,2026-08-23,batch_20260823_01,dev_win11_laptop,wifi,warp_enabled,ft_gdrive_upload,real,v2,20260823_163447_file_transfer_001_d03c_flow_00000_prefix_20,prefix_20,0.000,1.496,0,20.000000,6295.000000,314.750000,75.167729,319.000000,415.550000,0.078748,0.064647,0.056888,0.198244,20.000000,0.000000,6295.000000,0.000000,13.367083,4207.289221,11.000000,1.818182,7.351895,0.000000
20260823_163447_file_transfer_001_d03c_flow_00001,real_20260823_163447_file_transfer_001_d03c,20260823_163447_file_transfer_001_d03c,File Transfer,env_win11_wifi,NORMAL,day_4,2026-08-23,batch_20260823_01,dev_win11_laptop,wifi,warp_enabled,ft_gdrive_upload,real,v2,20260823_163447_file_transfer_001_d03c_flow_00001_prefix_20,prefix_20,0.000,2.072,0,20.000000,4535.000000,226.750000,63.933462,221.000000,309.400000,0.109054,0.107286,0.077343,0.301132,20.000000,0.000000,4535.000000,0.000000,9.652400,2188.681796,14.000000,1.428571,6.756680,0.000000
20260823_163557_file_transfer_001_aa30_flow_00000,real_20260823_163557_file_transfer_001_aa30,20260823_163557_file_transfer_001_aa30,File Transfer,env_win11_wifi,NORMAL,day_4,2026-08-23,batch_20260823_01,dev_win11_laptop,wifi,warp_enabled,ft_onedrive_sync,real,v2,20260823_163557_file_transfer_001_aa30_flow_00000_prefix_20,prefix_20,0.000,3.225,0,20.000000,4782.000000,239.100000,93.142847,238.000000,368.400000,0.169755,0.143499,0.116991,0.376331,20.000000,0.000000,4782.000000,0.000000,6.200880,1482.630404,15.000000,1.333333,4.650660,0.000000
20260823_163557_file_transfer_001_aa30_flow_00001,real_20260823_163557_file_transfer_001_aa30,20260823_163557_file_transfer_001_aa30,File Transfer,env_win11_wifi,NORMAL,day_4,2026-08-23,batch_20260823_01,dev_win11_laptop,wifi,warp_enabled,ft_onedrive_sync,real,v2,20260823_163557_file_transfer_001_aa30_flow_00001_prefix_20,prefix_20,0.000,3.898,0,20.000000,3154.000000,157.700000,45.348760,163.500000,221.250000,0.205173,0.181206,0.146603,0.602511,20.000000,0.000000,3154.000000,0.000000,5.130458,809.073203,17.000000,1.176471,4.360889,0.000000
20260823_163704_file_transfer_001_2090_flow_00000,real_20260823_163704_file_transfer_001_2090,20260823_163704_file_transfer_001_2090,File Transfer,env_win11_wifi,NORMAL,day_4,2026-08-23,batch_20260823_01,dev_win11_laptop,wifi,warp_enabled,ft_onedrive_sync,real,v2,20260823_163704_file_transfer_001_2090_flow_00000_prefix_20,prefix_20,0.000,2.464,0,20.000000,5089.000000,254.450000,132.490934,216.000000,471.650000,0.129688,0.085055,0.117955,0.302212,20.000000,0.000000,5089.000000,0.000000,8.116618,2065.273527,18.000000,1.111111,7.304956,0.000000
20260823_163704_file_transfer_001_2090_flow_00001,real_20260823_163704_file_transfer_001_2090,20260823_163704_file_transfer_001_2090,File Transfer,env_win11_wifi,NORMAL,day_4,2026-08-23,batch_20260823_01,dev_win11_laptop,wifi,warp_enabled,ft_onedrive_sync,real,v2,20260823_163704_file_transfer_001_2090_flow_00001_prefix_20,prefix_20,0.000,2.681,0,20.000000,3799.000000,189.950000,58.408454,188.500000,279.100000,0.141129,0.133604,0.068453,0.348620,20.000000,0.000000,3799.000000,0.000000,7.458641,1416.768839,14.000000,1.428571,5.221049,0.000000
20260823_163829_file_transfer_001_a40b_flow_00000,real_20260823_163829_file_transfer_001_a40b,20260823_163829_file_transfer_001_a40b,File Transfer,env_win11_wifi,NORMAL,day_4,2026-08-23,batch_20260823_01,dev_win11_laptop,wifi,warp_enabled,ft_dropbox_download,real,v2,20260823_163829_file_transfer_001_a40b_flow_00000_prefix_20,prefix_20,0.000,2.072,0,20.000000,4917.000000,245.850000,59.754728,250.000000,338.950000,0.109052,0.086670,0.090454,0.222225,20.000000,0.000000,4917.000000,0.000000,9.652595,2373.090523,14.000000,1.428571,6.756817,0.000000
20260823_163829_file_transfer_001_a40b_flow_00001,real_20260823_163829_file_transfer_001_a40b,20260823_163829_file_transfer_001_a40b,File Transfer,env_win11_wifi,NORMAL,day_4,2026-08-23,batch_20260823_01,dev_win11_laptop,wifi,warp_enabled,ft_dropbox_download,real,v2,20260823_163829_file_transfer_001_a40b_flow_00001_prefix_20,prefix_20,0.000,2.015,0,20.000000,6079.000000,303.950000,104.065112,273.500000,443.100000,0.106055,0.096090,0.088857,0.225725,20.000000,0.000000,6079.000000,0.000000,9.925328,3016.803351,13.000000,1.538462,6.451463,0.000000
20260823_163936_file_transfer_001_3420_flow_00000,real_20260823_163936_file_transfer_001_3420,20260823_163936_file_transfer_001_3420,File Transfer,env_win11_wifi,NORMAL,day_4,2026-08-23,batch_20260823_01,dev_win11_laptop,wifi,warp_enabled,ft_onedrive_sync,real,v2,20260823_163936_file_transfer_001_3420_flow_00000_prefix_20,prefix_20,0.000,1.584,0,20.000000,7556.000000,377.800000,125.131771,382.000000,544.900000,0.083374,0.059685,0.081150,0.186022,20.000000,0.000000,7556.000000,0.000000,12.625451,4769.895489,12.000000,1.666667,7.575271,0.000000
20260823_163936_file_transfer_001_3420_flow_00001,real_20260823_163936_file_transfer_001_3420,20260823_163936_file_transfer_001_3420,File Transfer,env_win11_wifi,NORMAL,day_4,2026-08-23,batch_20260823_01,dev_win11_laptop,wifi,warp_enabled,ft_onedrive_sync,real,v2,20260823_163936_file_transfer_001_3420_flow_00001_prefix_20,prefix_20,0.000,1.714,0,20.000000,4437.000000,221.850000,45.830421,220.500000,284.800000,0.090211,0.097085,0.045948,0.299697,20.000000,0.000000,4437.000000,0.000000,11.668609,2588.680837,10.000000,2.000000,5.834304,0.000000
20260823_164056_file_transfer_001_1a06_flow_00000,real_20260823_164056_file_transfer_001_1a06,20260823_164056_file_transfer_001_1a06,File Transfer,env_win11_wifi,NORMAL,day_4,2026-08-23,batch_20260823_01,dev_win11_laptop,wifi,warp_enabled,ft_sftp_sync,real,v2,20260823_164056_file_transfer_001_1a06_flow_00000_prefix_20,prefix_20,0.000,3.031,0,20.000000,5141.000000,257.050000,63.061458,256.500000,362.150000,0.159519,0.217751,0.060109,0.567739,20.000000,0.000000,5141.000000,0.000000,6.598801,1696.221734,12.000000,1.666667,3.959280,0.000000
20260823_164056_file_transfer_001_1a06_flow_00001,real_20260823_164056_file_transfer_001_1a06,20260823_164056_file_transfer_001_1a06,File Transfer,env_win11_wifi,NORMAL,day_4,2026-08-23,batch_20260823_01,dev_win11_laptop,wifi,warp_enabled,ft_sftp_sync,real,v2,20260823_164056_file_transfer_001_1a06_flow_00001_prefix_20,prefix_20,0.000,2.178,0,20.000000,2944.000000,147.200000,42.517761,139.500000,197.500000,0.114632,0.123827,0.071867,0.372740,20.000000,0.000000,2944.000000,0.000000,9.182705,1351.694241,12.000000,1.666667,5.509623,0.000000
20260823_164203_file_transfer_001_0aa3_flow_00000,real_20260823_164203_file_transfer_001_0aa3,20260823_164203_file_transfer_001_0aa3,File Transfer,env_win11_wifi,NORMAL,day_4,2026-08-23,batch_20260823_01,dev_win11_laptop,wifi,warp_enabled,ft_mega_download,real,v2,20260823_164203_file_transfer_001_0aa3_flow_00000_prefix_20,prefix_20,0.000,3.515,0,20.000000,5106.000000,255.300000,62.968325,251.000000,349.450000,0.185004,0.148330,0.183882,0.467443,20.000000,0.000000,5106.000000,0.000000,5.689792,1452.603829,17.000000,1.176471,4.836323,0.000000
20260823_164203_file_transfer_001_0aa3_flow_00001,real_20260823_164203_file_transfer_001_0aa3,20260823_164203_file_transfer_001_0aa3,File Transfer,env_win11_wifi,NORMAL,day_4,2026-08-23,batch_20260823_01,dev_win11_laptop,wifi,warp_enabled,ft_mega_download,real,v2,20260823_164203_file_transfer_001_0aa3_flow_00001_prefix_20,prefix_20,0.000,3.942,0,20.000000,3182.000000,159.100000,49.035599,157.500000,228.800000,0.207481,0.221630,0.131654,0.552670,20.000000,0.000000,3182.000000,0.000000,5.073396,807.177360,16.000000,1.250000,4.058717,0.000000
20260823_164647_other_001_d4e4_flow_00000,real_20260823_164647_other_001_d4e4,20260823_164647_other_001_d4e4,Other,env_win11_wifi,NORMAL,day_4,2026-08-23,batch_20260823_01,dev_win11_laptop,wifi,warp_enabled,oth_idle_keepalive,real,v2,20260823_164647_other_001_d4e4_flow_00000_prefix_20,prefix_20,0.000,3.837,0,20.000000,4033.000000,201.650000,44.625413,189.000000,293.150000,0.201939,0.143222,0.163910,0.461281,20.000000,0.000000,4033.000000,0.000000,5.212609,1051.122680,19.000000,1.052632,4.951979,0.000000
20260823_164647_other_001_d4e4_flow_00001,real_20260823_164647_other_001_d4e4,20260823_164647_other_001_d4e4,Other,env_win11_wifi,NORMAL,day_4,2026-08-23,batch_20260823_01,dev_win11_laptop,wifi,warp_enabled,oth_idle_keepalive,real,v2,20260823_164647_other_001_d4e4_flow_00001_prefix_20,prefix_20,0.000,2.668,0,20.000000,5227.000000,261.350000,93.800466,255.500000,415.050000,0.140414,0.175716,0.095899,0.472624,20.000000,0.000000,5227.000000,0.000000,7.496617,1959.240956,13.000000,1.538462,4.872801,0.000000
20260823_164826_other_001_eac8_flow_00000,real_20260823_164826_other_001_eac8,20260823_164826_other_001_eac8,Other,env_win11_wifi,NORMAL,day_4,2026-08-23,batch_20260823_01,dev_win11_laptop,wifi,warp_enabled,oth_cloud_backup,real,v2,20260823_164826_other_001_eac8_flow_00000_prefix_20,prefix_20,0.000,3.286,0,20.000000,3313.000000,165.650000,51.867403,179.500000,229.500000,0.172930,0.130450,0.134678,0.404808,20.000000,0.000000,3313.000000,0.000000,6.087025,1008.315752,16.000000,1.250000,4.869620,0.000000
20260823_164826_other_001_eac8_flow_00001,real_20260823_164826_other_001_eac8,20260823_164826_other_001_eac8,Other,env_win11_wifi,NORMAL,day_4,2026-08-23,batch_20260823_01,dev_win11_laptop,wifi,warp_enabled,oth_cloud_backup,real,v2,20260823_164826_other_001_eac8_flow_00001_prefix_20,prefix_20,0.000,3.354,0,20.000000,6095.000000,304.750000,58.277676,297.500000,386.200000,0.176547,0.135272,0.161096,0.484780,20.000000,0.000000,6095.000000,0.000000,5.962332,1817.020700,15.000000,1.333333,4.471749,0.000000
20260823_164938_other_001_7ffe_flow_00000,real_20260823_164938_other_001_7ffe,20260823_164938_other_001_7ffe,Other,env_win11_wifi,NORMAL,day_4,2026-08-23,batch_20260823_01,dev_win11_laptop,wifi,warp_enabled,oth_dns_ntp_sync,real,v2,20260823_164938_other_001_7ffe_flow_00000_prefix_20,prefix_20,0.000,1.836,0,20.000000,7590.000000,379.500000,96.950245,395.000000,508.450000,0.096610,0.095286,0.069462,0.312698,20.000000,0.000000,7590.000000,0.000000,10.895707,4134.920988,12.000000,1.666667,6.537424,0.000000
20260823_164938_other_001_7ffe_flow_00001,real_20260823_164938_other_001_7ffe,20260823_164938_other_001_7ffe,Other,env_win11_wifi,NORMAL,day_4,2026-08-23,batch_20260823_01,dev_win11_laptop,wifi,warp_enabled,oth_dns_ntp_sync,real,v2,20260823_164938_other_001_7ffe_flow_00001_prefix_20,prefix_20,0.000,2.063,0,20.000000,5901.000000,295.050000,100.071712,280.500000,454.200000,0.108575,0.092029,0.066202,0.252118,20.000000,0.000000,5901.000000,0.000000,9.694987,2860.505801,14.000000,1.428571,6.786491,0.000000
20260823_165157_other_001_2876_flow_00000,real_20260823_165157_other_001_2876,20260823_165157_other_001_2876,Other,env_win11_wifi,NORMAL,day_4,2026-08-23,batch_20260823_01,dev_win11_laptop,wifi,warp_enabled,oth_os_update_check,real,v2,20260823_165157_other_001_2876_flow_00000_prefix_20,prefix_20,0.000,2.246,0,20.000000,10469.000000,523.450000,152.469825,494.000000,754.000000,0.118209,0.065343,0.118418,0.209755,20.000000,0.000000,10469.000000,0.000000,8.904870,4661.254336,17.000000,1.176471,7.569140,0.000000
20260823_165157_other_001_2876_flow_00001,real_20260823_165157_other_001_2876,20260823_165157_other_001_2876,Other,env_win11_wifi,NORMAL,day_4,2026-08-23,batch_20260823_01,dev_win11_laptop,wifi,warp_enabled,oth_os_update_check,real,v2,20260823_165157_other_001_2876_flow_00001_prefix_20,prefix_20,0.000,2.959,0,20.000000,5393.000000,269.650000,83.007997,284.000000,380.550000,0.155742,0.112203,0.139504,0.312261,20.000000,0.000000,5393.000000,0.000000,6.758804,1822.511390,17.000000,1.176471,5.744983,0.000000
20260823_165837_other_001_2277_flow_00000,real_20260823_165837_other_001_2277,20260823_165837_other_001_2277,Other,env_win11_wifi,NORMAL,day_4,2026-08-23,batch_20260823_01,dev_win11_laptop,wifi,warp_enabled,oth_dns_ntp_sync,real,v2,20260823_165837_other_001_2277_flow_00000_prefix_20,prefix_20,0.000,1.518,0,20.000000,8474.000000,423.700000,115.837429,408.000000,580.200000,0.079895,0.080173,0.050729,0.217668,20.000000,0.000000,8474.000000,0.000000,13.175263,5582.358804,11.000000,1.818182,7.246394,0.000000
20260823_165837_other_001_2277_flow_00001,real_20260823_165837_other_001_2277,20260823_165837_other_001_2277,Other,env_win11_wifi,NORMAL,day_4,2026-08-23,batch_20260823_01,dev_win11_laptop,wifi,warp_enabled,oth_dns_ntp_sync,real,v2,20260823_165837_other_001_2277_flow_00001_prefix_20,prefix_20,0.000,1.175,0,20.000000,5980.000000,299.000000,81.900549,324.500000,402.250000,0.061865,0.063389,0.040496,0.161281,20.000000,0.000000,5980.000000,0.000000,17.014903,5087.456072,7.000000,2.857143,5.955216,0.000000
20260823_170006_other_001_2088_flow_00000,real_20260823_170006_other_001_2088,20260823_170006_other_001_2088,Other,env_win11_wifi,NORMAL,day_4,2026-08-23,batch_20260823_01,dev_win11_laptop,wifi,warp_enabled,oth_cloud_backup,real,v2,20260823_170006_other_001_2088_flow_00000_prefix_20,prefix_20,0.000,3.112,0,20.000000,8375.000000,418.750000,177.886446,377.500000,697.800000,0.163790,0.147532,0.128535,0.490079,20.000000,0.000000,8375.000000,0.000000,6.426732,2691.194041,16.000000,1.250000,5.141386,0.000000
20260823_170006_other_001_2088_flow_00001,real_20260823_170006_other_001_2088,20260823_170006_other_001_2088,Other,env_win11_wifi,NORMAL,day_4,2026-08-23,batch_20260823_01,dev_win11_laptop,wifi,warp_enabled,oth_cloud_backup,real,v2,20260823_170006_other_001_2088_flow_00001_prefix_20,prefix_20,0.000,1.447,0,20.000000,6907.000000,345.350000,139.514972,344.500000,520.150000,0.076178,0.059938,0.048496,0.197242,20.000000,0.000000,6907.000000,0.000000,13.817979,4772.038905,9.000000,2.222222,6.218090,0.000000
20260823_170113_other_001_b130_flow_00000,real_20260823_170113_other_001_b130,20260823_170113_other_001_b130,Other,env_win11_wifi,NORMAL,day_4,2026-08-23,batch_20260823_01,dev_win11_laptop,wifi,warp_enabled,oth_dns_ntp_sync,real,v2,20260823_170113_other_001_b130_flow_00000_prefix_20,prefix_20,0.000,0.691,0,20.000000,10037.000000,501.850000,154.366860,489.000000,690.400000,0.036382,0.033853,0.031376,0.085682,20.000000,0.000000,10037.000000,0.000000,28.932991,14520.021525,6.000000,3.333333,8.679897,0.000000
20260823_170113_other_001_b130_flow_00001,real_20260823_170113_other_001_b130,20260823_170113_other_001_b130,Other,env_win11_wifi,NORMAL,day_4,2026-08-23,batch_20260823_01,dev_win11_laptop,wifi,warp_enabled,oth_dns_ntp_sync,real,v2,20260823_170113_other_001_b130_flow_00001_prefix_20,prefix_20,0.000,0.883,0,20.000000,9491.000000,474.550000,192.017831,479.000000,750.950000,0.046478,0.035977,0.039219,0.104969,20.000000,0.000000,9491.000000,0.000000,22.647943,10747.581197,9.000000,2.222222,10.191574,0.000000
20260823_170246_other_001_fe56_flow_00000,real_20260823_170246_other_001_fe56,20260823_170246_other_001_fe56,Other,env_win11_wifi,NORMAL,day_4,2026-08-23,batch_20260823_01,dev_win11_laptop,wifi,warp_enabled,oth_os_update_check,real,v2,20260823_170246_other_001_fe56_flow_00000_prefix_20,prefix_20,0.000,2.145,0,20.000000,5061.000000,253.050000,74.350841,250.000000,354.900000,0.112892,0.151462,0.070270,0.448815,20.000000,0.000000,5061.000000,0.000000,9.324228,2359.495911,13.000000,1.538462,6.060748,0.000000
20260823_170246_other_001_fe56_flow_00001,real_20260823_170246_other_001_fe56,20260823_170246_other_001_fe56,Other,env_win11_wifi,NORMAL,day_4,2026-08-23,batch_20260823_01,dev_win11_laptop,wifi,warp_enabled,oth_os_update_check,real,v2,20260823_170246_other_001_fe56_flow_00001_prefix_20,prefix_20,0.000,1.413,0,20.000000,4629.000000,231.450000,75.780918,238.000000,321.800000,0.074364,0.058366,0.056419,0.189181,20.000000,0.000000,4629.000000,0.000000,14.155202,3276.221388,12.000000,1.666667,8.493121,0.000000
20260823_170352_other_001_facf_flow_00000,real_20260823_170352_other_001_facf,20260823_170352_other_001_facf,Other,env_win11_wifi,NORMAL,day_4,2026-08-23,batch_20260823_01,dev_win11_laptop,wifi,warp_enabled,oth_cloud_backup,real,v2,20260823_170352_other_001_facf_flow_00000_prefix_20,prefix_20,0.000,1.784,0,20.000000,10287.000000,514.350000,165.650619,460.000000,820.900000,0.093883,0.073665,0.080799,0.207023,20.000000,0.000000,10287.000000,0.000000,11.212132,5766.959898,14.000000,1.428571,7.848492,0.000000
20260823_170352_other_001_facf_flow_00001,real_20260823_170352_other_001_facf,20260823_170352_other_001_facf,Other,env_win11_wifi,NORMAL,day_4,2026-08-23,batch_20260823_01,dev_win11_laptop,wifi,warp_enabled,oth_cloud_backup,real,v2,20260823_170352_other_001_facf_flow_00001_prefix_20,prefix_20,0.000,2.656,0,20.000000,5372.000000,268.600000,67.782299,264.000000,365.500000,0.139787,0.113177,0.152853,0.332375,20.000000,0.000000,5372.000000,0.000000,7.530262,2022.628241,14.000000,1.428571,5.271183,0.000000
20260823_170458_other_001_aa7d_flow_00000,real_20260823_170458_other_001_aa7d,20260823_170458_other_001_aa7d,Other,env_win11_wifi,NORMAL,day_4,2026-08-23,batch_20260823_01,dev_win11_laptop,wifi,warp_enabled,oth_cloud_backup,real,v2,20260823_170458_other_001_aa7d_flow_00000_prefix_20,prefix_20,0.000,0.748,0,20.000000,15683.000000,784.150000,303.371270,783.500000,1267.700000,0.039365,0.046866,0.018031,0.115845,20.000000,0.000000,15683.000000,0.000000,26.740456,20968.528638,5.000000,4.000000,6.685114,0.000000
20260823_170458_other_001_aa7d_flow_00001,real_20260823_170458_other_001_aa7d,20260823_170458_other_001_aa7d,Other,env_win11_wifi,NORMAL,day_4,2026-08-23,batch_20260823_01,dev_win11_laptop,wifi,warp_enabled,oth_cloud_backup,real,v2,20260823_170458_other_001_aa7d_flow_00001_prefix_20,prefix_20,0.000,1.714,0,20.000000,6664.000000,333.200000,107.469344,342.500000,480.100000,0.090235,0.063252,0.083813,0.215797,20.000000,0.000000,6664.000000,0.000000,11.665450,3886.928097,14.000000,1.428571,8.165815,0.000000
sess_20260820_web_061_flow_00000,real_sess_20260820_web_061,sess_20260820_web_061,Web,env_win11_wifi,NORMAL,day_1,2026-08-20,batch_20260820_01,dev_win11_laptop,wifi,warp_enabled,web_wikipedia,real,v2,sess_20260820_web_061_flow_00000_prefix_20,prefix_20,0.000,0.323,0,20.000000,4615.000000,230.750000,57.397626,231.000000,337.350000,0.016980,0.033274,0.006995,0.038996,20.000000,0.000000,4615.000000,0.000000,61.991036,14304.431638,2.000000,10.000000,6.199104,0.000000
sess_20260820_web_061_flow_00001,real_sess_20260820_web_061,sess_20260820_web_061,Web,env_win11_wifi,NORMAL,day_1,2026-08-20,batch_20260820_01,dev_win11_laptop,wifi,warp_enabled,web_wikipedia,real,v2,sess_20260820_web_061_flow_00001_prefix_20,prefix_20,0.000,0.436,0,20.000000,4944.000000,247.200000,94.067848,262.000000,370.050000,0.022971,0.015781,0.023774,0.054495,20.000000,0.000000,4944.000000,0.000000,45.824151,11327.730244,3.000000,6.666667,6.873623,0.000000
sess_20260820_web_062_flow_00000,real_sess_20260820_web_062,sess_20260820_web_062,Web,env_win11_wifi,LOW_BANDWIDTH,day_1,2026-08-20,batch_20260820_02,dev_win11_laptop,wifi,warp_enabled,web_news,real,v2,sess_20260820_web_062_flow_00000_prefix_20,prefix_20,0.000,0.607,0,20.000000,8071.000000,403.550000,120.866238,395.500000,558.200000,0.031971,0.034955,0.025011,0.109003,20.000000,0.000000,8071.000000,0.000000,32.924181,13286.553423,4.000000,5.000000,6.584836,0.000000
sess_20260820_web_062_flow_00001,real_sess_20260820_web_062,sess_20260820_web_062,Web,env_win11_wifi,LOW_BANDWIDTH,day_1,2026-08-20,batch_20260820_02,dev_win11_laptop,wifi,warp_enabled,web_news,real,v2,sess_20260820_web_062_flow_00001_prefix_20,prefix_20,0.000,0.394,0,20.000000,13441.000000,672.050000,258.176195,747.000000,992.200000,0.020761,0.021570,0.012675,0.058911,20.000000,0.000000,13441.000000,0.000000,50.703395,34075.216573,4.000000,5.000000,10.140679,0.000000
sess_20260820_web_063_flow_00000,real_sess_20260820_web_063,sess_20260820_web_063,Web,env_win11_eth,NORMAL,day_1,2026-08-20,batch_20260820_03,dev_win11_desktop,ethernet,warp_disabled,web_ecommerce,real,v2,sess_20260820_web_063_flow_00000_prefix_20,prefix_20,0.000,1.372,0,20.000000,6182.000000,309.100000,113.880595,320.000000,465.150000,0.072229,0.054170,0.052458,0.161507,20.000000,0.000000,6182.000000,0.000000,14.573557,4504.686604,12.000000,1.666667,8.744134,0.000000
sess_20260820_web_063_flow_00001,real_sess_20260820_web_063,sess_20260820_web_063,Web,env_win11_eth,NORMAL,day_1,2026-08-20,batch_20260820_03,dev_win11_desktop,ethernet,warp_disabled,web_ecommerce,real,v2,sess_20260820_web_063_flow_00001_prefix_20,prefix_20,0.000,2.252,0,20.000000,5314.000000,265.700000,87.967665,307.000000,354.850000,0.118518,0.080197,0.110025,0.258702,20.000000,0.000000,5314.000000,0.000000,8.881650,2359.854377,16.000000,1.250000,7.105320,0.000000
sess_20260820_web_064_flow_00000,real_sess_20260820_web_064,sess_20260820_web_064,Web,env_win11_eth,HIGH_LATENCY,day_1,2026-08-20,batch_20260820_04,dev_win11_desktop,ethernet,warp_enabled,web_github_docs,real,v2,sess_20260820_web_064_flow_00000_prefix_20,prefix_20,0.000,9.275,0,20.000000,4156.000000,207.800000,84.744675,225.000000,372.400000,0.488147,0.544862,0.283961,1.409338,20.000000,0.000000,4156.000000,0.000000,2.156384,448.096539,18.000000,1.111111,1.940745,0.000000
sess_20260820_web_064_flow_00001,real_sess_20260820_web_064,sess_20260820_web_064,Web,env_win11_eth,HIGH_LATENCY,day_1,2026-08-20,batch_20260820_04,dev_win11_desktop,ethernet,warp_enabled,web_github_docs,real,v2,sess_20260820_web_064_flow_00001_prefix_20,prefix_20,0.000,7.444,0,20.000000,4583.000000,229.150000,73.647318,209.500000,327.250000,0.391808,0.369580,0.288467,1.126409,20.000000,0.000000,4583.000000,0.000000,2.686601,615.634713,18.000000,1.111111,2.417941,0.000000
sess_20260821_web_065_flow_00000,real_sess_20260821_web_065,sess_20260821_web_065,Web,env_win11_wifi,NORMAL,day_2,2026-08-21,batch_20260821_01,dev_win11_laptop,wifi,warp_enabled,web_tech_blogs,real,v2,sess_20260821_web_065_flow_00000_prefix_20,prefix_20,0.000,1.983,0,20.000000,5325.000000,266.250000,82.916750,256.500000,389.700000,0.104351,0.107180,0.055621,0.330915,20.000000,0.000000,5325.000000,0.000000,10.087447,2685.782763,12.000000,1.666667,6.052468,0.000000
sess_20260821_web_065_flow_00001,real_sess_20260821_web_065,sess_20260821_web_065,Web,env_win11_wifi,NORMAL,day_2,2026-08-21,batch_20260821_01,dev_win11_laptop,wifi,warp_enabled,web_tech_blogs,real,v2,sess_20260821_web_065_flow_00001_prefix_20,prefix_20,0.000,1.043,0,20.000000,5160.000000,258.000000,87.912456,271.000000,373.100000,0.054879,0.063306,0.052718,0.133074,20.000000,0.000000,5160.000000,0.000000,19.180838,4948.656085,11.000000,1.818182,10.549461,0.000000
sess_20260821_web_066_flow_00000,real_sess_20260821_web_066,sess_20260821_web_066,Web,env_win11_wifi,HIGH_LATENCY,day_2,2026-08-21,batch_20260821_02,dev_win11_laptop,wifi,warp_enabled,web_wikipedia,real,v2,sess_20260821_web_066_flow_00000_prefix_20,prefix_20,0.000,4.055,0,20.000000,8583.000000,429.150000,196.235133,400.500000,756.550000,0.213432,0.148136,0.213624,0.481616,20.000000,0.000000,8583.000000,0.000000,4.931925,2116.535463,16.000000,1.250000,3.945540,0.000000
sess_20260821_web_066_flow_00001,real_sess_20260821_web_066,sess_20260821_web_066,Web,env_win11_wifi,HIGH_LATENCY,day_2,2026-08-21,batch_20260821_02,dev_win11_laptop,wifi,warp_enabled,web_wikipedia,real,v2,sess_20260821_web_066_flow_00001_prefix_20,prefix_20,0.000,4.646,0,20.000000,10333.000000,516.650000,250.882497,488.500000,855.450000,0.244550,0.209931,0.142513,0.573003,20.000000,0.000000,10333.000000,0.000000,4.304366,2223.850806,17.000000,1.176471,3.658711,0.000000
sess_20260821_web_067_flow_00000,real_sess_20260821_web_067,sess_20260821_web_067,Web,env_win11_cellular,NORMAL,day_2,2026-08-21,batch_20260821_03,dev_win11_laptop,cellular,warp_disabled,web_news,real,v2,sess_20260821_web_067_flow_00000_prefix_20,prefix_20,0.000,0.558,0,20.000000,6952.000000,347.600000,103.382494,374.000000,522.450000,0.029392,0.029152,0.017968,0.074255,20.000000,0.000000,6952.000000,0.000000,35.814090,12448.977515,7.000000,2.857143,12.534931,0.000000
sess_20260821_web_067_flow_00001,real_sess_20260821_web_067,sess_20260821_web_067,Web,env_win11_cellular,NORMAL,day_2,2026-08-21,batch_20260821_03,dev_win11_laptop,cellular,warp_disabled,web_news,real,v2,sess_20260821_web_067_flow_00001_prefix_20,prefix_20,0.000,0.548,0,20.000000,6761.000000,338.050000,108.977739,329.000000,494.900000,0.028819,0.030318,0.011135,0.087024,20.000000,0.000000,6761.000000,0.000000,36.525541,12347.459119,7.000000,2.857143,12.783939,0.000000
sess_20260821_web_068_flow_00000,real_sess_20260821_web_068,sess_20260821_web_068,Web,env_win11_cellular,LOW_BANDWIDTH,day_2,2026-08-21,batch_20260821_04,dev_win11_laptop,cellular,warp_enabled,web_ecommerce,real,v2,sess_20260821_web_068_flow_00000_prefix_20,prefix_20,0.000,1.461,0,20.000000,2498.000000,124.900000,39.613003,137.500000,181.650000,0.076870,0.059792,0.049363,0.210210,20.000000,0.000000,2498.000000,0.000000,13.693638,1710.335360,9.000000,2.222222,6.162137,0.000000
sess_20260821_web_068_flow_00001,real_sess_20260821_web_068,sess_20260821_web_068,Web,env_win11_cellular,LOW_BANDWIDTH,day_2,2026-08-21,batch_20260821_04,dev_win11_laptop,cellular,warp_enabled,web_ecommerce,real,v2,sess_20260821_web_068_flow_00001_prefix_20,prefix_20,0.000,1.105,0,20.000000,4013.000000,200.650000,65.935025,194.500000,290.850000,0.058137,0.050613,0.038653,0.167576,20.000000,0.000000,4013.000000,0.000000,18.106137,3632.996475,10.000000,2.000000,9.053069,0.000000
sess_20260822_web_069_flow_00000,real_sess_20260822_web_069,sess_20260822_web_069,Web,env_win11_eth,NORMAL,day_3,2026-08-22,batch_20260822_01,dev_win11_desktop,ethernet,warp_enabled,web_github_docs,real,v2,sess_20260822_web_069_flow_00000_prefix_20,prefix_20,0.000,0.606,0,20.000000,16123.000000,806.150000,282.583665,809.000000,1148.700000,0.031896,0.031959,0.017545,0.100176,20.000000,0.000000,16123.000000,0.000000,33.002027,26604.583922,4.000000,5.000000,6.600405,0.000000
sess_20260822_web_069_flow_00001,real_sess_20260822_web_069,sess_20260822_web_069,Web,env_win11_eth,NORMAL,day_3,2026-08-22,batch_20260822_01,dev_win11_desktop,ethernet,warp_enabled,web_github_docs,real,v2,sess_20260822_web_069_flow_00001_prefix_20,prefix_20,0.000,0.402,0,20.000000,17019.000000,850.950000,218.482602,849.000000,1180.450000,0.021156,0.021137,0.014106,0.046775,20.000000,0.000000,17019.000000,0.000000,49.755610,42339.536208,2.000000,10.000000,4.975561,0.000000
sess_20260822_web_070_flow_00000,real_sess_20260822_web_070,sess_20260822_web_070,Web,env_win11_eth,PACKET_LOSS,day_3,2026-08-22,batch_20260822_02,dev_win11_desktop,ethernet,warp_enabled,web_tech_blogs,real,v2,sess_20260822_web_070_flow_00000_prefix_20,prefix_20,0.000,0.803,0,20.000000,5642.000000,282.100000,90.015499,264.500000,442.250000,0.042263,0.029983,0.048634,0.097806,20.000000,0.000000,5642.000000,0.000000,24.906417,7026.100353,9.000000,2.222222,11.207888,0.000000
sess_20260822_web_070_flow_00001,real_sess_20260822_web_070,sess_20260822_web_070,Web,env_win11_eth,PACKET_LOSS,day_3,2026-08-22,batch_20260822_02,dev_win11_desktop,ethernet,warp_enabled,web_tech_blogs,real,v2,sess_20260822_web_070_flow_00001_prefix_20,prefix_20,0.000,0.471,0,20.000000,5058.000000,252.900000,78.906210,261.500000,349.450000,0.024772,0.027266,0.011834,0.077699,20.000000,0.000000,5058.000000,0.000000,42.492578,10746.372883,5.000000,4.000000,10.623144,0.000000
sess_20260822_web_071_flow_00000,real_sess_20260822_web_071,sess_20260822_web_071,Web,env_win11_cellular,HIGH_LATENCY,day_3,2026-08-22,batch_20260822_03,dev_win11_laptop,cellular,warp_enabled,web_wikipedia,real,v2,sess_20260822_web_071_flow_00000_prefix_20,prefix_20,0.000,5.594,0,20.000000,3925.000000,196.250000,60.846426,194.500000,269.200000,0.294431,0.244654,0.214712,0.643210,20.000000,0.000000,3925.000000,0.000000,3.575142,701.621690,17.000000,1.176471,3.038871,0.000000
sess_20260822_web_071_flow_00001,real_sess_20260822_web_071,sess_20260822_web_071,Web,env_win11_cellular,HIGH_LATENCY,day_3,2026-08-22,batch_20260822_03,dev_win11_laptop,cellular,warp_enabled,web_wikipedia,real,v2,sess_20260822_web_071_flow_00001_prefix_20,prefix_20,0.000,5.013,0,20.000000,4205.000000,210.250000,61.199571,213.500000,320.950000,0.263866,0.158095,0.231064,0.538636,20.000000,0.000000,4205.000000,0.000000,3.989259,838.741700,19.000000,1.052632,3.789796,0.000000
sess_20260822_web_072_flow_00000,real_sess_20260822_web_072,sess_20260822_web_072,Web,env_win11_cellular,NORMAL,day_3,2026-08-22,batch_20260822_04,dev_win11_laptop,cellular,warp_disabled,web_news,real,v2,sess_20260822_web_072_flow_00000_prefix_20,prefix_20,0.000,2.037,0,20.000000,5611.000000,280.550000,89.314319,321.500000,406.250000,0.107226,0.080020,0.084227,0.221605,20.000000,0.000000,5611.000000,0.000000,9.816965,2754.149609,12.000000,1.666667,5.890179,0.000000
sess_20260822_web_072_flow_00001,real_sess_20260822_web_072,sess_20260822_web_072,Web,env_win11_cellular,NORMAL,day_3,2026-08-22,batch_20260822_04,dev_win11_laptop,cellular,warp_disabled,web_news,real,v2,sess_20260822_web_072_flow_00001_prefix_20,prefix_20,0.000,2.117,0,20.000000,5927.000000,296.350000,98.363243,295.500000,420.600000,0.111409,0.095047,0.075462,0.273923,20.000000,0.000000,5927.000000,0.000000,9.448311,2800.006964,14.000000,1.428571,6.613818,0.000000
sess_20260823_web_073_flow_00000,real_sess_20260823_web_073,sess_20260823_web_073,Web,env_win11_wifi,LOW_BANDWIDTH,day_4,2026-08-23,batch_20260823_02,dev_win11_laptop,wifi,warp_enabled,web_ecommerce,real,v2,sess_20260823_web_073_flow_00000_prefix_20,prefix_20,0.000,3.138,0,20.000000,2041.000000,102.050000,38.300751,101.000000,151.350000,0.165180,0.125239,0.133448,0.350932,20.000000,0.000000,2041.000000,0.000000,6.372644,650.328280,15.000000,1.333333,4.779483,0.000000
sess_20260823_web_073_flow_00001,real_sess_20260823_web_073,sess_20260823_web_073,Web,env_win11_wifi,LOW_BANDWIDTH,day_4,2026-08-23,batch_20260823_02,dev_win11_laptop,wifi,warp_enabled,web_ecommerce,real,v2,sess_20260823_web_073_flow_00001_prefix_20,prefix_20,0.000,4.377,0,20.000000,1718.000000,85.900000,27.071941,84.000000,115.850000,0.230381,0.226576,0.150740,0.761376,20.000000,0.000000,1718.000000,0.000000,4.569088,392.484657,16.000000,1.250000,3.655270,0.000000
sess_20260823_web_074_flow_00000,real_sess_20260823_web_074,sess_20260823_web_074,Web,env_win11_eth,LOW_BANDWIDTH,day_4,2026-08-23,batch_20260823_03,dev_win11_desktop,ethernet,warp_enabled,web_github_docs,real,v2,sess_20260823_web_074_flow_00000_prefix_20,prefix_20,0.000,2.766,0,20.000000,2118.000000,105.900000,43.547560,90.500000,178.850000,0.145563,0.111784,0.084340,0.300685,20.000000,0.000000,2118.000000,0.000000,7.231436,765.809082,16.000000,1.250000,5.785149,0.000000
sess_20260823_web_074_flow_00001,real_sess_20260823_web_074,sess_20260823_web_074,Web,env_win11_eth,LOW_BANDWIDTH,day_4,2026-08-23,batch_20260823_03,dev_win11_desktop,ethernet,warp_enabled,web_github_docs,real,v2,sess_20260823_web_074_flow_00001_prefix_20,prefix_20,0.000,4.175,0,20.000000,1867.000000,93.350000,24.998550,102.000000,121.050000,0.219758,0.233693,0.110115,0.687889,20.000000,0.000000,1867.000000,0.000000,4.789967,447.143426,14.000000,1.428571,3.352977,0.000000
sess_20260823_web_075_flow_00000,real_sess_20260823_web_075,sess_20260823_web_075,Web,env_win11_cellular,NORMAL,day_4,2026-08-23,batch_20260823_04,dev_win11_laptop,cellular,warp_enabled,web_tech_blogs,real,v2,sess_20260823_web_075_flow_00000_prefix_20,prefix_20,0.000,2.280,0,20.000000,4859.000000,242.950000,99.059313,225.500000,367.050000,0.120011,0.110084,0.070417,0.283847,20.000000,0.000000,4859.000000,0.000000,8.771156,2130.952439,13.000000,1.538462,5.701252,0.000000
sess_20260823_web_075_flow_00001,real_sess_20260823_web_075,sess_20260823_web_075,Web,env_win11_cellular,NORMAL,day_4,2026-08-23,batch_20260823_04,dev_win11_laptop,cellular,warp_enabled,web_tech_blogs,real,v2,sess_20260823_web_075_flow_00001_prefix_20,prefix_20,0.000,2.236,0,20.000000,4970.000000,248.500000,103.599952,236.000000,420.650000,0.117694,0.084307,0.101297,0.260196,20.000000,0.000000,4970.000000,0.000000,8.943792,2222.532311,15.000000,1.333333,6.707844,0.000000
sess_20260820_video_076_flow_00000,real_sess_20260820_video_076,sess_20260820_video_076,Video,env_win11_wifi,NORMAL,day_1,2026-08-20,batch_20260820_01,dev_win11_laptop,wifi,warp_enabled,vid_youtube_1080p,real,v2,sess_20260820_video_076_flow_00000_prefix_20,prefix_20,0.000,0.101,0,20.000000,21797.000000,1089.850000,302.849018,1122.000000,1420.000000,0.005302,0.005933,0.003763,0.019664,20.000000,0.000000,21797.000000,0.000000,198.517065,216353.823407,1.000000,20.000000,9.925853,0.000000
sess_20260820_video_076_flow_00001,real_sess_20260820_video_076,sess_20260820_video_076,Video,env_win11_wifi,NORMAL,day_1,2026-08-20,batch_20260820_01,dev_win11_laptop,wifi,warp_enabled,vid_youtube_1080p,real,v2,sess_20260820_video_076_flow_00001_prefix_20,prefix_20,0.000,0.111,0,20.000000,22881.000000,1144.050000,310.850684,1192.500000,1420.000000,0.005839,0.005645,0.004812,0.018154,20.000000,0.000000,22881.000000,0.000000,180.274974,206243.583986,1.000000,20.000000,9.013749,0.000000
sess_20260820_video_077_flow_00000,real_sess_20260820_video_077,sess_20260820_video_077,Video,env_win11_wifi,LOW_BANDWIDTH,day_1,2026-08-20,batch_20260820_02,dev_win11_laptop,wifi,warp_enabled,vid_vimeo_720p,real,v2,sess_20260820_video_077_flow_00000_prefix_20,prefix_20,0.000,0.871,0,20.000000,2595.000000,129.750000,44.593581,135.000000,193.600000,0.045828,0.038093,0.033574,0.124525,20.000000,0.000000,2595.000000,0.000000,22.969421,2980.282362,8.000000,2.500000,9.187768,0.000000
sess_20260820_video_077_flow_00001,real_sess_20260820_video_077,sess_20260820_video_077,Video,env_win11_wifi,LOW_BANDWIDTH,day_1,2026-08-20,batch_20260820_02,dev_win11_laptop,wifi,warp_enabled,vid_vimeo_720p,real,v2,sess_20260820_video_077_flow_00001_prefix_20,prefix_20,0.000,0.828,0,20.000000,1911.000000,95.550000,34.894806,95.000000,144.550000,0.043599,0.040313,0.022881,0.129416,20.000000,0.000000,1911.000000,0.000000,24.143418,2306.903592,8.000000,2.500000,9.657367,0.000000
sess_20260820_video_078_flow_00000,real_sess_20260820_video_078,sess_20260820_video_078,Video,env_win11_eth,NORMAL,day_1,2026-08-20,batch_20260820_03,dev_win11_desktop,ethernet,warp_disabled,vid_twitch_live,real,v2,sess_20260820_video_078_flow_00000_prefix_20,prefix_20,0.000,0.291,0,20.000000,22716.000000,1135.800000,265.736825,1167.500000,1420.000000,0.015290,0.013230,0.011512,0.038932,20.000000,0.000000,22716.000000,0.000000,68.842997,78191.875636,1.000000,20.000000,3.442150,0.000000
sess_20260820_video_078_flow_00001,real_sess_20260820_video_078,sess_20260820_video_078,Video,env_win11_eth,NORMAL,day_1,2026-08-20,batch_20260820_03,dev_win11_desktop,ethernet,warp_disabled,vid_twitch_live,real,v2,sess_20260820_video_078_flow_00001_prefix_20,prefix_20,0.000,0.324,0,20.000000,22107.000000,1105.350000,287.320949,1141.500000,1420.000000,0.017056,0.020496,0.010696,0.051430,20.000000,0.000000,22107.000000,0.000000,61.715390,68217.106290,2.000000,10.000000,6.171539,0.000000
sess_20260820_video_079_flow_00000,real_sess_20260820_video_079,sess_20260820_video_079,Video,env_win11_eth,HIGH_LATENCY,day_1,2026-08-20,batch_20260820_04,dev_win11_desktop,ethernet,warp_enabled,vid_dailymotion_sd,real,v2,sess_20260820_video_079_flow_00000_prefix_20,prefix_20,0.000,2.069,0,20.000000,4921.000000,246.050000,76.586862,253.000000,404.800000,0.108879,0.092845,0.083255,0.285884,20.000000,0.000000,4921.000000,0.000000,9.667885,2378.783169,13.000000,1.538462,6.284125,0.000000
sess_20260820_video_079_flow_00001,real_sess_20260820_video_079,sess_20260820_video_079,Video,env_win11_eth,HIGH_LATENCY,day_1,2026-08-20,batch_20260820_04,dev_win11_desktop,ethernet,warp_enabled,vid_dailymotion_sd,real,v2,sess_20260820_video_079_flow_00001_prefix_20,prefix_20,0.000,2.445,0,20.000000,4998.000000,249.900000,73.721706,268.000000,360.000000,0.128697,0.102762,0.096674,0.306161,20.000000,0.000000,4998.000000,0.000000,8.179116,2043.960970,15.000000,1.333333,6.134337,0.000000
sess_20260821_video_080_flow_00000,real_sess_20260821_video_080,sess_20260821_video_080,Video,env_win11_wifi,NORMAL,day_2,2026-08-21,batch_20260821_01,dev_win11_laptop,wifi,warp_enabled,vid_netflix_4k,real,v2,sess_20260821_video_080_flow_00000_prefix_20,prefix_20,0.000,0.128,0,20.000000,15009.000000,750.450000,275.724224,801.500000,1023.450000,0.006741,0.006308,0.005815,0.019622,20.000000,0.000000,15009.000000,0.000000,156.160860,117190.917266,1.000000,20.000000,7.808043,0.000000
sess_20260821_video_080_flow_00001,real_sess_20260821_video_080,sess_20260821_video_080,Video,env_win11_wifi,NORMAL,day_2,2026-08-21,batch_20260821_01,dev_win11_laptop,wifi,warp_enabled,vid_netflix_4k,real,v2,sess_20260821_video_080_flow_00001_prefix_20,prefix_20,0.000,0.186,0,20.000000,15995.000000,799.750000,217.776692,779.500000,1174.000000,0.009772,0.012603,0.005022,0.035174,20.000000,0.000000,15995.000000,0.000000,107.722774,86151.288231,1.000000,20.000000,5.386139,0.000000
sess_20260821_video_081_flow_00000,real_sess_20260821_video_081,sess_20260821_video_081,Video,env_win11_wifi,HIGH_LATENCY,day_2,2026-08-21,batch_20260821_02,dev_win11_laptop,wifi,warp_enabled,vid_youtube_1080p,real,v2,sess_20260821_video_081_flow_00000_prefix_20,prefix_20,0.000,0.509,0,20.000000,19713.000000,985.650000,304.153460,973.000000,1420.000000,0.026767,0.017620,0.027867,0.053679,20.000000,0.000000,19713.000000,0.000000,39.324996,38760.682240,3.000000,6.666667,5.898749,0.000000
sess_20260821_video_081_flow_00001,real_sess_20260821_video_081,sess_20260821_video_081,Video,env_win11_wifi,HIGH_LATENCY,day_2,2026-08-21,batch_20260821_02,dev_win11_laptop,wifi,warp_enabled,vid_youtube_1080p,real,v2,sess_20260821_video_081_flow_00001_prefix_20,prefix_20,0.000,0.413,0,20.000000,21470.000000,1073.500000,282.803907,1082.000000,1420.000000,0.021739,0.018587,0.015971,0.049904,20.000000,0.000000,21470.000000,0.000000,48.421698,51980.692285,2.000000,10.000000,4.842170,0.000000
sess_20260821_video_082_flow_00000,real_sess_20260821_video_082,sess_20260821_video_082,Video,env_win11_cellular,NORMAL,day_2,2026-08-21,batch_20260821_03,dev_win11_laptop,cellular,warp_disabled,vid_vimeo_720p,real,v2,sess_20260821_video_082_flow_00000_prefix_20,prefix_20,0.000,1.860,0,20.000000,18005.000000,900.250000,285.983194,961.500000,1261.300000,0.097879,0.125928,0.072285,0.235179,20.000000,0.000000,18005.000000,0.000000,10.754400,9681.648902,12.000000,1.666667,6.452640,0.000000
sess_20260821_video_082_flow_00001,real_sess_20260821_video_082,sess_20260821_video_082,Video,env_win11_cellular,NORMAL,day_2,2026-08-21,batch_20260821_03,dev_win11_laptop,cellular,warp_disabled,vid_vimeo_720p,real,v2,sess_20260821_video_082_flow_00001_prefix_20,prefix_20,0.000,1.196,0,20.000000,16475.000000,823.750000,211.244142,870.500000,1092.350000,0.062939,0.068181,0.025174,0.196607,20.000000,0.000000,16475.000000,0.000000,16.724762,13777.022521,9.000000,2.222222,7.526143,0.000000
sess_20260821_video_083_flow_00000,real_sess_20260821_video_083,sess_20260821_video_083,Video,env_win11_cellular,LOW_BANDWIDTH,day_2,2026-08-21,batch_20260821_04,dev_win11_laptop,cellular,warp_enabled,vid_twitch_live,real,v2,sess_20260821_video_083_flow_00000_prefix_20,prefix_20,0.000,3.899,0,20.000000,1313.000000,65.650000,21.863840,66.000000,96.850000,0.205192,0.169364,0.136439,0.538544,20.000000,0.000000,1313.000000,0.000000,5.129977,336.783010,17.000000,1.176471,4.360481,0.000000
sess_20260821_video_083_flow_00001,real_sess_20260821_video_083,sess_20260821_video_083,Video,env_win11_cellular,LOW_BANDWIDTH,day_2,2026-08-21,batch_20260821_04,dev_win11_laptop,cellular,warp_enabled,vid_twitch_live,real,v2,sess_20260821_video_083_flow_00001_prefix_20,prefix_20,0.000,4.050,0,20.000000,2576.000000,128.800000,45.722642,126.000000,210.900000,0.213143,0.246858,0.140332,0.535431,20.000000,0.000000,2576.000000,0.000000,4.938620,636.094292,15.000000,1.333333,3.703965,0.000000
sess_20260822_video_084_flow_00000,real_sess_20260822_video_084,sess_20260822_video_084,Video,env_win11_eth,NORMAL,day_3,2026-08-22,batch_20260822_01,dev_win11_desktop,ethernet,warp_enabled,vid_dailymotion_sd,real,v2,sess_20260822_video_084_flow_00000_prefix_20,prefix_20,0.000,0.093,0,20.000000,24041.000000,1202.050000,270.526796,1334.500000,1420.000000,0.004902,0.003739,0.003770,0.010377,20.000000,0.000000,24041.000000,0.000000,214.748218,258138.095046,1.000000,20.000000,10.737411,0.000000
sess_20260822_video_084_flow_00001,real_sess_20260822_video_084,sess_20260822_video_084,Video,env_win11_eth,NORMAL,day_3,2026-08-22,batch_20260822_01,dev_win11_desktop,ethernet,warp_enabled,vid_dailymotion_sd,real,v2,sess_20260822_video_084_flow_00001_prefix_20,prefix_20,0.000,0.118,0,20.000000,23214.000000,1160.700000,371.780594,1392.000000,1420.000000,0.006222,0.005301,0.004733,0.015931,20.000000,0.000000,23214.000000,0.000000,169.188423,196377.002785,1.000000,20.000000,8.459421,0.000000
sess_20260822_video_085_flow_00000,real_sess_20260822_video_085,sess_20260822_video_085,Video,env_win11_eth,PACKET_LOSS,day_3,2026-08-22,batch_20260822_02,dev_win11_desktop,ethernet,warp_enabled,vid_netflix_4k,real,v2,sess_20260822_video_085_flow_00000_prefix_20,prefix_20,0.000,0.431,0,20.000000,5045.000000,252.250000,81.902915,247.000000,419.250000,0.022703,0.022085,0.014286,0.068042,20.000000,0.000000,5045.000000,0.000000,46.364935,11695.554905,5.000000,4.000000,11.591234,0.000000
sess_20260822_video_085_flow_00001,real_sess_20260822_video_085,sess_20260822_video_085,Video,env_win11_eth,PACKET_LOSS,day_3,2026-08-22,batch_20260822_02,dev_win11_desktop,ethernet,warp_enabled,vid_netflix_4k,real,v2,sess_20260822_video_085_flow_00001_prefix_20,prefix_20,0.000,0.563,0,20.000000,5543.000000,277.150000,86.992686,275.000000,406.900000,0.029652,0.030182,0.018603,0.086464,20.000000,0.000000,5543.000000,0.000000,35.499364,9838.648626,5.000000,4.000000,8.874841,0.000000
sess_20260822_video_086_flow_00000,real_sess_20260822_video_086,sess_20260822_video_086,Video,env_win11_cellular,HIGH_LATENCY,day_3,2026-08-22,batch_20260822_03,dev_win11_laptop,cellular,warp_enabled,vid_youtube_1080p,real,v2,sess_20260822_video_086_flow_00000_prefix_20,prefix_20,0.000,0.272,0,20.000000,24951.000000,1247.550000,274.277865,1419.500000,1420.000000,0.014339,0.013187,0.009105,0.036887,20.000000,0.000000,24951.000000,0.000000,73.412273,91585.481447,1.000000,20.000000,3.670614,0.000000
sess_20260822_video_086_flow_00001,real_sess_20260822_video_086,sess_20260822_video_086,Video,env_win11_cellular,HIGH_LATENCY,day_3,2026-08-22,batch_20260822_03,dev_win11_laptop,cellular,warp_enabled,vid_youtube_1080p,real,v2,sess_20260822_video_086_flow_00001_prefix_20,prefix_20,0.000,0.266,0,20.000000,22853.000000,1142.650000,321.334448,1297.500000,1420.000000,0.014005,0.018453,0.007999,0.041552,20.000000,0.000000,22853.000000,0.000000,75.161758,85883.583265,2.000000,10.000000,7.516176,0.000000
sess_20260822_video_087_flow_00000,real_sess_20260822_video_087,sess_20260822_video_087,Video,env_win11_cellular,NORMAL,day_3,2026-08-22,batch_20260822_04,dev_win11_laptop,cellular,warp_disabled,vid_vimeo_720p,real,v2,sess_20260822_video_087_flow_00000_prefix_20,prefix_20,0.000,0.710,0,20.000000,4193.000000,209.650000,94.403535,214.000000,372.350000,0.037380,0.028671,0.031651,0.082731,20.000000,0.000000,4193.000000,0.000000,28.160104,5903.765727,5.000000,4.000000,7.040026,0.000000
sess_20260822_video_087_flow_00001,real_sess_20260822_video_087,sess_20260822_video_087,Video,env_win11_cellular,NORMAL,day_3,2026-08-22,batch_20260822_04,dev_win11_laptop,cellular,warp_disabled,vid_vimeo_720p,real,v2,sess_20260822_video_087_flow_00001_prefix_20,prefix_20,0.000,0.298,0,20.000000,4451.000000,222.550000,73.217126,212.000000,336.100000,0.015707,0.014354,0.009384,0.039135,20.000000,0.000000,4451.000000,0.000000,67.015405,14914.278370,2.000000,10.000000,6.701540,0.000000
sess_20260823_video_088_flow_00000,real_sess_20260823_video_088,sess_20260823_video_088,Video,env_win11_wifi,LOW_BANDWIDTH,day_4,2026-08-23,batch_20260823_02,dev_win11_laptop,wifi,warp_enabled,vid_twitch_live,real,v2,sess_20260823_video_088_flow_00000_prefix_20,prefix_20,0.000,0.101,0,20.000000,10248.000000,512.400000,159.463287,542.500000,703.950000,0.005299,0.005661,0.002810,0.014168,20.000000,0.000000,10248.000000,0.000000,198.631011,101778.529899,1.000000,20.000000,9.931551,0.000000
sess_20260823_video_088_flow_00001,real_sess_20260823_video_088,sess_20260823_video_088,Video,env_win11_wifi,LOW_BANDWIDTH,day_4,2026-08-23,batch_20260823_02,dev_win11_laptop,wifi,warp_enabled,vid_twitch_live,real,v2,sess_20260823_video_088_flow_00001_prefix_20,prefix_20,0.000,0.107,0,20.000000,16235.000000,811.750000,322.573848,881.000000,1156.500000,0.005639,0.006354,0.004031,0.017328,20.000000,0.000000,16235.000000,0.000000,186.664409,151524.833911,1.000000,20.000000,9.333220,0.000000
sess_20260823_video_089_flow_00000,real_sess_20260823_video_089,sess_20260823_video_089,Video,env_win11_eth,LOW_BANDWIDTH,day_4,2026-08-23,batch_20260823_03,dev_win11_desktop,ethernet,warp_enabled,vid_dailymotion_sd,real,v2,sess_20260823_video_089_flow_00000_prefix_20,prefix_20,0.000,1.283,0,20.000000,1975.000000,98.750000,26.819536,98.500000,140.100000,0.067514,0.064411,0.056800,0.144825,20.000000,0.000000,1975.000000,0.000000,15.591397,1539.650500,11.000000,1.818182,8.575269,0.000000
sess_20260823_video_089_flow_00001,real_sess_20260823_video_089,sess_20260823_video_089,Video,env_win11_eth,LOW_BANDWIDTH,day_4,2026-08-23,batch_20260823_03,dev_win11_desktop,ethernet,warp_enabled,vid_dailymotion_sd,real,v2,sess_20260823_video_089_flow_00001_prefix_20,prefix_20,0.000,0.788,0,20.000000,1946.000000,97.300000,35.098575,95.500000,156.100000,0.041470,0.068053,0.019597,0.096220,20.000000,0.000000,1946.000000,0.000000,25.382982,2469.764174,4.000000,5.000000,5.076596,0.000000
sess_20260823_video_090_flow_00000,real_sess_20260823_video_090,sess_20260823_video_090,Video,env_win11_cellular,NORMAL,day_4,2026-08-23,batch_20260823_04,dev_win11_laptop,cellular,warp_enabled,vid_netflix_4k,real,v2,sess_20260823_video_090_flow_00000_prefix_20,prefix_20,0.000,1.105,0,20.000000,4268.000000,213.400000,83.105595,231.500000,320.500000,0.058148,0.050969,0.048333,0.158751,20.000000,0.000000,4268.000000,0.000000,18.102553,3863.084885,10.000000,2.000000,9.051277,0.000000
sess_20260823_video_090_flow_00001,real_sess_20260823_video_090,sess_20260823_video_090,Video,env_win11_cellular,NORMAL,day_4,2026-08-23,batch_20260823_04,dev_win11_laptop,cellular,warp_enabled,vid_netflix_4k,real,v2,sess_20260823_video_090_flow_00001_prefix_20,prefix_20,0.000,1.166,0,20.000000,4055.000000,202.750000,69.098390,180.000000,349.850000,0.061343,0.055193,0.059550,0.171238,20.000000,0.000000,4055.000000,0.000000,17.159847,3479.158902,11.000000,1.818182,9.437916,0.000000
sess_20260820_messaging_091_flow_00000,real_sess_20260820_messaging_091,sess_20260820_messaging_091,Messaging,env_win11_wifi,NORMAL,day_1,2026-08-20,batch_20260820_01,dev_win11_laptop,wifi,warp_enabled,msg_slack_chat,real,v2,sess_20260820_messaging_091_flow_00000_prefix_20,prefix_20,0.000,0.252,0,20.000000,19738.000000,986.900000,320.996869,990.500000,1420.000000,0.013244,0.011349,0.008628,0.032899,20.000000,0.000000,19738.000000,0.000000,79.482314,78441.095747,1.000000,20.000000,3.974116,0.000000
sess_20260820_messaging_091_flow_00001,real_sess_20260820_messaging_091,sess_20260820_messaging_091,Messaging,env_win11_wifi,NORMAL,day_1,2026-08-20,batch_20260820_01,dev_win11_laptop,wifi,warp_enabled,msg_slack_chat,real,v2,sess_20260820_messaging_091_flow_00001_prefix_20,prefix_20,0.000,0.125,0,20.000000,22173.000000,1108.650000,307.523865,1222.500000,1420.000000,0.006600,0.005631,0.004088,0.017549,20.000000,0.000000,22173.000000,0.000000,159.494129,176823.166205,1.000000,20.000000,7.974706,0.000000
sess_20260820_messaging_092_flow_00000,real_sess_20260820_messaging_092,sess_20260820_messaging_092,Messaging,env_win11_wifi,LOW_BANDWIDTH,day_1,2026-08-20,batch_20260820_02,dev_win11_laptop,wifi,warp_enabled,msg_discord_text,real,v2,sess_20260820_messaging_092_flow_00000_prefix_20,prefix_20,0.000,1.899,0,20.000000,2784.000000,139.200000,44.377472,140.000000,218.050000,0.099944,0.085689,0.084146,0.273497,20.000000,0.000000,2784.000000,0.000000,10.532259,1466.090459,12.000000,1.666667,6.319355,0.000000
sess_20260820_messaging_092_flow_00001,real_sess_20260820_messaging_092,sess_20260820_messaging_092,Messaging,env_win11_wifi,LOW_BANDWIDTH,day_1,2026-08-20,batch_20260820_02,dev_win11_laptop,wifi,warp_enabled,msg_discord_text,real,v2,sess_20260820_messaging_092_flow_00001_prefix_20,prefix_20,0.000,1.640,0,20.000000,1838.000000,91.900000,28.562038,96.500000,136.100000,0.086333,0.084098,0.051915,0.280344,20.000000,0.000000,1838.000000,0.000000,12.192719,1120.510851,11.000000,1.818182,6.705995,0.000000
sess_20260820_messaging_093_flow_00000,real_sess_20260820_messaging_093,sess_20260820_messaging_093,Messaging,env_win11_eth,NORMAL,day_1,2026-08-20,batch_20260820_03,dev_win11_desktop,ethernet,warp_disabled,msg_telegram_sync,real,v2,sess_20260820_messaging_093_flow_00000_prefix_20,prefix_20,0.000,0.161,0,20.000000,4243.000000,212.150000,77.291186,197.500000,339.050000,0.008458,0.008454,0.007954,0.018640,20.000000,0.000000,4243.000000,0.000000,124.453434,26402.795957,1.000000,20.000000,6.222672,0.000000
sess_20260820_messaging_093_flow_00001,real_sess_20260820_messaging_093,sess_20260820_messaging_093,Messaging,env_win11_eth,NORMAL,day_1,2026-08-20,batch_20260820_03,dev_win11_desktop,ethernet,warp_disabled,msg_telegram_sync,real,v2,sess_20260820_messaging_093_flow_00001_prefix_20,prefix_20,0.000,0.128,0,20.000000,5032.000000,251.600000,69.569677,247.500000,376.800000,0.006715,0.003932,0.005758,0.013927,20.000000,0.000000,5032.000000,0.000000,156.746787,39437.491545,1.000000,20.000000,7.837339,0.000000
sess_20260820_messaging_094_flow_00000,real_sess_20260820_messaging_094,sess_20260820_messaging_094,Messaging,env_win11_eth,HIGH_LATENCY,day_1,2026-08-20,batch_20260820_04,dev_win11_desktop,ethernet,warp_enabled,msg_whatsapp_web,real,v2,sess_20260820_messaging_094_flow_00000_prefix_20,prefix_20,0.000,0.088,0,20.000000,25945.000000,1297.250000,188.421569,1420.000000,1420.000000,0.004611,0.003652,0.003088,0.010913,20.000000,0.000000,25945.000000,0.000000,228.284889,296142.572641,1.000000,20.000000,11.414244,0.000000
sess_20260820_messaging_094_flow_00001,real_sess_20260820_messaging_094,sess_20260820_messaging_094,Messaging,env_win11_eth,HIGH_LATENCY,day_1,2026-08-20,batch_20260820_04,dev_win11_desktop,ethernet,warp_enabled,msg_whatsapp_web,real,v2,sess_20260820_messaging_094_flow_00001_prefix_20,prefix_20,0.000,0.089,0,20.000000,24277.000000,1213.850000,326.834863,1413.500000,1420.000000,0.004689,0.003926,0.003405,0.013100,20.000000,0.000000,24277.000000,0.000000,224.492632,272500.381365,1.000000,20.000000,11.224632,0.000000
sess_20260821_messaging_095_flow_00000,real_sess_20260821_messaging_095,sess_20260821_messaging_095,Messaging,env_win11_wifi,NORMAL,day_2,2026-08-21,batch_20260821_01,dev_win11_laptop,wifi,warp_enabled,msg_signal_chat,real,v2,sess_20260821_messaging_095_flow_00000_prefix_20,prefix_20,0.000,0.585,0,20.000000,4548.000000,227.400000,77.461216,224.000000,325.350000,0.030809,0.037313,0.014137,0.114843,20.000000,0.000000,4548.000000,0.000000,34.166731,7769.514728,5.000000,4.000000,8.541683,0.000000
sess_20260821_messaging_095_flow_00001,real_sess_20260821_messaging_095,sess_20260821_messaging_095,Messaging,env_win11_wifi,NORMAL,day_2,2026-08-21,batch_20260821_01,dev_win11_laptop,wifi,warp_enabled,msg_signal_chat,real,v2,sess_20260821_messaging_095_flow_00001_prefix_20,prefix_20,0.000,0.566,0,20.000000,4086.000000,204.300000,65.678079,192.000000,304.050000,0.029779,0.032207,0.017752,0.107122,20.000000,0.000000,4086.000000,0.000000,35.348526,7221.703908,4.000000,5.000000,7.069705,0.000000
sess_20260821_messaging_096_flow_00000,real_sess_20260821_messaging_096,sess_20260821_messaging_096,Messaging,env_win11_wifi,HIGH_LATENCY,day_2,2026-08-21,batch_20260821_02,dev_win11_laptop,wifi,warp_enabled,msg_slack_chat,real,v2,sess_20260821_messaging_096_flow_00000_prefix_20,prefix_20,0.000,0.280,0,20.000000,23529.000000,1176.450000,235.821643,1236.000000,1420.000000,0.014745,0.012128,0.011756,0.037426,20.000000,0.000000,23529.000000,0.000000,71.390261,83987.072624,1.000000,20.000000,3.569513,0.000000
sess_20260821_messaging_096_flow_00001,real_sess_20260821_messaging_096,sess_20260821_messaging_096,Messaging,env_win11_wifi,HIGH_LATENCY,day_2,2026-08-21,batch_20260821_02,dev_win11_laptop,wifi,warp_enabled,msg_slack_chat,real,v2,sess_20260821_messaging_096_flow_00001_prefix_20,prefix_20,0.000,0.301,0,20.000000,22145.000000,1107.250000,358.061569,1183.500000,1420.000000,0.015859,0.012027,0.010116,0.034490,20.000000,0.000000,22145.000000,0.000000,66.374795,73493.491504,1.000000,20.000000,3.318740,0.000000
sess_20260821_messaging_097_flow_00000,real_sess_20260821_messaging_097,sess_20260821_messaging_097,Messaging,env_win11_cellular,NORMAL,day_2,2026-08-21,batch_20260821_03,dev_win11_laptop,cellular,warp_disabled,msg_discord_text,real,v2,sess_20260821_messaging_097_flow_00000_prefix_20,prefix_20,0.000,0.596,0,20.000000,4218.000000,210.900000,82.608656,197.500000,356.250000,0.031386,0.029597,0.025983,0.095670,20.000000,0.000000,4218.000000,0.000000,33.538214,7073.209383,3.000000,6.666667,5.030732,0.000000
sess_20260821_messaging_097_flow_00001,real_sess_20260821_messaging_097,sess_20260821_messaging_097,Messaging,env_win11_cellular,NORMAL,day_2,2026-08-21,batch_20260821_03,dev_win11_laptop,cellular,warp_disabled,msg_discord_text,real,v2,sess_20260821_messaging_097_flow_00001_prefix_20,prefix_20,0.000,0.733,0,20.000000,4150.000000,207.500000,77.176745,209.500000,340.550000,0.038561,0.032885,0.028601,0.078951,20.000000,0.000000,4150.000000,0.000000,27.297735,5664.279919,7.000000,2.857143,9.554207,0.000000
sess_20260821_messaging_098_flow_00000,real_sess_20260821_messaging_098,sess_20260821_messaging_098,Messaging,env_win11_cellular,LOW_BANDWIDTH,day_2,2026-08-21,batch_20260821_04,dev_win11_laptop,cellular,warp_enabled,msg_telegram_sync,real,v2,sess_20260821_messaging_098_flow_00000_prefix_20,prefix_20,0.000,0.193,0,20.000000,14782.000000,739.100000,276.599693,702.000000,1166.300000,0.010136,0.007981,0.008624,0.023496,20.000000,0.000000,14782.000000,0.000000,103.846164,76752.699562,1.000000,20.000000,5.192308,0.000000
sess_20260821_messaging_098_flow_00001,real_sess_20260821_messaging_098,sess_20260821_messaging_098,Messaging,env_win11_cellular,LOW_BANDWIDTH,day_2,2026-08-21,batch_20260821_04,dev_win11_laptop,cellular,warp_enabled,msg_telegram_sync,real,v2,sess_20260821_messaging_098_flow_00001_prefix_20,prefix_20,0.000,0.148,0,20.000000,8963.000000,448.150000,190.388885,411.500000,770.500000,0.007800,0.006052,0.004849,0.017891,20.000000,0.000000,8963.000000,0.000000,134.948262,60477.063786,1.000000,20.000000,6.747413,0.000000
sess_20260822_messaging_099_flow_00000,real_sess_20260822_messaging_099,sess_20260822_messaging_099,Messaging,env_win11_eth,NORMAL,day_3,2026-08-22,batch_20260822_01,dev_win11_desktop,ethernet,warp_enabled,msg_whatsapp_web,real,v2,sess_20260822_messaging_099_flow_00000_prefix_20,prefix_20,0.000,0.150,0,20.000000,22407.000000,1120.350000,260.539301,1072.500000,1420.000000,0.007876,0.006787,0.005415,0.022902,20.000000,0.000000,22407.000000,0.000000,133.649182,149733.860570,1.000000,20.000000,6.682459,0.000000
sess_20260822_messaging_099_flow_00001,real_sess_20260822_messaging_099,sess_20260822_messaging_099,Messaging,env_win11_eth,NORMAL,day_3,2026-08-22,batch_20260822_01,dev_win11_desktop,ethernet,warp_enabled,msg_whatsapp_web,real,v2,sess_20260822_messaging_099_flow_00001_prefix_20,prefix_20,0.000,0.188,0,20.000000,23186.000000,1159.300000,281.973598,1239.000000,1420.000000,0.009912,0.010171,0.007734,0.019914,20.000000,0.000000,23186.000000,0.000000,106.193359,123109.960661,1.000000,20.000000,5.309668,0.000000
sess_20260822_messaging_100_flow_00000,real_sess_20260822_messaging_100,sess_20260822_messaging_100,Messaging,env_win11_eth,PACKET_LOSS,day_3,2026-08-22,batch_20260822_02,dev_win11_desktop,ethernet,warp_enabled,msg_signal_chat,real,v2,sess_20260822_messaging_100_flow_00000_prefix_20,prefix_20,0.000,0.394,0,20.000000,4005.000000,200.250000,67.846794,207.000000,318.450000,0.020754,0.024290,0.008602,0.069370,20.000000,0.000000,4005.000000,0.000000,50.718502,10156.379968,4.000000,5.000000,10.143700,0.000000
sess_20260822_messaging_100_flow_00001,real_sess_20260822_messaging_100,sess_20260822_messaging_100,Messaging,env_win11_eth,PACKET_LOSS,day_3,2026-08-22,batch_20260822_02,dev_win11_desktop,ethernet,warp_enabled,msg_signal_chat,real,v2,sess_20260822_messaging_100_flow_00001_prefix_20,prefix_20,0.000,0.459,0,20.000000,4552.000000,227.600000,84.444301,227.000000,350.050000,0.024166,0.019534,0.024554,0.064269,20.000000,0.000000,4552.000000,0.000000,43.557872,9913.771688,3.000000,6.666667,6.533681,0.000000
sess_20260822_messaging_101_flow_00000,real_sess_20260822_messaging_101,sess_20260822_messaging_101,Messaging,env_win11_cellular,HIGH_LATENCY,day_3,2026-08-22,batch_20260822_03,dev_win11_laptop,cellular,warp_enabled,msg_slack_chat,real,v2,sess_20260822_messaging_101_flow_00000_prefix_20,prefix_20,0.000,0.225,0,20.000000,22985.000000,1149.250000,338.638579,1229.000000,1420.000000,0.011853,0.006605,0.011209,0.020182,20.000000,0.000000,22985.000000,0.000000,88.808959,102063.696486,1.000000,20.000000,4.440448,0.000000
sess_20260822_messaging_101_flow_00001,real_sess_20260822_messaging_101,sess_20260822_messaging_101,Messaging,env_win11_cellular,HIGH_LATENCY,day_3,2026-08-22,batch_20260822_03,dev_win11_laptop,cellular,warp_enabled,msg_slack_chat,real,v2,sess_20260822_messaging_101_flow_00001_prefix_20,prefix_20,0.000,0.326,0,20.000000,24429.000000,1221.450000,294.726225,1420.000000,1420.000000,0.017146,0.016266,0.009202,0.050668,20.000000,0.000000,24429.000000,0.000000,61.392769,74988.198040,3.000000,6.666667,9.208915,0.000000
sess_20260822_messaging_102_flow_00000,real_sess_20260822_messaging_102,sess_20260822_messaging_102,Messaging,env_win11_cellular,NORMAL,day_3,2026-08-22,batch_20260822_04,dev_win11_laptop,cellular,warp_disabled,msg_discord_text,real,v2,sess_20260822_messaging_102_flow_00000_prefix_20,prefix_20,0.000,0.668,0,20.000000,3818.000000,190.900000,76.968110,189.500000,324.500000,0.035144,0.033392,0.032302,0.091960,20.000000,0.000000,3818.000000,0.000000,29.951977,5717.832357,4.000000,5.000000,5.990395,0.000000
sess_20260822_messaging_102_flow_00001,real_sess_20260822_messaging_102,sess_20260822_messaging_102,Messaging,env_win11_cellular,NORMAL,day_3,2026-08-22,batch_20260822_04,dev_win11_laptop,cellular,warp_disabled,msg_discord_text,real,v2,sess_20260822_messaging_102_flow_00001_prefix_20,prefix_20,0.000,0.657,0,20.000000,3536.000000,176.800000,53.849420,171.500000,268.750000,0.034599,0.033636,0.022379,0.103498,20.000000,0.000000,3536.000000,0.000000,30.423874,5378.940960,5.000000,4.000000,7.605969,0.000000
sess_20260823_messaging_103_flow_00000,real_sess_20260823_messaging_103,sess_20260823_messaging_103,Messaging,env_win11_wifi,LOW_BANDWIDTH,day_4,2026-08-23,batch_20260823_02,dev_win11_laptop,wifi,warp_enabled,msg_telegram_sync,real,v2,sess_20260823_messaging_103_flow_00000_prefix_20,prefix_20,0.000,5.405,0,20.000000,2094.000000,104.700000,45.809497,101.500000,177.200000,0.284454,0.471043,0.084086,1.054027,20.000000,0.000000,2094.000000,0.000000,3.700534,387.445903,14.000000,1.428571,2.590374,0.000000
sess_20260823_messaging_103_flow_00001,real_sess_20260823_messaging_103,sess_20260823_messaging_103,Messaging,env_win11_wifi,LOW_BANDWIDTH,day_4,2026-08-23,batch_20260823_02,dev_win11_laptop,wifi,warp_enabled,msg_telegram_sync,real,v2,sess_20260823_messaging_103_flow_00001_prefix_20,prefix_20,0.000,4.147,0,20.000000,1290.000000,64.500000,23.107358,58.500000,101.850000,0.218244,0.290920,0.117484,0.872889,20.000000,0.000000,1290.000000,0.000000,4.823194,311.095983,15.000000,1.333333,3.617395,0.000000
sess_20260823_messaging_104_flow_00000,real_sess_20260823_messaging_104,sess_20260823_messaging_104,Messaging,env_win11_eth,LOW_BANDWIDTH,day_4,2026-08-23,batch_20260823_03,dev_win11_desktop,ethernet,warp_enabled,msg_whatsapp_web,real,v2,sess_20260823_messaging_104_flow_00000_prefix_20,prefix_20,0.000,3.518,0,20.000000,6573.000000,328.650000,119.171421,317.000000,515.950000,0.185165,0.132823,0.156429,0.405067,20.000000,0.000000,6573.000000,0.000000,5.684842,1868.323423,18.000000,1.111111,5.116358,0.000000
sess_20260823_messaging_104_flow_00001,real_sess_20260823_messaging_104,sess_20260823_messaging_104,Messaging,env_win11_eth,LOW_BANDWIDTH,day_4,2026-08-23,batch_20260823_03,dev_win11_desktop,ethernet,warp_enabled,msg_whatsapp_web,real,v2,sess_20260823_messaging_104_flow_00001_prefix_20,prefix_20,0.000,1.560,0,20.000000,9603.000000,480.150000,124.286474,511.500000,635.400000,0.082099,0.057516,0.077828,0.171664,20.000000,0.000000,9603.000000,0.000000,12.821434,6156.211496,14.000000,1.428571,8.975004,0.000000
sess_20260823_messaging_105_flow_00000,real_sess_20260823_messaging_105,sess_20260823_messaging_105,Messaging,env_win11_cellular,NORMAL,day_4,2026-08-23,batch_20260823_04,dev_win11_laptop,cellular,warp_enabled,msg_signal_chat,real,v2,sess_20260823_messaging_105_flow_00000_prefix_20,prefix_20,0.000,2.540,0,20.000000,3460.000000,173.000000,68.030140,179.500000,297.700000,0.133686,0.121528,0.078932,0.360070,20.000000,0.000000,3460.000000,0.000000,7.873938,1362.191191,17.000000,1.176471,6.692847,0.000000
sess_20260823_messaging_105_flow_00001,real_sess_20260823_messaging_105,sess_20260823_messaging_105,Messaging,env_win11_cellular,NORMAL,day_4,2026-08-23,batch_20260823_04,dev_win11_laptop,cellular,warp_enabled,msg_signal_chat,real,v2,sess_20260823_messaging_105_flow_00001_prefix_20,prefix_20,0.000,3.622,0,20.000000,4023.000000,201.150000,46.571746,197.000000,260.550000,0.190641,0.170467,0.111974,0.507261,20.000000,0.000000,4023.000000,0.000000,5.521534,1110.656476,18.000000,1.111111,4.969380,0.000000
sess_20260820_voip_106_flow_00000,real_sess_20260820_voip_106,sess_20260820_voip_106,VoIP,env_win11_wifi,NORMAL,day_1,2026-08-20,batch_20260820_01,dev_win11_laptop,wifi,warp_enabled,voip_zoom_audio,real,v2,sess_20260820_voip_106_flow_00000_prefix_20,prefix_20,0.000,1.597,0,20.000000,7949.000000,397.450000,128.327111,423.000000,534.850000,0.084055,0.082090,0.055569,0.284163,20.000000,0.000000,7949.000000,0.000000,12.523070,4977.294169,12.000000,1.666667,7.513842,0.000000
sess_20260820_voip_106_flow_00001,real_sess_20260820_voip_106,sess_20260820_voip_106,VoIP,env_win11_wifi,NORMAL,day_1,2026-08-20,batch_20260820_01,dev_win11_laptop,wifi,warp_enabled,voip_zoom_audio,real,v2,sess_20260820_voip_106_flow_00001_prefix_20,prefix_20,0.000,1.391,0,20.000000,7017.000000,350.850000,108.077414,362.500000,501.350000,0.073209,0.070526,0.050042,0.227822,20.000000,0.000000,7017.000000,0.000000,14.378363,5044.648521,11.000000,1.818182,7.908099,0.000000
sess_20260820_voip_107_flow_00000,real_sess_20260820_voip_107,sess_20260820_voip_107,VoIP,env_win11_wifi,LOW_BANDWIDTH,day_1,2026-08-20,batch_20260820_02,dev_win11_laptop,wifi,warp_enabled,voip_teams_voice,real,v2,sess_20260820_voip_107_flow_00000_prefix_20,prefix_20,0.000,3.303,0,20.000000,2475.000000,123.750000,35.899687,118.500000,184.100000,0.173825,0.112132,0.149854,0.341364,20.000000,0.000000,2475.000000,0.000000,6.055708,749.393894,18.000000,1.111111,5.450137,0.000000
sess_20260820_voip_107_flow_00001,real_sess_20260820_voip_107,sess_20260820_voip_107,VoIP,env_win11_wifi,LOW_BANDWIDTH,day_1,2026-08-20,batch_20260820_02,dev_win11_laptop,wifi,warp_enabled,voip_teams_voice,real,v2,sess_20260820_voip_107_flow_00001_prefix_20,prefix_20,0.000,4.524,0,20.000000,1831.000000,91.550000,33.573017,91.500000,143.150000,0.238127,0.229247,0.154829,0.647634,20.000000,0.000000,1831.000000,0.000000,4.420456,404.692721,17.000000,1.176471,3.757387,0.000000
sess_20260820_voip_108_flow_00000,real_sess_20260820_voip_108,sess_20260820_voip_108,VoIP,env_win11_eth,NORMAL,day_1,2026-08-20,batch_20260820_03,dev_win11_desktop,ethernet,warp_disabled,voip_meet_audio,real,v2,sess_20260820_voip_108_flow_00000_prefix_20,prefix_20,0.000,2.382,0,20.000000,4449.000000,222.450000,46.863072,223.500000,280.900000,0.125383,0.112612,0.109817,0.365574,20.000000,0.000000,4449.000000,0.000000,8.395345,1867.544428,14.000000,1.428571,5.876741,0.000000
sess_20260820_voip_108_flow_00001,real_sess_20260820_voip_108,sess_20260820_voip_108,VoIP,env_win11_eth,NORMAL,day_1,2026-08-20,batch_20260820_03,dev_win11_desktop,ethernet,warp_disabled,voip_meet_audio,real,v2,sess_20260820_voip_108_flow_00001_prefix_20,prefix_20,0.000,2.160,0,20.000000,4385.000000,219.250000,73.482566,222.500000,322.100000,0.113690,0.117021,0.067689,0.295848,20.000000,0.000000,4385.000000,0.000000,9.258789,2029.989465,14.000000,1.428571,6.481152,0.000000
sess_20260820_voip_109_flow_00000,real_sess_20260820_voip_109,sess_20260820_voip_109,VoIP,env_win11_eth,HIGH_LATENCY,day_1,2026-08-20,batch_20260820_04,dev_win11_desktop,ethernet,warp_enabled,voip_discord_voice,real,v2,sess_20260820_voip_109_flow_00000_prefix_20,prefix_20,0.000,3.639,0,20.000000,4410.000000,220.500000,86.592436,227.000000,325.650000,0.191504,0.162079,0.175673,0.429891,20.000000,0.000000,4410.000000,0.000000,5.496662,1212.013866,16.000000,1.250000,4.397329,0.000000
sess_20260820_voip_109_flow_00001,real_sess_20260820_voip_109,sess_20260820_voip_109,VoIP,env_win11_eth,HIGH_LATENCY,day_1,2026-08-20,batch_20260820_04,dev_win11_desktop,ethernet,warp_enabled,voip_discord_voice,real,v2,sess_20260820_voip_109_flow_00001_prefix_20,prefix_20,0.000,10.758,0,20.000000,5639.000000,281.950000,100.312250,253.500000,446.050000,0.566232,0.785477,0.367946,2.492798,20.000000,0.000000,5639.000000,0.000000,1.859010,524.147764,19.000000,1.052632,1.766059,0.000000
sess_20260821_voip_110_flow_00000,real_sess_20260821_voip_110,sess_20260821_voip_110,VoIP,env_win11_wifi,NORMAL,day_2,2026-08-21,batch_20260821_01,dev_win11_laptop,wifi,warp_enabled,voip_skype_call,real,v2,sess_20260821_voip_110_flow_00000_prefix_20,prefix_20,0.000,3.884,0,20.000000,6684.000000,334.200000,103.923818,329.500000,523.300000,0.204447,0.230006,0.098003,0.553471,20.000000,0.000000,6684.000000,0.000000,5.148681,1720.689211,15.000000,1.333333,3.861511,0.000000
sess_20260821_voip_110_flow_00001,real_sess_20260821_voip_110,sess_20260821_voip_110,VoIP,env_win11_wifi,NORMAL,day_2,2026-08-21,batch_20260821_01,dev_win11_laptop,wifi,warp_enabled,voip_skype_call,real,v2,sess_20260821_voip_110_flow_00001_prefix_20,prefix_20,0.000,1.913,0,20.000000,5859.000000,292.950000,123.472456,274.000000,452.300000,0.100666,0.086991,0.087561,0.296759,20.000000,0.000000,5859.000000,0.000000,10.456632,3063.270246,14.000000,1.428571,7.319642,0.000000
sess_20260821_voip_111_flow_00000,real_sess_20260821_voip_111,sess_20260821_voip_111,VoIP,env_win11_wifi,HIGH_LATENCY,day_2,2026-08-21,batch_20260821_02,dev_win11_laptop,wifi,warp_enabled,voip_zoom_audio,real,v2,sess_20260821_voip_111_flow_00000_prefix_20,prefix_20,0.000,10.884,0,20.000000,4406.000000,220.300000,89.225613,209.500000,407.200000,0.572841,0.451755,0.426352,1.360728,20.000000,0.000000,4406.000000,0.000000,1.837564,404.815458,18.000000,1.111111,1.653808,0.000000
sess_20260821_voip_111_flow_00001,real_sess_20260821_voip_111,sess_20260821_voip_111,VoIP,env_win11_wifi,HIGH_LATENCY,day_2,2026-08-21,batch_20260821_02,dev_win11_laptop,wifi,warp_enabled,voip_zoom_audio,real,v2,sess_20260821_voip_111_flow_00001_prefix_20,prefix_20,0.000,7.481,0,20.000000,4517.000000,225.850000,72.810216,229.000000,336.500000,0.393736,0.409578,0.240078,1.344857,20.000000,0.000000,4517.000000,0.000000,2.673447,603.798106,18.000000,1.111111,2.406103,0.000000
sess_20260821_voip_112_flow_00000,real_sess_20260821_voip_112,sess_20260821_voip_112,VoIP,env_win11_cellular,NORMAL,day_2,2026-08-21,batch_20260821_03,dev_win11_laptop,cellular,warp_disabled,voip_teams_voice,real,v2,sess_20260821_voip_112_flow_00000_prefix_20,prefix_20,0.000,3.215,0,20.000000,4976.000000,248.800000,78.995316,238.000000,383.450000,0.169222,0.158621,0.102559,0.404565,20.000000,0.000000,4976.000000,0.000000,6.220424,1547.641472,14.000000,1.428571,4.354297,0.000000
sess_20260821_voip_112_flow_00001,real_sess_20260821_voip_112,sess_20260821_voip_112,VoIP,env_win11_cellular,NORMAL,day_2,2026-08-21,batch_20260821_03,dev_win11_laptop,cellular,warp_disabled,voip_teams_voice,real,v2,sess_20260821_voip_112_flow_00001_prefix_20,prefix_20,0.000,2.375,0,20.000000,4697.000000,234.850000,97.073310,239.000000,396.400000,0.124977,0.131115,0.081092,0.361856,20.000000,0.000000,4697.000000,0.000000,8.422628,1978.054295,12.000000,1.666667,5.053577,0.000000
sess_20260821_voip_113_flow_00000,real_sess_20260821_voip_113,sess_20260821_voip_113,VoIP,env_win11_cellular,LOW_BANDWIDTH,day_2,2026-08-21,batch_20260821_04,dev_win11_laptop,cellular,warp_enabled,voip_meet_audio,real,v2,sess_20260821_voip_113_flow_00000_prefix_20,prefix_20,0.000,5.027,0,20.000000,1422.000000,71.100000,22.297758,71.500000,106.900000,0.264588,0.267932,0.216454,0.576136,20.000000,0.000000,1422.000000,0.000000,3.978376,282.862530,14.000000,1.428571,2.784863,0.000000
sess_20260821_voip_113_flow_00001,real_sess_20260821_voip_113,sess_20260821_voip_113,VoIP,env_win11_cellular,LOW_BANDWIDTH,day_2,2026-08-21,batch_20260821_04,dev_win11_laptop,cellular,warp_enabled,voip_meet_audio,real,v2,sess_20260821_voip_113_flow_00001_prefix_20,prefix_20,0.000,5.849,0,20.000000,1712.000000,85.600000,24.113067,88.500000,120.250000,0.307851,0.240848,0.256403,0.632004,20.000000,0.000000,1712.000000,0.000000,3.419286,292.690894,19.000000,1.052632,3.248322,0.000000
sess_20260822_voip_114_flow_00000,real_sess_20260822_voip_114,sess_20260822_voip_114,VoIP,env_win11_eth,NORMAL,day_3,2026-08-22,batch_20260822_01,dev_win11_desktop,ethernet,warp_enabled,voip_discord_voice,real,v2,sess_20260822_voip_114_flow_00000_prefix_20,prefix_20,0.000,2.332,0,20.000000,8878.000000,443.900000,158.412089,484.500000,633.250000,0.122721,0.153355,0.034725,0.399787,20.000000,0.000000,8878.000000,0.000000,8.577430,3807.521384,8.000000,2.500000,3.430972,0.000000
sess_20260822_voip_114_flow_00001,real_sess_20260822_voip_114,sess_20260822_voip_114,VoIP,env_win11_eth,NORMAL,day_3,2026-08-22,batch_20260822_01,dev_win11_desktop,ethernet,warp_enabled,voip_discord_voice,real,v2,sess_20260822_voip_114_flow_00001_prefix_20,prefix_20,0.000,2.220,0,20.000000,8839.000000,441.950000,96.746822,449.000000,599.100000,0.116823,0.148595,0.092257,0.327611,20.000000,0.000000,8839.000000,0.000000,9.010456,3982.171199,12.000000,1.666667,5.406274,0.000000
sess_20260822_voip_115_flow_00000,real_sess_20260822_voip_115,sess_20260822_voip_115,VoIP,env_win11_eth,PACKET_LOSS,day_3,2026-08-22,batch_20260822_02,dev_win11_desktop,ethernet,warp_enabled,voip_skype_call,real,v2,sess_20260822_voip_115_flow_00000_prefix_20,prefix_20,0.000,1.835,0,20.000000,3422.000000,171.100000,56.431286,174.000000,237.100000,0.096572,0.106329,0.051440,0.364554,20.000000,0.000000,3422.000000,0.000000,10.899978,1864.986244,11.000000,1.818182,5.994988,0.000000
sess_20260822_voip_115_flow_00001,real_sess_20260822_voip_115,sess_20260822_voip_115,VoIP,env_win11_eth,PACKET_LOSS,day_3,2026-08-22,batch_20260822_02,dev_win11_desktop,ethernet,warp_enabled,voip_skype_call,real,v2,sess_20260822_voip_115_flow_00001_prefix_20,prefix_20,0.000,2.120,0,20.000000,4497.000000,224.850000,59.361835,221.500000,336.950000,0.111566,0.099785,0.076412,0.305900,20.000000,0.000000,4497.000000,0.000000,9.435096,2121.481440,16.000000,1.250000,7.548077,0.000000
sess_20260822_voip_116_flow_00000,real_sess_20260822_voip_116,sess_20260822_voip_116,VoIP,env_win11_cellular,HIGH_LATENCY,day_3,2026-08-22,batch_20260822_03,dev_win11_laptop,cellular,warp_enabled,voip_zoom_audio,real,v2,sess_20260822_voip_116_flow_00000_prefix_20,prefix_20,0.000,7.851,0,20.000000,5153.000000,257.650000,93.767412,244.500000,403.150000,0.413236,0.455574,0.347061,0.906392,20.000000,0.000000,5153.000000,0.000000,2.547290,656.309378,18.000000,1.111111,2.292561,0.000000
sess_20260822_voip_116_flow_00001,real_sess_20260822_voip_116,sess_20260822_voip_116,VoIP,env_win11_cellular,HIGH_LATENCY,day_3,2026-08-22,batch_20260822_03,dev_win11_laptop,cellular,warp_enabled,voip_zoom_audio,real,v2,sess_20260822_voip_116_flow_00001_prefix_20,prefix_20,0.000,6.569,0,20.000000,5037.000000,251.850000,94.509933,243.500000,417.750000,0.345729,0.380329,0.198656,0.936770,20.000000,0.000000,5037.000000,0.000000,3.044671,766.800503,18.000000,1.111111,2.740204,0.000000
sess_20260822_voip_117_flow_00000,real_sess_20260822_voip_117,sess_20260822_voip_117,VoIP,env_win11_cellular,NORMAL,day_3,2026-08-22,batch_20260822_04,dev_win11_laptop,cellular,warp_disabled,voip_teams_voice,real,v2,sess_20260822_voip_117_flow_00000_prefix_20,prefix_20,0.000,3.150,0,20.000000,5441.000000,272.050000,70.934107,274.000000,357.000000,0.165789,0.187288,0.104054,0.613037,20.000000,0.000000,5441.000000,0.000000,6.349240,1727.310836,13.000000,1.538462,4.127006,0.000000
sess_20260822_voip_117_flow_00001,real_sess_20260822_voip_117,sess_20260822_voip_117,VoIP,env_win11_cellular,NORMAL,day_3,2026-08-22,batch_20260822_04,dev_win11_laptop,cellular,warp_disabled,voip_teams_voice,real,v2,sess_20260822_voip_117_flow_00001_prefix_20,prefix_20,0.000,2.267,0,20.000000,5270.000000,263.500000,65.305053,237.500000,356.100000,0.119320,0.125220,0.077250,0.402105,20.000000,0.000000,5270.000000,0.000000,8.821906,2324.572210,12.000000,1.666667,5.293144,0.000000
sess_20260823_voip_118_flow_00000,real_sess_20260823_voip_118,sess_20260823_voip_118,VoIP,env_win11_wifi,LOW_BANDWIDTH,day_4,2026-08-23,batch_20260823_02,dev_win11_laptop,wifi,warp_enabled,voip_meet_audio,real,v2,sess_20260823_voip_118_flow_00000_prefix_20,prefix_20,0.000,3.705,0,20.000000,3833.000000,191.650000,77.304770,186.000000,321.250000,0.195009,0.161489,0.158391,0.530039,20.000000,0.000000,3833.000000,0.000000,5.397868,1034.501479,17.000000,1.176471,4.588188,0.000000
sess_20260823_voip_118_flow_00001,real_sess_20260823_voip_118,sess_20260823_voip_118,VoIP,env_win11_wifi,LOW_BANDWIDTH,day_4,2026-08-23,batch_20260823_02,dev_win11_laptop,wifi,warp_enabled,voip_meet_audio,real,v2,sess_20260823_voip_118_flow_00001_prefix_20,prefix_20,0.000,3.512,0,20.000000,4715.000000,235.750000,45.832167,238.000000,325.150000,0.184831,0.181880,0.106963,0.504615,20.000000,0.000000,4715.000000,0.000000,5.695096,1342.618792,13.000000,1.538462,3.701812,0.000000
sess_20260823_voip_119_flow_00000,real_sess_20260823_voip_119,sess_20260823_voip_119,VoIP,env_win11_eth,LOW_BANDWIDTH,day_4,2026-08-23,batch_20260823_03,dev_win11_desktop,ethernet,warp_enabled,voip_discord_voice,real,v2,sess_20260823_voip_119_flow_00000_prefix_20,prefix_20,0.000,3.888,0,20.000000,2297.000000,114.850000,43.893365,115.000000,176.900000,0.204616,0.159175,0.235639,0.445436,20.000000,0.000000,2297.000000,0.000000,5.144420,590.836678,16.000000,1.250000,4.115536,0.000000
sess_20260823_voip_119_flow_00001,real_sess_20260823_voip_119,sess_20260823_voip_119,VoIP,env_win11_eth,LOW_BANDWIDTH,day_4,2026-08-23,batch_20260823_03,dev_win11_desktop,ethernet,warp_enabled,voip_discord_voice,real,v2,sess_20260823_voip_119_flow_00001_prefix_20,prefix_20,0.000,7.596,0,20.000000,1764.000000,88.200000,26.284216,87.000000,131.100000,0.399794,0.494248,0.084111,1.552807,20.000000,0.000000,1764.000000,0.000000,2.632937,232.225025,18.000000,1.111111,2.369643,0.000000
sess_20260823_voip_120_flow_00000,real_sess_20260823_voip_120,sess_20260823_voip_120,VoIP,env_win11_cellular,NORMAL,day_4,2026-08-23,batch_20260823_04,dev_win11_laptop,cellular,warp_enabled,voip_skype_call,real,v2,sess_20260823_voip_120_flow_00000_prefix_20,prefix_20,0.000,1.480,0,20.000000,3943.000000,197.150000,58.467320,207.500000,296.550000,0.077891,0.076514,0.058872,0.267949,20.000000,0.000000,3943.000000,0.000000,13.514139,2664.312468,12.000000,1.666667,8.108483,0.000000
sess_20260823_voip_120_flow_00001,real_sess_20260823_voip_120,sess_20260823_voip_120,VoIP,env_win11_cellular,NORMAL,day_4,2026-08-23,batch_20260823_04,dev_win11_laptop,cellular,warp_enabled,voip_skype_call,real,v2,sess_20260823_voip_120_flow_00001_prefix_20,prefix_20,0.000,1.113,0,20.000000,3839.000000,191.950000,80.088997,192.500000,316.050000,0.058594,0.061250,0.030645,0.182546,20.000000,0.000000,3839.000000,0.000000,17.964885,3448.359596,8.000000,2.500000,7.185954,0.000000
sess_20260820_file_transfer_121_flow_00000,real_sess_20260820_file_transfer_121,sess_20260820_file_transfer_121,File Transfer,env_win11_wifi,NORMAL,day_1,2026-08-20,batch_20260820_01,dev_win11_laptop,wifi,warp_enabled,ft_gdrive_upload,real,v2,sess_20260820_file_transfer_121_flow_00000_prefix_20,prefix_20,0.000,1.954,0,20.000000,4248.000000,212.400000,62.830247,197.500000,321.300000,0.102856,0.097297,0.080853,0.245891,20.000000,0.000000,4248.000000,0.000000,10.233999,2173.701401,11.000000,1.818182,5.628699,0.000000
sess_20260820_file_transfer_121_flow_00001,real_sess_20260820_file_transfer_121,sess_20260820_file_transfer_121,File Transfer,env_win11_wifi,NORMAL,day_1,2026-08-20,batch_20260820_01,dev_win11_laptop,wifi,warp_enabled,ft_gdrive_upload,real,v2,sess_20260820_file_transfer_121_flow_00001_prefix_20,prefix_20,0.000,2.494,0,20.000000,4331.000000,216.550000,83.637596,234.500000,320.200000,0.131247,0.143193,0.065610,0.393127,20.000000,0.000000,4331.000000,0.000000,8.020225,1736.779812,13.000000,1.538462,5.213147,0.000000
sess_20260820_file_transfer_122_flow_00000,real_sess_20260820_file_transfer_122,sess_20260820_file_transfer_122,File Transfer,env_win11_wifi,LOW_BANDWIDTH,day_1,2026-08-20,batch_20260820_02,dev_win11_laptop,wifi,warp_enabled,ft_dropbox_download,real,v2,sess_20260820_file_transfer_122_flow_00000_prefix_20,prefix_20,0.000,2.786,0,20.000000,2896.000000,144.800000,60.343682,142.500000,241.650000,0.146606,0.123607,0.090977,0.368039,20.000000,0.000000,2896.000000,0.000000,7.180018,1039.666626,16.000000,1.250000,5.744015,0.000000
sess_20260820_file_transfer_122_flow_00001,real_sess_20260820_file_transfer_122,sess_20260820_file_transfer_122,File Transfer,env_win11_wifi,LOW_BANDWIDTH,day_1,2026-08-20,batch_20260820_02,dev_win11_laptop,wifi,warp_enabled,ft_dropbox_download,real,v2,sess_20260820_file_transfer_122_flow_00001_prefix_20,prefix_20,0.000,4.825,0,20.000000,3029.000000,151.450000,49.267104,152.000000,241.200000,0.253946,0.355554,0.120841,1.060197,20.000000,0.000000,3029.000000,0.000000,4.145096,627.774734,14.000000,1.428571,2.901567,0.000000
sess_20260820_file_transfer_123_flow_00000,real_sess_20260820_file_transfer_123,sess_20260820_file_transfer_123,File Transfer,env_win11_eth,NORMAL,day_1,2026-08-20,batch_20260820_03,dev_win11_desktop,ethernet,warp_disabled,ft_sftp_sync,real,v2,sess_20260820_file_transfer_123_flow_00000_prefix_20,prefix_20,0.000,2.799,0,20.000000,4956.000000,247.800000,75.859475,229.000000,362.600000,0.147311,0.106044,0.124651,0.323678,20.000000,0.000000,4956.000000,0.000000,7.145622,1770.685148,18.000000,1.111111,6.431060,0.000000
sess_20260820_file_transfer_123_flow_00001,real_sess_20260820_file_transfer_123,sess_20260820_file_transfer_123,File Transfer,env_win11_eth,NORMAL,day_1,2026-08-20,batch_20260820_03,dev_win11_desktop,ethernet,warp_disabled,ft_sftp_sync,real,v2,sess_20260820_file_transfer_123_flow_00001_prefix_20,prefix_20,0.000,3.938,0,20.000000,4764.000000,238.200000,64.204050,224.000000,326.600000,0.207250,0.134641,0.208505,0.398760,20.000000,0.000000,4764.000000,0.000000,5.079033,1209.825678,18.000000,1.111111,4.571130,0.000000
sess_20260820_file_transfer_124_flow_00000,real_sess_20260820_file_transfer_124,sess_20260820_file_transfer_124,File Transfer,env_win11_eth,HIGH_LATENCY,day_1,2026-08-20,batch_20260820_04,dev_win11_desktop,ethernet,warp_enabled,ft_onedrive_sync,real,v2,sess_20260820_file_transfer_124_flow_00000_prefix_20,prefix_20,0.000,12.755,0,20.000000,2908.000000,145.400000,51.842454,161.500000,214.100000,0.671307,0.454566,0.577117,1.544358,20.000000,0.000000,2908.000000,0.000000,1.568033,227.992043,20.000000,1.000000,1.568033,0.000000
sess_20260820_file_transfer_124_flow_00001,real_sess_20260820_file_transfer_124,sess_20260820_file_transfer_124,File Transfer,env_win11_eth,HIGH_LATENCY,day_1,2026-08-20,batch_20260820_04,dev_win11_desktop,ethernet,warp_enabled,ft_onedrive_sync,real,v2,sess_20260820_file_transfer_124_flow_00001_prefix_20,prefix_20,0.000,8.830,0,20.000000,3516.000000,175.800000,31.299521,179.000000,223.150000,0.464743,0.487571,0.199593,1.389803,20.000000,0.000000,3516.000000,0.000000,2.264975,398.182584,18.000000,1.111111,2.038477,0.000000
sess_20260821_file_transfer_125_flow_00000,real_sess_20260821_file_transfer_125,sess_20260821_file_transfer_125,File Transfer,env_win11_wifi,NORMAL,day_2,2026-08-21,batch_20260821_01,dev_win11_laptop,wifi,warp_enabled,ft_mega_download,real,v2,sess_20260821_file_transfer_125_flow_00000_prefix_20,prefix_20,0.000,2.998,0,20.000000,3801.000000,190.050000,61.646147,176.500000,294.000000,0.157806,0.147643,0.102323,0.383513,20.000000,0.000000,3801.000000,0.000000,6.670430,1267.715315,12.000000,1.666667,4.002258,0.000000
sess_20260821_file_transfer_125_flow_00001,real_sess_20260821_file_transfer_125,sess_20260821_file_transfer_125,File Transfer,env_win11_wifi,NORMAL,day_2,2026-08-21,batch_20260821_01,dev_win11_laptop,wifi,warp_enabled,ft_mega_download,real,v2,sess_20260821_file_transfer_125_flow_00001_prefix_20,prefix_20,0.000,2.567,0,20.000000,4513.000000,225.650000,58.230812,219.000000,324.450000,0.135080,0.150471,0.091939,0.413503,20.000000,0.000000,4513.000000,0.000000,7.792653,1758.412120,13.000000,1.538462,5.065224,0.000000
sess_20260821_file_transfer_126_flow_00000,real_sess_20260821_file_transfer_126,sess_20260821_file_transfer_126,File Transfer,env_win11_wifi,HIGH_LATENCY,day_2,2026-08-21,batch_20260821_02,dev_win11_laptop,wifi,warp_enabled,ft_gdrive_upload,real,v2,sess_20260821_file_transfer_126_flow_00000_prefix_20,prefix_20,0.000,15.370,0,20.000000,5061.000000,253.050000,91.888234,267.000000,364.200000,0.808949,0.844914,0.600009,2.382053,20.000000,0.000000,5061.000000,0.000000,1.301234,329.277279,17.000000,1.176471,1.106049,0.000000
sess_20260821_file_transfer_126_flow_00001,real_sess_20260821_file_transfer_126,sess_20260821_file_transfer_126,File Transfer,env_win11_wifi,HIGH_LATENCY,day_2,2026-08-21,batch_20260821_02,dev_win11_laptop,wifi,warp_enabled,ft_gdrive_upload,real,v2,sess_20260821_file_transfer_126_flow_00001_prefix_20,prefix_20,0.000,6.865,0,20.000000,4850.000000,242.500000,62.991666,227.000000,339.750000,0.361326,0.327458,0.277787,0.937893,20.000000,0.000000,4850.000000,0.000000,2.913245,706.461872,15.000000,1.333333,2.184934,0.000000
sess_20260821_file_transfer_127_flow_00000,real_sess_20260821_file_transfer_127,sess_20260821_file_transfer_127,File Transfer,env_win11_cellular,NORMAL,day_2,2026-08-21,batch_20260821_03,dev_win11_laptop,cellular,warp_disabled,ft_dropbox_download,real,v2,sess_20260821_file_transfer_127_flow_00000_prefix_20,prefix_20,0.000,2.512,0,20.000000,5976.000000,298.800000,102.702775,301.000000,445.000000,0.132227,0.168437,0.048000,0.373288,20.000000,0.000000,5976.000000,0.000000,7.960793,2378.685021,10.000000,2.000000,3.980397,0.000000
sess_20260821_file_transfer_127_flow_00001,real_sess_20260821_file_transfer_127,sess_20260821_file_transfer_127,File Transfer,env_win11_cellular,NORMAL,day_2,2026-08-21,batch_20260821_03,dev_win11_laptop,cellular,warp_disabled,ft_dropbox_download,real,v2,sess_20260821_file_transfer_127_flow_00001_prefix_20,prefix_20,0.000,1.939,0,20.000000,5707.000000,285.350000,107.922785,288.000000,440.750000,0.102046,0.085013,0.077254,0.245475,20.000000,0.000000,5707.000000,0.000000,10.315286,2943.466912,13.000000,1.538462,6.704936,0.000000
sess_20260821_file_transfer_128_flow_00000,real_sess_20260821_file_transfer_128,sess_20260821_file_transfer_128,File Transfer,env_win11_cellular,LOW_BANDWIDTH,day_2,2026-08-21,batch_20260821_04,dev_win11_laptop,cellular,warp_enabled,ft_sftp_sync,real,v2,sess_20260821_file_transfer_128_flow_00000_prefix_20,prefix_20,0.000,5.467,0,20.000000,1884.000000,94.200000,19.840867,94.500000,121.700000,0.287715,0.275044,0.185306,0.768170,20.000000,0.000000,1884.000000,0.000000,3.658589,344.639111,17.000000,1.176471,3.109801,0.000000
sess_20260821_file_transfer_128_flow_00001,real_sess_20260821_file_transfer_128,sess_20260821_file_transfer_128,File Transfer,env_win11_cellular,LOW_BANDWIDTH,day_2,2026-08-21,batch_20260821_04,dev_win11_laptop,cellular,warp_enabled,ft_sftp_sync,real,v2,sess_20260821_file_transfer_128_flow_00001_prefix_20,prefix_20,0.000,6.789,0,20.000000,1774.000000,88.700000,37.251980,82.000000,150.200000,0.357290,0.279386,0.318863,0.881283,20.000000,0.000000,1774.000000,0.000000,2.946154,261.323829,18.000000,1.111111,2.651538,0.000000
sess_20260822_file_transfer_129_flow_00000,real_sess_20260822_file_transfer_129,sess_20260822_file_transfer_129,File Transfer,env_win11_eth,NORMAL,day_3,2026-08-22,batch_20260822_01,dev_win11_desktop,ethernet,warp_enabled,ft_onedrive_sync,real,v2,sess_20260822_file_transfer_129_flow_00000_prefix_20,prefix_20,0.000,4.471,0,20.000000,5311.000000,265.550000,91.491789,257.500000,406.350000,0.235313,0.287264,0.157036,0.515602,20.000000,0.000000,5311.000000,0.000000,4.473318,1187.889684,18.000000,1.111111,4.025987,0.000000
sess_20260822_file_transfer_129_flow_00001,real_sess_20260822_file_transfer_129,sess_20260822_file_transfer_129,File Transfer,env_win11_eth,NORMAL,day_3,2026-08-22,batch_20260822_01,dev_win11_desktop,ethernet,warp_enabled,ft_onedrive_sync,real,v2,sess_20260822_file_transfer_129_flow_00001_prefix_20,prefix_20,0.000,4.055,0,20.000000,5935.000000,296.750000,87.820769,285.000000,449.350000,0.213443,0.201645,0.193652,0.578985,20.000000,0.000000,5935.000000,0.000000,4.931681,1463.476389,16.000000,1.250000,3.945345,0.000000
sess_20260822_file_transfer_130_flow_00000,real_sess_20260822_file_transfer_130,sess_20260822_file_transfer_130,File Transfer,env_win11_eth,PACKET_LOSS,day_3,2026-08-22,batch_20260822_02,dev_win11_desktop,ethernet,warp_enabled,ft_mega_download,real,v2,sess_20260822_file_transfer_130_flow_00000_prefix_20,prefix_20,0.000,3.250,0,20.000000,3576.000000,178.800000,55.331365,169.500000,265.900000,0.171066,0.137668,0.156089,0.462817,20.000000,0.000000,3576.000000,0.000000,6.153381,1100.224505,15.000000,1.333333,4.615036,0.000000
sess_20260822_file_transfer_130_flow_00001,real_sess_20260822_file_transfer_130,sess_20260822_file_transfer_130,File Transfer,env_win11_eth,PACKET_LOSS,day_3,2026-08-22,batch_20260822_02,dev_win11_desktop,ethernet,warp_enabled,ft_mega_download,real,v2,sess_20260822_file_transfer_130_flow_00001_prefix_20,prefix_20,0.000,3.705,0,20.000000,2722.000000,136.100000,54.952616,119.500000,234.350000,0.195019,0.181971,0.104107,0.432082,20.000000,0.000000,2722.000000,0.000000,5.397580,734.610688,15.000000,1.333333,4.048185,0.000000
sess_20260822_file_transfer_131_flow_00000,real_sess_20260822_file_transfer_131,sess_20260822_file_transfer_131,File Transfer,env_win11_cellular,HIGH_LATENCY,day_3,2026-08-22,batch_20260822_03,dev_win11_laptop,cellular,warp_enabled,ft_gdrive_upload,real,v2,sess_20260822_file_transfer_131_flow_00000_prefix_20,prefix_20,0.000,9.250,0,20.000000,5129.000000,256.450000,105.646332,260.000000,406.450000,0.486818,0.585729,0.224390,1.288989,20.000000,0.000000,5129.000000,0.000000,2.162269,554.513860,18.000000,1.111111,1.946042,0.000000
sess_20260822_file_transfer_131_flow_00001,real_sess_20260822_file_transfer_131,sess_20260822_file_transfer_131,File Transfer,env_win11_cellular,HIGH_LATENCY,day_3,2026-08-22,batch_20260822_03,dev_win11_laptop,cellular,warp_enabled,ft_gdrive_upload,real,v2,sess_20260822_file_transfer_131_flow_00001_prefix_20,prefix_20,0.000,9.029,0,20.000000,4546.000000,227.300000,75.624136,230.500000,323.800000,0.475206,0.488664,0.312235,1.437826,20.000000,0.000000,4546.000000,0.000000,2.215105,503.493464,19.000000,1.052632,2.104350,0.000000
sess_20260822_file_transfer_132_flow_00000,real_sess_20260822_file_transfer_132,sess_20260822_file_transfer_132,File Transfer,env_win11_cellular,NORMAL,day_3,2026-08-22,batch_20260822_04,dev_win11_laptop,cellular,warp_disabled,ft_dropbox_download,real,v2,sess_20260822_file_transfer_132_flow_00000_prefix_20,prefix_20,0.000,3.198,0,20.000000,4018.000000,200.900000,55.389439,203.000000,255.050000,0.168338,0.139772,0.127690,0.442935,20.000000,0.000000,4018.000000,0.000000,6.253065,1256.240831,16.000000,1.250000,5.002452,0.000000
sess_20260822_file_transfer_132_flow_00001,real_sess_20260822_file_transfer_132,sess_20260822_file_transfer_132,File Transfer,env_win11_cellular,NORMAL,day_3,2026-08-22,batch_20260822_04,dev_win11_laptop,cellular,warp_disabled,ft_dropbox_download,real,v2,sess_20260822_file_transfer_132_flow_00001_prefix_20,prefix_20,0.000,2.393,0,20.000000,4014.000000,200.700000,73.262610,219.000000,314.650000,0.125930,0.113213,0.086426,0.370942,20.000000,0.000000,4014.000000,0.000000,8.358864,1677.624053,14.000000,1.428571,5.851205,0.000000
sess_20260823_file_transfer_133_flow_00000,real_sess_20260823_file_transfer_133,sess_20260823_file_transfer_133,File Transfer,env_win11_wifi,LOW_BANDWIDTH,day_4,2026-08-23,batch_20260823_02,dev_win11_laptop,wifi,warp_enabled,ft_sftp_sync,real,v2,sess_20260823_file_transfer_133_flow_00000_prefix_20,prefix_20,0.000,2.241,0,20.000000,1764.000000,88.200000,27.088005,88.500000,131.450000,0.117969,0.100884,0.096551,0.312051,20.000000,0.000000,1764.000000,0.000000,8.922973,787.006195,12.000000,1.666667,5.353784,0.000000
sess_20260823_file_transfer_133_flow_00001,real_sess_20260823_file_transfer_133,sess_20260823_file_transfer_133,File Transfer,env_win11_wifi,LOW_BANDWIDTH,day_4,2026-08-23,batch_20260823_02,dev_win11_laptop,wifi,warp_enabled,ft_sftp_sync,real,v2,sess_20260823_file_transfer_133_flow_00001_prefix_20,prefix_20,0.000,2.092,0,20.000000,3055.000000,152.750000,46.788754,153.500000,237.400000,0.110107,0.121442,0.082360,0.327034,20.000000,0.000000,3055.000000,0.000000,9.560037,1460.295680,13.000000,1.538462,6.214024,0.000000
sess_20260823_file_transfer_134_flow_00000,real_sess_20260823_file_transfer_134,sess_20260823_file_transfer_134,File Transfer,env_win11_eth,LOW_BANDWIDTH,day_4,2026-08-23,batch_20260823_03,dev_win11_desktop,ethernet,warp_enabled,ft_onedrive_sync,real,v2,sess_20260823_file_transfer_134_flow_00000_prefix_20,prefix_20,0.000,2.888,0,20.000000,3236.000000,161.800000,34.376736,160.000000,211.300000,0.151986,0.160264,0.069594,0.491027,20.000000,0.000000,3236.000000,0.000000,6.925847,1120.601993,16.000000,1.250000,5.540677,0.000000
sess_20260823_file_transfer_134_flow_00001,real_sess_20260823_file_transfer_134,sess_20260823_file_transfer_134,File Transfer,env_win11_eth,LOW_BANDWIDTH,day_4,2026-08-23,batch_20260823_03,dev_win11_desktop,ethernet,warp_enabled,ft_onedrive_sync,real,v2,sess_20260823_file_transfer_134_flow_00001_prefix_20,prefix_20,0.000,3.651,0,20.000000,2505.000000,125.250000,41.587107,137.500000,176.150000,0.192160,0.169674,0.128333,0.477004,20.000000,0.000000,2505.000000,0.000000,5.477891,686.105880,14.000000,1.428571,3.834524,0.000000
sess_20260823_file_transfer_135_flow_00000,real_sess_20260823_file_transfer_135,sess_20260823_file_transfer_135,File Transfer,env_win11_cellular,NORMAL,day_4,2026-08-23,batch_20260823_04,dev_win11_laptop,cellular,warp_enabled,ft_mega_download,real,v2,sess_20260823_file_transfer_135_flow_00000_prefix_20,prefix_20,0.000,1.320,0,20.000000,6794.000000,339.700000,143.800591,339.500000,526.200000,0.069499,0.062059,0.052708,0.198525,20.000000,0.000000,6794.000000,0.000000,15.145989,5145.092582,12.000000,1.666667,9.087594,0.000000
sess_20260823_file_transfer_135_flow_00001,real_sess_20260823_file_transfer_135,sess_20260823_file_transfer_135,File Transfer,env_win11_cellular,NORMAL,day_4,2026-08-23,batch_20260823_04,dev_win11_laptop,cellular,warp_enabled,ft_mega_download,real,v2,sess_20260823_file_transfer_135_flow_00001_prefix_20,prefix_20,0.000,1.724,0,20.000000,8843.000000,442.150000,140.269125,461.500000,656.250000,0.090722,0.066489,0.085978,0.186981,20.000000,0.000000,8843.000000,0.000000,11.602858,5130.203816,11.000000,1.818182,6.381572,0.000000
sess_20260820_other_136_flow_00000,real_sess_20260820_other_136,sess_20260820_other_136,Other,env_win11_wifi,NORMAL,day_1,2026-08-20,batch_20260820_01,dev_win11_laptop,wifi,warp_enabled,oth_dns_ntp_sync,real,v2,sess_20260820_other_136_flow_00000_prefix_20,prefix_20,0.000,3.522,0,20.000000,4480.000000,224.000000,79.329692,197.000000,343.050000,0.185353,0.141577,0.112001,0.408074,20.000000,0.000000,4480.000000,0.000000,5.679049,1272.106954,18.000000,1.111111,5.111144,0.000000
sess_20260820_other_136_flow_00001,real_sess_20260820_other_136,sess_20260820_other_136,Other,env_win11_wifi,NORMAL,day_1,2026-08-20,batch_20260820_01,dev_win11_laptop,wifi,warp_enabled,oth_dns_ntp_sync,real,v2,sess_20260820_other_136_flow_00001_prefix_20,prefix_20,0.000,3.279,0,20.000000,3871.000000,193.550000,74.374374,182.500000,289.700000,0.172572,0.189400,0.085035,0.475369,20.000000,0.000000,3871.000000,0.000000,6.099677,1180.592402,13.000000,1.538462,3.964790,0.000000
sess_20260820_other_137_flow_00000,real_sess_20260820_other_137,sess_20260820_other_137,Other,env_win11_wifi,LOW_BANDWIDTH,day_1,2026-08-20,batch_20260820_02,dev_win11_laptop,wifi,warp_enabled,oth_os_update_check,real,v2,sess_20260820_other_137_flow_00000_prefix_20,prefix_20,0.000,8.082,0,20.000000,2342.000000,117.100000,31.965450,122.500000,165.100000,0.425382,0.260004,0.468222,0.839554,20.000000,0.000000,2342.000000,0.000000,2.474555,289.770404,20.000000,1.000000,2.474555,0.000000
sess_20260820_other_137_flow_00001,real_sess_20260820_other_137,sess_20260820_other_137,Other,env_win11_wifi,LOW_BANDWIDTH,day_1,2026-08-20,batch_20260820_02,dev_win11_laptop,wifi,warp_enabled,oth_os_update_check,real,v2,sess_20260820_other_137_flow_00001_prefix_20,prefix_20,0.000,3.756,0,20.000000,2639.000000,131.950000,40.820920,139.000000,187.050000,0.197708,0.192793,0.124413,0.677380,20.000000,0.000000,2639.000000,0.000000,5.324172,702.524536,18.000000,1.111111,4.791755,0.000000
sess_20260820_other_138_flow_00000,real_sess_20260820_other_138,sess_20260820_other_138,Other,env_win11_eth,NORMAL,day_1,2026-08-20,batch_20260820_03,dev_win11_desktop,ethernet,warp_disabled,oth_telemetry_heartbeat,real,v2,sess_20260820_other_138_flow_00000_prefix_20,prefix_20,0.000,3.881,0,20.000000,3996.000000,199.800000,69.406484,217.500000,283.650000,0.204245,0.197621,0.139369,0.623286,20.000000,0.000000,3996.000000,0.000000,5.153761,1029.721498,16.000000,1.250000,4.123009,0.000000
sess_20260820_other_138_flow_00001,real_sess_20260820_other_138,sess_20260820_other_138,Other,env_win11_eth,NORMAL,day_1,2026-08-20,batch_20260820_03,dev_win11_desktop,ethernet,warp_disabled,oth_telemetry_heartbeat,real,v2,sess_20260820_other_138_flow_00001_prefix_20,prefix_20,0.000,3.620,0,20.000000,3777.000000,188.850000,64.588912,199.000000,276.000000,0.190521,0.129633,0.146165,0.388223,20.000000,0.000000,3777.000000,0.000000,5.525004,1043.396915,17.000000,1.176471,4.696253,0.000000
sess_20260820_other_139_flow_00000,real_sess_20260820_other_139,sess_20260820_other_139,Other,env_win11_eth,HIGH_LATENCY,day_1,2026-08-20,batch_20260820_04,dev_win11_desktop,ethernet,warp_enabled,oth_idle_keepalive,real,v2,sess_20260820_other_139_flow_00000_prefix_20,prefix_20,0.000,20.236,0,20.000000,5888.000000,294.400000,87.683180,270.000000,462.050000,1.065042,1.095593,0.838691,2.667537,20.000000,0.000000,5888.000000,0.000000,0.988348,290.969597,20.000000,1.000000,0.988348,0.000000
sess_20260820_other_139_flow_00001,real_sess_20260820_other_139,sess_20260820_other_139,Other,env_win11_eth,HIGH_LATENCY,day_1,2026-08-20,batch_20260820_04,dev_win11_desktop,ethernet,warp_enabled,oth_idle_keepalive,real,v2,sess_20260820_other_139_flow_00001_prefix_20,prefix_20,0.000,6.939,0,20.000000,5340.000000,267.000000,90.871888,258.500000,412.600000,0.365186,0.403993,0.184881,0.826185,20.000000,0.000000,5340.000000,0.000000,2.882456,769.615721,18.000000,1.111111,2.594210,0.000000
sess_20260821_other_140_flow_00000,real_sess_20260821_other_140,sess_20260821_other_140,Other,env_win11_wifi,NORMAL,day_2,2026-08-21,batch_20260821_01,dev_win11_laptop,wifi,warp_enabled,oth_cloud_backup,real,v2,sess_20260821_other_140_flow_00000_prefix_20,prefix_20,0.000,1.780,0,20.000000,6346.000000,317.300000,110.538726,316.500000,503.000000,0.093706,0.091950,0.056932,0.289553,20.000000,0.000000,6346.000000,0.000000,11.233330,3564.335730,11.000000,1.818182,6.178332,0.000000
sess_20260821_other_140_flow_00001,real_sess_20260821_other_140,sess_20260821_other_140,Other,env_win11_wifi,NORMAL,day_2,2026-08-21,batch_20260821_01,dev_win11_laptop,wifi,warp_enabled,oth_cloud_backup,real,v2,sess_20260821_other_140_flow_00001_prefix_20,prefix_20,0.000,1.407,0,20.000000,7003.000000,350.150000,102.925349,342.500000,519.600000,0.074044,0.052036,0.074770,0.155963,20.000000,0.000000,7003.000000,0.000000,14.216320,4977.844474,14.000000,1.428571,9.951424,0.000000
sess_20260821_other_141_flow_00000,real_sess_20260821_other_141,sess_20260821_other_141,Other,env_win11_wifi,HIGH_LATENCY,day_2,2026-08-21,batch_20260821_02,dev_win11_laptop,wifi,warp_enabled,oth_dns_ntp_sync,real,v2,sess_20260821_other_141_flow_00000_prefix_20,prefix_20,0.000,8.010,0,20.000000,5675.000000,283.750000,99.191671,283.500000,432.850000,0.421557,0.299337,0.381197,1.113613,20.000000,0.000000,5675.000000,0.000000,2.497006,708.525451,20.000000,1.000000,2.497006,0.000000
sess_20260821_other_141_flow_00001,real_sess_20260821_other_141,sess_20260821_other_141,Other,env_win11_wifi,HIGH_LATENCY,day_2,2026-08-21,batch_20260821_02,dev_win11_laptop,wifi,warp_enabled,oth_dns_ntp_sync,real,v2,sess_20260821_other_141_flow_00001_prefix_20,prefix_20,0.000,9.620,0,20.000000,5367.000000,268.350000,106.210298,236.000000,412.800000,0.506329,0.412979,0.325946,1.170752,20.000000,0.000000,5367.000000,0.000000,2.078948,557.885600,18.000000,1.111111,1.871053,0.000000
sess_20260821_other_142_flow_00000,real_sess_20260821_other_142,sess_20260821_other_142,Other,env_win11_cellular,NORMAL,day_2,2026-08-21,batch_20260821_03,dev_win11_laptop,cellular,warp_disabled,oth_os_update_check,real,v2,sess_20260821_other_142_flow_00000_prefix_20,prefix_20,0.000,2.185,0,20.000000,11299.000000,564.950000,189.493397,581.500000,809.900000,0.115025,0.122059,0.070834,0.398644,20.000000,0.000000,11299.000000,0.000000,9.151349,5170.054769,11.000000,1.818182,5.033242,0.000000
sess_20260821_other_142_flow_00001,real_sess_20260821_other_142,sess_20260821_other_142,Other,env_win11_cellular,NORMAL,day_2,2026-08-21,batch_20260821_03,dev_win11_laptop,cellular,warp_disabled,oth_os_update_check,real,v2,sess_20260821_other_142_flow_00001_prefix_20,prefix_20,0.000,1.987,0,20.000000,11300.000000,565.000000,219.246665,516.500000,931.300000,0.104580,0.081853,0.082644,0.249204,20.000000,0.000000,11300.000000,0.000000,10.065371,5686.934784,14.000000,1.428571,7.045760,0.000000
sess_20260821_other_143_flow_00000,real_sess_20260821_other_143,sess_20260821_other_143,Other,env_win11_cellular,LOW_BANDWIDTH,day_2,2026-08-21,batch_20260821_04,dev_win11_laptop,cellular,warp_enabled,oth_telemetry_heartbeat,real,v2,sess_20260821_other_143_flow_00000_prefix_20,prefix_20,0.000,4.711,0,20.000000,3165.000000,158.250000,66.791373,157.500000,243.600000,0.247921,0.201937,0.215398,0.558467,20.000000,0.000000,3165.000000,0.000000,4.245833,671.903067,14.000000,1.428571,2.972083,0.000000
sess_20260821_other_143_flow_00001,real_sess_20260821_other_143,sess_20260821_other_143,Other,env_win11_cellular,LOW_BANDWIDTH,day_2,2026-08-21,batch_20260821_04,dev_win11_laptop,cellular,warp_enabled,oth_telemetry_heartbeat,real,v2,sess_20260821_other_143_flow_00001_prefix_20,prefix_20,0.000,2.791,0,20.000000,3394.000000,169.700000,51.853737,167.500000,256.500000,0.146885,0.196403,0.057099,0.591941,20.000000,0.000000,3394.000000,0.000000,7.166352,1216.129883,11.000000,1.818182,3.941493,0.000000
sess_20260822_other_144_flow_00000,real_sess_20260822_other_144,sess_20260822_other_144,Other,env_win11_eth,NORMAL,day_3,2026-08-22,batch_20260822_01,dev_win11_desktop,ethernet,warp_enabled,oth_idle_keepalive,real,v2,sess_20260822_other_144_flow_00000_prefix_20,prefix_20,0.000,1.677,0,20.000000,7509.000000,375.450000,86.357093,352.000000,499.100000,0.088283,0.101899,0.048645,0.331564,20.000000,0.000000,7509.000000,0.000000,11.923371,4476.629595,10.000000,2.000000,5.961685,0.000000
sess_20260822_other_144_flow_00001,real_sess_20260822_other_144,sess_20260822_other_144,Other,env_win11_eth,NORMAL,day_3,2026-08-22,batch_20260822_01,dev_win11_desktop,ethernet,warp_enabled,oth_idle_keepalive,real,v2,sess_20260822_other_144_flow_00001_prefix_20,prefix_20,0.000,1.921,0,20.000000,8939.000000,446.950000,154.963052,434.500000,680.400000,0.101094,0.107633,0.051055,0.336650,20.000000,0.000000,8939.000000,0.000000,10.412394,4653.819323,11.000000,1.818182,5.726816,0.000000
sess_20260822_other_145_flow_00000,real_sess_20260822_other_145,sess_20260822_other_145,Other,env_win11_eth,PACKET_LOSS,day_3,2026-08-22,batch_20260822_02,dev_win11_desktop,ethernet,warp_enabled,oth_cloud_backup,real,v2,sess_20260822_other_145_flow_00000_prefix_20,prefix_20,0.000,1.898,0,20.000000,6752.000000,337.600000,104.943985,337.500000,468.800000,0.099908,0.110684,0.048959,0.311620,20.000000,0.000000,6752.000000,0.000000,10.536027,3556.962661,10.000000,2.000000,5.268013,0.000000
sess_20260822_other_145_flow_00001,real_sess_20260822_other_145,sess_20260822_other_145,Other,env_win11_eth,PACKET_LOSS,day_3,2026-08-22,batch_20260822_02,dev_win11_desktop,ethernet,warp_enabled,oth_cloud_backup,real,v2,sess_20260822_other_145_flow_00001_prefix_20,prefix_20,0.000,1.290,0,20.000000,6134.000000,306.700000,84.165967,293.500000,438.100000,0.067890,0.067482,0.036245,0.158275,20.000000,0.000000,6134.000000,0.000000,15.504907,4755.355113,10.000000,2.000000,7.752454,0.000000
sess_20260822_other_146_flow_00000,real_sess_20260822_other_146,sess_20260822_other_146,Other,env_win11_cellular,HIGH_LATENCY,day_3,2026-08-22,batch_20260822_03,dev_win11_laptop,cellular,warp_enabled,oth_dns_ntp_sync,real,v2,sess_20260822_other_146_flow_00000_prefix_20,prefix_20,0.000,5.085,0,20.000000,7736.000000,386.800000,142.643472,340.000000,573.050000,0.267609,0.223560,0.167182,0.626694,20.000000,0.000000,7736.000000,0.000000,3.933467,1521.464864,17.000000,1.176471,3.343447,0.000000
sess_20260822_other_146_flow_00001,real_sess_20260822_other_146,sess_20260822_other_146,Other,env_win11_cellular,HIGH_LATENCY,day_3,2026-08-22,batch_20260822_03,dev_win11_laptop,cellular,warp_enabled,oth_dns_ntp_sync,real,v2,sess_20260822_other_146_flow_00001_prefix_20,prefix_20,0.000,10.028,0,20.000000,8806.000000,440.300000,187.179887,429.000000,750.350000,0.527770,0.582134,0.361359,1.474684,20.000000,0.000000,8806.000000,0.000000,1.994488,878.173159,17.000000,1.176471,1.695315,0.000000
sess_20260822_other_147_flow_00000,real_sess_20260822_other_147,sess_20260822_other_147,Other,env_win11_cellular,NORMAL,day_3,2026-08-22,batch_20260822_04,dev_win11_laptop,cellular,warp_disabled,oth_os_update_check,real,v2,sess_20260822_other_147_flow_00000_prefix_20,prefix_20,0.000,2.307,0,20.000000,7467.000000,373.350000,143.443116,371.000000,589.100000,0.121402,0.107206,0.099048,0.286102,20.000000,0.000000,7467.000000,0.000000,8.670614,3237.173632,12.000000,1.666667,5.202368,0.000000
sess_20260822_other_147_flow_00001,real_sess_20260822_other_147,sess_20260822_other_147,Other,env_win11_cellular,NORMAL,day_3,2026-08-22,batch_20260822_04,dev_win11_laptop,cellular,warp_disabled,oth_os_update_check,real,v2,sess_20260822_other_147_flow_00001_prefix_20,prefix_20,0.000,2.186,0,20.000000,7351.000000,367.550000,150.445829,349.000000,565.350000,0.115031,0.114276,0.067741,0.250260,20.000000,0.000000,7351.000000,0.000000,9.150843,3363.392181,13.000000,1.538462,5.948048,0.000000
sess_20260823_other_148_flow_00000,real_sess_20260823_other_148,sess_20260823_other_148,Other,env_win11_wifi,LOW_BANDWIDTH,day_4,2026-08-23,batch_20260823_02,dev_win11_laptop,wifi,warp_enabled,oth_telemetry_heartbeat,real,v2,sess_20260823_other_148_flow_00000_prefix_20,prefix_20,0.000,2.268,0,20.000000,4059.000000,202.950000,74.756588,193.000000,368.550000,0.119380,0.087602,0.097119,0.306356,20.000000,0.000000,4059.000000,0.000000,8.817487,1789.508971,17.000000,1.176471,7.494864,0.000000
sess_20260823_other_148_flow_00001,real_sess_20260823_other_148,sess_20260823_other_148,Other,env_win11_wifi,LOW_BANDWIDTH,day_4,2026-08-23,batch_20260823_02,dev_win11_laptop,wifi,warp_enabled,oth_telemetry_heartbeat,real,v2,sess_20260823_other_148_flow_00001_prefix_20,prefix_20,0.000,1.698,0,20.000000,5158.000000,257.900000,82.329764,278.500000,365.900000,0.089371,0.106676,0.049806,0.293788,20.000000,0.000000,5158.000000,0.000000,11.778194,3037.596233,10.000000,2.000000,5.889097,0.000000
sess_20260823_other_149_flow_00000,real_sess_20260823_other_149,sess_20260823_other_149,Other,env_win11_eth,LOW_BANDWIDTH,day_4,2026-08-23,batch_20260823_03,dev_win11_desktop,ethernet,warp_enabled,oth_idle_keepalive,real,v2,sess_20260823_other_149_flow_00000_prefix_20,prefix_20,0.000,1.163,0,20.000000,4675.000000,233.750000,101.395698,223.500000,451.400000,0.061223,0.114798,0.025200,0.248566,20.000000,0.000000,4675.000000,0.000000,17.193436,4018.965719,6.000000,3.333333,5.158031,0.000000
sess_20260823_other_149_flow_00001,real_sess_20260823_other_149,sess_20260823_other_149,Other,env_win11_eth,LOW_BANDWIDTH,day_4,2026-08-23,batch_20260823_03,dev_win11_desktop,ethernet,warp_enabled,oth_idle_keepalive,real,v2,sess_20260823_other_149_flow_00001_prefix_20,prefix_20,0.000,2.269,0,20.000000,2955.000000,147.750000,74.472730,137.000000,284.450000,0.119443,0.104738,0.084968,0.275653,20.000000,0.000000,2955.000000,0.000000,8.812818,1302.093860,11.000000,1.818182,4.847050,0.000000
sess_20260823_other_150_flow_00000,real_sess_20260823_other_150,sess_20260823_other_150,Other,env_win11_cellular,NORMAL,day_4,2026-08-23,batch_20260823_04,dev_win11_laptop,cellular,warp_enabled,oth_cloud_backup,real,v2,sess_20260823_other_150_flow_00000_prefix_20,prefix_20,0.000,2.294,0,20.000000,4875.000000,243.750000,81.525993,264.000000,371.200000,0.120733,0.131721,0.063572,0.347493,20.000000,0.000000,4875.000000,0.000000,8.718649,2125.170687,11.000000,1.818182,4.795257,0.000000
sess_20260823_other_150_flow_00001,real_sess_20260823_other_150,sess_20260823_other_150,Other,env_win11_cellular,NORMAL,day_4,2026-08-23,batch_20260823_04,dev_win11_laptop,cellular,warp_enabled,oth_cloud_backup,real,v2,sess_20260823_other_150_flow_00001_prefix_20,prefix_20,0.000,1.514,0,20.000000,4791.000000,239.550000,62.591912,247.500000,324.150000,0.079696,0.091438,0.060063,0.233686,20.000000,0.000000,4791.000000,0.000000,13.208070,3163.993188,12.000000,1.666667,7.924842,0.000000
