flow_id,file_id,session_id,traffic_class,environment_id,network_condition_id,capture_day,capture_date,collection_batch,device_id,interface_type,tunnel_state,activity_variant,data_origin,dataset_version,window_id,window_type,window_start,window_end,packet_offset,packet_count,byte_count,mean_packet_size,std_packet_size,median_packet_size,p95_packet_size,mean_iat,std_iat,median_iat,p95_iat,forward_packet_count,backward_packet_count,forward_byte_count,backward_byte_count,packet_rate,byte_rate,burst_count,mean_burst_size,burst_rate,direction_switch_count
20260823_144333_web_001_5c95_flow_00000,real_20260823_144333_web_001_5c95,20260823_144333_web_001_5c95,Web,env_win11_wifi,NORMAL,day_4,2026-08-23,batch_20260823_01,dev_win11_laptop,wifi,warp_enabled,web_tech_blogs,real,v2,20260823_144333_web_001_5c95_flow_00000_prefix_100,prefix_100,0.000,2.500,0,100.000000,22957.000000,229.570000,72.586397,230.500000,341.350000,0.025252,0.028747,0.015792,0.082054,100.000000,0.000000,22957.000000,0.000000,40.000201,9182.846106,14.000000,7.142857,5.600028,0.000000
20260823_144333_web_001_5c95_flow_00001,real_20260823_144333_web_001_5c95,20260823_144333_web_001_5c95,Web,env_win11_wifi,NORMAL,day_4,2026-08-23,batch_20260823_01,dev_win11_laptop,wifi,warp_enabled,web_tech_blogs,real,v2,20260823_144333_web_001_5c95_flow_00001_prefix_100,prefix_100,0.000,1.228,0,100.000000,98892.000000,988.920000,343.006521,1035.000000,1420.000000,0.012402,0.013514,0.008024,0.033373,100.000000,0.000000,98892.000000,0.000000,81.444556,80542.150656,3.000000,33.333333,2.443337,0.000000
20260823_145151_web_001_0bbf_flow_00000,real_20260823_145151_web_001_0bbf,20260823_145151_web_001_0bbf,Web,env_win11_wifi,NORMAL,day_4,2026-08-23,batch_20260823_01,dev_win11_laptop,wifi,warp_enabled,web_ecommerce,real,v2,20260823_145151_web_001_0bbf_flow_00000_prefix_100,prefix_100,0.000,13.698,0,100.000000,28066.000000,280.660000,94.998655,278.000000,443.200000,0.138364,0.126633,0.095952,0.451391,100.000000,0.000000,28066.000000,0.000000,7.300310,2048.904873,75.000000,1.333333,5.475232,0.000000
20260823_145151_web_001_0bbf_flow_00001,real_20260823_145151_web_001_0bbf,20260823_145151_web_001_0bbf,Web,env_win11_wifi,NORMAL,day_4,2026-08-23,batch_20260823_01,dev_win11_laptop,wifi,warp_enabled,web_ecommerce,real,v2,20260823_145151_web_001_0bbf_flow_00001_prefix_100,prefix_100,0.000,13.321,0,100.000000,23522.000000,235.220000,74.123624,235.000000,372.050000,0.134556,0.124258,0.096552,0.377177,100.000000,0.000000,23522.000000,0.000000,7.506900,1765.773061,74.000000,1.351351,5.555106,0.000000
20260823_145551_web_001_da0c_flow_00000,real_20260823_145551_web_001_da0c,20260823_145551_web_001_da0c,Web,env_win11_wifi,NORMAL,day_4,2026-08-23,batch_20260823_01,dev_win11_laptop,wifi,warp_enabled,web_github_docs,real,v2,20260823_145551_web_001_da0c_flow_00000_prefix_100,prefix_100,0.000,10.849,0,100.000000,26720.000000,267.200000,94.882243,266.500000,410.450000,0.109583,0.119997,0.059849,0.384173,100.000000,0.000000,26720.000000,0.000000,9.217717,2462.974045,55.000000,1.818182,5.069744,0.000000
20260823_145551_web_001_da0c_flow_00001,real_20260823_145551_web_001_da0c,20260823_145551_web_001_da0c,Web,env_win11_wifi,NORMAL,day_4,2026-08-23,batch_20260823_01,dev_win11_laptop,wifi,warp_enabled,web_github_docs,real,v2,20260823_145551_web_001_da0c_flow_00001_prefix_100,prefix_100,0.000,8.441,0,100.000000,54905.000000,549.050000,176.704011,564.000000,809.200000,0.085265,0.073685,0.063162,0.238954,100.000000,0.000000,54905.000000,0.000000,11.846585,6504.367390,59.000000,1.694915,6.989485,0.000000
20260823_145946_web_001_c866_flow_00000,real_20260823_145946_web_001_c866,20260823_145946_web_001_c866,Web,env_win11_wifi,NORMAL,day_4,2026-08-23,batch_20260823_01,dev_win11_laptop,wifi,warp_enabled,web_ecommerce,real,v2,20260823_145946_web_001_c866_flow_00000_prefix_100,prefix_100,0.000,3.765,0,100.000000,30780.000000,307.800000,102.187670,311.500000,448.150000,0.038030,0.040145,0.023542,0.120195,100.000000,0.000000,30780.000000,0.000000,26.560566,8175.342278,27.000000,3.703704,7.171353,0.000000
20260823_145946_web_001_c866_flow_00001,real_20260823_145946_web_001_c866,20260823_145946_web_001_c866,Web,env_win11_wifi,NORMAL,day_4,2026-08-23,batch_20260823_01,dev_win11_laptop,wifi,warp_enabled,web_ecommerce,real,v2,20260823_145946_web_001_c866_flow_00001_prefix_100,prefix_100,0.000,3.563,0,100.000000,34110.000000,341.100000,123.816194,357.500000,523.250000,0.035992,0.036700,0.023291,0.126641,100.000000,0.000000,34110.000000,0.000000,28.064930,9572.947631,26.000000,3.846154,7.296882,0.000000
20260823_150110_web_001_9490_flow_00000,real_20260823_150110_web_001_9490,20260823_150110_web_001_9490,Web,env_win11_wifi,NORMAL,day_4,2026-08-23,batch_20260823_01,dev_win11_laptop,wifi,warp_enabled,web_ecommerce,real,v2,20260823_150110_web_001_9490_flow_00000_prefix_100,prefix_100,0.000,2.501,0,100.000000,80948.000000,809.480000,343.572801,773.500000,1309.250000,0.025261,0.020238,0.022460,0.062625,100.000000,0.000000,80948.000000,0.000000,39.986530,32368.296563,14.000000,7.142857,5.598114,0.000000
20260823_150110_web_001_9490_flow_00001,real_20260823_150110_web_001_9490,20260823_150110_web_001_9490,Web,env_win11_wifi,NORMAL,day_4,2026-08-23,batch_20260823_01,dev_win11_laptop,wifi,warp_enabled,web_ecommerce,real,v2,20260823_150110_web_001_9490_flow_00001_prefix_100,prefix_100,0.000,4.383,0,100.000000,26864.000000,268.640000,95.115143,275.000000,397.050000,0.044268,0.049290,0.029519,0.126643,100.000000,0.000000,26864.000000,0.000000,22.817712,6129.750074,31.000000,3.225806,7.073491,0.000000
20260823_150323_web_001_2c60_flow_00000,real_20260823_150323_web_001_2c60,20260823_150323_web_001_2c60,Web,env_win11_wifi,NORMAL,day_4,2026-08-23,batch_20260823_01,dev_win11_laptop,wifi,warp_enabled,web_tech_blogs,real,v2,20260823_150323_web_001_2c60_flow_00000_prefix_100,prefix_100,0.000,11.007,0,100.000000,18633.000000,186.330000,60.285828,179.500000,277.150000,0.111178,0.111663,0.075753,0.295265,100.000000,0.000000,18633.000000,0.000000,9.085427,1692.887599,62.000000,1.612903,5.632965,0.000000
20260823_150323_web_001_2c60_flow_00001,real_20260823_150323_web_001_2c60,20260823_150323_web_001_2c60,Web,env_win11_wifi,NORMAL,day_4,2026-08-23,batch_20260823_01,dev_win11_laptop,wifi,warp_enabled,web_tech_blogs,real,v2,20260823_150323_web_001_2c60_flow_00001_prefix_100,prefix_100,0.000,13.979,0,100.000000,29981.000000,299.810000,114.686590,299.500000,483.700000,0.141203,0.117669,0.127437,0.350907,100.000000,0.000000,29981.000000,0.000000,7.153555,2144.707328,77.000000,1.298701,5.508237,0.000000
20260823_150454_web_001_17f5_flow_00000,real_20260823_150454_web_001_17f5,20260823_150454_web_001_17f5,Web,env_win11_wifi,NORMAL,day_4,2026-08-23,batch_20260823_01,dev_win11_laptop,wifi,warp_enabled,web_github_docs,real,v2,20260823_150454_web_001_17f5_flow_00000_prefix_100,prefix_100,0.000,9.453,0,100.000000,22018.000000,220.180000,76.221176,221.500000,348.250000,0.095488,0.091704,0.086055,0.280205,100.000000,0.000000,22018.000000,0.000000,10.578250,2329.119191,58.000000,1.724138,6.135385,0.000000
20260823_150454_web_001_17f5_flow_00001,real_20260823_150454_web_001_17f5,20260823_150454_web_001_17f5,Web,env_win11_wifi,NORMAL,day_4,2026-08-23,batch_20260823_01,dev_win11_laptop,wifi,warp_enabled,web_github_docs,real,v2,20260823_150454_web_001_17f5_flow_00001_prefix_100,prefix_100,0.000,8.981,0,100.000000,22419.000000,224.190000,69.161217,236.000000,314.750000,0.090717,0.093727,0.065443,0.264072,100.000000,0.000000,22419.000000,0.000000,11.134623,2496.271039,58.000000,1.724138,6.458081,0.000000
20260823_150634_web_001_ddf0_flow_00000,real_20260823_150634_web_001_ddf0,20260823_150634_web_001_ddf0,Web,env_win11_wifi,NORMAL,day_4,2026-08-23,batch_20260823_01,dev_win11_laptop,wifi,warp_enabled,web_tech_blogs,real,v2,20260823_150634_web_001_ddf0_flow_00000_prefix_100,prefix_100,0.000,13.976,0,100.000000,25831.000000,258.310000,95.985175,253.500000,426.750000,0.141173,0.152982,0.098729,0.419879,100.000000,0.000000,25831.000000,0.000000,7.155071,1848.226273,68.000000,1.470588,4.865448,0.000000
20260823_150634_web_001_ddf0_flow_00001,real_20260823_150634_web_001_ddf0,20260823_150634_web_001_ddf0,Web,env_win11_wifi,NORMAL,day_4,2026-08-23,batch_20260823_01,dev_win11_laptop,wifi,warp_enabled,web_tech_blogs,real,v2,20260823_150634_web_001_ddf0_flow_00001_prefix_100,prefix_100,0.000,18.191,0,100.000000,24539.000000,245.390000,73.026693,246.500000,372.450000,0.183750,0.180154,0.132191,0.511280,100.000000,0.000000,24539.000000,0.000000,5.497143,1348.943807,79.000000,1.265823,4.342743,0.000000
20260823_150817_web_001_e5b6_flow_00000,real_20260823_150817_web_001_e5b6,20260823_150817_web_001_e5b6,Web,env_win11_wifi,NORMAL,day_4,2026-08-23,batch_20260823_01,dev_win11_laptop,wifi,warp_enabled,web_github_docs,real,v2,20260823_150817_web_001_e5b6_flow_00000_prefix_100,prefix_100,0.000,12.106,0,100.000000,32385.000000,323.850000,115.314299,325.000000,499.100000,0.122283,0.113026,0.091680,0.345956,100.000000,0.000000,32385.000000,0.000000,8.260352,2675.114834,70.000000,1.428571,5.782246,0.000000
20260823_150817_web_001_e5b6_flow_00001,real_20260823_150817_web_001_e5b6,20260823_150817_web_001_e5b6,Web,env_win11_wifi,NORMAL,day_4,2026-08-23,batch_20260823_01,dev_win11_laptop,wifi,warp_enabled,web_github_docs,real,v2,20260823_150817_web_001_e5b6_flow_00001_prefix_100,prefix_100,0.000,11.853,0,100.000000,18122.000000,181.220000,70.996279,173.000000,302.150000,0.119725,0.120479,0.075566,0.350478,100.000000,0.000000,18122.000000,0.000000,8.436847,1528.925392,60.000000,1.666667,5.062108,0.000000
20260823_150936_web_001_534c_flow_00000,real_20260823_150936_web_001_534c,20260823_150936_web_001_534c,Web,env_win11_wifi,NORMAL,day_4,2026-08-23,batch_20260823_01,dev_win11_laptop,wifi,warp_enabled,web_ecommerce,real,v2,20260823_150936_web_001_534c_flow_00000_prefix_100,prefix_100,0.000,6.377,0,100.000000,20385.000000,203.850000,71.781944,197.500000,327.100000,0.064415,0.064486,0.044525,0.163291,100.000000,0.000000,20385.000000,0.000000,15.681173,3196.607096,46.000000,2.173913,7.213340,0.000000
20260823_150936_web_001_534c_flow_00001,real_20260823_150936_web_001_534c,20260823_150936_web_001_534c,Web,env_win11_wifi,NORMAL,day_4,2026-08-23,batch_20260823_01,dev_win11_laptop,wifi,warp_enabled,web_ecommerce,real,v2,20260823_150936_web_001_534c_flow_00001_prefix_100,prefix_100,0.000,5.839,0,100.000000,36062.000000,360.620000,127.069963,346.000000,564.200000,0.058979,0.072296,0.039922,0.168426,100.000000,0.000000,36062.000000,0.000000,17.126479,6176.150699,46.000000,2.173913,7.878180,0.000000
20260823_151441_video_001_104d_flow_00000,real_20260823_151441_video_001_104d,20260823_151441_video_001_104d,Video,env_win11_wifi,NORMAL,day_4,2026-08-23,batch_20260823_01,dev_win11_laptop,wifi,warp_enabled,vid_twitch_live,real,v2,20260823_151441_video_001_104d_flow_00000_prefix_100,prefix_100,0.000,0.374,0,100.000000,120351.000000,1203.510000,266.261582,1329.000000,1420.000000,0.003777,0.003371,0.003019,0.011296,100.000000,0.000000,120351.000000,0.000000,267.467827,321900.204769,1.000000,100.000000,2.674678,0.000000
20260823_151441_video_001_104d_flow_00001,real_20260823_151441_video_001_104d,20260823_151441_video_001_104d,Video,env_win11_wifi,NORMAL,day_4,2026-08-23,batch_20260823_01,dev_win11_laptop,wifi,warp_enabled,vid_twitch_live,real,v2,20260823_151441_video_001_104d_flow_00001_prefix_100,prefix_100,0.000,2.281,0,100.000000,19994.000000,199.940000,79.802358,197.000000,319.000000,0.023038,0.020823,0.015138,0.062193,100.000000,0.000000,19994.000000,0.000000,43.844332,8766.235839,13.000000,7.692308,5.699763,0.000000
20260823_151621_video_001_efa4_flow_00000,real_20260823_151621_video_001_efa4,20260823_151621_video_001_efa4,Video,env_win11_wifi,NORMAL,day_4,2026-08-23,batch_20260823_01,dev_win11_laptop,wifi,warp_enabled,vid_vimeo_720p,real,v2,20260823_151621_video_001_efa4_flow_00000_prefix_100,prefix_100,0.000,1.568,0,100.000000,102236.000000,1022.360000,317.326000,1014.500000,1420.000000,0.015836,0.017421,0.011621,0.051805,100.000000,0.000000,102236.000000,0.000000,63.784534,65210.756529,8.000000,12.500000,5.102763,0.000000
20260823_151621_video_001_efa4_flow_00001,real_20260823_151621_video_001_efa4,20260823_151621_video_001_efa4,Video,env_win11_wifi,NORMAL,day_4,2026-08-23,batch_20260823_01,dev_win11_laptop,wifi,warp_enabled,vid_vimeo_720p,real,v2,20260823_151621_video_001_efa4_flow_00001_prefix_100,prefix_100,0.000,5.849,0,100.000000,23869.000000,238.690000,74.446316,237.500000,345.750000,0.059085,0.061066,0.043217,0.176159,100.000000,0.000000,23869.000000,0.000000,17.095721,4080.577556,41.000000,2.439024,7.009245,0.000000
20260823_153012_video_001_641b_flow_00000,real_20260823_153012_video_001_641b,20260823_153012_video_001_641b,Video,env_win11_wifi,NORMAL,day_4,2026-08-23,batch_20260823_01,dev_win11_laptop,wifi,warp_enabled,vid_twitch_live,real,v2,20260823_153012_video_001_641b_flow_00000_prefix_100,prefix_100,0.000,0.622,0,100.000000,73701.000000,737.010000,277.272050,748.000000,1173.450000,0.006280,0.005968,0.003946,0.017431,100.000000,0.000000,73701.000000,0.000000,160.853194,118550.412467,1.000000,100.000000,1.608532,0.000000
20260823_153012_video_001_641b_flow_00001,real_20260823_153012_video_001_641b,20260823_153012_video_001_641b,Video,env_win11_wifi,NORMAL,day_4,2026-08-23,batch_20260823_01,dev_win11_laptop,wifi,warp_enabled,vid_twitch_live,real,v2,20260823_153012_video_001_641b_flow_00001_prefix_100,prefix_100,0.000,0.716,0,100.000000,103582.000000,1035.820000,314.277787,1045.000000,1420.000000,0.007234,0.006957,0.005858,0.020212,100.000000,0.000000,103582.000000,0.000000,139.631946,144633.561838,1.000000,100.000000,1.396319,0.000000
20260823_153142_video_001_2480_flow_00000,real_20260823_153142_video_001_2480,20260823_153142_video_001_2480,Video,env_win11_wifi,NORMAL,day_4,2026-08-23,batch_20260823_01,dev_win11_laptop,wifi,warp_enabled,vid_vimeo_720p,real,v2,20260823_153142_video_001_2480_flow_00000_prefix_100,prefix_100,0.000,6.356,0,100.000000,77218.000000,772.180000,290.347632,820.000000,1205.550000,0.064199,0.066859,0.042060,0.201354,100.000000,0.000000,77218.000000,0.000000,15.733801,12149.326170,40.000000,2.500000,6.293520,0.000000
20260823_153142_video_001_2480_flow_00001,real_20260823_153142_video_001_2480,20260823_153142_video_001_2480,Video,env_win11_wifi,NORMAL,day_4,2026-08-23,batch_20260823_01,dev_win11_laptop,wifi,warp_enabled,vid_vimeo_720p,real,v2,20260823_153142_video_001_2480_flow_00001_prefix_100,prefix_100,0.000,10.230,0,100.000000,21571.000000,215.710000,71.019898,224.000000,323.200000,0.103333,0.096453,0.073904,0.295344,100.000000,0.000000,21571.000000,0.000000,9.775231,2108.615000,60.000000,1.666667,5.865138,0.000000
20260823_154438_video_001_566f_flow_00000,real_20260823_154438_video_001_566f,20260823_154438_video_001_566f,Video,env_win11_wifi,NORMAL,day_4,2026-08-23,batch_20260823_01,dev_win11_laptop,wifi,warp_enabled,vid_twitch_live,real,v2,20260823_154438_video_001_566f_flow_00000_prefix_100,prefix_100,0.000,0.416,0,100.000000,117307.000000,1173.070000,295.279097,1290.000000,1420.000000,0.004203,0.003999,0.002765,0.012254,100.000000,0.000000,117307.000000,0.000000,240.350533,281947.999212,1.000000,100.000000,2.403505,0.000000
20260823_154438_video_001_566f_flow_00001,real_20260823_154438_video_001_566f,20260823_154438_video_001_566f,Video,env_win11_wifi,NORMAL,day_4,2026-08-23,batch_20260823_01,dev_win11_laptop,wifi,warp_enabled,vid_twitch_live,real,v2,20260823_154438_video_001_566f_flow_00001_prefix_100,prefix_100,0.000,2.368,0,100.000000,22360.000000,223.600000,70.617986,223.000000,336.450000,0.023918,0.021438,0.020354,0.061142,100.000000,0.000000,22360.000000,0.000000,42.231292,9442.916869,11.000000,9.090909,4.645442,0.000000
20260823_154613_video_001_c9ea_flow_00000,real_20260823_154613_video_001_c9ea,20260823_154613_video_001_c9ea,Video,env_win11_wifi,NORMAL,day_4,2026-08-23,batch_20260823_01,dev_win11_laptop,wifi,warp_enabled,vid_netflix_4k,real,v2,20260823_154613_video_001_c9ea_flow_00000_prefix_100,prefix_100,0.000,0.433,0,100.000000,112423.000000,1124.230000,328.499828,1205.500000,1420.000000,0.004377,0.004038,0.003514,0.010595,100.000000,0.000000,112423.000000,0.000000,230.796856,259468.749169,1.000000,100.000000,2.307969,0.000000
20260823_154613_video_001_c9ea_flow_00001,real_20260823_154613_video_001_c9ea,20260823_154613_video_001_c9ea,Video,env_win11_wifi,NORMAL,day_4,2026-08-23,batch_20260823_01,dev_win11_laptop,wifi,warp_enabled,vid_netflix_4k,real,v2,20260823_154613_video_001_c9ea_flow_00001_prefix_100,prefix_100,0.000,3.448,0,100.000000,21459.000000,214.590000,71.909679,214.000000,328.450000,0.034830,0.033154,0.026350,0.100745,100.000000,0.000000,21459.000000,0.000000,29.001072,6223.340069,27.000000,3.703704,7.830289,0.000000
20260823_154721_video_001_0564_flow_00000,real_20260823_154721_video_001_0564,20260823_154721_video_001_0564,Video,env_win11_wifi,NORMAL,day_4,2026-08-23,batch_20260823_01,dev_win11_laptop,wifi,warp_enabled,vid_dailymotion_sd,real,v2,20260823_154721_video_001_0564_flow_00000_prefix_100,prefix_100,0.000,0.460,0,100.000000,119136.000000,1191.360000,278.344625,1326.000000,1420.000000,0.004650,0.004977,0.002589,0.015886,100.000000,0.000000,119136.000000,0.000000,217.235439,258805.612599,1.000000,100.000000,2.172354,0.000000
20260823_154721_video_001_0564_flow_00001,real_20260823_154721_video_001_0564,20260823_154721_video_001_0564,Video,env_win11_wifi,NORMAL,day_4,2026-08-23,batch_20260823_01,dev_win11_laptop,wifi,warp_enabled,vid_dailymotion_sd,real,v2,20260823_154721_video_001_0564_flow_00001_prefix_100,prefix_100,0.000,2.713,0,100.000000,19268.000000,192.680000,65.569487,191.000000,304.350000,0.027403,0.025884,0.019523,0.081109,100.000000,0.000000,19268.000000,0.000000,36.861215,7102.418980,16.000000,6.250000,5.897794,0.000000
20260823_154851_video_001_b4dc_flow_00000,real_20260823_154851_video_001_b4dc,20260823_154851_video_001_b4dc,Video,env_win11_wifi,NORMAL,day_4,2026-08-23,batch_20260823_01,dev_win11_laptop,wifi,warp_enabled,vid_vimeo_720p,real,v2,20260823_154851_video_001_b4dc_flow_00000_prefix_100,prefix_100,0.000,7.459,0,100.000000,21242.000000,212.420000,71.660056,218.000000,310.200000,0.075340,0.064037,0.058083,0.192215,100.000000,0.000000,21242.000000,0.000000,13.407299,2847.978546,54.000000,1.851852,7.239942,0.000000
20260823_154851_video_001_b4dc_flow_00001,real_20260823_154851_video_001_b4dc,20260823_154851_video_001_b4dc,Video,env_win11_wifi,NORMAL,day_4,2026-08-23,batch_20260823_01,dev_win11_laptop,wifi,warp_enabled,vid_vimeo_720p,real,v2,20260823_154851_video_001_b4dc_flow_00001_prefix_100,prefix_100,0.000,2.573,0,100.000000,100083.000000,1000.830000,332.341994,1067.000000,1420.000000,0.025994,0.023979,0.018198,0.067821,100.000000,0.000000,100083.000000,0.000000,38.858401,38890.653859,20.000000,5.000000,7.771680,0.000000
20260823_155010_video_001_c5d9_flow_00000,real_20260823_155010_video_001_c5d9,20260823_155010_video_001_c5d9,Video,env_win11_wifi,NORMAL,day_4,2026-08-23,batch_20260823_01,dev_win11_laptop,wifi,warp_enabled,vid_netflix_4k,real,v2,20260823_155010_video_001_c5d9_flow_00000_prefix_100,prefix_100,0.000,0.560,0,100.000000,110947.000000,1109.470000,322.098508,1203.000000,1420.000000,0.005655,0.005477,0.003931,0.015424,100.000000,0.000000,110947.000000,0.000000,178.611866,198164.507093,1.000000,100.000000,1.786119,0.000000
20260823_155010_video_001_c5d9_flow_00001,real_20260823_155010_video_001_c5d9,20260823_155010_video_001_c5d9,Video,env_win11_wifi,NORMAL,day_4,2026-08-23,batch_20260823_01,dev_win11_laptop,wifi,warp_enabled,vid_netflix_4k,real,v2,20260823_155010_video_001_c5d9_flow_00001_prefix_100,prefix_100,0.000,2.947,0,100.000000,24291.000000,242.910000,80.631147,237.500000,383.150000,0.029763,0.030494,0.022307,0.094864,100.000000,0.000000,24291.000000,0.000000,33.937706,8243.808192,17.000000,5.882353,5.769410,0.000000
20260823_155216_video_001_1ce3_flow_00000,real_20260823_155216_video_001_1ce3,20260823_155216_video_001_1ce3,Video,env_win11_wifi,NORMAL,day_4,2026-08-23,batch_20260823_01,dev_win11_laptop,wifi,warp_enabled,vid_dailymotion_sd,real,v2,20260823_155216_video_001_1ce3_flow_00000_prefix_100,prefix_100,0.000,14.128,0,100.000000,24703.000000,247.030000,77.232565,256.000000,367.650000,0.142704,0.149025,0.096081,0.479559,100.000000,0.000000,24703.000000,0.000000,7.078282,1748.548052,72.000000,1.388889,5.096363,0.000000
20260823_155216_video_001_1ce3_flow_00001,real_20260823_155216_video_001_1ce3,20260823_155216_video_001_1ce3,Video,env_win11_wifi,NORMAL,day_4,2026-08-23,batch_20260823_01,dev_win11_laptop,wifi,warp_enabled,vid_dailymotion_sd,real,v2,20260823_155216_video_001_1ce3_flow_00001_prefix_100,prefix_100,0.000,11.988,0,100.000000,28696.000000,286.960000,116.281720,294.500000,470.200000,0.121089,0.110041,0.093175,0.313751,100.000000,0.000000,28696.000000,0.000000,8.341804,2393.764065,70.000000,1.428571,5.839263,0.000000
20260823_155349_messaging_001_f90a_flow_00000,real_20260823_155349_messaging_001_f90a,20260823_155349_messaging_001_f90a,Messaging,env_win11_wifi,NORMAL,day_4,2026-08-23,batch_20260823_01,dev_win11_laptop,wifi,warp_enabled,msg_whatsapp_web,real,v2,20260823_155349_messaging_001_f90a_flow_00000_prefix_100,prefix_100,0.000,0.787,0,100.000000,108962.000000,1089.620000,310.996134,1186.000000,1420.000000,0.007947,0.009275,0.004549,0.029008,100.000000,0.000000,108962.000000,0.000000,127.100554,138491.305478,1.000000,100.000000,1.271006,0.000000
20260823_155349_messaging_001_f90a_flow_00001,real_20260823_155349_messaging_001_f90a,20260823_155349_messaging_001_f90a,Messaging,env_win11_wifi,NORMAL,day_4,2026-08-23,batch_20260823_01,dev_win11_laptop,wifi,warp_enabled,msg_whatsapp_web,real,v2,20260823_155349_messaging_001_f90a_flow_00001_prefix_100,prefix_100,0.000,4.281,0,100.000000,22189.000000,221.890000,65.309861,219.000000,327.000000,0.043242,0.039579,0.028673,0.103647,100.000000,0.000000,22189.000000,0.000000,23.359355,5183.207183,33.000000,3.030303,7.708587,0.000000
20260823_155823_messaging_001_2056_flow_00000,real_20260823_155823_messaging_001_2056,20260823_155823_messaging_001_2056,Messaging,env_win11_wifi,NORMAL,day_4,2026-08-23,batch_20260823_01,dev_win11_laptop,wifi,warp_enabled,msg_slack_chat,real,v2,20260823_155823_messaging_001_2056_flow_00000_prefix_100,prefix_100,0.000,0.980,0,100.000000,22056.000000,220.560000,81.653576,214.500000,358.200000,0.009894,0.008338,0.007951,0.026822,100.000000,0.000000,22056.000000,0.000000,102.090504,22517.081548,1.000000,100.000000,1.020905,0.000000
20260823_155823_messaging_001_2056_flow_00001,real_20260823_155823_messaging_001_2056,20260823_155823_messaging_001_2056,Messaging,env_win11_wifi,NORMAL,day_4,2026-08-23,batch_20260823_01,dev_win11_laptop,wifi,warp_enabled,msg_slack_chat,real,v2,20260823_155823_messaging_001_2056_flow_00001_prefix_100,prefix_100,0.000,0.123,0,100.000000,118795.000000,1187.950000,289.922278,1328.500000,1420.000000,0.001239,0.001199,0.000920,0.003852,100.000000,0.000000,118795.000000,0.000000,815.235637,968459.174541,1.000000,100.000000,8.152356,0.000000
20260823_160152_messaging_001_2144_flow_00000,real_20260823_160152_messaging_001_2144,20260823_160152_messaging_001_2144,Messaging,env_win11_wifi,NORMAL,day_4,2026-08-23,batch_20260823_01,dev_win11_laptop,wifi,warp_enabled,msg_discord_text,real,v2,20260823_160152_messaging_001_2144_flow_00000_prefix_100,prefix_100,0.000,2.992,0,100.000000,20723.000000,207.230000,71.891148,205.000000,324.050000,0.030219,0.032380,0.017671,0.102201,100.000000,0.000000,20723.000000,0.000000,33.425703,6926.808364,19.000000,5.263158,6.350884,0.000000
20260823_160152_messaging_001_2144_flow_00001,real_20260823_160152_messaging_001_2144,20260823_160152_messaging_001_2144,Messaging,env_win11_wifi,NORMAL,day_4,2026-08-23,batch_20260823_01,dev_win11_laptop,wifi,warp_enabled,msg_discord_text,real,v2,20260823_160152_messaging_001_2144_flow_00001_prefix_100,prefix_100,0.000,0.442,0,100.000000,108723.000000,1087.230000,348.990941,1174.000000,1420.000000,0.004467,0.003745,0.003718,0.011229,100.000000,0.000000,108723.000000,0.000000,226.119780,245844.208557,1.000000,100.000000,2.261198,0.000000
20260823_160304_messaging_001_b4de_flow_00000,real_20260823_160304_messaging_001_b4de,20260823_160304_messaging_001_b4de,Messaging,env_win11_wifi,NORMAL,day_4,2026-08-23,batch_20260823_01,dev_win11_laptop,wifi,warp_enabled,msg_slack_chat,real,v2,20260823_160304_messaging_001_b4de_flow_00000_prefix_100,prefix_100,0.000,2.408,0,100.000000,22449.000000,224.490000,75.826446,221.500000,368.400000,0.024325,0.028451,0.015976,0.071098,100.000000,0.000000,22449.000000,0.000000,41.525216,9321.995799,11.000000,9.090909,4.567774,0.000000
20260823_160304_messaging_001_b4de_flow_00001,real_20260823_160304_messaging_001_b4de,20260823_160304_messaging_001_b4de,Messaging,env_win11_wifi,NORMAL,day_4,2026-08-23,batch_20260823_01,dev_win11_laptop,wifi,warp_enabled,msg_slack_chat,real,v2,20260823_160304_messaging_001_b4de_flow_00001_prefix_100,prefix_100,0.000,0.492,0,100.000000,115936.000000,1159.360000,298.510285,1264.000000,1420.000000,0.004966,0.004708,0.003641,0.015547,100.000000,0.000000,115936.000000,0.000000,203.386033,235797.630776,1.000000,100.000000,2.033860,0.000000
20260823_160438_messaging_001_3d1b_flow_00000,real_20260823_160438_messaging_001_3d1b,20260823_160438_messaging_001_3d1b,Messaging,env_win11_wifi,NORMAL,day_4,2026-08-23,batch_20260823_01,dev_win11_laptop,wifi,warp_enabled,msg_slack_chat,real,v2,20260823_160438_messaging_001_3d1b_flow_00000_prefix_100,prefix_100,0.000,0.834,0,100.000000,107061.000000,1070.610000,313.432541,1093.500000,1420.000000,0.008429,0.008705,0.006312,0.028927,100.000000,0.000000,107061.000000,0.000000,119.838956,128300.784776,1.000000,100.000000,1.198390,0.000000
20260823_160438_messaging_001_3d1b_flow_00001,real_20260823_160438_messaging_001_3d1b,20260823_160438_messaging_001_3d1b,Messaging,env_win11_wifi,NORMAL,day_4,2026-08-23,batch_20260823_01,dev_win11_laptop,wifi,warp_enabled,msg_slack_chat,real,v2,20260823_160438_messaging_001_3d1b_flow_00001_prefix_100,prefix_100,0.000,2.666,0,100.000000,22405.000000,224.050000,87.382307,232.000000,366.100000,0.026928,0.024452,0.018441,0.080177,100.000000,0.000000,22405.000000,0.000000,37.511550,8404.462698,18.000000,5.555556,6.752079,0.000000
20260823_160546_messaging_001_240e_flow_00000,real_20260823_160546_messaging_001_240e,20260823_160546_messaging_001_240e,Messaging,env_win11_wifi,NORMAL,day_4,2026-08-23,batch_20260823_01,dev_win11_laptop,wifi,warp_enabled,msg_discord_text,real,v2,20260823_160546_messaging_001_240e_flow_00000_prefix_100,prefix_100,0.000,0.562,0,100.000000,113063.000000,1130.630000,312.997305,1178.000000,1420.000000,0.005679,0.005295,0.003827,0.018167,100.000000,0.000000,113063.000000,0.000000,177.876759,201112.800525,1.000000,100.000000,1.778768,0.000000
20260823_160546_messaging_001_240e_flow_00001,real_20260823_160546_messaging_001_240e,20260823_160546_messaging_001_240e,Messaging,env_win11_wifi,NORMAL,day_4,2026-08-23,batch_20260823_01,dev_win11_laptop,wifi,warp_enabled,msg_discord_text,real,v2,20260823_160546_messaging_001_240e_flow_00001_prefix_100,prefix_100,0.000,4.150,0,100.000000,17524.000000,175.240000,62.793649,174.000000,270.300000,0.041918,0.038336,0.027123,0.127799,100.000000,0.000000,17524.000000,0.000000,24.096920,4222.744196,33.000000,3.030303,7.951983,0.000000
20260823_160655_messaging_001_72b1_flow_00000,real_20260823_160655_messaging_001_72b1,20260823_160655_messaging_001_72b1,Messaging,env_win11_wifi,NORMAL,day_4,2026-08-23,batch_20260823_01,dev_win11_laptop,wifi,warp_enabled,msg_telegram_sync,real,v2,20260823_160655_messaging_001_72b1_flow_00000_prefix_100,prefix_100,0.000,12.888,0,100.000000,16921.000000,169.210000,57.089105,162.500000,280.100000,0.130182,0.142487,0.078591,0.364457,100.000000,0.000000,16921.000000,0.000000,7.759132,1312.922744,66.000000,1.515152,5.121027,0.000000
20260823_160655_messaging_001_72b1_flow_00001,real_20260823_160655_messaging_001_72b1,20260823_160655_messaging_001_72b1,Messaging,env_win11_wifi,NORMAL,day_4,2026-08-23,batch_20260823_01,dev_win11_laptop,wifi,warp_enabled,msg_telegram_sync,real,v2,20260823_160655_messaging_001_72b1_flow_00001_prefix_100,prefix_100,0.000,7.608,0,100.000000,71129.000000,711.290000,259.319235,685.500000,1227.450000,0.076849,0.089644,0.049273,0.265448,100.000000,0.000000,71129.000000,0.000000,13.144023,9349.212105,49.000000,2.040816,6.440571,0.000000
20260823_160828_messaging_001_7f33_flow_00000,real_20260823_160828_messaging_001_7f33,20260823_160828_messaging_001_7f33,Messaging,env_win11_wifi,NORMAL,day_4,2026-08-23,batch_20260823_01,dev_win11_laptop,wifi,warp_enabled,msg_discord_text,real,v2,20260823_160828_messaging_001_7f33_flow_00000_prefix_100,prefix_100,0.000,17.095,0,100.000000,19608.000000,196.080000,63.659670,205.000000,282.050000,0.172682,0.159429,0.123914,0.472487,100.000000,0.000000,19608.000000,0.000000,5.849499,1146.969775,81.000000,1.234568,4.738094,0.000000
20260823_160828_messaging_001_7f33_flow_00001,real_20260823_160828_messaging_001_7f33,20260823_160828_messaging_001_7f33,Messaging,env_win11_wifi,NORMAL,day_4,2026-08-23,batch_20260823_01,dev_win11_laptop,wifi,warp_enabled,msg_discord_text,real,v2,20260823_160828_messaging_001_7f33_flow_00001_prefix_100,prefix_100,0.000,14.148,0,100.000000,24613.000000,246.130000,91.916229,245.000000,387.500000,0.142911,0.124352,0.113115,0.392024,100.000000,0.000000,24613.000000,0.000000,7.068051,1739.659399,74.000000,1.351351,5.230358,0.000000
20260823_160947_messaging_001_869a_flow_00000,real_20260823_160947_messaging_001_869a,20260823_160947_messaging_001_869a,Messaging,env_win11_wifi,NORMAL,day_4,2026-08-23,batch_20260823_01,dev_win11_laptop,wifi,warp_enabled,msg_telegram_sync,real,v2,20260823_160947_messaging_001_869a_flow_00000_prefix_100,prefix_100,0.000,14.997,0,100.000000,24889.000000,248.890000,81.772232,261.000000,384.400000,0.151485,0.165586,0.102392,0.460716,100.000000,0.000000,24889.000000,0.000000,6.668011,1659.601375,68.000000,1.470588,4.534248,0.000000
20260823_160947_messaging_001_869a_flow_00001,real_20260823_160947_messaging_001_869a,20260823_160947_messaging_001_869a,Messaging,env_win11_wifi,NORMAL,day_4,2026-08-23,batch_20260823_01,dev_win11_laptop,wifi,warp_enabled,msg_telegram_sync,real,v2,20260823_160947_messaging_001_869a_flow_00001_prefix_100,prefix_100,0.000,15.084,0,100.000000,17762.000000,177.620000,62.761259,177.000000,273.150000,0.152365,0.124618,0.120808,0.375150,100.000000,0.000000,17762.000000,0.000000,6.629461,1177.524900,82.000000,1.219512,5.436158,0.000000
20260823_161053_messaging_001_e319_flow_00000,real_20260823_161053_messaging_001_e319,20260823_161053_messaging_001_e319,Messaging,env_win11_wifi,NORMAL,day_4,2026-08-23,batch_20260823_01,dev_win11_laptop,wifi,warp_enabled,msg_whatsapp_web,real,v2,20260823_161053_messaging_001_e319_flow_00000_prefix_100,prefix_100,0.000,10.476,0,100.000000,30588.000000,305.880000,93.332018,296.500000,457.350000,0.105822,0.109155,0.070834,0.309459,100.000000,0.000000,30588.000000,0.000000,9.545277,2919.709278,62.000000,1.612903,5.918072,0.000000
20260823_161053_messaging_001_e319_flow_00001,real_20260823_161053_messaging_001_e319,20260823_161053_messaging_001_e319,Messaging,env_win11_wifi,NORMAL,day_4,2026-08-23,batch_20260823_01,dev_win11_laptop,wifi,warp_enabled,msg_whatsapp_web,real,v2,20260823_161053_messaging_001_e319_flow_00001_prefix_100,prefix_100,0.000,9.028,0,100.000000,44081.000000,440.810000,149.047690,443.500000,671.050000,0.091196,0.099570,0.058713,0.240829,100.000000,0.000000,44081.000000,0.000000,11.076189,4882.494803,57.000000,1.754386,6.313428,0.000000
20260823_161401_voip_001_b89f_flow_00000,real_20260823_161401_voip_001_b89f,20260823_161401_voip_001_b89f,VoIP,env_win11_wifi,NORMAL,day_4,2026-08-23,batch_20260823_01,dev_win11_laptop,wifi,warp_enabled,voip_skype_call,real,v2,20260823_161401_voip_001_b89f_flow_00000_prefix_100,prefix_100,0.000,9.194,0,100.000000,40061.000000,400.610000,147.603516,399.500000,642.950000,0.092869,0.092459,0.056607,0.337334,100.000000,0.000000,40061.000000,0.000000,10.876658,4357.297887,59.000000,1.694915,6.417228,0.000000
20260823_161401_voip_001_b89f_flow_00001,real_20260823_161401_voip_001_b89f,20260823_161401_voip_001_b89f,VoIP,env_win11_wifi,NORMAL,day_4,2026-08-23,batch_20260823_01,dev_win11_laptop,wifi,warp_enabled,voip_skype_call,real,v2,20260823_161401_voip_001_b89f_flow_00001_prefix_100,prefix_100,0.000,12.628,0,100.000000,23475.000000,234.750000,94.092973,239.000000,376.050000,0.127555,0.130837,0.085327,0.337710,100.000000,0.000000,23475.000000,0.000000,7.918945,1858.972312,65.000000,1.538462,5.147314,0.000000
20260823_161509_voip_001_9812_flow_00000,real_20260823_161509_voip_001_9812,20260823_161509_voip_001_9812,VoIP,env_win11_wifi,NORMAL,day_4,2026-08-23,batch_20260823_01,dev_win11_laptop,wifi,warp_enabled,voip_meet_audio,real,v2,20260823_161509_voip_001_9812_flow_00000_prefix_100,prefix_100,0.000,10.461,0,100.000000,22427.000000,224.270000,79.774163,209.000000,350.200000,0.105666,0.100562,0.073882,0.310664,100.000000,0.000000,22427.000000,0.000000,9.559409,2143.888564,65.000000,1.538462,6.213616,0.000000
20260823_161509_voip_001_9812_flow_00001,real_20260823_161509_voip_001_9812,20260823_161509_voip_001_9812,VoIP,env_win11_wifi,NORMAL,day_4,2026-08-23,batch_20260823_01,dev_win11_laptop,wifi,warp_enabled,voip_meet_audio,real,v2,20260823_161509_voip_001_9812_flow_00001_prefix_100,prefix_100,0.000,12.894,0,100.000000,28014.000000,280.140000,92.797416,278.000000,445.250000,0.130245,0.118757,0.102300,0.354351,100.000000,0.000000,28014.000000,0.000000,7.755387,2172.594145,68.000000,1.470588,5.273663,0.000000
20260823_161649_voip_001_c01e_flow_00000,real_20260823_161649_voip_001_c01e,20260823_161649_voip_001_c01e,VoIP,env_win11_wifi,NORMAL,day_4,2026-08-23,batch_20260823_01,dev_win11_laptop,wifi,warp_enabled,voip_teams_voice,real,v2,20260823_161649_voip_001_c01e_flow_00000_prefix_100,prefix_100,0.000,12.156,0,100.000000,33655.000000,336.550000,95.691732,335.000000,499.050000,0.122787,0.105953,0.094733,0.313621,100.000000,0.000000,33655.000000,0.000000,8.226479,2768.621489,66.000000,1.515152,5.429476,0.000000
20260823_161649_voip_001_c01e_flow_00001,real_20260823_161649_voip_001_c01e,20260823_161649_voip_001_c01e,VoIP,env_win11_wifi,NORMAL,day_4,2026-08-23,batch_20260823_01,dev_win11_laptop,wifi,warp_enabled,voip_teams_voice,real,v2,20260823_161649_voip_001_c01e_flow_00001_prefix_100,prefix_100,0.000,13.189,0,100.000000,22037.000000,220.370000,70.824100,224.000000,329.200000,0.133222,0.120433,0.113810,0.411820,100.000000,0.000000,22037.000000,0.000000,7.582093,1670.865778,67.000000,1.492537,5.080002,0.000000
20260823_161758_voip_001_0549_flow_00000,real_20260823_161758_voip_001_0549,20260823_161758_voip_001_0549,VoIP,env_win11_wifi,NORMAL,day_4,2026-08-23,batch_20260823_01,dev_win11_laptop,wifi,warp_enabled,voip_meet_audio,real,v2,20260823_161758_voip_001_0549_flow_00000_prefix_100,prefix_100,0.000,18.292,0,100.000000,23600.000000,236.000000,81.652802,227.500000,357.000000,0.184768,0.195489,0.126096,0.583074,100.000000,0.000000,23600.000000,0.000000,5.466850,1290.176562,72.000000,1.388889,3.936132,0.000000
20260823_161758_voip_001_0549_flow_00001,real_20260823_161758_voip_001_0549,20260823_161758_voip_001_0549,VoIP,env_win11_wifi,NORMAL,day_4,2026-08-23,batch_20260823_01,dev_win11_laptop,wifi,warp_enabled,voip_meet_audio,real,v2,20260823_161758_voip_001_0549_flow_00001_prefix_100,prefix_100,0.000,17.200,0,100.000000,16020.000000,160.200000,55.826159,153.000000,260.000000,0.173740,0.177548,0.110768,0.521607,100.000000,0.000000,16020.000000,0.000000,5.813874,931.382646,72.000000,1.388889,4.185989,0.000000
20260823_161916_voip_001_7fd9_flow_00000,real_20260823_161916_voip_001_7fd9,20260823_161916_voip_001_7fd9,VoIP,env_win11_wifi,NORMAL,day_4,2026-08-23,batch_20260823_01,dev_win11_laptop,wifi,warp_enabled,voip_discord_voice,real,v2,20260823_161916_voip_001_7fd9_flow_00000_prefix_100,prefix_100,0.000,9.716,0,100.000000,44621.000000,446.210000,141.047034,471.000000,672.000000,0.098146,0.085668,0.077428,0.229743,100.000000,0.000000,44621.000000,0.000000,10.291846,4592.324578,64.000000,1.562500,6.586781,0.000000
20260823_161916_voip_001_7fd9_flow_00001,real_20260823_161916_voip_001_7fd9,20260823_161916_voip_001_7fd9,VoIP,env_win11_wifi,NORMAL,day_4,2026-08-23,batch_20260823_01,dev_win11_laptop,wifi,warp_enabled,voip_discord_voice,real,v2,20260823_161916_voip_001_7fd9_flow_00001_prefix_100,prefix_100,0.000,11.845,0,100.000000,19121.000000,191.210000,79.728953,192.000000,319.400000,0.119642,0.108039,0.086017,0.354746,100.000000,0.000000,19121.000000,0.000000,8.442672,1614.323303,71.000000,1.408451,5.994297,0.000000
20260823_162123_voip_001_51e2_flow_00000,real_20260823_162123_voip_001_51e2,20260823_162123_voip_001_51e2,VoIP,env_win11_wifi,NORMAL,day_4,2026-08-23,batch_20260823_01,dev_win11_laptop,wifi,warp_enabled,voip_discord_voice,real,v2,20260823_162123_voip_001_51e2_flow_00000_prefix_100,prefix_100,0.000,15.657,0,100.000000,26035.000000,260.350000,83.363466,260.500000,433.500000,0.158149,0.161226,0.097194,0.515481,100.000000,0.000000,26035.000000,0.000000,6.387033,1662.863961,73.000000,1.369863,4.662534,0.000000
20260823_162123_voip_001_51e2_flow_00001,real_20260823_162123_voip_001_51e2,20260823_162123_voip_001_51e2,VoIP,env_win11_wifi,NORMAL,day_4,2026-08-23,batch_20260823_01,dev_win11_laptop,wifi,warp_enabled,voip_discord_voice,real,v2,20260823_162123_voip_001_51e2_flow_00001_prefix_100,prefix_100,0.000,14.993,0,100.000000,26268.000000,262.680000,88.025778,266.500000,421.100000,0.151441,0.141007,0.120468,0.454068,100.000000,0.000000,26268.000000,0.000000,6.669948,1752.061836,72.000000,1.388889,4.802362,0.000000
20260823_162302_voip_001_6194_flow_00000,real_20260823_162302_voip_001_6194,20260823_162302_voip_001_6194,VoIP,env_win11_wifi,NORMAL,day_4,2026-08-23,batch_20260823_01,dev_win11_laptop,wifi,warp_enabled,voip_discord_voice,real,v2,20260823_162302_voip_001_6194_flow_00000_prefix_100,prefix_100,0.000,8.024,0,100.000000,41977.000000,419.770000,139.413691,435.500000,629.550000,0.081051,0.086052,0.062564,0.225954,100.000000,0.000000,41977.000000,0.000000,12.462588,5231.420631,55.000000,1.818182,6.854423,0.000000
20260823_162302_voip_001_6194_flow_00001,real_20260823_162302_voip_001_6194,20260823_162302_voip_001_6194,VoIP,env_win11_wifi,NORMAL,day_4,2026-08-23,batch_20260823_01,dev_win11_laptop,wifi,warp_enabled,voip_discord_voice,real,v2,20260823_162302_voip_001_6194_flow_00001_prefix_100,prefix_100,0.000,11.462,0,100.000000,22387.000000,223.870000,75.103749,231.500000,351.000000,0.115780,0.123472,0.071770,0.359971,100.000000,0.000000,22387.000000,0.000000,8.724345,1953.119103,59.000000,1.694915,5.147364,0.000000
20260823_162426_voip_001_9219_flow_00000,real_20260823_162426_voip_001_9219,20260823_162426_voip_001_9219,VoIP,env_win11_wifi,NORMAL,day_4,2026-08-23,batch_20260823_01,dev_win11_laptop,wifi,warp_enabled,voip_meet_audio,real,v2,20260823_162426_voip_001_9219_flow_00000_prefix_100,prefix_100,0.000,8.811,0,100.000000,21335.000000,213.350000,61.848747,219.500000,309.350000,0.089001,0.087044,0.055701,0.249572,100.000000,0.000000,21335.000000,0.000000,11.349383,2421.390961,55.000000,1.818182,6.242161,0.000000
20260823_162426_voip_001_9219_flow_00001,real_20260823_162426_voip_001_9219,20260823_162426_voip_001_9219,VoIP,env_win11_wifi,NORMAL,day_4,2026-08-23,batch_20260823_01,dev_win11_laptop,wifi,warp_enabled,voip_meet_audio,real,v2,20260823_162426_voip_001_9219_flow_00001_prefix_100,prefix_100,0.000,7.663,0,100.000000,33813.000000,338.130000,105.994496,342.500000,499.200000,0.077406,0.071548,0.047834,0.235819,100.000000,0.000000,33813.000000,0.000000,13.049472,4412.417968,49.000000,2.040816,6.394241,0.000000
20260823_162544_voip_001_9fd7_flow_00000,real_20260823_162544_voip_001_9fd7,20260823_162544_voip_001_9fd7,VoIP,env_win11_wifi,NORMAL,day_4,2026-08-23,batch_20260823_01,dev_win11_laptop,wifi,warp_enabled,voip_zoom_audio,real,v2,20260823_162544_voip_001_9fd7_flow_00000_prefix_100,prefix_100,0.000,13.412,0,100.000000,15550.000000,155.500000,50.470883,158.500000,230.250000,0.135476,0.136608,0.100368,0.368269,100.000000,0.000000,15550.000000,0.000000,7.455958,1159.401397,66.000000,1.515152,4.920932,0.000000
20260823_162544_voip_001_9fd7_flow_00001,real_20260823_162544_voip_001_9fd7,20260823_162544_voip_001_9fd7,VoIP,env_win11_wifi,NORMAL,day_4,2026-08-23,batch_20260823_01,dev_win11_laptop,wifi,warp_enabled,voip_zoom_audio,real,v2,20260823_162544_voip_001_9fd7_flow_00001_prefix_100,prefix_100,0.000,13.754,0,100.000000,30338.000000,303.380000,111.421253,298.500000,494.000000,0.138927,0.113916,0.108730,0.380567,100.000000,0.000000,30338.000000,0.000000,7.270725,2205.792660,76.000000,1.315789,5.525751,0.000000
20260823_162704_voip_001_571e_flow_00000,real_20260823_162704_voip_001_571e,20260823_162704_voip_001_571e,VoIP,env_win11_wifi,NORMAL,day_4,2026-08-23,batch_20260823_01,dev_win11_laptop,wifi,warp_enabled,voip_teams_voice,real,v2,20260823_162704_voip_001_571e_flow_00000_prefix_100,prefix_100,0.000,15.046,0,100.000000,26895.000000,268.950000,91.415795,260.500000,407.250000,0.151985,0.152226,0.103171,0.460333,100.000000,0.000000,26895.000000,0.000000,6.646078,1787.462622,78.000000,1.282051,5.183941,0.000000
20260823_162704_voip_001_571e_flow_00001,real_20260823_162704_voip_001_571e,20260823_162704_voip_001_571e,VoIP,env_win11_wifi,NORMAL,day_4,2026-08-23,batch_20260823_01,dev_win11_laptop,wifi,warp_enabled,voip_teams_voice,real,v2,20260823_162704_voip_001_571e_flow_00001_prefix_100,prefix_100,0.000,17.787,0,100.000000,17159.000000,171.590000,58.974417,167.000000,277.050000,0.179662,0.189535,0.120779,0.506240,100.000000,0.000000,17159.000000,0.000000,5.622227,964.717859,80.000000,1.250000,4.497781,0.000000
20260823_162946_file_transfer_001_5b75_flow_00000,real_20260823_162946_file_transfer_001_5b75,20260823_162946_file_transfer_001_5b75,File Transfer,env_win11_wifi,NORMAL,day_4,2026-08-23,batch_20260823_01,dev_win11_laptop,wifi,warp_enabled,ft_mega_download,real,v2,20260823_162946_file_transfer_001_5b75_flow_00000_prefix_100,prefix_100,0.000,12.143,0,100.000000,23856.000000,238.560000,86.249559,228.500000,372.100000,0.122660,0.111924,0.098291,0.328075,100.000000,0.000000,23856.000000,0.000000,8.234969,1964.534136,69.000000,1.449275,5.682128,0.000000
20260823_162946_file_transfer_001_5b75_flow_00001,real_20260823_162946_file_transfer_001_5b75,20260823_162946_file_transfer_001_5b75,File Transfer,env_win11_wifi,NORMAL,day_4,2026-08-23,batch_20260823_01,dev_win11_laptop,wifi,warp_enabled,ft_mega_download,real,v2,20260823_162946_file_transfer_001_5b75_flow_00001_prefix_100,prefix_100,0.000,12.640,0,100.000000,26620.000000,266.200000,96.545948,270.000000,417.050000,0.127682,0.129827,0.079042,0.375424,100.000000,0.000000,26620.000000,0.000000,7.911091,2105.932312,62.000000,1.612903,4.904876,0.000000
20260823_163126_file_transfer_001_bea6_flow_00000,real_20260823_163126_file_transfer_001_bea6,20260823_163126_file_transfer_001_bea6,File Transfer,env_win11_wifi,NORMAL,day_4,2026-08-23,batch_20260823_01,dev_win11_laptop,wifi,warp_enabled,ft_gdrive_upload,real,v2,20260823_163126_file_transfer_001_bea6_flow_00000_prefix_100,prefix_100,0.000,15.715,0,100.000000,23763.000000,237.630000,86.779451,218.000000,398.550000,0.158742,0.152863,0.104751,0.514428,100.000000,0.000000,23763.000000,0.000000,6.363176,1512.081472,75.000000,1.333333,4.772382,0.000000
20260823_163126_file_transfer_001_bea6_flow_00001,real_20260823_163126_file_transfer_001_bea6,20260823_163126_file_transfer_001_bea6,File Transfer,env_win11_wifi,NORMAL,day_4,2026-08-23,batch_20260823_01,dev_win11_laptop,wifi,warp_enabled,ft_gdrive_upload,real,v2,20260823_163126_file_transfer_001_bea6_flow_00001_prefix_100,prefix_100,0.000,19.348,0,100.000000,16730.000000,167.300000,53.540172,157.500000,248.350000,0.195434,0.194942,0.149368,0.521963,100.000000,0.000000,16730.000000,0.000000,5.168515,864.692552,80.000000,1.250000,4.134812,0.000000
20260823_163237_file_transfer_001_390f_flow_00000,real_20260823_163237_file_transfer_001_390f,20260823_163237_file_transfer_001_390f,File Transfer,env_win11_wifi,NORMAL,day_4,2026-08-23,batch_20260823_01,dev_win11_laptop,wifi,warp_enabled,ft_sftp_sync,real,v2,20260823_163237_file_transfer_001_390f_flow_00000_prefix_100,prefix_100,0.000,14.678,0,100.000000,22596.000000,225.960000,69.182645,224.000000,331.300000,0.148259,0.126685,0.108978,0.410391,100.000000,0.000000,22596.000000,0.000000,6.813094,1539.486775,76.000000,1.315789,5.177952,0.000000
20260823_163237_file_transfer_001_390f_flow_00001,real_20260823_163237_file_transfer_001_390f,20260823_163237_file_transfer_001_390f,File Transfer,env_win11_wifi,NORMAL,day_4,2026-08-23,batch_20260823_01,dev_win11_laptop,wifi,warp_enabled,ft_sftp_sync,real,v2,20260823_163237_file_transfer_001_390f_flow_00001_prefix_100,prefix_100,0.000,14.150,0,100.000000,25974.000000,259.740000,92.901089,268.000000,412.600000,0.142927,0.149814,0.089650,0.503854,100.000000,0.000000,25974.000000,0.000000,7.067240,1835.644985,73.000000,1.369863,5.159085,0.000000
20260823_163447_file_transfer_001_d03c_flow_00000,real_20260823_163447_file_transfer_001_d03c,20260823_163447_file_transfer_001_d03c,File Transfer,env_win11_wifi,NORMAL,day_4,2026-08-23,batch_20260823_01,dev_win11_laptop,wifi,warp_enabled,ft_gdrive_upload,real,v2,20260823_163447_file_transfer_001_d03c_flow_00000_prefix_100,prefix_100,0.000,9.955,0,100.000000,29092.000000,290.920000,90.949181,299.000000,426.050000,0.100554,0.115503,0.069039,0.248187,100.000000,0.000000,29092.000000,0.000000,10.045404,2922.408962,58.000000,1.724138,5.826334,0.000000
20260823_163447_file_transfer_001_d03c_flow_00001,real_20260823_163447_file_transfer_001_d03c,20260823_163447_file_transfer_001_d03c,File Transfer,env_win11_wifi,NORMAL,day_4,2026-08-23,batch_20260823_01,dev_win11_laptop,wifi,warp_enabled,ft_gdrive_upload,real,v2,20260823_163447_file_transfer_001_d03c_flow_00001_prefix_100,prefix_100,0.000,12.204,0,100.000000,19936.000000,199.360000,72.074201,197.000000,317.000000,0.123275,0.129068,0.090684,0.409368,100.000000,0.000000,19936.000000,0.000000,8.193863,1633.528479,68.000000,1.470588,5.571827,0.000000
20260823_163557_file_transfer_001_aa30_flow_00000,real_20260823_163557_file_transfer_001_aa30,20260823_163557_file_transfer_001_aa30,File Transfer,env_win11_wifi,NORMAL,day_4,2026-08-23,batch_20260823_01,dev_win11_laptop,wifi,warp_enabled,ft_onedrive_sync,real,v2,20260823_163557_file_transfer_001_aa30_flow_00000_prefix_100,prefix_100,0.000,14.969,0,100.000000,24791.000000,247.910000,81.193608,248.500000,376.200000,0.151206,0.131585,0.112632,0.370309,100.000000,0.000000,24791.000000,0.000000,6.680306,1656.114742,72.000000,1.388889,4.809821,0.000000
20260823_163557_file_transfer_001_aa30_flow_00001,real_20260823_163557_file_transfer_001_aa30,20260823_163557_file_transfer_001_aa30,File Transfer,env_win11_wifi,NORMAL,day_4,2026-08-23,batch_20260823_01,dev_win11_laptop,wifi,warp_enabled,ft_onedrive_sync,real,v2,20260823_163557_file_transfer_001_aa30_flow_00001_prefix_100,prefix_100,0.000,18.341,0,100.000000,15374.000000,153.740000,50.877818,150.000000,236.250000,0.185266,0.174255,0.123297,0.504881,100.000000,0.000000,15374.000000,0.000000,5.452181,838.218248,82.000000,1.219512,4.470788,0.000000
20260823_163704_file_transfer_001_2090_flow_00000,real_20260823_163704_file_transfer_001_2090,20260823_163704_file_transfer_001_2090,File Transfer,env_win11_wifi,NORMAL,day_4,2026-08-23,batch_20260823_01,dev_win11_laptop,wifi,warp_enabled,ft_onedrive_sync,real,v2,20260823_163704_file_transfer_001_2090_flow_00000_prefix_100,prefix_100,0.000,14.338,0,100.000000,26094.000000,260.940000,97.496340,256.000000,431.850000,0.144831,0.138520,0.096134,0.429386,100.000000,0.000000,26094.000000,0.000000,6.974334,1819.882664,74.000000,1.351351,5.161007,0.000000
20260823_163704_file_transfer_001_2090_flow_00001,real_20260823_163704_file_transfer_001_2090,20260823_163704_file_transfer_001_2090,File Transfer,env_win11_wifi,NORMAL,day_4,2026-08-23,batch_20260823_01,dev_win11_laptop,wifi,warp_enabled,ft_onedrive_sync,real,v2,20260823_163704_file_transfer_001_2090_flow_00001_prefix_100,prefix_100,0.000,16.344,0,100.000000,19772.000000,197.720000,71.766298,200.500000,315.200000,0.165092,0.176826,0.086464,0.549277,100.000000,0.000000,19772.000000,0.000000,6.118404,1209.730789,71.000000,1.408451,4.344067,0.000000
20260823_163829_file_transfer_001_a40b_flow_00000,real_20260823_163829_file_transfer_001_a40b,20260823_163829_file_transfer_001_a40b,File Transfer,env_win11_wifi,NORMAL,day_4,2026-08-23,batch_20260823_01,dev_win11_laptop,wifi,warp_enabled,ft_dropbox_download,real,v2,20260823_163829_file_transfer_001_a40b_flow_00000_prefix_100,prefix_100,0.000,11.076,0,100.000000,24146.000000,241.460000,70.293160,252.500000,348.400000,0.111878,0.134983,0.074972,0.294517,100.000000,0.000000,24146.000000,0.000000,9.028613,2180.048960,60.000000,1.666667,5.417168,0.000000
20260823_163829_file_transfer_001_a40b_flow_00001,real_20260823_163829_file_transfer_001_a40b,20260823_163829_file_transfer_001_a40b,File Transfer,env_win11_wifi,NORMAL,day_4,2026-08-23,batch_20260823_01,dev_win11_laptop,wifi,warp_enabled,ft_dropbox_download,real,v2,20260823_163829_file_transfer_001_a40b_flow_00001_prefix_100,prefix_100,0.000,9.535,0,100.000000,29571.000000,295.710000,98.117307,291.500000,439.200000,0.096314,0.094415,0.064396,0.317929,100.000000,0.000000,29571.000000,0.000000,10.487626,3101.295947,60.000000,1.666667,6.292576,0.000000
20260823_163936_file_transfer_001_3420_flow_00000,real_20260823_163936_file_transfer_001_3420,20260823_163936_file_transfer_001_3420,File Transfer,env_win11_wifi,NORMAL,day_4,2026-08-23,batch_20260823_01,dev_win11_laptop,wifi,warp_enabled,ft_onedrive_sync,real,v2,20260823_163936_file_transfer_001_3420_flow_00000_prefix_100,prefix_100,0.000,7.040,0,100.000000,39969.000000,399.690000,147.846319,409.000000,646.150000,0.071110,0.070228,0.050224,0.202789,100.000000,0.000000,39969.000000,0.000000,14.204717,5677.483218,51.000000,1.960784,7.244406,0.000000
20260823_163936_file_transfer_001_3420_flow_00001,real_20260823_163936_file_transfer_001_3420,20260823_163936_file_transfer_001_3420,File Transfer,env_win11_wifi,NORMAL,day_4,2026-08-23,batch_20260823_01,dev_win11_laptop,wifi,warp_enabled,ft_onedrive_sync,real,v2,20260823_163936_file_transfer_001_3420_flow_00001_prefix_100,prefix_100,0.000,8.767,0,100.000000,22311.000000,223.110000,68.635981,220.500000,353.150000,0.088557,0.079735,0.069042,0.274655,100.000000,0.000000,22311.000000,0.000000,11.406279,2544.855017,61.000000,1.639344,6.957830,0.000000
20260823_164056_file_transfer_001_1a06_flow_00000,real_20260823_164056_file_transfer_001_1a06,20260823_164056_file_transfer_001_1a06,File Transfer,env_win11_wifi,NORMAL,day_4,2026-08-23,batch_20260823_01,dev_win11_laptop,wifi,warp_enabled,ft_sftp_sync,real,v2,20260823_164056_file_transfer_001_1a06_flow_00000_prefix_100,prefix_100,0.000,13.852,0,100.000000,24174.000000,241.740000,70.029225,243.500000,353.050000,0.139914,0.146280,0.094596,0.409242,100.000000,0.000000,24174.000000,0.000000,7.219428,1745.224518,66.000000,1.515152,4.764822,0.000000
20260823_164056_file_transfer_001_1a06_flow_00001,real_20260823_164056_file_transfer_001_1a06,20260823_164056_file_transfer_001_1a06,File Transfer,env_win11_wifi,NORMAL,day_4,2026-08-23,batch_20260823_01,dev_win11_laptop,wifi,warp_enabled,ft_sftp_sync,real,v2,20260823_164056_file_transfer_001_1a06_flow_00001_prefix_100,prefix_100,0.000,13.503,0,100.000000,14790.000000,147.900000,45.030323,151.500000,211.150000,0.136391,0.142362,0.090923,0.401405,100.000000,0.000000,14790.000000,0.000000,7.405945,1095.339216,67.000000,1.492537,4.961983,0.000000
20260823_164203_file_transfer_001_0aa3_flow_00000,real_20260823_164203_file_transfer_001_0aa3,20260823_164203_file_transfer_001_0aa3,File Transfer,env_win11_wifi,NORMAL,day_4,2026-08-23,batch_20260823_01,dev_win11_laptop,wifi,warp_enabled,ft_mega_download,real,v2,20260823_164203_file_transfer_001_0aa3_flow_00000_prefix_100,prefix_100,0.000,15.418,0,100.000000,25316.000000,253.160000,82.786076,254.000000,386.500000,0.155735,0.163492,0.085397,0.500920,100.000000,0.000000,25316.000000,0.000000,6.486014,1641.999279,71.000000,1.408451,4.605070,0.000000
20260823_164203_file_transfer_001_0aa3_flow_00001,real_20260823_164203_file_transfer_001_0aa3,20260823_164203_file_transfer_001_0aa3,File Transfer,env_win11_wifi,NORMAL,day_4,2026-08-23,batch_20260823_01,dev_win11_laptop,wifi,warp_enabled,ft_mega_download,real,v2,20260823_164203_file_transfer_001_0aa3_flow_00001_prefix_100,prefix_100,0.000,18.114,0,100.000000,15816.000000,158.160000,54.545159,152.000000,256.350000,0.182966,0.162084,0.142071,0.514088,100.000000,0.000000,15816.000000,0.000000,5.520689,873.152124,85.000000,1.176471,4.692585,0.000000
20260823_164647_other_001_d4e4_flow_00000,real_20260823_164647_other_001_d4e4,20260823_164647_other_001_d4e4,Other,env_win11_wifi,NORMAL,day_4,2026-08-23,batch_20260823_01,dev_win11_laptop,wifi,warp_enabled,oth_idle_keepalive,real,v2,20260823_164647_other_001_d4e4_flow_00000_prefix_100,prefix_100,0.000,17.570,0,100.000000,21434.000000,214.340000,67.275437,206.000000,322.100000,0.177476,0.164672,0.124181,0.538029,100.000000,0.000000,21434.000000,0.000000,5.691474,1219.910611,87.000000,1.149425,4.951583,0.000000
20260823_164647_other_001_d4e4_flow_00001,real_20260823_164647_other_001_d4e4,20260823_164647_other_001_d4e4,Other,env_win11_wifi,NORMAL,day_4,2026-08-23,batch_20260823_01,dev_win11_laptop,wifi,warp_enabled,oth_idle_keepalive,real,v2,20260823_164647_other_001_d4e4_flow_00001_prefix_100,prefix_100,0.000,14.831,0,100.000000,26752.000000,267.520000,95.185974,268.500000,440.300000,0.149806,0.159438,0.095899,0.445307,100.000000,0.000000,26752.000000,0.000000,6.742749,1803.820236,72.000000,1.388889,4.854779,0.000000
20260823_164826_other_001_eac8_flow_00000,real_20260823_164826_other_001_eac8,20260823_164826_other_001_eac8,Other,env_win11_wifi,NORMAL,day_4,2026-08-23,batch_20260823_01,dev_win11_laptop,wifi,warp_enabled,oth_cloud_backup,real,v2,20260823_164826_other_001_eac8_flow_00000_prefix_100,prefix_100,0.000,16.288,0,100.000000,18582.000000,185.820000,68.173071,185.500000,305.250000,0.164524,0.147258,0.112105,0.441889,100.000000,0.000000,18582.000000,0.000000,6.139552,1140.851497,75.000000,1.333333,4.604664,0.000000
20260823_164826_other_001_eac8_flow_00001,real_20260823_164826_other_001_eac8,20260823_164826_other_001_eac8,Other,env_win11_wifi,NORMAL,day_4,2026-08-23,batch_20260823_01,dev_win11_laptop,wifi,warp_enabled,oth_cloud_backup,real,v2,20260823_164826_other_001_eac8_flow_00001_prefix_100,prefix_100,0.000,18.754,0,100.000000,26947.000000,269.470000,89.920682,268.500000,418.050000,0.189438,0.204249,0.137112,0.556553,100.000000,0.000000,26947.000000,0.000000,5.332096,1436.839855,73.000000,1.369863,3.892430,0.000000
20260823_164938_other_001_7ffe_flow_00000,real_20260823_164938_other_001_7ffe,20260823_164938_other_001_7ffe,Other,env_win11_wifi,NORMAL,day_4,2026-08-23,batch_20260823_01,dev_win11_laptop,wifi,warp_enabled,oth_dns_ntp_sync,real,v2,20260823_164938_other_001_7ffe_flow_00000_prefix_100,prefix_100,0.000,8.290,0,100.000000,36337.000000,363.370000,123.839223,373.500000,534.100000,0.083740,0.081385,0.064468,0.279658,100.000000,0.000000,36337.000000,0.000000,12.062334,4383.090470,55.000000,1.818182,6.634284,0.000000
20260823_164938_other_001_7ffe_flow_00001,real_20260823_164938_other_001_7ffe,20260823_164938_other_001_7ffe,Other,env_win11_wifi,NORMAL,day_4,2026-08-23,batch_20260823_01,dev_win11_laptop,wifi,warp_enabled,oth_dns_ntp_sync,real,v2,20260823_164938_other_001_7ffe_flow_00001_prefix_100,prefix_100,0.000,10.632,0,100.000000,28057.000000,280.570000,98.239631,277.500000,452.100000,0.107393,0.098433,0.075329,0.297310,100.000000,0.000000,28057.000000,0.000000,9.405657,2638.945187,64.000000,1.562500,6.019620,0.000000
20260823_165157_other_001_2876_flow_00000,real_20260823_165157_other_001_2876,20260823_165157_other_001_2876,Other,env_win11_wifi,NORMAL,day_4,2026-08-23,batch_20260823_01,dev_win11_laptop,wifi,warp_enabled,oth_os_update_check,real,v2,20260823_165157_other_001_2876_flow_00000_prefix_100,prefix_100,0.000,9.252,0,100.000000,53490.000000,534.900000,181.050352,526.000000,817.300000,0.093460,0.082737,0.065092,0.241849,100.000000,0.000000,53490.000000,0.000000,10.807897,5781.144285,61.000000,1.639344,6.592817,0.000000
20260823_165157_other_001_2876_flow_00001,real_20260823_165157_other_001_2876,20260823_165157_other_001_2876,Other,env_win11_wifi,NORMAL,day_4,2026-08-23,batch_20260823_01,dev_win11_laptop,wifi,warp_enabled,oth_os_update_check,real,v2,20260823_165157_other_001_2876_flow_00001_prefix_100,prefix_100,0.000,14.235,0,100.000000,27299.000000,272.990000,95.890719,264.000000,433.000000,0.143784,0.130247,0.116338,0.443883,100.000000,0.000000,27299.000000,0.000000,7.025145,1917.794341,73.000000,1.369863,5.128356,0.000000
20260823_165837_other_001_2277_flow_00000,real_20260823_165837_other_001_2277,20260823_165837_other_001_2277,Other,env_win11_wifi,NORMAL,day_4,2026-08-23,batch_20260823_01,dev_win11_laptop,wifi,warp_enabled,oth_dns_ntp_sync,real,v2,20260823_165837_other_001_2277_flow_00000_prefix_100,prefix_100,0.000,7.055,0,100.000000,44435.000000,444.350000,142.839937,459.000000,643.200000,0.071268,0.074601,0.046411,0.234881,100.000000,0.000000,44435.000000,0.000000,14.173340,6297.923827,49.000000,2.040816,6.944937,0.000000
20260823_165837_other_001_2277_flow_00001,real_20260823_165837_other_001_2277,20260823_165837_other_001_2277,Other,env_win11_wifi,NORMAL,day_4,2026-08-23,batch_20260823_01,dev_win11_laptop,wifi,warp_enabled,oth_dns_ntp_sync,real,v2,20260823_165837_other_001_2277_flow_00001_prefix_100,prefix_100,0.000,7.307,0,100.000000,31454.000000,314.540000,100.114876,311.000000,501.000000,0.073807,0.067543,0.051246,0.227327,100.000000,0.000000,31454.000000,0.000000,13.685621,4304.675165,52.000000,1.923077,7.116523,0.000000
20260823_170006_other_001_2088_flow_00000,real_20260823_170006_other_001_2088,20260823_170006_other_001_2088,Other,env_win11_wifi,NORMAL,day_4,2026-08-23,batch_20260823_01,dev_win11_laptop,wifi,warp_enabled,oth_cloud_backup,real,v2,20260823_170006_other_001_2088_flow_00000_prefix_100,prefix_100,0.000,11.398,0,100.000000,42762.000000,427.620000,146.851543,421.500000,688.050000,0.115129,0.104367,0.087361,0.348188,100.000000,0.000000,42762.000000,0.000000,8.773610,3751.771296,71.000000,1.408451,6.229263,0.000000
20260823_170006_other_001_2088_flow_00001,real_20260823_170006_other_001_2088,20260823_170006_other_001_2088,Other,env_win11_wifi,NORMAL,day_4,2026-08-23,batch_20260823_01,dev_win11_laptop,wifi,warp_enabled,oth_cloud_backup,real,v2,20260823_170006_other_001_2088_flow_00001_prefix_100,prefix_100,0.000,9.593,0,100.000000,37922.000000,379.220000,137.441666,380.000000,612.200000,0.096899,0.093810,0.067559,0.330908,100.000000,0.000000,37922.000000,0.000000,10.424271,3953.092195,62.000000,1.612903,6.463048,0.000000
20260823_170113_other_001_b130_flow_00000,real_20260823_170113_other_001_b130,20260823_170113_other_001_b130,Other,env_win11_wifi,NORMAL,day_4,2026-08-23,batch_20260823_01,dev_win11_laptop,wifi,warp_enabled,oth_dns_ntp_sync,real,v2,20260823_170113_other_001_b130_flow_00000_prefix_100,prefix_100,0.000,3.650,0,100.000000,53413.000000,534.130000,168.318131,539.000000,791.100000,0.036870,0.038754,0.026365,0.092371,100.000000,0.000000,53413.000000,0.000000,27.396596,14633.343924,26.000000,3.846154,7.123115,0.000000
20260823_170113_other_001_b130_flow_00001,real_20260823_170113_other_001_b130,20260823_170113_other_001_b130,Other,env_win11_wifi,NORMAL,day_4,2026-08-23,batch_20260823_01,dev_win11_laptop,wifi,warp_enabled,oth_dns_ntp_sync,real,v2,20260823_170113_other_001_b130_flow_00001_prefix_100,prefix_100,0.000,3.902,0,100.000000,47430.000000,474.300000,153.856329,473.500000,741.150000,0.039419,0.040581,0.026238,0.123471,100.000000,0.000000,47430.000000,0.000000,25.624607,12153.751215,25.000000,4.000000,6.406152,0.000000
20260823_170246_other_001_fe56_flow_00000,real_20260823_170246_other_001_fe56,20260823_170246_other_001_fe56,Other,env_win11_wifi,NORMAL,day_4,2026-08-23,batch_20260823_01,dev_win11_laptop,wifi,warp_enabled,oth_os_update_check,real,v2,20260823_170246_other_001_fe56_flow_00000_prefix_100,prefix_100,0.000,10.524,0,100.000000,24375.000000,243.750000,76.038329,248.500000,360.800000,0.106305,0.126957,0.070270,0.306822,100.000000,0.000000,24375.000000,0.000000,9.501883,2316.083860,62.000000,1.612903,5.891167,0.000000
20260823_170246_other_001_fe56_flow_00001,real_20260823_170246_other_001_fe56,20260823_170246_other_001_fe56,Other,env_win11_wifi,NORMAL,day_4,2026-08-23,batch_20260823_01,dev_win11_laptop,wifi,warp_enabled,oth_os_update_check,real,v2,20260823_170246_other_001_fe56_flow_00001_prefix_100,prefix_100,0.000,9.644,0,100.000000,23858.000000,238.580000,86.888570,236.000000,396.550000,0.097412,0.090538,0.064781,0.281925,100.000000,0.000000,23858.000000,0.000000,10.369320,2473.912256,60.000000,1.666667,6.221592,0.000000
20260823_170352_other_001_facf_flow_00000,real_20260823_170352_other_001_facf,20260823_170352_other_001_facf,Other,env_win11_wifi,NORMAL,day_4,2026-08-23,batch_20260823_01,dev_win11_laptop,wifi,warp_enabled,oth_cloud_backup,real,v2,20260823_170352_other_001_facf_flow_00000_prefix_100,prefix_100,0.000,10.572,0,100.000000,50977.000000,509.770000,171.823971,500.000000,804.750000,0.106789,0.095662,0.079491,0.278319,100.000000,0.000000,50977.000000,0.000000,9.458881,4821.853527,67.000000,1.492537,6.337450,0.000000
20260823_170352_other_001_facf_flow_00001,real_20260823_170352_other_001_facf,20260823_170352_other_001_facf,Other,env_win11_wifi,NORMAL,day_4,2026-08-23,batch_20260823_01,dev_win11_laptop,wifi,warp_enabled,oth_cloud_backup,real,v2,20260823_170352_other_001_facf_flow_00001_prefix_100,prefix_100,0.000,12.442,0,100.000000,25553.000000,255.530000,81.523304,258.500000,387.350000,0.125672,0.117592,0.096378,0.368578,100.000000,0.000000,25553.000000,0.000000,8.037598,2053.847356,63.000000,1.587302,5.063687,0.000000
20260823_170458_other_001_aa7d_flow_00000,real_20260823_170458_other_001_aa7d,20260823_170458_other_001_aa7d,Other,env_win11_wifi,NORMAL,day_4,2026-08-23,batch_20260823_01,dev_win11_laptop,wifi,warp_enabled,oth_cloud_backup,real,v2,20260823_170458_other_001_aa7d_flow_00000_prefix_100,prefix_100,0.000,3.164,0,100.000000,89252.000000,892.520000,336.134184,850.000000,1420.000000,0.031959,0.033906,0.021015,0.097425,100.000000,0.000000,89252.000000,0.000000,31.606608,28209.529351,20.000000,5.000000,6.321322,0.000000
20260823_170458_other_001_aa7d_flow_00001,real_20260823_170458_other_001_aa7d,20260823_170458_other_001_aa7d,Other,env_win11_wifi,NORMAL,day_4,2026-08-23,batch_20260823_01,dev_win11_laptop,wifi,warp_enabled,oth_cloud_backup,real,v2,20260823_170458_other_001_aa7d_flow_00001_prefix_100,prefix_100,0.000,6.621,0,100.000000,31895.000000,318.950000,128.423080,313.000000,532.450000,0.066877,0.062670,0.052638,0.209825,100.000000,0.000000,31895.000000,0.000000,15.103920,4817.395173,52.000000,1.923077,7.854038,0.000000
sess_20260820_web_061_flow_00000,real_sess_20260820_web_061,sess_20260820_web_061,Web,env_win11_wifi,NORMAL,day_1,2026-08-20,batch_20260820_01,dev_win11_laptop,wifi,warp_enabled,web_wikipedia,real,v2,sess_20260820_web_061_flow_00000_prefix_100,prefix_100,0.000,2.473,0,100.000000,23802.000000,238.020000,75.955642,232.000000,378.650000,0.024984,0.030115,0.016213,0.084422,100.000000,0.000000,23802.000000,0.000000,40.429769,9623.093559,14.000000,7.142857,5.660168,0.000000
sess_20260820_web_061_flow_00001,real_sess_20260820_web_061,sess_20260820_web_061,Web,env_win11_wifi,NORMAL,day_1,2026-08-20,batch_20260820_01,dev_win11_laptop,wifi,warp_enabled,web_wikipedia,real,v2,sess_20260820_web_061_flow_00001_prefix_100,prefix_100,0.000,3.013,0,100.000000,22698.000000,226.980000,89.809129,228.000000,365.000000,0.030437,0.027283,0.024041,0.094506,100.000000,0.000000,22698.000000,0.000000,33.186754,7532.729493,20.000000,5.000000,6.637351,0.000000
sess_20260820_web_062_flow_00000,real_sess_20260820_web_062,sess_20260820_web_062,Web,env_win11_wifi,LOW_BANDWIDTH,day_1,2026-08-20,batch_20260820_02,dev_win11_laptop,wifi,warp_enabled,web_news,real,v2,sess_20260820_web_062_flow_00000_prefix_100,prefix_100,0.000,3.661,0,100.000000,44674.000000,446.740000,154.214631,437.500000,713.600000,0.036982,0.038119,0.025011,0.106598,100.000000,0.000000,44674.000000,0.000000,27.313372,12201.975639,23.000000,4.347826,6.282075,0.000000
sess_20260820_web_062_flow_00001,real_sess_20260820_web_062,sess_20260820_web_062,Web,env_win11_wifi,LOW_BANDWIDTH,day_1,2026-08-20,batch_20260820_02,dev_win11_laptop,wifi,warp_enabled,web_news,real,v2,sess_20260820_web_062_flow_00001_prefix_100,prefix_100,0.000,2.460,0,100.000000,70284.000000,702.840000,223.678641,727.500000,1015.500000,0.024848,0.023899,0.017884,0.076060,100.000000,0.000000,70284.000000,0.000000,40.651915,28571.791906,17.000000,5.882353,6.910826,0.000000
sess_20260820_web_063_flow_00000,real_sess_20260820_web_063,sess_20260820_web_063,Web,env_win11_eth,NORMAL,day_1,2026-08-20,batch_20260820_03,dev_win11_desktop,ethernet,warp_disabled,web_ecommerce,real,v2,sess_20260820_web_063_flow_00000_prefix_100,prefix_100,0.000,10.580,0,100.000000,29207.000000,292.070000,104.665969,292.500000,460.150000,0.106867,0.110821,0.060623,0.324897,100.000000,0.000000,29207.000000,0.000000,9.451920,2760.622187,63.000000,1.587302,5.954709,0.000000
sess_20260820_web_063_flow_00001,real_sess_20260820_web_063,sess_20260820_web_063,Web,env_win11_eth,NORMAL,day_1,2026-08-20,batch_20260820_03,dev_win11_desktop,ethernet,warp_disabled,web_ecommerce,real,v2,sess_20260820_web_063_flow_00001_prefix_100,prefix_100,0.000,10.339,0,100.000000,28795.000000,287.950000,89.079445,296.500000,438.050000,0.104433,0.104483,0.066435,0.334909,100.000000,0.000000,28795.000000,0.000000,9.672248,2785.123937,60.000000,1.666667,5.803349,0.000000
sess_20260820_web_064_flow_00000,real_sess_20260820_web_064,sess_20260820_web_064,Web,env_win11_eth,HIGH_LATENCY,day_1,2026-08-20,batch_20260820_04,dev_win11_desktop,ethernet,warp_enabled,web_github_docs,real,v2,sess_20260820_web_064_flow_00000_prefix_100,prefix_100,0.000,38.724,0,100.000000,20970.000000,209.700000,65.597637,222.000000,295.050000,0.391149,0.541788,0.237211,1.295434,100.000000,0.000000,20970.000000,0.000000,2.582394,541.528126,85.000000,1.176471,2.195035,0.000000
sess_20260820_web_064_flow_00001,real_sess_20260820_web_064,sess_20260820_web_064,Web,env_win11_eth,HIGH_LATENCY,day_1,2026-08-20,batch_20260820_04,dev_win11_desktop,ethernet,warp_enabled,web_github_docs,real,v2,sess_20260820_web_064_flow_00001_prefix_100,prefix_100,0.000,36.289,0,100.000000,25213.000000,252.130000,76.505510,260.000000,362.800000,0.366551,0.388678,0.237347,1.112450,100.000000,0.000000,25213.000000,0.000000,2.755691,694.792408,83.000000,1.204819,2.287224,0.000000
sess_20260821_web_065_flow_00000,real_sess_20260821_web_065,sess_20260821_web_065,Web,env_win11_wifi,NORMAL,day_2,2026-08-21,batch_20260821_01,dev_win11_laptop,wifi,warp_enabled,web_tech_blogs,real,v2,sess_20260821_web_065_flow_00000_prefix_100,prefix_100,0.000,10.867,0,100.000000,24654.000000,246.540000,91.474523,243.000000,386.600000,0.109765,0.118101,0.078435,0.326060,100.000000,0.000000,24654.000000,0.000000,9.202378,2268.754150,65.000000,1.538462,5.981545,0.000000
sess_20260821_web_065_flow_00001,real_sess_20260821_web_065,sess_20260821_web_065,Web,env_win11_wifi,NORMAL,day_2,2026-08-21,batch_20260821_01,dev_win11_laptop,wifi,warp_enabled,web_tech_blogs,real,v2,sess_20260821_web_065_flow_00001_prefix_100,prefix_100,0.000,7.422,0,100.000000,26579.000000,265.790000,89.360651,258.500000,399.850000,0.074971,0.079123,0.055930,0.233496,100.000000,0.000000,26579.000000,0.000000,13.473148,3581.028132,55.000000,1.818182,7.410232,0.000000
sess_20260821_web_066_flow_00000,real_sess_20260821_web_066,sess_20260821_web_066,Web,env_win11_wifi,HIGH_LATENCY,day_2,2026-08-21,batch_20260821_02,dev_win11_laptop,wifi,warp_enabled,web_wikipedia,real,v2,sess_20260821_web_066_flow_00000_prefix_100,prefix_100,0.000,16.906,0,100.000000,52895.000000,528.950000,208.462149,537.500000,850.450000,0.170765,0.181281,0.097698,0.517898,100.000000,0.000000,52895.000000,0.000000,5.915153,3128.820015,70.000000,1.428571,4.140607,0.000000
sess_20260821_web_066_flow_00001,real_sess_20260821_web_066,sess_20260821_web_066,Web,env_win11_wifi,HIGH_LATENCY,day_2,2026-08-21,batch_20260821_02,dev_win11_laptop,wifi,warp_enabled,web_wikipedia,real,v2,sess_20260821_web_066_flow_00001_prefix_100,prefix_100,0.000,25.491,0,100.000000,53303.000000,533.030000,203.195249,531.000000,854.500000,0.257481,0.250392,0.179516,0.626971,100.000000,0.000000,53303.000000,0.000000,3.923008,2091.081200,83.000000,1.204819,3.256097,0.000000
sess_20260821_web_067_flow_00000,real_sess_20260821_web_067,sess_20260821_web_067,Web,env_win11_cellular,NORMAL,day_2,2026-08-21,batch_20260821_03,dev_win11_laptop,cellular,warp_disabled,web_news,real,v2,sess_20260821_web_067_flow_00000_prefix_100,prefix_100,0.000,3.598,0,100.000000,32908.000000,329.080000,109.539735,333.500000,520.100000,0.036340,0.039051,0.018637,0.111224,100.000000,0.000000,32908.000000,0.000000,27.795751,9147.025686,29.000000,3.448276,8.060768,0.000000
sess_20260821_web_067_flow_00001,real_sess_20260821_web_067,sess_20260821_web_067,Web,env_win11_cellular,NORMAL,day_2,2026-08-21,batch_20260821_03,dev_win11_laptop,cellular,warp_disabled,web_news,real,v2,sess_20260821_web_067_flow_00001_prefix_100,prefix_100,0.000,3.471,0,100.000000,31913.000000,319.130000,118.341341,315.000000,494.900000,0.035058,0.032909,0.023694,0.092311,100.000000,0.000000,31913.000000,0.000000,28.812571,9194.955697,32.000000,3.125000,9.220023,0.000000
sess_20260821_web_068_flow_00000,real_sess_20260821_web_068,sess_20260821_web_068,Web,env_win11_cellular,LOW_BANDWIDTH,day_2,2026-08-21,batch_20260821_04,dev_win11_laptop,cellular,warp_enabled,web_ecommerce,real,v2,sess_20260821_web_068_flow_00000_prefix_100,prefix_100,0.000,7.836,0,100.000000,13052.000000,130.520000,40.848373,138.000000,194.000000,0.079155,0.082552,0.043702,0.250878,100.000000,0.000000,13052.000000,0.000000,12.761099,1665.578706,42.000000,2.380952,5.359662,0.000000
sess_20260821_web_068_flow_00001,real_sess_20260821_web_068,sess_20260821_web_068,Web,env_win11_cellular,LOW_BANDWIDTH,day_2,2026-08-21,batch_20260821_04,dev_win11_laptop,cellular,warp_enabled,web_ecommerce,real,v2,sess_20260821_web_068_flow_00001_prefix_100,prefix_100,0.000,6.931,0,100.000000,20138.000000,201.380000,64.800583,193.000000,299.300000,0.070013,0.067992,0.046925,0.201016,100.000000,0.000000,20138.000000,0.000000,14.427308,2905.371265,49.000000,2.040816,7.069381,0.000000
sess_20260822_web_069_flow_00000,real_sess_20260822_web_069,sess_20260822_web_069,Web,env_win11_eth,NORMAL,day_3,2026-08-22,batch_20260822_01,dev_win11_desktop,ethernet,warp_enabled,web_github_docs,real,v2,sess_20260822_web_069_flow_00000_prefix_100,prefix_100,0.000,2.745,0,100.000000,83395.000000,833.950000,300.705716,852.500000,1296.400000,0.027723,0.027702,0.018806,0.095349,100.000000,0.000000,83395.000000,0.000000,36.434965,30384.939463,16.000000,6.250000,5.829594,0.000000
sess_20260822_web_069_flow_00001,real_sess_20260822_web_069,sess_20260822_web_069,Web,env_win11_eth,NORMAL,day_3,2026-08-22,batch_20260822_01,dev_win11_desktop,ethernet,warp_enabled,web_github_docs,real,v2,sess_20260822_web_069_flow_00001_prefix_100,prefix_100,0.000,3.001,0,100.000000,83834.000000,838.340000,265.656930,827.500000,1260.250000,0.030311,0.030347,0.019676,0.092176,100.000000,0.000000,83834.000000,0.000000,33.324639,27937.378150,21.000000,4.761905,6.998174,0.000000
sess_20260822_web_070_flow_00000,real_sess_20260822_web_070,sess_20260822_web_070,Web,env_win11_eth,PACKET_LOSS,day_3,2026-08-22,batch_20260822_02,dev_win11_desktop,ethernet,warp_enabled,web_tech_blogs,real,v2,sess_20260822_web_070_flow_00000_prefix_100,prefix_100,0.000,3.629,0,100.000000,25905.000000,259.050000,83.715037,266.500000,396.300000,0.036659,0.040603,0.025578,0.098089,100.000000,0.000000,25905.000000,0.000000,27.554145,7137.901282,27.000000,3.703704,7.439619,0.000000
sess_20260822_web_070_flow_00001,real_sess_20260822_web_070,sess_20260822_web_070,Web,env_win11_eth,PACKET_LOSS,day_3,2026-08-22,batch_20260822_02,dev_win11_desktop,ethernet,warp_enabled,web_tech_blogs,real,v2,sess_20260822_web_070_flow_00001_prefix_100,prefix_100,0.000,4.356,0,100.000000,22570.000000,225.700000,80.580829,224.500000,349.350000,0.043996,0.042205,0.027179,0.130562,100.000000,0.000000,22570.000000,0.000000,22.958808,5181.803069,36.000000,2.777778,8.265171,0.000000
sess_20260822_web_071_flow_00000,real_sess_20260822_web_071,sess_20260822_web_071,Web,env_win11_cellular,HIGH_LATENCY,day_3,2026-08-22,batch_20260822_03,dev_win11_laptop,cellular,warp_enabled,web_wikipedia,real,v2,sess_20260822_web_071_flow_00000_prefix_100,prefix_100,0.000,29.668,0,100.000000,18893.000000,188.930000,62.418948,187.500000,279.300000,0.299674,0.265608,0.214712,0.890390,100.000000,0.000000,18893.000000,0.000000,3.370663,636.819418,88.000000,1.136364,2.966184,0.000000
sess_20260822_web_071_flow_00001,real_sess_20260822_web_071,sess_20260822_web_071,Web,env_win11_cellular,HIGH_LATENCY,day_3,2026-08-22,batch_20260822_03,dev_win11_laptop,cellular,warp_enabled,web_wikipedia,real,v2,sess_20260822_web_071_flow_00001_prefix_100,prefix_100,0.000,28.678,0,100.000000,20536.000000,205.360000,65.341491,200.500000,311.050000,0.289679,0.249929,0.244677,0.813687,100.000000,0.000000,20536.000000,0.000000,3.486964,716.082973,91.000000,1.098901,3.173137,0.000000
sess_20260822_web_072_flow_00000,real_sess_20260822_web_072,sess_20260822_web_072,Web,env_win11_cellular,NORMAL,day_3,2026-08-22,batch_20260822_04,dev_win11_laptop,cellular,warp_disabled,web_news,real,v2,sess_20260822_web_072_flow_00000_prefix_100,prefix_100,0.000,13.600,0,100.000000,31093.000000,310.930000,102.346495,314.500000,466.400000,0.137374,0.129972,0.090976,0.428182,100.000000,0.000000,31093.000000,0.000000,7.352950,2286.252668,66.000000,1.515152,4.852947,0.000000
sess_20260822_web_072_flow_00001,real_sess_20260822_web_072,sess_20260822_web_072,Web,env_win11_cellular,NORMAL,day_3,2026-08-22,batch_20260822_04,dev_win11_laptop,cellular,warp_disabled,web_news,real,v2,sess_20260822_web_072_flow_00001_prefix_100,prefix_100,0.000,11.197,0,100.000000,30582.000000,305.820000,92.961753,300.000000,436.800000,0.113106,0.118390,0.069760,0.373258,100.000000,0.000000,30582.000000,0.000000,8.930585,2731.151520,59.000000,1.694915,5.269045,0.000000
sess_20260823_web_073_flow_00000,real_sess_20260823_web_073,sess_20260823_web_073,Web,env_win11_wifi,LOW_BANDWIDTH,day_4,2026-08-23,batch_20260823_02,dev_win11_laptop,wifi,warp_enabled,web_ecommerce,real,v2,sess_20260823_web_073_flow_00000_prefix_100,prefix_100,0.000,16.822,0,100.000000,10267.000000,102.670000,35.748582,99.500000,157.200000,0.169922,0.156577,0.110017,0.507196,100.000000,0.000000,10267.000000,0.000000,5.944508,610.322633,73.000000,1.369863,4.339491,0.000000
sess_20260823_web_073_flow_00001,real_sess_20260823_web_073,sess_20260823_web_073,Web,env_win11_wifi,LOW_BANDWIDTH,day_4,2026-08-23,batch_20260823_02,dev_win11_laptop,wifi,warp_enabled,web_ecommerce,real,v2,sess_20260823_web_073_flow_00001_prefix_100,prefix_100,0.000,22.460,0,100.000000,9611.000000,96.110000,32.721826,96.500000,151.200000,0.226867,0.256395,0.142309,0.609529,100.000000,0.000000,9611.000000,0.000000,4.452383,427.918569,80.000000,1.250000,3.561907,0.000000
sess_20260823_web_074_flow_00000,real_sess_20260823_web_074,sess_20260823_web_074,Web,env_win11_eth,LOW_BANDWIDTH,day_4,2026-08-23,batch_20260823_03,dev_win11_desktop,ethernet,warp_enabled,web_github_docs,real,v2,sess_20260823_web_074_flow_00000_prefix_100,prefix_100,0.000,16.334,0,100.000000,11163.000000,111.630000,42.202525,113.000000,178.500000,0.164987,0.170286,0.107820,0.455004,100.000000,0.000000,11163.000000,0.000000,6.122301,683.432508,68.000000,1.470588,4.163165,0.000000
sess_20260823_web_074_flow_00001,real_sess_20260823_web_074,sess_20260823_web_074,Web,env_win11_eth,LOW_BANDWIDTH,day_4,2026-08-23,batch_20260823_03,dev_win11_desktop,ethernet,warp_enabled,web_github_docs,real,v2,sess_20260823_web_074_flow_00001_prefix_100,prefix_100,0.000,20.529,0,100.000000,8620.000000,86.200000,29.047203,85.000000,136.150000,0.207366,0.192080,0.161999,0.561271,100.000000,0.000000,8620.000000,0.000000,4.871109,419.889584,78.000000,1.282051,3.799465,0.000000
sess_20260823_web_075_flow_00000,real_sess_20260823_web_075,sess_20260823_web_075,Web,env_win11_cellular,NORMAL,day_4,2026-08-23,batch_20260823_04,dev_win11_laptop,cellular,warp_enabled,web_tech_blogs,real,v2,sess_20260823_web_075_flow_00000_prefix_100,prefix_100,0.000,12.094,0,100.000000,23282.000000,232.820000,90.677492,225.500000,400.300000,0.122160,0.103940,0.089271,0.319393,100.000000,0.000000,23282.000000,0.000000,8.268706,1925.120052,70.000000,1.428571,5.788094,0.000000
sess_20260823_web_075_flow_00001,real_sess_20260823_web_075,sess_20260823_web_075,Web,env_win11_cellular,NORMAL,day_4,2026-08-23,batch_20260823_04,dev_win11_laptop,cellular,warp_enabled,web_tech_blogs,real,v2,sess_20260823_web_075_flow_00001_prefix_100,prefix_100,0.000,12.474,0,100.000000,24139.000000,241.390000,92.685047,242.500000,404.000000,0.125996,0.118946,0.087647,0.302108,100.000000,0.000000,24139.000000,0.000000,8.016950,1935.211516,71.000000,1.408451,5.692034,0.000000
sess_20260820_video_076_flow_00000,real_sess_20260820_video_076,sess_20260820_video_076,Video,env_win11_wifi,NORMAL,day_1,2026-08-20,batch_20260820_01,dev_win11_laptop,wifi,warp_enabled,vid_youtube_1080p,real,v2,sess_20260820_video_076_flow_00000_prefix_100,prefix_100,0.000,0.426,0,100.000000,115190.000000,1151.900000,300.679813,1240.000000,1420.000000,0.004301,0.004344,0.002647,0.012371,100.000000,0.000000,115190.000000,0.000000,234.878567,270556.621748,1.000000,100.000000,2.348786,0.000000
sess_20260820_video_076_flow_00001,real_sess_20260820_video_076,sess_20260820_video_076,Video,env_win11_wifi,NORMAL,day_1,2026-08-20,batch_20260820_01,dev_win11_laptop,wifi,warp_enabled,vid_youtube_1080p,real,v2,sess_20260820_video_076_flow_00001_prefix_100,prefix_100,0.000,0.423,0,100.000000,115260.000000,1152.600000,278.577530,1210.500000,1420.000000,0.004269,0.004176,0.002963,0.012652,100.000000,0.000000,115260.000000,0.000000,236.625988,272735.113857,1.000000,100.000000,2.366260,0.000000
sess_20260820_video_077_flow_00000,real_sess_20260820_video_077,sess_20260820_video_077,Video,env_win11_wifi,LOW_BANDWIDTH,day_1,2026-08-20,batch_20260820_02,dev_win11_laptop,wifi,warp_enabled,vid_vimeo_720p,real,v2,sess_20260820_video_077_flow_00000_prefix_100,prefix_100,0.000,3.863,0,100.000000,12327.000000,123.270000,37.615650,120.000000,185.250000,0.039018,0.036716,0.030187,0.124525,100.000000,0.000000,12327.000000,0.000000,25.888237,3191.242914,32.000000,3.125000,8.284236,0.000000
sess_20260820_video_077_flow_00001,real_sess_20260820_video_077,sess_20260820_video_077,Video,env_win11_wifi,LOW_BANDWIDTH,day_1,2026-08-20,batch_20260820_02,dev_win11_laptop,wifi,warp_enabled,vid_vimeo_720p,real,v2,sess_20260820_video_077_flow_00001_prefix_100,prefix_100,0.000,4.390,0,100.000000,9671.000000,96.710000,30.197780,98.000000,144.150000,0.044347,0.035954,0.037799,0.126082,100.000000,0.000000,9671.000000,0.000000,22.777156,2202.778801,32.000000,3.125000,7.288690,0.000000
sess_20260820_video_078_flow_00000,real_sess_20260820_video_078,sess_20260820_video_078,Video,env_win11_eth,NORMAL,day_1,2026-08-20,batch_20260820_03,dev_win11_desktop,ethernet,warp_disabled,vid_twitch_live,real,v2,sess_20260820_video_078_flow_00000_prefix_100,prefix_100,0.000,1.430,0,100.000000,107644.000000,1076.440000,317.113113,1113.500000,1420.000000,0.014444,0.014969,0.008895,0.043014,100.000000,0.000000,107644.000000,0.000000,69.931591,75277.161420,6.000000,16.666667,4.195895,0.000000
sess_20260820_video_078_flow_00001,real_sess_20260820_video_078,sess_20260820_video_078,Video,env_win11_eth,NORMAL,day_1,2026-08-20,batch_20260820_03,dev_win11_desktop,ethernet,warp_disabled,vid_twitch_live,real,v2,sess_20260820_video_078_flow_00001_prefix_100,prefix_100,0.000,1.393,0,100.000000,109031.000000,1090.310000,312.445185,1137.000000,1420.000000,0.014068,0.013129,0.011055,0.034768,100.000000,0.000000,109031.000000,0.000000,71.799402,78283.605851,2.000000,50.000000,1.435988,0.000000
sess_20260820_video_079_flow_00000,real_sess_20260820_video_079,sess_20260820_video_079,Video,env_win11_eth,HIGH_LATENCY,day_1,2026-08-20,batch_20260820_04,dev_win11_desktop,ethernet,warp_enabled,vid_dailymotion_sd,real,v2,sess_20260820_video_079_flow_00000_prefix_100,prefix_100,0.000,13.058,0,100.000000,23039.000000,230.390000,86.324144,226.000000,384.050000,0.131895,0.132858,0.087337,0.372006,100.000000,0.000000,23039.000000,0.000000,7.658346,1764.406424,68.000000,1.470588,5.207676,0.000000
sess_20260820_video_079_flow_00001,real_sess_20260820_video_079,sess_20260820_video_079,Video,env_win11_eth,HIGH_LATENCY,day_1,2026-08-20,batch_20260820_04,dev_win11_desktop,ethernet,warp_enabled,vid_dailymotion_sd,real,v2,sess_20260820_video_079_flow_00001_prefix_100,prefix_100,0.000,20.429,0,100.000000,25085.000000,250.850000,81.930870,249.500000,366.300000,0.206352,0.237404,0.147895,0.607928,100.000000,0.000000,25085.000000,0.000000,4.895039,1227.920517,75.000000,1.333333,3.671279,0.000000
sess_20260821_video_080_flow_00000,real_sess_20260821_video_080,sess_20260821_video_080,Video,env_win11_wifi,NORMAL,day_2,2026-08-21,batch_20260821_01,dev_win11_laptop,wifi,warp_enabled,vid_netflix_4k,real,v2,sess_20260821_video_080_flow_00000_prefix_100,prefix_100,0.000,0.737,0,100.000000,77119.000000,771.190000,251.186572,787.000000,1195.850000,0.007448,0.006765,0.005815,0.021148,100.000000,0.000000,77119.000000,0.000000,135.618157,104587.366311,1.000000,100.000000,1.356182,0.000000
sess_20260821_video_080_flow_00001,real_sess_20260821_video_080,sess_20260821_video_080,Video,env_win11_wifi,NORMAL,day_2,2026-08-21,batch_20260821_01,dev_win11_laptop,wifi,warp_enabled,vid_netflix_4k,real,v2,sess_20260821_video_080_flow_00001_prefix_100,prefix_100,0.000,0.680,0,100.000000,78979.000000,789.790000,231.808770,813.000000,1173.900000,0.006872,0.007599,0.004244,0.019386,100.000000,0.000000,78979.000000,0.000000,146.992219,116092.984837,1.000000,100.000000,1.469922,0.000000
sess_20260821_video_081_flow_00000,real_sess_20260821_video_081,sess_20260821_video_081,Video,env_win11_wifi,HIGH_LATENCY,day_2,2026-08-21,batch_20260821_02,dev_win11_laptop,wifi,warp_enabled,vid_youtube_1080p,real,v2,sess_20260821_video_081_flow_00000_prefix_100,prefix_100,0.000,2.052,0,100.000000,100668.000000,1006.680000,300.117973,1056.500000,1420.000000,0.020728,0.018038,0.013969,0.052239,100.000000,0.000000,100668.000000,0.000000,48.731552,49057.078558,9.000000,11.111111,4.385840,0.000000
sess_20260821_video_081_flow_00001,real_sess_20260821_video_081,sess_20260821_video_081,Video,env_win11_wifi,HIGH_LATENCY,day_2,2026-08-21,batch_20260821_02,dev_win11_laptop,wifi,warp_enabled,vid_youtube_1080p,real,v2,sess_20260821_video_081_flow_00001_prefix_100,prefix_100,0.000,2.570,0,100.000000,105667.000000,1056.670000,296.804550,1090.500000,1420.000000,0.025962,0.023584,0.019486,0.073062,100.000000,0.000000,105667.000000,0.000000,38.906391,41111.216096,15.000000,6.666667,5.835959,0.000000
sess_20260821_video_082_flow_00000,real_sess_20260821_video_082,sess_20260821_video_082,Video,env_win11_cellular,NORMAL,day_2,2026-08-21,batch_20260821_03,dev_win11_laptop,cellular,warp_disabled,vid_vimeo_720p,real,v2,sess_20260821_video_082_flow_00000_prefix_100,prefix_100,0.000,6.948,0,100.000000,80281.000000,802.810000,296.431061,813.500000,1298.350000,0.070178,0.075848,0.047387,0.187951,100.000000,0.000000,80281.000000,0.000000,14.393359,11555.132930,47.000000,2.127660,6.764879,0.000000
sess_20260821_video_082_flow_00001,real_sess_20260821_video_082,sess_20260821_video_082,Video,env_win11_cellular,NORMAL,day_2,2026-08-21,batch_20260821_03,dev_win11_laptop,cellular,warp_disabled,vid_vimeo_720p,real,v2,sess_20260821_video_082_flow_00001_prefix_100,prefix_100,0.000,6.271,0,100.000000,81887.000000,818.870000,272.151820,839.000000,1242.300000,0.063339,0.059435,0.041178,0.195463,100.000000,0.000000,81887.000000,0.000000,15.947417,13058.861339,44.000000,2.272727,7.016863,0.000000
sess_20260821_video_083_flow_00000,real_sess_20260821_video_083,sess_20260821_video_083,Video,env_win11_cellular,LOW_BANDWIDTH,day_2,2026-08-21,batch_20260821_04,dev_win11_laptop,cellular,warp_enabled,vid_twitch_live,real,v2,sess_20260821_video_083_flow_00000_prefix_100,prefix_100,0.000,16.968,0,100.000000,7490.000000,74.900000,22.925314,72.000000,114.250000,0.171397,0.170008,0.131254,0.538544,100.000000,0.000000,7490.000000,0.000000,5.893338,441.411025,81.000000,1.234568,4.773604,0.000000
sess_20260821_video_083_flow_00001,real_sess_20260821_video_083,sess_20260821_video_083,Video,env_win11_cellular,LOW_BANDWIDTH,day_2,2026-08-21,batch_20260821_04,dev_win11_laptop,cellular,warp_enabled,vid_twitch_live,real,v2,sess_20260821_video_083_flow_00001_prefix_100,prefix_100,0.000,25.031,0,100.000000,12885.000000,128.850000,40.995213,127.500000,210.150000,0.252841,0.287249,0.134360,0.992281,100.000000,0.000000,12885.000000,0.000000,3.995008,514.756739,75.000000,1.333333,2.996256,0.000000
sess_20260822_video_084_flow_00000,real_sess_20260822_video_084,sess_20260822_video_084,Video,env_win11_eth,NORMAL,day_3,2026-08-22,batch_20260822_01,dev_win11_desktop,ethernet,warp_enabled,vid_dailymotion_sd,real,v2,sess_20260822_video_084_flow_00000_prefix_100,prefix_100,0.000,0.493,0,100.000000,111103.000000,1111.030000,313.514161,1145.000000,1420.000000,0.004983,0.004041,0.003611,0.013725,100.000000,0.000000,111103.000000,0.000000,202.700799,225206.668856,1.000000,100.000000,2.027008,0.000000
sess_20260822_video_084_flow_00001,real_sess_20260822_video_084,sess_20260822_video_084,Video,env_win11_eth,NORMAL,day_3,2026-08-22,batch_20260822_01,dev_win11_desktop,ethernet,warp_enabled,vid_dailymotion_sd,real,v2,sess_20260822_video_084_flow_00001_prefix_100,prefix_100,0.000,0.490,0,100.000000,108112.000000,1081.120000,362.121645,1156.500000,1420.000000,0.004954,0.005086,0.003399,0.013248,100.000000,0.000000,108112.000000,0.000000,203.885337,220424.515481,1.000000,100.000000,2.038853,0.000000
sess_20260822_video_085_flow_00000,real_sess_20260822_video_085,sess_20260822_video_085,Video,env_win11_eth,PACKET_LOSS,day_3,2026-08-22,batch_20260822_02,dev_win11_desktop,ethernet,warp_enabled,vid_netflix_4k,real,v2,sess_20260822_video_085_flow_00000_prefix_100,prefix_100,0.000,2.457,0,100.000000,25120.000000,251.200000,80.417535,248.500000,397.150000,0.024819,0.025081,0.016085,0.068124,100.000000,0.000000,25120.000000,0.000000,40.698900,10223.563724,18.000000,5.555556,7.325802,0.000000
sess_20260822_video_085_flow_00001,real_sess_20260822_video_085,sess_20260822_video_085,Video,env_win11_eth,PACKET_LOSS,day_3,2026-08-22,batch_20260822_02,dev_win11_desktop,ethernet,warp_enabled,vid_netflix_4k,real,v2,sess_20260822_video_085_flow_00001_prefix_100,prefix_100,0.000,2.167,0,100.000000,26411.000000,264.110000,96.133022,263.500000,408.150000,0.021888,0.021437,0.015534,0.059295,100.000000,0.000000,26411.000000,0.000000,46.147591,12188.040355,12.000000,8.333333,5.537711,0.000000
sess_20260822_video_086_flow_00000,real_sess_20260822_video_086,sess_20260822_video_086,Video,env_win11_cellular,HIGH_LATENCY,day_3,2026-08-22,batch_20260822_03,dev_win11_laptop,cellular,warp_enabled,vid_youtube_1080p,real,v2,sess_20260822_video_086_flow_00000_prefix_100,prefix_100,0.000,1.379,0,100.000000,115431.000000,1154.310000,316.248374,1278.000000,1420.000000,0.013934,0.012830,0.010313,0.040332,100.000000,0.000000,115431.000000,0.000000,72.493750,83680.260372,2.000000,50.000000,1.449875,0.000000
sess_20260822_video_086_flow_00001,real_sess_20260822_video_086,sess_20260822_video_086,Video,env_win11_cellular,HIGH_LATENCY,day_3,2026-08-22,batch_20260822_03,dev_win11_laptop,cellular,warp_enabled,vid_youtube_1080p,real,v2,sess_20260822_video_086_flow_00001_prefix_100,prefix_100,0.000,1.325,0,100.000000,113337.000000,1133.370000,341.699917,1258.500000,1420.000000,0.013387,0.014819,0.007999,0.039565,100.000000,0.000000,113337.000000,0.000000,75.452540,85515.645360,4.000000,25.000000,3.018102,0.000000
sess_20260822_video_087_flow_00000,real_sess_20260822_video_087,sess_20260822_video_087,Video,env_win11_cellular,NORMAL,day_3,2026-08-22,batch_20260822_04,dev_win11_laptop,cellular,warp_disabled,vid_vimeo_720p,real,v2,sess_20260822_video_087_flow_00000_prefix_100,prefix_100,0.000,3.136,0,100.000000,23416.000000,234.160000,84.991025,251.000000,378.050000,0.031679,0.031658,0.020473,0.102441,100.000000,0.000000,23416.000000,0.000000,31.885728,7466.361999,24.000000,4.166667,7.652575,0.000000
sess_20260822_video_087_flow_00001,real_sess_20260822_video_087,sess_20260822_video_087,Video,env_win11_cellular,NORMAL,day_3,2026-08-22,batch_20260822_04,dev_win11_laptop,cellular,warp_disabled,vid_vimeo_720p,real,v2,sess_20260822_video_087_flow_00001_prefix_100,prefix_100,0.000,2.752,0,100.000000,21556.000000,215.560000,73.518205,223.000000,331.050000,0.027793,0.031285,0.017219,0.093287,100.000000,0.000000,21556.000000,0.000000,36.343453,7834.194812,17.000000,5.882353,6.178387,0.000000
sess_20260823_video_088_flow_00000,real_sess_20260823_video_088,sess_20260823_video_088,Video,env_win11_wifi,LOW_BANDWIDTH,day_4,2026-08-23,batch_20260823_02,dev_win11_laptop,wifi,warp_enabled,vid_twitch_live,real,v2,sess_20260823_video_088_flow_00000_prefix_100,prefix_100,0.000,0.735,0,100.000000,54402.000000,544.020000,182.708455,539.000000,829.100000,0.007428,0.008256,0.005292,0.023747,100.000000,0.000000,54402.000000,0.000000,135.988334,73980.373646,2.000000,50.000000,2.719767,0.000000
sess_20260823_video_088_flow_00001,real_sess_20260823_video_088,sess_20260823_video_088,Video,env_win11_wifi,LOW_BANDWIDTH,day_4,2026-08-23,batch_20260823_02,dev_win11_laptop,wifi,warp_enabled,vid_twitch_live,real,v2,sess_20260823_video_088_flow_00001_prefix_100,prefix_100,0.000,0.916,0,100.000000,80305.000000,803.050000,280.454609,824.000000,1280.100000,0.009249,0.009032,0.006011,0.029003,100.000000,0.000000,80305.000000,0.000000,109.206855,87698.564831,1.000000,100.000000,1.092069,0.000000
sess_20260823_video_089_flow_00000,real_sess_20260823_video_089,sess_20260823_video_089,Video,env_win11_eth,LOW_BANDWIDTH,day_4,2026-08-23,batch_20260823_03,dev_win11_desktop,ethernet,warp_enabled,vid_dailymotion_sd,real,v2,sess_20260823_video_089_flow_00000_prefix_100,prefix_100,0.000,5.297,0,100.000000,10334.000000,103.340000,29.826572,104.000000,151.250000,0.053507,0.049748,0.041776,0.134623,100.000000,0.000000,10334.000000,0.000000,18.877883,1950.840450,40.000000,2.500000,7.551153,0.000000
sess_20260823_video_089_flow_00001,real_sess_20260823_video_089,sess_20260823_video_089,Video,env_win11_eth,LOW_BANDWIDTH,day_4,2026-08-23,batch_20260823_03,dev_win11_desktop,ethernet,warp_enabled,vid_dailymotion_sd,real,v2,sess_20260823_video_089_flow_00001_prefix_100,prefix_100,0.000,4.888,0,100.000000,10744.000000,107.440000,32.528240,104.500000,172.050000,0.049377,0.051133,0.039819,0.132194,100.000000,0.000000,10744.000000,0.000000,20.457084,2197.909119,39.000000,2.564103,7.978263,0.000000
sess_20260823_video_090_flow_00000,real_sess_20260823_video_090,sess_20260823_video_090,Video,env_win11_cellular,NORMAL,day_4,2026-08-23,batch_20260823_04,dev_win11_laptop,cellular,warp_enabled,vid_netflix_4k,real,v2,sess_20260823_video_090_flow_00000_prefix_100,prefix_100,0.000,6.852,0,100.000000,21239.000000,212.390000,79.036940,215.500000,328.650000,0.069216,0.069960,0.044137,0.197535,100.000000,0.000000,21239.000000,0.000000,14.593516,3099.516803,48.000000,2.083333,7.004888,0.000000
sess_20260823_video_090_flow_00001,real_sess_20260823_video_090,sess_20260823_video_090,Video,env_win11_cellular,NORMAL,day_4,2026-08-23,batch_20260823_04,dev_win11_laptop,cellular,warp_enabled,vid_netflix_4k,real,v2,sess_20260823_video_090_flow_00001_prefix_100,prefix_100,0.000,6.723,0,100.000000,19713.000000,197.130000,71.759551,201.500000,308.100000,0.067913,0.063829,0.046776,0.194686,100.000000,0.000000,19713.000000,0.000000,14.873469,2932.006998,50.000000,2.000000,7.436735,0.000000
sess_20260820_messaging_091_flow_00000,real_sess_20260820_messaging_091,sess_20260820_messaging_091,Messaging,env_win11_wifi,NORMAL,day_1,2026-08-20,batch_20260820_01,dev_win11_laptop,wifi,warp_enabled,msg_slack_chat,real,v2,sess_20260820_messaging_091_flow_00000_prefix_100,prefix_100,0.000,1.012,0,100.000000,108511.000000,1085.110000,335.188004,1162.000000,1420.000000,0.010218,0.012239,0.006389,0.032872,100.000000,0.000000,108511.000000,0.000000,98.852500,107265.835862,3.000000,33.333333,2.965575,0.000000
sess_20260820_messaging_091_flow_00001,real_sess_20260820_messaging_091,sess_20260820_messaging_091,Messaging,env_win11_wifi,NORMAL,day_1,2026-08-20,batch_20260820_01,dev_win11_laptop,wifi,warp_enabled,msg_slack_chat,real,v2,sess_20260820_messaging_091_flow_00001_prefix_100,prefix_100,0.000,1.110,0,100.000000,109202.000000,1092.020000,356.111443,1238.000000,1420.000000,0.011208,0.011312,0.008131,0.032786,100.000000,0.000000,109202.000000,0.000000,90.124708,98417.983671,2.000000,50.000000,1.802494,0.000000
sess_20260820_messaging_092_flow_00000,real_sess_20260820_messaging_092,sess_20260820_messaging_092,Messaging,env_win11_wifi,LOW_BANDWIDTH,day_1,2026-08-20,batch_20260820_02,dev_win11_laptop,wifi,warp_enabled,msg_discord_text,real,v2,sess_20260820_messaging_092_flow_00000_prefix_100,prefix_100,0.000,11.126,0,100.000000,13182.000000,131.820000,42.191795,132.000000,206.300000,0.112381,0.102978,0.091614,0.307670,100.000000,0.000000,13182.000000,0.000000,8.988164,1184.819818,66.000000,1.515152,5.932188,0.000000
sess_20260820_messaging_092_flow_00001,real_sess_20260820_messaging_092,sess_20260820_messaging_092,Messaging,env_win11_wifi,LOW_BANDWIDTH,day_1,2026-08-20,batch_20260820_02,dev_win11_laptop,wifi,warp_enabled,msg_discord_text,real,v2,sess_20260820_messaging_092_flow_00001_prefix_100,prefix_100,0.000,6.383,0,100.000000,8918.000000,89.180000,31.142697,90.000000,143.050000,0.064470,0.062143,0.043132,0.175348,100.000000,0.000000,8918.000000,0.000000,15.667787,1397.253286,43.000000,2.325581,6.737149,0.000000
sess_20260820_messaging_093_flow_00000,real_sess_20260820_messaging_093,sess_20260820_messaging_093,Messaging,env_win11_eth,NORMAL,day_1,2026-08-20,batch_20260820_03,dev_win11_desktop,ethernet,warp_disabled,msg_telegram_sync,real,v2,sess_20260820_messaging_093_flow_00000_prefix_100,prefix_100,0.000,0.945,0,100.000000,21066.000000,210.660000,72.930819,207.000000,351.250000,0.009547,0.010065,0.006715,0.031195,100.000000,0.000000,21066.000000,0.000000,105.807992,22289.511643,2.000000,50.000000,2.116160,0.000000
sess_20260820_messaging_093_flow_00001,real_sess_20260820_messaging_093,sess_20260820_messaging_093,Messaging,env_win11_eth,NORMAL,day_1,2026-08-20,batch_20260820_03,dev_win11_desktop,ethernet,warp_disabled,msg_telegram_sync,real,v2,sess_20260820_messaging_093_flow_00001_prefix_100,prefix_100,0.000,0.687,0,100.000000,22859.000000,228.590000,69.735084,233.500000,333.600000,0.006938,0.006098,0.005485,0.019397,100.000000,0.000000,22859.000000,0.000000,145.589918,33280.399342,1.000000,100.000000,1.455899,0.000000
sess_20260820_messaging_094_flow_00000,real_sess_20260820_messaging_094,sess_20260820_messaging_094,Messaging,env_win11_eth,HIGH_LATENCY,day_1,2026-08-20,batch_20260820_04,dev_win11_desktop,ethernet,warp_enabled,msg_whatsapp_web,real,v2,sess_20260820_messaging_094_flow_00000_prefix_100,prefix_100,0.000,0.401,0,100.000000,118953.000000,1189.530000,316.501420,1390.000000,1420.000000,0.004051,0.003700,0.002909,0.011561,100.000000,0.000000,118953.000000,0.000000,249.315991,296568.850791,1.000000,100.000000,2.493160,0.000000
sess_20260820_messaging_094_flow_00001,real_sess_20260820_messaging_094,sess_20260820_messaging_094,Messaging,env_win11_eth,HIGH_LATENCY,day_1,2026-08-20,batch_20260820_04,dev_win11_desktop,ethernet,warp_enabled,msg_whatsapp_web,real,v2,sess_20260820_messaging_094_flow_00001_prefix_100,prefix_100,0.000,0.416,0,100.000000,120099.000000,1200.990000,301.265016,1345.500000,1420.000000,0.004206,0.003885,0.003102,0.012080,100.000000,0.000000,120099.000000,0.000000,240.181599,288455.699080,1.000000,100.000000,2.401816,0.000000
sess_20260821_messaging_095_flow_00000,real_sess_20260821_messaging_095,sess_20260821_messaging_095,Messaging,env_win11_wifi,NORMAL,day_2,2026-08-21,batch_20260821_01,dev_win11_laptop,wifi,warp_enabled,msg_signal_chat,real,v2,sess_20260821_messaging_095_flow_00000_prefix_100,prefix_100,0.000,3.211,0,100.000000,21046.000000,210.460000,75.713595,214.000000,323.050000,0.032434,0.038821,0.019436,0.113761,100.000000,0.000000,21046.000000,0.000000,31.143560,6554.473637,19.000000,5.263158,5.917276,0.000000
sess_20260821_messaging_095_flow_00001,real_sess_20260821_messaging_095,sess_20260821_messaging_095,Messaging,env_win11_wifi,NORMAL,day_2,2026-08-21,batch_20260821_01,dev_win11_laptop,wifi,warp_enabled,msg_signal_chat,real,v2,sess_20260821_messaging_095_flow_00001_prefix_100,prefix_100,0.000,3.421,0,100.000000,21288.000000,212.880000,70.011182,208.500000,324.750000,0.034551,0.033216,0.023964,0.104595,100.000000,0.000000,21288.000000,0.000000,29.235277,6223.605692,26.000000,3.846154,7.601172,0.000000
sess_20260821_messaging_096_flow_00000,real_sess_20260821_messaging_096,sess_20260821_messaging_096,Messaging,env_win11_wifi,HIGH_LATENCY,day_2,2026-08-21,batch_20260821_02,dev_win11_laptop,wifi,warp_enabled,msg_slack_chat,real,v2,sess_20260821_messaging_096_flow_00000_prefix_100,prefix_100,0.000,1.781,0,100.000000,113958.000000,1139.580000,308.594205,1233.500000,1420.000000,0.017993,0.019449,0.011937,0.055137,100.000000,0.000000,113958.000000,0.000000,56.137950,63973.685054,7.000000,14.285714,3.929656,0.000000
sess_20260821_messaging_096_flow_00001,real_sess_20260821_messaging_096,sess_20260821_messaging_096,Messaging,env_win11_wifi,HIGH_LATENCY,day_2,2026-08-21,batch_20260821_02,dev_win11_laptop,wifi,warp_enabled,msg_slack_chat,real,v2,sess_20260821_messaging_096_flow_00001_prefix_100,prefix_100,0.000,1.505,0,100.000000,114627.000000,1146.270000,298.047072,1251.000000,1420.000000,0.015206,0.013516,0.010301,0.039859,100.000000,0.000000,114627.000000,0.000000,66.426939,76143.207890,4.000000,25.000000,2.657078,0.000000
sess_20260821_messaging_097_flow_00000,real_sess_20260821_messaging_097,sess_20260821_messaging_097,Messaging,env_win11_cellular,NORMAL,day_2,2026-08-21,batch_20260821_03,dev_win11_laptop,cellular,warp_disabled,msg_discord_text,real,v2,sess_20260821_messaging_097_flow_00000_prefix_100,prefix_100,0.000,2.892,0,100.000000,21732.000000,217.320000,71.723062,206.500000,349.250000,0.029215,0.028239,0.020608,0.090006,100.000000,0.000000,21732.000000,0.000000,34.574989,7513.836661,19.000000,5.263158,6.569248,0.000000
sess_20260821_messaging_097_flow_00001,real_sess_20260821_messaging_097,sess_20260821_messaging_097,Messaging,env_win11_cellular,NORMAL,day_2,2026-08-21,batch_20260821_03,dev_win11_laptop,cellular,warp_disabled,msg_discord_text,real,v2,sess_20260821_messaging_097_flow_00001_prefix_100,prefix_100,0.000,3.307,0,100.000000,21854.000000,218.540000,82.118502,219.000000,358.150000,0.033405,0.035075,0.023946,0.092682,100.000000,0.000000,21854.000000,0.000000,30.237960,6608.203775,24.000000,4.166667,7.257110,0.000000
sess_20260821_messaging_098_flow_00000,real_sess_20260821_messaging_098,sess_20260821_messaging_098,Messaging,env_win11_cellular,LOW_BANDWIDTH,day_2,2026-08-21,batch_20260821_04,dev_win11_laptop,cellular,warp_enabled,msg_telegram_sync,real,v2,sess_20260821_messaging_098_flow_00000_prefix_100,prefix_100,0.000,0.825,0,100.000000,69077.000000,690.770000,248.981600,661.000000,1057.650000,0.008336,0.007599,0.006026,0.022901,100.000000,0.000000,69077.000000,0.000000,121.173548,83703.052029,1.000000,100.000000,1.211735,0.000000
sess_20260821_messaging_098_flow_00001,real_sess_20260821_messaging_098,sess_20260821_messaging_098,Messaging,env_win11_cellular,LOW_BANDWIDTH,day_2,2026-08-21,batch_20260821_04,dev_win11_laptop,cellular,warp_enabled,msg_telegram_sync,real,v2,sess_20260821_messaging_098_flow_00001_prefix_100,prefix_100,0.000,0.824,0,100.000000,47224.000000,472.240000,187.466217,483.500000,770.600000,0.008328,0.009035,0.005024,0.030705,100.000000,0.000000,47224.000000,0.000000,121.287967,57277.029555,1.000000,100.000000,1.212880,0.000000
sess_20260822_messaging_099_flow_00000,real_sess_20260822_messaging_099,sess_20260822_messaging_099,Messaging,env_win11_eth,NORMAL,day_3,2026-08-22,batch_20260822_01,dev_win11_desktop,ethernet,warp_enabled,msg_whatsapp_web,real,v2,sess_20260822_messaging_099_flow_00000_prefix_100,prefix_100,0.000,0.811,0,100.000000,106441.000000,1064.410000,304.004247,1059.500000,1420.000000,0.008192,0.008335,0.005629,0.024650,100.000000,0.000000,106441.000000,0.000000,123.304447,131246.486565,1.000000,100.000000,1.233044,0.000000
sess_20260822_messaging_099_flow_00001,real_sess_20260822_messaging_099,sess_20260822_messaging_099,Messaging,env_win11_eth,NORMAL,day_3,2026-08-22,batch_20260822_01,dev_win11_desktop,ethernet,warp_enabled,msg_whatsapp_web,real,v2,sess_20260822_messaging_099_flow_00001_prefix_100,prefix_100,0.000,0.841,0,100.000000,109185.000000,1091.850000,321.526371,1131.000000,1420.000000,0.008492,0.008809,0.005331,0.023688,100.000000,0.000000,109185.000000,0.000000,118.944365,129869.405446,1.000000,100.000000,1.189444,0.000000
sess_20260822_messaging_100_flow_00000,real_sess_20260822_messaging_100,sess_20260822_messaging_100,Messaging,env_win11_eth,PACKET_LOSS,day_3,2026-08-22,batch_20260822_02,dev_win11_desktop,ethernet,warp_enabled,msg_signal_chat,real,v2,sess_20260822_messaging_100_flow_00000_prefix_100,prefix_100,0.000,2.830,0,100.000000,21165.000000,211.650000,77.236309,211.500000,353.150000,0.028589,0.030593,0.014895,0.091529,100.000000,0.000000,21165.000000,0.000000,35.332082,7478.035097,19.000000,5.263158,6.713096,0.000000
sess_20260822_messaging_100_flow_00001,real_sess_20260822_messaging_100,sess_20260822_messaging_100,Messaging,env_win11_eth,PACKET_LOSS,day_3,2026-08-22,batch_20260822_02,dev_win11_desktop,ethernet,warp_enabled,msg_signal_chat,real,v2,sess_20260822_messaging_100_flow_00001_prefix_100,prefix_100,0.000,2.920,0,100.000000,23436.000000,234.360000,87.460450,240.000000,374.650000,0.029499,0.036089,0.021683,0.085738,100.000000,0.000000,23436.000000,0.000000,34.241631,8024.868620,16.000000,6.250000,5.478661,0.000000
sess_20260822_messaging_101_flow_00000,real_sess_20260822_messaging_101,sess_20260822_messaging_101,Messaging,env_win11_cellular,HIGH_LATENCY,day_3,2026-08-22,batch_20260822_03,dev_win11_laptop,cellular,warp_enabled,msg_slack_chat,real,v2,sess_20260822_messaging_101_flow_00000_prefix_100,prefix_100,0.000,1.573,0,100.000000,115960.000000,1159.600000,304.759216,1251.000000,1420.000000,0.015893,0.013804,0.012443,0.044596,100.000000,0.000000,115960.000000,0.000000,63.557225,73700.958668,4.000000,25.000000,2.542289,0.000000
sess_20260822_messaging_101_flow_00001,real_sess_20260822_messaging_101,sess_20260822_messaging_101,Messaging,env_win11_cellular,HIGH_LATENCY,day_3,2026-08-22,batch_20260822_03,dev_win11_laptop,cellular,warp_enabled,msg_slack_chat,real,v2,sess_20260822_messaging_101_flow_00001_prefix_100,prefix_100,0.000,1.712,0,100.000000,114358.000000,1143.580000,320.918593,1241.500000,1420.000000,0.017293,0.015921,0.011079,0.050668,100.000000,0.000000,114358.000000,0.000000,58.409702,66796.167043,7.000000,14.285714,4.088679,0.000000
sess_20260822_messaging_102_flow_00000,real_sess_20260822_messaging_102,sess_20260822_messaging_102,Messaging,env_win11_cellular,NORMAL,day_3,2026-08-22,batch_20260822_04,dev_win11_laptop,cellular,warp_disabled,msg_discord_text,real,v2,sess_20260822_messaging_102_flow_00000_prefix_100,prefix_100,0.000,3.805,0,100.000000,18678.000000,186.780000,64.939138,184.500000,307.150000,0.038429,0.048467,0.018774,0.134017,100.000000,0.000000,18678.000000,0.000000,26.284590,4909.435769,26.000000,3.846154,6.833993,0.000000
sess_20260822_messaging_102_flow_00001,real_sess_20260822_messaging_102,sess_20260822_messaging_102,Messaging,env_win11_cellular,NORMAL,day_3,2026-08-22,batch_20260822_04,dev_win11_laptop,cellular,warp_disabled,msg_discord_text,real,v2,sess_20260822_messaging_102_flow_00001_prefix_100,prefix_100,0.000,3.354,0,100.000000,18442.000000,184.420000,60.083638,185.000000,283.100000,0.033882,0.033934,0.022117,0.109158,100.000000,0.000000,18442.000000,0.000000,29.811882,5497.907278,25.000000,4.000000,7.452970,0.000000
sess_20260823_messaging_103_flow_00000,real_sess_20260823_messaging_103,sess_20260823_messaging_103,Messaging,env_win11_wifi,LOW_BANDWIDTH,day_4,2026-08-23,batch_20260823_02,dev_win11_laptop,wifi,warp_enabled,msg_telegram_sync,real,v2,sess_20260823_messaging_103_flow_00000_prefix_100,prefix_100,0.000,26.440,0,100.000000,10371.000000,103.710000,38.229124,102.500000,175.000000,0.267072,0.314826,0.166783,0.906651,100.000000,0.000000,10371.000000,0.000000,3.782130,392.244704,80.000000,1.250000,3.025704,0.000000
sess_20260823_messaging_103_flow_00001,real_sess_20260823_messaging_103,sess_20260823_messaging_103,Messaging,env_win11_wifi,LOW_BANDWIDTH,day_4,2026-08-23,batch_20260823_02,dev_win11_laptop,wifi,warp_enabled,msg_telegram_sync,real,v2,sess_20260823_messaging_103_flow_00001_prefix_100,prefix_100,0.000,23.730,0,100.000000,6272.000000,62.720000,19.545373,59.500000,98.150000,0.239698,0.218080,0.173996,0.747946,100.000000,0.000000,6272.000000,0.000000,4.214060,264.305820,86.000000,1.162791,3.624091,0.000000
sess_20260823_messaging_104_flow_00000,real_sess_20260823_messaging_104,sess_20260823_messaging_104,Messaging,env_win11_eth,LOW_BANDWIDTH,day_4,2026-08-23,batch_20260823_03,dev_win11_desktop,ethernet,warp_enabled,msg_whatsapp_web,real,v2,sess_20260823_messaging_104_flow_00000_prefix_100,prefix_100,0.000,14.799,0,100.000000,36227.000000,362.270000,121.565855,344.500000,562.250000,0.149488,0.144952,0.108693,0.448992,100.000000,0.000000,36227.000000,0.000000,6.757056,2447.878857,72.000000,1.388889,4.865081,0.000000
sess_20260823_messaging_104_flow_00001,real_sess_20260823_messaging_104,sess_20260823_messaging_104,Messaging,env_win11_eth,LOW_BANDWIDTH,day_4,2026-08-23,batch_20260823_03,dev_win11_desktop,ethernet,warp_enabled,msg_whatsapp_web,real,v2,sess_20260823_messaging_104_flow_00001_prefix_100,prefix_100,0.000,10.576,0,100.000000,43827.000000,438.270000,150.003057,480.500000,671.050000,0.106826,0.108171,0.077828,0.303869,100.000000,0.000000,43827.000000,0.000000,9.455558,4144.087254,67.000000,1.492537,6.335224,0.000000
sess_20260823_messaging_105_flow_00000,real_sess_20260823_messaging_105,sess_20260823_messaging_105,Messaging,env_win11_cellular,NORMAL,day_4,2026-08-23,batch_20260823_04,dev_win11_laptop,cellular,warp_enabled,msg_signal_chat,real,v2,sess_20260823_messaging_105_flow_00000_prefix_100,prefix_100,0.000,14.712,0,100.000000,18598.000000,185.980000,58.126238,180.500000,278.150000,0.148611,0.133808,0.105067,0.420339,100.000000,0.000000,18598.000000,0.000000,6.796968,1264.100157,71.000000,1.408451,4.825847,0.000000
sess_20260823_messaging_105_flow_00001,real_sess_20260823_messaging_105,sess_20260823_messaging_105,Messaging,env_win11_cellular,NORMAL,day_4,2026-08-23,batch_20260823_04,dev_win11_laptop,cellular,warp_enabled,msg_signal_chat,real,v2,sess_20260823_messaging_105_flow_00001_prefix_100,prefix_100,0.000,14.355,0,100.000000,18675.000000,186.750000,70.689656,189.000000,301.100000,0.145004,0.129897,0.104892,0.431682,100.000000,0.000000,18675.000000,0.000000,6.966015,1300.903264,76.000000,1.315789,5.294171,0.000000
sess_20260820_voip_106_flow_00000,real_sess_20260820_voip_106,sess_20260820_voip_106,VoIP,env_win11_wifi,NORMAL,day_1,2026-08-20,batch_20260820_01,dev_win11_laptop,wifi,warp_enabled,voip_zoom_audio,real,v2,sess_20260820_voip_106_flow_00000_prefix_100,prefix_100,0.000,8.641,0,100.000000,37764.000000,377.640000,132.152905,376.000000,586.050000,0.087288,0.083271,0.059703,0.257617,100.000000,0.000000,37764.000000,0.000000,11.572092,4370.084649,58.000000,1.724138,6.711813,0.000000
sess_20260820_voip_106_flow_00001,real_sess_20260820_voip_106,sess_20260820_voip_106,VoIP,env_win11_wifi,NORMAL,day_1,2026-08-20,batch_20260820_01,dev_win11_laptop,wifi,warp_enabled,voip_zoom_audio,real,v2,sess_20260820_voip_106_flow_00001_prefix_100,prefix_100,0.000,9.364,0,100.000000,39793.000000,397.930000,134.938079,389.500000,613.200000,0.094582,0.096383,0.059224,0.284364,100.000000,0.000000,39793.000000,0.000000,10.679671,4249.761601,57.000000,1.754386,6.087413,0.000000
sess_20260820_voip_107_flow_00000,real_sess_20260820_voip_107,sess_20260820_voip_107,VoIP,env_win11_wifi,LOW_BANDWIDTH,day_1,2026-08-20,batch_20260820_02,dev_win11_laptop,wifi,warp_enabled,voip_teams_voice,real,v2,sess_20260820_voip_107_flow_00000_prefix_100,prefix_100,0.000,19.492,0,100.000000,11942.000000,119.420000,39.240076,118.000000,186.000000,0.196885,0.175395,0.143274,0.512681,100.000000,0.000000,11942.000000,0.000000,5.130417,612.674413,81.000000,1.234568,4.155638,0.000000
sess_20260820_voip_107_flow_00001,real_sess_20260820_voip_107,sess_20260820_voip_107,VoIP,env_win11_wifi,LOW_BANDWIDTH,day_1,2026-08-20,batch_20260820_02,dev_win11_laptop,wifi,warp_enabled,voip_teams_voice,real,v2,sess_20260820_voip_107_flow_00001_prefix_100,prefix_100,0.000,26.599,0,100.000000,9495.000000,94.950000,34.381499,93.000000,152.100000,0.268677,0.262424,0.202081,0.923470,100.000000,0.000000,9495.000000,0.000000,3.759531,356.967437,83.000000,1.204819,3.120410,0.000000
sess_20260820_voip_108_flow_00000,real_sess_20260820_voip_108,sess_20260820_voip_108,VoIP,env_win11_eth,NORMAL,day_1,2026-08-20,batch_20260820_03,dev_win11_desktop,ethernet,warp_disabled,voip_meet_audio,real,v2,sess_20260820_voip_108_flow_00000_prefix_100,prefix_100,0.000,11.524,0,100.000000,22815.000000,228.150000,74.652981,230.500000,337.650000,0.116406,0.105453,0.089575,0.345448,100.000000,0.000000,22815.000000,0.000000,8.677382,1979.744778,60.000000,1.666667,5.206429,0.000000
sess_20260820_voip_108_flow_00001,real_sess_20260820_voip_108,sess_20260820_voip_108,VoIP,env_win11_eth,NORMAL,day_1,2026-08-20,batch_20260820_03,dev_win11_desktop,ethernet,warp_disabled,voip_meet_audio,real,v2,sess_20260820_voip_108_flow_00001_prefix_100,prefix_100,0.000,10.332,0,100.000000,22241.000000,222.410000,75.300876,222.000000,346.300000,0.104365,0.102707,0.075593,0.319750,100.000000,0.000000,22241.000000,0.000000,9.678550,2152.606298,66.000000,1.515152,6.387843,0.000000
sess_20260820_voip_109_flow_00000,real_sess_20260820_voip_109,sess_20260820_voip_109,VoIP,env_win11_eth,HIGH_LATENCY,day_1,2026-08-20,batch_20260820_04,dev_win11_desktop,ethernet,warp_enabled,voip_discord_voice,real,v2,sess_20260820_voip_109_flow_00000_prefix_100,prefix_100,0.000,20.596,0,100.000000,24763.000000,247.630000,87.497389,242.000000,410.150000,0.208036,0.193776,0.157740,0.664918,100.000000,0.000000,24763.000000,0.000000,4.855405,1202.343853,79.000000,1.265823,3.835770,0.000000
sess_20260820_voip_109_flow_00001,real_sess_20260820_voip_109,sess_20260820_voip_109,VoIP,env_win11_eth,HIGH_LATENCY,day_1,2026-08-20,batch_20260820_04,dev_win11_desktop,ethernet,warp_enabled,voip_discord_voice,real,v2,sess_20260820_voip_109_flow_00001_prefix_100,prefix_100,0.000,42.421,0,100.000000,27997.000000,279.970000,88.424369,279.000000,441.150000,0.428492,0.498693,0.290375,1.191367,100.000000,0.000000,27997.000000,0.000000,2.357342,659.984904,85.000000,1.176471,2.003740,0.000000
sess_20260821_voip_110_flow_00000,real_sess_20260821_voip_110,sess_20260821_voip_110,VoIP,env_win11_wifi,NORMAL,day_2,2026-08-21,batch_20260821_01,dev_win11_laptop,wifi,warp_enabled,voip_skype_call,real,v2,sess_20260821_voip_110_flow_00000_prefix_100,prefix_100,0.000,15.161,0,100.000000,33209.000000,332.090000,113.966670,333.500000,514.400000,0.153142,0.156172,0.098003,0.488380,100.000000,0.000000,33209.000000,0.000000,6.595830,2190.409319,70.000000,1.428571,4.617081,0.000000
sess_20260821_voip_110_flow_00001,real_sess_20260821_voip_110,sess_20260821_voip_110,VoIP,env_win11_wifi,NORMAL,day_2,2026-08-21,batch_20260821_01,dev_win11_laptop,wifi,warp_enabled,voip_skype_call,real,v2,sess_20260821_voip_110_flow_00001_prefix_100,prefix_100,0.000,12.555,0,100.000000,32381.000000,323.810000,103.589835,326.500000,478.400000,0.126821,0.103733,0.095067,0.340498,100.000000,0.000000,32381.000000,0.000000,7.964749,2579.065389,72.000000,1.388889,5.734619,0.000000
sess_20260821_voip_111_flow_00000,real_sess_20260821_voip_111,sess_20260821_voip_111,VoIP,env_win11_wifi,HIGH_LATENCY,day_2,2026-08-21,batch_20260821_02,dev_win11_laptop,wifi,warp_enabled,voip_zoom_audio,real,v2,sess_20260821_voip_111_flow_00000_prefix_100,prefix_100,0.000,38.001,0,100.000000,21224.000000,212.240000,78.278748,205.000000,341.100000,0.383848,0.382901,0.262278,1.167290,100.000000,0.000000,21224.000000,0.000000,2.631513,558.512328,88.000000,1.136364,2.315731,0.000000
sess_20260821_voip_111_flow_00001,real_sess_20260821_voip_111,sess_20260821_voip_111,VoIP,env_win11_wifi,HIGH_LATENCY,day_2,2026-08-21,batch_20260821_02,dev_win11_laptop,wifi,warp_enabled,voip_zoom_audio,real,v2,sess_20260821_voip_111_flow_00001_prefix_100,prefix_100,0.000,35.796,0,100.000000,21372.000000,213.720000,61.967101,213.500000,311.200000,0.361577,0.362689,0.280994,1.076024,100.000000,0.000000,21372.000000,0.000000,2.793596,597.047408,90.000000,1.111111,2.514237,0.000000
sess_20260821_voip_112_flow_00000,real_sess_20260821_voip_112,sess_20260821_voip_112,VoIP,env_win11_cellular,NORMAL,day_2,2026-08-21,batch_20260821_03,dev_win11_laptop,cellular,warp_disabled,voip_teams_voice,real,v2,sess_20260821_voip_112_flow_00000_prefix_100,prefix_100,0.000,18.622,0,100.000000,24510.000000,245.100000,85.012293,241.500000,392.350000,0.188098,0.168217,0.152748,0.507404,100.000000,0.000000,24510.000000,0.000000,5.370071,1316.204486,77.000000,1.298701,4.134955,0.000000
sess_20260821_voip_112_flow_00001,real_sess_20260821_voip_112,sess_20260821_voip_112,VoIP,env_win11_cellular,NORMAL,day_2,2026-08-21,batch_20260821_03,dev_win11_laptop,cellular,warp_disabled,voip_teams_voice,real,v2,sess_20260821_voip_112_flow_00001_prefix_100,prefix_100,0.000,18.518,0,100.000000,24590.000000,245.900000,84.635985,246.500000,402.100000,0.187055,0.221839,0.116316,0.642630,100.000000,0.000000,24590.000000,0.000000,5.400022,1327.865335,69.000000,1.449275,3.726015,0.000000
sess_20260821_voip_113_flow_00000,real_sess_20260821_voip_113,sess_20260821_voip_113,VoIP,env_win11_cellular,LOW_BANDWIDTH,day_2,2026-08-21,batch_20260821_04,dev_win11_laptop,cellular,warp_enabled,voip_meet_audio,real,v2,sess_20260821_voip_113_flow_00000_prefix_100,prefix_100,0.000,39.498,0,100.000000,7714.000000,77.140000,25.238867,76.000000,116.200000,0.398968,0.422094,0.275915,1.194413,100.000000,0.000000,7714.000000,0.000000,2.531785,195.301902,84.000000,1.190476,2.126699,0.000000
sess_20260821_voip_113_flow_00001,real_sess_20260821_voip_113,sess_20260821_voip_113,VoIP,env_win11_cellular,LOW_BANDWIDTH,day_2,2026-08-21,batch_20260821_04,dev_win11_laptop,cellular,warp_enabled,voip_meet_audio,real,v2,sess_20260821_voip_113_flow_00001_prefix_100,prefix_100,0.000,37.983,0,100.000000,8578.000000,85.780000,26.993918,82.500000,132.050000,0.383662,0.393477,0.269124,1.132440,100.000000,0.000000,8578.000000,0.000000,2.632788,225.840528,91.000000,1.098901,2.395837,0.000000
sess_20260822_voip_114_flow_00000,real_sess_20260822_voip_114,sess_20260822_voip_114,VoIP,env_win11_eth,NORMAL,day_3,2026-08-22,batch_20260822_01,dev_win11_desktop,ethernet,warp_enabled,voip_discord_voice,real,v2,sess_20260822_voip_114_flow_00000_prefix_100,prefix_100,0.000,10.384,0,100.000000,44042.000000,440.420000,157.418181,424.000000,701.350000,0.104887,0.113498,0.066859,0.357728,100.000000,0.000000,44042.000000,0.000000,9.630416,4241.427970,58.000000,1.724138,5.585641,0.000000
sess_20260822_voip_114_flow_00001,real_sess_20260822_voip_114,sess_20260822_voip_114,VoIP,env_win11_eth,NORMAL,day_3,2026-08-22,batch_20260822_01,dev_win11_desktop,ethernet,warp_enabled,voip_discord_voice,real,v2,sess_20260822_voip_114_flow_00001_prefix_100,prefix_100,0.000,8.355,0,100.000000,48197.000000,481.970000,126.890855,486.000000,673.750000,0.084389,0.099760,0.046844,0.267263,100.000000,0.000000,48197.000000,0.000000,11.969590,5768.983071,50.000000,2.000000,5.984795,0.000000
sess_20260822_voip_115_flow_00000,real_sess_20260822_voip_115,sess_20260822_voip_115,VoIP,env_win11_eth,PACKET_LOSS,day_3,2026-08-22,batch_20260822_02,dev_win11_desktop,ethernet,warp_enabled,voip_skype_call,real,v2,sess_20260822_voip_115_flow_00000_prefix_100,prefix_100,0.000,11.697,0,100.000000,18404.000000,184.040000,54.575987,191.000000,264.300000,0.118153,0.107305,0.084099,0.364330,100.000000,0.000000,18404.000000,0.000000,8.549097,1573.375809,65.000000,1.538462,5.556913,0.000000
sess_20260822_voip_115_flow_00001,real_sess_20260822_voip_115,sess_20260822_voip_115,VoIP,env_win11_eth,PACKET_LOSS,day_3,2026-08-22,batch_20260822_02,dev_win11_desktop,ethernet,warp_enabled,voip_skype_call,real,v2,sess_20260822_voip_115_flow_00001_prefix_100,prefix_100,0.000,13.935,0,100.000000,20975.000000,209.750000,72.494189,209.000000,320.500000,0.140759,0.115006,0.118506,0.385585,100.000000,0.000000,20975.000000,0.000000,7.176127,1505.192634,80.000000,1.250000,5.740902,0.000000
sess_20260822_voip_116_flow_00000,real_sess_20260822_voip_116,sess_20260822_voip_116,VoIP,env_win11_cellular,HIGH_LATENCY,day_3,2026-08-22,batch_20260822_03,dev_win11_laptop,cellular,warp_enabled,voip_zoom_audio,real,v2,sess_20260822_voip_116_flow_00000_prefix_100,prefix_100,0.000,63.852,0,100.000000,25699.000000,256.990000,93.878165,254.000000,425.750000,0.644965,0.547841,0.447951,1.707375,100.000000,0.000000,25699.000000,0.000000,1.566133,402.480404,95.000000,1.052632,1.487826,0.000000
sess_20260822_voip_116_flow_00001,real_sess_20260822_voip_116,sess_20260822_voip_116,VoIP,env_win11_cellular,HIGH_LATENCY,day_3,2026-08-22,batch_20260822_03,dev_win11_laptop,cellular,warp_enabled,voip_zoom_audio,real,v2,sess_20260822_voip_116_flow_00001_prefix_100,prefix_100,0.000,32.092,0,100.000000,24437.000000,244.370000,80.403440,245.500000,369.250000,0.324166,0.325429,0.200190,0.879531,100.000000,0.000000,24437.000000,0.000000,3.115998,761.456369,87.000000,1.149425,2.710918,0.000000
sess_20260822_voip_117_flow_00000,real_sess_20260822_voip_117,sess_20260822_voip_117,VoIP,env_win11_cellular,NORMAL,day_3,2026-08-22,batch_20260822_04,dev_win11_laptop,cellular,warp_disabled,voip_teams_voice,real,v2,sess_20260822_voip_117_flow_00000_prefix_100,prefix_100,0.000,14.635,0,100.000000,25047.000000,250.470000,81.447217,258.500000,383.150000,0.147830,0.143056,0.105264,0.430869,100.000000,0.000000,25047.000000,0.000000,6.832859,1711.426209,71.000000,1.408451,4.851330,0.000000
sess_20260822_voip_117_flow_00001,real_sess_20260822_voip_117,sess_20260822_voip_117,VoIP,env_win11_cellular,NORMAL,day_3,2026-08-22,batch_20260822_04,dev_win11_laptop,cellular,warp_disabled,voip_teams_voice,real,v2,sess_20260822_voip_117_flow_00001_prefix_100,prefix_100,0.000,15.351,0,100.000000,25842.000000,258.420000,80.675917,250.000000,396.900000,0.155057,0.171283,0.098956,0.509068,100.000000,0.000000,25842.000000,0.000000,6.514370,1683.443587,66.000000,1.515152,4.299484,0.000000
sess_20260823_voip_118_flow_00000,real_sess_20260823_voip_118,sess_20260823_voip_118,VoIP,env_win11_wifi,LOW_BANDWIDTH,day_4,2026-08-23,batch_20260823_02,dev_win11_laptop,wifi,warp_enabled,voip_meet_audio,real,v2,sess_20260823_voip_118_flow_00000_prefix_100,prefix_100,0.000,25.442,0,100.000000,17752.000000,177.520000,64.186989,175.000000,292.150000,0.256987,0.242144,0.188414,0.702359,100.000000,0.000000,17752.000000,0.000000,3.930557,697.752411,84.000000,1.190476,3.301668,0.000000
sess_20260823_voip_118_flow_00001,real_sess_20260823_voip_118,sess_20260823_voip_118,VoIP,env_win11_wifi,LOW_BANDWIDTH,day_4,2026-08-23,batch_20260823_02,dev_win11_laptop,wifi,warp_enabled,voip_meet_audio,real,v2,sess_20260823_voip_118_flow_00001_prefix_100,prefix_100,0.000,21.098,0,100.000000,23815.000000,238.150000,78.712308,233.500000,366.200000,0.213112,0.187447,0.159601,0.623872,100.000000,0.000000,23815.000000,0.000000,4.739759,1128.773552,79.000000,1.265823,3.744409,0.000000
sess_20260823_voip_119_flow_00000,real_sess_20260823_voip_119,sess_20260823_voip_119,VoIP,env_win11_eth,LOW_BANDWIDTH,day_4,2026-08-23,batch_20260823_03,dev_win11_desktop,ethernet,warp_enabled,voip_discord_voice,real,v2,sess_20260823_voip_119_flow_00000_prefix_100,prefix_100,0.000,22.347,0,100.000000,11542.000000,115.420000,41.436259,115.000000,181.100000,0.225725,0.207242,0.168873,0.628575,100.000000,0.000000,11542.000000,0.000000,4.474913,516.494431,79.000000,1.265823,3.535181,0.000000
sess_20260823_voip_119_flow_00001,real_sess_20260823_voip_119,sess_20260823_voip_119,VoIP,env_win11_eth,LOW_BANDWIDTH,day_4,2026-08-23,batch_20260823_03,dev_win11_desktop,ethernet,warp_enabled,voip_discord_voice,real,v2,sess_20260823_voip_119_flow_00001_prefix_100,prefix_100,0.000,30.045,0,100.000000,9675.000000,96.750000,29.383116,102.000000,141.050000,0.303482,0.323558,0.190675,0.829190,100.000000,0.000000,9675.000000,0.000000,3.328377,322.020486,86.000000,1.162791,2.862404,0.000000
sess_20260823_voip_120_flow_00000,real_sess_20260823_voip_120,sess_20260823_voip_120,VoIP,env_win11_cellular,NORMAL,day_4,2026-08-23,batch_20260823_04,dev_win11_laptop,cellular,warp_enabled,voip_skype_call,real,v2,sess_20260823_voip_120_flow_00000_prefix_100,prefix_100,0.000,9.168,0,100.000000,20318.000000,203.180000,63.731057,212.500000,307.050000,0.092607,0.093762,0.067777,0.290774,100.000000,0.000000,20318.000000,0.000000,10.907418,2216.169218,62.000000,1.612903,6.762599,0.000000
sess_20260823_voip_120_flow_00001,real_sess_20260823_voip_120,sess_20260823_voip_120,VoIP,env_win11_cellular,NORMAL,day_4,2026-08-23,batch_20260823_04,dev_win11_laptop,cellular,warp_enabled,voip_skype_call,real,v2,sess_20260823_voip_120_flow_00001_prefix_100,prefix_100,0.000,8.454,0,100.000000,19773.000000,197.730000,72.688081,199.000000,315.400000,0.085395,0.089386,0.057342,0.257820,100.000000,0.000000,19773.000000,0.000000,11.828625,2338.874014,55.000000,1.818182,6.505744,0.000000
sess_20260820_file_transfer_121_flow_00000,real_sess_20260820_file_transfer_121,sess_20260820_file_transfer_121,File Transfer,env_win11_wifi,NORMAL,day_1,2026-08-20,batch_20260820_01,dev_win11_laptop,wifi,warp_enabled,ft_gdrive_upload,real,v2,sess_20260820_file_transfer_121_flow_00000_prefix_100,prefix_100,0.000,12.002,0,100.000000,23553.000000,235.530000,81.622847,237.000000,379.150000,0.121229,0.111470,0.083624,0.321777,100.000000,0.000000,23553.000000,0.000000,8.332153,1962.471968,66.000000,1.515152,5.499221,0.000000
sess_20260820_file_transfer_121_flow_00001,real_sess_20260820_file_transfer_121,sess_20260820_file_transfer_121,File Transfer,env_win11_wifi,NORMAL,day_1,2026-08-20,batch_20260820_01,dev_win11_laptop,wifi,warp_enabled,ft_gdrive_upload,real,v2,sess_20260820_file_transfer_121_flow_00001_prefix_100,prefix_100,0.000,10.787,0,100.000000,21503.000000,215.030000,89.342090,211.000000,353.550000,0.108964,0.113189,0.065610,0.333970,100.000000,0.000000,21503.000000,0.000000,9.270067,1993.342504,64.000000,1.562500,5.932843,0.000000
sess_20260820_file_transfer_122_flow_00000,real_sess_20260820_file_transfer_122,sess_20260820_file_transfer_122,File Transfer,env_win11_wifi,LOW_BANDWIDTH,day_1,2026-08-20,batch_20260820_02,dev_win11_laptop,wifi,warp_enabled,ft_dropbox_download,real,v2,sess_20260820_file_transfer_122_flow_00000_prefix_100,prefix_100,0.000,17.719,0,100.000000,14197.000000,141.970000,53.418060,143.000000,224.050000,0.178979,0.164412,0.139158,0.487811,100.000000,0.000000,14197.000000,0.000000,5.643674,801.232464,82.000000,1.219512,4.627813,0.000000
sess_20260820_file_transfer_122_flow_00001,real_sess_20260820_file_transfer_122,sess_20260820_file_transfer_122,File Transfer,env_win11_wifi,LOW_BANDWIDTH,day_1,2026-08-20,batch_20260820_02,dev_win11_laptop,wifi,warp_enabled,ft_dropbox_download,real,v2,sess_20260820_file_transfer_122_flow_00001_prefix_100,prefix_100,0.000,25.857,0,100.000000,15722.000000,157.220000,60.823446,153.500000,260.150000,0.261184,0.289384,0.176478,0.881608,100.000000,0.000000,15722.000000,0.000000,3.867388,608.030785,82.000000,1.219512,3.171258,0.000000
sess_20260820_file_transfer_123_flow_00000,real_sess_20260820_file_transfer_123,sess_20260820_file_transfer_123,File Transfer,env_win11_eth,NORMAL,day_1,2026-08-20,batch_20260820_03,dev_win11_desktop,ethernet,warp_disabled,ft_sftp_sync,real,v2,sess_20260820_file_transfer_123_flow_00000_prefix_100,prefix_100,0.000,15.726,0,100.000000,25168.000000,251.680000,82.921756,248.000000,399.050000,0.158848,0.147224,0.113864,0.425013,100.000000,0.000000,25168.000000,0.000000,6.358927,1600.414669,76.000000,1.315789,4.832784,0.000000
sess_20260820_file_transfer_123_flow_00001,real_sess_20260820_file_transfer_123,sess_20260820_file_transfer_123,File Transfer,env_win11_eth,NORMAL,day_1,2026-08-20,batch_20260820_03,dev_win11_desktop,ethernet,warp_disabled,ft_sftp_sync,real,v2,sess_20260820_file_transfer_123_flow_00001_prefix_100,prefix_100,0.000,18.282,0,100.000000,24491.000000,244.910000,84.217349,251.500000,398.350000,0.184663,0.155859,0.144592,0.558453,100.000000,0.000000,24491.000000,0.000000,5.469956,1339.646882,80.000000,1.250000,4.375965,0.000000
sess_20260820_file_transfer_124_flow_00000,real_sess_20260820_file_transfer_124,sess_20260820_file_transfer_124,File Transfer,env_win11_eth,HIGH_LATENCY,day_1,2026-08-20,batch_20260820_04,dev_win11_desktop,ethernet,warp_enabled,ft_onedrive_sync,real,v2,sess_20260820_file_transfer_124_flow_00000_prefix_100,prefix_100,0.000,80.946,0,100.000000,16229.000000,162.290000,55.659194,165.500000,258.200000,0.817638,0.873107,0.490283,2.820695,100.000000,0.000000,16229.000000,0.000000,1.235389,200.491303,98.000000,1.020408,1.210681,0.000000
sess_20260820_file_transfer_124_flow_00001,real_sess_20260820_file_transfer_124,sess_20260820_file_transfer_124,File Transfer,env_win11_eth,HIGH_LATENCY,day_1,2026-08-20,batch_20260820_04,dev_win11_desktop,ethernet,warp_enabled,ft_onedrive_sync,real,v2,sess_20260820_file_transfer_124_flow_00001_prefix_100,prefix_100,0.000,56.392,0,100.000000,17429.000000,174.290000,52.148307,175.000000,257.000000,0.569616,0.618411,0.333449,1.804192,100.000000,0.000000,17429.000000,0.000000,1.773302,309.068879,93.000000,1.075269,1.649171,0.000000
sess_20260821_file_transfer_125_flow_00000,real_sess_20260821_file_transfer_125,sess_20260821_file_transfer_125,File Transfer,env_win11_wifi,NORMAL,day_2,2026-08-21,batch_20260821_01,dev_win11_laptop,wifi,warp_enabled,ft_mega_download,real,v2,sess_20260821_file_transfer_125_flow_00000_prefix_100,prefix_100,0.000,16.298,0,100.000000,21369.000000,213.690000,72.678566,213.000000,327.250000,0.164627,0.152561,0.103257,0.472576,100.000000,0.000000,21369.000000,0.000000,6.135700,1311.137762,70.000000,1.428571,4.294990,0.000000
sess_20260821_file_transfer_125_flow_00001,real_sess_20260821_file_transfer_125,sess_20260821_file_transfer_125,File Transfer,env_win11_wifi,NORMAL,day_2,2026-08-21,batch_20260821_01,dev_win11_laptop,wifi,warp_enabled,ft_mega_download,real,v2,sess_20260821_file_transfer_125_flow_00001_prefix_100,prefix_100,0.000,14.893,0,100.000000,21688.000000,216.880000,76.500102,220.000000,351.150000,0.150436,0.162630,0.091939,0.527654,100.000000,0.000000,21688.000000,0.000000,6.714478,1456.236085,70.000000,1.428571,4.700135,0.000000
sess_20260821_file_transfer_126_flow_00000,real_sess_20260821_file_transfer_126,sess_20260821_file_transfer_126,File Transfer,env_win11_wifi,HIGH_LATENCY,day_2,2026-08-21,batch_20260821_02,dev_win11_laptop,wifi,warp_enabled,ft_gdrive_upload,real,v2,sess_20260821_file_transfer_126_flow_00000_prefix_100,prefix_100,0.000,59.378,0,100.000000,26499.000000,264.990000,97.441007,271.000000,407.250000,0.599777,0.634004,0.389407,1.827490,100.000000,0.000000,26499.000000,0.000000,1.684127,446.276723,90.000000,1.111111,1.515714,0.000000
sess_20260821_file_transfer_126_flow_00001,real_sess_20260821_file_transfer_126,sess_20260821_file_transfer_126,File Transfer,env_win11_wifi,HIGH_LATENCY,day_2,2026-08-21,batch_20260821_02,dev_win11_laptop,wifi,warp_enabled,ft_gdrive_upload,real,v2,sess_20260821_file_transfer_126_flow_00001_prefix_100,prefix_100,0.000,53.028,0,100.000000,25324.000000,253.240000,94.567449,244.000000,424.050000,0.535634,0.505429,0.335353,1.434890,100.000000,0.000000,25324.000000,0.000000,1.885803,477.560811,92.000000,1.086957,1.734939,0.000000
sess_20260821_file_transfer_127_flow_00000,real_sess_20260821_file_transfer_127,sess_20260821_file_transfer_127,File Transfer,env_win11_cellular,NORMAL,day_2,2026-08-21,batch_20260821_03,dev_win11_laptop,cellular,warp_disabled,ft_dropbox_download,real,v2,sess_20260821_file_transfer_127_flow_00000_prefix_100,prefix_100,0.000,10.644,0,100.000000,27714.000000,277.140000,101.124678,279.000000,424.600000,0.107513,0.122811,0.064545,0.336042,100.000000,0.000000,27714.000000,0.000000,9.395124,2603.764565,55.000000,1.818182,5.167318,0.000000
sess_20260821_file_transfer_127_flow_00001,real_sess_20260821_file_transfer_127,sess_20260821_file_transfer_127,File Transfer,env_win11_cellular,NORMAL,day_2,2026-08-21,batch_20260821_03,dev_win11_laptop,cellular,warp_disabled,ft_dropbox_download,real,v2,sess_20260821_file_transfer_127_flow_00001_prefix_100,prefix_100,0.000,10.304,0,100.000000,29371.000000,293.710000,106.513783,301.000000,455.850000,0.104082,0.092927,0.077254,0.245692,100.000000,0.000000,29371.000000,0.000000,9.704813,2850.400595,61.000000,1.639344,5.919936,0.000000
sess_20260821_file_transfer_128_flow_00000,real_sess_20260821_file_transfer_128,sess_20260821_file_transfer_128,File Transfer,env_win11_cellular,LOW_BANDWIDTH,day_2,2026-08-21,batch_20260821_04,dev_win11_laptop,cellular,warp_enabled,ft_sftp_sync,real,v2,sess_20260821_file_transfer_128_flow_00000_prefix_100,prefix_100,0.000,22.396,0,100.000000,8080.000000,80.800000,25.145576,79.000000,121.050000,0.226220,0.218600,0.175167,0.630325,100.000000,0.000000,8080.000000,0.000000,4.465121,360.781744,77.000000,1.298701,3.438143,0.000000
sess_20260821_file_transfer_128_flow_00001,real_sess_20260821_file_transfer_128,sess_20260821_file_transfer_128,File Transfer,env_win11_cellular,LOW_BANDWIDTH,day_2,2026-08-21,batch_20260821_04,dev_win11_laptop,cellular,warp_enabled,ft_sftp_sync,real,v2,sess_20260821_file_transfer_128_flow_00001_prefix_100,prefix_100,0.000,33.188,0,100.000000,9210.000000,92.100000,31.165847,91.500000,142.250000,0.335236,0.343405,0.206807,0.969860,100.000000,0.000000,9210.000000,0.000000,3.013108,277.507211,89.000000,1.123596,2.681666,0.000000
sess_20260822_file_transfer_129_flow_00000,real_sess_20260822_file_transfer_129,sess_20260822_file_transfer_129,File Transfer,env_win11_eth,NORMAL,day_3,2026-08-22,batch_20260822_01,dev_win11_desktop,ethernet,warp_enabled,ft_onedrive_sync,real,v2,sess_20260822_file_transfer_129_flow_00000_prefix_100,prefix_100,0.000,17.559,0,100.000000,26173.000000,261.730000,82.139376,258.500000,406.350000,0.177360,0.204206,0.109703,0.540823,100.000000,0.000000,26173.000000,0.000000,5.695218,1490.609324,74.000000,1.351351,4.214461,0.000000
sess_20260822_file_transfer_129_flow_00001,real_sess_20260822_file_transfer_129,sess_20260822_file_transfer_129,File Transfer,env_win11_eth,NORMAL,day_3,2026-08-22,batch_20260822_01,dev_win11_desktop,ethernet,warp_enabled,ft_onedrive_sync,real,v2,sess_20260822_file_transfer_129_flow_00001_prefix_100,prefix_100,0.000,18.687,0,100.000000,25330.000000,253.300000,85.373825,249.500000,413.400000,0.188762,0.163609,0.159760,0.526082,100.000000,0.000000,25330.000000,0.000000,5.351198,1355.458518,77.000000,1.298701,4.120423,0.000000
sess_20260822_file_transfer_130_flow_00000,real_sess_20260822_file_transfer_130,sess_20260822_file_transfer_130,File Transfer,env_win11_eth,PACKET_LOSS,day_3,2026-08-22,batch_20260822_02,dev_win11_desktop,ethernet,warp_enabled,ft_mega_download,real,v2,sess_20260822_file_transfer_130_flow_00000_prefix_100,prefix_100,0.000,18.032,0,100.000000,16309.000000,163.090000,57.591335,159.000000,264.050000,0.182142,0.183868,0.151476,0.452487,100.000000,0.000000,16309.000000,0.000000,5.545685,904.445766,82.000000,1.219512,4.547462,0.000000
sess_20260822_file_transfer_130_flow_00001,real_sess_20260822_file_transfer_130,sess_20260822_file_transfer_130,File Transfer,env_win11_eth,PACKET_LOSS,day_3,2026-08-22,batch_20260822_02,dev_win11_desktop,ethernet,warp_enabled,ft_mega_download,real,v2,sess_20260822_file_transfer_130_flow_00001_prefix_100,prefix_100,0.000,19.946,0,100.000000,14105.000000,141.050000,46.322214,134.500000,223.250000,0.201471,0.174618,0.145935,0.567679,100.000000,0.000000,14105.000000,0.000000,5.013625,707.171780,81.000000,1.234568,4.061036,0.000000
sess_20260822_file_transfer_131_flow_00000,real_sess_20260822_file_transfer_131,sess_20260822_file_transfer_131,File Transfer,env_win11_cellular,HIGH_LATENCY,day_3,2026-08-22,batch_20260822_03,dev_win11_laptop,cellular,warp_enabled,ft_gdrive_upload,real,v2,sess_20260822_file_transfer_131_flow_00000_prefix_100,prefix_100,0.000,43.613,0,100.000000,27137.000000,271.370000,92.778301,265.500000,415.200000,0.440534,0.389459,0.357801,1.040101,100.000000,0.000000,27137.000000,0.000000,2.292901,622.224496,96.000000,1.041667,2.201185,0.000000
sess_20260822_file_transfer_131_flow_00001,real_sess_20260822_file_transfer_131,sess_20260822_file_transfer_131,File Transfer,env_win11_cellular,HIGH_LATENCY,day_3,2026-08-22,batch_20260822_03,dev_win11_laptop,cellular,warp_enabled,ft_gdrive_upload,real,v2,sess_20260822_file_transfer_131_flow_00001_prefix_100,prefix_100,0.000,44.102,0,100.000000,25384.000000,253.840000,106.474853,244.000000,440.100000,0.445475,0.380942,0.312235,1.084289,100.000000,0.000000,25384.000000,0.000000,2.267469,575.574354,98.000000,1.020408,2.222120,0.000000
sess_20260822_file_transfer_132_flow_00000,real_sess_20260822_file_transfer_132,sess_20260822_file_transfer_132,File Transfer,env_win11_cellular,NORMAL,day_3,2026-08-22,batch_20260822_04,dev_win11_laptop,cellular,warp_disabled,ft_dropbox_download,real,v2,sess_20260822_file_transfer_132_flow_00000_prefix_100,prefix_100,0.000,14.935,0,100.000000,22206.000000,222.060000,68.018941,218.000000,331.500000,0.150861,0.147668,0.105010,0.484309,100.000000,0.000000,22206.000000,0.000000,6.695556,1486.815271,70.000000,1.428571,4.686890,0.000000
sess_20260822_file_transfer_132_flow_00001,real_sess_20260822_file_transfer_132,sess_20260822_file_transfer_132,File Transfer,env_win11_cellular,NORMAL,day_3,2026-08-22,batch_20260822_04,dev_win11_laptop,cellular,warp_disabled,ft_dropbox_download,real,v2,sess_20260822_file_transfer_132_flow_00001_prefix_100,prefix_100,0.000,17.078,0,100.000000,21269.000000,212.690000,74.871048,213.000000,343.050000,0.172500,0.171917,0.105681,0.527915,100.000000,0.000000,21269.000000,0.000000,5.855654,1245.438990,73.000000,1.369863,4.274627,0.000000
sess_20260823_file_transfer_133_flow_00000,real_sess_20260823_file_transfer_133,sess_20260823_file_transfer_133,File Transfer,env_win11_wifi,LOW_BANDWIDTH,day_4,2026-08-23,batch_20260823_02,dev_win11_laptop,wifi,warp_enabled,ft_sftp_sync,real,v2,sess_20260823_file_transfer_133_flow_00000_prefix_100,prefix_100,0.000,14.011,0,100.000000,8489.000000,84.890000,27.269358,86.500000,126.200000,0.141528,0.141953,0.102210,0.380237,100.000000,0.000000,8489.000000,0.000000,7.137126,605.870589,72.000000,1.388889,5.138730,0.000000
sess_20260823_file_transfer_133_flow_00001,real_sess_20260823_file_transfer_133,sess_20260823_file_transfer_133,File Transfer,env_win11_wifi,LOW_BANDWIDTH,day_4,2026-08-23,batch_20260823_02,dev_win11_laptop,wifi,warp_enabled,ft_sftp_sync,real,v2,sess_20260823_file_transfer_133_flow_00001_prefix_100,prefix_100,0.000,22.281,0,100.000000,14276.000000,142.760000,45.159522,142.500000,216.050000,0.225059,0.219713,0.158924,0.693367,100.000000,0.000000,14276.000000,0.000000,4.488161,640.729861,81.000000,1.234568,3.635410,0.000000
sess_20260823_file_transfer_134_flow_00000,real_sess_20260823_file_transfer_134,sess_20260823_file_transfer_134,File Transfer,env_win11_eth,LOW_BANDWIDTH,day_4,2026-08-23,batch_20260823_03,dev_win11_desktop,ethernet,warp_enabled,ft_onedrive_sync,real,v2,sess_20260823_file_transfer_134_flow_00000_prefix_100,prefix_100,0.000,11.666,0,100.000000,15324.000000,153.240000,46.323454,154.500000,229.200000,0.117839,0.120519,0.080776,0.367134,100.000000,0.000000,15324.000000,0.000000,8.571864,1313.552500,70.000000,1.428571,6.000305,0.000000
sess_20260823_file_transfer_134_flow_00001,real_sess_20260823_file_transfer_134,sess_20260823_file_transfer_134,File Transfer,env_win11_eth,LOW_BANDWIDTH,day_4,2026-08-23,batch_20260823_03,dev_win11_desktop,ethernet,warp_enabled,ft_onedrive_sync,real,v2,sess_20260823_file_transfer_134_flow_00001_prefix_100,prefix_100,0.000,21.344,0,100.000000,12426.000000,124.260000,45.844655,128.000000,194.250000,0.215597,0.217907,0.145423,0.610230,100.000000,0.000000,12426.000000,0.000000,4.685143,582.175896,78.000000,1.282051,3.654412,0.000000
sess_20260823_file_transfer_135_flow_00000,real_sess_20260823_file_transfer_135,sess_20260823_file_transfer_135,File Transfer,env_win11_cellular,NORMAL,day_4,2026-08-23,batch_20260823_04,dev_win11_laptop,cellular,warp_enabled,ft_mega_download,real,v2,sess_20260823_file_transfer_135_flow_00000_prefix_100,prefix_100,0.000,6.645,0,100.000000,37867.000000,378.670000,131.378693,390.500000,610.550000,0.067120,0.067324,0.045246,0.221869,100.000000,0.000000,37867.000000,0.000000,15.049173,5698.670202,46.000000,2.173913,6.922619,0.000000
sess_20260823_file_transfer_135_flow_00001,real_sess_20260823_file_transfer_135,sess_20260823_file_transfer_135,File Transfer,env_win11_cellular,NORMAL,day_4,2026-08-23,batch_20260823_04,dev_win11_laptop,cellular,warp_enabled,ft_mega_download,real,v2,sess_20260823_file_transfer_135_flow_00001_prefix_100,prefix_100,0.000,6.839,0,100.000000,37891.000000,378.910000,130.692853,383.500000,570.100000,0.069078,0.073515,0.046601,0.198668,100.000000,0.000000,37891.000000,0.000000,14.622697,5540.686121,43.000000,2.325581,6.287760,0.000000
sess_20260820_other_136_flow_00000,real_sess_20260820_other_136,sess_20260820_other_136,Other,env_win11_wifi,NORMAL,day_1,2026-08-20,batch_20260820_01,dev_win11_laptop,wifi,warp_enabled,oth_dns_ntp_sync,real,v2,sess_20260820_other_136_flow_00000_prefix_100,prefix_100,0.000,17.239,0,100.000000,19179.000000,191.790000,74.561021,180.500000,334.050000,0.174133,0.177797,0.103889,0.542142,100.000000,0.000000,19179.000000,0.000000,5.800743,1112.524535,74.000000,1.351351,4.292550,0.000000
sess_20260820_other_136_flow_00001,real_sess_20260820_other_136,sess_20260820_other_136,Other,env_win11_wifi,NORMAL,day_1,2026-08-20,batch_20260820_01,dev_win11_laptop,wifi,warp_enabled,oth_dns_ntp_sync,real,v2,sess_20260820_other_136_flow_00001_prefix_100,prefix_100,0.000,17.107,0,100.000000,20815.000000,208.150000,75.277935,213.500000,313.050000,0.172801,0.155225,0.127201,0.488156,100.000000,0.000000,20815.000000,0.000000,5.845455,1216.731502,77.000000,1.298701,4.501001,0.000000
sess_20260820_other_137_flow_00000,real_sess_20260820_other_137,sess_20260820_other_137,Other,env_win11_wifi,LOW_BANDWIDTH,day_1,2026-08-20,batch_20260820_02,dev_win11_laptop,wifi,warp_enabled,oth_os_update_check,real,v2,sess_20260820_other_137_flow_00000_prefix_100,prefix_100,0.000,39.690,0,100.000000,10162.000000,101.620000,34.662308,98.500000,155.150000,0.400907,0.347583,0.309166,1.230810,100.000000,0.000000,10162.000000,0.000000,2.519542,256.035867,91.000000,1.098901,2.292783,0.000000
sess_20260820_other_137_flow_00001,real_sess_20260820_other_137,sess_20260820_other_137,Other,env_win11_wifi,LOW_BANDWIDTH,day_1,2026-08-20,batch_20260820_02,dev_win11_laptop,wifi,warp_enabled,oth_os_update_check,real,v2,sess_20260820_other_137_flow_00001_prefix_100,prefix_100,0.000,28.328,0,100.000000,12626.000000,126.260000,44.929416,121.500000,196.350000,0.286138,0.281686,0.192272,0.738273,100.000000,0.000000,12626.000000,0.000000,3.530122,445.713144,88.000000,1.136364,3.106507,0.000000
sess_20260820_other_138_flow_00000,real_sess_20260820_other_138,sess_20260820_other_138,Other,env_win11_eth,NORMAL,day_1,2026-08-20,batch_20260820_03,dev_win11_desktop,ethernet,warp_disabled,oth_telemetry_heartbeat,real,v2,sess_20260820_other_138_flow_00000_prefix_100,prefix_100,0.000,23.001,0,100.000000,18763.000000,187.630000,61.782304,192.000000,281.150000,0.232333,0.218359,0.158527,0.737000,100.000000,0.000000,18763.000000,0.000000,4.347635,815.746663,86.000000,1.162791,3.738966,0.000000
sess_20260820_other_138_flow_00001,real_sess_20260820_other_138,sess_20260820_other_138,Other,env_win11_eth,NORMAL,day_1,2026-08-20,batch_20260820_03,dev_win11_desktop,ethernet,warp_disabled,oth_telemetry_heartbeat,real,v2,sess_20260820_other_138_flow_00001_prefix_100,prefix_100,0.000,18.094,0,100.000000,19447.000000,194.470000,62.047475,198.000000,295.000000,0.182764,0.146281,0.154265,0.409848,100.000000,0.000000,19447.000000,0.000000,5.526818,1074.800376,78.000000,1.282051,4.310918,0.000000
sess_20260820_other_139_flow_00000,real_sess_20260820_other_139,sess_20260820_other_139,Other,env_win11_eth,HIGH_LATENCY,day_1,2026-08-20,batch_20260820_04,dev_win11_desktop,ethernet,warp_enabled,oth_idle_keepalive,real,v2,sess_20260820_other_139_flow_00000_prefix_100,prefix_100,0.000,68.976,0,100.000000,26641.000000,266.410000,97.509086,264.500000,432.550000,0.696729,0.693813,0.488042,1.899650,100.000000,0.000000,26641.000000,0.000000,1.449776,386.234831,91.000000,1.098901,1.319296,0.000000
sess_20260820_other_139_flow_00001,real_sess_20260820_other_139,sess_20260820_other_139,Other,env_win11_eth,HIGH_LATENCY,day_1,2026-08-20,batch_20260820_04,dev_win11_desktop,ethernet,warp_enabled,oth_idle_keepalive,real,v2,sess_20260820_other_139_flow_00001_prefix_100,prefix_100,0.000,32.961,0,100.000000,26847.000000,268.470000,89.043748,279.000000,397.750000,0.332937,0.348245,0.225149,0.896464,100.000000,0.000000,26847.000000,0.000000,3.033914,814.514968,86.000000,1.162791,2.609166,0.000000
sess_20260821_other_140_flow_00000,real_sess_20260821_other_140,sess_20260821_other_140,Other,env_win11_wifi,NORMAL,day_2,2026-08-21,batch_20260821_01,dev_win11_laptop,wifi,warp_enabled,oth_cloud_backup,real,v2,sess_20260821_other_140_flow_00000_prefix_100,prefix_100,0.000,9.885,0,100.000000,35244.000000,352.440000,119.564319,358.000000,539.100000,0.099845,0.104099,0.066315,0.328782,100.000000,0.000000,35244.000000,0.000000,10.116709,3565.533043,60.000000,1.666667,6.070026,0.000000
sess_20260821_other_140_flow_00001,real_sess_20260821_other_140,sess_20260821_other_140,Other,env_win11_wifi,NORMAL,day_2,2026-08-21,batch_20260821_01,dev_win11_laptop,wifi,warp_enabled,oth_cloud_backup,real,v2,sess_20260821_other_140_flow_00001_prefix_100,prefix_100,0.000,9.048,0,100.000000,35476.000000,354.760000,108.963216,348.000000,532.100000,0.091395,0.083637,0.072085,0.231820,100.000000,0.000000,35476.000000,0.000000,11.052052,3920.825884,64.000000,1.562500,7.073313,0.000000
sess_20260821_other_141_flow_00000,real_sess_20260821_other_141,sess_20260821_other_141,Other,env_win11_wifi,HIGH_LATENCY,day_2,2026-08-21,batch_20260821_02,dev_win11_laptop,wifi,warp_enabled,oth_dns_ntp_sync,real,v2,sess_20260821_other_141_flow_00000_prefix_100,prefix_100,0.000,42.474,0,100.000000,28335.000000,283.350000,102.762676,276.500000,432.650000,0.429035,0.393210,0.312201,1.113613,100.000000,0.000000,28335.000000,0.000000,2.354355,667.106499,91.000000,1.098901,2.142463,0.000000
sess_20260821_other_141_flow_00001,real_sess_20260821_other_141,sess_20260821_other_141,Other,env_win11_wifi,HIGH_LATENCY,day_2,2026-08-21,batch_20260821_02,dev_win11_laptop,wifi,warp_enabled,oth_dns_ntp_sync,real,v2,sess_20260821_other_141_flow_00001_prefix_100,prefix_100,0.000,39.507,0,100.000000,27976.000000,279.760000,96.572369,273.500000,443.450000,0.399058,0.443013,0.299994,1.136801,100.000000,0.000000,27976.000000,0.000000,2.531215,708.132657,92.000000,1.086957,2.328718,0.000000
sess_20260821_other_142_flow_00000,real_sess_20260821_other_142,sess_20260821_other_142,Other,env_win11_cellular,NORMAL,day_2,2026-08-21,batch_20260821_03,dev_win11_laptop,cellular,warp_disabled,oth_os_update_check,real,v2,sess_20260821_other_142_flow_00000_prefix_100,prefix_100,0.000,10.521,0,100.000000,55055.000000,550.550000,199.452570,541.500000,855.450000,0.106270,0.089495,0.090020,0.241899,100.000000,0.000000,55055.000000,0.000000,9.505010,5232.983523,66.000000,1.515152,6.273307,0.000000
sess_20260821_other_142_flow_00001,real_sess_20260821_other_142,sess_20260821_other_142,Other,env_win11_cellular,NORMAL,day_2,2026-08-21,batch_20260821_03,dev_win11_laptop,cellular,warp_disabled,oth_os_update_check,real,v2,sess_20260821_other_142_flow_00001_prefix_100,prefix_100,0.000,11.288,0,100.000000,54129.000000,541.290000,194.402741,524.000000,879.400000,0.114019,0.118660,0.071648,0.347261,100.000000,0.000000,54129.000000,0.000000,8.859080,4795.331292,65.000000,1.538462,5.758402,0.000000
sess_20260821_other_143_flow_00000,real_sess_20260821_other_143,sess_20260821_other_143,Other,env_win11_cellular,LOW_BANDWIDTH,day_2,2026-08-21,batch_20260821_04,dev_win11_laptop,cellular,warp_enabled,oth_telemetry_heartbeat,real,v2,sess_20260821_other_143_flow_00000_prefix_100,prefix_100,0.000,22.652,0,100.000000,15061.000000,150.610000,59.222782,138.500000,249.300000,0.228807,0.217522,0.136199,0.627172,100.000000,0.000000,15061.000000,0.000000,4.414635,664.888228,74.000000,1.351351,3.266830,0.000000
sess_20260821_other_143_flow_00001,real_sess_20260821_other_143,sess_20260821_other_143,Other,env_win11_cellular,LOW_BANDWIDTH,day_2,2026-08-21,batch_20260821_04,dev_win11_laptop,cellular,warp_enabled,oth_telemetry_heartbeat,real,v2,sess_20260821_other_143_flow_00001_prefix_100,prefix_100,0.000,19.691,0,100.000000,16541.000000,165.410000,52.521252,165.000000,251.200000,0.198897,0.194910,0.161775,0.582975,100.000000,0.000000,16541.000000,0.000000,5.078509,840.036111,71.000000,1.408451,3.605741,0.000000
sess_20260822_other_144_flow_00000,real_sess_20260822_other_144,sess_20260822_other_144,Other,env_win11_eth,NORMAL,day_3,2026-08-22,batch_20260822_01,dev_win11_desktop,ethernet,warp_enabled,oth_idle_keepalive,real,v2,sess_20260822_other_144_flow_00000_prefix_100,prefix_100,0.000,7.623,0,100.000000,40623.000000,406.230000,131.082635,398.000000,639.050000,0.077004,0.084100,0.048645,0.217382,100.000000,0.000000,40623.000000,0.000000,13.117554,5328.744157,50.000000,2.000000,6.558777,0.000000
sess_20260822_other_144_flow_00001,real_sess_20260822_other_144,sess_20260822_other_144,Other,env_win11_eth,NORMAL,day_3,2026-08-22,batch_20260822_01,dev_win11_desktop,ethernet,warp_enabled,oth_idle_keepalive,real,v2,sess_20260822_other_144_flow_00001_prefix_100,prefix_100,0.000,8.884,0,100.000000,42088.000000,420.880000,157.166426,435.500000,640.500000,0.089736,0.103034,0.053547,0.248148,100.000000,0.000000,42088.000000,0.000000,11.256313,4737.557032,53.000000,1.886792,5.965846,0.000000
sess_20260822_other_145_flow_00000,real_sess_20260822_other_145,sess_20260822_other_145,Other,env_win11_eth,PACKET_LOSS,day_3,2026-08-22,batch_20260822_02,dev_win11_desktop,ethernet,warp_enabled,oth_cloud_backup,real,v2,sess_20260822_other_145_flow_00000_prefix_100,prefix_100,0.000,8.806,0,100.000000,31718.000000,317.180000,108.736965,312.000000,469.650000,0.088948,0.087602,0.065004,0.272285,100.000000,0.000000,31718.000000,0.000000,11.356025,3601.903940,55.000000,1.818182,6.245814,0.000000
sess_20260822_other_145_flow_00001,real_sess_20260822_other_145,sess_20260822_other_145,Other,env_win11_eth,PACKET_LOSS,day_3,2026-08-22,batch_20260822_02,dev_win11_desktop,ethernet,warp_enabled,oth_cloud_backup,real,v2,sess_20260822_other_145_flow_00001_prefix_100,prefix_100,0.000,7.753,0,100.000000,29581.000000,295.810000,101.717029,290.000000,465.000000,0.078314,0.073060,0.058379,0.237662,100.000000,0.000000,29581.000000,0.000000,12.898065,3815.376652,56.000000,1.785714,7.222916,0.000000
sess_20260822_other_146_flow_00000,real_sess_20260822_other_146,sess_20260822_other_146,Other,env_win11_cellular,HIGH_LATENCY,day_3,2026-08-22,batch_20260822_03,dev_win11_laptop,cellular,warp_enabled,oth_dns_ntp_sync,real,v2,sess_20260822_other_146_flow_00000_prefix_100,prefix_100,0.000,32.889,0,100.000000,41940.000000,419.400000,142.017182,410.000000,665.000000,0.332210,0.313627,0.241110,0.940726,100.000000,0.000000,41940.000000,0.000000,3.040551,1275.207139,89.000000,1.123596,2.706090,0.000000
sess_20260822_other_146_flow_00001,real_sess_20260822_other_146,sess_20260822_other_146,Other,env_win11_cellular,HIGH_LATENCY,day_3,2026-08-22,batch_20260822_03,dev_win11_laptop,cellular,warp_enabled,oth_dns_ntp_sync,real,v2,sess_20260822_other_146_flow_00001_prefix_100,prefix_100,0.000,38.390,0,100.000000,44550.000000,445.500000,141.721876,446.500000,715.400000,0.387777,0.427911,0.226878,1.158200,100.000000,0.000000,44550.000000,0.000000,2.604848,1160.459846,81.000000,1.234568,2.109927,0.000000
sess_20260822_other_147_flow_00000,real_sess_20260822_other_147,sess_20260822_other_147,Other,env_win11_cellular,NORMAL,day_3,2026-08-22,batch_20260822_04,dev_win11_laptop,cellular,warp_disabled,oth_os_update_check,real,v2,sess_20260822_other_147_flow_00000_prefix_100,prefix_100,0.000,10.738,0,100.000000,38491.000000,384.910000,141.593580,379.000000,600.300000,0.108469,0.108269,0.070343,0.305654,100.000000,0.000000,38491.000000,0.000000,9.312350,3584.416539,59.000000,1.694915,5.494286,0.000000
sess_20260822_other_147_flow_00001,real_sess_20260822_other_147,sess_20260822_other_147,Other,env_win11_cellular,NORMAL,day_3,2026-08-22,batch_20260822_04,dev_win11_laptop,cellular,warp_disabled,oth_os_update_check,real,v2,sess_20260822_other_147_flow_00001_prefix_100,prefix_100,0.000,8.984,0,100.000000,37026.000000,370.260000,134.093297,365.500000,567.450000,0.090744,0.095790,0.060736,0.260779,100.000000,0.000000,37026.000000,0.000000,11.131277,4121.466730,60.000000,1.666667,6.678766,0.000000
sess_20260823_other_148_flow_00000,real_sess_20260823_other_148,sess_20260823_other_148,Other,env_win11_wifi,LOW_BANDWIDTH,day_4,2026-08-23,batch_20260823_02,dev_win11_laptop,wifi,warp_enabled,oth_telemetry_heartbeat,real,v2,sess_20260823_other_148_flow_00000_prefix_100,prefix_100,0.000,9.720,0,100.000000,25186.000000,251.860000,87.468511,265.000000,398.200000,0.098181,0.098223,0.069937,0.304727,100.000000,0.000000,25186.000000,0.000000,10.288188,2591.183096,62.000000,1.612903,6.378677,0.000000
sess_20260823_other_148_flow_00001,real_sess_20260823_other_148,sess_20260823_other_148,Other,env_win11_wifi,LOW_BANDWIDTH,day_4,2026-08-23,batch_20260823_02,dev_win11_laptop,wifi,warp_enabled,oth_telemetry_heartbeat,real,v2,sess_20260823_other_148_flow_00001_prefix_100,prefix_100,0.000,8.347,0,100.000000,27669.000000,276.690000,92.649090,283.000000,420.200000,0.084316,0.086718,0.055834,0.229672,100.000000,0.000000,27669.000000,0.000000,11.979929,3314.726446,52.000000,1.923077,6.229563,0.000000
sess_20260823_other_149_flow_00000,real_sess_20260823_other_149,sess_20260823_other_149,Other,env_win11_eth,LOW_BANDWIDTH,day_4,2026-08-23,batch_20260823_03,dev_win11_desktop,ethernet,warp_enabled,oth_idle_keepalive,real,v2,sess_20260823_other_149_flow_00000_prefix_100,prefix_100,0.000,7.854,0,100.000000,24009.000000,240.090000,90.799240,233.000000,368.750000,0.079335,0.096821,0.047888,0.232757,100.000000,0.000000,24009.000000,0.000000,12.732106,3056.851221,48.000000,2.083333,6.111411,0.000000
sess_20260823_other_149_flow_00001,real_sess_20260823_other_149,sess_20260823_other_149,Other,env_win11_eth,LOW_BANDWIDTH,day_4,2026-08-23,batch_20260823_03,dev_win11_desktop,ethernet,warp_enabled,oth_idle_keepalive,real,v2,sess_20260823_other_149_flow_00001_prefix_100,prefix_100,0.000,12.379,0,100.000000,15810.000000,158.100000,62.026043,150.500000,269.150000,0.125045,0.103735,0.102565,0.302153,100.000000,0.000000,15810.000000,0.000000,8.077929,1277.120562,67.000000,1.492537,5.412212,0.000000
sess_20260823_other_150_flow_00000,real_sess_20260823_other_150,sess_20260823_other_150,Other,env_win11_cellular,NORMAL,day_4,2026-08-23,batch_20260823_04,dev_win11_laptop,cellular,warp_enabled,oth_cloud_backup,real,v2,sess_20260823_other_150_flow_00000_prefix_100,prefix_100,0.000,10.695,0,100.000000,24293.000000,242.930000,87.740784,253.500000,375.250000,0.108034,0.117741,0.063088,0.350783,100.000000,0.000000,24293.000000,0.000000,9.349815,2271.350533,55.000000,1.818182,5.142398,0.000000
sess_20260823_other_150_flow_00001,real_sess_20260823_other_150,sess_20260823_other_150,Other,env_win11_cellular,NORMAL,day_4,2026-08-23,batch_20260823_04,dev_win11_laptop,cellular,warp_enabled,oth_cloud_backup,real,v2,sess_20260823_other_150_flow_00001_prefix_100,prefix_100,0.000,9.329,0,100.000000,24240.000000,242.400000,69.215461,241.000000,369.750000,0.094236,0.102010,0.067846,0.294495,100.000000,0.000000,24240.000000,0.000000,10.718853,2598.249960,58.000000,1.724138,6.216935,0.000000
