flow_id,file_id,session_id,traffic_class,environment_id,network_condition_id,capture_day,capture_date,collection_batch,device_id,interface_type,tunnel_state,activity_variant,data_origin,dataset_version,window_id,window_type,window_start,window_end,packet_offset,packet_count,byte_count,mean_packet_size,std_packet_size,median_packet_size,p95_packet_size,mean_iat,std_iat,median_iat,p95_iat,forward_packet_count,backward_packet_count,forward_byte_count,backward_byte_count,packet_rate,byte_rate,burst_count,mean_burst_size,burst_rate,direction_switch_count
20260823_144333_web_001_5c95_flow_00000,real_20260823_144333_web_001_5c95,20260823_144333_web_001_5c95,Web,env_win11_wifi,NORMAL,day_4,2026-08-23,batch_20260823_01,dev_win11_laptop,wifi,warp_enabled,web_tech_blogs,real,v2,20260823_144333_web_001_5c95_flow_00000_whole,whole_flow,0.000,60.951,0,2321.000000,542351.000000,233.671262,79.769784,232.000000,365.000000,0.026272,0.026542,0.018367,0.077869,2321.000000,0.000000,542351.000000,0.000000,38.079945,8898.188704,330.000000,7.033333,5.414210,0.000000
20260823_144333_web_001_5c95_flow_00001,real_20260823_144333_web_001_5c95,20260823_144333_web_001_5c95,Web,env_win11_wifi,NORMAL,day_4,2026-08-23,batch_20260823_01,dev_win11_laptop,wifi,warp_enabled,web_tech_blogs,real,v2,20260823_144333_web_001_5c95_flow_00001_whole,whole_flow,0.000,59.404,0,3726.000000,3966731.000000,1064.608427,319.070481,1111.500000,1420.000000,0.015947,0.015770,0.011055,0.047856,3726.000000,0.000000,3966731.000000,0.000000,62.723382,66775.840997,165.000000,22.581818,2.777605,0.000000
20260823_145151_web_001_0bbf_flow_00000,real_20260823_145151_web_001_0bbf,20260823_145151_web_001_0bbf,Web,env_win11_wifi,NORMAL,day_4,2026-08-23,batch_20260823_01,dev_win11_laptop,wifi,warp_enabled,web_ecommerce,real,v2,20260823_145151_web_001_0bbf_flow_00000_whole,whole_flow,0.000,65.550,0,528.000000,145919.000000,276.361742,91.885757,278.000000,433.950000,0.124383,0.121356,0.088223,0.358800,528.000000,0.000000,145919.000000,0.000000,8.054921,2226.071919,358.000000,1.474860,5.461480,0.000000
20260823_145151_web_001_0bbf_flow_00001,real_20260823_145151_web_001_0bbf,20260823_145151_web_001_0bbf,Web,env_win11_wifi,NORMAL,day_4,2026-08-23,batch_20260823_01,dev_win11_laptop,wifi,warp_enabled,web_ecommerce,real,v2,20260823_145151_web_001_0bbf_flow_00001_whole,whole_flow,0.000,58.795,0,484.000000,108901.000000,225.002066,78.041510,223.500000,368.400000,0.121728,0.117031,0.083868,0.340113,484.000000,0.000000,108901.000000,0.000000,8.232016,1852.220714,329.000000,1.471125,5.595730,0.000000
20260823_145551_web_001_da0c_flow_00000,real_20260823_145551_web_001_da0c,20260823_145551_web_001_da0c,Web,env_win11_wifi,NORMAL,day_4,2026-08-23,batch_20260823_01,dev_win11_laptop,wifi,warp_enabled,web_github_docs,real,v2,20260823_145551_web_001_da0c_flow_00000_whole,whole_flow,0.000,59.010,0,623.000000,156367.000000,250.990369,90.564308,250.000000,394.700000,0.094872,0.096416,0.067005,0.300717,623.000000,0.000000,156367.000000,0.000000,10.557498,2649.830383,359.000000,1.735376,6.083695,0.000000
20260823_145551_web_001_da0c_flow_00001,real_20260823_145551_web_001_da0c,20260823_145551_web_001_da0c,Web,env_win11_wifi,NORMAL,day_4,2026-08-23,batch_20260823_01,dev_win11_laptop,wifi,warp_enabled,web_github_docs,real,v2,20260823_145551_web_001_da0c_flow_00001_whole,whole_flow,0.000,59.149,0,744.000000,409697.000000,550.668011,191.660153,559.000000,855.550000,0.079608,0.077362,0.057408,0.233288,744.000000,0.000000,409697.000000,0.000000,12.578494,6926.574463,406.000000,1.832512,6.864071,0.000000
20260823_145946_web_001_c866_flow_00000,real_20260823_145946_web_001_c866,20260823_145946_web_001_c866,Web,env_win11_wifi,NORMAL,day_4,2026-08-23,batch_20260823_01,dev_win11_laptop,wifi,warp_enabled,web_ecommerce,real,v2,20260823_145946_web_001_c866_flow_00000_whole,whole_flow,0.000,60.339,0,1595.000000,507541.000000,318.207524,112.054930,320.000000,498.000000,0.037854,0.036709,0.026473,0.113647,1595.000000,0.000000,507541.000000,0.000000,26.433944,8411.479757,443.000000,3.600451,7.341841,0.000000
20260823_145946_web_001_c866_flow_00001,real_20260823_145946_web_001_c866,20260823_145946_web_001_c866,Web,env_win11_wifi,NORMAL,day_4,2026-08-23,batch_20260823_01,dev_win11_laptop,wifi,warp_enabled,web_ecommerce,real,v2,20260823_145946_web_001_c866_flow_00001_whole,whole_flow,0.000,58.685,0,1735.000000,619439.000000,357.025360,119.542859,361.000000,554.300000,0.033844,0.033879,0.023265,0.100777,1735.000000,0.000000,619439.000000,0.000000,29.564406,10555.242810,409.000000,4.242054,6.969361,0.000000
20260823_150110_web_001_9490_flow_00000,real_20260823_150110_web_001_9490,20260823_150110_web_001_9490,Web,env_win11_wifi,NORMAL,day_4,2026-08-23,batch_20260823_01,dev_win11_laptop,wifi,warp_enabled,web_ecommerce,real,v2,20260823_150110_web_001_9490_flow_00000_whole,whole_flow,0.000,58.303,0,2293.000000,1888938.000000,823.784562,289.462830,828.000000,1296.000000,0.025437,0.025004,0.017637,0.074678,2293.000000,0.000000,1888938.000000,0.000000,39.329289,32398.861100,312.000000,7.349359,5.351390,0.000000
20260823_150110_web_001_9490_flow_00001,real_20260823_150110_web_001_9490,20260823_150110_web_001_9490,Web,env_win11_wifi,NORMAL,day_4,2026-08-23,batch_20260823_01,dev_win11_laptop,wifi,warp_enabled,web_ecommerce,real,v2,20260823_150110_web_001_9490_flow_00001_whole,whole_flow,0.000,58.818,0,1262.000000,317117.000000,251.281300,88.527106,252.000000,401.800000,0.046644,0.047632,0.031991,0.135491,1262.000000,0.000000,317117.000000,0.000000,21.456050,5391.504221,448.000000,2.816964,7.616728,0.000000
20260823_150323_web_001_2c60_flow_00000,real_20260823_150323_web_001_2c60,20260823_150323_web_001_2c60,Web,env_win11_wifi,NORMAL,day_4,2026-08-23,batch_20260823_01,dev_win11_laptop,wifi,warp_enabled,web_tech_blogs,real,v2,20260823_150323_web_001_2c60_flow_00000_whole,whole_flow,0.000,59.470,0,430.000000,80690.000000,187.651163,60.340308,187.500000,277.000000,0.138625,0.134271,0.096720,0.402563,430.000000,0.000000,80690.000000,0.000000,7.230531,1356.817554,311.000000,1.382637,5.229524,0.000000
20260823_150323_web_001_2c60_flow_00001,real_20260823_150323_web_001_2c60,20260823_150323_web_001_2c60,Web,env_win11_wifi,NORMAL,day_4,2026-08-23,batch_20260823_01,dev_win11_laptop,wifi,warp_enabled,web_tech_blogs,real,v2,20260823_150323_web_001_2c60_flow_00001_whole,whole_flow,0.000,57.989,0,479.000000,145702.000000,304.179541,110.036268,308.000000,483.000000,0.121316,0.112147,0.085945,0.341980,479.000000,0.000000,145702.000000,0.000000,8.260165,2512.573127,320.000000,1.496875,5.518273,0.000000
20260823_150454_web_001_17f5_flow_00000,real_20260823_150454_web_001_17f5,20260823_150454_web_001_17f5,Web,env_win11_wifi,NORMAL,day_4,2026-08-23,batch_20260823_01,dev_win11_laptop,wifi,warp_enabled,web_github_docs,real,v2,20260823_150454_web_001_17f5_flow_00000_whole,whole_flow,0.000,64.342,0,626.000000,141173.000000,225.515974,75.088578,225.000000,352.500000,0.102947,0.099650,0.071389,0.299067,626.000000,0.000000,141173.000000,0.000000,9.729281,2194.108229,390.000000,1.605128,6.061373,0.000000
20260823_150454_web_001_17f5_flow_00001,real_20260823_150454_web_001_17f5,20260823_150454_web_001_17f5,Web,env_win11_wifi,NORMAL,day_4,2026-08-23,batch_20260823_01,dev_win11_laptop,wifi,warp_enabled,web_github_docs,real,v2,20260823_150454_web_001_17f5_flow_00001_whole,whole_flow,0.000,53.579,0,607.000000,131573.000000,216.759473,71.930097,216.000000,337.000000,0.088415,0.090958,0.059508,0.260699,607.000000,0.000000,131573.000000,0.000000,11.329011,2455.670534,338.000000,1.795858,6.308412,0.000000
20260823_150634_web_001_ddf0_flow_00000,real_20260823_150634_web_001_ddf0,20260823_150634_web_001_ddf0,Web,env_win11_wifi,NORMAL,day_4,2026-08-23,batch_20260823_01,dev_win11_laptop,wifi,warp_enabled,web_tech_blogs,real,v2,20260823_150634_web_001_ddf0_flow_00000_whole,whole_flow,0.000,60.272,0,421.000000,107375.000000,255.047506,85.943901,250.000000,405.000000,0.143504,0.147011,0.100628,0.432267,421.000000,0.000000,107375.000000,0.000000,6.985024,1781.512888,296.000000,1.422297,4.911086,0.000000
20260823_150634_web_001_ddf0_flow_00001,real_20260823_150634_web_001_ddf0,20260823_150634_web_001_ddf0,Web,env_win11_wifi,NORMAL,day_4,2026-08-23,batch_20260823_01,dev_win11_laptop,wifi,warp_enabled,web_tech_blogs,real,v2,20260823_150634_web_001_ddf0_flow_00001_whole,whole_flow,0.000,64.157,0,401.000000,93863.000000,234.072319,84.753551,234.000000,381.000000,0.160393,0.170570,0.106007,0.502757,401.000000,0.000000,93863.000000,0.000000,6.250280,1463.017476,296.000000,1.354730,4.613673,0.000000
20260823_150817_web_001_e5b6_flow_00000,real_20260823_150817_web_001_e5b6,20260823_150817_web_001_e5b6,Web,env_win11_wifi,NORMAL,day_4,2026-08-23,batch_20260823_01,dev_win11_laptop,wifi,warp_enabled,web_github_docs,real,v2,20260823_150817_web_001_e5b6_flow_00000_whole,whole_flow,0.000,61.077,0,567.000000,184504.000000,325.403880,106.459012,327.000000,501.700000,0.107910,0.106090,0.071544,0.307041,567.000000,0.000000,184504.000000,0.000000,9.283353,3020.838998,368.000000,1.540761,6.025174,0.000000
20260823_150817_web_001_e5b6_flow_00001,real_20260823_150817_web_001_e5b6,20260823_150817_web_001_e5b6,Web,env_win11_wifi,NORMAL,day_4,2026-08-23,batch_20260823_01,dev_win11_laptop,wifi,warp_enabled,web_github_docs,real,v2,20260823_150817_web_001_e5b6_flow_00001_whole,whole_flow,0.000,61.848,0,494.000000,94558.000000,191.412955,70.889230,189.500000,316.350000,0.125453,0.126403,0.084319,0.376904,494.000000,0.000000,94558.000000,0.000000,7.987286,1528.870035,318.000000,1.553459,5.141613,0.000000
20260823_150936_web_001_534c_flow_00000,real_20260823_150936_web_001_534c,20260823_150936_web_001_534c,Web,env_win11_wifi,NORMAL,day_4,2026-08-23,batch_20260823_01,dev_win11_laptop,wifi,warp_enabled,web_ecommerce,real,v2,20260823_150936_web_001_534c_flow_00000_whole,whole_flow,0.000,61.753,0,880.000000,182025.000000,206.846591,70.522984,203.000000,326.050000,0.070254,0.071703,0.046062,0.214483,880.000000,0.000000,182025.000000,0.000000,14.250343,2947.634832,416.000000,2.115385,6.736526,0.000000
20260823_150936_web_001_534c_flow_00001,real_20260823_150936_web_001_534c,20260823_150936_web_001_534c,Web,env_win11_wifi,NORMAL,day_4,2026-08-23,batch_20260823_01,dev_win11_laptop,wifi,warp_enabled,web_ecommerce,real,v2,20260823_150936_web_001_534c_flow_00001_whole,whole_flow,0.000,59.041,0,1029.000000,378136.000000,367.479106,124.563661,366.000000,568.000000,0.057433,0.060228,0.038993,0.181596,1029.000000,0.000000,378136.000000,0.000000,17.428584,6404.640614,426.000000,2.415493,7.215332,0.000000
20260823_151441_video_001_104d_flow_00000,real_20260823_151441_video_001_104d,20260823_151441_video_001_104d,Video,env_win11_wifi,NORMAL,day_4,2026-08-23,batch_20260823_01,dev_win11_laptop,wifi,warp_enabled,vid_twitch_live,real,v2,20260823_151441_video_001_104d_flow_00000_whole,whole_flow,0.000,59.906,0,15441.000000,17835658.000000,1155.084386,308.544558,1263.000000,1420.000000,0.003880,0.003892,0.002680,0.011675,15441.000000,0.000000,17835658.000000,0.000000,257.752203,297725.545230,1.000000,15441.000000,0.016693,0.000000
20260823_151441_video_001_104d_flow_00001,real_20260823_151441_video_001_104d,20260823_151441_video_001_104d,Video,env_win11_wifi,NORMAL,day_4,2026-08-23,batch_20260823_01,dev_win11_laptop,wifi,warp_enabled,vid_twitch_live,real,v2,20260823_151441_video_001_104d_flow_00001_whole,whole_flow,0.000,61.017,0,2510.000000,521232.000000,207.662151,72.683902,209.000000,329.000000,0.024319,0.023845,0.017062,0.072447,2510.000000,0.000000,521232.000000,0.000000,41.136001,8542.390423,326.000000,7.699387,5.342763,0.000000
20260823_151621_video_001_efa4_flow_00000,real_20260823_151621_video_001_efa4,20260823_151621_video_001_efa4,Video,env_win11_wifi,NORMAL,day_4,2026-08-23,batch_20260823_01,dev_win11_laptop,wifi,warp_enabled,vid_vimeo_720p,real,v2,20260823_151621_video_001_efa4_flow_00000_whole,whole_flow,0.000,61.548,0,3919.000000,4227886.000000,1078.817555,316.939461,1127.000000,1420.000000,0.015709,0.015676,0.011016,0.046473,3919.000000,0.000000,4227886.000000,0.000000,63.673890,68692.510116,156.000000,25.121795,2.534608,0.000000
20260823_151621_video_001_efa4_flow_00001,real_20260823_151621_video_001_efa4,20260823_151621_video_001_efa4,Video,env_win11_wifi,NORMAL,day_4,2026-08-23,batch_20260823_01,dev_win11_laptop,wifi,warp_enabled,vid_vimeo_720p,real,v2,20260823_151621_video_001_efa4_flow_00001_whole,whole_flow,0.000,59.206,0,1125.000000,267189.000000,237.501333,82.069560,236.000000,372.600000,0.052675,0.053811,0.034892,0.160600,1125.000000,0.000000,267189.000000,0.000000,19.001387,4512.854660,432.000000,2.604167,7.296532,0.000000
20260823_153012_video_001_641b_flow_00000,real_20260823_153012_video_001_641b,20260823_153012_video_001_641b,Video,env_win11_wifi,NORMAL,day_4,2026-08-23,batch_20260823_01,dev_win11_laptop,wifi,warp_enabled,vid_twitch_live,real,v2,20260823_153012_video_001_641b_flow_00000_whole,whole_flow,0.000,59.345,0,7741.000000,6044419.000000,780.831805,270.129567,785.000000,1225.000000,0.007667,0.007745,0.005287,0.023280,7741.000000,0.000000,6044419.000000,0.000000,130.440957,101852.448062,16.000000,483.812500,0.269611,0.000000
20260823_153012_video_001_641b_flow_00001,real_20260823_153012_video_001_641b,20260823_153012_video_001_641b,Video,env_win11_wifi,NORMAL,day_4,2026-08-23,batch_20260823_01,dev_win11_laptop,wifi,warp_enabled,vid_twitch_live,real,v2,20260823_153012_video_001_641b_flow_00001_whole,whole_flow,0.000,59.817,0,7258.000000,7527594.000000,1037.144392,320.092455,1072.000000,1420.000000,0.008243,0.008266,0.005647,0.024713,7258.000000,0.000000,7527594.000000,0.000000,121.335787,125842.731316,13.000000,558.307692,0.217328,0.000000
20260823_153142_video_001_2480_flow_00000,real_20260823_153142_video_001_2480,20260823_153142_video_001_2480,Video,env_win11_wifi,NORMAL,day_4,2026-08-23,batch_20260823_01,dev_win11_laptop,wifi,warp_enabled,vid_vimeo_720p,real,v2,20260823_153142_video_001_2480_flow_00000_whole,whole_flow,0.000,60.068,0,979.000000,797366.000000,814.469867,282.068248,825.000000,1292.300000,0.061419,0.063814,0.041095,0.193118,979.000000,0.000000,797366.000000,0.000000,16.298150,13274.352237,416.000000,2.353365,6.925465,0.000000
20260823_153142_video_001_2480_flow_00001,real_20260823_153142_video_001_2480,20260823_153142_video_001_2480,Video,env_win11_wifi,NORMAL,day_4,2026-08-23,batch_20260823_01,dev_win11_laptop,wifi,warp_enabled,vid_vimeo_720p,real,v2,20260823_153142_video_001_2480_flow_00001_whole,whole_flow,0.000,57.520,0,510.000000,109834.000000,215.360784,73.608765,215.000000,341.550000,0.113007,0.114176,0.076836,0.316101,510.000000,0.000000,109834.000000,0.000000,8.866430,1909.481280,334.000000,1.526946,5.806642,0.000000
20260823_154438_video_001_566f_flow_00000,real_20260823_154438_video_001_566f,20260823_154438_video_001_566f,Video,env_win11_wifi,NORMAL,day_4,2026-08-23,batch_20260823_01,dev_win11_laptop,wifi,warp_enabled,vid_twitch_live,real,v2,20260823_154438_video_001_566f_flow_00000_whole,whole_flow,0.000,59.006,0,13318.000000,15405170.000000,1156.717976,306.994738,1267.500000,1420.000000,0.004431,0.004440,0.003068,0.013260,13318.000000,0.000000,15405170.000000,0.000000,225.707638,261080.082332,1.000000,13318.000000,0.016948,0.000000
20260823_154438_video_001_566f_flow_00001,real_20260823_154438_video_001_566f,20260823_154438_video_001_566f,Video,env_win11_wifi,NORMAL,day_4,2026-08-23,batch_20260823_01,dev_win11_laptop,wifi,warp_enabled,vid_twitch_live,real,v2,20260823_154438_video_001_566f_flow_00001_whole,whole_flow,0.000,56.195,0,2307.000000,552272.000000,239.389684,82.897205,241.000000,376.000000,0.024369,0.024872,0.016603,0.073904,2307.000000,0.000000,552272.000000,0.000000,41.053499,9827.784017,310.000000,7.441935,5.516508,0.000000
20260823_154613_video_001_c9ea_flow_00000,real_20260823_154613_video_001_c9ea,20260823_154613_video_001_c9ea,Video,env_win11_wifi,NORMAL,day_4,2026-08-23,batch_20260823_01,dev_win11_laptop,wifi,warp_enabled,vid_netflix_4k,real,v2,20260823_154613_video_001_c9ea_flow_00000_whole,whole_flow,0.000,59.403,0,10530.000000,12169131.000000,1155.662963,309.896442,1266.000000,1420.000000,0.005642,0.005532,0.004010,0.016873,10530.000000,0.000000,12169131.000000,0.000000,177.264579,204858.108849,2.000000,5265.000000,0.033668,0.000000
20260823_154613_video_001_c9ea_flow_00001,real_20260823_154613_video_001_c9ea,20260823_154613_video_001_c9ea,Video,env_win11_wifi,NORMAL,day_4,2026-08-23,batch_20260823_01,dev_win11_laptop,wifi,warp_enabled,vid_netflix_4k,real,v2,20260823_154613_video_001_c9ea_flow_00001_whole,whole_flow,0.000,61.670,0,1864.000000,402899.000000,216.147532,76.063978,213.000000,340.850000,0.033103,0.032801,0.023441,0.098762,1864.000000,0.000000,402899.000000,0.000000,30.225403,6533.146240,413.000000,4.513317,6.696937,0.000000
20260823_154721_video_001_0564_flow_00000,real_20260823_154721_video_001_0564,20260823_154721_video_001_0564,Video,env_win11_wifi,NORMAL,day_4,2026-08-23,batch_20260823_01,dev_win11_laptop,wifi,warp_enabled,vid_dailymotion_sd,real,v2,20260823_154721_video_001_0564_flow_00000_whole,whole_flow,0.000,60.250,0,16835.000000,19671517.000000,1168.489278,305.579301,1293.000000,1420.000000,0.003579,0.003617,0.002474,0.010829,16835.000000,0.000000,19671517.000000,0.000000,279.417513,326496.367879,1.000000,16835.000000,0.016597,0.000000
20260823_154721_video_001_0564_flow_00001,real_20260823_154721_video_001_0564,20260823_154721_video_001_0564,Video,env_win11_wifi,NORMAL,day_4,2026-08-23,batch_20260823_01,dev_win11_laptop,wifi,warp_enabled,vid_dailymotion_sd,real,v2,20260823_154721_video_001_0564_flow_00001_whole,whole_flow,0.000,58.700,0,2339.000000,434649.000000,185.826849,64.651058,186.000000,292.000000,0.025107,0.024468,0.018194,0.074319,2339.000000,0.000000,434649.000000,0.000000,39.846473,7404.544494,313.000000,7.472843,5.332170,0.000000
20260823_154851_video_001_b4dc_flow_00000,real_20260823_154851_video_001_b4dc,20260823_154851_video_001_b4dc,Video,env_win11_wifi,NORMAL,day_4,2026-08-23,batch_20260823_01,dev_win11_laptop,wifi,warp_enabled,vid_vimeo_720p,real,v2,20260823_154851_video_001_b4dc_flow_00000_whole,whole_flow,0.000,62.752,0,849.000000,170915.000000,201.313310,68.978280,201.000000,314.000000,0.074000,0.073003,0.050236,0.227821,849.000000,0.000000,170915.000000,0.000000,13.529443,2723.657049,426.000000,1.992958,6.788625,0.000000
20260823_154851_video_001_b4dc_flow_00001,real_20260823_154851_video_001_b4dc,20260823_154851_video_001_b4dc,Video,env_win11_wifi,NORMAL,day_4,2026-08-23,batch_20260823_01,dev_win11_laptop,wifi,warp_enabled,vid_vimeo_720p,real,v2,20260823_154851_video_001_b4dc_flow_00001_whole,whole_flow,0.000,57.794,0,2341.000000,2401150.000000,1025.694148,321.441401,1058.000000,1420.000000,0.024698,0.024602,0.017185,0.072144,2341.000000,0.000000,2401150.000000,0.000000,40.505722,41546.481933,298.000000,7.855705,5.156217,0.000000
20260823_155010_video_001_c5d9_flow_00000,real_20260823_155010_video_001_c5d9,20260823_155010_video_001_c5d9,Video,env_win11_wifi,NORMAL,day_4,2026-08-23,batch_20260823_01,dev_win11_laptop,wifi,warp_enabled,vid_netflix_4k,real,v2,20260823_155010_video_001_c5d9_flow_00000_whole,whole_flow,0.000,59.692,0,10403.000000,11731245.000000,1127.679035,312.648532,1212.000000,1420.000000,0.005739,0.005734,0.003972,0.017357,10403.000000,0.000000,11731245.000000,0.000000,174.277000,196528.518660,1.000000,10403.000000,0.016753,0.000000
20260823_155010_video_001_c5d9_flow_00001,real_20260823_155010_video_001_c5d9,20260823_155010_video_001_c5d9,Video,env_win11_wifi,NORMAL,day_4,2026-08-23,batch_20260823_01,dev_win11_laptop,wifi,warp_enabled,vid_netflix_4k,real,v2,20260823_155010_video_001_c5d9_flow_00001_whole,whole_flow,0.000,61.185,0,2237.000000,537404.000000,240.234242,83.337799,239.000000,377.000000,0.027364,0.027884,0.018395,0.084529,2237.000000,0.000000,537404.000000,0.000000,36.561282,8783.271890,376.000000,5.949468,6.145303,0.000000
20260823_155216_video_001_1ce3_flow_00000,real_20260823_155216_video_001_1ce3,20260823_155216_video_001_1ce3,Video,env_win11_wifi,NORMAL,day_4,2026-08-23,batch_20260823_01,dev_win11_laptop,wifi,warp_enabled,vid_dailymotion_sd,real,v2,20260823_155216_video_001_1ce3_flow_00000_whole,whole_flow,0.000,59.940,0,446.000000,107971.000000,242.087444,85.828403,241.500000,378.250000,0.134697,0.133756,0.091056,0.440844,446.000000,0.000000,107971.000000,0.000000,7.440731,1801.307648,316.000000,1.411392,5.271908,0.000000
20260823_155216_video_001_1ce3_flow_00001,real_20260823_155216_video_001_1ce3,20260823_155216_video_001_1ce3,Video,env_win11_wifi,NORMAL,day_4,2026-08-23,batch_20260823_01,dev_win11_laptop,wifi,warp_enabled,vid_dailymotion_sd,real,v2,20260823_155216_video_001_1ce3_flow_00001_whole,whole_flow,0.000,58.331,0,490.000000,144065.000000,294.010204,104.635782,299.000000,467.000000,0.119286,0.112944,0.082149,0.345017,490.000000,0.000000,144065.000000,0.000000,8.400368,2469.793910,330.000000,1.484848,5.657391,0.000000
20260823_155349_messaging_001_f90a_flow_00000,real_20260823_155349_messaging_001_f90a,20260823_155349_messaging_001_f90a,Messaging,env_win11_wifi,NORMAL,day_4,2026-08-23,batch_20260823_01,dev_win11_laptop,wifi,warp_enabled,msg_whatsapp_web,real,v2,20260823_155349_messaging_001_f90a_flow_00000_whole,whole_flow,0.000,60.392,0,5994.000000,6696409.000000,1117.185352,315.899895,1197.000000,1420.000000,0.010077,0.010150,0.006961,0.030069,5994.000000,0.000000,6696409.000000,0.000000,99.252312,110883.229064,47.000000,127.531915,0.778255,0.000000
20260823_155349_messaging_001_f90a_flow_00001,real_20260823_155349_messaging_001_f90a,20260823_155349_messaging_001_f90a,Messaging,env_win11_wifi,NORMAL,day_4,2026-08-23,batch_20260823_01,dev_win11_laptop,wifi,warp_enabled,msg_whatsapp_web,real,v2,20260823_155349_messaging_001_f90a_flow_00001_whole,whole_flow,0.000,56.495,0,1313.000000,270687.000000,206.159177,70.872507,206.000000,326.400000,0.043060,0.041013,0.030407,0.122187,1313.000000,0.000000,270687.000000,0.000000,23.241023,4791.350095,417.000000,3.148681,7.381193,0.000000
20260823_155823_messaging_001_2056_flow_00000,real_20260823_155823_messaging_001_2056,20260823_155823_messaging_001_2056,Messaging,env_win11_wifi,NORMAL,day_4,2026-08-23,batch_20260823_01,dev_win11_laptop,wifi,warp_enabled,msg_slack_chat,real,v2,20260823_155823_messaging_001_2056_flow_00000_whole,whole_flow,0.000,58.570,0,6411.000000,1395290.000000,217.639994,74.934209,218.000000,340.000000,0.009137,0.009261,0.006449,0.027236,6411.000000,0.000000,1395290.000000,0.000000,109.458292,23822.502031,33.000000,194.272727,0.563426,0.000000
20260823_155823_messaging_001_2056_flow_00001,real_20260823_155823_messaging_001_2056,20260823_155823_messaging_001_2056,Messaging,env_win11_wifi,NORMAL,day_4,2026-08-23,batch_20260823_01,dev_win11_laptop,wifi,warp_enabled,msg_slack_chat,real,v2,20260823_155823_messaging_001_2056_flow_00001_whole,whole_flow,0.000,57.876,0,45844.000000,54013801.000000,1178.208730,302.932436,1313.000000,1420.000000,0.001262,0.001266,0.000878,0.003778,45844.000000,0.000000,54013801.000000,0.000000,792.101826,933261.286704,1.000000,45844.000000,0.017278,0.000000
20260823_160152_messaging_001_2144_flow_00000,real_20260823_160152_messaging_001_2144,20260823_160152_messaging_001_2144,Messaging,env_win11_wifi,NORMAL,day_4,2026-08-23,batch_20260823_01,dev_win11_laptop,wifi,warp_enabled,msg_discord_text,real,v2,20260823_160152_messaging_001_2144_flow_00000_whole,whole_flow,0.000,61.182,0,1950.000000,412762.000000,211.672821,75.681259,209.000000,339.000000,0.031391,0.030381,0.022138,0.091912,1950.000000,0.000000,412762.000000,0.000000,31.872157,6746.469377,385.000000,5.064935,6.292708,0.000000
20260823_160152_messaging_001_2144_flow_00001,real_20260823_160152_messaging_001_2144,20260823_160152_messaging_001_2144,Messaging,env_win11_wifi,NORMAL,day_4,2026-08-23,batch_20260823_01,dev_win11_laptop,wifi,warp_enabled,msg_discord_text,real,v2,20260823_160152_messaging_001_2144_flow_00001_whole,whole_flow,0.000,59.065,0,12738.000000,14820027.000000,1163.450071,304.999956,1277.000000,1420.000000,0.004637,0.004599,0.003252,0.013932,12738.000000,0.000000,14820027.000000,0.000000,215.662454,250912.497717,1.000000,12738.000000,0.016931,0.000000
20260823_160304_messaging_001_b4de_flow_00000,real_20260823_160304_messaging_001_b4de,20260823_160304_messaging_001_b4de,Messaging,env_win11_wifi,NORMAL,day_4,2026-08-23,batch_20260823_01,dev_win11_laptop,wifi,warp_enabled,msg_slack_chat,real,v2,20260823_160304_messaging_001_b4de_flow_00000_whole,whole_flow,0.000,59.002,0,2182.000000,480340.000000,220.137489,75.286306,221.000000,345.000000,0.027053,0.026813,0.018534,0.080170,2182.000000,0.000000,480340.000000,0.000000,36.981960,8141.115803,360.000000,6.061111,6.101515,0.000000
20260823_160304_messaging_001_b4de_flow_00001,real_20260823_160304_messaging_001_b4de,20260823_160304_messaging_001_b4de,Messaging,env_win11_wifi,NORMAL,day_4,2026-08-23,batch_20260823_01,dev_win11_laptop,wifi,warp_enabled,msg_slack_chat,real,v2,20260823_160304_messaging_001_b4de_flow_00001_whole,whole_flow,0.000,59.880,0,13172.000000,15253229.000000,1158.004024,306.672880,1269.000000,1420.000000,0.004546,0.004642,0.003134,0.013774,13172.000000,0.000000,15253229.000000,0.000000,219.972541,254729.087267,1.000000,13172.000000,0.016700,0.000000
20260823_160438_messaging_001_3d1b_flow_00000,real_20260823_160438_messaging_001_3d1b,20260823_160438_messaging_001_3d1b,Messaging,env_win11_wifi,NORMAL,day_4,2026-08-23,batch_20260823_01,dev_win11_laptop,wifi,warp_enabled,msg_slack_chat,real,v2,20260823_160438_messaging_001_3d1b_flow_00000_whole,whole_flow,0.000,60.751,0,7460.000000,8138065.000000,1090.893432,317.694828,1148.000000,1420.000000,0.008145,0.008132,0.005621,0.024474,7460.000000,0.000000,8138065.000000,0.000000,122.797005,133958.446303,14.000000,532.857143,0.230450,0.000000
20260823_160438_messaging_001_3d1b_flow_00001,real_20260823_160438_messaging_001_3d1b,20260823_160438_messaging_001_3d1b,Messaging,env_win11_wifi,NORMAL,day_4,2026-08-23,batch_20260823_01,dev_win11_laptop,wifi,warp_enabled,msg_slack_chat,real,v2,20260823_160438_messaging_001_3d1b_flow_00001_whole,whole_flow,0.000,60.659,0,1971.000000,449666.000000,228.141045,75.589081,227.000000,353.500000,0.030792,0.030084,0.021407,0.091134,1971.000000,0.000000,449666.000000,0.000000,32.492898,7412.963734,403.000000,4.890819,6.643652,0.000000
20260823_160546_messaging_001_240e_flow_00000,real_20260823_160546_messaging_001_240e,20260823_160546_messaging_001_240e,Messaging,env_win11_wifi,NORMAL,day_4,2026-08-23,batch_20260823_01,dev_win11_laptop,wifi,warp_enabled,msg_discord_text,real,v2,20260823_160546_messaging_001_240e_flow_00000_whole,whole_flow,0.000,59.994,0,8501.000000,9730635.000000,1144.645924,307.928855,1238.000000,1420.000000,0.007058,0.006971,0.004910,0.020915,8501.000000,0.000000,9730635.000000,0.000000,141.698674,162194.809561,7.000000,1214.428571,0.116679,0.000000
20260823_160546_messaging_001_240e_flow_00001,real_20260823_160546_messaging_001_240e,20260823_160546_messaging_001_240e,Messaging,env_win11_wifi,NORMAL,day_4,2026-08-23,batch_20260823_01,dev_win11_laptop,wifi,warp_enabled,msg_discord_text,real,v2,20260823_160546_messaging_001_240e_flow_00001_whole,whole_flow,0.000,58.054,0,1544.000000,283048.000000,183.321244,63.840001,182.000000,290.000000,0.037624,0.037283,0.025955,0.113808,1544.000000,0.000000,283048.000000,0.000000,26.595946,4875.601984,426.000000,3.624413,7.338001,0.000000
20260823_160655_messaging_001_72b1_flow_00000,real_20260823_160655_messaging_001_72b1,20260823_160655_messaging_001_72b1,Messaging,env_win11_wifi,NORMAL,day_4,2026-08-23,batch_20260823_01,dev_win11_laptop,wifi,warp_enabled,msg_telegram_sync,real,v2,20260823_160655_messaging_001_72b1_flow_00000_whole,whole_flow,0.000,66.571,0,519.000000,87803.000000,169.177264,60.265241,164.000000,280.000000,0.128515,0.133251,0.088321,0.381602,519.000000,0.000000,87803.000000,0.000000,7.796185,1318.937184,344.000000,1.508721,5.167413,0.000000
20260823_160655_messaging_001_72b1_flow_00001,real_20260823_160655_messaging_001_72b1,20260823_160655_messaging_001_72b1,Messaging,env_win11_wifi,NORMAL,day_4,2026-08-23,batch_20260823_01,dev_win11_laptop,wifi,warp_enabled,msg_telegram_sync,real,v2,20260823_160655_messaging_001_72b1_flow_00001_whole,whole_flow,0.000,61.125,0,862.000000,601360.000000,697.633411,244.452080,695.500000,1092.950000,0.070993,0.071040,0.050315,0.221648,862.000000,0.000000,601360.000000,0.000000,14.102255,9838.204081,435.000000,1.981609,7.116567,0.000000
20260823_160828_messaging_001_7f33_flow_00000,real_20260823_160828_messaging_001_7f33,20260823_160828_messaging_001_7f33,Messaging,env_win11_wifi,NORMAL,day_4,2026-08-23,batch_20260823_01,dev_win11_laptop,wifi,warp_enabled,msg_discord_text,real,v2,20260823_160828_messaging_001_7f33_flow_00000_whole,whole_flow,0.000,62.911,0,381.000000,70933.000000,186.175853,64.343468,186.000000,290.000000,0.165555,0.169850,0.115642,0.508828,381.000000,0.000000,70933.000000,0.000000,6.056201,1127.518460,293.000000,1.300341,4.657394,0.000000
20260823_160828_messaging_001_7f33_flow_00001,real_20260823_160828_messaging_001_7f33,20260823_160828_messaging_001_7f33,Messaging,env_win11_wifi,NORMAL,day_4,2026-08-23,batch_20260823_01,dev_win11_laptop,wifi,warp_enabled,msg_discord_text,real,v2,20260823_160828_messaging_001_7f33_flow_00001_whole,whole_flow,0.000,61.441,0,408.000000,108782.000000,266.622549,96.719043,265.000000,425.650000,0.150961,0.143499,0.111269,0.464704,408.000000,0.000000,108782.000000,0.000000,6.640491,1770.504542,298.000000,1.369128,4.850162,0.000000
20260823_160947_messaging_001_869a_flow_00000,real_20260823_160947_messaging_001_869a,20260823_160947_messaging_001_869a,Messaging,env_win11_wifi,NORMAL,day_4,2026-08-23,batch_20260823_01,dev_win11_laptop,wifi,warp_enabled,msg_telegram_sync,real,v2,20260823_160947_messaging_001_869a_flow_00000_whole,whole_flow,0.000,59.684,0,451.000000,114496.000000,253.871397,89.970364,257.000000,405.000000,0.132631,0.135976,0.096346,0.373333,451.000000,0.000000,114496.000000,0.000000,7.556442,1918.364498,298.000000,1.513423,4.992948,0.000000
20260823_160947_messaging_001_869a_flow_00001,real_20260823_160947_messaging_001_869a,20260823_160947_messaging_001_869a,Messaging,env_win11_wifi,NORMAL,day_4,2026-08-23,batch_20260823_01,dev_win11_laptop,wifi,warp_enabled,msg_telegram_sync,real,v2,20260823_160947_messaging_001_869a_flow_00001_whole,whole_flow,0.000,57.090,0,419.000000,73315.000000,174.976134,58.986220,174.000000,268.100000,0.136579,0.127050,0.106238,0.388018,419.000000,0.000000,73315.000000,0.000000,7.339298,1284.201920,303.000000,1.382838,5.307416,0.000000
20260823_161053_messaging_001_e319_flow_00000,real_20260823_161053_messaging_001_e319,20260823_161053_messaging_001_e319,Messaging,env_win11_wifi,NORMAL,day_4,2026-08-23,batch_20260823_01,dev_win11_laptop,wifi,warp_enabled,msg_whatsapp_web,real,v2,20260823_161053_messaging_001_e319_flow_00000_whole,whole_flow,0.000,57.227,0,550.000000,161059.000000,292.834545,97.419878,296.000000,447.650000,0.104238,0.107316,0.072433,0.312679,550.000000,0.000000,161059.000000,0.000000,9.610896,2814.402321,336.000000,1.636905,5.871384,0.000000
20260823_161053_messaging_001_e319_flow_00001,real_20260823_161053_messaging_001_e319,20260823_161053_messaging_001_e319,Messaging,env_win11_wifi,NORMAL,day_4,2026-08-23,batch_20260823_01,dev_win11_laptop,wifi,warp_enabled,msg_whatsapp_web,real,v2,20260823_161053_messaging_001_e319_flow_00001_whole,whole_flow,0.000,57.814,0,589.000000,244849.000000,415.702886,147.061304,409.000000,661.000000,0.098324,0.103585,0.065836,0.304494,589.000000,0.000000,244849.000000,0.000000,10.187771,4235.085812,338.000000,1.742604,5.846293,0.000000
20260823_161401_voip_001_b89f_flow_00000,real_20260823_161401_voip_001_b89f,20260823_161401_voip_001_b89f,VoIP,env_win11_wifi,NORMAL,day_4,2026-08-23,batch_20260823_01,dev_win11_laptop,wifi,warp_enabled,voip_skype_call,real,v2,20260823_161401_voip_001_b89f_flow_00000_whole,whole_flow,0.000,57.635,0,605.000000,239160.000000,395.305785,137.421860,403.000000,622.200000,0.095421,0.090203,0.067429,0.282175,605.000000,0.000000,239160.000000,0.000000,10.497180,4149.595925,363.000000,1.666667,6.298308,0.000000
20260823_161401_voip_001_b89f_flow_00001,real_20260823_161401_voip_001_b89f,20260823_161401_voip_001_b89f,VoIP,env_win11_wifi,NORMAL,day_4,2026-08-23,batch_20260823_01,dev_win11_laptop,wifi,warp_enabled,voip_skype_call,real,v2,20260823_161401_voip_001_b89f_flow_00001_whole,whole_flow,0.000,61.906,0,532.000000,128558.000000,241.650376,86.808827,237.000000,389.450000,0.116584,0.116086,0.075652,0.339872,532.000000,0.000000,128558.000000,0.000000,8.593663,2076.661900,342.000000,1.555556,5.524498,0.000000
20260823_161509_voip_001_9812_flow_00000,real_20260823_161509_voip_001_9812,20260823_161509_voip_001_9812,VoIP,env_win11_wifi,NORMAL,day_4,2026-08-23,batch_20260823_01,dev_win11_laptop,wifi,warp_enabled,voip_meet_audio,real,v2,20260823_161509_voip_001_9812_flow_00000_whole,whole_flow,0.000,55.893,0,511.000000,114679.000000,224.420744,78.226883,226.000000,342.500000,0.109595,0.108004,0.077880,0.333694,511.000000,0.000000,114679.000000,0.000000,9.142390,2051.742038,330.000000,1.548485,5.904088,0.000000
20260823_161509_voip_001_9812_flow_00001,real_20260823_161509_voip_001_9812,20260823_161509_voip_001_9812,VoIP,env_win11_wifi,NORMAL,day_4,2026-08-23,batch_20260823_01,dev_win11_laptop,wifi,warp_enabled,voip_meet_audio,real,v2,20260823_161509_voip_001_9812_flow_00001_whole,whole_flow,0.000,57.607,0,535.000000,139186.000000,260.160748,90.052406,261.000000,412.200000,0.107878,0.109693,0.078063,0.346904,535.000000,0.000000,139186.000000,0.000000,9.287129,2416.146517,333.000000,1.606607,5.780587,0.000000
20260823_161649_voip_001_c01e_flow_00000,real_20260823_161649_voip_001_c01e,20260823_161649_voip_001_c01e,VoIP,env_win11_wifi,NORMAL,day_4,2026-08-23,batch_20260823_01,dev_win11_laptop,wifi,warp_enabled,voip_teams_voice,real,v2,20260823_161649_voip_001_c01e_flow_00000_whole,whole_flow,0.000,59.920,0,447.000000,147272.000000,329.467562,109.327221,326.000000,510.800000,0.134351,0.129384,0.092949,0.384013,447.000000,0.000000,147272.000000,0.000000,7.459888,2457.791119,317.000000,1.410095,5.290346,0.000000
20260823_161649_voip_001_c01e_flow_00001,real_20260823_161649_voip_001_c01e,20260823_161649_voip_001_c01e,VoIP,env_win11_wifi,NORMAL,day_4,2026-08-23,batch_20260823_01,dev_win11_laptop,wifi,warp_enabled,voip_teams_voice,real,v2,20260823_161649_voip_001_c01e_flow_00001_whole,whole_flow,0.000,59.180,0,431.000000,92647.000000,214.958237,76.356400,214.000000,344.000000,0.137628,0.133674,0.103026,0.404284,431.000000,0.000000,92647.000000,0.000000,7.282835,1565.505283,293.000000,1.470990,4.950976,0.000000
20260823_161758_voip_001_0549_flow_00000,real_20260823_161758_voip_001_0549,20260823_161758_voip_001_0549,VoIP,env_win11_wifi,NORMAL,day_4,2026-08-23,batch_20260823_01,dev_win11_laptop,wifi,warp_enabled,voip_meet_audio,real,v2,20260823_161758_voip_001_0549_flow_00000_whole,whole_flow,0.000,64.021,0,320.000000,77218.000000,241.306250,78.221640,237.500000,357.050000,0.200691,0.196202,0.134317,0.609834,320.000000,0.000000,77218.000000,0.000000,4.998397,1206.144460,245.000000,1.306122,3.826898,0.000000
20260823_161758_voip_001_0549_flow_00001,real_20260823_161758_voip_001_0549,20260823_161758_voip_001_0549,VoIP,env_win11_wifi,NORMAL,day_4,2026-08-23,batch_20260823_01,dev_win11_laptop,wifi,warp_enabled,voip_meet_audio,real,v2,20260823_161758_voip_001_0549_flow_00001_whole,whole_flow,0.000,57.421,0,310.000000,50448.000000,162.735484,56.037611,159.000000,261.100000,0.185828,0.172218,0.136177,0.535671,310.000000,0.000000,50448.000000,0.000000,5.398744,878.567199,233.000000,1.330472,4.057766,0.000000
20260823_161916_voip_001_7fd9_flow_00000,real_20260823_161916_voip_001_7fd9,20260823_161916_voip_001_7fd9,VoIP,env_win11_wifi,NORMAL,day_4,2026-08-23,batch_20260823_01,dev_win11_laptop,wifi,warp_enabled,voip_discord_voice,real,v2,20260823_161916_voip_001_7fd9_flow_00000_whole,whole_flow,0.000,62.508,0,645.000000,295308.000000,457.841860,159.079912,468.000000,704.000000,0.097062,0.092479,0.069988,0.273598,645.000000,0.000000,295308.000000,0.000000,10.318733,4724.348071,384.000000,1.679688,6.143246,0.000000
20260823_161916_voip_001_7fd9_flow_00001,real_20260823_161916_voip_001_7fd9,20260823_161916_voip_001_7fd9,VoIP,env_win11_wifi,NORMAL,day_4,2026-08-23,batch_20260823_01,dev_win11_laptop,wifi,warp_enabled,voip_discord_voice,real,v2,20260823_161916_voip_001_7fd9_flow_00001_whole,whole_flow,0.000,60.352,0,521.000000,97191.000000,186.547025,67.331635,183.000000,302.000000,0.116062,0.111149,0.082072,0.329214,521.000000,0.000000,97191.000000,0.000000,8.632669,1610.398657,344.000000,1.514535,5.699881,0.000000
20260823_162123_voip_001_51e2_flow_00000,real_20260823_162123_voip_001_51e2,20260823_162123_voip_001_51e2,VoIP,env_win11_wifi,NORMAL,day_4,2026-08-23,batch_20260823_01,dev_win11_laptop,wifi,warp_enabled,voip_discord_voice,real,v2,20260823_162123_voip_001_51e2_flow_00000_whole,whole_flow,0.000,60.329,0,371.000000,98836.000000,266.404313,83.878255,268.000000,410.500000,0.163051,0.160214,0.111469,0.496980,371.000000,0.000000,98836.000000,0.000000,6.149620,1638.285420,277.000000,1.339350,4.591496,0.000000
20260823_162123_voip_001_51e2_flow_00001,real_20260823_162123_voip_001_51e2,20260823_162123_voip_001_51e2,VoIP,env_win11_wifi,NORMAL,day_4,2026-08-23,batch_20260823_01,dev_win11_laptop,wifi,warp_enabled,voip_discord_voice,real,v2,20260823_162123_voip_001_51e2_flow_00001_whole,whole_flow,0.000,56.492,0,362.000000,91891.000000,253.842541,94.531792,257.000000,412.850000,0.156486,0.160658,0.106748,0.475070,362.000000,0.000000,91891.000000,0.000000,6.408043,1626.633864,264.000000,1.371212,4.673269,0.000000
20260823_162302_voip_001_6194_flow_00000,real_20260823_162302_voip_001_6194,20260823_162302_voip_001_6194,VoIP,env_win11_wifi,NORMAL,day_4,2026-08-23,batch_20260823_01,dev_win11_laptop,wifi,warp_enabled,voip_discord_voice,real,v2,20260823_162302_voip_001_6194_flow_00000_whole,whole_flow,0.000,54.874,0,608.000000,266354.000000,438.082237,149.569744,436.000000,689.950000,0.090403,0.093172,0.063140,0.261883,608.000000,0.000000,266354.000000,0.000000,11.079853,4853.886958,354.000000,1.717514,6.451099,0.000000
20260823_162302_voip_001_6194_flow_00001,real_20260823_162302_voip_001_6194,20260823_162302_voip_001_6194,VoIP,env_win11_wifi,NORMAL,day_4,2026-08-23,batch_20260823_01,dev_win11_laptop,wifi,warp_enabled,voip_discord_voice,real,v2,20260823_162302_voip_001_6194_flow_00001_whole,whole_flow,0.000,56.967,0,486.000000,107954.000000,222.127572,74.114666,225.000000,346.500000,0.117457,0.112222,0.084924,0.359583,486.000000,0.000000,107954.000000,0.000000,8.531294,1895.035551,312.000000,1.557692,5.476880,0.000000
20260823_162426_voip_001_9219_flow_00000,real_20260823_162426_voip_001_9219,20260823_162426_voip_001_9219,VoIP,env_win11_wifi,NORMAL,day_4,2026-08-23,batch_20260823_01,dev_win11_laptop,wifi,warp_enabled,voip_meet_audio,real,v2,20260823_162426_voip_001_9219_flow_00000_whole,whole_flow,0.000,60.291,0,670.000000,131032.000000,195.570149,66.174173,197.000000,302.550000,0.090122,0.087619,0.060684,0.263444,670.000000,0.000000,131032.000000,0.000000,11.112716,2173.315510,379.000000,1.767810,6.286148,0.000000
20260823_162426_voip_001_9219_flow_00001,real_20260823_162426_voip_001_9219,20260823_162426_voip_001_9219,VoIP,env_win11_wifi,NORMAL,day_4,2026-08-23,batch_20260823_01,dev_win11_laptop,wifi,warp_enabled,voip_meet_audio,real,v2,20260823_162426_voip_001_9219_flow_00001_whole,whole_flow,0.000,59.074,0,776.000000,267241.000000,344.382732,112.584352,352.000000,520.000000,0.076225,0.072130,0.055585,0.225222,776.000000,0.000000,267241.000000,0.000000,13.135986,4523.806639,408.000000,1.901961,6.906549,0.000000
20260823_162544_voip_001_9fd7_flow_00000,real_20260823_162544_voip_001_9fd7,20260823_162544_voip_001_9fd7,VoIP,env_win11_wifi,NORMAL,day_4,2026-08-23,batch_20260823_01,dev_win11_laptop,wifi,warp_enabled,voip_zoom_audio,real,v2,20260823_162544_voip_001_9fd7_flow_00000_whole,whole_flow,0.000,61.942,0,444.000000,64460.000000,145.180180,49.556674,144.500000,225.000000,0.139824,0.134291,0.106192,0.401947,444.000000,0.000000,64460.000000,0.000000,7.167987,1040.649675,313.000000,1.418530,5.053108,0.000000
20260823_162544_voip_001_9fd7_flow_00001,real_20260823_162544_voip_001_9fd7,20260823_162544_voip_001_9fd7,VoIP,env_win11_wifi,NORMAL,day_4,2026-08-23,batch_20260823_01,dev_win11_laptop,wifi,warp_enabled,voip_zoom_audio,real,v2,20260823_162544_voip_001_9fd7_flow_00001_whole,whole_flow,0.000,63.034,0,489.000000,146847.000000,300.300613,104.352878,297.000000,467.600000,0.129168,0.123328,0.090192,0.383217,489.000000,0.000000,146847.000000,0.000000,7.757721,2329.648347,332.000000,1.472892,5.267001,0.000000
20260823_162704_voip_001_571e_flow_00000,real_20260823_162704_voip_001_571e,20260823_162704_voip_001_571e,VoIP,env_win11_wifi,NORMAL,day_4,2026-08-23,batch_20260823_01,dev_win11_laptop,wifi,warp_enabled,voip_teams_voice,real,v2,20260823_162704_voip_001_571e_flow_00000_whole,whole_flow,0.000,55.781,0,357.000000,95295.000000,266.932773,97.520355,264.000000,414.400000,0.156688,0.152121,0.102409,0.437644,357.000000,0.000000,95295.000000,0.000000,6.400025,1708.376522,277.000000,1.288809,4.965846,0.000000
20260823_162704_voip_001_571e_flow_00001,real_20260823_162704_voip_001_571e,20260823_162704_voip_001_571e,VoIP,env_win11_wifi,NORMAL,day_4,2026-08-23,batch_20260823_01,dev_win11_laptop,wifi,warp_enabled,voip_teams_voice,real,v2,20260823_162704_voip_001_571e_flow_00001_whole,whole_flow,0.000,58.731,0,332.000000,56130.000000,169.066265,56.980248,170.500000,264.450000,0.177436,0.171451,0.129499,0.511077,332.000000,0.000000,56130.000000,0.000000,5.652875,955.710529,252.000000,1.317460,4.290737,0.000000
20260823_162946_file_transfer_001_5b75_flow_00000,real_20260823_162946_file_transfer_001_5b75,20260823_162946_file_transfer_001_5b75,File Transfer,env_win11_wifi,NORMAL,day_4,2026-08-23,batch_20260823_01,dev_win11_laptop,wifi,warp_enabled,ft_mega_download,real,v2,20260823_162946_file_transfer_001_5b75_flow_00000_whole,whole_flow,0.000,57.089,0,506.000000,121149.000000,239.424901,82.677808,243.000000,373.500000,0.113048,0.111730,0.081338,0.336062,506.000000,0.000000,121149.000000,0.000000,8.863282,2122.090489,316.000000,1.601266,5.535172,0.000000
20260823_162946_file_transfer_001_5b75_flow_00001,real_20260823_162946_file_transfer_001_5b75,20260823_162946_file_transfer_001_5b75,File Transfer,env_win11_wifi,NORMAL,day_4,2026-08-23,batch_20260823_01,dev_win11_laptop,wifi,warp_enabled,ft_mega_download,real,v2,20260823_162946_file_transfer_001_5b75_flow_00001_whole,whole_flow,0.000,61.835,0,526.000000,139535.000000,265.275665,95.754727,267.000000,420.750000,0.117781,0.121479,0.074069,0.354559,526.000000,0.000000,139535.000000,0.000000,8.506488,2256.564138,326.000000,1.613497,5.272082,0.000000
20260823_163126_file_transfer_001_bea6_flow_00000,real_20260823_163126_file_transfer_001_bea6,20260823_163126_file_transfer_001_bea6,File Transfer,env_win11_wifi,NORMAL,day_4,2026-08-23,batch_20260823_01,dev_win11_laptop,wifi,warp_enabled,ft_gdrive_upload,real,v2,20260823_163126_file_transfer_001_bea6_flow_00000_whole,whole_flow,0.000,55.721,0,367.000000,86462.000000,235.591281,82.867359,233.000000,366.500000,0.152243,0.147094,0.101105,0.482547,367.000000,0.000000,86462.000000,0.000000,6.586387,1551.695366,281.000000,1.306050,5.042983,0.000000
20260823_163126_file_transfer_001_bea6_flow_00001,real_20260823_163126_file_transfer_001_bea6,20260823_163126_file_transfer_001_bea6,File Transfer,env_win11_wifi,NORMAL,day_4,2026-08-23,batch_20260823_01,dev_win11_laptop,wifi,warp_enabled,ft_gdrive_upload,real,v2,20260823_163126_file_transfer_001_bea6_flow_00001_whole,whole_flow,0.000,63.653,0,342.000000,57397.000000,167.827485,53.859814,166.000000,255.950000,0.186664,0.187729,0.131633,0.571662,342.000000,0.000000,57397.000000,0.000000,5.372920,901.723697,263.000000,1.300380,4.131807,0.000000
20260823_163237_file_transfer_001_390f_flow_00000,real_20260823_163237_file_transfer_001_390f,20260823_163237_file_transfer_001_390f,File Transfer,env_win11_wifi,NORMAL,day_4,2026-08-23,batch_20260823_01,dev_win11_laptop,wifi,warp_enabled,ft_sftp_sync,real,v2,20260823_163237_file_transfer_001_390f_flow_00000_whole,whole_flow,0.000,52.796,0,366.000000,78380.000000,214.153005,75.790577,213.000000,336.500000,0.144647,0.150190,0.091507,0.416023,366.000000,0.000000,78380.000000,0.000000,6.932338,1484.581114,257.000000,1.424125,4.867790,0.000000
20260823_163237_file_transfer_001_390f_flow_00001,real_20260823_163237_file_transfer_001_390f,20260823_163237_file_transfer_001_390f,File Transfer,env_win11_wifi,NORMAL,day_4,2026-08-23,batch_20260823_01,dev_win11_laptop,wifi,warp_enabled,ft_sftp_sync,real,v2,20260823_163237_file_transfer_001_390f_flow_00001_whole,whole_flow,0.000,57.183,0,389.000000,102578.000000,263.696658,93.153165,270.000000,424.600000,0.147378,0.150470,0.098148,0.425533,389.000000,0.000000,102578.000000,0.000000,6.802750,1793.862313,283.000000,1.374558,4.949044,0.000000
20260823_163447_file_transfer_001_d03c_flow_00000,real_20260823_163447_file_transfer_001_d03c,20260823_163447_file_transfer_001_d03c,File Transfer,env_win11_wifi,NORMAL,day_4,2026-08-23,batch_20260823_01,dev_win11_laptop,wifi,warp_enabled,ft_gdrive_upload,real,v2,20260823_163447_file_transfer_001_d03c_flow_00000_whole,whole_flow,0.000,58.656,0,526.000000,154704.000000,294.114068,102.481948,294.500000,461.750000,0.111725,0.112522,0.074640,0.332318,526.000000,0.000000,154704.000000,0.000000,8.967610,2637.500228,320.000000,1.643750,5.455580,0.000000
20260823_163447_file_transfer_001_d03c_flow_00001,real_20260823_163447_file_transfer_001_d03c,20260823_163447_file_transfer_001_d03c,File Transfer,env_win11_wifi,NORMAL,day_4,2026-08-23,batch_20260823_01,dev_win11_laptop,wifi,warp_enabled,ft_gdrive_upload,real,v2,20260823_163447_file_transfer_001_d03c_flow_00001_whole,whole_flow,0.000,57.512,0,478.000000,100292.000000,209.815900,73.137313,209.000000,336.000000,0.120569,0.116970,0.084958,0.364760,478.000000,0.000000,100292.000000,0.000000,8.311367,1743.856853,314.000000,1.522293,5.459768,0.000000
20260823_163557_file_transfer_001_aa30_flow_00000,real_20260823_163557_file_transfer_001_aa30,20260823_163557_file_transfer_001_aa30,File Transfer,env_win11_wifi,NORMAL,day_4,2026-08-23,batch_20260823_01,dev_win11_laptop,wifi,warp_enabled,ft_onedrive_sync,real,v2,20260823_163557_file_transfer_001_aa30_flow_00000_whole,whole_flow,0.000,57.965,0,345.000000,84889.000000,246.055072,88.247937,244.000000,393.000000,0.168504,0.158689,0.116532,0.484146,345.000000,0.000000,84889.000000,0.000000,5.951835,1464.479131,256.000000,1.347656,4.416434,0.000000
20260823_163557_file_transfer_001_aa30_flow_00001,real_20260823_163557_file_transfer_001_aa30,20260823_163557_file_transfer_001_aa30,File Transfer,env_win11_wifi,NORMAL,day_4,2026-08-23,batch_20260823_01,dev_win11_laptop,wifi,warp_enabled,ft_onedrive_sync,real,v2,20260823_163557_file_transfer_001_aa30_flow_00001_whole,whole_flow,0.000,61.344,0,312.000000,48590.000000,155.737179,52.913768,153.000000,240.450000,0.197247,0.184596,0.149405,0.608651,312.000000,0.000000,48590.000000,0.000000,5.086095,792.094030,242.000000,1.289256,3.944984,0.000000
20260823_163704_file_transfer_001_2090_flow_00000,real_20260823_163704_file_transfer_001_2090,20260823_163704_file_transfer_001_2090,File Transfer,env_win11_wifi,NORMAL,day_4,2026-08-23,batch_20260823_01,dev_win11_laptop,wifi,warp_enabled,ft_onedrive_sync,real,v2,20260823_163704_file_transfer_001_2090_flow_00000_whole,whole_flow,0.000,57.720,0,388.000000,103949.000000,267.909794,90.667198,261.500000,427.850000,0.149148,0.147856,0.104459,0.439776,388.000000,0.000000,103949.000000,0.000000,6.722069,1800.908062,279.000000,1.390681,4.833653,0.000000
20260823_163704_file_transfer_001_2090_flow_00001,real_20260823_163704_file_transfer_001_2090,20260823_163704_file_transfer_001_2090,File Transfer,env_win11_wifi,NORMAL,day_4,2026-08-23,batch_20260823_01,dev_win11_laptop,wifi,warp_enabled,ft_onedrive_sync,real,v2,20260823_163704_file_transfer_001_2090_flow_00001_whole,whole_flow,0.000,56.618,0,362.000000,77073.000000,212.908840,74.827241,212.500000,341.750000,0.156836,0.146667,0.119803,0.432868,362.000000,0.000000,77073.000000,0.000000,6.393769,1361.290028,266.000000,1.360902,4.698184,0.000000
20260823_163829_file_transfer_001_a40b_flow_00000,real_20260823_163829_file_transfer_001_a40b,20260823_163829_file_transfer_001_a40b,File Transfer,env_win11_wifi,NORMAL,day_4,2026-08-23,batch_20260823_01,dev_win11_laptop,wifi,warp_enabled,ft_dropbox_download,real,v2,20260823_163829_file_transfer_001_a40b_flow_00000_whole,whole_flow,0.000,60.669,0,603.000000,138494.000000,229.674959,74.513639,233.000000,343.900000,0.100780,0.105304,0.068044,0.303665,603.000000,0.000000,138494.000000,0.000000,9.939113,2282.765275,359.000000,1.679666,5.917316,0.000000
20260823_163829_file_transfer_001_a40b_flow_00001,real_20260823_163829_file_transfer_001_a40b,20260823_163829_file_transfer_001_a40b,File Transfer,env_win11_wifi,NORMAL,day_4,2026-08-23,batch_20260823_01,dev_win11_laptop,wifi,warp_enabled,ft_dropbox_download,real,v2,20260823_163829_file_transfer_001_a40b_flow_00001_whole,whole_flow,0.000,59.520,0,642.000000,181485.000000,282.686916,98.201507,283.000000,446.000000,0.092855,0.094746,0.060352,0.290961,642.000000,0.000000,181485.000000,0.000000,10.786313,3049.149416,361.000000,1.778393,6.065201,0.000000
20260823_163936_file_transfer_001_3420_flow_00000,real_20260823_163936_file_transfer_001_3420,20260823_163936_file_transfer_001_3420,File Transfer,env_win11_wifi,NORMAL,day_4,2026-08-23,batch_20260823_01,dev_win11_laptop,wifi,warp_enabled,ft_onedrive_sync,real,v2,20260823_163936_file_transfer_001_3420_flow_00000_whole,whole_flow,0.000,61.121,0,919.000000,357756.000000,389.288357,135.452414,387.000000,611.100000,0.066580,0.063408,0.046909,0.191572,919.000000,0.000000,357756.000000,0.000000,15.035846,5853.279662,437.000000,2.102975,7.149798,0.000000
20260823_163936_file_transfer_001_3420_flow_00001,real_20260823_163936_file_transfer_001_3420,20260823_163936_file_transfer_001_3420,File Transfer,env_win11_wifi,NORMAL,day_4,2026-08-23,batch_20260823_01,dev_win11_laptop,wifi,warp_enabled,ft_onedrive_sync,real,v2,20260823_163936_file_transfer_001_3420_flow_00001_whole,whole_flow,0.000,60.077,0,795.000000,170570.000000,214.553459,72.204361,212.000000,335.300000,0.075664,0.075552,0.052372,0.231469,795.000000,0.000000,170570.000000,0.000000,13.232976,2839.180725,415.000000,1.915663,6.907780,0.000000
20260823_164056_file_transfer_001_1a06_flow_00000,real_20260823_164056_file_transfer_001_1a06,20260823_164056_file_transfer_001_1a06,File Transfer,env_win11_wifi,NORMAL,day_4,2026-08-23,batch_20260823_01,dev_win11_laptop,wifi,warp_enabled,ft_sftp_sync,real,v2,20260823_164056_file_transfer_001_1a06_flow_00000_whole,whole_flow,0.000,63.816,0,416.000000,100238.000000,240.956731,78.673791,243.000000,368.250000,0.153773,0.145707,0.106159,0.428441,416.000000,0.000000,100238.000000,0.000000,6.518745,1570.735434,297.000000,1.400673,4.654008,0.000000
20260823_164056_file_transfer_001_1a06_flow_00001,real_20260823_164056_file_transfer_001_1a06,20260823_164056_file_transfer_001_1a06,File Transfer,env_win11_wifi,NORMAL,day_4,2026-08-23,batch_20260823_01,dev_win11_laptop,wifi,warp_enabled,ft_sftp_sync,real,v2,20260823_164056_file_transfer_001_1a06_flow_00001_whole,whole_flow,0.000,56.216,0,392.000000,60123.000000,153.375000,51.100738,152.000000,235.450000,0.143776,0.143886,0.093583,0.455095,392.000000,0.000000,60123.000000,0.000000,6.973063,1069.493498,276.000000,1.420290,4.909605,0.000000
20260823_164203_file_transfer_001_0aa3_flow_00000,real_20260823_164203_file_transfer_001_0aa3,20260823_164203_file_transfer_001_0aa3,File Transfer,env_win11_wifi,NORMAL,day_4,2026-08-23,batch_20260823_01,dev_win11_laptop,wifi,warp_enabled,ft_mega_download,real,v2,20260823_164203_file_transfer_001_0aa3_flow_00000_whole,whole_flow,0.000,47.881,0,344.000000,89339.000000,259.706395,86.974157,262.000000,400.850000,0.139595,0.144840,0.093284,0.433711,344.000000,0.000000,89339.000000,0.000000,7.184489,1865.857778,244.000000,1.409836,5.095975,0.000000
20260823_164203_file_transfer_001_0aa3_flow_00001,real_20260823_164203_file_transfer_001_0aa3,20260823_164203_file_transfer_001_0aa3,File Transfer,env_win11_wifi,NORMAL,day_4,2026-08-23,batch_20260823_01,dev_win11_laptop,wifi,warp_enabled,ft_mega_download,real,v2,20260823_164203_file_transfer_001_0aa3_flow_00001_whole,whole_flow,0.000,56.584,0,319.000000,48092.000000,150.758621,51.522111,149.000000,239.200000,0.177937,0.185133,0.112192,0.566218,319.000000,0.000000,48092.000000,0.000000,5.637653,849.924719,239.000000,1.334728,4.223821,0.000000
20260823_164647_other_001_d4e4_flow_00000,real_20260823_164647_other_001_d4e4,20260823_164647_other_001_d4e4,Other,env_win11_wifi,NORMAL,day_4,2026-08-23,batch_20260823_01,dev_win11_laptop,wifi,warp_enabled,oth_idle_keepalive,real,v2,20260823_164647_other_001_d4e4_flow_00000_whole,whole_flow,0.000,59.135,0,362.000000,76691.000000,211.853591,71.005510,211.500000,322.950000,0.163809,0.176059,0.111617,0.536989,362.000000,0.000000,76691.000000,0.000000,6.121580,1296.878696,269.000000,1.345725,4.548909,0.000000
20260823_164647_other_001_d4e4_flow_00001,real_20260823_164647_other_001_d4e4,20260823_164647_other_001_d4e4,Other,env_win11_wifi,NORMAL,day_4,2026-08-23,batch_20260823_01,dev_win11_laptop,wifi,warp_enabled,oth_idle_keepalive,real,v2,20260823_164647_other_001_d4e4_flow_00001_whole,whole_flow,0.000,58.667,0,377.000000,103118.000000,273.522546,95.726983,269.000000,446.000000,0.156028,0.168247,0.106894,0.431032,377.000000,0.000000,103118.000000,0.000000,6.426138,1757.693529,281.000000,1.341637,4.789774,0.000000
20260823_164826_other_001_eac8_flow_00000,real_20260823_164826_other_001_eac8,20260823_164826_other_001_eac8,Other,env_win11_wifi,NORMAL,day_4,2026-08-23,batch_20260823_01,dev_win11_laptop,wifi,warp_enabled,oth_cloud_backup,real,v2,20260823_164826_other_001_eac8_flow_00000_whole,whole_flow,0.000,57.076,0,306.000000,57134.000000,186.712418,66.615193,189.000000,293.750000,0.187133,0.180538,0.131782,0.545223,306.000000,0.000000,57134.000000,0.000000,5.361313,1001.023653,240.000000,1.275000,4.204951,0.000000
20260823_164826_other_001_eac8_flow_00001,real_20260823_164826_other_001_eac8,20260823_164826_other_001_eac8,Other,env_win11_wifi,NORMAL,day_4,2026-08-23,batch_20260823_01,dev_win11_laptop,wifi,warp_enabled,oth_cloud_backup,real,v2,20260823_164826_other_001_eac8_flow_00001_whole,whole_flow,0.000,59.000,0,328.000000,87815.000000,267.728659,95.114034,263.500000,424.600000,0.180428,0.189601,0.123896,0.555638,328.000000,0.000000,87815.000000,0.000000,5.559336,1488.393462,233.000000,1.407725,3.949162,0.000000
20260823_164938_other_001_7ffe_flow_00000,real_20260823_164938_other_001_7ffe,20260823_164938_other_001_7ffe,Other,env_win11_wifi,NORMAL,day_4,2026-08-23,batch_20260823_01,dev_win11_laptop,wifi,warp_enabled,oth_dns_ntp_sync,real,v2,20260823_164938_other_001_7ffe_flow_00000_whole,whole_flow,0.000,62.533,0,644.000000,225748.000000,350.540373,116.595547,354.000000,532.250000,0.097252,0.097969,0.065915,0.281788,644.000000,0.000000,225748.000000,0.000000,10.298541,3610.054449,393.000000,1.638677,6.284669,0.000000
20260823_164938_other_001_7ffe_flow_00001,real_20260823_164938_other_001_7ffe,20260823_164938_other_001_7ffe,Other,env_win11_wifi,NORMAL,day_4,2026-08-23,batch_20260823_01,dev_win11_laptop,wifi,warp_enabled,oth_dns_ntp_sync,real,v2,20260823_164938_other_001_7ffe_flow_00001_whole,whole_flow,0.000,56.876,0,587.000000,163947.000000,279.296422,95.444914,280.000000,445.400000,0.097059,0.098549,0.065652,0.295140,587.000000,0.000000,163947.000000,0.000000,10.320640,2882.517748,356.000000,1.648876,6.259195,0.000000
20260823_165157_other_001_2876_flow_00000,real_20260823_165157_other_001_2876,20260823_165157_other_001_2876,Other,env_win11_wifi,NORMAL,day_4,2026-08-23,batch_20260823_01,dev_win11_laptop,wifi,warp_enabled,oth_os_update_check,real,v2,20260823_165157_other_001_2876_flow_00000_whole,whole_flow,0.000,60.909,0,607.000000,327905.000000,540.205931,192.895475,532.000000,854.900000,0.100509,0.093178,0.071140,0.303112,607.000000,0.000000,327905.000000,0.000000,9.965743,5383.553317,386.000000,1.572539,6.337359,0.000000
20260823_165157_other_001_2876_flow_00001,real_20260823_165157_other_001_2876,20260823_165157_other_001_2876,Other,env_win11_wifi,NORMAL,day_4,2026-08-23,batch_20260823_01,dev_win11_laptop,wifi,warp_enabled,oth_os_update_check,real,v2,20260823_165157_other_001_2876_flow_00001_whole,whole_flow,0.000,64.139,0,467.000000,127543.000000,273.111349,93.283389,268.000000,431.400000,0.137638,0.138785,0.103209,0.449571,467.000000,0.000000,127543.000000,0.000000,7.281011,1988.526698,329.000000,1.419453,5.129449,0.000000
20260823_165837_other_001_2277_flow_00000,real_20260823_165837_other_001_2277,20260823_165837_other_001_2277,Other,env_win11_wifi,NORMAL,day_4,2026-08-23,batch_20260823_01,dev_win11_laptop,wifi,warp_enabled,oth_dns_ntp_sync,real,v2,20260823_165837_other_001_2277_flow_00000_whole,whole_flow,0.000,59.257,0,764.000000,327226.000000,428.306283,143.739039,433.500000,659.850000,0.077663,0.081058,0.053076,0.228920,764.000000,0.000000,327226.000000,0.000000,12.892976,5522.142417,403.000000,1.895782,6.800876,0.000000
20260823_165837_other_001_2277_flow_00001,real_20260823_165837_other_001_2277,20260823_165837_other_001_2277,Other,env_win11_wifi,NORMAL,day_4,2026-08-23,batch_20260823_01,dev_win11_laptop,wifi,warp_enabled,oth_dns_ntp_sync,real,v2,20260823_165837_other_001_2277_flow_00001_whole,whole_flow,0.000,64.030,0,666.000000,204721.000000,307.388889,108.733304,305.500000,495.750000,0.096285,0.093022,0.067785,0.291541,666.000000,0.000000,204721.000000,0.000000,10.401434,3197.285105,399.000000,1.669173,6.231489,0.000000
20260823_170006_other_001_2088_flow_00000,real_20260823_170006_other_001_2088,20260823_170006_other_001_2088,Other,env_win11_wifi,NORMAL,day_4,2026-08-23,batch_20260823_01,dev_win11_laptop,wifi,warp_enabled,oth_cloud_backup,real,v2,20260823_170006_other_001_2088_flow_00000_whole,whole_flow,0.000,62.196,0,621.000000,264095.000000,425.273752,144.396648,425.000000,662.000000,0.100316,0.095816,0.074229,0.288541,621.000000,0.000000,264095.000000,0.000000,9.984545,4246.164840,393.000000,1.580153,6.318722,0.000000
20260823_170006_other_001_2088_flow_00001,real_20260823_170006_other_001_2088,20260823_170006_other_001_2088,Other,env_win11_wifi,NORMAL,day_4,2026-08-23,batch_20260823_01,dev_win11_laptop,wifi,warp_enabled,oth_cloud_backup,real,v2,20260823_170006_other_001_2088_flow_00001_whole,whole_flow,0.000,60.531,0,657.000000,248080.000000,377.595129,124.585073,374.000000,582.200000,0.092272,0.095703,0.062071,0.266923,657.000000,0.000000,248080.000000,0.000000,10.854030,4098.428970,371.000000,1.770889,6.129140,0.000000
20260823_170113_other_001_b130_flow_00000,real_20260823_170113_other_001_b130,20260823_170113_other_001_b130,Other,env_win11_wifi,NORMAL,day_4,2026-08-23,batch_20260823_01,dev_win11_laptop,wifi,warp_enabled,oth_dns_ntp_sync,real,v2,20260823_170113_other_001_b130_flow_00000_whole,whole_flow,0.000,59.662,0,1492.000000,804491.000000,539.203083,189.503092,534.000000,858.900000,0.040015,0.038071,0.028517,0.115178,1492.000000,0.000000,804491.000000,0.000000,25.007590,13484.169619,434.000000,3.437788,7.274326,0.000000
20260823_170113_other_001_b130_flow_00001,real_20260823_170113_other_001_b130,20260823_170113_other_001_b130,Other,env_win11_wifi,NORMAL,day_4,2026-08-23,batch_20260823_01,dev_win11_laptop,wifi,warp_enabled,oth_dns_ntp_sync,real,v2,20260823_170113_other_001_b130_flow_00001_whole,whole_flow,0.000,57.785,0,1264.000000,567793.000000,449.203323,157.457104,451.000000,704.850000,0.045753,0.044484,0.031782,0.137005,1264.000000,0.000000,567793.000000,0.000000,21.874006,9825.876305,419.000000,3.016706,7.250956,0.000000
20260823_170246_other_001_fe56_flow_00000,real_20260823_170246_other_001_fe56,20260823_170246_other_001_fe56,Other,env_win11_wifi,NORMAL,day_4,2026-08-23,batch_20260823_01,dev_win11_laptop,wifi,warp_enabled,oth_os_update_check,real,v2,20260823_170246_other_001_fe56_flow_00000_whole,whole_flow,0.000,63.336,0,600.000000,142145.000000,236.908333,80.842088,240.000000,361.050000,0.105737,0.108901,0.075057,0.305610,600.000000,0.000000,142145.000000,0.000000,9.473230,2244.287012,364.000000,1.648352,5.747093,0.000000
20260823_170246_other_001_fe56_flow_00001,real_20260823_170246_other_001_fe56,20260823_170246_other_001_fe56,Other,env_win11_wifi,NORMAL,day_4,2026-08-23,batch_20260823_01,dev_win11_laptop,wifi,warp_enabled,oth_os_update_check,real,v2,20260823_170246_other_001_fe56_flow_00001_whole,whole_flow,0.000,58.569,0,597.000000,145683.000000,244.025126,83.365360,242.000000,389.000000,0.098271,0.101674,0.067203,0.312860,597.000000,0.000000,145683.000000,0.000000,10.193019,2487.352640,358.000000,1.667598,6.112396,0.000000
20260823_170246_other_001_fe56_flow_00003,real_20260823_170246_other_001_fe56,20260823_170246_other_001_fe56,Other,env_win11_wifi,NORMAL,day_4,2026-08-23,batch_20260823_01,dev_win11_laptop,wifi,warp_enabled,oth_os_update_check,real,v2,20260823_170246_other_001_fe56_flow_00003_whole,whole_flow,0.000,11.160,0,9.000000,797.000000,88.555556,27.018969,81.000000,129.400000,1.395014,1.777191,0.513174,4.631650,9.000000,0.000000,797.000000,0.000000,0.806444,71.415059,9.000000,1.000000,0.806444,0.000000
20260823_170352_other_001_facf_flow_00000,real_20260823_170352_other_001_facf,20260823_170352_other_001_facf,Other,env_win11_wifi,NORMAL,day_4,2026-08-23,batch_20260823_01,dev_win11_laptop,wifi,warp_enabled,oth_cloud_backup,real,v2,20260823_170352_other_001_facf_flow_00000_whole,whole_flow,0.000,58.346,0,568.000000,295954.000000,521.045775,174.450590,517.000000,821.300000,0.102903,0.098452,0.070218,0.293538,568.000000,0.000000,295954.000000,0.000000,9.735001,5072.380923,364.000000,1.560440,6.238627,0.000000
20260823_170352_other_001_facf_flow_00001,real_20260823_170352_other_001_facf,20260823_170352_other_001_facf,Other,env_win11_wifi,NORMAL,day_4,2026-08-23,batch_20260823_01,dev_win11_laptop,wifi,warp_enabled,oth_cloud_backup,real,v2,20260823_170352_other_001_facf_flow_00001_whole,whole_flow,0.000,59.332,0,448.000000,110813.000000,247.350446,86.848467,247.000000,394.000000,0.132733,0.131221,0.099858,0.389864,448.000000,0.000000,110813.000000,0.000000,7.550763,1867.684594,300.000000,1.493333,5.056314,0.000000
20260823_170458_other_001_aa7d_flow_00000,real_20260823_170458_other_001_aa7d,20260823_170458_other_001_aa7d,Other,env_win11_wifi,NORMAL,day_4,2026-08-23,batch_20260823_01,dev_win11_laptop,wifi,warp_enabled,oth_cloud_backup,real,v2,20260823_170458_other_001_aa7d_flow_00000_whole,whole_flow,0.000,57.785,0,1695.000000,1555851.000000,917.906195,302.421266,932.000000,1420.000000,0.034112,0.035284,0.022861,0.104797,1695.000000,0.000000,1555851.000000,0.000000,29.332905,26924.854845,385.000000,4.402597,6.662636,0.000000
20260823_170458_other_001_aa7d_flow_00001,real_20260823_170458_other_001_aa7d,20260823_170458_other_001_aa7d,Other,env_win11_wifi,NORMAL,day_4,2026-08-23,batch_20260823_01,dev_win11_laptop,wifi,warp_enabled,oth_cloud_backup,real,v2,20260823_170458_other_001_aa7d_flow_00001_whole,whole_flow,0.000,58.766,0,868.000000,281549.000000,324.365207,112.516539,330.000000,500.000000,0.067781,0.064127,0.050086,0.193501,868.000000,0.000000,281549.000000,0.000000,14.770362,4790.991465,435.000000,1.995402,7.402197,0.000000
sess_20260820_web_061_flow_00000,real_sess_20260820_web_061,sess_20260820_web_061,Web,env_win11_wifi,NORMAL,day_1,2026-08-20,batch_20260820_01,dev_win11_laptop,wifi,warp_enabled,web_wikipedia,real,v2,sess_20260820_web_061_flow_00000_whole,whole_flow,0.000,59.497,0,2321.000000,547107.000000,235.720379,79.992195,235.000000,370.000000,0.025645,0.025586,0.017475,0.078316,2321.000000,0.000000,547107.000000,0.000000,39.010472,9195.563204,365.000000,6.358904,6.134779,0.000000
sess_20260820_web_061_flow_00001,real_sess_20260820_web_061,sess_20260820_web_061,Web,env_win11_wifi,NORMAL,day_1,2026-08-20,batch_20260820_01,dev_win11_laptop,wifi,warp_enabled,web_wikipedia,real,v2,sess_20260820_web_061_flow_00001_whole,whole_flow,0.000,60.662,0,2321.000000,541413.000000,233.267126,82.849335,233.000000,369.000000,0.026148,0.026655,0.018080,0.078271,2321.000000,0.000000,541413.000000,0.000000,38.261029,8925.040226,346.000000,6.708092,5.703712,0.000000
sess_20260820_web_062_flow_00000,real_sess_20260820_web_062,sess_20260820_web_062,Web,env_win11_wifi,LOW_BANDWIDTH,day_1,2026-08-20,batch_20260820_02,dev_win11_laptop,wifi,warp_enabled,web_news,real,v2,sess_20260820_web_062_flow_00000_whole,whole_flow,0.000,131.438,0,3726.000000,1721750.000000,462.090714,162.966511,459.000000,731.750000,0.035285,0.034874,0.024490,0.105187,3726.000000,0.000000,1721750.000000,0.000000,28.347947,13099.323275,896.000000,4.158482,6.816898,0.000000
sess_20260820_web_062_flow_00001,real_sess_20260820_web_062,sess_20260820_web_062,Web,env_win11_wifi,LOW_BANDWIDTH,day_1,2026-08-20,batch_20260820_02,dev_win11_laptop,wifi,warp_enabled,web_news,real,v2,sess_20260820_web_062_flow_00001_whole,whole_flow,0.000,94.423,0,3726.000000,2525755.000000,677.873054,238.604131,685.000000,1054.000000,0.025349,0.025467,0.017884,0.076149,3726.000000,0.000000,2525755.000000,0.000000,39.460608,26749.283035,503.000000,7.407555,5.327076,0.000000
sess_20260820_web_063_flow_00000,real_sess_20260820_web_063,sess_20260820_web_063,Web,env_win11_eth,NORMAL,day_1,2026-08-20,batch_20260820_03,dev_win11_desktop,ethernet,warp_disabled,web_ecommerce,real,v2,sess_20260820_web_063_flow_00000_whole,whole_flow,0.000,59.615,0,528.000000,144741.000000,274.130682,95.452808,276.000000,422.950000,0.113121,0.108936,0.078427,0.328382,528.000000,0.000000,144741.000000,0.000000,8.856876,2427.941385,339.000000,1.557522,5.686517,0.000000
sess_20260820_web_063_flow_00001,real_sess_20260820_web_063,sess_20260820_web_063,Web,env_win11_eth,NORMAL,day_1,2026-08-20,batch_20260820_03,dev_win11_desktop,ethernet,warp_disabled,web_ecommerce,real,v2,sess_20260820_web_063_flow_00001_whole,whole_flow,0.000,61.342,0,528.000000,146165.000000,276.827652,91.883586,281.500000,425.650000,0.116399,0.115356,0.084580,0.366960,528.000000,0.000000,146165.000000,0.000000,8.607457,2382.781984,349.000000,1.512894,5.689398,0.000000
sess_20260820_web_064_flow_00000,real_sess_20260820_web_064,sess_20260820_web_064,Web,env_win11_eth,HIGH_LATENCY,day_1,2026-08-20,batch_20260820_04,dev_win11_desktop,ethernet,warp_enabled,web_github_docs,real,v2,sess_20260820_web_064_flow_00000_whole,whole_flow,0.000,182.379,0,484.000000,107219.000000,221.526860,76.879248,223.000000,342.700000,0.377597,0.384851,0.257165,1.059455,484.000000,0.000000,107219.000000,0.000000,2.653808,587.889691,414.000000,1.169082,2.269993,0.000000
sess_20260820_web_064_flow_00001,real_sess_20260820_web_064,sess_20260820_web_064,Web,env_win11_eth,HIGH_LATENCY,day_1,2026-08-20,batch_20260820_04,dev_win11_desktop,ethernet,warp_enabled,web_github_docs,real,v2,sess_20260820_web_064_flow_00001_whole,whole_flow,0.000,198.982,0,484.000000,109950.000000,227.169421,79.635613,226.000000,358.850000,0.411971,0.433767,0.288467,1.256755,484.000000,0.000000,109950.000000,0.000000,2.432378,552.562010,420.000000,1.152381,2.110742,0.000000
sess_20260821_web_065_flow_00000,real_sess_20260821_web_065,sess_20260821_web_065,Web,env_win11_wifi,NORMAL,day_2,2026-08-21,batch_20260821_01,dev_win11_laptop,wifi,warp_enabled,web_tech_blogs,real,v2,sess_20260821_web_065_flow_00000_whole,whole_flow,0.000,61.016,0,623.000000,157428.000000,252.693419,88.265782,251.000000,392.900000,0.098096,0.099887,0.066502,0.297719,623.000000,0.000000,157428.000000,0.000000,10.210506,2580.127675,380.000000,1.639474,6.227917,0.000000
sess_20260821_web_065_flow_00001,real_sess_20260821_web_065,sess_20260821_web_065,Web,env_win11_wifi,NORMAL,day_2,2026-08-21,batch_20260821_01,dev_win11_laptop,wifi,warp_enabled,web_tech_blogs,real,v2,sess_20260821_web_065_flow_00001_whole,whole_flow,0.000,60.086,0,623.000000,157123.000000,252.203852,88.118073,254.000000,395.900000,0.096601,0.101268,0.064357,0.292307,623.000000,0.000000,157123.000000,0.000000,10.368544,2614.986693,372.000000,1.674731,6.191169,0.000000
sess_20260821_web_066_flow_00000,real_sess_20260821_web_066,sess_20260821_web_066,Web,env_win11_wifi,HIGH_LATENCY,day_2,2026-08-21,batch_20260821_02,dev_win11_laptop,wifi,warp_enabled,web_wikipedia,real,v2,sess_20260821_web_066_flow_00000_whole,whole_flow,0.000,118.471,0,744.000000,406306.000000,546.110215,200.745576,545.000000,878.250000,0.159449,0.163287,0.106348,0.506280,744.000000,0.000000,406306.000000,0.000000,6.280028,3429.587534,531.000000,1.401130,4.482117,0.000000
sess_20260821_web_066_flow_00001,real_sess_20260821_web_066,sess_20260821_web_066,Web,env_win11_wifi,HIGH_LATENCY,day_2,2026-08-21,batch_20260821_02,dev_win11_laptop,wifi,warp_enabled,web_wikipedia,real,v2,sess_20260821_web_066_flow_00001_whole,whole_flow,0.000,159.557,0,744.000000,405537.000000,545.076613,192.127928,545.500000,853.850000,0.214747,0.205493,0.151565,0.614735,744.000000,0.000000,405537.000000,0.000000,4.662918,2541.647278,611.000000,1.217676,3.829358,0.000000
sess_20260821_web_067_flow_00000,real_sess_20260821_web_067,sess_20260821_web_067,Web,env_win11_cellular,NORMAL,day_2,2026-08-21,batch_20260821_03,dev_win11_laptop,cellular,warp_disabled,web_news,real,v2,sess_20260821_web_067_flow_00000_whole,whole_flow,0.000,57.728,0,1595.000000,513656.000000,322.041379,113.254443,321.000000,511.000000,0.036216,0.035761,0.023790,0.105626,1595.000000,0.000000,513656.000000,0.000000,27.629509,8897.845145,412.000000,3.871359,7.136901,0.000000
sess_20260821_web_067_flow_00001,real_sess_20260821_web_067,sess_20260821_web_067,Web,env_win11_cellular,NORMAL,day_2,2026-08-21,batch_20260821_03,dev_win11_laptop,cellular,warp_disabled,web_news,real,v2,sess_20260821_web_067_flow_00001_whole,whole_flow,0.000,59.838,0,1595.000000,515241.000000,323.035110,112.848355,322.000000,512.300000,0.037540,0.037075,0.026328,0.113479,1595.000000,0.000000,515241.000000,0.000000,26.655274,8610.589217,417.000000,3.824940,6.968808,0.000000
sess_20260821_web_068_flow_00000,real_sess_20260821_web_068,sess_20260821_web_068,Web,env_win11_cellular,LOW_BANDWIDTH,day_2,2026-08-21,batch_20260821_04,dev_win11_laptop,cellular,warp_enabled,web_ecommerce,real,v2,sess_20260821_web_068_flow_00000_whole,whole_flow,0.000,135.580,0,1735.000000,233580.000000,134.628242,43.238560,135.000000,204.000000,0.078189,0.084523,0.051035,0.241041,1735.000000,0.000000,233580.000000,0.000000,12.796865,1722.819473,880.000000,1.971591,6.490629,0.000000
sess_20260821_web_068_flow_00001,real_sess_20260821_web_068,sess_20260821_web_068,Web,env_win11_cellular,LOW_BANDWIDTH,day_2,2026-08-21,batch_20260821_04,dev_win11_laptop,cellular,warp_enabled,web_ecommerce,real,v2,sess_20260821_web_068_flow_00001_whole,whole_flow,0.000,128.077,0,1735.000000,356076.000000,205.231124,72.269980,205.000000,324.000000,0.073862,0.072678,0.052275,0.211986,1735.000000,0.000000,356076.000000,0.000000,13.546496,2780.162622,888.000000,1.953829,6.933308,0.000000
sess_20260822_web_069_flow_00000,real_sess_20260822_web_069,sess_20260822_web_069,Web,env_win11_eth,NORMAL,day_3,2026-08-22,batch_20260822_01,dev_win11_desktop,ethernet,warp_enabled,web_github_docs,real,v2,sess_20260822_web_069_flow_00000_whole,whole_flow,0.000,61.414,0,2293.000000,1926568.000000,840.195377,291.230137,852.000000,1325.400000,0.026795,0.027248,0.018719,0.080828,2293.000000,0.000000,1926568.000000,0.000000,37.336497,31369.952309,340.000000,6.744118,5.536157,0.000000
sess_20260822_web_069_flow_00001,real_sess_20260822_web_069,sess_20260822_web_069,Web,env_win11_eth,NORMAL,day_3,2026-08-22,batch_20260822_01,dev_win11_desktop,ethernet,warp_enabled,web_github_docs,real,v2,sess_20260822_web_069_flow_00001_whole,whole_flow,0.000,60.921,0,2293.000000,1900864.000000,828.985608,284.219799,830.000000,1305.400000,0.026580,0.025901,0.018654,0.077582,2293.000000,0.000000,1900864.000000,0.000000,37.638848,31202.063480,347.000000,6.608069,5.695892,0.000000
sess_20260822_web_070_flow_00000,real_sess_20260822_web_070,sess_20260822_web_070,Web,env_win11_eth,PACKET_LOSS,day_3,2026-08-22,batch_20260822_02,dev_win11_desktop,ethernet,warp_enabled,web_tech_blogs,real,v2,sess_20260822_web_070_flow_00000_whole,whole_flow,0.000,50.241,0,1093.000000,284835.000000,260.599268,93.259667,260.000000,416.800000,0.046008,0.044760,0.031985,0.134149,1093.000000,0.000000,284835.000000,0.000000,21.755191,5669.386793,367.000000,2.978202,7.304808,0.000000
sess_20260822_web_070_flow_00001,real_sess_20260822_web_070,sess_20260822_web_070,Web,env_win11_eth,PACKET_LOSS,day_3,2026-08-22,batch_20260822_02,dev_win11_desktop,ethernet,warp_enabled,web_tech_blogs,real,v2,sess_20260822_web_070_flow_00001_whole,whole_flow,0.000,53.486,0,1140.000000,274930.000000,241.166667,84.727108,241.000000,381.000000,0.046958,0.045613,0.034103,0.136347,1140.000000,0.000000,274930.000000,0.000000,21.314141,5140.260438,400.000000,2.850000,7.478646,0.000000
sess_20260822_web_071_flow_00000,real_sess_20260822_web_071,sess_20260822_web_071,Web,env_win11_cellular,HIGH_LATENCY,day_3,2026-08-22,batch_20260822_03,dev_win11_laptop,cellular,warp_enabled,web_wikipedia,real,v2,sess_20260822_web_071_flow_00000_whole,whole_flow,0.000,119.547,0,430.000000,82449.000000,191.741860,62.612918,189.500000,292.000000,0.278664,0.272499,0.207223,0.817276,430.000000,0.000000,82449.000000,0.000000,3.596915,689.679121,361.000000,1.191136,3.019735,0.000000
sess_20260822_web_071_flow_00001,real_sess_20260822_web_071,sess_20260822_web_071,Web,env_win11_cellular,HIGH_LATENCY,day_3,2026-08-22,batch_20260822_03,dev_win11_laptop,cellular,warp_enabled,web_wikipedia,real,v2,sess_20260822_web_071_flow_00001_whole,whole_flow,0.000,128.541,0,430.000000,83925.000000,195.174419,66.141390,197.000000,306.550000,0.299630,0.306965,0.221772,0.913989,430.000000,0.000000,83925.000000,0.000000,3.345232,652.903619,365.000000,1.178082,2.839557,0.000000
sess_20260822_web_072_flow_00000,real_sess_20260822_web_072,sess_20260822_web_072,Web,env_win11_cellular,NORMAL,day_3,2026-08-22,batch_20260822_04,dev_win11_laptop,cellular,warp_disabled,web_news,real,v2,sess_20260822_web_072_flow_00000_whole,whole_flow,0.000,61.353,0,479.000000,145720.000000,304.217119,104.551706,304.000000,472.200000,0.128355,0.121044,0.089359,0.369972,479.000000,0.000000,145720.000000,0.000000,7.807217,2375.088974,331.000000,1.447130,5.394966,0.000000
sess_20260822_web_072_flow_00001,real_sess_20260822_web_072,sess_20260822_web_072,Web,env_win11_cellular,NORMAL,day_3,2026-08-22,batch_20260822_04,dev_win11_laptop,cellular,warp_disabled,web_news,real,v2,sess_20260822_web_072_flow_00001_whole,whole_flow,0.000,57.825,0,479.000000,142281.000000,297.037578,105.613184,298.000000,467.100000,0.120973,0.118266,0.079804,0.370127,479.000000,0.000000,142281.000000,0.000000,8.283614,2460.544496,320.000000,1.496875,5.533938,0.000000
sess_20260823_web_073_flow_00000,real_sess_20260823_web_073,sess_20260823_web_073,Web,env_win11_wifi,LOW_BANDWIDTH,day_4,2026-08-23,batch_20260823_02,dev_win11_laptop,wifi,warp_enabled,web_ecommerce,real,v2,sess_20260823_web_073_flow_00000_whole,whole_flow,0.000,107.283,0,626.000000,63429.000000,101.324281,34.891644,101.000000,160.500000,0.171653,0.173370,0.120569,0.513694,626.000000,0.000000,63429.000000,0.000000,5.835037,591.230923,459.000000,1.363834,4.278406,0.000000
sess_20260823_web_073_flow_00001,real_sess_20260823_web_073,sess_20260823_web_073,Web,env_win11_wifi,LOW_BANDWIDTH,day_4,2026-08-23,batch_20260823_02,dev_win11_laptop,wifi,warp_enabled,web_ecommerce,real,v2,sess_20260823_web_073_flow_00001_whole,whole_flow,0.000,146.447,0,626.000000,59741.000000,95.432907,31.585618,94.000000,151.000000,0.234314,0.230701,0.169082,0.682134,626.000000,0.000000,59741.000000,0.000000,4.274597,407.937218,515.000000,1.215534,3.516641,0.000000
sess_20260823_web_074_flow_00000,real_sess_20260823_web_074,sess_20260823_web_074,Web,env_win11_eth,LOW_BANDWIDTH,day_4,2026-08-23,batch_20260823_03,dev_win11_desktop,ethernet,warp_enabled,web_github_docs,real,v2,sess_20260823_web_074_flow_00000_whole,whole_flow,0.000,96.516,0,607.000000,69475.000000,114.456343,39.760166,114.000000,180.000000,0.159267,0.154150,0.116756,0.453104,607.000000,0.000000,69475.000000,0.000000,6.289130,719.830871,449.000000,1.351893,4.652092,0.000000
sess_20260823_web_074_flow_00001,real_sess_20260823_web_074,sess_20260823_web_074,Web,env_win11_eth,LOW_BANDWIDTH,day_4,2026-08-23,batch_20260823_03,dev_win11_desktop,ethernet,warp_enabled,web_github_docs,real,v2,sess_20260823_web_074_flow_00001_whole,whole_flow,0.000,110.372,0,607.000000,51991.000000,85.652389,27.782387,84.000000,132.700000,0.182132,0.172199,0.137025,0.496288,607.000000,0.000000,51991.000000,0.000000,5.499580,471.052177,471.000000,1.288747,4.267384,0.000000
sess_20260823_web_075_flow_00000,real_sess_20260823_web_075,sess_20260823_web_075,Web,env_win11_cellular,NORMAL,day_4,2026-08-23,batch_20260823_04,dev_win11_laptop,cellular,warp_enabled,web_tech_blogs,real,v2,sess_20260823_web_075_flow_00000_whole,whole_flow,0.000,57.940,0,421.000000,103253.000000,245.256532,87.852450,245.000000,392.000000,0.137951,0.137304,0.102488,0.391522,421.000000,0.000000,103253.000000,0.000000,7.266196,1782.082070,296.000000,1.422297,5.108774,0.000000
sess_20260823_web_075_flow_00001,real_sess_20260823_web_075,sess_20260823_web_075,Web,env_win11_cellular,NORMAL,day_4,2026-08-23,batch_20260823_04,dev_win11_laptop,cellular,warp_enabled,web_tech_blogs,real,v2,sess_20260823_web_075_flow_00001_whole,whole_flow,0.000,58.508,0,421.000000,101608.000000,241.349169,84.368940,238.000000,383.000000,0.139304,0.140306,0.095933,0.426830,421.000000,0.000000,101608.000000,0.000000,7.195628,1736.658758,298.000000,1.412752,5.093342,0.000000
sess_20260820_video_076_flow_00000,real_sess_20260820_video_076,sess_20260820_video_076,Video,env_win11_wifi,NORMAL,day_1,2026-08-20,batch_20260820_01,dev_win11_laptop,wifi,warp_enabled,vid_youtube_1080p,real,v2,sess_20260820_video_076_flow_00000_whole,whole_flow,0.000,59.742,0,15441.000000,17774944.000000,1151.152387,311.074016,1258.000000,1420.000000,0.003869,0.003879,0.002675,0.011588,15441.000000,0.000000,17774944.000000,0.000000,258.459326,297526.070254,1.000000,15441.000000,0.016739,0.000000
sess_20260820_video_076_flow_00001,real_sess_20260820_video_076,sess_20260820_video_076,Video,env_win11_wifi,NORMAL,day_1,2026-08-20,batch_20260820_01,dev_win11_laptop,wifi,warp_enabled,vid_youtube_1080p,real,v2,sess_20260820_video_076_flow_00001_whole,whole_flow,0.000,58.975,0,15441.000000,17846921.000000,1155.813807,305.578373,1262.000000,1420.000000,0.003820,0.003817,0.002648,0.011511,15441.000000,0.000000,17846921.000000,0.000000,261.821824,302617.279579,1.000000,15441.000000,0.016956,0.000000
sess_20260820_video_077_flow_00000,real_sess_20260820_video_077,sess_20260820_video_077,Video,env_win11_wifi,LOW_BANDWIDTH,day_1,2026-08-20,batch_20260820_02,dev_win11_laptop,wifi,warp_enabled,vid_vimeo_720p,real,v2,sess_20260820_video_077_flow_00000_whole,whole_flow,0.000,103.859,0,2510.000000,307751.000000,122.609960,40.595209,122.000000,191.000000,0.041395,0.041670,0.028673,0.125387,2510.000000,0.000000,307751.000000,0.000000,24.167373,2963.160661,734.000000,3.419619,7.067272,0.000000
sess_20260820_video_077_flow_00001,real_sess_20260820_video_077,sess_20260820_video_077,Video,env_win11_wifi,LOW_BANDWIDTH,day_1,2026-08-20,batch_20260820_02,dev_win11_laptop,wifi,warp_enabled,vid_vimeo_720p,real,v2,sess_20260820_video_077_flow_00001_whole,whole_flow,0.000,107.390,0,2510.000000,236293.000000,94.140637,30.553600,94.000000,145.000000,0.042802,0.042338,0.030063,0.128626,2510.000000,0.000000,236293.000000,0.000000,23.372749,2200.325521,785.000000,3.197452,7.309804,0.000000
sess_20260820_video_078_flow_00000,real_sess_20260820_video_078,sess_20260820_video_078,Video,env_win11_eth,NORMAL,day_1,2026-08-20,batch_20260820_03,dev_win11_desktop,ethernet,warp_disabled,vid_twitch_live,real,v2,sess_20260820_video_078_flow_00000_whole,whole_flow,0.000,58.533,0,3919.000000,4213222.000000,1075.075785,318.868037,1126.000000,1420.000000,0.014940,0.014922,0.010419,0.044094,3919.000000,0.000000,4213222.000000,0.000000,66.953149,71979.709453,133.000000,29.466165,2.272204,0.000000
sess_20260820_video_078_flow_00001,real_sess_20260820_video_078,sess_20260820_video_078,Video,env_win11_eth,NORMAL,day_1,2026-08-20,batch_20260820_03,dev_win11_desktop,ethernet,warp_disabled,vid_twitch_live,real,v2,sess_20260820_video_078_flow_00001_whole,whole_flow,0.000,59.628,0,3919.000000,4226691.000000,1078.512631,318.001773,1135.000000,1420.000000,0.015219,0.015426,0.010624,0.045274,3919.000000,0.000000,4226691.000000,0.000000,65.724583,70884.793007,151.000000,25.953642,2.532384,0.000000
sess_20260820_video_079_flow_00000,real_sess_20260820_video_079,sess_20260820_video_079,Video,env_win11_eth,HIGH_LATENCY,day_1,2026-08-20,batch_20260820_04,dev_win11_desktop,ethernet,warp_enabled,vid_dailymotion_sd,real,v2,sess_20260820_video_079_flow_00000_whole,whole_flow,0.000,153.569,0,1125.000000,266086.000000,236.520889,81.121148,235.000000,373.000000,0.136627,0.131636,0.096017,0.401867,1125.000000,0.000000,266086.000000,0.000000,7.325702,1732.681444,773.000000,1.455369,5.033571,0.000000
sess_20260820_video_079_flow_00001,real_sess_20260820_video_079,sess_20260820_video_079,Video,env_win11_eth,HIGH_LATENCY,day_1,2026-08-20,batch_20260820_04,dev_win11_desktop,ethernet,warp_enabled,vid_dailymotion_sd,real,v2,sess_20260820_video_079_flow_00001_whole,whole_flow,0.000,235.312,0,1125.000000,271901.000000,241.689778,84.097461,240.000000,374.400000,0.209353,0.210500,0.142062,0.628590,1125.000000,0.000000,271901.000000,0.000000,4.780877,1155.489209,881.000000,1.276958,3.743958,0.000000
sess_20260821_video_080_flow_00000,real_sess_20260821_video_080,sess_20260821_video_080,Video,env_win11_wifi,NORMAL,day_2,2026-08-21,batch_20260821_01,dev_win11_laptop,wifi,warp_enabled,vid_netflix_4k,real,v2,sess_20260821_video_080_flow_00000_whole,whole_flow,0.000,59.211,0,7741.000000,6070868.000000,784.248547,270.456498,786.000000,1233.000000,0.007650,0.007699,0.005336,0.023060,7741.000000,0.000000,6070868.000000,0.000000,130.734946,102528.691623,13.000000,595.461538,0.219552,0.000000
sess_20260821_video_080_flow_00001,real_sess_20260821_video_080,sess_20260821_video_080,Video,env_win11_wifi,NORMAL,day_2,2026-08-21,batch_20260821_01,dev_win11_laptop,wifi,warp_enabled,vid_netflix_4k,real,v2,sess_20260821_video_080_flow_00001_whole,whole_flow,0.000,59.544,0,7741.000000,6054262.000000,782.103346,270.962691,779.000000,1239.000000,0.007693,0.007707,0.005473,0.022598,7741.000000,0.000000,6054262.000000,0.000000,130.005250,101677.541061,16.000000,483.812500,0.268710,0.000000
sess_20260821_video_081_flow_00000,real_sess_20260821_video_081,sess_20260821_video_081,Video,env_win11_wifi,HIGH_LATENCY,day_2,2026-08-21,batch_20260821_02,dev_win11_laptop,wifi,warp_enabled,vid_youtube_1080p,real,v2,sess_20260821_video_081_flow_00000_whole,whole_flow,0.000,152.278,0,7258.000000,7517210.000000,1035.713695,319.133823,1077.000000,1420.000000,0.020984,0.020764,0.014912,0.061848,7258.000000,0.000000,7517210.000000,0.000000,47.662789,49365.003720,669.000000,10.849028,4.393277,0.000000
sess_20260821_video_081_flow_00001,real_sess_20260821_video_081,sess_20260821_video_081,Video,env_win11_wifi,HIGH_LATENCY,day_2,2026-08-21,batch_20260821_02,dev_win11_laptop,wifi,warp_enabled,vid_youtube_1080p,real,v2,sess_20260821_video_081_flow_00001_whole,whole_flow,0.000,167.087,0,7258.000000,7493825.000000,1032.491733,321.743195,1072.000000,1420.000000,0.023024,0.022620,0.015971,0.068197,7258.000000,0.000000,7493825.000000,0.000000,43.438413,44849.802432,821.000000,8.840438,4.913604,0.000000
sess_20260821_video_082_flow_00000,real_sess_20260821_video_082,sess_20260821_video_082,Video,env_win11_cellular,NORMAL,day_2,2026-08-21,batch_20260821_03,dev_win11_laptop,cellular,warp_disabled,vid_vimeo_720p,real,v2,sess_20260821_video_082_flow_00000_whole,whole_flow,0.000,62.164,0,979.000000,800932.000000,818.112360,278.198024,831.000000,1290.200000,0.063563,0.064559,0.044313,0.191256,979.000000,0.000000,800932.000000,0.000000,15.748627,12884.146024,433.000000,2.260970,6.965429,0.000000
sess_20260821_video_082_flow_00001,real_sess_20260821_video_082,sess_20260821_video_082,Video,env_win11_cellular,NORMAL,day_2,2026-08-21,batch_20260821_03,dev_win11_laptop,cellular,warp_disabled,vid_vimeo_720p,real,v2,sess_20260821_video_082_flow_00001_whole,whole_flow,0.000,59.993,0,979.000000,794542.000000,811.585291,283.875096,815.000000,1291.000000,0.061343,0.062090,0.043351,0.189373,979.000000,0.000000,794542.000000,0.000000,16.318533,13243.881292,421.000000,2.325416,7.017469,0.000000
sess_20260821_video_083_flow_00000,real_sess_20260821_video_083,sess_20260821_video_083,Video,env_win11_cellular,LOW_BANDWIDTH,day_2,2026-08-21,batch_20260821_04,dev_win11_laptop,cellular,warp_enabled,vid_twitch_live,real,v2,sess_20260821_video_083_flow_00000_whole,whole_flow,0.000,91.605,0,510.000000,38592.000000,75.670588,24.729464,73.000000,119.000000,0.179970,0.175033,0.131307,0.522646,510.000000,0.000000,38592.000000,0.000000,5.567409,421.289079,399.000000,1.278195,4.355678,0.000000
sess_20260821_video_083_flow_00001,real_sess_20260821_video_083,sess_20260821_video_083,Video,env_win11_cellular,LOW_BANDWIDTH,day_2,2026-08-21,batch_20260821_04,dev_win11_laptop,cellular,warp_enabled,vid_twitch_live,real,v2,sess_20260821_video_083_flow_00001_whole,whole_flow,0.000,122.445,0,510.000000,62416.000000,122.384314,41.211237,124.000000,193.650000,0.240560,0.242224,0.161048,0.728188,510.000000,0.000000,62416.000000,0.000000,4.165135,509.747153,415.000000,1.228916,3.389276,0.000000
sess_20260822_video_084_flow_00000,real_sess_20260822_video_084,sess_20260822_video_084,Video,env_win11_eth,NORMAL,day_3,2026-08-22,batch_20260822_01,dev_win11_desktop,ethernet,warp_enabled,vid_dailymotion_sd,real,v2,sess_20260822_video_084_flow_00000_whole,whole_flow,0.000,58.657,0,13318.000000,15428174.000000,1158.445262,309.485548,1273.000000,1420.000000,0.004405,0.004412,0.003075,0.013223,13318.000000,0.000000,15428174.000000,0.000000,227.049702,263024.652093,2.000000,6659.000000,0.034097,0.000000
sess_20260822_video_084_flow_00001,real_sess_20260822_video_084,sess_20260822_video_084,Video,env_win11_eth,NORMAL,day_3,2026-08-22,batch_20260822_01,dev_win11_desktop,ethernet,warp_enabled,vid_dailymotion_sd,real,v2,sess_20260822_video_084_flow_00001_whole,whole_flow,0.000,58.898,0,13318.000000,15384831.000000,1155.190794,308.160197,1263.500000,1420.000000,0.004423,0.004443,0.003041,0.013267,13318.000000,0.000000,15384831.000000,0.000000,226.119664,261211.354103,1.000000,13318.000000,0.016979,0.000000
sess_20260822_video_085_flow_00000,real_sess_20260822_video_085,sess_20260822_video_085,Video,env_win11_eth,PACKET_LOSS,day_3,2026-08-22,batch_20260822_02,dev_win11_desktop,ethernet,warp_enabled,vid_netflix_4k,real,v2,sess_20260822_video_085_flow_00000_whole,whole_flow,0.000,50.518,0,1992.000000,499796.000000,250.901606,87.420172,252.000000,391.450000,0.025373,0.024792,0.017702,0.074906,1992.000000,0.000000,499796.000000,0.000000,39.431390,9893.398994,278.000000,7.165468,5.502975,0.000000
sess_20260822_video_085_flow_00001,real_sess_20260822_video_085,sess_20260822_video_085,Video,env_win11_eth,PACKET_LOSS,day_3,2026-08-22,batch_20260822_02,dev_win11_desktop,ethernet,warp_enabled,vid_netflix_4k,real,v2,sess_20260822_video_085_flow_00001_whole,whole_flow,0.000,45.920,0,1848.000000,484734.000000,262.301948,93.509455,260.000000,417.000000,0.024862,0.025188,0.017122,0.071207,1848.000000,0.000000,484734.000000,0.000000,40.243850,10556.040162,238.000000,7.764706,5.182920,0.000000
sess_20260822_video_086_flow_00000,real_sess_20260822_video_086,sess_20260822_video_086,Video,env_win11_cellular,HIGH_LATENCY,day_3,2026-08-22,batch_20260822_03,dev_win11_laptop,cellular,warp_enabled,vid_youtube_1080p,real,v2,sess_20260822_video_086_flow_00000_whole,whole_flow,0.000,179.198,0,10530.000000,12155850.000000,1154.401709,308.030815,1261.000000,1420.000000,0.017020,0.016643,0.012081,0.050223,10530.000000,0.000000,12155850.000000,0.000000,58.761663,67834.564592,542.000000,19.428044,3.024579,0.000000
sess_20260822_video_086_flow_00001,real_sess_20260822_video_086,sess_20260822_video_086,Video,env_win11_cellular,HIGH_LATENCY,day_3,2026-08-22,batch_20260822_03,dev_win11_laptop,cellular,warp_enabled,vid_youtube_1080p,real,v2,sess_20260822_video_086_flow_00001_whole,whole_flow,0.000,132.593,0,10530.000000,12189898.000000,1157.635138,305.333065,1269.000000,1420.000000,0.012593,0.012722,0.008643,0.037815,10530.000000,0.000000,12189898.000000,0.000000,79.416029,91934.785615,190.000000,55.421053,1.432958,0.000000
sess_20260822_video_087_flow_00000,real_sess_20260822_video_087,sess_20260822_video_087,Video,env_win11_cellular,NORMAL,day_3,2026-08-22,batch_20260822_04,dev_win11_laptop,cellular,warp_disabled,vid_vimeo_720p,real,v2,sess_20260822_video_087_flow_00000_whole,whole_flow,0.000,58.389,0,1864.000000,405809.000000,217.708691,75.687652,218.000000,344.850000,0.031341,0.031385,0.021855,0.095386,1864.000000,0.000000,405809.000000,0.000000,31.923727,6950.072871,374.000000,4.983957,6.405297,0.000000
sess_20260822_video_087_flow_00001,real_sess_20260822_video_087,sess_20260822_video_087,Video,env_win11_cellular,NORMAL,day_3,2026-08-22,batch_20260822_04,dev_win11_laptop,cellular,warp_disabled,vid_vimeo_720p,real,v2,sess_20260822_video_087_flow_00001_whole,whole_flow,0.000,58.784,0,1864.000000,400668.000000,214.950644,74.549079,214.500000,333.850000,0.031553,0.032425,0.021696,0.096555,1864.000000,0.000000,400668.000000,0.000000,31.709337,6815.942336,386.000000,4.829016,6.566418,0.000000
sess_20260823_video_088_flow_00000,real_sess_20260823_video_088,sess_20260823_video_088,Video,env_win11_wifi,LOW_BANDWIDTH,day_4,2026-08-23,batch_20260823_02,dev_win11_laptop,wifi,warp_enabled,vid_twitch_live,real,v2,sess_20260823_video_088_flow_00000_whole,whole_flow,0.000,119.518,0,16835.000000,9363088.000000,556.167983,194.176364,556.000000,876.000000,0.007100,0.007104,0.004907,0.021126,16835.000000,0.000000,9363088.000000,0.000000,140.857153,78340.238519,19.000000,886.052632,0.158972,0.000000
sess_20260823_video_088_flow_00001,real_sess_20260823_video_088,sess_20260823_video_088,Video,env_win11_wifi,LOW_BANDWIDTH,day_4,2026-08-23,batch_20260823_02,dev_win11_laptop,wifi,warp_enabled,vid_twitch_live,real,v2,sess_20260823_video_088_flow_00001_whole,whole_flow,0.000,143.371,0,16835.000000,13581636.000000,806.749985,278.070770,810.000000,1272.000000,0.008517,0.008362,0.005917,0.025424,16835.000000,0.000000,13581636.000000,0.000000,117.422765,94730.813880,37.000000,455.000000,0.258072,0.000000
sess_20260823_video_089_flow_00000,real_sess_20260823_video_089,sess_20260823_video_089,Video,env_win11_eth,LOW_BANDWIDTH,day_4,2026-08-23,batch_20260823_03,dev_win11_desktop,ethernet,warp_enabled,vid_dailymotion_sd,real,v2,sess_20260823_video_089_flow_00000_whole,whole_flow,0.000,126.653,0,2339.000000,235340.000000,100.615648,34.091103,101.000000,158.000000,0.054171,0.054535,0.039052,0.160742,2339.000000,0.000000,235340.000000,0.000000,18.467797,1858.149367,918.000000,2.547930,7.248156,0.000000
sess_20260823_video_089_flow_00001,real_sess_20260823_video_089,sess_20260823_video_089,Video,env_win11_eth,LOW_BANDWIDTH,day_4,2026-08-23,batch_20260823_03,dev_win11_desktop,ethernet,warp_enabled,vid_dailymotion_sd,real,v2,sess_20260823_video_089_flow_00001_whole,whole_flow,0.000,118.118,0,2339.000000,251058.000000,107.335614,36.590927,107.000000,167.100000,0.050521,0.050040,0.035893,0.152388,2339.000000,0.000000,251058.000000,0.000000,19.802236,2125.485145,882.000000,2.651927,7.467111,0.000000
sess_20260823_video_090_flow_00000,real_sess_20260823_video_090,sess_20260823_video_090,Video,env_win11_cellular,NORMAL,day_4,2026-08-23,batch_20260823_04,dev_win11_laptop,cellular,warp_enabled,vid_netflix_4k,real,v2,sess_20260823_video_090_flow_00000_whole,whole_flow,0.000,57.644,0,849.000000,170124.000000,200.381625,72.813737,202.000000,318.000000,0.067977,0.067171,0.046231,0.202216,849.000000,0.000000,170124.000000,0.000000,14.728299,2951.280427,413.000000,2.055690,7.164649,0.000000
sess_20260823_video_090_flow_00001,real_sess_20260823_video_090,sess_20260823_video_090,Video,env_win11_cellular,NORMAL,day_4,2026-08-23,batch_20260823_04,dev_win11_laptop,cellular,warp_enabled,vid_netflix_4k,real,v2,sess_20260823_video_090_flow_00001_whole,whole_flow,0.000,60.924,0,849.000000,172423.000000,203.089517,67.797638,204.000000,308.000000,0.071844,0.073587,0.048906,0.217177,849.000000,0.000000,172423.000000,0.000000,13.935506,2830.155220,419.000000,2.026253,6.877476,0.000000
sess_20260820_messaging_091_flow_00000,real_sess_20260820_messaging_091,sess_20260820_messaging_091,Messaging,env_win11_wifi,NORMAL,day_1,2026-08-20,batch_20260820_01,dev_win11_laptop,wifi,warp_enabled,msg_slack_chat,real,v2,sess_20260820_messaging_091_flow_00000_whole,whole_flow,0.000,59.567,0,5994.000000,6697341.000000,1117.340841,313.552514,1190.000000,1420.000000,0.009939,0.009998,0.006877,0.029803,5994.000000,0.000000,6697341.000000,0.000000,100.626509,112434.107978,41.000000,146.195122,0.688303,0.000000
sess_20260820_messaging_091_flow_00001,real_sess_20260820_messaging_091,sess_20260820_messaging_091,Messaging,env_win11_wifi,NORMAL,day_1,2026-08-20,batch_20260820_01,dev_win11_laptop,wifi,warp_enabled,msg_slack_chat,real,v2,sess_20260820_messaging_091_flow_00001_whole,whole_flow,0.000,60.741,0,5994.000000,6697771.000000,1117.412579,309.698524,1187.000000,1420.000000,0.010135,0.009900,0.007147,0.029730,5994.000000,0.000000,6697771.000000,0.000000,98.681019,110267.411409,36.000000,166.500000,0.592679,0.000000
sess_20260820_messaging_092_flow_00000,real_sess_20260820_messaging_092,sess_20260820_messaging_092,Messaging,env_win11_wifi,LOW_BANDWIDTH,day_1,2026-08-20,batch_20260820_02,dev_win11_laptop,wifi,warp_enabled,msg_discord_text,real,v2,sess_20260820_messaging_092_flow_00000_whole,whole_flow,0.000,132.401,0,1313.000000,173629.000000,132.238385,45.551076,132.000000,208.400000,0.100915,0.103479,0.072118,0.307134,1313.000000,0.000000,173629.000000,0.000000,9.916844,1311.387455,799.000000,1.643304,6.034698,0.000000
sess_20260820_messaging_092_flow_00001,real_sess_20260820_messaging_092,sess_20260820_messaging_092,Messaging,env_win11_wifi,LOW_BANDWIDTH,day_1,2026-08-20,batch_20260820_02,dev_win11_laptop,wifi,warp_enabled,msg_discord_text,real,v2,sess_20260820_messaging_092_flow_00001_whole,whole_flow,0.000,91.099,0,1313.000000,119136.000000,90.735720,30.196580,90.000000,144.000000,0.069435,0.071128,0.045757,0.212562,1313.000000,0.000000,119136.000000,0.000000,14.412858,1307.761054,626.000000,2.097444,6.871629,0.000000
sess_20260820_messaging_093_flow_00000,real_sess_20260820_messaging_093,sess_20260820_messaging_093,Messaging,env_win11_eth,NORMAL,day_1,2026-08-20,batch_20260820_03,dev_win11_desktop,ethernet,warp_disabled,msg_telegram_sync,real,v2,sess_20260820_messaging_093_flow_00000_whole,whole_flow,0.000,57.758,0,6411.000000,1388275.000000,216.545781,74.326785,215.000000,340.000000,0.009011,0.008842,0.006328,0.027010,6411.000000,0.000000,1388275.000000,0.000000,110.998219,24036.196054,19.000000,337.421053,0.328961,0.000000
sess_20260820_messaging_093_flow_00001,real_sess_20260820_messaging_093,sess_20260820_messaging_093,Messaging,env_win11_eth,NORMAL,day_1,2026-08-20,batch_20260820_03,dev_win11_desktop,ethernet,warp_disabled,msg_telegram_sync,real,v2,sess_20260820_messaging_093_flow_00001_whole,whole_flow,0.000,58.211,0,6411.000000,1397795.000000,218.030728,74.559946,219.000000,340.000000,0.009081,0.009034,0.006344,0.027066,6411.000000,0.000000,1397795.000000,0.000000,110.134572,24012.720971,21.000000,305.285714,0.360759,0.000000
sess_20260820_messaging_094_flow_00000,real_sess_20260820_messaging_094,sess_20260820_messaging_094,Messaging,env_win11_eth,HIGH_LATENCY,day_1,2026-08-20,batch_20260820_04,dev_win11_desktop,ethernet,warp_enabled,msg_whatsapp_web,real,v2,sess_20260820_messaging_094_flow_00000_whole,whole_flow,0.000,172.711,0,45844.000000,53983735.000000,1177.552897,302.061032,1309.000000,1420.000000,0.003767,0.003764,0.002610,0.011271,45844.000000,0.000000,53983735.000000,0.000000,265.438404,312567.761393,1.000000,45844.000000,0.005790,0.000000
sess_20260820_messaging_094_flow_00001,real_sess_20260820_messaging_094,sess_20260820_messaging_094,Messaging,env_win11_eth,HIGH_LATENCY,day_1,2026-08-20,batch_20260820_04,dev_win11_desktop,ethernet,warp_enabled,msg_whatsapp_web,real,v2,sess_20260820_messaging_094_flow_00001_whole,whole_flow,0.000,205.597,0,45844.000000,53874004.000000,1175.159323,304.021543,1308.000000,1420.000000,0.004485,0.004489,0.003111,0.013437,45844.000000,0.000000,53874004.000000,0.000000,222.979777,262036.763308,2.000000,22922.000000,0.009728,0.000000
sess_20260821_messaging_095_flow_00000,real_sess_20260821_messaging_095,sess_20260821_messaging_095,Messaging,env_win11_wifi,NORMAL,day_2,2026-08-21,batch_20260821_01,dev_win11_laptop,wifi,warp_enabled,msg_signal_chat,real,v2,sess_20260821_messaging_095_flow_00000_whole,whole_flow,0.000,56.822,0,1950.000000,416522.000000,213.601026,73.742016,214.000000,333.550000,0.029155,0.028936,0.020797,0.085193,1950.000000,0.000000,416522.000000,0.000000,34.317463,7330.245384,355.000000,5.492958,6.247538,0.000000
sess_20260821_messaging_095_flow_00001,real_sess_20260821_messaging_095,sess_20260821_messaging_095,Messaging,env_win11_wifi,NORMAL,day_2,2026-08-21,batch_20260821_01,dev_win11_laptop,wifi,warp_enabled,msg_signal_chat,real,v2,sess_20260821_messaging_095_flow_00001_whole,whole_flow,0.000,59.622,0,1950.000000,421299.000000,216.050769,74.192915,219.000000,338.550000,0.030591,0.029836,0.020730,0.090538,1950.000000,0.000000,421299.000000,0.000000,32.706145,7066.187710,402.000000,4.850746,6.742498,0.000000
sess_20260821_messaging_096_flow_00000,real_sess_20260821_messaging_096,sess_20260821_messaging_096,Messaging,env_win11_wifi,HIGH_LATENCY,day_2,2026-08-21,batch_20260821_02,dev_win11_laptop,wifi,warp_enabled,msg_slack_chat,real,v2,sess_20260821_messaging_096_flow_00000_whole,whole_flow,0.000,217.819,0,12738.000000,14773461.000000,1159.794395,309.048324,1277.000000,1420.000000,0.017101,0.017129,0.011856,0.051907,12738.000000,0.000000,14773461.000000,0.000000,58.479614,67824.328887,709.000000,17.966150,3.254989,0.000000
sess_20260821_messaging_096_flow_00001,real_sess_20260821_messaging_096,sess_20260821_messaging_096,Messaging,env_win11_wifi,HIGH_LATENCY,day_2,2026-08-21,batch_20260821_02,dev_win11_laptop,wifi,warp_enabled,msg_slack_chat,real,v2,sess_20260821_messaging_096_flow_00001_whole,whole_flow,0.000,180.806,0,12738.000000,14829055.000000,1164.158816,305.609747,1282.000000,1420.000000,0.014195,0.014081,0.009895,0.042222,12738.000000,0.000000,14829055.000000,0.000000,70.451344,82016.553541,370.000000,34.427027,2.046396,0.000000
sess_20260821_messaging_097_flow_00000,real_sess_20260821_messaging_097,sess_20260821_messaging_097,Messaging,env_win11_cellular,NORMAL,day_2,2026-08-21,batch_20260821_03,dev_win11_laptop,cellular,warp_disabled,msg_discord_text,real,v2,sess_20260821_messaging_097_flow_00000_whole,whole_flow,0.000,59.713,0,2182.000000,484935.000000,222.243355,76.336055,220.000000,350.950000,0.027379,0.027466,0.019009,0.085835,2182.000000,0.000000,484935.000000,0.000000,36.541348,8121.071689,346.000000,6.306358,5.794366,0.000000
sess_20260821_messaging_097_flow_00001,real_sess_20260821_messaging_097,sess_20260821_messaging_097,Messaging,env_win11_cellular,NORMAL,day_2,2026-08-21,batch_20260821_03,dev_win11_laptop,cellular,warp_disabled,msg_discord_text,real,v2,sess_20260821_messaging_097_flow_00001_whole,whole_flow,0.000,58.039,0,2182.000000,479946.000000,219.956920,78.154041,219.000000,353.000000,0.026611,0.027347,0.018353,0.080336,2182.000000,0.000000,479946.000000,0.000000,37.595668,8269.427424,335.000000,6.513433,5.772021,0.000000
sess_20260821_messaging_098_flow_00000,real_sess_20260821_messaging_098,sess_20260821_messaging_098,Messaging,env_win11_cellular,LOW_BANDWIDTH,day_2,2026-08-21,batch_20260821_04,dev_win11_laptop,cellular,warp_enabled,msg_telegram_sync,real,v2,sess_20260821_messaging_098_flow_00000_whole,whole_flow,0.000,115.474,0,13172.000000,9179889.000000,696.924461,239.289886,699.000000,1088.450000,0.008767,0.008730,0.006227,0.026133,13172.000000,0.000000,9179889.000000,0.000000,114.068968,79497.453862,39.000000,337.743590,0.337738,0.000000
sess_20260821_messaging_098_flow_00001,real_sess_20260821_messaging_098,sess_20260821_messaging_098,Messaging,env_win11_cellular,LOW_BANDWIDTH,day_2,2026-08-21,batch_20260821_04,dev_win11_laptop,cellular,warp_enabled,msg_telegram_sync,real,v2,sess_20260821_messaging_098_flow_00001_whole,whole_flow,0.000,101.852,0,13172.000000,6437969.000000,488.761691,171.017087,489.000000,773.000000,0.007733,0.007726,0.005341,0.023003,13172.000000,0.000000,6437969.000000,0.000000,129.324735,63208.976369,21.000000,627.238095,0.206181,0.000000
sess_20260822_messaging_099_flow_00000,real_sess_20260822_messaging_099,sess_20260822_messaging_099,Messaging,env_win11_eth,NORMAL,day_3,2026-08-22,batch_20260822_01,dev_win11_desktop,ethernet,warp_enabled,msg_whatsapp_web,real,v2,sess_20260822_messaging_099_flow_00000_whole,whole_flow,0.000,60.440,0,7460.000000,8158747.000000,1093.665818,312.019109,1149.000000,1420.000000,0.008103,0.008117,0.005667,0.024760,7460.000000,0.000000,8158747.000000,0.000000,123.428683,134989.731094,18.000000,414.444444,0.297817,0.000000
sess_20260822_messaging_099_flow_00001,real_sess_20260822_messaging_099,sess_20260822_messaging_099,Messaging,env_win11_eth,NORMAL,day_3,2026-08-22,batch_20260822_01,dev_win11_desktop,ethernet,warp_enabled,msg_whatsapp_web,real,v2,sess_20260822_messaging_099_flow_00001_whole,whole_flow,0.000,60.235,0,7460.000000,8095515.000000,1085.189678,316.887755,1141.000000,1420.000000,0.008075,0.008081,0.005552,0.024530,7460.000000,0.000000,8095515.000000,0.000000,123.848222,134398.811698,14.000000,532.857143,0.232423,0.000000
sess_20260822_messaging_100_flow_00000,real_sess_20260822_messaging_100,sess_20260822_messaging_100,Messaging,env_win11_eth,PACKET_LOSS,day_3,2026-08-22,batch_20260822_02,dev_win11_desktop,ethernet,warp_enabled,msg_signal_chat,real,v2,sess_20260822_messaging_100_flow_00000_whole,whole_flow,0.000,48.318,0,1628.000000,359156.000000,220.611794,75.679269,220.000000,346.650000,0.029698,0.029296,0.021171,0.088857,1628.000000,0.000000,359156.000000,0.000000,33.693304,7433.140137,306.000000,5.320261,6.333017,0.000000
sess_20260822_messaging_100_flow_00001,real_sess_20260822_messaging_100,sess_20260822_messaging_100,Messaging,env_win11_eth,PACKET_LOSS,day_3,2026-08-22,batch_20260822_02,dev_win11_desktop,ethernet,warp_enabled,msg_signal_chat,real,v2,sess_20260822_messaging_100_flow_00001_whole,whole_flow,0.000,49.916,0,1630.000000,400939.000000,245.974847,86.445458,246.000000,388.550000,0.030642,0.031117,0.021714,0.092078,1630.000000,0.000000,400939.000000,0.000000,32.655139,8032.342911,315.000000,5.174603,6.310656,0.000000
sess_20260822_messaging_101_flow_00000,real_sess_20260822_messaging_101,sess_20260822_messaging_101,Messaging,env_win11_cellular,HIGH_LATENCY,day_3,2026-08-22,batch_20260822_03,dev_win11_laptop,cellular,warp_enabled,msg_slack_chat,real,v2,sess_20260822_messaging_101_flow_00000_whole,whole_flow,0.000,126.171,0,8501.000000,9740835.000000,1145.845783,309.348923,1245.000000,1420.000000,0.014844,0.014846,0.010372,0.044384,8501.000000,0.000000,9740835.000000,0.000000,67.376634,77203.231945,297.000000,28.622896,2.353942,0.000000
sess_20260822_messaging_101_flow_00001,real_sess_20260822_messaging_101,sess_20260822_messaging_101,Messaging,env_win11_cellular,HIGH_LATENCY,day_3,2026-08-22,batch_20260822_03,dev_win11_laptop,cellular,warp_enabled,msg_slack_chat,real,v2,sess_20260822_messaging_101_flow_00001_whole,whole_flow,0.000,144.790,0,8501.000000,9757044.000000,1147.752500,308.955232,1251.000000,1420.000000,0.017034,0.017184,0.011618,0.051981,8501.000000,0.000000,9757044.000000,0.000000,58.712433,67387.341880,485.000000,17.527835,3.349668,0.000000
sess_20260822_messaging_102_flow_00000,real_sess_20260822_messaging_102,sess_20260822_messaging_102,Messaging,env_win11_cellular,NORMAL,day_3,2026-08-22,batch_20260822_04,dev_win11_laptop,cellular,warp_disabled,msg_discord_text,real,v2,sess_20260822_messaging_102_flow_00000_whole,whole_flow,0.000,58.174,0,1544.000000,279538.000000,181.047927,63.916206,178.000000,290.000000,0.037702,0.039038,0.025257,0.109880,1544.000000,0.000000,279538.000000,0.000000,26.541075,4805.206537,408.000000,3.784314,7.013445,0.000000
sess_20260822_messaging_102_flow_00001,real_sess_20260822_messaging_102,sess_20260822_messaging_102,Messaging,env_win11_cellular,NORMAL,day_3,2026-08-22,batch_20260822_04,dev_win11_laptop,cellular,warp_disabled,msg_discord_text,real,v2,sess_20260822_messaging_102_flow_00001_whole,whole_flow,0.000,60.697,0,1544.000000,285048.000000,184.616580,63.436778,185.000000,290.850000,0.039337,0.039261,0.027012,0.122840,1544.000000,0.000000,285048.000000,0.000000,25.437948,4696.267027,439.000000,3.517084,7.232681,0.000000
sess_20260823_messaging_103_flow_00000,real_sess_20260823_messaging_103,sess_20260823_messaging_103,Messaging,env_win11_wifi,LOW_BANDWIDTH,day_4,2026-08-23,batch_20260823_02,dev_win11_laptop,wifi,warp_enabled,msg_telegram_sync,real,v2,sess_20260823_messaging_103_flow_00000_whole,whole_flow,0.000,135.921,0,519.000000,51120.000000,98.497110,34.952920,97.000000,159.000000,0.262396,0.272708,0.181184,0.818079,519.000000,0.000000,51120.000000,0.000000,3.818397,376.101067,428.000000,1.212617,3.148890,0.000000
sess_20260823_messaging_103_flow_00001,real_sess_20260823_messaging_103,sess_20260823_messaging_103,Messaging,env_win11_wifi,LOW_BANDWIDTH,day_4,2026-08-23,batch_20260823_02,dev_win11_laptop,wifi,warp_enabled,msg_telegram_sync,real,v2,sess_20260823_messaging_103_flow_00001_whole,whole_flow,0.000,118.157,0,519.000000,34326.000000,66.138728,20.185079,64.000000,103.100000,0.228102,0.210029,0.166751,0.644081,519.000000,0.000000,34326.000000,0.000000,4.392462,290.511877,425.000000,1.221176,3.596910,0.000000
sess_20260823_messaging_104_flow_00000,real_sess_20260823_messaging_104,sess_20260823_messaging_104,Messaging,env_win11_eth,LOW_BANDWIDTH,day_4,2026-08-23,batch_20260823_03,dev_win11_desktop,ethernet,warp_enabled,msg_whatsapp_web,real,v2,sess_20260823_messaging_104_flow_00000_whole,whole_flow,0.000,127.998,0,862.000000,304247.000000,352.954756,120.831128,351.000000,544.000000,0.148663,0.148769,0.097837,0.440974,862.000000,0.000000,304247.000000,0.000000,6.734458,2376.958885,609.000000,1.415435,4.757871,0.000000
sess_20260823_messaging_104_flow_00001,real_sess_20260823_messaging_104,sess_20260823_messaging_104,Messaging,env_win11_eth,LOW_BANDWIDTH,day_4,2026-08-23,batch_20260823_03,dev_win11_desktop,ethernet,warp_enabled,msg_whatsapp_web,real,v2,sess_20260823_messaging_104_flow_00001_whole,whole_flow,0.000,97.700,0,862.000000,393826.000000,456.874710,156.788900,456.000000,738.000000,0.113473,0.113135,0.076711,0.341356,862.000000,0.000000,393826.000000,0.000000,8.822927,4030.972005,558.000000,1.544803,5.711361,0.000000
sess_20260823_messaging_105_flow_00000,real_sess_20260823_messaging_105,sess_20260823_messaging_105,Messaging,env_win11_cellular,NORMAL,day_4,2026-08-23,batch_20260823_04,dev_win11_laptop,cellular,warp_enabled,msg_signal_chat,real,v2,sess_20260823_messaging_105_flow_00000_whole,whole_flow,0.000,59.030,0,381.000000,69383.000000,182.107612,63.000283,182.000000,288.000000,0.155343,0.152591,0.102425,0.455877,381.000000,0.000000,69383.000000,0.000000,6.454292,1175.375750,273.000000,1.395604,4.624729,0.000000
sess_20260823_messaging_105_flow_00001,real_sess_20260823_messaging_105,sess_20260823_messaging_105,Messaging,env_win11_cellular,NORMAL,day_4,2026-08-23,batch_20260823_04,dev_win11_laptop,cellular,warp_enabled,msg_signal_chat,real,v2,sess_20260823_messaging_105_flow_00001_whole,whole_flow,0.000,55.647,0,381.000000,70177.000000,184.191601,67.402754,183.000000,294.000000,0.146440,0.141713,0.104531,0.429767,381.000000,0.000000,70177.000000,0.000000,6.846700,1261.104626,275.000000,1.385455,4.941844,0.000000
sess_20260820_voip_106_flow_00000,real_sess_20260820_voip_106,sess_20260820_voip_106,VoIP,env_win11_wifi,NORMAL,day_1,2026-08-20,batch_20260820_01,dev_win11_laptop,wifi,warp_enabled,voip_zoom_audio,real,v2,sess_20260820_voip_106_flow_00000_whole,whole_flow,0.000,59.259,0,605.000000,237149.000000,391.981818,134.989163,391.000000,611.400000,0.098111,0.097492,0.063954,0.297184,605.000000,0.000000,237149.000000,0.000000,10.209373,4001.888715,347.000000,1.743516,5.855624,0.000000
sess_20260820_voip_106_flow_00001,real_sess_20260820_voip_106,sess_20260820_voip_106,VoIP,env_win11_wifi,NORMAL,day_1,2026-08-20,batch_20260820_01,dev_win11_laptop,wifi,warp_enabled,voip_zoom_audio,real,v2,sess_20260820_voip_106_flow_00001_whole,whole_flow,0.000,58.788,0,605.000000,238423.000000,394.087603,139.488205,394.000000,612.800000,0.097331,0.092001,0.068480,0.281414,605.000000,0.000000,238423.000000,0.000000,10.291218,4055.641576,362.000000,1.671271,6.157721,0.000000
sess_20260820_voip_107_flow_00000,real_sess_20260820_voip_107,sess_20260820_voip_107,VoIP,env_win11_wifi,LOW_BANDWIDTH,day_1,2026-08-20,batch_20260820_02,dev_win11_laptop,wifi,warp_enabled,voip_teams_voice,real,v2,sess_20260820_voip_107_flow_00000_whole,whole_flow,0.000,113.568,0,532.000000,62320.000000,117.142857,40.193777,117.000000,186.000000,0.213875,0.210709,0.143763,0.628570,532.000000,0.000000,62320.000000,0.000000,4.684430,548.747536,418.000000,1.272727,3.680624,0.000000
sess_20260820_voip_107_flow_00001,real_sess_20260820_voip_107,sess_20260820_voip_107,VoIP,env_win11_wifi,LOW_BANDWIDTH,day_1,2026-08-20,batch_20260820_02,dev_win11_laptop,wifi,warp_enabled,voip_teams_voice,real,v2,sess_20260820_voip_107_flow_00001_whole,whole_flow,0.000,149.114,0,532.000000,54699.000000,102.817669,35.048230,102.500000,163.450000,0.280817,0.286894,0.188747,0.871784,532.000000,0.000000,54699.000000,0.000000,3.567739,366.826566,446.000000,1.192825,2.990999,0.000000
sess_20260820_voip_108_flow_00000,real_sess_20260820_voip_108,sess_20260820_voip_108,VoIP,env_win11_eth,NORMAL,day_1,2026-08-20,batch_20260820_03,dev_win11_desktop,ethernet,warp_disabled,voip_meet_audio,real,v2,sess_20260820_voip_108_flow_00000_whole,whole_flow,0.000,56.619,0,511.000000,114509.000000,224.088063,80.371849,223.000000,353.500000,0.111018,0.109017,0.076955,0.339466,511.000000,0.000000,114509.000000,0.000000,9.025214,2022.442684,326.000000,1.567485,5.757769,0.000000
sess_20260820_voip_108_flow_00001,real_sess_20260820_voip_108,sess_20260820_voip_108,VoIP,env_win11_eth,NORMAL,day_1,2026-08-20,batch_20260820_03,dev_win11_desktop,ethernet,warp_disabled,voip_meet_audio,real,v2,sess_20260820_voip_108_flow_00001_whole,whole_flow,0.000,57.740,0,511.000000,114387.000000,223.849315,80.229726,222.000000,355.000000,0.113215,0.106869,0.085369,0.326209,511.000000,0.000000,114387.000000,0.000000,8.850067,1981.081352,345.000000,1.481159,5.975094,0.000000
sess_20260820_voip_109_flow_00000,real_sess_20260820_voip_109,sess_20260820_voip_109,VoIP,env_win11_eth,HIGH_LATENCY,day_1,2026-08-20,batch_20260820_04,dev_win11_desktop,ethernet,warp_enabled,voip_discord_voice,real,v2,sess_20260820_voip_109_flow_00000_whole,whole_flow,0.000,116.155,0,535.000000,136792.000000,255.685981,94.213649,252.000000,412.300000,0.217520,0.195303,0.171288,0.629077,535.000000,0.000000,136792.000000,0.000000,4.605897,1177.663354,438.000000,1.221461,3.770809,0.000000
sess_20260820_voip_109_flow_00001,real_sess_20260820_voip_109,sess_20260820_voip_109,VoIP,env_win11_eth,HIGH_LATENCY,day_1,2026-08-20,batch_20260820_04,dev_win11_desktop,ethernet,warp_enabled,voip_discord_voice,real,v2,sess_20260820_voip_109_flow_00001_whole,whole_flow,0.000,247.941,0,535.000000,137536.000000,257.076636,93.071692,261.000000,416.900000,0.464310,0.451774,0.331837,1.302550,535.000000,0.000000,137536.000000,0.000000,2.157768,554.711677,475.000000,1.126316,1.915775,0.000000
sess_20260821_voip_110_flow_00000,real_sess_20260821_voip_110,sess_20260821_voip_110,VoIP,env_win11_wifi,NORMAL,day_2,2026-08-21,batch_20260821_01,dev_win11_laptop,wifi,warp_enabled,voip_skype_call,real,v2,sess_20260821_voip_110_flow_00000_whole,whole_flow,0.000,60.777,0,447.000000,140788.000000,314.961969,113.003775,314.000000,490.400000,0.136271,0.144227,0.086644,0.407105,447.000000,0.000000,140788.000000,0.000000,7.354759,2316.469245,300.000000,1.490000,4.936080,0.000000
sess_20260821_voip_110_flow_00001,real_sess_20260821_voip_110,sess_20260821_voip_110,VoIP,env_win11_wifi,NORMAL,day_2,2026-08-21,batch_20260821_01,dev_win11_laptop,wifi,warp_enabled,voip_skype_call,real,v2,sess_20260821_voip_110_flow_00001_whole,whole_flow,0.000,62.440,0,447.000000,141961.000000,317.586130,113.790443,314.000000,495.000000,0.140000,0.135063,0.096182,0.383282,447.000000,0.000000,141961.000000,0.000000,7.158877,2273.560042,320.000000,1.396875,5.124923,0.000000
sess_20260821_voip_111_flow_00000,real_sess_20260821_voip_111,sess_20260821_voip_111,VoIP,env_win11_wifi,HIGH_LATENCY,day_2,2026-08-21,batch_20260821_02,dev_win11_laptop,wifi,warp_enabled,voip_zoom_audio,real,v2,sess_20260821_voip_111_flow_00000_whole,whole_flow,0.000,140.600,0,431.000000,92383.000000,214.345708,76.971286,213.000000,340.500000,0.326977,0.320870,0.220485,0.944540,431.000000,0.000000,92383.000000,0.000000,3.065432,657.062139,378.000000,1.140212,2.688476,0.000000
sess_20260821_voip_111_flow_00001,real_sess_20260821_voip_111,sess_20260821_voip_111,VoIP,env_win11_wifi,HIGH_LATENCY,day_2,2026-08-21,batch_20260821_02,dev_win11_laptop,wifi,warp_enabled,voip_zoom_audio,real,v2,sess_20260821_voip_111_flow_00001_whole,whole_flow,0.000,153.634,0,431.000000,91143.000000,211.468677,68.309880,212.000000,319.500000,0.357288,0.347826,0.258448,1.033911,431.000000,0.000000,91143.000000,0.000000,2.805371,593.248063,384.000000,1.122396,2.499449,0.000000
sess_20260821_voip_112_flow_00000,real_sess_20260821_voip_112,sess_20260821_voip_112,VoIP,env_win11_cellular,NORMAL,day_2,2026-08-21,batch_20260821_03,dev_win11_laptop,cellular,warp_disabled,voip_teams_voice,real,v2,sess_20260821_voip_112_flow_00000_whole,whole_flow,0.000,63.654,0,320.000000,76398.000000,238.743750,84.222232,231.000000,389.000000,0.199541,0.200651,0.145152,0.554017,320.000000,0.000000,76398.000000,0.000000,5.027214,1200.215879,254.000000,1.259843,3.990351,0.000000
sess_20260821_voip_112_flow_00001,real_sess_20260821_voip_112,sess_20260821_voip_112,VoIP,env_win11_cellular,NORMAL,day_2,2026-08-21,batch_20260821_03,dev_win11_laptop,cellular,warp_disabled,voip_teams_voice,real,v2,sess_20260821_voip_112_flow_00001_whole,whole_flow,0.000,57.875,0,320.000000,77616.000000,242.550000,87.291022,243.000000,396.000000,0.181427,0.190393,0.121773,0.563126,320.000000,0.000000,77616.000000,0.000000,5.529135,1341.091640,230.000000,1.391304,3.974066,0.000000
sess_20260821_voip_113_flow_00000,real_sess_20260821_voip_113,sess_20260821_voip_113,VoIP,env_win11_cellular,LOW_BANDWIDTH,day_2,2026-08-21,batch_20260821_04,dev_win11_laptop,cellular,warp_enabled,voip_meet_audio,real,v2,sess_20260821_voip_113_flow_00000_whole,whole_flow,0.000,133.710,0,310.000000,24792.000000,79.974194,25.398107,77.500000,123.000000,0.432717,0.468836,0.305215,1.362150,310.000000,0.000000,24792.000000,0.000000,2.318458,185.416819,260.000000,1.192308,1.944513,0.000000
sess_20260821_voip_113_flow_00001,real_sess_20260821_voip_113,sess_20260821_voip_113,VoIP,env_win11_cellular,LOW_BANDWIDTH,day_2,2026-08-21,batch_20260821_04,dev_win11_laptop,cellular,warp_enabled,voip_meet_audio,real,v2,sess_20260821_voip_113_flow_00001_whole,whole_flow,0.000,124.426,0,310.000000,26206.000000,84.535484,28.538209,83.000000,135.550000,0.402674,0.422018,0.264647,1.282986,310.000000,0.000000,26206.000000,0.000000,2.491438,210.614947,267.000000,1.161049,2.145852,0.000000
sess_20260822_voip_114_flow_00000,real_sess_20260822_voip_114,sess_20260822_voip_114,VoIP,env_win11_eth,NORMAL,day_3,2026-08-22,batch_20260822_01,dev_win11_desktop,ethernet,warp_enabled,voip_discord_voice,real,v2,sess_20260822_voip_114_flow_00000_whole,whole_flow,0.000,60.894,0,645.000000,294441.000000,456.497674,156.852260,456.000000,721.600000,0.094556,0.097010,0.059778,0.294211,645.000000,0.000000,294441.000000,0.000000,10.592145,4835.289392,378.000000,1.706349,6.207489,0.000000
sess_20260822_voip_114_flow_00001,real_sess_20260822_voip_114,sess_20260822_voip_114,VoIP,env_win11_eth,NORMAL,day_3,2026-08-22,batch_20260822_01,dev_win11_desktop,ethernet,warp_enabled,voip_discord_voice,real,v2,sess_20260822_voip_114_flow_00001_whole,whole_flow,0.000,58.243,0,645.000000,294478.000000,456.555039,144.886811,457.000000,692.800000,0.090439,0.087675,0.064140,0.267260,645.000000,0.000000,294478.000000,0.000000,11.074343,5056.047132,372.000000,1.733871,6.387063,0.000000
sess_20260822_voip_115_flow_00000,real_sess_20260822_voip_115,sess_20260822_voip_115,VoIP,env_win11_eth,PACKET_LOSS,day_3,2026-08-22,batch_20260822_02,dev_win11_desktop,ethernet,warp_enabled,voip_skype_call,real,v2,sess_20260822_voip_115_flow_00000_whole,whole_flow,0.000,53.175,0,453.000000,85492.000000,188.724062,62.960805,187.000000,293.000000,0.117643,0.121906,0.082087,0.352365,453.000000,0.000000,85492.000000,0.000000,8.519100,1607.759131,291.000000,1.556701,5.472534,0.000000
sess_20260822_voip_115_flow_00001,real_sess_20260822_voip_115,sess_20260822_voip_115,VoIP,env_win11_eth,PACKET_LOSS,day_3,2026-08-22,batch_20260822_02,dev_win11_desktop,ethernet,warp_enabled,voip_skype_call,real,v2,sess_20260822_voip_115_flow_00001_whole,whole_flow,0.000,50.228,0,420.000000,88161.000000,209.907143,72.104643,210.000000,320.100000,0.119877,0.110174,0.091423,0.322953,420.000000,0.000000,88161.000000,0.000000,8.361812,1755.204031,296.000000,1.418919,5.893086,0.000000
sess_20260822_voip_116_flow_00000,real_sess_20260822_voip_116,sess_20260822_voip_116,VoIP,env_win11_cellular,HIGH_LATENCY,day_3,2026-08-22,batch_20260822_03,dev_win11_laptop,cellular,warp_enabled,voip_zoom_audio,real,v2,sess_20260822_voip_116_flow_00000_whole,whole_flow,0.000,237.536,0,371.000000,97338.000000,262.366577,91.093390,260.000000,413.500000,0.641989,0.593664,0.460686,1.736851,371.000000,0.000000,97338.000000,0.000000,1.561869,409.782176,349.000000,1.063037,1.469251,0.000000
sess_20260822_voip_116_flow_00001,real_sess_20260822_voip_116,sess_20260822_voip_116,VoIP,env_win11_cellular,HIGH_LATENCY,day_3,2026-08-22,batch_20260822_03,dev_win11_laptop,cellular,warp_enabled,voip_zoom_audio,real,v2,sess_20260822_voip_116_flow_00001_whole,whole_flow,0.000,133.146,0,371.000000,91369.000000,246.277628,84.114772,249.000000,382.000000,0.359854,0.352897,0.228404,1.005627,371.000000,0.000000,91369.000000,0.000000,2.786418,686.232448,336.000000,1.104167,2.523548,0.000000
sess_20260822_voip_117_flow_00000,real_sess_20260822_voip_117,sess_20260822_voip_117,VoIP,env_win11_cellular,NORMAL,day_3,2026-08-22,batch_20260822_04,dev_win11_laptop,cellular,warp_disabled,voip_teams_voice,real,v2,sess_20260822_voip_117_flow_00000_whole,whole_flow,0.000,52.566,0,362.000000,96524.000000,266.640884,89.574151,267.000000,413.950000,0.145612,0.148903,0.097273,0.442624,362.000000,0.000000,96524.000000,0.000000,6.886604,1836.250115,254.000000,1.425197,4.832037,0.000000
sess_20260822_voip_117_flow_00001,real_sess_20260822_voip_117,sess_20260822_voip_117,VoIP,env_win11_cellular,NORMAL,day_3,2026-08-22,batch_20260822_04,dev_win11_laptop,cellular,warp_disabled,voip_teams_voice,real,v2,sess_20260822_voip_117_flow_00001_whole,whole_flow,0.000,55.755,0,362.000000,94140.000000,260.055249,87.932089,257.000000,400.800000,0.154446,0.149077,0.111125,0.462147,362.000000,0.000000,94140.000000,0.000000,6.492683,1688.456290,252.000000,1.436508,4.519768,0.000000
sess_20260823_voip_118_flow_00000,real_sess_20260823_voip_118,sess_20260823_voip_118,VoIP,env_win11_wifi,LOW_BANDWIDTH,day_4,2026-08-23,batch_20260823_02,dev_win11_laptop,wifi,warp_enabled,voip_meet_audio,real,v2,sess_20260823_voip_118_flow_00000_whole,whole_flow,0.000,142.430,0,608.000000,104344.000000,171.618421,60.810473,173.000000,275.300000,0.234646,0.241100,0.151837,0.704332,608.000000,0.000000,104344.000000,0.000000,4.268768,732.599288,484.000000,1.256198,3.398164,0.000000
sess_20260823_voip_118_flow_00001,real_sess_20260823_voip_118,sess_20260823_voip_118,VoIP,env_win11_wifi,LOW_BANDWIDTH,day_4,2026-08-23,batch_20260823_02,dev_win11_laptop,wifi,warp_enabled,voip_meet_audio,real,v2,sess_20260823_voip_118_flow_00001_whole,whole_flow,0.000,131.806,0,608.000000,139568.000000,229.552632,79.843930,228.000000,366.650000,0.217143,0.216466,0.148327,0.667270,608.000000,0.000000,139568.000000,0.000000,4.612854,1058.892693,477.000000,1.274633,3.618966,0.000000
sess_20260823_voip_119_flow_00000,real_sess_20260823_voip_119,sess_20260823_voip_119,VoIP,env_win11_eth,LOW_BANDWIDTH,day_4,2026-08-23,batch_20260823_03,dev_win11_desktop,ethernet,warp_enabled,voip_discord_voice,real,v2,sess_20260823_voip_119_flow_00000_whole,whole_flow,0.000,117.428,0,486.000000,56370.000000,115.987654,39.795515,114.000000,187.500000,0.242120,0.212980,0.187306,0.680902,486.000000,0.000000,56370.000000,0.000000,4.138696,480.037614,401.000000,1.211970,3.414850,0.000000
sess_20260823_voip_119_flow_00001,real_sess_20260823_voip_119,sess_20260823_voip_119,VoIP,env_win11_eth,LOW_BANDWIDTH,day_4,2026-08-23,batch_20260823_03,dev_win11_desktop,ethernet,warp_enabled,voip_discord_voice,real,v2,sess_20260823_voip_119_flow_00001_whole,whole_flow,0.000,132.589,0,486.000000,46515.000000,95.709877,29.716150,96.500000,141.000000,0.273379,0.288708,0.190675,0.823233,486.000000,0.000000,46515.000000,0.000000,3.665471,350.821751,411.000000,1.182482,3.099812,0.000000
sess_20260823_voip_120_flow_00000,real_sess_20260823_voip_120,sess_20260823_voip_120,VoIP,env_win11_cellular,NORMAL,day_4,2026-08-23,batch_20260823_04,dev_win11_laptop,cellular,warp_enabled,voip_skype_call,real,v2,sess_20260823_voip_120_flow_00000_whole,whole_flow,0.000,59.866,0,670.000000,133402.000000,199.107463,65.811901,197.000000,311.100000,0.089486,0.091237,0.061648,0.278056,670.000000,0.000000,133402.000000,0.000000,11.191589,2228.328976,382.000000,1.753927,6.380876,0.000000
sess_20260823_voip_120_flow_00001,real_sess_20260823_voip_120,sess_20260823_voip_120,VoIP,env_win11_cellular,NORMAL,day_4,2026-08-23,batch_20260823_04,dev_win11_laptop,cellular,warp_enabled,voip_skype_call,real,v2,sess_20260823_voip_120_flow_00001_whole,whole_flow,0.000,57.994,0,670.000000,133887.000000,199.831343,69.554037,201.500000,309.000000,0.086687,0.085728,0.062571,0.260625,670.000000,0.000000,133887.000000,0.000000,11.552933,2308.638163,387.000000,1.731266,6.673112,0.000000
sess_20260820_file_transfer_121_flow_00000,real_sess_20260820_file_transfer_121,sess_20260820_file_transfer_121,File Transfer,env_win11_wifi,NORMAL,day_1,2026-08-20,batch_20260820_01,dev_win11_laptop,wifi,warp_enabled,ft_gdrive_upload,real,v2,sess_20260820_file_transfer_121_flow_00000_whole,whole_flow,0.000,59.424,0,506.000000,118054.000000,233.308300,82.364104,234.000000,367.000000,0.117671,0.117215,0.081587,0.352237,506.000000,0.000000,118054.000000,0.000000,8.515115,1986.647040,323.000000,1.566563,5.435538,0.000000
sess_20260820_file_transfer_121_flow_00001,real_sess_20260820_file_transfer_121,sess_20260820_file_transfer_121,File Transfer,env_win11_wifi,NORMAL,day_1,2026-08-20,batch_20260820_01,dev_win11_laptop,wifi,warp_enabled,ft_gdrive_upload,real,v2,sess_20260820_file_transfer_121_flow_00001_whole,whole_flow,0.000,59.702,0,506.000000,121529.000000,240.175889,83.394123,245.000000,378.000000,0.118221,0.117358,0.080359,0.354968,506.000000,0.000000,121529.000000,0.000000,8.475476,2035.604983,331.000000,1.528701,5.544234,0.000000
sess_20260820_file_transfer_122_flow_00000,real_sess_20260820_file_transfer_122,sess_20260820_file_transfer_122,File Transfer,env_win11_wifi,LOW_BANDWIDTH,day_1,2026-08-20,batch_20260820_02,dev_win11_laptop,wifi,warp_enabled,ft_dropbox_download,real,v2,sess_20260820_file_transfer_122_flow_00000_whole,whole_flow,0.000,93.633,0,526.000000,81123.000000,154.226236,49.968280,153.500000,234.500000,0.178348,0.172432,0.134678,0.530635,526.000000,0.000000,81123.000000,0.000000,5.617705,866.397501,404.000000,1.301980,4.314739,0.000000
sess_20260820_file_transfer_122_flow_00001,real_sess_20260820_file_transfer_122,sess_20260820_file_transfer_122,File Transfer,env_win11_wifi,LOW_BANDWIDTH,day_1,2026-08-20,batch_20260820_02,dev_win11_laptop,wifi,warp_enabled,ft_dropbox_download,real,v2,sess_20260820_file_transfer_122_flow_00001_whole,whole_flow,0.000,137.692,0,526.000000,88172.000000,167.627376,57.712889,167.500000,263.750000,0.262271,0.270304,0.179642,0.792942,526.000000,0.000000,88172.000000,0.000000,3.820119,640.356562,438.000000,1.200913,3.181012,0.000000
sess_20260820_file_transfer_123_flow_00000,real_sess_20260820_file_transfer_123,sess_20260820_file_transfer_123,File Transfer,env_win11_eth,NORMAL,day_1,2026-08-20,batch_20260820_03,dev_win11_desktop,ethernet,warp_disabled,ft_sftp_sync,real,v2,sess_20260820_file_transfer_123_flow_00000_whole,whole_flow,0.000,57.548,0,367.000000,90256.000000,245.929155,81.980894,246.000000,374.700000,0.157234,0.156842,0.113185,0.464118,367.000000,0.000000,90256.000000,0.000000,6.377329,1568.371053,270.000000,1.359259,4.691768,0.000000
sess_20260820_file_transfer_123_flow_00001,real_sess_20260820_file_transfer_123,sess_20260820_file_transfer_123,File Transfer,env_win11_eth,NORMAL,day_1,2026-08-20,batch_20260820_03,dev_win11_desktop,ethernet,warp_disabled,ft_sftp_sync,real,v2,sess_20260820_file_transfer_123_flow_00001_whole,whole_flow,0.000,65.443,0,367.000000,87767.000000,239.147139,79.430364,240.000000,393.100000,0.178807,0.170656,0.125588,0.559405,367.000000,0.000000,87767.000000,0.000000,5.607896,1341.112291,280.000000,1.310714,4.278504,0.000000
sess_20260820_file_transfer_124_flow_00000,real_sess_20260820_file_transfer_124,sess_20260820_file_transfer_124,File Transfer,env_win11_eth,HIGH_LATENCY,day_1,2026-08-20,batch_20260820_04,dev_win11_desktop,ethernet,warp_enabled,ft_onedrive_sync,real,v2,sess_20260820_file_transfer_124_flow_00000_whole,whole_flow,0.000,250.355,0,342.000000,56166.000000,164.228070,57.590006,165.000000,257.950000,0.734178,0.751305,0.525267,2.178302,342.000000,0.000000,56166.000000,0.000000,1.366063,224.345815,329.000000,1.039514,1.314136,0.000000
sess_20260820_file_transfer_124_flow_00001,real_sess_20260820_file_transfer_124,sess_20260820_file_transfer_124,File Transfer,env_win11_eth,HIGH_LATENCY,day_1,2026-08-20,batch_20260820_04,dev_win11_desktop,ethernet,warp_enabled,ft_onedrive_sync,real,v2,sess_20260820_file_transfer_124_flow_00001_whole,whole_flow,0.000,170.863,0,342.000000,58416.000000,170.807018,54.635348,172.500000,255.900000,0.501064,0.521689,0.318749,1.441853,342.000000,0.000000,58416.000000,0.000000,2.001607,341.888565,316.000000,1.082278,1.849438,0.000000
sess_20260821_file_transfer_125_flow_00000,real_sess_20260821_file_transfer_125,sess_20260821_file_transfer_125,File Transfer,env_win11_wifi,NORMAL,day_2,2026-08-21,batch_20260821_01,dev_win11_laptop,wifi,warp_enabled,ft_mega_download,real,v2,sess_20260821_file_transfer_125_flow_00000_whole,whole_flow,0.000,59.688,0,366.000000,78289.000000,213.904372,72.643219,215.500000,329.750000,0.163528,0.171745,0.107268,0.489287,366.000000,0.000000,78289.000000,0.000000,6.131896,1311.639367,257.000000,1.424125,4.305730,0.000000
sess_20260821_file_transfer_125_flow_00001,real_sess_20260821_file_transfer_125,sess_20260821_file_transfer_125,File Transfer,env_win11_wifi,NORMAL,day_2,2026-08-21,batch_20260821_01,dev_win11_laptop,wifi,warp_enabled,ft_mega_download,real,v2,sess_20260821_file_transfer_125_flow_00001_whole,whole_flow,0.000,58.661,0,366.000000,77248.000000,211.060109,76.508735,216.000000,343.000000,0.160715,0.177750,0.099283,0.515907,366.000000,0.000000,77248.000000,0.000000,6.239233,1316.853119,259.000000,1.413127,4.415195,0.000000
sess_20260821_file_transfer_126_flow_00000,real_sess_20260821_file_transfer_126,sess_20260821_file_transfer_126,File Transfer,env_win11_wifi,HIGH_LATENCY,day_2,2026-08-21,batch_20260821_02,dev_win11_laptop,wifi,warp_enabled,ft_gdrive_upload,real,v2,sess_20260821_file_transfer_126_flow_00000_whole,whole_flow,0.000,244.053,0,389.000000,103483.000000,266.023136,96.627193,268.000000,425.600000,0.629003,0.669710,0.386538,1.956641,389.000000,0.000000,103483.000000,0.000000,1.593916,424.018536,359.000000,1.083565,1.470992,0.000000
sess_20260821_file_transfer_126_flow_00001,real_sess_20260821_file_transfer_126,sess_20260821_file_transfer_126,File Transfer,env_win11_wifi,HIGH_LATENCY,day_2,2026-08-21,batch_20260821_02,dev_win11_laptop,wifi,warp_enabled,ft_gdrive_upload,real,v2,sess_20260821_file_transfer_126_flow_00001_whole,whole_flow,0.000,193.756,0,389.000000,101299.000000,260.408740,92.550771,258.000000,425.000000,0.499371,0.501419,0.326817,1.481575,389.000000,0.000000,101299.000000,0.000000,2.007679,522.817151,353.000000,1.101983,1.821878,0.000000
sess_20260821_file_transfer_127_flow_00000,real_sess_20260821_file_transfer_127,sess_20260821_file_transfer_127,File Transfer,env_win11_cellular,NORMAL,day_2,2026-08-21,batch_20260821_03,dev_win11_laptop,cellular,warp_disabled,ft_dropbox_download,real,v2,sess_20260821_file_transfer_127_flow_00000_whole,whole_flow,0.000,55.682,0,526.000000,152610.000000,290.133080,101.903506,289.000000,451.500000,0.106061,0.107952,0.067095,0.332657,526.000000,0.000000,152610.000000,0.000000,9.446491,2740.739508,316.000000,1.664557,5.675078,0.000000
sess_20260821_file_transfer_127_flow_00001,real_sess_20260821_file_transfer_127,sess_20260821_file_transfer_127,File Transfer,env_win11_cellular,NORMAL,day_2,2026-08-21,batch_20260821_03,dev_win11_laptop,cellular,warp_disabled,ft_dropbox_download,real,v2,sess_20260821_file_transfer_127_flow_00001_whole,whole_flow,0.000,54.979,0,526.000000,153777.000000,292.351711,102.338586,290.000000,461.000000,0.104721,0.106701,0.068690,0.331626,526.000000,0.000000,153777.000000,0.000000,9.567369,2797.036840,310.000000,1.696774,5.638564,0.000000
sess_20260821_file_transfer_128_flow_00000,real_sess_20260821_file_transfer_128,sess_20260821_file_transfer_128,File Transfer,env_win11_cellular,LOW_BANDWIDTH,day_2,2026-08-21,batch_20260821_04,dev_win11_laptop,cellular,warp_enabled,ft_sftp_sync,real,v2,sess_20260821_file_transfer_128_flow_00000_whole,whole_flow,0.000,97.751,0,478.000000,37966.000000,79.426778,25.921871,78.000000,122.000000,0.204929,0.184879,0.152755,0.581907,478.000000,0.000000,37966.000000,0.000000,4.889957,388.393541,383.000000,1.248042,3.918104,0.000000
sess_20260821_file_transfer_128_flow_00001,real_sess_20260821_file_transfer_128,sess_20260821_file_transfer_128,File Transfer,env_win11_cellular,LOW_BANDWIDTH,day_2,2026-08-21,batch_20260821_04,dev_win11_laptop,cellular,warp_enabled,ft_sftp_sync,real,v2,sess_20260821_file_transfer_128_flow_00001_whole,whole_flow,0.000,129.242,0,478.000000,43536.000000,91.079498,30.084434,89.000000,141.150000,0.270948,0.288109,0.175036,0.836222,478.000000,0.000000,43536.000000,0.000000,3.698488,336.856405,400.000000,1.195000,3.094969,0.000000
sess_20260822_file_transfer_129_flow_00000,real_sess_20260822_file_transfer_129,sess_20260822_file_transfer_129,File Transfer,env_win11_eth,NORMAL,day_3,2026-08-22,batch_20260822_01,dev_win11_desktop,ethernet,warp_enabled,ft_onedrive_sync,real,v2,sess_20260822_file_transfer_129_flow_00000_whole,whole_flow,0.000,59.705,0,345.000000,87368.000000,253.240580,87.252607,248.000000,405.800000,0.173561,0.172573,0.124531,0.496447,345.000000,0.000000,87368.000000,0.000000,5.778404,1463.326334,255.000000,1.352941,4.270994,0.000000
sess_20260822_file_transfer_129_flow_00001,real_sess_20260822_file_transfer_129,sess_20260822_file_transfer_129,File Transfer,env_win11_eth,NORMAL,day_3,2026-08-22,batch_20260822_01,dev_win11_desktop,ethernet,warp_enabled,ft_onedrive_sync,real,v2,sess_20260822_file_transfer_129_flow_00001_whole,whole_flow,0.000,60.812,0,345.000000,89288.000000,258.805797,86.096003,258.000000,398.400000,0.176779,0.169276,0.125630,0.470388,345.000000,0.000000,89288.000000,0.000000,5.673238,1468.266962,263.000000,1.311787,4.324816,0.000000
sess_20260822_file_transfer_130_flow_00000,real_sess_20260822_file_transfer_130,sess_20260822_file_transfer_130,File Transfer,env_win11_eth,PACKET_LOSS,day_3,2026-08-22,batch_20260822_02,dev_win11_desktop,ethernet,warp_enabled,ft_mega_download,real,v2,sess_20260822_file_transfer_130_flow_00000_whole,whole_flow,0.000,46.709,0,259.000000,42601.000000,164.482625,57.999024,163.000000,265.200000,0.181041,0.182610,0.130194,0.503265,259.000000,0.000000,42601.000000,0.000000,5.545019,912.059317,196.000000,1.321429,4.196231,0.000000
sess_20260822_file_transfer_130_flow_00001,real_sess_20260822_file_transfer_130,sess_20260822_file_transfer_130,File Transfer,env_win11_eth,PACKET_LOSS,day_3,2026-08-22,batch_20260822_02,dev_win11_desktop,ethernet,warp_enabled,ft_mega_download,real,v2,sess_20260822_file_transfer_130_flow_00001_whole,whole_flow,0.000,57.483,0,281.000000,38975.000000,138.701068,49.148438,137.000000,223.000000,0.205297,0.208940,0.135238,0.614142,281.000000,0.000000,38975.000000,0.000000,4.888397,678.025873,223.000000,1.260090,3.879404,0.000000
sess_20260822_file_transfer_131_flow_00000,real_sess_20260822_file_transfer_131,sess_20260822_file_transfer_131,File Transfer,env_win11_cellular,HIGH_LATENCY,day_3,2026-08-22,batch_20260822_03,dev_win11_laptop,cellular,warp_enabled,ft_gdrive_upload,real,v2,sess_20260822_file_transfer_131_flow_00000_whole,whole_flow,0.000,144.439,0,388.000000,102749.000000,264.817010,86.901325,268.000000,406.000000,0.373229,0.388161,0.253699,1.093392,388.000000,0.000000,102749.000000,0.000000,2.686246,711.363583,336.000000,1.154762,2.326233,0.000000
sess_20260822_file_transfer_131_flow_00001,real_sess_20260822_file_transfer_131,sess_20260822_file_transfer_131,File Transfer,env_win11_cellular,HIGH_LATENCY,day_3,2026-08-22,batch_20260822_03,dev_win11_laptop,cellular,warp_enabled,ft_gdrive_upload,real,v2,sess_20260822_file_transfer_131_flow_00001_whole,whole_flow,0.000,189.419,0,388.000000,99522.000000,256.500000,96.859434,250.000000,419.650000,0.489454,0.480777,0.326406,1.480495,388.000000,0.000000,99522.000000,0.000000,2.048371,525.407289,366.000000,1.060109,1.932227,0.000000
sess_20260822_file_transfer_132_flow_00000,real_sess_20260822_file_transfer_132,sess_20260822_file_transfer_132,File Transfer,env_win11_cellular,NORMAL,day_3,2026-08-22,batch_20260822_04,dev_win11_laptop,cellular,warp_disabled,ft_dropbox_download,real,v2,sess_20260822_file_transfer_132_flow_00000_whole,whole_flow,0.000,51.977,0,362.000000,79501.000000,219.616022,78.964214,222.000000,348.800000,0.143980,0.137820,0.101766,0.434960,362.000000,0.000000,79501.000000,0.000000,6.964668,1529.552636,265.000000,1.366038,5.098445,0.000000
sess_20260822_file_transfer_132_flow_00001,real_sess_20260822_file_transfer_132,sess_20260822_file_transfer_132,File Transfer,env_win11_cellular,NORMAL,day_3,2026-08-22,batch_20260822_04,dev_win11_laptop,cellular,warp_disabled,ft_dropbox_download,real,v2,sess_20260822_file_transfer_132_flow_00001_whole,whole_flow,0.000,61.592,0,362.000000,78648.000000,217.259669,77.572842,217.000000,353.000000,0.170614,0.158975,0.117530,0.513282,362.000000,0.000000,78648.000000,0.000000,5.877410,1276.924115,271.000000,1.335793,4.399939,0.000000
sess_20260823_file_transfer_133_flow_00000,real_sess_20260823_file_transfer_133,sess_20260823_file_transfer_133,File Transfer,env_win11_wifi,LOW_BANDWIDTH,day_4,2026-08-23,batch_20260823_02,dev_win11_laptop,wifi,warp_enabled,ft_sftp_sync,real,v2,sess_20260823_file_transfer_133_flow_00000_whole,whole_flow,0.000,96.481,0,603.000000,49063.000000,81.364842,25.717812,82.000000,123.900000,0.160267,0.157721,0.110330,0.477471,603.000000,0.000000,49063.000000,0.000000,6.249936,508.525028,439.000000,1.373576,4.550119,0.000000
sess_20260823_file_transfer_133_flow_00001,real_sess_20260823_file_transfer_133,sess_20260823_file_transfer_133,File Transfer,env_win11_wifi,LOW_BANDWIDTH,day_4,2026-08-23,batch_20260823_02,dev_win11_laptop,wifi,warp_enabled,ft_sftp_sync,real,v2,sess_20260823_file_transfer_133_flow_00001_whole,whole_flow,0.000,115.508,0,603.000000,84016.000000,139.330017,48.451876,138.000000,221.900000,0.191874,0.203252,0.130478,0.585906,603.000000,0.000000,84016.000000,0.000000,5.220420,727.361246,459.000000,1.313725,3.973753,0.000000
sess_20260823_file_transfer_134_flow_00000,real_sess_20260823_file_transfer_134,sess_20260823_file_transfer_134,File Transfer,env_win11_eth,LOW_BANDWIDTH,day_4,2026-08-23,batch_20260823_03,dev_win11_desktop,ethernet,warp_enabled,ft_onedrive_sync,real,v2,sess_20260823_file_transfer_134_flow_00000_whole,whole_flow,0.000,88.726,0,642.000000,97531.000000,151.917445,49.668819,154.000000,230.950000,0.138418,0.136250,0.097639,0.418191,642.000000,0.000000,97531.000000,0.000000,7.235765,1099.239003,459.000000,1.398693,5.173234,0.000000
sess_20260823_file_transfer_134_flow_00001,real_sess_20260823_file_transfer_134,sess_20260823_file_transfer_134,File Transfer,env_win11_eth,LOW_BANDWIDTH,day_4,2026-08-23,batch_20260823_03,dev_win11_desktop,ethernet,warp_enabled,ft_onedrive_sync,real,v2,sess_20260823_file_transfer_134_flow_00001_whole,whole_flow,0.000,142.493,0,642.000000,79532.000000,123.881620,42.334799,125.000000,191.000000,0.222298,0.219028,0.153769,0.652431,642.000000,0.000000,79532.000000,0.000000,4.505490,558.147391,517.000000,1.241779,3.628253,0.000000
sess_20260823_file_transfer_135_flow_00000,real_sess_20260823_file_transfer_135,sess_20260823_file_transfer_135,File Transfer,env_win11_cellular,NORMAL,day_4,2026-08-23,batch_20260823_04,dev_win11_laptop,cellular,warp_enabled,ft_mega_download,real,v2,sess_20260823_file_transfer_135_flow_00000_whole,whole_flow,0.000,53.891,0,919.000000,357353.000000,388.849837,133.840758,386.000000,610.200000,0.058705,0.057308,0.041933,0.167698,919.000000,0.000000,357353.000000,0.000000,17.052964,6631.042352,395.000000,2.326582,7.329620,0.000000
sess_20260823_file_transfer_135_flow_00001,real_sess_20260823_file_transfer_135,sess_20260823_file_transfer_135,File Transfer,env_win11_cellular,NORMAL,day_4,2026-08-23,batch_20260823_04,dev_win11_laptop,cellular,warp_enabled,ft_mega_download,real,v2,sess_20260823_file_transfer_135_flow_00001_whole,whole_flow,0.000,58.125,0,919.000000,356232.000000,387.630033,133.810945,384.000000,604.000000,0.063317,0.064825,0.042853,0.192354,919.000000,0.000000,356232.000000,0.000000,15.810661,6128.687089,398.000000,2.309045,6.847272,0.000000
sess_20260820_other_136_flow_00000,real_sess_20260820_other_136,sess_20260820_other_136,Other,env_win11_wifi,NORMAL,day_1,2026-08-20,batch_20260820_01,dev_win11_laptop,wifi,warp_enabled,oth_dns_ntp_sync,real,v2,sess_20260820_other_136_flow_00000_whole,whole_flow,0.000,59.966,0,362.000000,71913.000000,198.654696,75.292869,198.000000,324.800000,0.166111,0.155174,0.114780,0.464158,362.000000,0.000000,71913.000000,0.000000,6.036762,1199.231023,273.000000,1.326007,4.552585,0.000000
sess_20260820_other_136_flow_00001,real_sess_20260820_other_136,sess_20260820_other_136,Other,env_win11_wifi,NORMAL,day_1,2026-08-20,batch_20260820_01,dev_win11_laptop,wifi,warp_enabled,oth_dns_ntp_sync,real,v2,sess_20260820_other_136_flow_00001_whole,whole_flow,0.000,61.206,0,362.000000,76304.000000,210.784530,67.599961,210.000000,321.900000,0.169545,0.162309,0.124318,0.502903,362.000000,0.000000,76304.000000,0.000000,5.914466,1246.677901,280.000000,1.292857,4.574725,0.000000
sess_20260820_other_137_flow_00000,real_sess_20260820_other_137,sess_20260820_other_137,Other,env_win11_wifi,LOW_BANDWIDTH,day_1,2026-08-20,batch_20260820_02,dev_win11_laptop,wifi,warp_enabled,oth_os_update_check,real,v2,sess_20260820_other_137_flow_00000_whole,whole_flow,0.000,144.029,0,377.000000,38491.000000,102.098143,35.674827,99.000000,162.200000,0.383057,0.379636,0.280101,1.192795,377.000000,0.000000,38491.000000,0.000000,2.617523,267.244207,337.000000,1.118694,2.339801,0.000000
sess_20260820_other_137_flow_00001,real_sess_20260820_other_137,sess_20260820_other_137,Other,env_win11_wifi,LOW_BANDWIDTH,day_1,2026-08-20,batch_20260820_02,dev_win11_laptop,wifi,warp_enabled,oth_os_update_check,real,v2,sess_20260820_other_137_flow_00001_whole,whole_flow,0.000,124.967,0,377.000000,47914.000000,127.092838,45.175336,123.000000,203.000000,0.332358,0.334774,0.220648,0.948282,377.000000,0.000000,47914.000000,0.000000,3.016807,383.414600,327.000000,1.152905,2.616700,0.000000
sess_20260820_other_138_flow_00000,real_sess_20260820_other_138,sess_20260820_other_138,Other,env_win11_eth,NORMAL,day_1,2026-08-20,batch_20260820_03,dev_win11_desktop,ethernet,warp_disabled,oth_telemetry_heartbeat,real,v2,sess_20260820_other_138_flow_00000_whole,whole_flow,0.000,65.142,0,306.000000,57049.000000,186.434641,67.849343,187.000000,291.000000,0.213579,0.201426,0.152313,0.624256,306.000000,0.000000,57049.000000,0.000000,4.697450,875.767399,255.000000,1.200000,3.914542,0.000000
sess_20260820_other_138_flow_00001,real_sess_20260820_other_138,sess_20260820_other_138,Other,env_win11_eth,NORMAL,day_1,2026-08-20,batch_20260820_03,dev_win11_desktop,ethernet,warp_disabled,oth_telemetry_heartbeat,real,v2,sess_20260820_other_138_flow_00001_whole,whole_flow,0.000,56.296,0,306.000000,58621.000000,191.571895,64.837830,196.000000,295.750000,0.184576,0.165484,0.139311,0.553102,306.000000,0.000000,58621.000000,0.000000,5.435574,1041.303233,237.000000,1.291139,4.209905,0.000000
sess_20260820_other_139_flow_00000,real_sess_20260820_other_139,sess_20260820_other_139,Other,env_win11_eth,HIGH_LATENCY,day_1,2026-08-20,batch_20260820_04,dev_win11_desktop,ethernet,warp_enabled,oth_idle_keepalive,real,v2,sess_20260820_other_139_flow_00000_whole,whole_flow,0.000,223.230,0,328.000000,89526.000000,272.945122,97.585407,268.000000,436.950000,0.682661,0.652698,0.518794,1.966827,328.000000,0.000000,89526.000000,0.000000,1.469336,401.048111,307.000000,1.068404,1.375263,0.000000
sess_20260820_other_139_flow_00001,real_sess_20260820_other_139,sess_20260820_other_139,Other,env_win11_eth,HIGH_LATENCY,day_1,2026-08-20,batch_20260820_04,dev_win11_desktop,ethernet,warp_enabled,oth_idle_keepalive,real,v2,sess_20260820_other_139_flow_00001_whole,whole_flow,0.000,121.239,0,328.000000,87914.000000,268.030488,92.613472,275.500000,415.250000,0.370760,0.398500,0.236686,1.231273,328.000000,0.000000,87914.000000,0.000000,2.705409,725.132125,288.000000,1.138889,2.375481,0.000000
sess_20260821_other_140_flow_00000,real_sess_20260821_other_140,sess_20260821_other_140,Other,env_win11_wifi,NORMAL,day_2,2026-08-21,batch_20260821_01,dev_win11_laptop,wifi,warp_enabled,oth_cloud_backup,real,v2,sess_20260821_other_140_flow_00000_whole,whole_flow,0.000,56.033,0,644.000000,227197.000000,352.790373,122.893965,357.500000,541.000000,0.087143,0.087781,0.059816,0.262391,644.000000,0.000000,227197.000000,0.000000,11.493277,4054.717542,363.000000,1.774105,6.478353,0.000000
sess_20260821_other_140_flow_00001,real_sess_20260821_other_140,sess_20260821_other_140,Other,env_win11_wifi,NORMAL,day_2,2026-08-21,batch_20260821_01,dev_win11_laptop,wifi,warp_enabled,oth_cloud_backup,real,v2,sess_20260821_other_140_flow_00001_whole,whole_flow,0.000,59.261,0,644.000000,217711.000000,338.060559,121.748740,341.000000,535.700000,0.092164,0.094323,0.064397,0.272440,644.000000,0.000000,217711.000000,0.000000,10.867153,3673.755780,372.000000,1.731183,6.277299,0.000000
sess_20260821_other_141_flow_00000,real_sess_20260821_other_141,sess_20260821_other_141,Other,env_win11_wifi,HIGH_LATENCY,day_2,2026-08-21,batch_20260821_02,dev_win11_laptop,wifi,warp_enabled,oth_dns_ntp_sync,real,v2,sess_20260821_other_141_flow_00000_whole,whole_flow,0.000,237.018,0,587.000000,163565.000000,278.645656,99.926057,278.000000,440.400000,0.404468,0.405281,0.285045,1.152532,587.000000,0.000000,163565.000000,0.000000,2.476601,690.094001,507.000000,1.157791,2.139074,0.000000
sess_20260821_other_141_flow_00001,real_sess_20260821_other_141,sess_20260821_other_141,Other,env_win11_wifi,HIGH_LATENCY,day_2,2026-08-21,batch_20260821_02,dev_win11_laptop,wifi,warp_enabled,oth_dns_ntp_sync,real,v2,sess_20260821_other_141_flow_00001_whole,whole_flow,0.000,210.768,0,587.000000,165094.000000,281.250426,100.142592,279.000000,442.000000,0.359672,0.383237,0.247722,1.124572,587.000000,0.000000,165094.000000,0.000000,2.785053,783.297289,510.000000,1.150980,2.419722,0.000000
sess_20260821_other_142_flow_00000,real_sess_20260821_other_142,sess_20260821_other_142,Other,env_win11_cellular,NORMAL,day_2,2026-08-21,batch_20260821_03,dev_win11_laptop,cellular,warp_disabled,oth_os_update_check,real,v2,sess_20260821_other_142_flow_00000_whole,whole_flow,0.000,62.726,0,607.000000,331903.000000,546.792422,193.656696,541.000000,856.100000,0.103508,0.100848,0.075919,0.302271,607.000000,0.000000,331903.000000,0.000000,9.677001,5291.311069,374.000000,1.622995,5.962436,0.000000
sess_20260821_other_142_flow_00001,real_sess_20260821_other_142,sess_20260821_other_142,Other,env_win11_cellular,NORMAL,day_2,2026-08-21,batch_20260821_03,dev_win11_laptop,cellular,warp_disabled,oth_os_update_check,real,v2,sess_20260821_other_142_flow_00001_whole,whole_flow,0.000,66.205,0,607.000000,327126.000000,538.922570,180.558539,538.000000,839.600000,0.109249,0.108993,0.075598,0.324017,607.000000,0.000000,327126.000000,0.000000,9.168543,4941.135013,398.000000,1.525126,6.011664,0.000000
sess_20260821_other_143_flow_00000,real_sess_20260821_other_143,sess_20260821_other_143,Other,env_win11_cellular,LOW_BANDWIDTH,day_2,2026-08-21,batch_20260821_04,dev_win11_laptop,cellular,warp_enabled,oth_telemetry_heartbeat,real,v2,sess_20260821_other_143_flow_00000_whole,whole_flow,0.000,107.063,0,467.000000,75093.000000,160.798715,59.293757,160.000000,263.400000,0.229749,0.217771,0.161960,0.696119,467.000000,0.000000,75093.000000,0.000000,4.361909,701.389369,375.000000,1.245333,3.502604,0.000000
sess_20260821_other_143_flow_00001,real_sess_20260821_other_143,sess_20260821_other_143,Other,env_win11_cellular,LOW_BANDWIDTH,day_2,2026-08-21,batch_20260821_04,dev_win11_laptop,cellular,warp_enabled,oth_telemetry_heartbeat,real,v2,sess_20260821_other_143_flow_00001_whole,whole_flow,0.000,98.638,0,467.000000,77022.000000,164.929336,54.616449,166.000000,250.000000,0.211670,0.221245,0.144270,0.670197,467.000000,0.000000,77022.000000,0.000000,4.734479,780.854545,352.000000,1.326705,3.568601,0.000000
sess_20260822_other_144_flow_00000,real_sess_20260822_other_144,sess_20260822_other_144,Other,env_win11_eth,NORMAL,day_3,2026-08-22,batch_20260822_01,dev_win11_desktop,ethernet,warp_enabled,oth_idle_keepalive,real,v2,sess_20260822_other_144_flow_00000_whole,whole_flow,0.000,58.313,0,764.000000,319599.000000,418.323298,148.779032,416.500000,668.550000,0.076426,0.076097,0.052196,0.222107,764.000000,0.000000,319599.000000,0.000000,13.101688,5480.741525,401.000000,1.905237,6.876672,0.000000
sess_20260822_other_144_flow_00001,real_sess_20260822_other_144,sess_20260822_other_144,Other,env_win11_eth,NORMAL,day_3,2026-08-22,batch_20260822_01,dev_win11_desktop,ethernet,warp_enabled,oth_idle_keepalive,real,v2,sess_20260822_other_144_flow_00001_whole,whole_flow,0.000,63.687,0,764.000000,322373.000000,421.954188,152.604815,428.500000,675.550000,0.083469,0.084656,0.055880,0.256220,764.000000,0.000000,322373.000000,0.000000,11.996246,5061.866422,416.000000,1.836538,6.531988,0.000000
sess_20260822_other_145_flow_00000,real_sess_20260822_other_145,sess_20260822_other_145,Other,env_win11_eth,PACKET_LOSS,day_3,2026-08-22,batch_20260822_02,dev_win11_desktop,ethernet,warp_enabled,oth_cloud_backup,real,v2,sess_20260822_other_145_flow_00000_whole,whole_flow,0.000,53.534,0,601.000000,192616.000000,320.492512,116.192409,319.000000,504.000000,0.089223,0.088913,0.062394,0.275654,601.000000,0.000000,192616.000000,0.000000,11.226546,3598.024063,328.000000,1.832317,6.126967,0.000000
sess_20260822_other_145_flow_00001,real_sess_20260822_other_145,sess_20260822_other_145,Other,env_win11_eth,PACKET_LOSS,day_3,2026-08-22,batch_20260822_02,dev_win11_desktop,ethernet,warp_enabled,oth_cloud_backup,real,v2,sess_20260822_other_145_flow_00001_whole,whole_flow,0.000,52.320,0,584.000000,175661.000000,300.789384,109.266570,304.000000,472.700000,0.089742,0.091780,0.064239,0.283893,584.000000,0.000000,175661.000000,0.000000,11.162175,3357.463802,331.000000,1.764350,6.326507,0.000000
sess_20260822_other_146_flow_00000,real_sess_20260822_other_146,sess_20260822_other_146,Other,env_win11_cellular,HIGH_LATENCY,day_3,2026-08-22,batch_20260822_03,dev_win11_laptop,cellular,warp_enabled,oth_dns_ntp_sync,real,v2,sess_20260822_other_146_flow_00000_whole,whole_flow,0.000,185.351,0,621.000000,259699.000000,418.194847,149.330979,416.000000,665.000000,0.298954,0.298875,0.196847,0.938108,621.000000,0.000000,259699.000000,0.000000,3.350395,1401.118092,522.000000,1.189655,2.816274,0.000000
sess_20260822_other_146_flow_00001,real_sess_20260822_other_146,sess_20260822_other_146,Other,env_win11_cellular,HIGH_LATENCY,day_3,2026-08-22,batch_20260822_03,dev_win11_laptop,cellular,warp_enabled,oth_dns_ntp_sync,real,v2,sess_20260822_other_146_flow_00001_whole,whole_flow,0.000,239.485,0,621.000000,264662.000000,426.186795,146.869493,433.000000,661.000000,0.386267,0.395346,0.266686,1.162371,621.000000,0.000000,264662.000000,0.000000,2.593062,1105.128694,529.000000,1.173913,2.208904,0.000000
sess_20260822_other_147_flow_00000,real_sess_20260822_other_147,sess_20260822_other_147,Other,env_win11_cellular,NORMAL,day_3,2026-08-22,batch_20260822_04,dev_win11_laptop,cellular,warp_disabled,oth_os_update_check,real,v2,sess_20260822_other_147_flow_00000_whole,whole_flow,0.000,63.909,0,657.000000,248904.000000,378.849315,129.777060,377.000000,599.600000,0.097422,0.096975,0.064250,0.301697,657.000000,0.000000,248904.000000,0.000000,10.280311,3894.688929,379.000000,1.733509,5.930347,0.000000
sess_20260822_other_147_flow_00001,real_sess_20260822_other_147,sess_20260822_other_147,Other,env_win11_cellular,NORMAL,day_3,2026-08-22,batch_20260822_04,dev_win11_laptop,cellular,warp_disabled,oth_os_update_check,real,v2,sess_20260822_other_147_flow_00001_whole,whole_flow,0.000,58.733,0,657.000000,238259.000000,362.646880,131.142341,363.000000,567.800000,0.089532,0.093325,0.059092,0.275194,657.000000,0.000000,238259.000000,0.000000,11.186250,4056.658832,372.000000,1.766129,6.333767,0.000000
sess_20260823_other_148_flow_00000,real_sess_20260823_other_148,sess_20260823_other_148,Other,env_win11_wifi,LOW_BANDWIDTH,day_4,2026-08-23,batch_20260823_02,dev_win11_laptop,wifi,warp_enabled,oth_telemetry_heartbeat,real,v2,sess_20260823_other_148_flow_00000_whole,whole_flow,0.000,134.229,0,1492.000000,387659.000000,259.825067,87.801512,259.500000,402.900000,0.090026,0.089378,0.064551,0.262935,1492.000000,0.000000,387659.000000,0.000000,11.115292,2888.031423,871.000000,1.712974,6.488887,0.000000
sess_20260823_other_148_flow_00001,real_sess_20260823_other_148,sess_20260823_other_148,Other,env_win11_wifi,LOW_BANDWIDTH,day_4,2026-08-23,batch_20260823_02,dev_win11_laptop,wifi,warp_enabled,oth_telemetry_heartbeat,real,v2,sess_20260823_other_148_flow_00001_whole,whole_flow,0.000,113.794,0,1492.000000,423453.000000,283.815684,97.950377,284.000000,446.000000,0.076321,0.076205,0.051349,0.230165,1492.000000,0.000000,423453.000000,0.000000,13.111395,3721.219634,758.000000,1.968338,6.661151,0.000000
sess_20260823_other_149_flow_00000,real_sess_20260823_other_149,sess_20260823_other_149,Other,env_win11_eth,LOW_BANDWIDTH,day_4,2026-08-23,batch_20260823_03,dev_win11_desktop,ethernet,warp_enabled,oth_idle_keepalive,real,v2,sess_20260823_other_149_flow_00000_whole,whole_flow,0.000,109.007,0,1264.000000,296719.000000,234.746044,82.220073,237.500000,368.000000,0.086308,0.087716,0.057999,0.261484,1264.000000,0.000000,296719.000000,0.000000,11.595632,2722.028859,709.000000,1.782793,6.504196,0.000000
sess_20260823_other_149_flow_00001,real_sess_20260823_other_149,sess_20260823_other_149,Other,env_win11_eth,LOW_BANDWIDTH,day_4,2026-08-23,batch_20260823_03,dev_win11_desktop,ethernet,warp_enabled,oth_idle_keepalive,real,v2,sess_20260823_other_149_flow_00001_whole,whole_flow,0.000,141.568,0,1264.000000,194155.000000,153.603639,54.988020,152.000000,248.000000,0.112089,0.110902,0.075854,0.339861,1264.000000,0.000000,194155.000000,0.000000,8.928558,1371.458943,801.000000,1.578027,5.658050,0.000000
sess_20260823_other_150_flow_00000,real_sess_20260823_other_150,sess_20260823_other_150,Other,env_win11_cellular,NORMAL,day_4,2026-08-23,batch_20260823_04,dev_win11_laptop,cellular,warp_enabled,oth_cloud_backup,real,v2,sess_20260823_other_150_flow_00000_whole,whole_flow,0.000,60.249,0,600.000000,145550.000000,242.583333,82.815416,239.500000,389.150000,0.100583,0.101024,0.069631,0.297890,600.000000,0.000000,145550.000000,0.000000,9.958598,2415.790019,359.000000,1.671309,5.958561,0.000000
sess_20260823_other_150_flow_00001,real_sess_20260823_other_150,sess_20260823_other_150,Other,env_win11_cellular,NORMAL,day_4,2026-08-23,batch_20260823_04,dev_win11_laptop,cellular,warp_enabled,oth_cloud_backup,real,v2,sess_20260823_other_150_flow_00001_whole,whole_flow,0.000,62.255,0,600.000000,144367.000000,240.611667,80.074616,241.000000,376.050000,0.103932,0.102219,0.072328,0.334751,600.000000,0.000000,144367.000000,0.000000,9.637768,2318.959370,369.000000,1.626016,5.927227,0.000000
