flow_id,file_id,session_id,traffic_class,environment_id,network_condition_id,capture_day,capture_date,collection_batch,device_id,interface_type,tunnel_state,activity_variant,data_origin,dataset_version,window_id,window_type,window_start,window_end,packet_offset,packet_count,byte_count,mean_packet_size,std_packet_size,median_packet_size,p95_packet_size,mean_iat,std_iat,median_iat,p95_iat,forward_packet_count,backward_packet_count,forward_byte_count,backward_byte_count,packet_rate,byte_rate,burst_count,mean_burst_size,burst_rate,direction_switch_count
20260823_144333_web_001_5c95_flow_00000,real_20260823_144333_web_001_5c95,20260823_144333_web_001_5c95,Web,env_win11_wifi,NORMAL,day_4,2026-08-23,batch_20260823_01,dev_win11_laptop,wifi,warp_enabled,web_tech_blogs,real,v2,20260823_144333_web_001_5c95_flow_00000_win_1s,window_1s,0.000,1.000,0,45.000000,10234.000000,227.422222,72.718174,227.000000,352.600000,0.022714,0.020991,0.020004,0.056318,45.000000,0.000000,10234.000000,0.000000,45.000000,10234.000000,5.000000,9.000000,5.000000,0.000000
20260823_144333_web_001_5c95_flow_00001,real_20260823_144333_web_001_5c95,20260823_144333_web_001_5c95,Web,env_win11_wifi,NORMAL,day_4,2026-08-23,batch_20260823_01,dev_win11_laptop,wifi,warp_enabled,web_tech_blogs,real,v2,20260823_144333_web_001_5c95_flow_00001_win_1s,window_1s,0.000,1.000,0,81.000000,79022.000000,975.580247,348.531978,1029.000000,1420.000000,0.012362,0.014074,0.008088,0.041296,81.000000,0.000000,79022.000000,0.000000,81.000000,79022.000000,3.000000,27.000000,3.000000,0.000000
20260823_145151_web_001_0bbf_flow_00000,real_20260823_145151_web_001_0bbf,20260823_145151_web_001_0bbf,Web,env_win11_wifi,NORMAL,day_4,2026-08-23,batch_20260823_01,dev_win11_laptop,wifi,warp_enabled,web_ecommerce,real,v2,20260823_145151_web_001_0bbf_flow_00000_win_1s,window_1s,0.000,1.000,0,7.000000,2305.000000,329.285714,118.564888,310.000000,497.200000,0.166408,0.143145,0.107777,0.399823,7.000000,0.000000,2305.000000,0.000000,7.000000,2305.000000,6.000000,1.166667,6.000000,0.000000
20260823_145151_web_001_0bbf_flow_00001,real_20260823_145151_web_001_0bbf,20260823_145151_web_001_0bbf,Web,env_win11_wifi,NORMAL,day_4,2026-08-23,batch_20260823_01,dev_win11_laptop,wifi,warp_enabled,web_ecommerce,real,v2,20260823_145151_web_001_0bbf_flow_00001_win_1s,window_1s,0.000,1.000,0,8.000000,2117.000000,264.625000,56.654518,272.000000,337.000000,0.094578,0.037766,0.096552,0.150458,8.000000,0.000000,2117.000000,0.000000,8.000000,2117.000000,7.000000,1.142857,7.000000,0.000000
20260823_145551_web_001_da0c_flow_00000,real_20260823_145551_web_001_da0c,20260823_145551_web_001_da0c,Web,env_win11_wifi,NORMAL,day_4,2026-08-23,batch_20260823_01,dev_win11_laptop,wifi,warp_enabled,web_github_docs,real,v2,20260823_145551_web_001_da0c_flow_00000_win_1s,window_1s,0.000,1.000,0,8.000000,2417.000000,302.125000,65.535177,298.000000,395.300000,0.138343,0.114015,0.138851,0.307469,8.000000,0.000000,2417.000000,0.000000,8.000000,2417.000000,6.000000,1.333333,6.000000,0.000000
20260823_145551_web_001_da0c_flow_00001,real_20260823_145551_web_001_da0c,20260823_145551_web_001_da0c,Web,env_win11_wifi,NORMAL,day_4,2026-08-23,batch_20260823_01,dev_win11_laptop,wifi,warp_enabled,web_github_docs,real,v2,20260823_145551_web_001_da0c_flow_00001_win_1s,window_1s,0.000,1.000,0,10.000000,6309.000000,630.900000,154.496893,593.500000,854.650000,0.107869,0.065014,0.107497,0.205278,10.000000,0.000000,6309.000000,0.000000,10.000000,6309.000000,8.000000,1.250000,8.000000,0.000000
20260823_145946_web_001_c866_flow_00000,real_20260823_145946_web_001_c866,20260823_145946_web_001_c866,Web,env_win11_wifi,NORMAL,day_4,2026-08-23,batch_20260823_01,dev_win11_laptop,wifi,warp_enabled,web_ecommerce,real,v2,20260823_145946_web_001_c866_flow_00000_win_1s,window_1s,0.000,1.000,0,28.000000,8588.000000,306.714286,102.845882,309.000000,444.900000,0.036751,0.039797,0.023542,0.117130,28.000000,0.000000,8588.000000,0.000000,28.000000,8588.000000,8.000000,3.500000,8.000000,0.000000
20260823_145946_web_001_c866_flow_00001,real_20260823_145946_web_001_c866,20260823_145946_web_001_c866,Web,env_win11_wifi,NORMAL,day_4,2026-08-23,batch_20260823_01,dev_win11_laptop,wifi,warp_enabled,web_ecommerce,real,v2,20260823_145946_web_001_c866_flow_00001_win_1s,window_1s,0.000,1.000,0,30.000000,11083.000000,369.433333,118.194947,377.500000,535.750000,0.032449,0.032919,0.020520,0.096207,30.000000,0.000000,11083.000000,0.000000,30.000000,11083.000000,8.000000,3.750000,8.000000,0.000000
20260823_150110_web_001_9490_flow_00000,real_20260823_150110_web_001_9490,20260823_150110_web_001_9490,Web,env_win11_wifi,NORMAL,day_4,2026-08-23,batch_20260823_01,dev_win11_laptop,wifi,warp_enabled,web_ecommerce,real,v2,20260823_150110_web_001_9490_flow_00000_win_1s,window_1s,0.000,1.000,0,34.000000,29039.000000,854.088235,315.898100,928.000000,1279.200000,0.029999,0.022164,0.029153,0.067894,34.000000,0.000000,29039.000000,0.000000,34.000000,29039.000000,7.000000,4.857143,7.000000,0.000000
20260823_150110_web_001_9490_flow_00001,real_20260823_150110_web_001_9490,20260823_150110_web_001_9490,Web,env_win11_wifi,NORMAL,day_4,2026-08-23,batch_20260823_01,dev_win11_laptop,wifi,warp_enabled,web_ecommerce,real,v2,20260823_150110_web_001_9490_flow_00001_win_1s,window_1s,0.000,1.000,0,17.000000,4190.000000,246.470588,85.335406,262.000000,357.400000,0.059584,0.080223,0.029311,0.173732,17.000000,0.000000,4190.000000,0.000000,17.000000,4190.000000,6.000000,2.833333,6.000000,0.000000
20260823_150323_web_001_2c60_flow_00000,real_20260823_150323_web_001_2c60,20260823_150323_web_001_2c60,Web,env_win11_wifi,NORMAL,day_4,2026-08-23,batch_20260823_01,dev_win11_laptop,wifi,warp_enabled,web_tech_blogs,real,v2,20260823_150323_web_001_2c60_flow_00000_win_1s,window_1s,0.000,1.000,0,11.000000,2117.000000,192.454545,42.523499,171.000000,274.500000,0.094388,0.085343,0.082196,0.251219,11.000000,0.000000,2117.000000,0.000000,11.000000,2117.000000,7.000000,1.571429,7.000000,0.000000
20260823_150323_web_001_2c60_flow_00001,real_20260823_150323_web_001_2c60,20260823_150323_web_001_2c60,Web,env_win11_wifi,NORMAL,day_4,2026-08-23,batch_20260823_01,dev_win11_laptop,wifi,warp_enabled,web_tech_blogs,real,v2,20260823_150323_web_001_2c60_flow_00001_win_1s,window_1s,0.000,1.000,0,6.000000,1132.000000,188.666667,37.182732,202.000000,229.250000,0.197724,0.159488,0.214849,0.422597,6.000000,0.000000,1132.000000,0.000000,6.000000,1132.000000,4.000000,1.500000,4.000000,0.000000
20260823_150454_web_001_17f5_flow_00000,real_20260823_150454_web_001_17f5,20260823_150454_web_001_17f5,Web,env_win11_wifi,NORMAL,day_4,2026-08-23,batch_20260823_01,dev_win11_laptop,wifi,warp_enabled,web_github_docs,real,v2,20260823_150454_web_001_17f5_flow_00000_win_1s,window_1s,0.000,1.000,0,13.000000,3328.000000,256.000000,72.220815,279.000000,339.400000,0.080556,0.077854,0.035385,0.199367,13.000000,0.000000,3328.000000,0.000000,13.000000,3328.000000,6.000000,2.166667,6.000000,0.000000
20260823_150454_web_001_17f5_flow_00001,real_20260823_150454_web_001_17f5,20260823_150454_web_001_17f5,Web,env_win11_wifi,NORMAL,day_4,2026-08-23,batch_20260823_01,dev_win11_laptop,wifi,warp_enabled,web_github_docs,real,v2,20260823_150454_web_001_17f5_flow_00001_win_1s,window_1s,0.000,1.000,0,14.000000,2868.000000,204.857143,70.863911,217.500000,291.250000,0.060316,0.072051,0.024028,0.190634,14.000000,0.000000,2868.000000,0.000000,14.000000,2868.000000,5.000000,2.800000,5.000000,0.000000
20260823_150634_web_001_ddf0_flow_00000,real_20260823_150634_web_001_ddf0,20260823_150634_web_001_ddf0,Web,env_win11_wifi,NORMAL,day_4,2026-08-23,batch_20260823_01,dev_win11_laptop,wifi,warp_enabled,web_tech_blogs,real,v2,20260823_150634_web_001_ddf0_flow_00000_win_1s,window_1s,0.000,1.000,0,8.000000,1599.000000,199.875000,69.484598,197.000000,299.600000,0.071149,0.038786,0.068233,0.114141,8.000000,0.000000,1599.000000,0.000000,8.000000,1599.000000,6.000000,1.333333,6.000000,0.000000
20260823_150634_web_001_ddf0_flow_00001,real_20260823_150634_web_001_ddf0,20260823_150634_web_001_ddf0,Web,env_win11_wifi,NORMAL,day_4,2026-08-23,batch_20260823_01,dev_win11_laptop,wifi,warp_enabled,web_tech_blogs,real,v2,20260823_150634_web_001_ddf0_flow_00001_win_1s,window_1s,0.000,1.000,0,7.000000,1508.000000,215.428571,76.998807,239.000000,302.100000,0.165472,0.138054,0.132589,0.384196,7.000000,0.000000,1508.000000,0.000000,7.000000,1508.000000,6.000000,1.166667,6.000000,0.000000
20260823_150817_web_001_e5b6_flow_00000,real_20260823_150817_web_001_e5b6,20260823_150817_web_001_e5b6,Web,env_win11_wifi,NORMAL,day_4,2026-08-23,batch_20260823_01,dev_win11_laptop,wifi,warp_enabled,web_github_docs,real,v2,20260823_150817_web_001_e5b6_flow_00000_win_1s,window_1s,0.000,1.000,0,8.000000,2492.000000,311.500000,80.868721,344.000000,399.600000,0.132952,0.118225,0.080084,0.327546,8.000000,0.000000,2492.000000,0.000000,8.000000,2492.000000,6.000000,1.333333,6.000000,0.000000
20260823_150817_web_001_e5b6_flow_00001,real_20260823_150817_web_001_e5b6,20260823_150817_web_001_e5b6,Web,env_win11_wifi,NORMAL,day_4,2026-08-23,batch_20260823_01,dev_win11_laptop,wifi,warp_enabled,web_github_docs,real,v2,20260823_150817_web_001_e5b6_flow_00001_win_1s,window_1s,0.000,1.000,0,12.000000,2068.000000,172.333333,56.298806,178.000000,253.050000,0.079628,0.085632,0.070957,0.230147,12.000000,0.000000,2068.000000,0.000000,12.000000,2068.000000,7.000000,1.714286,7.000000,0.000000
20260823_150936_web_001_534c_flow_00000,real_20260823_150936_web_001_534c,20260823_150936_web_001_534c,Web,env_win11_wifi,NORMAL,day_4,2026-08-23,batch_20260823_01,dev_win11_laptop,wifi,warp_enabled,web_ecommerce,real,v2,20260823_150936_web_001_534c_flow_00000_win_1s,window_1s,0.000,1.000,0,18.000000,3548.000000,197.111111,80.803526,174.000000,327.750000,0.056290,0.044576,0.043945,0.142666,18.000000,0.000000,3548.000000,0.000000,18.000000,3548.000000,7.000000,2.571429,7.000000,0.000000
20260823_150936_web_001_534c_flow_00001,real_20260823_150936_web_001_534c,20260823_150936_web_001_534c,Web,env_win11_wifi,NORMAL,day_4,2026-08-23,batch_20260823_01,dev_win11_laptop,wifi,warp_enabled,web_ecommerce,real,v2,20260823_150936_web_001_534c_flow_00001_win_1s,window_1s,0.000,1.000,0,20.000000,6115.000000,305.750000,115.211490,308.500000,450.800000,0.051128,0.058802,0.028499,0.173607,20.000000,0.000000,6115.000000,0.000000,20.000000,6115.000000,8.000000,2.500000,8.000000,0.000000
20260823_151441_video_001_104d_flow_00000,real_20260823_151441_video_001_104d,20260823_151441_video_001_104d,Video,env_win11_wifi,NORMAL,day_4,2026-08-23,batch_20260823_01,dev_win11_laptop,wifi,warp_enabled,vid_twitch_live,real,v2,20260823_151441_video_001_104d_flow_00000_win_1s,window_1s,0.000,1.000,0,269.000000,323319.000000,1201.929368,280.397061,1348.000000,1420.000000,0.003717,0.003606,0.002686,0.011829,269.000000,0.000000,323319.000000,0.000000,269.000000,323319.000000,1.000000,269.000000,1.000000,0.000000
20260823_151441_video_001_104d_flow_00001,real_20260823_151441_video_001_104d,20260823_151441_video_001_104d,Video,env_win11_wifi,NORMAL,day_4,2026-08-23,batch_20260823_01,dev_win11_laptop,wifi,warp_enabled,vid_twitch_live,real,v2,20260823_151441_video_001_104d_flow_00001_win_1s,window_1s,0.000,1.000,0,42.000000,8898.000000,211.857143,84.703003,224.500000,314.900000,0.024358,0.021812,0.016139,0.058967,42.000000,0.000000,8898.000000,0.000000,42.000000,8898.000000,8.000000,5.250000,8.000000,0.000000
20260823_151621_video_001_efa4_flow_00000,real_20260823_151621_video_001_efa4,20260823_151621_video_001_efa4,Video,env_win11_wifi,NORMAL,day_4,2026-08-23,batch_20260823_01,dev_win11_laptop,wifi,warp_enabled,vid_vimeo_720p,real,v2,20260823_151621_video_001_efa4_flow_00000_win_1s,window_1s,0.000,1.000,0,58.000000,58884.000000,1015.241379,331.151404,1013.500000,1420.000000,0.016843,0.019406,0.012240,0.056089,58.000000,0.000000,58884.000000,0.000000,58.000000,58884.000000,7.000000,8.285714,7.000000,0.000000
20260823_151621_video_001_efa4_flow_00001,real_20260823_151621_video_001_efa4,20260823_151621_video_001_efa4,Video,env_win11_wifi,NORMAL,day_4,2026-08-23,batch_20260823_01,dev_win11_laptop,wifi,warp_enabled,vid_vimeo_720p,real,v2,20260823_151621_video_001_efa4_flow_00001_win_1s,window_1s,0.000,1.000,0,28.000000,6511.000000,232.535714,74.909699,238.000000,335.300000,0.036881,0.033901,0.024447,0.101782,28.000000,0.000000,6511.000000,0.000000,28.000000,6511.000000,7.000000,4.000000,7.000000,0.000000
20260823_153012_video_001_641b_flow_00000,real_20260823_153012_video_001_641b,20260823_153012_video_001_641b,Video,env_win11_wifi,NORMAL,day_4,2026-08-23,batch_20260823_01,dev_win11_laptop,wifi,warp_enabled,vid_twitch_live,real,v2,20260823_153012_video_001_641b_flow_00000_win_1s,window_1s,0.000,1.000,0,154.000000,113003.000000,733.785714,285.123873,761.500000,1168.100000,0.006442,0.005778,0.004198,0.017351,154.000000,0.000000,113003.000000,0.000000,154.000000,113003.000000,1.000000,154.000000,1.000000,0.000000
20260823_153012_video_001_641b_flow_00001,real_20260823_153012_video_001_641b,20260823_153012_video_001_641b,Video,env_win11_wifi,NORMAL,day_4,2026-08-23,batch_20260823_01,dev_win11_laptop,wifi,warp_enabled,vid_twitch_live,real,v2,20260823_153012_video_001_641b_flow_00001_win_1s,window_1s,0.000,1.000,0,129.000000,130903.000000,1014.751938,331.975180,1029.000000,1420.000000,0.007707,0.007446,0.005951,0.023239,129.000000,0.000000,130903.000000,0.000000,129.000000,130903.000000,1.000000,129.000000,1.000000,0.000000
20260823_153142_video_001_2480_flow_00000,real_20260823_153142_video_001_2480,20260823_153142_video_001_2480,Video,env_win11_wifi,NORMAL,day_4,2026-08-23,batch_20260823_01,dev_win11_laptop,wifi,warp_enabled,vid_vimeo_720p,real,v2,20260823_153142_video_001_2480_flow_00000_win_1s,window_1s,0.000,1.000,0,20.000000,16358.000000,817.900000,251.606618,884.000000,1196.400000,0.051714,0.049468,0.033877,0.134705,20.000000,0.000000,16358.000000,0.000000,20.000000,16358.000000,8.000000,2.500000,8.000000,0.000000
20260823_153142_video_001_2480_flow_00001,real_20260823_153142_video_001_2480,20260823_153142_video_001_2480,Video,env_win11_wifi,NORMAL,day_4,2026-08-23,batch_20260823_01,dev_win11_laptop,wifi,warp_enabled,vid_vimeo_720p,real,v2,20260823_153142_video_001_2480_flow_00001_win_1s,window_1s,0.000,1.000,0,15.000000,3270.000000,218.000000,72.944728,216.000000,328.200000,0.068716,0.090389,0.040603,0.238797,15.000000,0.000000,3270.000000,0.000000,15.000000,3270.000000,6.000000,2.500000,6.000000,0.000000
20260823_154438_video_001_566f_flow_00000,real_20260823_154438_video_001_566f,20260823_154438_video_001_566f,Video,env_win11_wifi,NORMAL,day_4,2026-08-23,batch_20260823_01,dev_win11_laptop,wifi,warp_enabled,vid_twitch_live,real,v2,20260823_154438_video_001_566f_flow_00000_win_1s,window_1s,0.000,1.000,0,219.000000,253041.000000,1155.438356,298.791981,1233.000000,1420.000000,0.004557,0.004885,0.003053,0.013481,219.000000,0.000000,253041.000000,0.000000,219.000000,253041.000000,1.000000,219.000000,1.000000,0.000000
20260823_154438_video_001_566f_flow_00001,real_20260823_154438_video_001_566f,20260823_154438_video_001_566f,Video,env_win11_wifi,NORMAL,day_4,2026-08-23,batch_20260823_01,dev_win11_laptop,wifi,warp_enabled,vid_twitch_live,real,v2,20260823_154438_video_001_566f_flow_00001_win_1s,window_1s,0.000,1.000,0,47.000000,10223.000000,217.510638,68.307151,229.000000,308.900000,0.021442,0.017077,0.018213,0.055732,47.000000,0.000000,10223.000000,0.000000,47.000000,10223.000000,4.000000,11.750000,4.000000,0.000000
20260823_154613_video_001_c9ea_flow_00000,real_20260823_154613_video_001_c9ea,20260823_154613_video_001_c9ea,Video,env_win11_wifi,NORMAL,day_4,2026-08-23,batch_20260823_01,dev_win11_laptop,wifi,warp_enabled,vid_netflix_4k,real,v2,20260823_154613_video_001_c9ea_flow_00000_win_1s,window_1s,0.000,1.000,0,210.000000,242333.000000,1153.966667,306.511483,1271.500000,1420.000000,0.004781,0.004451,0.003514,0.013199,210.000000,0.000000,242333.000000,0.000000,210.000000,242333.000000,1.000000,210.000000,1.000000,0.000000
20260823_154613_video_001_c9ea_flow_00001,real_20260823_154613_video_001_c9ea,20260823_154613_video_001_c9ea,Video,env_win11_wifi,NORMAL,day_4,2026-08-23,batch_20260823_01,dev_win11_laptop,wifi,warp_enabled,vid_netflix_4k,real,v2,20260823_154613_video_001_c9ea_flow_00001_win_1s,window_1s,0.000,1.000,0,29.000000,6644.000000,229.103448,75.262000,228.000000,345.000000,0.035284,0.039502,0.024355,0.104632,29.000000,0.000000,6644.000000,0.000000,29.000000,6644.000000,7.000000,4.142857,7.000000,0.000000
20260823_154721_video_001_0564_flow_00000,real_20260823_154721_video_001_0564,20260823_154721_video_001_0564,Video,env_win11_wifi,NORMAL,day_4,2026-08-23,batch_20260823_01,dev_win11_laptop,wifi,warp_enabled,vid_dailymotion_sd,real,v2,20260823_154721_video_001_0564_flow_00000_win_1s,window_1s,0.000,1.000,0,257.000000,293167.000000,1140.727626,319.260971,1250.000000,1420.000000,0.003901,0.004016,0.002501,0.011554,257.000000,0.000000,293167.000000,0.000000,257.000000,293167.000000,1.000000,257.000000,1.000000,0.000000
20260823_154721_video_001_0564_flow_00001,real_20260823_154721_video_001_0564,20260823_154721_video_001_0564,Video,env_win11_wifi,NORMAL,day_4,2026-08-23,batch_20260823_01,dev_win11_laptop,wifi,warp_enabled,vid_dailymotion_sd,real,v2,20260823_154721_video_001_0564_flow_00001_win_1s,window_1s,0.000,1.000,0,41.000000,7977.000000,194.560976,68.273856,190.000000,316.000000,0.024885,0.028447,0.012411,0.084048,41.000000,0.000000,7977.000000,0.000000,41.000000,7977.000000,5.000000,8.200000,5.000000,0.000000
20260823_154851_video_001_b4dc_flow_00000,real_20260823_154851_video_001_b4dc,20260823_154851_video_001_b4dc,Video,env_win11_wifi,NORMAL,day_4,2026-08-23,batch_20260823_01,dev_win11_laptop,wifi,warp_enabled,vid_vimeo_720p,real,v2,20260823_154851_video_001_b4dc_flow_00000_win_1s,window_1s,0.000,1.000,0,15.000000,3082.000000,205.466667,89.523827,213.000000,347.000000,0.065864,0.071173,0.054804,0.207994,15.000000,0.000000,3082.000000,0.000000,15.000000,3082.000000,9.000000,1.666667,9.000000,0.000000
20260823_154851_video_001_b4dc_flow_00001,real_20260823_154851_video_001_b4dc,20260823_154851_video_001_b4dc,Video,env_win11_wifi,NORMAL,day_4,2026-08-23,batch_20260823_01,dev_win11_laptop,wifi,warp_enabled,vid_vimeo_720p,real,v2,20260823_154851_video_001_b4dc_flow_00001_win_1s,window_1s,0.000,1.000,0,42.000000,43078.000000,1025.666667,290.594110,1126.500000,1418.100000,0.023581,0.022216,0.012900,0.068024,42.000000,0.000000,43078.000000,0.000000,42.000000,43078.000000,8.000000,5.250000,8.000000,0.000000
20260823_155010_video_001_c5d9_flow_00000,real_20260823_155010_video_001_c5d9,20260823_155010_video_001_c5d9,Video,env_win11_wifi,NORMAL,day_4,2026-08-23,batch_20260823_01,dev_win11_laptop,wifi,warp_enabled,vid_netflix_4k,real,v2,20260823_155010_video_001_c5d9_flow_00000_win_1s,window_1s,0.000,1.000,0,187.000000,205284.000000,1097.775401,338.389411,1203.000000,1420.000000,0.005324,0.005194,0.003839,0.016608,187.000000,0.000000,205284.000000,0.000000,187.000000,205284.000000,1.000000,187.000000,1.000000,0.000000
20260823_155010_video_001_c5d9_flow_00001,real_20260823_155010_video_001_c5d9,20260823_155010_video_001_c5d9,Video,env_win11_wifi,NORMAL,day_4,2026-08-23,batch_20260823_01,dev_win11_laptop,wifi,warp_enabled,vid_netflix_4k,real,v2,20260823_155010_video_001_c5d9_flow_00001_win_1s,window_1s,0.000,1.000,0,34.000000,8308.000000,244.352941,80.120454,236.500000,376.900000,0.029100,0.031891,0.022887,0.101016,34.000000,0.000000,8308.000000,0.000000,34.000000,8308.000000,5.000000,6.800000,5.000000,0.000000
20260823_155216_video_001_1ce3_flow_00000,real_20260823_155216_video_001_1ce3,20260823_155216_video_001_1ce3,Video,env_win11_wifi,NORMAL,day_4,2026-08-23,batch_20260823_01,dev_win11_laptop,wifi,warp_enabled,vid_dailymotion_sd,real,v2,20260823_155216_video_001_1ce3_flow_00000_win_1s,window_1s,0.000,1.000,0,8.000000,2070.000000,258.750000,73.139849,248.000000,370.550000,0.103411,0.041093,0.094052,0.168426,8.000000,0.000000,2070.000000,0.000000,8.000000,2070.000000,8.000000,1.000000,8.000000,0.000000
20260823_155216_video_001_1ce3_flow_00001,real_20260823_155216_video_001_1ce3,20260823_155216_video_001_1ce3,Video,env_win11_wifi,NORMAL,day_4,2026-08-23,batch_20260823_01,dev_win11_laptop,wifi,warp_enabled,vid_dailymotion_sd,real,v2,20260823_155216_video_001_1ce3_flow_00001_win_1s,window_1s,0.000,1.000,0,9.000000,2683.000000,298.111111,131.622731,326.000000,446.400000,0.121328,0.082949,0.097140,0.266016,9.000000,0.000000,2683.000000,0.000000,9.000000,2683.000000,8.000000,1.125000,8.000000,0.000000
20260823_155349_messaging_001_f90a_flow_00000,real_20260823_155349_messaging_001_f90a,20260823_155349_messaging_001_f90a,Messaging,env_win11_wifi,NORMAL,day_4,2026-08-23,batch_20260823_01,dev_win11_laptop,wifi,warp_enabled,msg_whatsapp_web,real,v2,20260823_155349_messaging_001_f90a_flow_00000_win_1s,window_1s,0.000,1.000,0,111.000000,117580.000000,1059.279279,331.169078,1145.000000,1420.000000,0.008990,0.011718,0.004578,0.029588,111.000000,0.000000,117580.000000,0.000000,111.000000,117580.000000,2.000000,55.500000,2.000000,0.000000
20260823_155349_messaging_001_f90a_flow_00001,real_20260823_155349_messaging_001_f90a,20260823_155349_messaging_001_f90a,Messaging,env_win11_wifi,NORMAL,day_4,2026-08-23,batch_20260823_01,dev_win11_laptop,wifi,warp_enabled,msg_whatsapp_web,real,v2,20260823_155349_messaging_001_f90a_flow_00001_win_1s,window_1s,0.000,1.000,0,20.000000,4054.000000,202.700000,66.542543,205.000000,327.150000,0.050347,0.044688,0.040040,0.117730,20.000000,0.000000,4054.000000,0.000000,20.000000,4054.000000,8.000000,2.500000,8.000000,0.000000
20260823_155823_messaging_001_2056_flow_00000,real_20260823_155823_messaging_001_2056,20260823_155823_messaging_001_2056,Messaging,env_win11_wifi,NORMAL,day_4,2026-08-23,batch_20260823_01,dev_win11_laptop,wifi,warp_enabled,msg_slack_chat,real,v2,20260823_155823_messaging_001_2056_flow_00000_win_1s,window_1s,0.000,1.000,0,102.000000,22624.000000,221.803922,81.833887,215.000000,357.550000,0.009860,0.008277,0.007951,0.026731,102.000000,0.000000,22624.000000,0.000000,102.000000,22624.000000,1.000000,102.000000,1.000000,0.000000
20260823_155823_messaging_001_2056_flow_00001,real_20260823_155823_messaging_001_2056,20260823_155823_messaging_001_2056,Messaging,env_win11_wifi,NORMAL,day_4,2026-08-23,batch_20260823_01,dev_win11_laptop,wifi,warp_enabled,msg_slack_chat,real,v2,20260823_155823_messaging_001_2056_flow_00001_win_1s,window_1s,0.000,1.000,0,773.000000,927981.000000,1200.492885,290.626239,1343.000000,1420.000000,0.001291,0.001200,0.000939,0.003782,773.000000,0.000000,927981.000000,0.000000,773.000000,927981.000000,1.000000,773.000000,1.000000,0.000000
20260823_160152_messaging_001_2144_flow_00000,real_20260823_160152_messaging_001_2144,20260823_160152_messaging_001_2144,Messaging,env_win11_wifi,NORMAL,day_4,2026-08-23,batch_20260823_01,dev_win11_laptop,wifi,warp_enabled,msg_discord_text,real,v2,20260823_160152_messaging_001_2144_flow_00000_win_1s,window_1s,0.000,1.000,0,35.000000,8023.000000,229.228571,74.523279,225.000000,341.500000,0.028323,0.029006,0.017493,0.092941,35.000000,0.000000,8023.000000,0.000000,35.000000,8023.000000,6.000000,5.833333,6.000000,0.000000
20260823_160152_messaging_001_2144_flow_00001,real_20260823_160152_messaging_001_2144,20260823_160152_messaging_001_2144,Messaging,env_win11_wifi,NORMAL,day_4,2026-08-23,batch_20260823_01,dev_win11_laptop,wifi,warp_enabled,msg_discord_text,real,v2,20260823_160152_messaging_001_2144_flow_00001_win_1s,window_1s,0.000,1.000,0,231.000000,262789.000000,1137.614719,320.291349,1235.000000,1420.000000,0.004319,0.003800,0.003285,0.011074,231.000000,0.000000,262789.000000,0.000000,231.000000,262789.000000,1.000000,231.000000,1.000000,0.000000
20260823_160304_messaging_001_b4de_flow_00000,real_20260823_160304_messaging_001_b4de,20260823_160304_messaging_001_b4de,Messaging,env_win11_wifi,NORMAL,day_4,2026-08-23,batch_20260823_01,dev_win11_laptop,wifi,warp_enabled,msg_slack_chat,real,v2,20260823_160304_messaging_001_b4de_flow_00000_win_1s,window_1s,0.000,1.000,0,53.000000,11508.000000,217.132075,68.956382,205.000000,355.800000,0.019213,0.022593,0.014309,0.051353,53.000000,0.000000,11508.000000,0.000000,53.000000,11508.000000,4.000000,13.250000,4.000000,0.000000
20260823_160304_messaging_001_b4de_flow_00001,real_20260823_160304_messaging_001_b4de,20260823_160304_messaging_001_b4de,Messaging,env_win11_wifi,NORMAL,day_4,2026-08-23,batch_20260823_01,dev_win11_laptop,wifi,warp_enabled,msg_slack_chat,real,v2,20260823_160304_messaging_001_b4de_flow_00001_win_1s,window_1s,0.000,1.000,0,219.000000,253805.000000,1158.926941,298.810219,1257.000000,1420.000000,0.004584,0.004629,0.003174,0.014275,219.000000,0.000000,253805.000000,0.000000,219.000000,253805.000000,1.000000,219.000000,1.000000,0.000000
20260823_160438_messaging_001_3d1b_flow_00000,real_20260823_160438_messaging_001_3d1b,20260823_160438_messaging_001_3d1b,Messaging,env_win11_wifi,NORMAL,day_4,2026-08-23,batch_20260823_01,dev_win11_laptop,wifi,warp_enabled,msg_slack_chat,real,v2,20260823_160438_messaging_001_3d1b_flow_00000_win_1s,window_1s,0.000,1.000,0,128.000000,139231.000000,1087.742188,304.653165,1096.000000,1420.000000,0.007838,0.008059,0.006312,0.026063,128.000000,0.000000,139231.000000,0.000000,128.000000,139231.000000,1.000000,128.000000,1.000000,0.000000
20260823_160438_messaging_001_3d1b_flow_00001,real_20260823_160438_messaging_001_3d1b,20260823_160438_messaging_001_3d1b,Messaging,env_win11_wifi,NORMAL,day_4,2026-08-23,batch_20260823_01,dev_win11_laptop,wifi,warp_enabled,msg_slack_chat,real,v2,20260823_160438_messaging_001_3d1b_flow_00001_win_1s,window_1s,0.000,1.000,0,41.000000,9277.000000,226.268293,84.702067,228.000000,368.000000,0.024837,0.024327,0.014351,0.074814,41.000000,0.000000,9277.000000,0.000000,41.000000,9277.000000,7.000000,5.857143,7.000000,0.000000
20260823_160546_messaging_001_240e_flow_00000,real_20260823_160546_messaging_001_240e,20260823_160546_messaging_001_240e,Messaging,env_win11_wifi,NORMAL,day_4,2026-08-23,batch_20260823_01,dev_win11_laptop,wifi,warp_enabled,msg_discord_text,real,v2,20260823_160546_messaging_001_240e_flow_00000_win_1s,window_1s,0.000,1.000,0,159.000000,181321.000000,1140.383648,308.340145,1208.000000,1420.000000,0.006232,0.006075,0.003896,0.019375,159.000000,0.000000,181321.000000,0.000000,159.000000,181321.000000,1.000000,159.000000,1.000000,0.000000
20260823_160546_messaging_001_240e_flow_00001,real_20260823_160546_messaging_001_240e,20260823_160546_messaging_001_240e,Messaging,env_win11_wifi,NORMAL,day_4,2026-08-23,batch_20260823_01,dev_win11_laptop,wifi,warp_enabled,msg_discord_text,real,v2,20260823_160546_messaging_001_240e_flow_00001_win_1s,window_1s,0.000,1.000,0,23.000000,4087.000000,177.695652,63.337903,169.000000,266.600000,0.044009,0.034554,0.028593,0.112012,23.000000,0.000000,4087.000000,0.000000,23.000000,4087.000000,9.000000,2.555556,9.000000,0.000000
20260823_160655_messaging_001_72b1_flow_00000,real_20260823_160655_messaging_001_72b1,20260823_160655_messaging_001_72b1,Messaging,env_win11_wifi,NORMAL,day_4,2026-08-23,batch_20260823_01,dev_win11_laptop,wifi,warp_enabled,msg_telegram_sync,real,v2,20260823_160655_messaging_001_72b1_flow_00000_win_1s,window_1s,0.000,1.000,0,6.000000,810.000000,135.000000,44.392192,141.000000,190.000000,0.127641,0.082263,0.113068,0.234883,6.000000,0.000000,810.000000,0.000000,6.000000,810.000000,5.000000,1.200000,5.000000,0.000000
20260823_160655_messaging_001_72b1_flow_00001,real_20260823_160655_messaging_001_72b1,20260823_160655_messaging_001_72b1,Messaging,env_win11_wifi,NORMAL,day_4,2026-08-23,batch_20260823_01,dev_win11_laptop,wifi,warp_enabled,msg_telegram_sync,real,v2,20260823_160655_messaging_001_72b1_flow_00001_win_1s,window_1s,0.000,1.000,0,17.000000,12262.000000,721.294118,207.001780,746.000000,1045.400000,0.059615,0.074129,0.034528,0.193814,17.000000,0.000000,12262.000000,0.000000,17.000000,12262.000000,6.000000,2.833333,6.000000,0.000000
20260823_160828_messaging_001_7f33_flow_00000,real_20260823_160828_messaging_001_7f33,20260823_160828_messaging_001_7f33,Messaging,env_win11_wifi,NORMAL,day_4,2026-08-23,batch_20260823_01,dev_win11_laptop,wifi,warp_enabled,msg_discord_text,real,v2,20260823_160828_messaging_001_7f33_flow_00000_win_1s,window_1s,0.000,1.000,0,12.000000,2739.000000,228.250000,64.490471,243.500000,295.300000,0.090308,0.052541,0.089078,0.169602,12.000000,0.000000,2739.000000,0.000000,12.000000,2739.000000,9.000000,1.333333,9.000000,0.000000
20260823_160828_messaging_001_7f33_flow_00001,real_20260823_160828_messaging_001_7f33,20260823_160828_messaging_001_7f33,Messaging,env_win11_wifi,NORMAL,day_4,2026-08-23,batch_20260823_01,dev_win11_laptop,wifi,warp_enabled,msg_discord_text,real,v2,20260823_160828_messaging_001_7f33_flow_00001_win_1s,window_1s,0.000,1.000,0,5.000000,1529.000000,305.800000,88.898594,301.000000,408.000000,0.246200,0.134080,0.260663,0.380727,5.000000,0.000000,1529.000000,0.000000,5.000000,1529.000000,5.000000,1.000000,5.000000,0.000000
20260823_160947_messaging_001_869a_flow_00000,real_20260823_160947_messaging_001_869a,20260823_160947_messaging_001_869a,Messaging,env_win11_wifi,NORMAL,day_4,2026-08-23,batch_20260823_01,dev_win11_laptop,wifi,warp_enabled,msg_telegram_sync,real,v2,20260823_160947_messaging_001_869a_flow_00000_win_1s,window_1s,0.000,1.000,0,7.000000,1500.000000,214.285714,80.003061,244.000000,287.100000,0.165875,0.195774,0.064621,0.471455,7.000000,0.000000,1500.000000,0.000000,7.000000,1500.000000,4.000000,1.750000,4.000000,0.000000
20260823_160947_messaging_001_869a_flow_00001,real_20260823_160947_messaging_001_869a,20260823_160947_messaging_001_869a,Messaging,env_win11_wifi,NORMAL,day_4,2026-08-23,batch_20260823_01,dev_win11_laptop,wifi,warp_enabled,msg_telegram_sync,real,v2,20260823_160947_messaging_001_869a_flow_00001_win_1s,window_1s,0.000,1.000,0,12.000000,2424.000000,202.000000,38.021924,204.500000,258.350000,0.089253,0.058475,0.080853,0.183964,12.000000,0.000000,2424.000000,0.000000,12.000000,2424.000000,10.000000,1.200000,10.000000,0.000000
20260823_161053_messaging_001_e319_flow_00000,real_20260823_161053_messaging_001_e319,20260823_161053_messaging_001_e319,Messaging,env_win11_wifi,NORMAL,day_4,2026-08-23,batch_20260823_01,dev_win11_laptop,wifi,warp_enabled,msg_whatsapp_web,real,v2,20260823_161053_messaging_001_e319_flow_00000_win_1s,window_1s,0.000,1.000,0,8.000000,2655.000000,331.875000,68.140365,333.000000,417.250000,0.093507,0.048608,0.108062,0.161220,8.000000,0.000000,2655.000000,0.000000,8.000000,2655.000000,6.000000,1.333333,6.000000,0.000000
20260823_161053_messaging_001_e319_flow_00001,real_20260823_161053_messaging_001_e319,20260823_161053_messaging_001_e319,Messaging,env_win11_wifi,NORMAL,day_4,2026-08-23,batch_20260823_01,dev_win11_laptop,wifi,warp_enabled,msg_whatsapp_web,real,v2,20260823_161053_messaging_001_e319_flow_00001_win_1s,window_1s,0.000,1.000,0,14.000000,5739.000000,409.928571,184.723911,426.000000,679.700000,0.062807,0.067818,0.026820,0.199058,14.000000,0.000000,5739.000000,0.000000,14.000000,5739.000000,6.000000,2.333333,6.000000,0.000000
20260823_161401_voip_001_b89f_flow_00000,real_20260823_161401_voip_001_b89f,20260823_161401_voip_001_b89f,VoIP,env_win11_wifi,NORMAL,day_4,2026-08-23,batch_20260823_01,dev_win11_laptop,wifi,warp_enabled,voip_skype_call,real,v2,20260823_161401_voip_001_b89f_flow_00000_win_1s,window_1s,0.000,1.000,0,8.000000,3225.000000,403.125000,134.104845,430.500000,547.550000,0.142833,0.112075,0.122079,0.329230,8.000000,0.000000,3225.000000,0.000000,8.000000,3225.000000,7.000000,1.142857,7.000000,0.000000
20260823_161401_voip_001_b89f_flow_00001,real_20260823_161401_voip_001_b89f,20260823_161401_voip_001_b89f,VoIP,env_win11_wifi,NORMAL,day_4,2026-08-23,batch_20260823_01,dev_win11_laptop,wifi,warp_enabled,voip_skype_call,real,v2,20260823_161401_voip_001_b89f_flow_00001_win_1s,window_1s,0.000,1.000,0,5.000000,915.000000,183.000000,127.488039,165.000000,334.600000,0.227725,0.234408,0.160720,0.539536,5.000000,0.000000,915.000000,0.000000,5.000000,915.000000,3.000000,1.666667,3.000000,0.000000
20260823_161509_voip_001_9812_flow_00000,real_20260823_161509_voip_001_9812,20260823_161509_voip_001_9812,VoIP,env_win11_wifi,NORMAL,day_4,2026-08-23,batch_20260823_01,dev_win11_laptop,wifi,warp_enabled,voip_meet_audio,real,v2,20260823_161509_voip_001_9812_flow_00000_win_1s,window_1s,0.000,1.000,0,11.000000,2420.000000,220.000000,84.845314,201.000000,359.500000,0.099191,0.066644,0.074870,0.205047,11.000000,0.000000,2420.000000,0.000000,11.000000,2420.000000,9.000000,1.222222,9.000000,0.000000
20260823_161509_voip_001_9812_flow_00001,real_20260823_161509_voip_001_9812,20260823_161509_voip_001_9812,VoIP,env_win11_wifi,NORMAL,day_4,2026-08-23,batch_20260823_01,dev_win11_laptop,wifi,warp_enabled,voip_meet_audio,real,v2,20260823_161509_voip_001_9812_flow_00001_win_1s,window_1s,0.000,1.000,0,9.000000,2977.000000,330.777778,82.921352,309.000000,442.400000,0.105016,0.109554,0.043937,0.292113,9.000000,0.000000,2977.000000,0.000000,9.000000,2977.000000,4.000000,2.250000,4.000000,0.000000
20260823_161649_voip_001_c01e_flow_00000,real_20260823_161649_voip_001_c01e,20260823_161649_voip_001_c01e,VoIP,env_win11_wifi,NORMAL,day_4,2026-08-23,batch_20260823_01,dev_win11_laptop,wifi,warp_enabled,voip_teams_voice,real,v2,20260823_161649_voip_001_c01e_flow_00000_win_1s,window_1s,0.000,1.000,0,8.000000,2601.000000,325.125000,101.683870,297.000000,467.250000,0.109146,0.104277,0.076759,0.283511,8.000000,0.000000,2601.000000,0.000000,8.000000,2601.000000,6.000000,1.333333,6.000000,0.000000
20260823_161649_voip_001_c01e_flow_00001,real_20260823_161649_voip_001_c01e,20260823_161649_voip_001_c01e,VoIP,env_win11_wifi,NORMAL,day_4,2026-08-23,batch_20260823_01,dev_win11_laptop,wifi,warp_enabled,voip_teams_voice,real,v2,20260823_161649_voip_001_c01e_flow_00001_win_1s,window_1s,0.000,1.000,0,5.000000,854.000000,170.800000,43.268464,171.000000,217.000000,0.248575,0.190188,0.248962,0.455054,5.000000,0.000000,854.000000,0.000000,5.000000,854.000000,4.000000,1.250000,4.000000,0.000000
20260823_161758_voip_001_0549_flow_00000,real_20260823_161758_voip_001_0549,20260823_161758_voip_001_0549,VoIP,env_win11_wifi,NORMAL,day_4,2026-08-23,batch_20260823_01,dev_win11_laptop,wifi,warp_enabled,voip_meet_audio,real,v2,20260823_161758_voip_001_0549_flow_00000_win_1s,window_1s,0.000,1.000,0,9.000000,2061.000000,229.000000,96.175765,230.000000,333.200000,0.104366,0.090298,0.093058,0.243773,9.000000,0.000000,2061.000000,0.000000,9.000000,2061.000000,6.000000,1.500000,6.000000,0.000000
20260823_161758_voip_001_0549_flow_00001,real_20260823_161758_voip_001_0549,20260823_161758_voip_001_0549,VoIP,env_win11_wifi,NORMAL,day_4,2026-08-23,batch_20260823_01,dev_win11_laptop,wifi,warp_enabled,voip_meet_audio,real,v2,20260823_161758_voip_001_0549_flow_00001_win_1s,window_1s,0.000,1.000,0,4.000000,758.000000,189.500000,51.061238,189.500000,242.250000,0.293176,0.214450,0.217984,0.548495,4.000000,0.000000,758.000000,0.000000,4.000000,758.000000,4.000000,1.000000,4.000000,0.000000
20260823_161916_voip_001_7fd9_flow_00000,real_20260823_161916_voip_001_7fd9,20260823_161916_voip_001_7fd9,VoIP,env_win11_wifi,NORMAL,day_4,2026-08-23,batch_20260823_01,dev_win11_laptop,wifi,warp_enabled,voip_discord_voice,real,v2,20260823_161916_voip_001_7fd9_flow_00000_win_1s,window_1s,0.000,1.000,0,17.000000,7442.000000,437.764706,132.655471,449.000000,638.400000,0.059844,0.041941,0.043810,0.143638,17.000000,0.000000,7442.000000,0.000000,17.000000,7442.000000,8.000000,2.125000,8.000000,0.000000
20260823_161916_voip_001_7fd9_flow_00001,real_20260823_161916_voip_001_7fd9,20260823_161916_voip_001_7fd9,VoIP,env_win11_wifi,NORMAL,day_4,2026-08-23,batch_20260823_01,dev_win11_laptop,wifi,warp_enabled,voip_discord_voice,real,v2,20260823_161916_voip_001_7fd9_flow_00001_win_1s,window_1s,0.000,1.000,0,13.000000,2013.000000,154.846154,76.926385,142.000000,281.200000,0.060819,0.067448,0.045193,0.184728,13.000000,0.000000,2013.000000,0.000000,13.000000,2013.000000,7.000000,1.857143,7.000000,0.000000
20260823_162123_voip_001_51e2_flow_00000,real_20260823_162123_voip_001_51e2,20260823_162123_voip_001_51e2,VoIP,env_win11_wifi,NORMAL,day_4,2026-08-23,batch_20260823_01,dev_win11_laptop,wifi,warp_enabled,voip_discord_voice,real,v2,20260823_162123_voip_001_51e2_flow_00000_win_1s,window_1s,0.000,1.000,0,8.000000,1999.000000,249.875000,88.158150,223.000000,391.700000,0.074745,0.028799,0.064966,0.115963,8.000000,0.000000,1999.000000,0.000000,8.000000,1999.000000,6.000000,1.333333,6.000000,0.000000
20260823_162123_voip_001_51e2_flow_00001,real_20260823_162123_voip_001_51e2,20260823_162123_voip_001_51e2,VoIP,env_win11_wifi,NORMAL,day_4,2026-08-23,batch_20260823_01,dev_win11_laptop,wifi,warp_enabled,voip_discord_voice,real,v2,20260823_162123_voip_001_51e2_flow_00001_win_1s,window_1s,0.000,1.000,0,5.000000,1464.000000,292.800000,90.962410,330.000000,387.200000,0.244716,0.178962,0.257962,0.445304,5.000000,0.000000,1464.000000,0.000000,5.000000,1464.000000,4.000000,1.250000,4.000000,0.000000
20260823_162302_voip_001_6194_flow_00000,real_20260823_162302_voip_001_6194,20260823_162302_voip_001_6194,VoIP,env_win11_wifi,NORMAL,day_4,2026-08-23,batch_20260823_01,dev_win11_laptop,wifi,warp_enabled,voip_discord_voice,real,v2,20260823_162302_voip_001_6194_flow_00000_win_1s,window_1s,0.000,1.000,0,12.000000,4522.000000,376.833333,135.296485,322.000000,576.750000,0.088496,0.073356,0.097936,0.202036,12.000000,0.000000,4522.000000,0.000000,12.000000,4522.000000,8.000000,1.500000,8.000000,0.000000
20260823_162302_voip_001_6194_flow_00001,real_20260823_162302_voip_001_6194,20260823_162302_voip_001_6194,VoIP,env_win11_wifi,NORMAL,day_4,2026-08-23,batch_20260823_01,dev_win11_laptop,wifi,warp_enabled,voip_discord_voice,real,v2,20260823_162302_voip_001_6194_flow_00001_win_1s,window_1s,0.000,1.000,0,8.000000,1746.000000,218.250000,59.259493,228.000000,300.100000,0.109215,0.079347,0.087967,0.204265,8.000000,0.000000,1746.000000,0.000000,8.000000,1746.000000,6.000000,1.333333,6.000000,0.000000
20260823_162426_voip_001_9219_flow_00000,real_20260823_162426_voip_001_9219,20260823_162426_voip_001_9219,VoIP,env_win11_wifi,NORMAL,day_4,2026-08-23,batch_20260823_01,dev_win11_laptop,wifi,warp_enabled,voip_meet_audio,real,v2,20260823_162426_voip_001_9219_flow_00000_win_1s,window_1s,0.000,1.000,0,14.000000,3206.000000,229.000000,82.577237,231.000000,334.550000,0.075534,0.107136,0.040254,0.273797,14.000000,0.000000,3206.000000,0.000000,14.000000,3206.000000,6.000000,2.333333,6.000000,0.000000
20260823_162426_voip_001_9219_flow_00001,real_20260823_162426_voip_001_9219,20260823_162426_voip_001_9219,VoIP,env_win11_wifi,NORMAL,day_4,2026-08-23,batch_20260823_01,dev_win11_laptop,wifi,warp_enabled,voip_meet_audio,real,v2,20260823_162426_voip_001_9219_flow_00001_win_1s,window_1s,0.000,1.000,0,12.000000,4187.000000,348.916667,130.993294,319.500000,557.700000,0.084005,0.050911,0.090847,0.160376,12.000000,0.000000,4187.000000,0.000000,12.000000,4187.000000,10.000000,1.200000,10.000000,0.000000
20260823_162544_voip_001_9fd7_flow_00000,real_20260823_162544_voip_001_9fd7,20260823_162544_voip_001_9fd7,VoIP,env_win11_wifi,NORMAL,day_4,2026-08-23,batch_20260823_01,dev_win11_laptop,wifi,warp_enabled,voip_zoom_audio,real,v2,20260823_162544_voip_001_9fd7_flow_00000_win_1s,window_1s,0.000,1.000,0,7.000000,1161.000000,165.857143,33.625792,163.000000,216.700000,0.155965,0.087655,0.121224,0.280170,7.000000,0.000000,1161.000000,0.000000,7.000000,1161.000000,6.000000,1.166667,6.000000,0.000000
20260823_162544_voip_001_9fd7_flow_00001,real_20260823_162544_voip_001_9fd7,20260823_162544_voip_001_9fd7,VoIP,env_win11_wifi,NORMAL,day_4,2026-08-23,batch_20260823_01,dev_win11_laptop,wifi,warp_enabled,voip_zoom_audio,real,v2,20260823_162544_voip_001_9fd7_flow_00001_win_1s,window_1s,0.000,1.000,0,8.000000,2707.000000,338.375000,125.262662,369.500000,502.650000,0.133244,0.116857,0.089164,0.321542,8.000000,0.000000,2707.000000,0.000000,8.000000,2707.000000,5.000000,1.600000,5.000000,0.000000
20260823_162704_voip_001_571e_flow_00000,real_20260823_162704_voip_001_571e,20260823_162704_voip_001_571e,VoIP,env_win11_wifi,NORMAL,day_4,2026-08-23,batch_20260823_01,dev_win11_laptop,wifi,warp_enabled,voip_teams_voice,real,v2,20260823_162704_voip_001_571e_flow_00000_win_1s,window_1s,0.000,1.000,0,8.000000,2052.000000,256.500000,65.631547,255.000000,361.850000,0.089543,0.075088,0.052948,0.211222,8.000000,0.000000,2052.000000,0.000000,8.000000,2052.000000,6.000000,1.333333,6.000000,0.000000
20260823_162704_voip_001_571e_flow_00001,real_20260823_162704_voip_001_571e,20260823_162704_voip_001_571e,VoIP,env_win11_wifi,NORMAL,day_4,2026-08-23,batch_20260823_01,dev_win11_laptop,wifi,warp_enabled,voip_teams_voice,real,v2,20260823_162704_voip_001_571e_flow_00001_win_1s,window_1s,0.000,1.000,0,5.000000,841.000000,168.200000,45.988694,199.000000,209.000000,0.177326,0.125118,0.187898,0.312837,5.000000,0.000000,841.000000,0.000000,5.000000,841.000000,4.000000,1.250000,4.000000,0.000000
20260823_162946_file_transfer_001_5b75_flow_00000,real_20260823_162946_file_transfer_001_5b75,20260823_162946_file_transfer_001_5b75,File Transfer,env_win11_wifi,NORMAL,day_4,2026-08-23,batch_20260823_01,dev_win11_laptop,wifi,warp_enabled,ft_mega_download,real,v2,20260823_162946_file_transfer_001_5b75_flow_00000_win_1s,window_1s,0.000,1.000,0,10.000000,2247.000000,224.700000,81.676251,190.000000,355.550000,0.101764,0.077088,0.094423,0.228016,10.000000,0.000000,2247.000000,0.000000,10.000000,2247.000000,7.000000,1.428571,7.000000,0.000000
20260823_162946_file_transfer_001_5b75_flow_00001,real_20260823_162946_file_transfer_001_5b75,20260823_162946_file_transfer_001_5b75,File Transfer,env_win11_wifi,NORMAL,day_4,2026-08-23,batch_20260823_01,dev_win11_laptop,wifi,warp_enabled,ft_mega_download,real,v2,20260823_162946_file_transfer_001_5b75_flow_00001_win_1s,window_1s,0.000,1.000,0,9.000000,2143.000000,238.111111,83.762156,243.000000,359.800000,0.089477,0.052503,0.071317,0.166429,9.000000,0.000000,2143.000000,0.000000,9.000000,2143.000000,5.000000,1.800000,5.000000,0.000000
20260823_163126_file_transfer_001_bea6_flow_00000,real_20260823_163126_file_transfer_001_bea6,20260823_163126_file_transfer_001_bea6,File Transfer,env_win11_wifi,NORMAL,day_4,2026-08-23,batch_20260823_01,dev_win11_laptop,wifi,warp_enabled,ft_gdrive_upload,real,v2,20260823_163126_file_transfer_001_bea6_flow_00000_win_1s,window_1s,0.000,1.000,0,14.000000,3348.000000,239.142857,96.835543,206.500000,398.650000,0.070736,0.105190,0.020216,0.271181,14.000000,0.000000,3348.000000,0.000000,14.000000,3348.000000,7.000000,2.000000,7.000000,0.000000
20260823_163126_file_transfer_001_bea6_flow_00001,real_20260823_163126_file_transfer_001_bea6,20260823_163126_file_transfer_001_bea6,File Transfer,env_win11_wifi,NORMAL,day_4,2026-08-23,batch_20260823_01,dev_win11_laptop,wifi,warp_enabled,ft_gdrive_upload,real,v2,20260823_163126_file_transfer_001_bea6_flow_00001_win_1s,window_1s,0.000,1.000,0,3.000000,463.000000,154.333333,57.748497,114.000000,223.800000,0.291527,0.081920,0.291527,0.365255,3.000000,0.000000,463.000000,0.000000,3.000000,463.000000,3.000000,1.000000,3.000000,0.000000
20260823_163237_file_transfer_001_390f_flow_00000,real_20260823_163237_file_transfer_001_390f,20260823_163237_file_transfer_001_390f,File Transfer,env_win11_wifi,NORMAL,day_4,2026-08-23,batch_20260823_01,dev_win11_laptop,wifi,warp_enabled,ft_sftp_sync,real,v2,20260823_163237_file_transfer_001_390f_flow_00000_win_1s,window_1s,0.000,1.000,0,6.000000,1158.000000,193.000000,44.253060,199.000000,239.750000,0.199532,0.175207,0.114923,0.469392,6.000000,0.000000,1158.000000,0.000000,6.000000,1158.000000,6.000000,1.000000,6.000000,0.000000
20260823_163237_file_transfer_001_390f_flow_00001,real_20260823_163237_file_transfer_001_390f,20260823_163237_file_transfer_001_390f,File Transfer,env_win11_wifi,NORMAL,day_4,2026-08-23,batch_20260823_01,dev_win11_laptop,wifi,warp_enabled,ft_sftp_sync,real,v2,20260823_163237_file_transfer_001_390f_flow_00001_win_1s,window_1s,0.000,1.000,0,9.000000,2302.000000,255.777778,72.192301,267.000000,354.800000,0.109841,0.166478,0.041957,0.393357,9.000000,0.000000,2302.000000,0.000000,9.000000,2302.000000,5.000000,1.800000,5.000000,0.000000
20260823_163447_file_transfer_001_d03c_flow_00000,real_20260823_163447_file_transfer_001_d03c,20260823_163447_file_transfer_001_d03c,File Transfer,env_win11_wifi,NORMAL,day_4,2026-08-23,batch_20260823_01,dev_win11_laptop,wifi,warp_enabled,ft_gdrive_upload,real,v2,20260823_163447_file_transfer_001_d03c_flow_00000_win_1s,window_1s,0.000,1.000,0,13.000000,4095.000000,315.000000,75.687617,331.000000,410.800000,0.066617,0.054450,0.052534,0.172520,13.000000,0.000000,4095.000000,0.000000,13.000000,4095.000000,7.000000,1.857143,7.000000,0.000000
20260823_163447_file_transfer_001_d03c_flow_00001,real_20260823_163447_file_transfer_001_d03c,20260823_163447_file_transfer_001_d03c,File Transfer,env_win11_wifi,NORMAL,day_4,2026-08-23,batch_20260823_01,dev_win11_laptop,wifi,warp_enabled,ft_gdrive_upload,real,v2,20260823_163447_file_transfer_001_d03c_flow_00001_win_1s,window_1s,0.000,1.000,0,6.000000,1212.000000,202.000000,77.160007,208.500000,295.000000,0.194642,0.150306,0.088044,0.416696,6.000000,0.000000,1212.000000,0.000000,6.000000,1212.000000,6.000000,1.000000,6.000000,0.000000
20260823_163557_file_transfer_001_aa30_flow_00000,real_20260823_163557_file_transfer_001_aa30,20260823_163557_file_transfer_001_aa30,File Transfer,env_win11_wifi,NORMAL,day_4,2026-08-23,batch_20260823_01,dev_win11_laptop,wifi,warp_enabled,ft_onedrive_sync,real,v2,20260823_163557_file_transfer_001_aa30_flow_00000_win_1s,window_1s,0.000,1.000,0,4.000000,1160.000000,290.000000,88.825672,315.000000,373.900000,0.309020,0.035412,0.304265,0.349542,4.000000,0.000000,1160.000000,0.000000,4.000000,1160.000000,4.000000,1.000000,4.000000,0.000000
20260823_163557_file_transfer_001_aa30_flow_00001,real_20260823_163557_file_transfer_001_aa30,20260823_163557_file_transfer_001_aa30,File Transfer,env_win11_wifi,NORMAL,day_4,2026-08-23,batch_20260823_01,dev_win11_laptop,wifi,warp_enabled,ft_onedrive_sync,real,v2,20260823_163557_file_transfer_001_aa30_flow_00001_win_1s,window_1s,0.000,1.000,0,4.000000,637.000000,159.250000,25.311806,158.500000,188.200000,0.273242,0.242601,0.103322,0.565025,4.000000,0.000000,637.000000,0.000000,4.000000,637.000000,4.000000,1.000000,4.000000,0.000000
20260823_163704_file_transfer_001_2090_flow_00000,real_20260823_163704_file_transfer_001_2090,20260823_163704_file_transfer_001_2090,File Transfer,env_win11_wifi,NORMAL,day_4,2026-08-23,batch_20260823_01,dev_win11_laptop,wifi,warp_enabled,ft_onedrive_sync,real,v2,20260823_163704_file_transfer_001_2090_flow_00000_win_1s,window_1s,0.000,1.000,0,9.000000,2548.000000,283.111111,170.019244,223.000000,544.800000,0.106749,0.090040,0.083447,0.257263,9.000000,0.000000,2548.000000,0.000000,9.000000,2548.000000,7.000000,1.285714,7.000000,0.000000
20260823_163704_file_transfer_001_2090_flow_00001,real_20260823_163704_file_transfer_001_2090,20260823_163704_file_transfer_001_2090,File Transfer,env_win11_wifi,NORMAL,day_4,2026-08-23,batch_20260823_01,dev_win11_laptop,wifi,warp_enabled,ft_onedrive_sync,real,v2,20260823_163704_file_transfer_001_2090_flow_00001_win_1s,window_1s,0.000,1.000,0,7.000000,1381.000000,197.285714,77.296672,193.000000,306.100000,0.147810,0.183591,0.055392,0.450429,7.000000,0.000000,1381.000000,0.000000,7.000000,1381.000000,4.000000,1.750000,4.000000,0.000000
20260823_163829_file_transfer_001_a40b_flow_00000,real_20260823_163829_file_transfer_001_a40b,20260823_163829_file_transfer_001_a40b,File Transfer,env_win11_wifi,NORMAL,day_4,2026-08-23,batch_20260823_01,dev_win11_laptop,wifi,warp_enabled,ft_dropbox_download,real,v2,20260823_163829_file_transfer_001_a40b_flow_00000_win_1s,window_1s,0.000,1.000,0,10.000000,2164.000000,216.400000,53.145461,198.000000,306.850000,0.092016,0.057591,0.090454,0.184083,10.000000,0.000000,2164.000000,0.000000,10.000000,2164.000000,7.000000,1.428571,7.000000,0.000000
20260823_163829_file_transfer_001_a40b_flow_00001,real_20260823_163829_file_transfer_001_a40b,20260823_163829_file_transfer_001_a40b,File Transfer,env_win11_wifi,NORMAL,day_4,2026-08-23,batch_20260823_01,dev_win11_laptop,wifi,warp_enabled,ft_dropbox_download,real,v2,20260823_163829_file_transfer_001_a40b_flow_00001_win_1s,window_1s,0.000,1.000,0,11.000000,3128.000000,284.363636,81.166801,249.000000,409.500000,0.089501,0.060048,0.096410,0.162329,11.000000,0.000000,3128.000000,0.000000,11.000000,3128.000000,7.000000,1.571429,7.000000,0.000000
20260823_163936_file_transfer_001_3420_flow_00000,real_20260823_163936_file_transfer_001_3420,20260823_163936_file_transfer_001_3420,File Transfer,env_win11_wifi,NORMAL,day_4,2026-08-23,batch_20260823_01,dev_win11_laptop,wifi,warp_enabled,ft_onedrive_sync,real,v2,20260823_163936_file_transfer_001_3420_flow_00000_win_1s,window_1s,0.000,1.000,0,11.000000,4540.000000,412.727273,91.321700,399.000000,547.000000,0.098563,0.062214,0.091724,0.197908,11.000000,0.000000,4540.000000,0.000000,11.000000,4540.000000,8.000000,1.375000,8.000000,0.000000
20260823_163936_file_transfer_001_3420_flow_00001,real_20260823_163936_file_transfer_001_3420,20260823_163936_file_transfer_001_3420,File Transfer,env_win11_wifi,NORMAL,day_4,2026-08-23,batch_20260823_01,dev_win11_laptop,wifi,warp_enabled,ft_onedrive_sync,real,v2,20260823_163936_file_transfer_001_3420_flow_00001_win_1s,window_1s,0.000,1.000,0,9.000000,1985.000000,220.555556,47.053424,241.000000,278.200000,0.113173,0.114176,0.060547,0.299442,9.000000,0.000000,1985.000000,0.000000,9.000000,1985.000000,5.000000,1.800000,5.000000,0.000000
20260823_164056_file_transfer_001_1a06_flow_00000,real_20260823_164056_file_transfer_001_1a06,20260823_164056_file_transfer_001_1a06,File Transfer,env_win11_wifi,NORMAL,day_4,2026-08-23,batch_20260823_01,dev_win11_laptop,wifi,warp_enabled,ft_sftp_sync,real,v2,20260823_164056_file_transfer_001_1a06_flow_00000_win_1s,window_1s,0.000,1.000,0,8.000000,2124.000000,265.500000,50.554426,255.500000,342.600000,0.124623,0.171588,0.031196,0.409642,8.000000,0.000000,2124.000000,0.000000,8.000000,2124.000000,4.000000,2.000000,4.000000,0.000000
20260823_164056_file_transfer_001_1a06_flow_00001,real_20260823_164056_file_transfer_001_1a06,20260823_164056_file_transfer_001_1a06,File Transfer,env_win11_wifi,NORMAL,day_4,2026-08-23,batch_20260823_01,dev_win11_laptop,wifi,warp_enabled,ft_sftp_sync,real,v2,20260823_164056_file_transfer_001_1a06_flow_00001_win_1s,window_1s,0.000,1.000,0,7.000000,1055.000000,150.714286,36.385689,171.000000,189.400000,0.163705,0.168954,0.085599,0.411978,7.000000,0.000000,1055.000000,0.000000,7.000000,1055.000000,5.000000,1.400000,5.000000,0.000000
20260823_164203_file_transfer_001_0aa3_flow_00000,real_20260823_164203_file_transfer_001_0aa3,20260823_164203_file_transfer_001_0aa3,File Transfer,env_win11_wifi,NORMAL,day_4,2026-08-23,batch_20260823_01,dev_win11_laptop,wifi,warp_enabled,ft_mega_download,real,v2,20260823_164203_file_transfer_001_0aa3_flow_00000_win_1s,window_1s,0.000,1.000,0,6.000000,1608.000000,268.000000,55.377492,273.000000,343.250000,0.167927,0.158078,0.107339,0.408075,6.000000,0.000000,1608.000000,0.000000,6.000000,1608.000000,5.000000,1.200000,5.000000,0.000000
20260823_164203_file_transfer_001_0aa3_flow_00001,real_20260823_164203_file_transfer_001_0aa3,20260823_164203_file_transfer_001_0aa3,File Transfer,env_win11_wifi,NORMAL,day_4,2026-08-23,batch_20260823_01,dev_win11_laptop,wifi,warp_enabled,ft_mega_download,real,v2,20260823_164203_file_transfer_001_0aa3_flow_00001_win_1s,window_1s,0.000,1.000,0,9.000000,1504.000000,167.111111,55.261891,130.000000,248.600000,0.100988,0.111304,0.061474,0.299433,9.000000,0.000000,1504.000000,0.000000,9.000000,1504.000000,6.000000,1.500000,6.000000,0.000000
20260823_164647_other_001_d4e4_flow_00000,real_20260823_164647_other_001_d4e4,20260823_164647_other_001_d4e4,Other,env_win11_wifi,NORMAL,day_4,2026-08-23,batch_20260823_01,dev_win11_laptop,wifi,warp_enabled,oth_idle_keepalive,real,v2,20260823_164647_other_001_d4e4_flow_00000_win_1s,window_1s,0.000,1.000,0,9.000000,1812.000000,201.333333,46.026562,203.000000,274.800000,0.119496,0.055566,0.122887,0.187173,9.000000,0.000000,1812.000000,0.000000,9.000000,1812.000000,8.000000,1.125000,8.000000,0.000000
20260823_164647_other_001_d4e4_flow_00001,real_20260823_164647_other_001_d4e4,20260823_164647_other_001_d4e4,Other,env_win11_wifi,NORMAL,day_4,2026-08-23,batch_20260823_01,dev_win11_laptop,wifi,warp_enabled,oth_idle_keepalive,real,v2,20260823_164647_other_001_d4e4_flow_00001_win_1s,window_1s,0.000,1.000,0,11.000000,3215.000000,292.272727,83.367850,274.000000,423.000000,0.097112,0.124549,0.063770,0.310006,11.000000,0.000000,3215.000000,0.000000,11.000000,3215.000000,6.000000,1.833333,6.000000,0.000000
20260823_164826_other_001_eac8_flow_00000,real_20260823_164826_other_001_eac8,20260823_164826_other_001_eac8,Other,env_win11_wifi,NORMAL,day_4,2026-08-23,batch_20260823_01,dev_win11_laptop,wifi,warp_enabled,oth_cloud_backup,real,v2,20260823_164826_other_001_eac8_flow_00000_win_1s,window_1s,0.000,1.000,0,5.000000,741.000000,148.200000,42.855105,127.000000,206.800000,0.245194,0.116685,0.230132,0.385080,5.000000,0.000000,741.000000,0.000000,5.000000,741.000000,5.000000,1.000000,5.000000,0.000000
20260823_164826_other_001_eac8_flow_00001,real_20260823_164826_other_001_eac8,20260823_164826_other_001_eac8,Other,env_win11_wifi,NORMAL,day_4,2026-08-23,batch_20260823_01,dev_win11_laptop,wifi,warp_enabled,oth_cloud_backup,real,v2,20260823_164826_other_001_eac8_flow_00001_win_1s,window_1s,0.000,1.000,0,9.000000,2997.000000,333.000000,48.391919,330.000000,412.200000,0.107827,0.057726,0.111117,0.181318,9.000000,0.000000,2997.000000,0.000000,9.000000,2997.000000,6.000000,1.500000,6.000000,0.000000
20260823_164938_other_001_7ffe_flow_00000,real_20260823_164938_other_001_7ffe,20260823_164938_other_001_7ffe,Other,env_win11_wifi,NORMAL,day_4,2026-08-23,batch_20260823_01,dev_win11_laptop,wifi,warp_enabled,oth_dns_ntp_sync,real,v2,20260823_164938_other_001_7ffe_flow_00000_win_1s,window_1s,0.000,1.000,0,13.000000,4785.000000,368.076923,97.258942,379.000000,501.600000,0.079854,0.065165,0.074810,0.182582,13.000000,0.000000,4785.000000,0.000000,13.000000,4785.000000,8.000000,1.625000,8.000000,0.000000
20260823_164938_other_001_7ffe_flow_00001,real_20260823_164938_other_001_7ffe,20260823_164938_other_001_7ffe,Other,env_win11_wifi,NORMAL,day_4,2026-08-23,batch_20260823_01,dev_win11_laptop,wifi,warp_enabled,oth_dns_ntp_sync,real,v2,20260823_164938_other_001_7ffe_flow_00001_win_1s,window_1s,0.000,1.000,0,7.000000,2129.000000,304.142857,115.301380,303.000000,456.800000,0.161829,0.092695,0.172867,0.278451,7.000000,0.000000,2129.000000,0.000000,7.000000,2129.000000,6.000000,1.166667,6.000000,0.000000
20260823_165157_other_001_2876_flow_00000,real_20260823_165157_other_001_2876,20260823_165157_other_001_2876,Other,env_win11_wifi,NORMAL,day_4,2026-08-23,batch_20260823_01,dev_win11_laptop,wifi,warp_enabled,oth_os_update_check,real,v2,20260823_165157_other_001_2876_flow_00000_win_1s,window_1s,0.000,1.000,0,9.000000,4959.000000,551.000000,178.124800,627.000000,776.000000,0.123365,0.049775,0.120719,0.187290,9.000000,0.000000,4959.000000,0.000000,9.000000,4959.000000,9.000000,1.000000,9.000000,0.000000
20260823_165157_other_001_2876_flow_00001,real_20260823_165157_other_001_2876,20260823_165157_other_001_2876,Other,env_win11_wifi,NORMAL,day_4,2026-08-23,batch_20260823_01,dev_win11_laptop,wifi,warp_enabled,oth_os_update_check,real,v2,20260823_165157_other_001_2876_flow_00001_win_1s,window_1s,0.000,1.000,0,7.000000,1853.000000,264.714286,54.578160,264.000000,327.700000,0.150909,0.096154,0.159170,0.267910,7.000000,0.000000,1853.000000,0.000000,7.000000,1853.000000,6.000000,1.166667,6.000000,0.000000
20260823_165837_other_001_2277_flow_00000,real_20260823_165837_other_001_2277,20260823_165837_other_001_2277,Other,env_win11_wifi,NORMAL,day_4,2026-08-23,batch_20260823_01,dev_win11_laptop,wifi,warp_enabled,oth_dns_ntp_sync,real,v2,20260823_165837_other_001_2277_flow_00000_win_1s,window_1s,0.000,1.000,0,13.000000,5666.000000,435.846154,111.832186,391.000000,588.600000,0.077303,0.087182,0.045511,0.232733,13.000000,0.000000,5666.000000,0.000000,13.000000,5666.000000,7.000000,1.857143,7.000000,0.000000
20260823_165837_other_001_2277_flow_00001,real_20260823_165837_other_001_2277,20260823_165837_other_001_2277,Other,env_win11_wifi,NORMAL,day_4,2026-08-23,batch_20260823_01,dev_win11_laptop,wifi,warp_enabled,oth_dns_ntp_sync,real,v2,20260823_165837_other_001_2277_flow_00001_win_1s,window_1s,0.000,1.000,0,15.000000,4343.000000,289.533333,84.516560,322.000000,391.900000,0.071230,0.070904,0.039998,0.191671,15.000000,0.000000,4343.000000,0.000000,15.000000,4343.000000,6.000000,2.500000,6.000000,0.000000
20260823_170006_other_001_2088_flow_00000,real_20260823_170006_other_001_2088,20260823_170006_other_001_2088,Other,env_win11_wifi,NORMAL,day_4,2026-08-23,batch_20260823_01,dev_win11_laptop,wifi,warp_enabled,oth_cloud_backup,real,v2,20260823_170006_other_001_2088_flow_00000_win_1s,window_1s,0.000,1.000,0,6.000000,2708.000000,451.333333,255.868239,416.500000,804.250000,0.189139,0.113607,0.128947,0.363882,6.000000,0.000000,2708.000000,0.000000,6.000000,2708.000000,6.000000,1.000000,6.000000,0.000000
20260823_170006_other_001_2088_flow_00001,real_20260823_170006_other_001_2088,20260823_170006_other_001_2088,Other,env_win11_wifi,NORMAL,day_4,2026-08-23,batch_20260823_01,dev_win11_laptop,wifi,warp_enabled,oth_cloud_backup,real,v2,20260823_170006_other_001_2088_flow_00001_win_1s,window_1s,0.000,1.000,0,15.000000,4711.000000,314.066667,130.726925,306.000000,493.000000,0.064414,0.061854,0.036306,0.201964,15.000000,0.000000,4711.000000,0.000000,15.000000,4711.000000,5.000000,3.000000,5.000000,0.000000
20260823_170113_other_001_b130_flow_00000,real_20260823_170113_other_001_b130,20260823_170113_other_001_b130,Other,env_win11_wifi,NORMAL,day_4,2026-08-23,batch_20260823_01,dev_win11_laptop,wifi,warp_enabled,oth_dns_ntp_sync,real,v2,20260823_170113_other_001_b130_flow_00000_win_1s,window_1s,0.000,1.000,0,29.000000,14443.000000,498.034483,157.570889,480.000000,748.600000,0.034753,0.030740,0.032722,0.073343,29.000000,0.000000,14443.000000,0.000000,29.000000,14443.000000,8.000000,3.625000,8.000000,0.000000
20260823_170113_other_001_b130_flow_00001,real_20260823_170113_other_001_b130,20260823_170113_other_001_b130,Other,env_win11_wifi,NORMAL,day_4,2026-08-23,batch_20260823_01,dev_win11_laptop,wifi,warp_enabled,oth_dns_ntp_sync,real,v2,20260823_170113_other_001_b130_flow_00001_win_1s,window_1s,0.000,1.000,0,21.000000,10073.000000,479.666667,188.782145,484.000000,744.000000,0.047410,0.035301,0.043381,0.103755,21.000000,0.000000,10073.000000,0.000000,21.000000,10073.000000,10.000000,2.100000,10.000000,0.000000
20260823_170246_other_001_fe56_flow_00000,real_20260823_170246_other_001_fe56,20260823_170246_other_001_fe56,Other,env_win11_wifi,NORMAL,day_4,2026-08-23,batch_20260823_01,dev_win11_laptop,wifi,warp_enabled,oth_os_update_check,real,v2,20260823_170246_other_001_fe56_flow_00000_win_1s,window_1s,0.000,1.000,0,7.000000,1734.000000,247.714286,97.267987,239.000000,392.100000,0.136540,0.142303,0.063078,0.371064,7.000000,0.000000,1734.000000,0.000000,7.000000,1734.000000,6.000000,1.166667,6.000000,0.000000
20260823_170246_other_001_fe56_flow_00001,real_20260823_170246_other_001_fe56,20260823_170246_other_001_fe56,Other,env_win11_wifi,NORMAL,day_4,2026-08-23,batch_20260823_01,dev_win11_laptop,wifi,warp_enabled,oth_os_update_check,real,v2,20260823_170246_other_001_fe56_flow_00001_win_1s,window_1s,0.000,1.000,0,14.000000,3242.000000,231.571429,58.004574,244.500000,310.850000,0.066509,0.056999,0.048168,0.161215,14.000000,0.000000,3242.000000,0.000000,14.000000,3242.000000,7.000000,2.000000,7.000000,0.000000
20260823_170246_other_001_fe56_flow_00003,real_20260823_170246_other_001_fe56,20260823_170246_other_001_fe56,Other,env_win11_wifi,NORMAL,day_4,2026-08-23,batch_20260823_01,dev_win11_laptop,wifi,warp_enabled,oth_os_update_check,real,v2,20260823_170246_other_001_fe56_flow_00003_win_1s,window_1s,0.000,1.000,0,3.000000,284.000000,94.666667,26.886593,109.000000,117.100000,0.345853,0.018634,0.345853,0.362624,3.000000,0.000000,284.000000,0.000000,3.000000,284.000000,3.000000,1.000000,3.000000,0.000000
20260823_170352_other_001_facf_flow_00000,real_20260823_170352_other_001_facf,20260823_170352_other_001_facf,Other,env_win11_wifi,NORMAL,day_4,2026-08-23,batch_20260823_01,dev_win11_laptop,wifi,warp_enabled,oth_cloud_backup,real,v2,20260823_170352_other_001_facf_flow_00000_win_1s,window_1s,0.000,1.000,0,10.000000,4569.000000,456.900000,122.187929,422.000000,623.600000,0.098081,0.084091,0.079491,0.240063,10.000000,0.000000,4569.000000,0.000000,10.000000,4569.000000,7.000000,1.428571,7.000000,0.000000
20260823_170352_other_001_facf_flow_00001,real_20260823_170352_other_001_facf,20260823_170352_other_001_facf,Other,env_win11_wifi,NORMAL,day_4,2026-08-23,batch_20260823_01,dev_win11_laptop,wifi,warp_enabled,oth_cloud_backup,real,v2,20260823_170352_other_001_facf_flow_00001_win_1s,window_1s,0.000,1.000,0,10.000000,2403.000000,240.300000,65.380502,255.000000,327.300000,0.104272,0.105526,0.084034,0.274304,10.000000,0.000000,2403.000000,0.000000,10.000000,2403.000000,6.000000,1.666667,6.000000,0.000000
20260823_170458_other_001_aa7d_flow_00000,real_20260823_170458_other_001_aa7d,20260823_170458_other_001_aa7d,Other,env_win11_wifi,NORMAL,day_4,2026-08-23,batch_20260823_01,dev_win11_laptop,wifi,warp_enabled,oth_cloud_backup,real,v2,20260823_170458_other_001_aa7d_flow_00000_win_1s,window_1s,0.000,1.000,0,33.000000,26470.000000,802.121212,312.412873,786.000000,1313.200000,0.030714,0.039025,0.016302,0.098868,33.000000,0.000000,26470.000000,0.000000,33.000000,26470.000000,6.000000,5.500000,6.000000,0.000000
20260823_170458_other_001_aa7d_flow_00001,real_20260823_170458_other_001_aa7d,20260823_170458_other_001_aa7d,Other,env_win11_wifi,NORMAL,day_4,2026-08-23,batch_20260823_01,dev_win11_laptop,wifi,warp_enabled,oth_cloud_backup,real,v2,20260823_170458_other_001_aa7d_flow_00001_win_1s,window_1s,0.000,1.000,0,11.000000,3668.000000,333.454545,120.340701,379.000000,486.500000,0.097120,0.071204,0.087024,0.216873,11.000000,0.000000,3668.000000,0.000000,11.000000,3668.000000,8.000000,1.375000,8.000000,0.000000
sess_20260820_web_061_flow_00000,real_sess_20260820_web_061,sess_20260820_web_061,Web,env_win11_wifi,NORMAL,day_1,2026-08-20,batch_20260820_01,dev_win11_laptop,wifi,warp_enabled,web_wikipedia,real,v2,sess_20260820_web_061_flow_00000_win_1s,window_1s,0.000,1.000,0,43.000000,10532.000000,244.930233,61.633348,236.000000,343.300000,0.023666,0.032436,0.014326,0.094387,43.000000,0.000000,10532.000000,0.000000,43.000000,10532.000000,7.000000,6.142857,7.000000,0.000000
sess_20260820_web_061_flow_00001,real_sess_20260820_web_061,sess_20260820_web_061,Web,env_win11_wifi,NORMAL,day_1,2026-08-20,batch_20260820_01,dev_win11_laptop,wifi,warp_enabled,web_wikipedia,real,v2,sess_20260820_web_061_flow_00001_win_1s,window_1s,0.000,1.000,0,35.000000,8383.000000,239.514286,108.135463,251.000000,432.200000,0.027902,0.026095,0.023520,0.076166,35.000000,0.000000,8383.000000,0.000000,35.000000,8383.000000,6.000000,5.833333,6.000000,0.000000
sess_20260820_web_062_flow_00000,real_sess_20260820_web_062,sess_20260820_web_062,Web,env_win11_wifi,LOW_BANDWIDTH,day_1,2026-08-20,batch_20260820_02,dev_win11_laptop,wifi,warp_enabled,web_news,real,v2,sess_20260820_web_062_flow_00000_win_1s,window_1s,0.000,1.000,0,35.000000,14158.000000,404.514286,130.181713,412.000000,587.700000,0.028038,0.030054,0.020325,0.088259,35.000000,0.000000,14158.000000,0.000000,35.000000,14158.000000,6.000000,5.833333,6.000000,0.000000
sess_20260820_web_062_flow_00001,real_sess_20260820_web_062,sess_20260820_web_062,Web,env_win11_wifi,LOW_BANDWIDTH,day_1,2026-08-20,batch_20260820_02,dev_win11_laptop,wifi,warp_enabled,web_news,real,v2,sess_20260820_web_062_flow_00001_win_1s,window_1s,0.000,1.000,0,42.000000,30202.000000,719.095238,228.326501,762.500000,997.400000,0.022735,0.018490,0.018381,0.057044,42.000000,0.000000,30202.000000,0.000000,42.000000,30202.000000,7.000000,6.000000,7.000000,0.000000
sess_20260820_web_063_flow_00000,real_sess_20260820_web_063,sess_20260820_web_063,Web,env_win11_eth,NORMAL,day_1,2026-08-20,batch_20260820_03,dev_win11_desktop,ethernet,warp_disabled,web_ecommerce,real,v2,sess_20260820_web_063_flow_00000_win_1s,window_1s,0.000,1.000,0,14.000000,4348.000000,310.571429,99.863274,320.000000,435.700000,0.067764,0.053867,0.051530,0.164318,14.000000,0.000000,4348.000000,0.000000,14.000000,4348.000000,8.000000,1.750000,8.000000,0.000000
sess_20260820_web_063_flow_00001,real_sess_20260820_web_063,sess_20260820_web_063,Web,env_win11_eth,NORMAL,day_1,2026-08-20,batch_20260820_03,dev_win11_desktop,ethernet,warp_disabled,web_ecommerce,real,v2,sess_20260820_web_063_flow_00001_win_1s,window_1s,0.000,1.000,0,9.000000,2185.000000,242.777778,103.312662,217.000000,364.200000,0.111340,0.077328,0.086850,0.238192,9.000000,0.000000,2185.000000,0.000000,9.000000,2185.000000,8.000000,1.125000,8.000000,0.000000
sess_20260820_web_064_flow_00000,real_sess_20260820_web_064,sess_20260820_web_064,Web,env_win11_eth,HIGH_LATENCY,day_1,2026-08-20,batch_20260820_04,dev_win11_desktop,ethernet,warp_enabled,web_github_docs,real,v2,sess_20260820_web_064_flow_00000_win_1s,window_1s,0.000,1.000,0,4.000000,803.000000,200.750000,119.009191,182.500000,352.850000,0.251596,0.194299,0.213744,0.476972,4.000000,0.000000,803.000000,0.000000,4.000000,803.000000,3.000000,1.333333,3.000000,0.000000
sess_20260821_web_065_flow_00000,real_sess_20260821_web_065,sess_20260821_web_065,Web,env_win11_wifi,NORMAL,day_2,2026-08-21,batch_20260821_01,dev_win11_laptop,wifi,warp_enabled,web_tech_blogs,real,v2,sess_20260821_web_065_flow_00000_win_1s,window_1s,0.000,1.000,0,11.000000,2949.000000,268.090909,96.183966,245.000000,423.000000,0.096072,0.084309,0.068199,0.240144,11.000000,0.000000,2949.000000,0.000000,11.000000,2949.000000,8.000000,1.375000,8.000000,0.000000
sess_20260821_web_065_flow_00001,real_sess_20260821_web_065,sess_20260821_web_065,Web,env_win11_wifi,NORMAL,day_2,2026-08-21,batch_20260821_01,dev_win11_laptop,wifi,warp_enabled,web_tech_blogs,real,v2,sess_20260821_web_065_flow_00001_win_1s,window_1s,0.000,1.000,0,19.000000,4872.000000,256.421053,89.919447,269.000000,376.200000,0.054574,0.065027,0.038091,0.140599,19.000000,0.000000,4872.000000,0.000000,19.000000,4872.000000,10.000000,1.900000,10.000000,0.000000
sess_20260821_web_066_flow_00000,real_sess_20260821_web_066,sess_20260821_web_066,Web,env_win11_wifi,HIGH_LATENCY,day_2,2026-08-21,batch_20260821_02,dev_win11_laptop,wifi,warp_enabled,web_wikipedia,real,v2,sess_20260821_web_066_flow_00000_win_1s,window_1s,0.000,1.000,0,6.000000,3849.000000,641.500000,99.894528,615.500000,778.250000,0.167108,0.124595,0.142914,0.334728,6.000000,0.000000,3849.000000,0.000000,6.000000,3849.000000,5.000000,1.200000,5.000000,0.000000
sess_20260821_web_066_flow_00001,real_sess_20260821_web_066,sess_20260821_web_066,Web,env_win11_wifi,HIGH_LATENCY,day_2,2026-08-21,batch_20260821_02,dev_win11_laptop,wifi,warp_enabled,web_wikipedia,real,v2,sess_20260821_web_066_flow_00001_win_1s,window_1s,0.000,1.000,0,8.000000,3075.000000,384.375000,228.929540,352.500000,748.100000,0.142321,0.177112,0.066316,0.435783,8.000000,0.000000,3075.000000,0.000000,8.000000,3075.000000,7.000000,1.142857,7.000000,0.000000
sess_20260821_web_067_flow_00000,real_sess_20260821_web_067,sess_20260821_web_067,Web,env_win11_cellular,NORMAL,day_2,2026-08-21,batch_20260821_03,dev_win11_laptop,cellular,warp_disabled,web_news,real,v2,sess_20260821_web_067_flow_00000_win_1s,window_1s,0.000,1.000,0,25.000000,8425.000000,337.000000,105.458617,337.000000,516.800000,0.038377,0.041813,0.018717,0.101714,25.000000,0.000000,8425.000000,0.000000,25.000000,8425.000000,10.000000,2.500000,10.000000,0.000000
sess_20260821_web_067_flow_00001,real_sess_20260821_web_067,sess_20260821_web_067,Web,env_win11_cellular,NORMAL,day_2,2026-08-21,batch_20260821_03,dev_win11_laptop,cellular,warp_disabled,web_news,real,v2,sess_20260821_web_067_flow_00001_win_1s,window_1s,0.000,1.000,0,31.000000,10190.000000,328.709677,118.494914,337.000000,503.000000,0.032845,0.032509,0.014557,0.090705,31.000000,0.000000,10190.000000,0.000000,31.000000,10190.000000,11.000000,2.818182,11.000000,0.000000
sess_20260821_web_068_flow_00000,real_sess_20260821_web_068,sess_20260821_web_068,Web,env_win11_cellular,LOW_BANDWIDTH,day_2,2026-08-21,batch_20260821_04,dev_win11_laptop,cellular,warp_enabled,web_ecommerce,real,v2,sess_20260821_web_068_flow_00000_win_1s,window_1s,0.000,1.000,0,15.000000,1783.000000,118.866667,38.265505,130.000000,167.700000,0.065185,0.061365,0.041708,0.210400,15.000000,0.000000,1783.000000,0.000000,15.000000,1783.000000,5.000000,3.000000,5.000000,0.000000
sess_20260821_web_068_flow_00001,real_sess_20260821_web_068,sess_20260821_web_068,Web,env_win11_cellular,LOW_BANDWIDTH,day_2,2026-08-21,batch_20260821_04,dev_win11_laptop,cellular,warp_enabled,web_ecommerce,real,v2,sess_20260821_web_068_flow_00001_win_1s,window_1s,0.000,1.000,0,15.000000,2982.000000,198.800000,71.916804,204.000000,298.000000,0.070645,0.052498,0.067518,0.171798,15.000000,0.000000,2982.000000,0.000000,15.000000,2982.000000,9.000000,1.666667,9.000000,0.000000
sess_20260822_web_069_flow_00000,real_sess_20260822_web_069,sess_20260822_web_069,Web,env_win11_eth,NORMAL,day_3,2026-08-22,batch_20260822_01,dev_win11_desktop,ethernet,warp_enabled,web_github_docs,real,v2,sess_20260822_web_069_flow_00000_win_1s,window_1s,0.000,1.000,0,37.000000,30589.000000,826.729730,304.237429,859.000000,1232.600000,0.027464,0.025937,0.019501,0.093196,37.000000,0.000000,30589.000000,0.000000,37.000000,30589.000000,5.000000,7.400000,5.000000,0.000000
sess_20260822_web_069_flow_00001,real_sess_20260822_web_069,sess_20260822_web_069,Web,env_win11_eth,NORMAL,day_3,2026-08-22,batch_20260822_01,dev_win11_desktop,ethernet,warp_enabled,web_github_docs,real,v2,sess_20260822_web_069_flow_00001_win_1s,window_1s,0.000,1.000,0,35.000000,30618.000000,874.800000,262.549021,916.000000,1252.800000,0.029336,0.031921,0.019435,0.087455,35.000000,0.000000,30618.000000,0.000000,35.000000,30618.000000,6.000000,5.833333,6.000000,0.000000
sess_20260822_web_070_flow_00000,real_sess_20260822_web_070,sess_20260822_web_070,Web,env_win11_eth,PACKET_LOSS,day_3,2026-08-22,batch_20260822_02,dev_win11_desktop,ethernet,warp_enabled,web_tech_blogs,real,v2,sess_20260822_web_070_flow_00000_win_1s,window_1s,0.000,1.000,0,30.000000,7839.000000,261.300000,87.328556,257.000000,432.550000,0.034175,0.027753,0.025578,0.085794,30.000000,0.000000,7839.000000,0.000000,30.000000,7839.000000,9.000000,3.333333,9.000000,0.000000
sess_20260822_web_070_flow_00001,real_sess_20260822_web_070,sess_20260822_web_070,Web,env_win11_eth,PACKET_LOSS,day_3,2026-08-22,batch_20260822_02,dev_win11_desktop,ethernet,warp_enabled,web_tech_blogs,real,v2,sess_20260822_web_070_flow_00001_win_1s,window_1s,0.000,1.000,0,32.000000,7993.000000,249.781250,73.826966,261.500000,341.900000,0.030638,0.027839,0.019973,0.083164,32.000000,0.000000,7993.000000,0.000000,32.000000,7993.000000,9.000000,3.555556,9.000000,0.000000
sess_20260822_web_071_flow_00000,real_sess_20260822_web_071,sess_20260822_web_071,Web,env_win11_cellular,HIGH_LATENCY,day_3,2026-08-22,batch_20260822_03,dev_win11_laptop,cellular,warp_enabled,web_wikipedia,real,v2,sess_20260822_web_071_flow_00000_win_1s,window_1s,0.000,1.000,0,6.000000,980.000000,163.333333,48.030083,156.500000,228.000000,0.198625,0.149389,0.114037,0.412540,6.000000,0.000000,980.000000,0.000000,6.000000,980.000000,5.000000,1.200000,5.000000,0.000000
sess_20260822_web_071_flow_00001,real_sess_20260822_web_071,sess_20260822_web_071,Web,env_win11_cellular,HIGH_LATENCY,day_3,2026-08-22,batch_20260822_03,dev_win11_laptop,cellular,warp_enabled,web_wikipedia,real,v2,sess_20260822_web_071_flow_00001_win_1s,window_1s,0.000,1.000,0,3.000000,762.000000,254.000000,46.925473,227.000000,310.700000,0.353644,0.210706,0.353644,0.543279,3.000000,0.000000,762.000000,0.000000,3.000000,762.000000,3.000000,1.000000,3.000000,0.000000
sess_20260822_web_072_flow_00000,real_sess_20260822_web_072,sess_20260822_web_072,Web,env_win11_cellular,NORMAL,day_3,2026-08-22,batch_20260822_04,dev_win11_laptop,cellular,warp_disabled,web_news,real,v2,sess_20260822_web_072_flow_00000_win_1s,window_1s,0.000,1.000,0,10.000000,2668.000000,266.800000,107.981295,282.000000,408.750000,0.109660,0.079699,0.084227,0.229974,10.000000,0.000000,2668.000000,0.000000,10.000000,2668.000000,7.000000,1.428571,7.000000,0.000000
sess_20260822_web_072_flow_00001,real_sess_20260822_web_072,sess_20260822_web_072,Web,env_win11_cellular,NORMAL,day_3,2026-08-22,batch_20260822_04,dev_win11_laptop,cellular,warp_disabled,web_news,real,v2,sess_20260822_web_072_flow_00001_win_1s,window_1s,0.000,1.000,0,12.000000,3705.000000,308.750000,94.368184,295.500000,449.400000,0.084965,0.070369,0.068401,0.206667,12.000000,0.000000,3705.000000,0.000000,12.000000,3705.000000,7.000000,1.714286,7.000000,0.000000
sess_20260823_web_073_flow_00000,real_sess_20260823_web_073,sess_20260823_web_073,Web,env_win11_wifi,LOW_BANDWIDTH,day_4,2026-08-23,batch_20260823_02,dev_win11_laptop,wifi,warp_enabled,web_ecommerce,real,v2,sess_20260823_web_073_flow_00000_win_1s,window_1s,0.000,1.000,0,8.000000,637.000000,79.625000,26.781232,76.500000,117.350000,0.124817,0.103775,0.105184,0.294655,8.000000,0.000000,637.000000,0.000000,8.000000,637.000000,6.000000,1.333333,6.000000,0.000000
sess_20260823_web_073_flow_00001,real_sess_20260823_web_073,sess_20260823_web_073,Web,env_win11_wifi,LOW_BANDWIDTH,day_4,2026-08-23,batch_20260823_02,dev_win11_laptop,wifi,warp_enabled,web_ecommerce,real,v2,sess_20260823_web_073_flow_00001_win_1s,window_1s,0.000,1.000,0,3.000000,237.000000,79.000000,16.872068,85.000000,94.900000,0.430916,0.363947,0.430916,0.758468,3.000000,0.000000,237.000000,0.000000,3.000000,237.000000,3.000000,1.000000,3.000000,0.000000
sess_20260823_web_074_flow_00000,real_sess_20260823_web_074,sess_20260823_web_074,Web,env_win11_eth,LOW_BANDWIDTH,day_4,2026-08-23,batch_20260823_03,dev_win11_desktop,ethernet,warp_enabled,web_github_docs,real,v2,sess_20260823_web_074_flow_00000_win_1s,window_1s,0.000,1.000,0,6.000000,555.000000,92.500000,37.196550,82.000000,151.250000,0.156053,0.101308,0.214417,0.258461,6.000000,0.000000,555.000000,0.000000,6.000000,555.000000,5.000000,1.200000,5.000000,0.000000
sess_20260823_web_074_flow_00001,real_sess_20260823_web_074,sess_20260823_web_074,Web,env_win11_eth,LOW_BANDWIDTH,day_4,2026-08-23,batch_20260823_03,dev_win11_desktop,ethernet,warp_enabled,web_github_docs,real,v2,sess_20260823_web_074_flow_00001_win_1s,window_1s,0.000,1.000,0,4.000000,395.000000,98.750000,20.191273,102.000000,119.950000,0.101892,0.046838,0.110115,0.150243,4.000000,0.000000,395.000000,0.000000,4.000000,395.000000,3.000000,1.333333,3.000000,0.000000
sess_20260823_web_075_flow_00000,real_sess_20260823_web_075,sess_20260823_web_075,Web,env_win11_cellular,NORMAL,day_4,2026-08-23,batch_20260823_04,dev_win11_laptop,cellular,warp_enabled,web_tech_blogs,real,v2,sess_20260823_web_075_flow_00000_win_1s,window_1s,0.000,1.000,0,8.000000,2192.000000,274.000000,68.430622,289.500000,354.000000,0.140925,0.127772,0.114181,0.342060,8.000000,0.000000,2192.000000,0.000000,8.000000,2192.000000,5.000000,1.600000,5.000000,0.000000
sess_20260823_web_075_flow_00001,real_sess_20260823_web_075,sess_20260823_web_075,Web,env_win11_cellular,NORMAL,day_4,2026-08-23,batch_20260823_04,dev_win11_laptop,cellular,warp_enabled,web_tech_blogs,real,v2,sess_20260823_web_075_flow_00001_win_1s,window_1s,0.000,1.000,0,9.000000,1896.000000,210.666667,79.048508,212.000000,330.200000,0.120085,0.063472,0.151503,0.186957,9.000000,0.000000,1896.000000,0.000000,9.000000,1896.000000,7.000000,1.285714,7.000000,0.000000
sess_20260820_video_076_flow_00000,real_sess_20260820_video_076,sess_20260820_video_076,Video,env_win11_wifi,NORMAL,day_1,2026-08-20,batch_20260820_01,dev_win11_laptop,wifi,warp_enabled,vid_youtube_1080p,real,v2,sess_20260820_video_076_flow_00000_win_1s,window_1s,0.000,1.000,0,251.000000,288166.000000,1148.071713,311.163916,1256.000000,1420.000000,0.003990,0.003835,0.002681,0.011912,251.000000,0.000000,288166.000000,0.000000,251.000000,288166.000000,1.000000,251.000000,1.000000,0.000000
sess_20260820_video_076_flow_00001,real_sess_20260820_video_076,sess_20260820_video_076,Video,env_win11_wifi,NORMAL,day_1,2026-08-20,batch_20260820_01,dev_win11_laptop,wifi,warp_enabled,vid_youtube_1080p,real,v2,sess_20260820_video_076_flow_00001_win_1s,window_1s,0.000,1.000,0,270.000000,313975.000000,1162.870370,292.893714,1265.500000,1420.000000,0.003717,0.004000,0.002598,0.011463,270.000000,0.000000,313975.000000,0.000000,270.000000,313975.000000,1.000000,270.000000,1.000000,0.000000
sess_20260820_video_077_flow_00000,real_sess_20260820_video_077,sess_20260820_video_077,Video,env_win11_wifi,LOW_BANDWIDTH,day_1,2026-08-20,batch_20260820_02,dev_win11_laptop,wifi,warp_enabled,vid_vimeo_720p,real,v2,sess_20260820_video_077_flow_00000_win_1s,window_1s,0.000,1.000,0,23.000000,2944.000000,128.000000,42.147773,132.000000,191.300000,0.042926,0.037098,0.033401,0.121825,23.000000,0.000000,2944.000000,0.000000,23.000000,2944.000000,9.000000,2.555556,9.000000,0.000000
sess_20260820_video_077_flow_00001,real_sess_20260820_video_077,sess_20260820_video_077,Video,env_win11_wifi,LOW_BANDWIDTH,day_1,2026-08-20,batch_20260820_02,dev_win11_laptop,wifi,warp_enabled,vid_vimeo_720p,real,v2,sess_20260820_video_077_flow_00001_win_1s,window_1s,0.000,1.000,0,23.000000,2208.000000,96.000000,32.880548,96.000000,143.600000,0.045428,0.039929,0.031065,0.123877,23.000000,0.000000,2208.000000,0.000000,23.000000,2208.000000,10.000000,2.300000,10.000000,0.000000
sess_20260820_video_078_flow_00000,real_sess_20260820_video_078,sess_20260820_video_078,Video,env_win11_eth,NORMAL,day_1,2026-08-20,batch_20260820_03,dev_win11_desktop,ethernet,warp_disabled,vid_twitch_live,real,v2,sess_20260820_video_078_flow_00000_win_1s,window_1s,0.000,1.000,0,74.000000,78027.000000,1054.418919,322.058414,1098.500000,1420.000000,0.013520,0.013479,0.008450,0.039661,74.000000,0.000000,78027.000000,0.000000,74.000000,78027.000000,4.000000,18.500000,4.000000,0.000000
sess_20260820_video_078_flow_00001,real_sess_20260820_video_078,sess_20260820_video_078,Video,env_win11_eth,NORMAL,day_1,2026-08-20,batch_20260820_03,dev_win11_desktop,ethernet,warp_disabled,vid_twitch_live,real,v2,sess_20260820_video_078_flow_00001_win_1s,window_1s,0.000,1.000,0,70.000000,75688.000000,1081.257143,304.768328,1116.000000,1420.000000,0.014443,0.014185,0.010716,0.035484,70.000000,0.000000,75688.000000,0.000000,70.000000,75688.000000,2.000000,35.000000,2.000000,0.000000
sess_20260820_video_079_flow_00000,real_sess_20260820_video_079,sess_20260820_video_079,Video,env_win11_eth,HIGH_LATENCY,day_1,2026-08-20,batch_20260820_04,dev_win11_desktop,ethernet,warp_enabled,vid_dailymotion_sd,real,v2,sess_20260820_video_079_flow_00000_win_1s,window_1s,0.000,1.000,0,9.000000,1984.000000,220.444444,46.811943,233.000000,273.600000,0.116538,0.097046,0.087382,0.273761,9.000000,0.000000,1984.000000,0.000000,9.000000,1984.000000,6.000000,1.500000,6.000000,0.000000
sess_20260820_video_079_flow_00001,real_sess_20260820_video_079,sess_20260820_video_079,Video,env_win11_eth,HIGH_LATENCY,day_1,2026-08-20,batch_20260820_04,dev_win11_desktop,ethernet,warp_enabled,vid_dailymotion_sd,real,v2,sess_20260820_video_079_flow_00001_win_1s,window_1s,0.000,1.000,0,10.000000,2451.000000,245.100000,60.946616,238.000000,325.200000,0.099493,0.081151,0.079001,0.236815,10.000000,0.000000,2451.000000,0.000000,10.000000,2451.000000,8.000000,1.250000,8.000000,0.000000
sess_20260821_video_080_flow_00000,real_sess_20260821_video_080,sess_20260821_video_080,Video,env_win11_wifi,NORMAL,day_2,2026-08-21,batch_20260821_01,dev_win11_laptop,wifi,warp_enabled,vid_netflix_4k,real,v2,sess_20260821_video_080_flow_00000_win_1s,window_1s,0.000,1.000,0,132.000000,102516.000000,776.636364,259.340927,787.000000,1221.450000,0.007569,0.006936,0.005815,0.021071,132.000000,0.000000,102516.000000,0.000000,132.000000,102516.000000,1.000000,132.000000,1.000000,0.000000
sess_20260821_video_080_flow_00001,real_sess_20260821_video_080,sess_20260821_video_080,Video,env_win11_wifi,NORMAL,day_2,2026-08-21,batch_20260821_01,dev_win11_laptop,wifi,warp_enabled,vid_netflix_4k,real,v2,sess_20260821_video_080_flow_00001_win_1s,window_1s,0.000,1.000,0,139.000000,106433.000000,765.705036,238.428049,747.000000,1170.300000,0.007202,0.007106,0.004991,0.019157,139.000000,0.000000,106433.000000,0.000000,139.000000,106433.000000,1.000000,139.000000,1.000000,0.000000
sess_20260821_video_081_flow_00000,real_sess_20260821_video_081,sess_20260821_video_081,Video,env_win11_wifi,HIGH_LATENCY,day_2,2026-08-21,batch_20260821_02,dev_win11_laptop,wifi,warp_enabled,vid_youtube_1080p,real,v2,sess_20260821_video_081_flow_00000_win_1s,window_1s,0.000,1.000,0,48.000000,46802.000000,975.041667,302.220874,1031.500000,1420.000000,0.020450,0.016383,0.017791,0.051350,48.000000,0.000000,46802.000000,0.000000,48.000000,46802.000000,5.000000,9.600000,5.000000,0.000000
sess_20260821_video_081_flow_00001,real_sess_20260821_video_081,sess_20260821_video_081,Video,env_win11_wifi,HIGH_LATENCY,day_2,2026-08-21,batch_20260821_02,dev_win11_laptop,wifi,warp_enabled,vid_youtube_1080p,real,v2,sess_20260821_video_081_flow_00001_win_1s,window_1s,0.000,1.000,0,46.000000,45606.000000,991.434783,318.089518,1003.500000,1420.000000,0.021641,0.018264,0.017403,0.055571,46.000000,0.000000,45606.000000,0.000000,46.000000,45606.000000,5.000000,9.200000,5.000000,0.000000
sess_20260821_video_082_flow_00000,real_sess_20260821_video_082,sess_20260821_video_082,Video,env_win11_cellular,NORMAL,day_2,2026-08-21,batch_20260821_03,dev_win11_laptop,cellular,warp_disabled,vid_vimeo_720p,real,v2,sess_20260821_video_082_flow_00000_win_1s,window_1s,0.000,1.000,0,15.000000,12833.000000,855.533333,268.301787,868.000000,1156.800000,0.070937,0.069370,0.030649,0.191319,15.000000,0.000000,12833.000000,0.000000,15.000000,12833.000000,7.000000,2.142857,7.000000,0.000000
sess_20260821_video_082_flow_00001,real_sess_20260821_video_082,sess_20260821_video_082,Video,env_win11_cellular,NORMAL,day_2,2026-08-21,batch_20260821_03,dev_win11_laptop,cellular,warp_disabled,vid_vimeo_720p,real,v2,sess_20260821_video_082_flow_00001_win_1s,window_1s,0.000,1.000,0,13.000000,10502.000000,807.846154,150.122948,838.000000,966.600000,0.081116,0.078418,0.051844,0.204484,13.000000,0.000000,10502.000000,0.000000,13.000000,10502.000000,7.000000,1.857143,7.000000,0.000000
sess_20260821_video_083_flow_00000,real_sess_20260821_video_083,sess_20260821_video_083,Video,env_win11_cellular,LOW_BANDWIDTH,day_2,2026-08-21,batch_20260821_04,dev_win11_laptop,cellular,warp_enabled,vid_twitch_live,real,v2,sess_20260821_video_083_flow_00000_win_1s,window_1s,0.000,1.000,0,5.000000,286.000000,57.200000,21.866870,42.000000,89.800000,0.228929,0.140878,0.235094,0.385544,5.000000,0.000000,286.000000,0.000000,5.000000,286.000000,5.000000,1.000000,5.000000,0.000000
sess_20260821_video_083_flow_00001,real_sess_20260821_video_083,sess_20260821_video_083,Video,env_win11_cellular,LOW_BANDWIDTH,day_2,2026-08-21,batch_20260821_04,dev_win11_laptop,cellular,warp_enabled,vid_twitch_live,real,v2,sess_20260821_video_083_flow_00001_win_1s,window_1s,0.000,1.000,0,5.000000,743.000000,148.600000,22.966062,146.000000,174.200000,0.234985,0.149050,0.201232,0.434876,5.000000,0.000000,743.000000,0.000000,5.000000,743.000000,5.000000,1.000000,5.000000,0.000000
sess_20260822_video_084_flow_00000,real_sess_20260822_video_084,sess_20260822_video_084,Video,env_win11_eth,NORMAL,day_3,2026-08-22,batch_20260822_01,dev_win11_desktop,ethernet,warp_enabled,vid_dailymotion_sd,real,v2,sess_20260822_video_084_flow_00000_win_1s,window_1s,0.000,1.000,0,187.000000,212102.000000,1134.235294,308.642427,1207.000000,1420.000000,0.005374,0.004715,0.003975,0.014819,187.000000,0.000000,212102.000000,0.000000,187.000000,212102.000000,1.000000,187.000000,1.000000,0.000000
sess_20260822_video_084_flow_00001,real_sess_20260822_video_084,sess_20260822_video_084,Video,env_win11_eth,NORMAL,day_3,2026-08-22,batch_20260822_01,dev_win11_desktop,ethernet,warp_enabled,vid_dailymotion_sd,real,v2,sess_20260822_video_084_flow_00001_win_1s,window_1s,0.000,1.000,0,206.000000,224465.000000,1089.635922,344.278644,1182.000000,1420.000000,0.004871,0.004844,0.003536,0.012998,206.000000,0.000000,224465.000000,0.000000,206.000000,224465.000000,1.000000,206.000000,1.000000,0.000000
sess_20260822_video_085_flow_00000,real_sess_20260822_video_085,sess_20260822_video_085,Video,env_win11_eth,PACKET_LOSS,day_3,2026-08-22,batch_20260822_02,dev_win11_desktop,ethernet,warp_enabled,vid_netflix_4k,real,v2,sess_20260822_video_085_flow_00000_win_1s,window_1s,0.000,1.000,0,38.000000,9714.000000,255.631579,73.567163,251.000000,397.750000,0.026348,0.023095,0.018464,0.068176,38.000000,0.000000,9714.000000,0.000000,38.000000,9714.000000,10.000000,3.800000,10.000000,0.000000
sess_20260822_video_085_flow_00001,real_sess_20260822_video_085,sess_20260822_video_085,Video,env_win11_eth,PACKET_LOSS,day_3,2026-08-22,batch_20260822_02,dev_win11_desktop,ethernet,warp_enabled,vid_netflix_4k,real,v2,sess_20260822_video_085_flow_00001_win_1s,window_1s,0.000,1.000,0,43.000000,11753.000000,273.325581,91.082309,272.000000,411.300000,0.022623,0.023899,0.015298,0.060294,43.000000,0.000000,11753.000000,0.000000,43.000000,11753.000000,6.000000,7.166667,6.000000,0.000000
sess_20260822_video_086_flow_00000,real_sess_20260822_video_086,sess_20260822_video_086,Video,env_win11_cellular,HIGH_LATENCY,day_3,2026-08-22,batch_20260822_03,dev_win11_laptop,cellular,warp_enabled,vid_youtube_1080p,real,v2,sess_20260822_video_086_flow_00000_win_1s,window_1s,0.000,1.000,0,75.000000,84604.000000,1128.053333,341.518604,1252.000000,1420.000000,0.013370,0.011785,0.010066,0.038122,75.000000,0.000000,84604.000000,0.000000,75.000000,84604.000000,1.000000,75.000000,1.000000,0.000000
sess_20260822_video_086_flow_00001,real_sess_20260822_video_086,sess_20260822_video_086,Video,env_win11_cellular,HIGH_LATENCY,day_3,2026-08-22,batch_20260822_03,dev_win11_laptop,cellular,warp_enabled,vid_youtube_1080p,real,v2,sess_20260822_video_086_flow_00001_win_1s,window_1s,0.000,1.000,0,74.000000,81477.000000,1101.040541,352.360436,1173.000000,1420.000000,0.013640,0.015829,0.007493,0.040570,74.000000,0.000000,81477.000000,0.000000,74.000000,81477.000000,3.000000,24.666667,3.000000,0.000000
sess_20260822_video_087_flow_00000,real_sess_20260822_video_087,sess_20260822_video_087,Video,env_win11_cellular,NORMAL,day_3,2026-08-22,batch_20260822_04,dev_win11_laptop,cellular,warp_disabled,vid_vimeo_720p,real,v2,sess_20260822_video_087_flow_00000_win_1s,window_1s,0.000,1.000,0,31.000000,6611.000000,213.258065,80.228692,221.000000,340.500000,0.030359,0.026464,0.021799,0.077791,31.000000,0.000000,6611.000000,0.000000,31.000000,6611.000000,6.000000,5.166667,6.000000,0.000000
sess_20260822_video_087_flow_00001,real_sess_20260822_video_087,sess_20260822_video_087,Video,env_win11_cellular,NORMAL,day_3,2026-08-22,batch_20260822_04,dev_win11_laptop,cellular,warp_disabled,vid_vimeo_720p,real,v2,sess_20260822_video_087_flow_00001_win_1s,window_1s,0.000,1.000,0,42.000000,9332.000000,222.190476,77.564179,230.500000,331.850000,0.022059,0.022108,0.015488,0.062772,42.000000,0.000000,9332.000000,0.000000,42.000000,9332.000000,6.000000,7.000000,6.000000,0.000000
sess_20260823_video_088_flow_00000,real_sess_20260823_video_088,sess_20260823_video_088,Video,env_win11_wifi,LOW_BANDWIDTH,day_4,2026-08-23,batch_20260823_02,dev_win11_laptop,wifi,warp_enabled,vid_twitch_live,real,v2,sess_20260823_video_088_flow_00000_win_1s,window_1s,0.000,1.000,0,126.000000,67839.000000,538.404762,194.353269,531.500000,876.000000,0.007984,0.008198,0.005622,0.023605,126.000000,0.000000,67839.000000,0.000000,126.000000,67839.000000,2.000000,63.000000,2.000000,0.000000
sess_20260823_video_088_flow_00001,real_sess_20260823_video_088,sess_20260823_video_088,Video,env_win11_wifi,LOW_BANDWIDTH,day_4,2026-08-23,batch_20260823_02,dev_win11_laptop,wifi,warp_enabled,vid_twitch_live,real,v2,sess_20260823_video_088_flow_00001_win_1s,window_1s,0.000,1.000,0,111.000000,89691.000000,808.027027,277.379905,827.000000,1281.000000,0.008967,0.008945,0.005819,0.027764,111.000000,0.000000,89691.000000,0.000000,111.000000,89691.000000,1.000000,111.000000,1.000000,0.000000
sess_20260823_video_089_flow_00000,real_sess_20260823_video_089,sess_20260823_video_089,Video,env_win11_eth,LOW_BANDWIDTH,day_4,2026-08-23,batch_20260823_03,dev_win11_desktop,ethernet,warp_enabled,vid_dailymotion_sd,real,v2,sess_20260823_video_089_flow_00000_win_1s,window_1s,0.000,1.000,0,13.000000,1278.000000,98.307692,30.818038,94.000000,147.800000,0.081011,0.071830,0.067910,0.190059,13.000000,0.000000,1278.000000,0.000000,13.000000,1278.000000,9.000000,1.444444,9.000000,0.000000
sess_20260823_video_089_flow_00001,real_sess_20260823_video_089,sess_20260823_video_089,Video,env_win11_eth,LOW_BANDWIDTH,day_4,2026-08-23,batch_20260823_03,dev_win11_desktop,ethernet,warp_enabled,vid_dailymotion_sd,real,v2,sess_20260823_video_089_flow_00001_win_1s,window_1s,0.000,1.000,0,22.000000,2163.000000,98.318182,34.297345,95.500000,154.250000,0.041348,0.065885,0.019597,0.079937,22.000000,0.000000,2163.000000,0.000000,22.000000,2163.000000,5.000000,4.400000,5.000000,0.000000
sess_20260823_video_090_flow_00000,real_sess_20260823_video_090,sess_20260823_video_090,Video,env_win11_cellular,NORMAL,day_4,2026-08-23,batch_20260823_04,dev_win11_laptop,cellular,warp_enabled,vid_netflix_4k,real,v2,sess_20260823_video_090_flow_00000_win_1s,window_1s,0.000,1.000,0,14.000000,2948.000000,210.571429,89.266627,202.500000,335.500000,0.075132,0.052072,0.072760,0.171632,14.000000,0.000000,2948.000000,0.000000,14.000000,2948.000000,10.000000,1.400000,10.000000,0.000000
sess_20260823_video_090_flow_00001,real_sess_20260823_video_090,sess_20260823_video_090,Video,env_win11_cellular,NORMAL,day_4,2026-08-23,batch_20260823_04,dev_win11_laptop,cellular,warp_enabled,vid_netflix_4k,real,v2,sess_20260823_video_090_flow_00001_win_1s,window_1s,0.000,1.000,0,19.000000,3914.000000,206.000000,69.387546,186.000000,350.700000,0.055481,0.050624,0.050834,0.120556,19.000000,0.000000,3914.000000,0.000000,19.000000,3914.000000,10.000000,1.900000,10.000000,0.000000
sess_20260820_messaging_091_flow_00000,real_sess_20260820_messaging_091,sess_20260820_messaging_091,Messaging,env_win11_wifi,NORMAL,day_1,2026-08-20,batch_20260820_01,dev_win11_laptop,wifi,warp_enabled,msg_slack_chat,real,v2,sess_20260820_messaging_091_flow_00000_win_1s,window_1s,0.000,1.000,0,97.000000,104987.000000,1082.340206,339.870499,1155.000000,1420.000000,0.010244,0.012318,0.006655,0.033291,97.000000,0.000000,104987.000000,0.000000,97.000000,104987.000000,3.000000,32.333333,3.000000,0.000000
sess_20260820_messaging_091_flow_00001,real_sess_20260820_messaging_091,sess_20260820_messaging_091,Messaging,env_win11_wifi,NORMAL,day_1,2026-08-20,batch_20260820_01,dev_win11_laptop,wifi,warp_enabled,msg_slack_chat,real,v2,sess_20260820_messaging_091_flow_00001_win_1s,window_1s,0.000,1.000,0,94.000000,101919.000000,1084.244681,360.704296,1217.000000,1420.000000,0.010489,0.010917,0.007221,0.032225,94.000000,0.000000,101919.000000,0.000000,94.000000,101919.000000,2.000000,47.000000,2.000000,0.000000
sess_20260820_messaging_092_flow_00000,real_sess_20260820_messaging_092,sess_20260820_messaging_092,Messaging,env_win11_wifi,LOW_BANDWIDTH,day_1,2026-08-20,batch_20260820_02,dev_win11_laptop,wifi,warp_enabled,msg_discord_text,real,v2,sess_20260820_messaging_092_flow_00000_win_1s,window_1s,0.000,1.000,0,13.000000,1698.000000,130.615385,42.055894,143.000000,199.800000,0.082415,0.082413,0.043217,0.224071,13.000000,0.000000,1698.000000,0.000000,13.000000,1698.000000,6.000000,2.166667,6.000000,0.000000
sess_20260820_messaging_092_flow_00001,real_sess_20260820_messaging_092,sess_20260820_messaging_092,Messaging,env_win11_wifi,LOW_BANDWIDTH,day_1,2026-08-20,batch_20260820_02,dev_win11_laptop,wifi,warp_enabled,msg_discord_text,real,v2,sess_20260820_messaging_092_flow_00001_win_1s,window_1s,0.000,1.000,0,13.000000,1127.000000,86.692308,28.981120,83.000000,127.200000,0.067316,0.073856,0.040336,0.186755,13.000000,0.000000,1127.000000,0.000000,13.000000,1127.000000,6.000000,2.166667,6.000000,0.000000
sess_20260820_messaging_093_flow_00000,real_sess_20260820_messaging_093,sess_20260820_messaging_093,Messaging,env_win11_eth,NORMAL,day_1,2026-08-20,batch_20260820_03,dev_win11_desktop,ethernet,warp_disabled,msg_telegram_sync,real,v2,sess_20260820_messaging_093_flow_00000_win_1s,window_1s,0.000,1.000,0,104.000000,21849.000000,210.086538,73.985460,206.000000,349.350000,0.009532,0.009991,0.006715,0.031047,104.000000,0.000000,21849.000000,0.000000,104.000000,21849.000000,2.000000,52.000000,2.000000,0.000000
sess_20260820_messaging_093_flow_00001,real_sess_20260820_messaging_093,sess_20260820_messaging_093,Messaging,env_win11_eth,NORMAL,day_1,2026-08-20,batch_20260820_03,dev_win11_desktop,ethernet,warp_disabled,msg_telegram_sync,real,v2,sess_20260820_messaging_093_flow_00001_win_1s,window_1s,0.000,1.000,0,138.000000,31675.000000,229.528986,73.898990,232.000000,347.400000,0.007288,0.006611,0.005583,0.021080,138.000000,0.000000,31675.000000,0.000000,138.000000,31675.000000,1.000000,138.000000,1.000000,0.000000
sess_20260820_messaging_094_flow_00000,real_sess_20260820_messaging_094,sess_20260820_messaging_094,Messaging,env_win11_eth,HIGH_LATENCY,day_1,2026-08-20,batch_20260820_04,dev_win11_desktop,ethernet,warp_enabled,msg_whatsapp_web,real,v2,sess_20260820_messaging_094_flow_00000_win_1s,window_1s,0.000,1.000,0,259.000000,310477.000000,1198.752896,319.303744,1396.000000,1420.000000,0.003847,0.003477,0.002897,0.011119,259.000000,0.000000,310477.000000,0.000000,259.000000,310477.000000,1.000000,259.000000,1.000000,0.000000
sess_20260820_messaging_094_flow_00001,real_sess_20260820_messaging_094,sess_20260820_messaging_094,Messaging,env_win11_eth,HIGH_LATENCY,day_1,2026-08-20,batch_20260820_04,dev_win11_desktop,ethernet,warp_enabled,msg_whatsapp_web,real,v2,sess_20260820_messaging_094_flow_00001_win_1s,window_1s,0.000,1.000,0,222.000000,257500.000000,1159.909910,325.098794,1297.000000,1420.000000,0.004521,0.004563,0.002969,0.012986,222.000000,0.000000,257500.000000,0.000000,222.000000,257500.000000,1.000000,222.000000,1.000000,0.000000
sess_20260821_messaging_095_flow_00000,real_sess_20260821_messaging_095,sess_20260821_messaging_095,Messaging,env_win11_wifi,NORMAL,day_2,2026-08-21,batch_20260821_01,dev_win11_laptop,wifi,warp_enabled,msg_signal_chat,real,v2,sess_20260821_messaging_095_flow_00000_win_1s,window_1s,0.000,1.000,0,32.000000,6888.000000,215.250000,83.397017,214.000000,336.150000,0.031534,0.036625,0.014137,0.112726,32.000000,0.000000,6888.000000,0.000000,32.000000,6888.000000,8.000000,4.000000,8.000000,0.000000
sess_20260821_messaging_095_flow_00001,real_sess_20260821_messaging_095,sess_20260821_messaging_095,Messaging,env_win11_wifi,NORMAL,day_2,2026-08-21,batch_20260821_01,dev_win11_laptop,wifi,warp_enabled,msg_signal_chat,real,v2,sess_20260821_messaging_095_flow_00001_win_1s,window_1s,0.000,1.000,0,27.000000,5388.000000,199.555556,59.355385,188.000000,296.700000,0.033459,0.033047,0.023947,0.105340,27.000000,0.000000,5388.000000,0.000000,27.000000,5388.000000,7.000000,3.857143,7.000000,0.000000
sess_20260821_messaging_096_flow_00000,real_sess_20260821_messaging_096,sess_20260821_messaging_096,Messaging,env_win11_wifi,HIGH_LATENCY,day_2,2026-08-21,batch_20260821_02,dev_win11_laptop,wifi,warp_enabled,msg_slack_chat,real,v2,sess_20260821_messaging_096_flow_00000_win_1s,window_1s,0.000,1.000,0,57.000000,64989.000000,1140.157895,317.434828,1254.000000,1420.000000,0.017148,0.018880,0.010793,0.049495,57.000000,0.000000,64989.000000,0.000000,57.000000,64989.000000,4.000000,14.250000,4.000000,0.000000
sess_20260821_messaging_096_flow_00001,real_sess_20260821_messaging_096,sess_20260821_messaging_096,Messaging,env_win11_wifi,HIGH_LATENCY,day_2,2026-08-21,batch_20260821_02,dev_win11_laptop,wifi,warp_enabled,msg_slack_chat,real,v2,sess_20260821_messaging_096_flow_00001_win_1s,window_1s,0.000,1.000,0,62.000000,70903.000000,1143.596774,296.960650,1281.500000,1420.000000,0.015804,0.012547,0.010947,0.036191,62.000000,0.000000,70903.000000,0.000000,62.000000,70903.000000,2.000000,31.000000,2.000000,0.000000
sess_20260821_messaging_097_flow_00000,real_sess_20260821_messaging_097,sess_20260821_messaging_097,Messaging,env_win11_cellular,NORMAL,day_2,2026-08-21,batch_20260821_03,dev_win11_laptop,cellular,warp_disabled,msg_discord_text,real,v2,sess_20260821_messaging_097_flow_00000_win_1s,window_1s,0.000,1.000,0,37.000000,7991.000000,215.972973,70.682192,212.000000,336.600000,0.027730,0.027346,0.020796,0.093614,37.000000,0.000000,7991.000000,0.000000,37.000000,7991.000000,5.000000,7.400000,5.000000,0.000000
sess_20260821_messaging_097_flow_00001,real_sess_20260821_messaging_097,sess_20260821_messaging_097,Messaging,env_win11_cellular,NORMAL,day_2,2026-08-21,batch_20260821_03,dev_win11_laptop,cellular,warp_disabled,msg_discord_text,real,v2,sess_20260821_messaging_097_flow_00001_win_1s,window_1s,0.000,1.000,0,24.000000,4804.000000,200.166667,81.386765,209.500000,333.150000,0.039528,0.038338,0.028428,0.135289,24.000000,0.000000,4804.000000,0.000000,24.000000,4804.000000,8.000000,3.000000,8.000000,0.000000
sess_20260821_messaging_098_flow_00000,real_sess_20260821_messaging_098,sess_20260821_messaging_098,Messaging,env_win11_cellular,LOW_BANDWIDTH,day_2,2026-08-21,batch_20260821_04,dev_win11_laptop,cellular,warp_enabled,msg_telegram_sync,real,v2,sess_20260821_messaging_098_flow_00000_win_1s,window_1s,0.000,1.000,0,128.000000,89686.000000,700.671875,250.740999,680.500000,1084.300000,0.007816,0.007369,0.005752,0.022280,128.000000,0.000000,89686.000000,0.000000,128.000000,89686.000000,1.000000,128.000000,1.000000,0.000000
sess_20260821_messaging_098_flow_00001,real_sess_20260821_messaging_098,sess_20260821_messaging_098,Messaging,env_win11_cellular,LOW_BANDWIDTH,day_2,2026-08-21,batch_20260821_04,dev_win11_laptop,cellular,warp_enabled,msg_telegram_sync,real,v2,sess_20260821_messaging_098_flow_00001_win_1s,window_1s,0.000,1.000,0,121.000000,57167.000000,472.454545,186.694429,483.000000,771.000000,0.008303,0.008704,0.005298,0.029275,121.000000,0.000000,57167.000000,0.000000,121.000000,57167.000000,1.000000,121.000000,1.000000,0.000000
sess_20260822_messaging_099_flow_00000,real_sess_20260822_messaging_099,sess_20260822_messaging_099,Messaging,env_win11_eth,NORMAL,day_3,2026-08-22,batch_20260822_01,dev_win11_desktop,ethernet,warp_enabled,msg_whatsapp_web,real,v2,sess_20260822_messaging_099_flow_00000_win_1s,window_1s,0.000,1.000,0,120.000000,130628.000000,1088.566667,298.566233,1096.500000,1420.000000,0.008299,0.008169,0.005629,0.024450,120.000000,0.000000,130628.000000,0.000000,120.000000,130628.000000,1.000000,120.000000,1.000000,0.000000
sess_20260822_messaging_099_flow_00001,real_sess_20260822_messaging_099,sess_20260822_messaging_099,Messaging,env_win11_eth,NORMAL,day_3,2026-08-22,batch_20260822_01,dev_win11_desktop,ethernet,warp_enabled,msg_whatsapp_web,real,v2,sess_20260822_messaging_099_flow_00001_win_1s,window_1s,0.000,1.000,0,118.000000,128865.000000,1092.076271,308.311480,1117.000000,1420.000000,0.008415,0.008733,0.005242,0.028401,118.000000,0.000000,128865.000000,0.000000,118.000000,128865.000000,1.000000,118.000000,1.000000,0.000000
sess_20260822_messaging_100_flow_00000,real_sess_20260822_messaging_100,sess_20260822_messaging_100,Messaging,env_win11_eth,PACKET_LOSS,day_3,2026-08-22,batch_20260822_02,dev_win11_desktop,ethernet,warp_enabled,msg_signal_chat,real,v2,sess_20260822_messaging_100_flow_00000_win_1s,window_1s,0.000,1.000,0,45.000000,9403.000000,208.955556,75.089859,207.000000,345.000000,0.021506,0.022628,0.011090,0.067637,45.000000,0.000000,9403.000000,0.000000,45.000000,9403.000000,7.000000,6.428571,7.000000,0.000000
sess_20260822_messaging_100_flow_00001,real_sess_20260822_messaging_100,sess_20260822_messaging_100,Messaging,env_win11_eth,PACKET_LOSS,day_3,2026-08-22,batch_20260822_02,dev_win11_desktop,ethernet,warp_enabled,msg_signal_chat,real,v2,sess_20260822_messaging_100_flow_00001_win_1s,window_1s,0.000,1.000,0,40.000000,9159.000000,228.975000,92.141600,221.000000,387.100000,0.025457,0.023048,0.020108,0.071560,40.000000,0.000000,9159.000000,0.000000,40.000000,9159.000000,8.000000,5.000000,8.000000,0.000000
sess_20260822_messaging_101_flow_00000,real_sess_20260822_messaging_101,sess_20260822_messaging_101,Messaging,env_win11_cellular,HIGH_LATENCY,day_3,2026-08-22,batch_20260822_03,dev_win11_laptop,cellular,warp_enabled,msg_slack_chat,real,v2,sess_20260822_messaging_101_flow_00000_win_1s,window_1s,0.000,1.000,0,70.000000,81228.000000,1160.400000,316.059325,1270.500000,1420.000000,0.014461,0.012469,0.012176,0.030939,70.000000,0.000000,81228.000000,0.000000,70.000000,81228.000000,3.000000,23.333333,3.000000,0.000000
sess_20260822_messaging_101_flow_00001,real_sess_20260822_messaging_101,sess_20260822_messaging_101,Messaging,env_win11_cellular,HIGH_LATENCY,day_3,2026-08-22,batch_20260822_03,dev_win11_laptop,cellular,warp_enabled,msg_slack_chat,real,v2,sess_20260822_messaging_101_flow_00001_win_1s,window_1s,0.000,1.000,0,58.000000,66611.000000,1148.465517,328.948860,1263.500000,1420.000000,0.017458,0.015833,0.010793,0.050737,58.000000,0.000000,66611.000000,0.000000,58.000000,66611.000000,5.000000,11.600000,5.000000,0.000000
sess_20260822_messaging_102_flow_00000,real_sess_20260822_messaging_102,sess_20260822_messaging_102,Messaging,env_win11_cellular,NORMAL,day_3,2026-08-22,batch_20260822_04,dev_win11_laptop,cellular,warp_disabled,msg_discord_text,real,v2,sess_20260822_messaging_102_flow_00000_win_1s,window_1s,0.000,1.000,0,30.000000,5809.000000,193.633333,77.573829,189.500000,321.300000,0.031098,0.029427,0.020324,0.080839,30.000000,0.000000,5809.000000,0.000000,30.000000,5809.000000,5.000000,6.000000,5.000000,0.000000
sess_20260822_messaging_102_flow_00001,real_sess_20260822_messaging_102,sess_20260822_messaging_102,Messaging,env_win11_cellular,NORMAL,day_3,2026-08-22,batch_20260822_04,dev_win11_laptop,cellular,warp_disabled,msg_discord_text,real,v2,sess_20260822_messaging_102_flow_00001_win_1s,window_1s,0.000,1.000,0,26.000000,4969.000000,191.115385,59.543344,179.000000,290.500000,0.038799,0.035488,0.025099,0.107265,26.000000,0.000000,4969.000000,0.000000,26.000000,4969.000000,8.000000,3.250000,8.000000,0.000000
sess_20260823_messaging_103_flow_00000,real_sess_20260823_messaging_103,sess_20260823_messaging_103,Messaging,env_win11_wifi,LOW_BANDWIDTH,day_4,2026-08-23,batch_20260823_02,dev_win11_laptop,wifi,warp_enabled,msg_telegram_sync,real,v2,sess_20260823_messaging_103_flow_00000_win_1s,window_1s,0.000,1.000,0,3.000000,280.000000,93.333333,28.075296,75.000000,127.200000,0.473387,0.231795,0.473387,0.682002,3.000000,0.000000,280.000000,0.000000,3.000000,280.000000,3.000000,1.000000,3.000000,0.000000
sess_20260823_messaging_103_flow_00001,real_sess_20260823_messaging_103,sess_20260823_messaging_103,Messaging,env_win11_wifi,LOW_BANDWIDTH,day_4,2026-08-23,batch_20260823_02,dev_win11_laptop,wifi,warp_enabled,msg_telegram_sync,real,v2,sess_20260823_messaging_103_flow_00001_win_1s,window_1s,0.000,1.000,0,10.000000,661.000000,66.100000,27.365855,54.000000,110.350000,0.110011,0.074886,0.117484,0.224518,10.000000,0.000000,661.000000,0.000000,10.000000,661.000000,7.000000,1.428571,7.000000,0.000000
sess_20260823_messaging_104_flow_00000,real_sess_20260823_messaging_104,sess_20260823_messaging_104,Messaging,env_win11_eth,LOW_BANDWIDTH,day_4,2026-08-23,batch_20260823_03,dev_win11_desktop,ethernet,warp_enabled,msg_whatsapp_web,real,v2,sess_20260823_messaging_104_flow_00000_win_1s,window_1s,0.000,1.000,0,7.000000,2205.000000,315.000000,142.076438,321.000000,516.300000,0.149926,0.120620,0.102217,0.343598,7.000000,0.000000,2205.000000,0.000000,7.000000,2205.000000,6.000000,1.166667,6.000000,0.000000
sess_20260823_messaging_104_flow_00001,real_sess_20260823_messaging_104,sess_20260823_messaging_104,Messaging,env_win11_eth,LOW_BANDWIDTH,day_4,2026-08-23,batch_20260823_03,dev_win11_desktop,ethernet,warp_enabled,msg_whatsapp_web,real,v2,sess_20260823_messaging_104_flow_00001_win_1s,window_1s,0.000,1.000,0,14.000000,7058.000000,504.142857,119.625521,533.500000,655.800000,0.067816,0.050140,0.065703,0.144780,14.000000,0.000000,7058.000000,0.000000,14.000000,7058.000000,9.000000,1.555556,9.000000,0.000000
sess_20260823_messaging_105_flow_00000,real_sess_20260823_messaging_105,sess_20260823_messaging_105,Messaging,env_win11_cellular,NORMAL,day_4,2026-08-23,batch_20260823_04,dev_win11_laptop,cellular,warp_enabled,msg_signal_chat,real,v2,sess_20260823_messaging_105_flow_00000_win_1s,window_1s,0.000,1.000,0,11.000000,2071.000000,188.272727,71.188726,180.000000,313.000000,0.090863,0.090529,0.070023,0.247405,11.000000,0.000000,2071.000000,0.000000,11.000000,2071.000000,8.000000,1.375000,8.000000,0.000000
sess_20260823_messaging_105_flow_00001,real_sess_20260823_messaging_105,sess_20260823_messaging_105,Messaging,env_win11_cellular,NORMAL,day_4,2026-08-23,batch_20260823_04,dev_win11_laptop,cellular,warp_enabled,msg_signal_chat,real,v2,sess_20260823_messaging_105_flow_00001_win_1s,window_1s,0.000,1.000,0,6.000000,1149.000000,191.500000,35.264477,187.500000,240.500000,0.199342,0.247454,0.101825,0.574773,6.000000,0.000000,1149.000000,0.000000,6.000000,1149.000000,5.000000,1.200000,5.000000,0.000000
sess_20260820_voip_106_flow_00000,real_sess_20260820_voip_106,sess_20260820_voip_106,VoIP,env_win11_wifi,NORMAL,day_1,2026-08-20,batch_20260820_01,dev_win11_laptop,wifi,warp_enabled,voip_zoom_audio,real,v2,sess_20260820_voip_106_flow_00000_win_1s,window_1s,0.000,1.000,0,14.000000,5833.000000,416.642857,128.511037,428.000000,581.950000,0.075177,0.071161,0.055569,0.216207,14.000000,0.000000,5833.000000,0.000000,14.000000,5833.000000,8.000000,1.750000,8.000000,0.000000
sess_20260820_voip_106_flow_00001,real_sess_20260820_voip_106,sess_20260820_voip_106,VoIP,env_win11_wifi,NORMAL,day_1,2026-08-20,batch_20260820_01,dev_win11_laptop,wifi,warp_enabled,voip_zoom_audio,real,v2,sess_20260820_voip_106_flow_00001_win_1s,window_1s,0.000,1.000,0,10.000000,3682.000000,368.200000,88.677844,356.500000,513.950000,0.110384,0.083413,0.077804,0.240917,10.000000,0.000000,3682.000000,0.000000,10.000000,3682.000000,7.000000,1.428571,7.000000,0.000000
sess_20260820_voip_107_flow_00000,real_sess_20260820_voip_107,sess_20260820_voip_107,VoIP,env_win11_wifi,LOW_BANDWIDTH,day_1,2026-08-20,batch_20260820_02,dev_win11_laptop,wifi,warp_enabled,voip_teams_voice,real,v2,sess_20260820_voip_107_flow_00000_win_1s,window_1s,0.000,1.000,0,5.000000,599.000000,119.800000,25.340876,120.000000,151.800000,0.196274,0.092613,0.199371,0.306090,5.000000,0.000000,599.000000,0.000000,5.000000,599.000000,5.000000,1.000000,5.000000,0.000000
sess_20260820_voip_108_flow_00000,real_sess_20260820_voip_108,sess_20260820_voip_108,VoIP,env_win11_eth,NORMAL,day_1,2026-08-20,batch_20260820_03,dev_win11_desktop,ethernet,warp_disabled,voip_meet_audio,real,v2,sess_20260820_voip_108_flow_00000_win_1s,window_1s,0.000,1.000,0,8.000000,1707.000000,213.375000,47.510361,221.500000,262.500000,0.126491,0.159577,0.036114,0.382259,8.000000,0.000000,1707.000000,0.000000,8.000000,1707.000000,4.000000,2.000000,4.000000,0.000000
sess_20260820_voip_108_flow_00001,real_sess_20260820_voip_108,sess_20260820_voip_108,VoIP,env_win11_eth,NORMAL,day_1,2026-08-20,batch_20260820_03,dev_win11_desktop,ethernet,warp_disabled,voip_meet_audio,real,v2,sess_20260820_voip_108_flow_00001_win_1s,window_1s,0.000,1.000,0,9.000000,2089.000000,232.111111,59.965628,224.000000,308.400000,0.121556,0.149805,0.076971,0.368244,9.000000,0.000000,2089.000000,0.000000,9.000000,2089.000000,7.000000,1.285714,7.000000,0.000000
sess_20260820_voip_109_flow_00000,real_sess_20260820_voip_109,sess_20260820_voip_109,VoIP,env_win11_eth,HIGH_LATENCY,day_1,2026-08-20,batch_20260820_04,dev_win11_desktop,ethernet,warp_enabled,voip_discord_voice,real,v2,sess_20260820_voip_109_flow_00000_win_1s,window_1s,0.000,1.000,0,4.000000,1082.000000,270.500000,44.746508,283.500000,313.200000,0.279096,0.294729,0.129203,0.634695,4.000000,0.000000,1082.000000,0.000000,4.000000,1082.000000,3.000000,1.333333,3.000000,0.000000
sess_20260820_voip_109_flow_00001,real_sess_20260820_voip_109,sess_20260820_voip_109,VoIP,env_win11_eth,HIGH_LATENCY,day_1,2026-08-20,batch_20260820_04,dev_win11_desktop,ethernet,warp_enabled,voip_discord_voice,real,v2,sess_20260820_voip_109_flow_00001_win_1s,window_1s,0.000,1.000,0,4.000000,1432.000000,358.000000,110.322255,377.000000,476.000000,0.276323,0.144403,0.367946,0.386506,4.000000,0.000000,1432.000000,0.000000,4.000000,1432.000000,4.000000,1.000000,4.000000,0.000000
sess_20260821_voip_110_flow_00000,real_sess_20260821_voip_110,sess_20260821_voip_110,VoIP,env_win11_wifi,NORMAL,day_2,2026-08-21,batch_20260821_01,dev_win11_laptop,wifi,warp_enabled,voip_skype_call,real,v2,sess_20260821_voip_110_flow_00000_win_1s,window_1s,0.000,1.000,0,6.000000,2178.000000,363.000000,84.437354,390.000000,454.500000,0.194083,0.164003,0.189850,0.431885,6.000000,0.000000,2178.000000,0.000000,6.000000,2178.000000,5.000000,1.200000,5.000000,0.000000
sess_20260821_voip_110_flow_00001,real_sess_20260821_voip_110,sess_20260821_voip_110,VoIP,env_win11_wifi,NORMAL,day_2,2026-08-21,batch_20260821_01,dev_win11_laptop,wifi,warp_enabled,voip_skype_call,real,v2,sess_20260821_voip_110_flow_00001_win_1s,window_1s,0.000,1.000,0,11.000000,3537.000000,321.545455,130.279674,306.000000,491.000000,0.065916,0.040371,0.058790,0.120921,11.000000,0.000000,3537.000000,0.000000,11.000000,3537.000000,7.000000,1.571429,7.000000,0.000000
sess_20260821_voip_111_flow_00000,real_sess_20260821_voip_111,sess_20260821_voip_111,VoIP,env_win11_wifi,HIGH_LATENCY,day_2,2026-08-21,batch_20260821_02,dev_win11_laptop,wifi,warp_enabled,voip_zoom_audio,real,v2,sess_20260821_voip_111_flow_00000_win_1s,window_1s,0.000,1.000,0,4.000000,706.000000,176.500000,71.513985,177.500000,248.000000,0.263017,0.171666,0.336896,0.417407,4.000000,0.000000,706.000000,0.000000,4.000000,706.000000,3.000000,1.333333,3.000000,0.000000
sess_20260821_voip_111_flow_00001,real_sess_20260821_voip_111,sess_20260821_voip_111,VoIP,env_win11_wifi,HIGH_LATENCY,day_2,2026-08-21,batch_20260821_02,dev_win11_laptop,wifi,warp_enabled,voip_zoom_audio,real,v2,sess_20260821_voip_111_flow_00001_win_1s,window_1s,0.000,1.000,0,3.000000,883.000000,294.333333,66.122781,336.000000,345.000000,0.350947,0.272839,0.350947,0.596502,3.000000,0.000000,883.000000,0.000000,3.000000,883.000000,3.000000,1.000000,3.000000,0.000000
sess_20260821_voip_112_flow_00000,real_sess_20260821_voip_112,sess_20260821_voip_112,VoIP,env_win11_cellular,NORMAL,day_2,2026-08-21,batch_20260821_03,dev_win11_laptop,cellular,warp_disabled,voip_teams_voice,real,v2,sess_20260821_voip_112_flow_00000_win_1s,window_1s,0.000,1.000,0,5.000000,986.000000,197.200000,38.623309,200.000000,240.800000,0.159106,0.231601,0.035093,0.483314,5.000000,0.000000,986.000000,0.000000,5.000000,986.000000,3.000000,1.666667,3.000000,0.000000
sess_20260821_voip_112_flow_00001,real_sess_20260821_voip_112,sess_20260821_voip_112,VoIP,env_win11_cellular,NORMAL,day_2,2026-08-21,batch_20260821_03,dev_win11_laptop,cellular,warp_disabled,voip_teams_voice,real,v2,sess_20260821_voip_112_flow_00001_win_1s,window_1s,0.000,1.000,0,7.000000,1532.000000,218.857143,94.826802,201.000000,357.800000,0.153713,0.134715,0.100784,0.340163,7.000000,0.000000,1532.000000,0.000000,7.000000,1532.000000,4.000000,1.750000,4.000000,0.000000
sess_20260821_voip_113_flow_00000,real_sess_20260821_voip_113,sess_20260821_voip_113,VoIP,env_win11_cellular,LOW_BANDWIDTH,day_2,2026-08-21,batch_20260821_04,dev_win11_laptop,cellular,warp_enabled,voip_meet_audio,real,v2,sess_20260821_voip_113_flow_00000_win_1s,window_1s,0.000,1.000,0,6.000000,479.000000,79.833333,10.730279,79.500000,94.250000,0.172750,0.107770,0.216454,0.298925,6.000000,0.000000,479.000000,0.000000,6.000000,479.000000,5.000000,1.200000,5.000000,0.000000
sess_20260822_voip_114_flow_00000,real_sess_20260822_voip_114,sess_20260822_voip_114,VoIP,env_win11_eth,NORMAL,day_3,2026-08-22,batch_20260822_01,dev_win11_desktop,ethernet,warp_enabled,voip_discord_voice,real,v2,sess_20260822_voip_114_flow_00000_win_1s,window_1s,0.000,1.000,0,6.000000,2553.000000,425.500000,184.318339,482.500000,624.500000,0.195947,0.173651,0.190162,0.445661,6.000000,0.000000,2553.000000,0.000000,6.000000,2553.000000,4.000000,1.500000,4.000000,0.000000
sess_20260822_voip_114_flow_00001,real_sess_20260822_voip_114,sess_20260822_voip_114,VoIP,env_win11_eth,NORMAL,day_3,2026-08-22,batch_20260822_01,dev_win11_desktop,ethernet,warp_enabled,voip_discord_voice,real,v2,sess_20260822_voip_114_flow_00001_win_1s,window_1s,0.000,1.000,0,13.000000,5615.000000,431.923077,85.356683,448.000000,546.800000,0.079117,0.079918,0.059903,0.208810,13.000000,0.000000,5615.000000,0.000000,13.000000,5615.000000,7.000000,1.857143,7.000000,0.000000
sess_20260822_voip_115_flow_00000,real_sess_20260822_voip_115,sess_20260822_voip_115,VoIP,env_win11_eth,PACKET_LOSS,day_3,2026-08-22,batch_20260822_02,dev_win11_desktop,ethernet,warp_enabled,voip_skype_call,real,v2,sess_20260822_voip_115_flow_00000_win_1s,window_1s,0.000,1.000,0,10.000000,1712.000000,171.200000,55.610790,157.500000,233.300000,0.109072,0.104005,0.070608,0.287411,10.000000,0.000000,1712.000000,0.000000,10.000000,1712.000000,6.000000,1.666667,6.000000,0.000000
sess_20260822_voip_115_flow_00001,real_sess_20260822_voip_115,sess_20260822_voip_115,VoIP,env_win11_eth,PACKET_LOSS,day_3,2026-08-22,batch_20260822_02,dev_win11_desktop,ethernet,warp_enabled,voip_skype_call,real,v2,sess_20260822_voip_115_flow_00001_win_1s,window_1s,0.000,1.000,0,11.000000,2486.000000,226.000000,53.907328,230.000000,310.500000,0.079463,0.065083,0.066517,0.193795,11.000000,0.000000,2486.000000,0.000000,11.000000,2486.000000,8.000000,1.375000,8.000000,0.000000
sess_20260822_voip_116_flow_00000,real_sess_20260822_voip_116,sess_20260822_voip_116,VoIP,env_win11_cellular,HIGH_LATENCY,day_3,2026-08-22,batch_20260822_03,dev_win11_laptop,cellular,warp_enabled,voip_zoom_audio,real,v2,sess_20260822_voip_116_flow_00000_win_1s,window_1s,0.000,1.000,0,3.000000,715.000000,238.333333,61.108283,211.000000,311.800000,0.491165,0.281295,0.491165,0.744330,3.000000,0.000000,715.000000,0.000000,3.000000,715.000000,3.000000,1.000000,3.000000,0.000000
sess_20260822_voip_117_flow_00000,real_sess_20260822_voip_117,sess_20260822_voip_117,VoIP,env_win11_cellular,NORMAL,day_3,2026-08-22,batch_20260822_04,dev_win11_laptop,cellular,warp_disabled,voip_teams_voice,real,v2,sess_20260822_voip_117_flow_00000_win_1s,window_1s,0.000,1.000,0,3.000000,939.000000,313.000000,85.045086,260.000000,415.700000,0.384023,0.225451,0.384023,0.586929,3.000000,0.000000,939.000000,0.000000,3.000000,939.000000,3.000000,1.000000,3.000000,0.000000
sess_20260822_voip_117_flow_00001,real_sess_20260822_voip_117,sess_20260822_voip_117,VoIP,env_win11_cellular,NORMAL,day_3,2026-08-22,batch_20260822_04,dev_win11_laptop,cellular,warp_disabled,voip_teams_voice,real,v2,sess_20260822_voip_117_flow_00001_win_1s,window_1s,0.000,1.000,0,8.000000,2246.000000,280.750000,72.200675,260.000000,381.300000,0.125500,0.135533,0.098956,0.351224,8.000000,0.000000,2246.000000,0.000000,8.000000,2246.000000,5.000000,1.600000,5.000000,0.000000
sess_20260823_voip_118_flow_00000,real_sess_20260823_voip_118,sess_20260823_voip_118,VoIP,env_win11_wifi,LOW_BANDWIDTH,day_4,2026-08-23,batch_20260823_02,dev_win11_laptop,wifi,warp_enabled,voip_meet_audio,real,v2,sess_20260823_voip_118_flow_00000_win_1s,window_1s,0.000,1.000,0,6.000000,1169.000000,194.833333,51.624983,191.500000,273.250000,0.173421,0.220027,0.041759,0.512685,6.000000,0.000000,1169.000000,0.000000,6.000000,1169.000000,3.000000,2.000000,3.000000,0.000000
sess_20260823_voip_118_flow_00001,real_sess_20260823_voip_118,sess_20260823_voip_118,VoIP,env_win11_wifi,LOW_BANDWIDTH,day_4,2026-08-23,batch_20260823_02,dev_win11_laptop,wifi,warp_enabled,voip_meet_audio,real,v2,sess_20260823_voip_118_flow_00001_win_1s,window_1s,0.000,1.000,0,6.000000,1341.000000,223.500000,60.488980,222.500000,309.000000,0.111546,0.113423,0.044165,0.277024,6.000000,0.000000,1341.000000,0.000000,6.000000,1341.000000,3.000000,2.000000,3.000000,0.000000
sess_20260823_voip_119_flow_00000,real_sess_20260823_voip_119,sess_20260823_voip_119,VoIP,env_win11_eth,LOW_BANDWIDTH,day_4,2026-08-23,batch_20260823_03,dev_win11_desktop,ethernet,warp_enabled,voip_discord_voice,real,v2,sess_20260823_voip_119_flow_00000_win_1s,window_1s,0.000,1.000,0,7.000000,723.000000,103.285714,23.193067,96.000000,139.000000,0.144147,0.169551,0.056812,0.420691,7.000000,0.000000,723.000000,0.000000,7.000000,723.000000,4.000000,1.750000,4.000000,0.000000
sess_20260823_voip_119_flow_00001,real_sess_20260823_voip_119,sess_20260823_voip_119,VoIP,env_win11_eth,LOW_BANDWIDTH,day_4,2026-08-23,batch_20260823_03,dev_win11_desktop,ethernet,warp_enabled,voip_discord_voice,real,v2,sess_20260823_voip_119_flow_00001_win_1s,window_1s,0.000,1.000,0,4.000000,338.000000,84.500000,26.856098,93.500000,109.050000,0.269840,0.289329,0.073778,0.618384,4.000000,0.000000,338.000000,0.000000,4.000000,338.000000,4.000000,1.000000,4.000000,0.000000
sess_20260823_voip_120_flow_00000,real_sess_20260823_voip_120,sess_20260823_voip_120,VoIP,env_win11_cellular,NORMAL,day_4,2026-08-23,batch_20260823_04,dev_win11_laptop,cellular,warp_enabled,voip_skype_call,real,v2,sess_20260823_voip_120_flow_00000_win_1s,window_1s,0.000,1.000,0,14.000000,2892.000000,206.571429,53.311369,223.000000,269.950000,0.076918,0.064489,0.062713,0.187189,14.000000,0.000000,2892.000000,0.000000,14.000000,2892.000000,10.000000,1.400000,10.000000,0.000000
sess_20260823_voip_120_flow_00001,real_sess_20260823_voip_120,sess_20260823_voip_120,VoIP,env_win11_cellular,NORMAL,day_4,2026-08-23,batch_20260823_04,dev_win11_laptop,cellular,warp_enabled,voip_skype_call,real,v2,sess_20260823_voip_120_flow_00001_win_1s,window_1s,0.000,1.000,0,19.000000,3652.000000,192.210526,82.161317,198.000000,317.100000,0.051957,0.055884,0.029147,0.145612,19.000000,0.000000,3652.000000,0.000000,19.000000,3652.000000,7.000000,2.714286,7.000000,0.000000
sess_20260820_file_transfer_121_flow_00000,real_sess_20260820_file_transfer_121,sess_20260820_file_transfer_121,File Transfer,env_win11_wifi,NORMAL,day_1,2026-08-20,batch_20260820_01,dev_win11_laptop,wifi,warp_enabled,ft_gdrive_upload,real,v2,sess_20260820_file_transfer_121_flow_00000_win_1s,window_1s,0.000,1.000,0,13.000000,2519.000000,193.769231,53.756079,183.000000,286.400000,0.072931,0.097304,0.033734,0.246043,13.000000,0.000000,2519.000000,0.000000,13.000000,2519.000000,5.000000,2.600000,5.000000,0.000000
sess_20260820_file_transfer_121_flow_00001,real_sess_20260820_file_transfer_121,sess_20260820_file_transfer_121,File Transfer,env_win11_wifi,NORMAL,day_1,2026-08-20,batch_20260820_01,dev_win11_laptop,wifi,warp_enabled,ft_gdrive_upload,real,v2,sess_20260820_file_transfer_121_flow_00001_win_1s,window_1s,0.000,1.000,0,10.000000,2429.000000,242.900000,69.857641,236.500000,321.300000,0.081321,0.065117,0.053599,0.192713,10.000000,0.000000,2429.000000,0.000000,10.000000,2429.000000,6.000000,1.666667,6.000000,0.000000
sess_20260820_file_transfer_122_flow_00000,real_sess_20260820_file_transfer_122,sess_20260820_file_transfer_122,File Transfer,env_win11_wifi,LOW_BANDWIDTH,day_1,2026-08-20,batch_20260820_02,dev_win11_laptop,wifi,warp_enabled,ft_dropbox_download,real,v2,sess_20260820_file_transfer_122_flow_00000_win_1s,window_1s,0.000,1.000,0,6.000000,1078.000000,179.666667,68.048186,181.000000,274.250000,0.186597,0.153857,0.090977,0.376249,6.000000,0.000000,1078.000000,0.000000,6.000000,1078.000000,5.000000,1.200000,5.000000,0.000000
sess_20260820_file_transfer_122_flow_00001,real_sess_20260820_file_transfer_122,sess_20260820_file_transfer_122,File Transfer,env_win11_wifi,LOW_BANDWIDTH,day_1,2026-08-20,batch_20260820_02,dev_win11_laptop,wifi,warp_enabled,ft_dropbox_download,real,v2,sess_20260820_file_transfer_122_flow_00001_win_1s,window_1s,0.000,1.000,0,4.000000,479.000000,119.750000,50.962609,132.500000,170.700000,0.186182,0.108924,0.235801,0.282479,4.000000,0.000000,479.000000,0.000000,4.000000,479.000000,3.000000,1.333333,3.000000,0.000000
sess_20260820_file_transfer_123_flow_00000,real_sess_20260820_file_transfer_123,sess_20260820_file_transfer_123,File Transfer,env_win11_eth,NORMAL,day_1,2026-08-20,batch_20260820_03,dev_win11_desktop,ethernet,warp_disabled,ft_sftp_sync,real,v2,sess_20260820_file_transfer_123_flow_00000_win_1s,window_1s,0.000,1.000,0,5.000000,1152.000000,230.400000,39.362927,230.000000,284.800000,0.238773,0.133338,0.221212,0.403222,5.000000,0.000000,1152.000000,0.000000,5.000000,1152.000000,5.000000,1.000000,5.000000,0.000000
sess_20260820_file_transfer_123_flow_00001,real_sess_20260820_file_transfer_123,sess_20260820_file_transfer_123,File Transfer,env_win11_eth,NORMAL,day_1,2026-08-20,batch_20260820_03,dev_win11_desktop,ethernet,warp_disabled,ft_sftp_sync,real,v2,sess_20260820_file_transfer_123_flow_00001_win_1s,window_1s,0.000,1.000,0,8.000000,1628.000000,203.500000,32.825295,203.500000,256.700000,0.096912,0.077084,0.078637,0.211524,8.000000,0.000000,1628.000000,0.000000,8.000000,1628.000000,6.000000,1.333333,6.000000,0.000000
sess_20260820_file_transfer_124_flow_00001,real_sess_20260820_file_transfer_124,sess_20260820_file_transfer_124,File Transfer,env_win11_eth,HIGH_LATENCY,day_1,2026-08-20,batch_20260820_04,dev_win11_desktop,ethernet,warp_enabled,ft_onedrive_sync,real,v2,sess_20260820_file_transfer_124_flow_00001_win_1s,window_1s,0.000,1.000,0,3.000000,443.000000,147.666667,21.929179,159.000000,166.200000,0.401767,0.288132,0.401767,0.661086,3.000000,0.000000,443.000000,0.000000,3.000000,443.000000,3.000000,1.000000,3.000000,0.000000
sess_20260821_file_transfer_125_flow_00000,real_sess_20260821_file_transfer_125,sess_20260821_file_transfer_125,File Transfer,env_win11_wifi,NORMAL,day_2,2026-08-21,batch_20260821_01,dev_win11_laptop,wifi,warp_enabled,ft_mega_download,real,v2,sess_20260821_file_transfer_125_flow_00000_win_1s,window_1s,0.000,1.000,0,9.000000,1717.000000,190.777778,65.514677,166.000000,299.600000,0.122787,0.116787,0.083408,0.312858,9.000000,0.000000,1717.000000,0.000000,9.000000,1717.000000,6.000000,1.500000,6.000000,0.000000
sess_20260821_file_transfer_125_flow_00001,real_sess_20260821_file_transfer_125,sess_20260821_file_transfer_125,File Transfer,env_win11_wifi,NORMAL,day_2,2026-08-21,batch_20260821_01,dev_win11_laptop,wifi,warp_enabled,ft_mega_download,real,v2,sess_20260821_file_transfer_125_flow_00001_win_1s,window_1s,0.000,1.000,0,9.000000,1965.000000,218.333333,60.269764,213.000000,317.000000,0.078133,0.059789,0.077360,0.167498,9.000000,0.000000,1965.000000,0.000000,9.000000,1965.000000,6.000000,1.500000,6.000000,0.000000
sess_20260821_file_transfer_126_flow_00001,real_sess_20260821_file_transfer_126,sess_20260821_file_transfer_126,File Transfer,env_win11_wifi,HIGH_LATENCY,day_2,2026-08-21,batch_20260821_02,dev_win11_laptop,wifi,warp_enabled,ft_gdrive_upload,real,v2,sess_20260821_file_transfer_126_flow_00001_win_1s,window_1s,0.000,1.000,0,4.000000,1043.000000,260.750000,77.618860,277.500000,336.650000,0.323300,0.246561,0.295890,0.603829,4.000000,0.000000,1043.000000,0.000000,4.000000,1043.000000,3.000000,1.333333,3.000000,0.000000
sess_20260821_file_transfer_127_flow_00000,real_sess_20260821_file_transfer_127,sess_20260821_file_transfer_127,File Transfer,env_win11_cellular,NORMAL,day_2,2026-08-21,batch_20260821_03,dev_win11_laptop,cellular,warp_disabled,ft_dropbox_download,real,v2,sess_20260821_file_transfer_127_flow_00000_win_1s,window_1s,0.000,1.000,0,11.000000,3391.000000,308.272727,109.512217,299.000000,463.000000,0.093805,0.084334,0.040216,0.236649,11.000000,0.000000,3391.000000,0.000000,11.000000,3391.000000,5.000000,2.200000,5.000000,0.000000
sess_20260821_file_transfer_127_flow_00001,real_sess_20260821_file_transfer_127,sess_20260821_file_transfer_127,File Transfer,env_win11_cellular,NORMAL,day_2,2026-08-21,batch_20260821_03,dev_win11_laptop,cellular,warp_disabled,ft_dropbox_download,real,v2,sess_20260821_file_transfer_127_flow_00001_win_1s,window_1s,0.000,1.000,0,7.000000,2478.000000,354.000000,46.604721,355.000000,418.100000,0.153019,0.110176,0.143539,0.313155,7.000000,0.000000,2478.000000,0.000000,7.000000,2478.000000,5.000000,1.400000,5.000000,0.000000
sess_20260821_file_transfer_128_flow_00000,real_sess_20260821_file_transfer_128,sess_20260821_file_transfer_128,File Transfer,env_win11_cellular,LOW_BANDWIDTH,day_2,2026-08-21,batch_20260821_04,dev_win11_laptop,cellular,warp_enabled,ft_sftp_sync,real,v2,sess_20260821_file_transfer_128_flow_00000_win_1s,window_1s,0.000,1.000,0,4.000000,363.000000,90.750000,26.479945,81.500000,127.350000,0.179410,0.059468,0.185306,0.242735,4.000000,0.000000,363.000000,0.000000,4.000000,363.000000,4.000000,1.000000,4.000000,0.000000
sess_20260821_file_transfer_128_flow_00001,real_sess_20260821_file_transfer_128,sess_20260821_file_transfer_128,File Transfer,env_win11_cellular,LOW_BANDWIDTH,day_2,2026-08-21,batch_20260821_04,dev_win11_laptop,cellular,warp_enabled,ft_sftp_sync,real,v2,sess_20260821_file_transfer_128_flow_00001_win_1s,window_1s,0.000,1.000,0,5.000000,473.000000,94.600000,33.630938,94.000000,142.800000,0.190696,0.146009,0.164478,0.384176,5.000000,0.000000,473.000000,0.000000,5.000000,473.000000,4.000000,1.250000,4.000000,0.000000
sess_20260822_file_transfer_129_flow_00000,real_sess_20260822_file_transfer_129,sess_20260822_file_transfer_129,File Transfer,env_win11_eth,NORMAL,day_3,2026-08-22,batch_20260822_01,dev_win11_desktop,ethernet,warp_enabled,ft_onedrive_sync,real,v2,sess_20260822_file_transfer_129_flow_00000_win_1s,window_1s,0.000,1.000,0,4.000000,1130.000000,282.500000,76.689308,286.500000,365.550000,0.289609,0.180712,0.410643,0.422687,4.000000,0.000000,1130.000000,0.000000,4.000000,1130.000000,3.000000,1.333333,3.000000,0.000000
sess_20260822_file_transfer_129_flow_00001,real_sess_20260822_file_transfer_129,sess_20260822_file_transfer_129,File Transfer,env_win11_eth,NORMAL,day_3,2026-08-22,batch_20260822_01,dev_win11_desktop,ethernet,warp_enabled,ft_onedrive_sync,real,v2,sess_20260822_file_transfer_129_flow_00001_win_1s,window_1s,0.000,1.000,0,5.000000,1440.000000,288.000000,47.766097,313.000000,332.400000,0.188209,0.026021,0.194262,0.214480,5.000000,0.000000,1440.000000,0.000000,5.000000,1440.000000,5.000000,1.000000,5.000000,0.000000
sess_20260822_file_transfer_130_flow_00000,real_sess_20260822_file_transfer_130,sess_20260822_file_transfer_130,File Transfer,env_win11_eth,PACKET_LOSS,day_3,2026-08-22,batch_20260822_02,dev_win11_desktop,ethernet,warp_enabled,ft_mega_download,real,v2,sess_20260822_file_transfer_130_flow_00000_win_1s,window_1s,0.000,1.000,0,4.000000,790.000000,197.500000,49.792068,196.000000,257.850000,0.288578,0.190982,0.326170,0.483885,4.000000,0.000000,790.000000,0.000000,4.000000,790.000000,3.000000,1.333333,3.000000,0.000000
sess_20260822_file_transfer_130_flow_00001,real_sess_20260822_file_transfer_130,sess_20260822_file_transfer_130,File Transfer,env_win11_eth,PACKET_LOSS,day_3,2026-08-22,batch_20260822_02,dev_win11_desktop,ethernet,warp_enabled,ft_mega_download,real,v2,sess_20260822_file_transfer_130_flow_00001_win_1s,window_1s,0.000,1.000,0,6.000000,841.000000,140.166667,38.654093,136.500000,189.500000,0.167452,0.092783,0.145935,0.281715,6.000000,0.000000,841.000000,0.000000,6.000000,841.000000,5.000000,1.200000,5.000000,0.000000
sess_20260822_file_transfer_131_flow_00000,real_sess_20260822_file_transfer_131,sess_20260822_file_transfer_131,File Transfer,env_win11_cellular,HIGH_LATENCY,day_3,2026-08-22,batch_20260822_03,dev_win11_laptop,cellular,warp_enabled,ft_gdrive_upload,real,v2,sess_20260822_file_transfer_131_flow_00000_win_1s,window_1s,0.000,1.000,0,3.000000,811.000000,270.333333,123.615893,283.000000,401.800000,0.459023,0.387363,0.459023,0.807650,3.000000,0.000000,811.000000,0.000000,3.000000,811.000000,3.000000,1.000000,3.000000,0.000000
sess_20260822_file_transfer_132_flow_00000,real_sess_20260822_file_transfer_132,sess_20260822_file_transfer_132,File Transfer,env_win11_cellular,NORMAL,day_3,2026-08-22,batch_20260822_04,dev_win11_laptop,cellular,warp_disabled,ft_dropbox_download,real,v2,sess_20260822_file_transfer_132_flow_00000_win_1s,window_1s,0.000,1.000,0,5.000000,1207.000000,241.400000,76.664464,210.000000,358.800000,0.226935,0.153896,0.216622,0.415680,5.000000,0.000000,1207.000000,0.000000,5.000000,1207.000000,4.000000,1.250000,4.000000,0.000000
sess_20260822_file_transfer_132_flow_00001,real_sess_20260822_file_transfer_132,sess_20260822_file_transfer_132,File Transfer,env_win11_cellular,NORMAL,day_3,2026-08-22,batch_20260822_04,dev_win11_laptop,cellular,warp_disabled,ft_dropbox_download,real,v2,sess_20260822_file_transfer_132_flow_00001_win_1s,window_1s,0.000,1.000,0,8.000000,1555.000000,194.375000,72.240808,196.500000,292.450000,0.142341,0.105519,0.145398,0.308486,8.000000,0.000000,1555.000000,0.000000,8.000000,1555.000000,7.000000,1.142857,7.000000,0.000000
sess_20260823_file_transfer_133_flow_00000,real_sess_20260823_file_transfer_133,sess_20260823_file_transfer_133,File Transfer,env_win11_wifi,LOW_BANDWIDTH,day_4,2026-08-23,batch_20260823_02,dev_win11_laptop,wifi,warp_enabled,ft_sftp_sync,real,v2,sess_20260823_file_transfer_133_flow_00000_win_1s,window_1s,0.000,1.000,0,11.000000,910.000000,82.727273,25.898722,88.000000,122.000000,0.090844,0.081667,0.045002,0.226611,11.000000,0.000000,910.000000,0.000000,11.000000,910.000000,5.000000,2.200000,5.000000,0.000000
sess_20260823_file_transfer_133_flow_00001,real_sess_20260823_file_transfer_133,sess_20260823_file_transfer_133,File Transfer,env_win11_wifi,LOW_BANDWIDTH,day_4,2026-08-23,batch_20260823_02,dev_win11_laptop,wifi,warp_enabled,ft_sftp_sync,real,v2,sess_20260823_file_transfer_133_flow_00001_win_1s,window_1s,0.000,1.000,0,8.000000,1249.000000,156.125000,38.442937,148.500000,216.400000,0.133599,0.165509,0.082360,0.408385,8.000000,0.000000,1249.000000,0.000000,8.000000,1249.000000,5.000000,1.600000,5.000000,0.000000
sess_20260823_file_transfer_134_flow_00000,real_sess_20260823_file_transfer_134,sess_20260823_file_transfer_134,File Transfer,env_win11_eth,LOW_BANDWIDTH,day_4,2026-08-23,batch_20260823_03,dev_win11_desktop,ethernet,warp_enabled,ft_onedrive_sync,real,v2,sess_20260823_file_transfer_134_flow_00000_win_1s,window_1s,0.000,1.000,0,9.000000,1484.000000,164.888889,33.381447,162.000000,213.800000,0.107650,0.084446,0.068676,0.258613,9.000000,0.000000,1484.000000,0.000000,9.000000,1484.000000,8.000000,1.125000,8.000000,0.000000
sess_20260823_file_transfer_134_flow_00001,real_sess_20260823_file_transfer_134,sess_20260823_file_transfer_134,File Transfer,env_win11_eth,LOW_BANDWIDTH,day_4,2026-08-23,batch_20260823_03,dev_win11_desktop,ethernet,warp_enabled,ft_onedrive_sync,real,v2,sess_20260823_file_transfer_134_flow_00001_win_1s,window_1s,0.000,1.000,0,5.000000,670.000000,134.000000,30.757113,141.000000,163.000000,0.218056,0.106323,0.256509,0.311711,5.000000,0.000000,670.000000,0.000000,5.000000,670.000000,4.000000,1.250000,4.000000,0.000000
sess_20260823_file_transfer_135_flow_00000,real_sess_20260823_file_transfer_135,sess_20260823_file_transfer_135,File Transfer,env_win11_cellular,NORMAL,day_4,2026-08-23,batch_20260823_04,dev_win11_laptop,cellular,warp_enabled,ft_mega_download,real,v2,sess_20260823_file_transfer_135_flow_00000_win_1s,window_1s,0.000,1.000,0,15.000000,5145.000000,343.000000,145.517009,322.000000,562.200000,0.070805,0.068667,0.047367,0.202151,15.000000,0.000000,5145.000000,0.000000,15.000000,5145.000000,8.000000,1.875000,8.000000,0.000000
sess_20260823_file_transfer_135_flow_00001,real_sess_20260823_file_transfer_135,sess_20260823_file_transfer_135,File Transfer,env_win11_cellular,NORMAL,day_4,2026-08-23,batch_20260823_04,dev_win11_laptop,cellular,warp_enabled,ft_mega_download,real,v2,sess_20260823_file_transfer_135_flow_00001_win_1s,window_1s,0.000,1.000,0,11.000000,5248.000000,477.090909,128.111780,496.000000,617.500000,0.095760,0.065846,0.104885,0.187859,11.000000,0.000000,5248.000000,0.000000,11.000000,5248.000000,7.000000,1.571429,7.000000,0.000000
sess_20260820_other_136_flow_00000,real_sess_20260820_other_136,sess_20260820_other_136,Other,env_win11_wifi,NORMAL,day_1,2026-08-20,batch_20260820_01,dev_win11_laptop,wifi,warp_enabled,oth_dns_ntp_sync,real,v2,sess_20260820_other_136_flow_00000_win_1s,window_1s,0.000,1.000,0,5.000000,1061.000000,212.200000,67.318348,183.000000,305.600000,0.226865,0.182448,0.137030,0.483581,5.000000,0.000000,1061.000000,0.000000,5.000000,1061.000000,5.000000,1.000000,5.000000,0.000000
sess_20260820_other_136_flow_00001,real_sess_20260820_other_136,sess_20260820_other_136,Other,env_win11_wifi,NORMAL,day_1,2026-08-20,batch_20260820_01,dev_win11_laptop,wifi,warp_enabled,oth_dns_ntp_sync,real,v2,sess_20260820_other_136_flow_00001_win_1s,window_1s,0.000,1.000,0,6.000000,1104.000000,184.000000,99.741332,154.500000,335.500000,0.194433,0.155070,0.183830,0.408422,6.000000,0.000000,1104.000000,0.000000,6.000000,1104.000000,5.000000,1.200000,5.000000,0.000000
sess_20260820_other_137_flow_00001,real_sess_20260820_other_137,sess_20260820_other_137,Other,env_win11_wifi,LOW_BANDWIDTH,day_1,2026-08-20,batch_20260820_02,dev_win11_laptop,wifi,warp_enabled,oth_os_update_check,real,v2,sess_20260820_other_137_flow_00001_win_1s,window_1s,0.000,1.000,0,7.000000,867.000000,123.857143,34.950694,113.000000,175.200000,0.152148,0.046896,0.151859,0.211804,7.000000,0.000000,867.000000,0.000000,7.000000,867.000000,7.000000,1.000000,7.000000,0.000000
sess_20260820_other_138_flow_00000,real_sess_20260820_other_138,sess_20260820_other_138,Other,env_win11_eth,NORMAL,day_1,2026-08-20,batch_20260820_03,dev_win11_desktop,ethernet,warp_disabled,oth_telemetry_heartbeat,real,v2,sess_20260820_other_138_flow_00000_win_1s,window_1s,0.000,1.000,0,6.000000,1320.000000,220.000000,57.221791,245.000000,274.000000,0.185465,0.109885,0.139369,0.327767,6.000000,0.000000,1320.000000,0.000000,6.000000,1320.000000,6.000000,1.000000,6.000000,0.000000
sess_20260820_other_138_flow_00001,real_sess_20260820_other_138,sess_20260820_other_138,Other,env_win11_eth,NORMAL,day_1,2026-08-20,batch_20260820_03,dev_win11_desktop,ethernet,warp_disabled,oth_telemetry_heartbeat,real,v2,sess_20260820_other_138_flow_00001_win_1s,window_1s,0.000,1.000,0,5.000000,858.000000,171.600000,56.301332,200.000000,229.800000,0.206266,0.126973,0.202083,0.358733,5.000000,0.000000,858.000000,0.000000,5.000000,858.000000,4.000000,1.250000,4.000000,0.000000
sess_20260820_other_139_flow_00001,real_sess_20260820_other_139,sess_20260820_other_139,Other,env_win11_eth,HIGH_LATENCY,day_1,2026-08-20,batch_20260820_04,dev_win11_desktop,ethernet,warp_enabled,oth_idle_keepalive,real,v2,sess_20260820_other_139_flow_00001_win_1s,window_1s,0.000,1.000,0,3.000000,1002.000000,334.000000,103.521334,389.000000,420.500000,0.279561,0.114398,0.279561,0.382519,3.000000,0.000000,1002.000000,0.000000,3.000000,1002.000000,3.000000,1.000000,3.000000,0.000000
sess_20260821_other_140_flow_00000,real_sess_20260821_other_140,sess_20260821_other_140,Other,env_win11_wifi,NORMAL,day_2,2026-08-21,batch_20260821_01,dev_win11_laptop,wifi,warp_enabled,oth_cloud_backup,real,v2,sess_20260821_other_140_flow_00000_win_1s,window_1s,0.000,1.000,0,9.000000,2468.000000,274.222222,89.311910,295.000000,378.800000,0.089452,0.092739,0.053397,0.247843,9.000000,0.000000,2468.000000,0.000000,9.000000,2468.000000,5.000000,1.800000,5.000000,0.000000
sess_20260821_other_140_flow_00001,real_sess_20260821_other_140,sess_20260821_other_140,Other,env_win11_wifi,NORMAL,day_2,2026-08-21,batch_20260821_01,dev_win11_laptop,wifi,warp_enabled,oth_cloud_backup,real,v2,sess_20260821_other_140_flow_00001_win_1s,window_1s,0.000,1.000,0,14.000000,5112.000000,365.142857,98.967424,342.500000,529.200000,0.069193,0.037215,0.074770,0.129317,14.000000,0.000000,5112.000000,0.000000,14.000000,5112.000000,11.000000,1.272727,11.000000,0.000000
sess_20260821_other_141_flow_00000,real_sess_20260821_other_141,sess_20260821_other_141,Other,env_win11_wifi,HIGH_LATENCY,day_2,2026-08-21,batch_20260821_02,dev_win11_laptop,wifi,warp_enabled,oth_dns_ntp_sync,real,v2,sess_20260821_other_141_flow_00000_win_1s,window_1s,0.000,1.000,0,3.000000,890.000000,296.666667,138.949231,328.000000,436.900000,0.361068,0.102344,0.361068,0.453177,3.000000,0.000000,890.000000,0.000000,3.000000,890.000000,3.000000,1.000000,3.000000,0.000000
sess_20260821_other_142_flow_00000,real_sess_20260821_other_142,sess_20260821_other_142,Other,env_win11_cellular,NORMAL,day_2,2026-08-21,batch_20260821_03,dev_win11_laptop,cellular,warp_disabled,oth_os_update_check,real,v2,sess_20260821_other_142_flow_00000_win_1s,window_1s,0.000,1.000,0,6.000000,3472.000000,578.666667,119.806325,544.000000,748.250000,0.162329,0.124762,0.118139,0.351906,6.000000,0.000000,3472.000000,0.000000,6.000000,3472.000000,5.000000,1.200000,5.000000,0.000000
sess_20260821_other_142_flow_00001,real_sess_20260821_other_142,sess_20260821_other_142,Other,env_win11_cellular,NORMAL,day_2,2026-08-21,batch_20260821_03,dev_win11_laptop,cellular,warp_disabled,oth_os_update_check,real,v2,sess_20260821_other_142_flow_00001_win_1s,window_1s,0.000,1.000,0,11.000000,6914.000000,628.545455,190.921861,521.000000,902.500000,0.096463,0.059846,0.102981,0.164816,11.000000,0.000000,6914.000000,0.000000,11.000000,6914.000000,8.000000,1.375000,8.000000,0.000000
sess_20260821_other_143_flow_00000,real_sess_20260821_other_143,sess_20260821_other_143,Other,env_win11_cellular,LOW_BANDWIDTH,day_2,2026-08-21,batch_20260821_04,dev_win11_laptop,cellular,warp_enabled,oth_telemetry_heartbeat,real,v2,sess_20260821_other_143_flow_00000_win_1s,window_1s,0.000,1.000,0,5.000000,924.000000,184.800000,35.571899,191.000000,220.800000,0.233812,0.252627,0.138823,0.580889,5.000000,0.000000,924.000000,0.000000,5.000000,924.000000,3.000000,1.666667,3.000000,0.000000
sess_20260821_other_143_flow_00001,real_sess_20260821_other_143,sess_20260821_other_143,Other,env_win11_cellular,LOW_BANDWIDTH,day_2,2026-08-21,batch_20260821_04,dev_win11_laptop,cellular,warp_enabled,oth_telemetry_heartbeat,real,v2,sess_20260821_other_143_flow_00001_win_1s,window_1s,0.000,1.000,0,9.000000,1497.000000,166.333333,52.584324,165.000000,247.000000,0.110753,0.078891,0.083354,0.224369,9.000000,0.000000,1497.000000,0.000000,9.000000,1497.000000,6.000000,1.500000,6.000000,0.000000
sess_20260822_other_144_flow_00000,real_sess_20260822_other_144,sess_20260822_other_144,Other,env_win11_eth,NORMAL,day_3,2026-08-22,batch_20260822_01,dev_win11_desktop,ethernet,warp_enabled,oth_idle_keepalive,real,v2,sess_20260822_other_144_flow_00000_win_1s,window_1s,0.000,1.000,0,12.000000,4612.000000,384.333333,77.841006,349.500000,515.900000,0.083973,0.087497,0.065782,0.230343,12.000000,0.000000,4612.000000,0.000000,12.000000,4612.000000,8.000000,1.500000,8.000000,0.000000
sess_20260822_other_144_flow_00001,real_sess_20260822_other_144,sess_20260822_other_144,Other,env_win11_eth,NORMAL,day_3,2026-08-22,batch_20260822_01,dev_win11_desktop,ethernet,warp_enabled,oth_idle_keepalive,real,v2,sess_20260822_other_144_flow_00001_win_1s,window_1s,0.000,1.000,0,9.000000,4503.000000,500.333333,155.421291,449.000000,695.800000,0.089771,0.105209,0.039909,0.276414,9.000000,0.000000,4503.000000,0.000000,9.000000,4503.000000,5.000000,1.800000,5.000000,0.000000
sess_20260822_other_145_flow_00000,real_sess_20260822_other_145,sess_20260822_other_145,Other,env_win11_eth,PACKET_LOSS,day_3,2026-08-22,batch_20260822_02,dev_win11_desktop,ethernet,warp_enabled,oth_cloud_backup,real,v2,sess_20260822_other_145_flow_00000_win_1s,window_1s,0.000,1.000,0,9.000000,2906.000000,322.888889,99.914902,323.000000,444.200000,0.110560,0.134695,0.066121,0.342554,9.000000,0.000000,2906.000000,0.000000,9.000000,2906.000000,5.000000,1.800000,5.000000,0.000000
sess_20260822_other_145_flow_00001,real_sess_20260822_other_145,sess_20260822_other_145,Other,env_win11_eth,PACKET_LOSS,day_3,2026-08-22,batch_20260822_02,dev_win11_desktop,ethernet,warp_enabled,oth_cloud_backup,real,v2,sess_20260822_other_145_flow_00001_win_1s,window_1s,0.000,1.000,0,16.000000,5098.000000,318.625000,89.054671,323.500000,442.500000,0.059914,0.046143,0.034762,0.138166,16.000000,0.000000,5098.000000,0.000000,16.000000,5098.000000,8.000000,2.000000,8.000000,0.000000
sess_20260822_other_146_flow_00000,real_sess_20260822_other_146,sess_20260822_other_146,Other,env_win11_cellular,HIGH_LATENCY,day_3,2026-08-22,batch_20260822_03,dev_win11_laptop,cellular,warp_enabled,oth_dns_ntp_sync,real,v2,sess_20260822_other_146_flow_00000_win_1s,window_1s,0.000,1.000,0,3.000000,875.000000,291.666667,88.710515,244.000000,398.800000,0.321500,0.245682,0.321500,0.542614,3.000000,0.000000,875.000000,0.000000,3.000000,875.000000,3.000000,1.000000,3.000000,0.000000
sess_20260822_other_146_flow_00001,real_sess_20260822_other_146,sess_20260822_other_146,Other,env_win11_cellular,HIGH_LATENCY,day_3,2026-08-22,batch_20260822_03,dev_win11_laptop,cellular,warp_enabled,oth_dns_ntp_sync,real,v2,sess_20260822_other_146_flow_00001_win_1s,window_1s,0.000,1.000,0,4.000000,2011.000000,502.750000,172.569370,530.500000,690.400000,0.143648,0.154467,0.050338,0.330257,4.000000,0.000000,2011.000000,0.000000,4.000000,2011.000000,3.000000,1.333333,3.000000,0.000000
sess_20260822_other_147_flow_00000,real_sess_20260822_other_147,sess_20260822_other_147,Other,env_win11_cellular,NORMAL,day_3,2026-08-22,batch_20260822_04,dev_win11_laptop,cellular,warp_disabled,oth_os_update_check,real,v2,sess_20260822_other_147_flow_00000_win_1s,window_1s,0.000,1.000,0,10.000000,3515.000000,351.500000,143.591957,372.500000,510.500000,0.095404,0.110410,0.039737,0.287390,10.000000,0.000000,3515.000000,0.000000,10.000000,3515.000000,5.000000,2.000000,5.000000,0.000000
sess_20260822_other_147_flow_00001,real_sess_20260822_other_147,sess_20260822_other_147,Other,env_win11_cellular,NORMAL,day_3,2026-08-22,batch_20260822_04,dev_win11_laptop,cellular,warp_disabled,oth_os_update_check,real,v2,sess_20260822_other_147_flow_00001_win_1s,window_1s,0.000,1.000,0,12.000000,4607.000000,383.916667,176.137474,371.500000,592.150000,0.089572,0.067706,0.067741,0.217217,12.000000,0.000000,4607.000000,0.000000,12.000000,4607.000000,9.000000,1.333333,9.000000,0.000000
sess_20260823_other_148_flow_00000,real_sess_20260823_other_148,sess_20260823_other_148,Other,env_win11_wifi,LOW_BANDWIDTH,day_4,2026-08-23,batch_20260823_02,dev_win11_laptop,wifi,warp_enabled,oth_telemetry_heartbeat,real,v2,sess_20260823_other_148_flow_00000_win_1s,window_1s,0.000,1.000,0,9.000000,1982.000000,220.222222,69.125936,226.000000,325.000000,0.120820,0.099707,0.098753,0.283356,9.000000,0.000000,1982.000000,0.000000,9.000000,1982.000000,7.000000,1.285714,7.000000,0.000000
sess_20260823_other_148_flow_00001,real_sess_20260823_other_148,sess_20260823_other_148,Other,env_win11_wifi,LOW_BANDWIDTH,day_4,2026-08-23,batch_20260823_02,dev_win11_laptop,wifi,warp_enabled,oth_telemetry_heartbeat,real,v2,sess_20260823_other_148_flow_00001_win_1s,window_1s,0.000,1.000,0,8.000000,2060.000000,257.500000,69.487409,270.000000,345.800000,0.139588,0.135994,0.084117,0.358503,8.000000,0.000000,2060.000000,0.000000,8.000000,2060.000000,5.000000,1.600000,5.000000,0.000000
sess_20260823_other_149_flow_00000,real_sess_20260823_other_149,sess_20260823_other_149,Other,env_win11_eth,LOW_BANDWIDTH,day_4,2026-08-23,batch_20260823_03,dev_win11_desktop,ethernet,warp_enabled,oth_idle_keepalive,real,v2,sess_20260823_other_149_flow_00000_win_1s,window_1s,0.000,1.000,0,18.000000,4348.000000,241.555556,103.276986,234.000000,452.200000,0.053454,0.114629,0.020066,0.152695,18.000000,0.000000,4348.000000,0.000000,18.000000,4348.000000,5.000000,3.600000,5.000000,0.000000
sess_20260823_other_149_flow_00001,real_sess_20260823_other_149,sess_20260823_other_149,Other,env_win11_eth,LOW_BANDWIDTH,day_4,2026-08-23,batch_20260823_03,dev_win11_desktop,ethernet,warp_enabled,oth_idle_keepalive,real,v2,sess_20260823_other_149_flow_00001_win_1s,window_1s,0.000,1.000,0,9.000000,1046.000000,116.222222,55.555333,104.000000,196.000000,0.102794,0.097531,0.058958,0.258058,9.000000,0.000000,1046.000000,0.000000,9.000000,1046.000000,5.000000,1.800000,5.000000,0.000000
sess_20260823_other_150_flow_00000,real_sess_20260823_other_150,sess_20260823_other_150,Other,env_win11_cellular,NORMAL,day_4,2026-08-23,batch_20260823_04,dev_win11_laptop,cellular,warp_enabled,oth_cloud_backup,real,v2,sess_20260823_other_150_flow_00000_win_1s,window_1s,0.000,1.000,0,13.000000,3155.000000,242.692308,80.236559,262.000000,342.800000,0.081080,0.084429,0.037432,0.231294,13.000000,0.000000,3155.000000,0.000000,13.000000,3155.000000,6.000000,2.166667,6.000000,0.000000
sess_20260823_other_150_flow_00001,real_sess_20260823_other_150,sess_20260823_other_150,Other,env_win11_cellular,NORMAL,day_4,2026-08-23,batch_20260823_04,dev_win11_laptop,cellular,warp_enabled,oth_cloud_backup,real,v2,sess_20260823_other_150_flow_00001_win_1s,window_1s,0.000,1.000,0,14.000000,3371.000000,240.785714,70.243636,258.000000,343.050000,0.069630,0.055544,0.060190,0.158711,14.000000,0.000000,3371.000000,0.000000,14.000000,3371.000000,9.000000,1.555556,9.000000,0.000000
