flow_id,file_id,session_id,traffic_class,environment_id,network_condition_id,capture_day,capture_date,collection_batch,device_id,interface_type,tunnel_state,activity_variant,data_origin,dataset_version,window_id,window_type,window_start,window_end,packet_offset,packet_count,byte_count,mean_packet_size,std_packet_size,median_packet_size,p95_packet_size,mean_iat,std_iat,median_iat,p95_iat,forward_packet_count,backward_packet_count,forward_byte_count,backward_byte_count,packet_rate,byte_rate,burst_count,mean_burst_size,burst_rate,direction_switch_count
20260823_144333_web_001_5c95_flow_00000,real_20260823_144333_web_001_5c95,20260823_144333_web_001_5c95,Web,env_win11_wifi,NORMAL,day_4,2026-08-23,batch_20260823_01,dev_win11_laptop,wifi,warp_enabled,web_tech_blogs,real,v2,20260823_144333_web_001_5c95_flow_00000_win_5s,window_5s,0.000,5.000,0,199.000000,46282.000000,232.572864,77.351144,231.000000,356.700000,0.024807,0.026629,0.015987,0.073913,199.000000,0.000000,46282.000000,0.000000,39.800000,9256.400000,32.000000,6.218750,6.400000,0.000000
20260823_144333_web_001_5c95_flow_00001,real_20260823_144333_web_001_5c95,20260823_144333_web_001_5c95,Web,env_win11_wifi,NORMAL,day_4,2026-08-23,batch_20260823_01,dev_win11_laptop,wifi,warp_enabled,web_tech_blogs,real,v2,20260823_144333_web_001_5c95_flow_00001_win_5s,window_5s,0.000,5.000,0,336.000000,353770.000000,1052.886905,316.041738,1098.000000,1420.000000,0.014920,0.014973,0.010360,0.043279,336.000000,0.000000,353770.000000,0.000000,67.200000,70754.000000,12.000000,28.000000,2.400000,0.000000
20260823_145151_web_001_0bbf_flow_00000,real_20260823_145151_web_001_0bbf,20260823_145151_web_001_0bbf,Web,env_win11_wifi,NORMAL,day_4,2026-08-23,batch_20260823_01,dev_win11_laptop,wifi,warp_enabled,web_ecommerce,real,v2,20260823_145151_web_001_0bbf_flow_00000_win_5s,window_5s,0.000,5.000,0,35.000000,9786.000000,279.600000,104.502413,284.000000,441.200000,0.137475,0.124848,0.097196,0.445801,35.000000,0.000000,9786.000000,0.000000,7.000000,1957.200000,26.000000,1.346154,5.200000,0.000000
20260823_145151_web_001_0bbf_flow_00001,real_20260823_145151_web_001_0bbf,20260823_145151_web_001_0bbf,Web,env_win11_wifi,NORMAL,day_4,2026-08-23,batch_20260823_01,dev_win11_laptop,wifi,warp_enabled,web_ecommerce,real,v2,20260823_145151_web_001_0bbf_flow_00001_win_5s,window_5s,0.000,5.000,0,33.000000,8536.000000,258.666667,75.853793,245.000000,385.400000,0.155032,0.132689,0.125394,0.448622,33.000000,0.000000,8536.000000,0.000000,6.600000,1707.200000,27.000000,1.222222,5.400000,0.000000
20260823_145551_web_001_da0c_flow_00000,real_20260823_145551_web_001_da0c,20260823_145551_web_001_da0c,Web,env_win11_wifi,NORMAL,day_4,2026-08-23,batch_20260823_01,dev_win11_laptop,wifi,warp_enabled,web_github_docs,real,v2,20260823_145551_web_001_da0c_flow_00000_win_5s,window_5s,0.000,5.000,0,43.000000,12301.000000,286.069767,96.745025,291.000000,450.500000,0.116156,0.114138,0.081584,0.332773,43.000000,0.000000,12301.000000,0.000000,8.600000,2460.200000,26.000000,1.653846,5.200000,0.000000
20260823_145551_web_001_da0c_flow_00001,real_20260823_145551_web_001_da0c,20260823_145551_web_001_da0c,Web,env_win11_wifi,NORMAL,day_4,2026-08-23,batch_20260823_01,dev_win11_laptop,wifi,warp_enabled,web_github_docs,real,v2,20260823_145551_web_001_da0c_flow_00001_win_5s,window_5s,0.000,5.000,0,51.000000,29090.000000,570.392157,165.194725,581.000000,833.500000,0.098708,0.080797,0.079272,0.240661,51.000000,0.000000,29090.000000,0.000000,10.200000,5818.000000,33.000000,1.545455,6.600000,0.000000
20260823_145946_web_001_c866_flow_00000,real_20260823_145946_web_001_c866,20260823_145946_web_001_c866,Web,env_win11_wifi,NORMAL,day_4,2026-08-23,batch_20260823_01,dev_win11_laptop,wifi,warp_enabled,web_ecommerce,real,v2,20260823_145946_web_001_c866_flow_00000_win_5s,window_5s,0.000,5.000,0,136.000000,43444.000000,319.441176,106.380751,321.500000,474.250000,0.036681,0.039510,0.021976,0.117871,136.000000,0.000000,43444.000000,0.000000,27.200000,8688.800000,34.000000,4.000000,6.800000,0.000000
20260823_145946_web_001_c866_flow_00001,real_20260823_145946_web_001_c866,20260823_145946_web_001_c866,Web,env_win11_wifi,NORMAL,day_4,2026-08-23,batch_20260823_01,dev_win11_laptop,wifi,warp_enabled,web_ecommerce,real,v2,20260823_145946_web_001_c866_flow_00001_win_5s,window_5s,0.000,5.000,0,139.000000,47013.000000,338.223022,122.585870,349.000000,512.100000,0.035873,0.037167,0.021905,0.113492,139.000000,0.000000,47013.000000,0.000000,27.800000,9402.600000,39.000000,3.564103,7.800000,0.000000
20260823_150110_web_001_9490_flow_00000,real_20260823_150110_web_001_9490,20260823_150110_web_001_9490,Web,env_win11_wifi,NORMAL,day_4,2026-08-23,batch_20260823_01,dev_win11_laptop,wifi,warp_enabled,web_ecommerce,real,v2,20260823_150110_web_001_9490_flow_00000_win_5s,window_5s,0.000,5.000,0,196.000000,161474.000000,823.846939,314.746686,840.000000,1298.750000,0.025607,0.023073,0.019671,0.063155,196.000000,0.000000,161474.000000,0.000000,39.200000,32294.800000,30.000000,6.533333,6.000000,0.000000
20260823_150110_web_001_9490_flow_00001,real_20260823_150110_web_001_9490,20260823_150110_web_001_9490,Web,env_win11_wifi,NORMAL,day_4,2026-08-23,batch_20260823_01,dev_win11_laptop,wifi,warp_enabled,web_ecommerce,real,v2,20260823_150110_web_001_9490_flow_00001_win_5s,window_5s,0.000,5.000,0,118.000000,30975.000000,262.500000,92.220788,269.000000,392.600000,0.042726,0.048838,0.028472,0.127423,118.000000,0.000000,30975.000000,0.000000,23.600000,6195.000000,35.000000,3.371429,7.000000,0.000000
20260823_150323_web_001_2c60_flow_00000,real_20260823_150323_web_001_2c60,20260823_150323_web_001_2c60,Web,env_win11_wifi,NORMAL,day_4,2026-08-23,batch_20260823_01,dev_win11_laptop,wifi,warp_enabled,web_tech_blogs,real,v2,20260823_150323_web_001_2c60_flow_00000_win_5s,window_5s,0.000,5.000,0,44.000000,8440.000000,191.818182,55.745066,182.000000,275.550000,0.113796,0.106626,0.076889,0.280328,44.000000,0.000000,8440.000000,0.000000,8.800000,1688.000000,28.000000,1.571429,5.600000,0.000000
20260823_150323_web_001_2c60_flow_00001,real_20260823_150323_web_001_2c60,20260823_150323_web_001_2c60,Web,env_win11_wifi,NORMAL,day_4,2026-08-23,batch_20260823_01,dev_win11_laptop,wifi,warp_enabled,web_tech_blogs,real,v2,20260823_150323_web_001_2c60_flow_00001_win_5s,window_5s,0.000,5.000,0,33.000000,8601.000000,260.636364,103.637719,264.000000,439.800000,0.153643,0.133915,0.128226,0.469250,33.000000,0.000000,8601.000000,0.000000,6.600000,1720.200000,26.000000,1.269231,5.200000,0.000000
20260823_150454_web_001_17f5_flow_00000,real_20260823_150454_web_001_17f5,20260823_150454_web_001_17f5,Web,env_win11_wifi,NORMAL,day_4,2026-08-23,batch_20260823_01,dev_win11_laptop,wifi,warp_enabled,web_github_docs,real,v2,20260823_150454_web_001_17f5_flow_00000_win_5s,window_5s,0.000,5.000,0,59.000000,13236.000000,224.338983,74.151839,226.000000,346.200000,0.084636,0.080273,0.048272,0.245483,59.000000,0.000000,13236.000000,0.000000,11.800000,2647.200000,30.000000,1.966667,6.000000,0.000000
20260823_150454_web_001_17f5_flow_00001,real_20260823_150454_web_001_17f5,20260823_150454_web_001_17f5,Web,env_win11_wifi,NORMAL,day_4,2026-08-23,batch_20260823_01,dev_win11_laptop,wifi,warp_enabled,web_github_docs,real,v2,20260823_150454_web_001_17f5_flow_00001_win_5s,window_5s,0.000,5.000,0,55.000000,11737.000000,213.400000,72.526760,230.000000,309.100000,0.090733,0.106898,0.052501,0.283526,55.000000,0.000000,11737.000000,0.000000,11.000000,2347.400000,29.000000,1.896552,5.800000,0.000000
20260823_150634_web_001_ddf0_flow_00000,real_20260823_150634_web_001_ddf0,20260823_150634_web_001_ddf0,Web,env_win11_wifi,NORMAL,day_4,2026-08-23,batch_20260823_01,dev_win11_laptop,wifi,warp_enabled,web_tech_blogs,real,v2,20260823_150634_web_001_ddf0_flow_00000_win_5s,window_5s,0.000,5.000,0,32.000000,7380.000000,230.625000,74.144601,233.000000,339.600000,0.145915,0.156548,0.107053,0.387552,32.000000,0.000000,7380.000000,0.000000,6.400000,1476.000000,23.000000,1.391304,4.600000,0.000000
20260823_150634_web_001_ddf0_flow_00001,real_20260823_150634_web_001_ddf0,20260823_150634_web_001_ddf0,Web,env_win11_wifi,NORMAL,day_4,2026-08-23,batch_20260823_01,dev_win11_laptop,wifi,warp_enabled,web_tech_blogs,real,v2,20260823_150634_web_001_ddf0_flow_00001_win_5s,window_5s,0.000,5.000,0,31.000000,7763.000000,250.419355,75.979952,259.000000,349.000000,0.166056,0.200267,0.112491,0.406385,31.000000,0.000000,7763.000000,0.000000,6.200000,1552.600000,25.000000,1.240000,5.000000,0.000000
20260823_150817_web_001_e5b6_flow_00000,real_20260823_150817_web_001_e5b6,20260823_150817_web_001_e5b6,Web,env_win11_wifi,NORMAL,day_4,2026-08-23,batch_20260823_01,dev_win11_laptop,wifi,warp_enabled,web_github_docs,real,v2,20260823_150817_web_001_e5b6_flow_00000_win_5s,window_5s,0.000,5.000,0,43.000000,13607.000000,316.441860,106.761046,327.000000,468.600000,0.108069,0.096347,0.068085,0.309662,43.000000,0.000000,13607.000000,0.000000,8.600000,2721.400000,30.000000,1.433333,6.000000,0.000000
20260823_150817_web_001_e5b6_flow_00001,real_20260823_150817_web_001_e5b6,20260823_150817_web_001_e5b6,Web,env_win11_wifi,NORMAL,day_4,2026-08-23,batch_20260823_01,dev_win11_laptop,wifi,warp_enabled,web_github_docs,real,v2,20260823_150817_web_001_e5b6_flow_00001_win_5s,window_5s,0.000,5.000,0,35.000000,6406.000000,183.028571,65.703005,184.000000,268.800000,0.142824,0.131211,0.083164,0.397182,35.000000,0.000000,6406.000000,0.000000,7.000000,1281.200000,24.000000,1.458333,4.800000,0.000000
20260823_150936_web_001_534c_flow_00000,real_20260823_150936_web_001_534c,20260823_150936_web_001_534c,Web,env_win11_wifi,NORMAL,day_4,2026-08-23,batch_20260823_01,dev_win11_laptop,wifi,warp_enabled,web_ecommerce,real,v2,20260823_150936_web_001_534c_flow_00000_win_5s,window_5s,0.000,5.000,0,76.000000,15789.000000,207.750000,74.889765,201.000000,329.750000,0.066641,0.063455,0.045615,0.164163,76.000000,0.000000,15789.000000,0.000000,15.200000,3157.800000,36.000000,2.111111,7.200000,0.000000
20260823_150936_web_001_534c_flow_00001,real_20260823_150936_web_001_534c,20260823_150936_web_001_534c,Web,env_win11_wifi,NORMAL,day_4,2026-08-23,batch_20260823_01,dev_win11_laptop,wifi,warp_enabled,web_ecommerce,real,v2,20260823_150936_web_001_534c_flow_00001_win_5s,window_5s,0.000,5.000,0,87.000000,31782.000000,365.310345,128.807020,347.000000,558.100000,0.057654,0.075257,0.035468,0.175950,87.000000,0.000000,31782.000000,0.000000,17.400000,6356.400000,39.000000,2.230769,7.800000,0.000000
20260823_151441_video_001_104d_flow_00000,real_20260823_151441_video_001_104d,20260823_151441_video_001_104d,Video,env_win11_wifi,NORMAL,day_4,2026-08-23,batch_20260823_01,dev_win11_laptop,wifi,warp_enabled,vid_twitch_live,real,v2,20260823_151441_video_001_104d_flow_00000_win_5s,window_5s,0.000,5.000,0,1332.000000,1538142.000000,1154.761261,308.662182,1257.000000,1420.000000,0.003756,0.003676,0.002739,0.011210,1332.000000,0.000000,1538142.000000,0.000000,266.400000,307628.400000,1.000000,1332.000000,0.200000,0.000000
20260823_151441_video_001_104d_flow_00001,real_20260823_151441_video_001_104d,20260823_151441_video_001_104d,Video,env_win11_wifi,NORMAL,day_4,2026-08-23,batch_20260823_01,dev_win11_laptop,wifi,warp_enabled,vid_twitch_live,real,v2,20260823_151441_video_001_104d_flow_00001_win_5s,window_5s,0.000,5.000,0,209.000000,43095.000000,206.196172,74.420342,204.000000,319.000000,0.023974,0.021391,0.017702,0.063817,209.000000,0.000000,43095.000000,0.000000,41.800000,8619.000000,25.000000,8.360000,5.000000,0.000000
20260823_151621_video_001_efa4_flow_00000,real_20260823_151621_video_001_efa4,20260823_151621_video_001_efa4,Video,env_win11_wifi,NORMAL,day_4,2026-08-23,batch_20260823_01,dev_win11_laptop,wifi,warp_enabled,vid_vimeo_720p,real,v2,20260823_151621_video_001_efa4_flow_00000_win_5s,window_5s,0.000,5.000,0,329.000000,349747.000000,1063.060790,310.717156,1079.000000,1420.000000,0.015202,0.015570,0.010597,0.047109,329.000000,0.000000,349747.000000,0.000000,65.800000,69949.400000,16.000000,20.562500,3.200000,0.000000
20260823_151621_video_001_efa4_flow_00001,real_20260823_151621_video_001_efa4,20260823_151621_video_001_efa4,Video,env_win11_wifi,NORMAL,day_4,2026-08-23,batch_20260823_01,dev_win11_laptop,wifi,warp_enabled,vid_vimeo_720p,real,v2,20260823_151621_video_001_efa4_flow_00001_win_5s,window_5s,0.000,5.000,0,86.000000,20514.000000,238.534884,73.352874,235.000000,355.250000,0.058730,0.062741,0.038726,0.178074,86.000000,0.000000,20514.000000,0.000000,17.200000,4102.800000,33.000000,2.606061,6.600000,0.000000
20260823_153012_video_001_641b_flow_00000,real_20260823_153012_video_001_641b,20260823_153012_video_001_641b,Video,env_win11_wifi,NORMAL,day_4,2026-08-23,batch_20260823_01,dev_win11_laptop,wifi,warp_enabled,vid_twitch_live,real,v2,20260823_153012_video_001_641b_flow_00000_win_5s,window_5s,0.000,5.000,0,690.000000,541384.000000,784.614493,271.645388,799.500000,1218.250000,0.007249,0.007232,0.005047,0.021898,690.000000,0.000000,541384.000000,0.000000,138.000000,108276.800000,2.000000,345.000000,0.400000,0.000000
20260823_153012_video_001_641b_flow_00001,real_20260823_153012_video_001_641b,20260823_153012_video_001_641b,Video,env_win11_wifi,NORMAL,day_4,2026-08-23,batch_20260823_01,dev_win11_laptop,wifi,warp_enabled,vid_twitch_live,real,v2,20260823_153012_video_001_641b_flow_00001_win_5s,window_5s,0.000,5.000,0,603.000000,623580.000000,1034.129353,321.192378,1068.000000,1420.000000,0.008283,0.008560,0.005838,0.024575,603.000000,0.000000,623580.000000,0.000000,120.600000,124716.000000,3.000000,201.000000,0.600000,0.000000
20260823_153142_video_001_2480_flow_00000,real_20260823_153142_video_001_2480,20260823_153142_video_001_2480,Video,env_win11_wifi,NORMAL,day_4,2026-08-23,batch_20260823_01,dev_win11_laptop,wifi,warp_enabled,vid_vimeo_720p,real,v2,20260823_153142_video_001_2480_flow_00000_win_5s,window_5s,0.000,5.000,0,75.000000,60367.000000,804.893333,284.293584,834.000000,1219.000000,0.067098,0.067873,0.044227,0.195267,75.000000,0.000000,60367.000000,0.000000,15.000000,12073.400000,32.000000,2.343750,6.400000,0.000000
20260823_153142_video_001_2480_flow_00001,real_20260823_153142_video_001_2480,20260823_153142_video_001_2480,Video,env_win11_wifi,NORMAL,day_4,2026-08-23,batch_20260823_01,dev_win11_laptop,wifi,warp_enabled,vid_vimeo_720p,real,v2,20260823_153142_video_001_2480_flow_00001_win_5s,window_5s,0.000,5.000,0,48.000000,10362.000000,215.875000,70.989032,226.000000,315.200000,0.104890,0.103811,0.059539,0.337483,48.000000,0.000000,10362.000000,0.000000,9.600000,2072.400000,27.000000,1.777778,5.400000,0.000000
20260823_154438_video_001_566f_flow_00000,real_20260823_154438_video_001_566f,20260823_154438_video_001_566f,Video,env_win11_wifi,NORMAL,day_4,2026-08-23,batch_20260823_01,dev_win11_laptop,wifi,warp_enabled,vid_twitch_live,real,v2,20260823_154438_video_001_566f_flow_00000_win_5s,window_5s,0.000,5.000,0,1102.000000,1270661.000000,1153.049909,304.723025,1246.500000,1420.000000,0.004541,0.004587,0.003091,0.012945,1102.000000,0.000000,1270661.000000,0.000000,220.400000,254132.200000,1.000000,1102.000000,0.200000,0.000000
20260823_154438_video_001_566f_flow_00001,real_20260823_154438_video_001_566f,20260823_154438_video_001_566f,Video,env_win11_wifi,NORMAL,day_4,2026-08-23,batch_20260823_01,dev_win11_laptop,wifi,warp_enabled,vid_twitch_live,real,v2,20260823_154438_video_001_566f_flow_00001_win_5s,window_5s,0.000,5.000,0,214.000000,50165.000000,234.415888,80.657462,231.000000,374.350000,0.023446,0.021462,0.018149,0.061048,214.000000,0.000000,50165.000000,0.000000,42.800000,10033.000000,21.000000,10.190476,4.200000,0.000000
20260823_154613_video_001_c9ea_flow_00000,real_20260823_154613_video_001_c9ea,20260823_154613_video_001_c9ea,Video,env_win11_wifi,NORMAL,day_4,2026-08-23,batch_20260823_01,dev_win11_laptop,wifi,warp_enabled,vid_netflix_4k,real,v2,20260823_154613_video_001_c9ea_flow_00000_win_5s,window_5s,0.000,5.000,0,946.000000,1091116.000000,1153.399577,304.891120,1248.000000,1420.000000,0.005288,0.005085,0.003660,0.014904,946.000000,0.000000,1091116.000000,0.000000,189.200000,218223.200000,1.000000,946.000000,0.200000,0.000000
20260823_154613_video_001_c9ea_flow_00001,real_20260823_154613_video_001_c9ea,20260823_154613_video_001_c9ea,Video,env_win11_wifi,NORMAL,day_4,2026-08-23,batch_20260823_01,dev_win11_laptop,wifi,warp_enabled,vid_netflix_4k,real,v2,20260823_154613_video_001_c9ea_flow_00001_win_5s,window_5s,0.000,5.000,0,149.000000,31873.000000,213.912752,71.441714,209.000000,331.000000,0.033704,0.032539,0.025749,0.106311,149.000000,0.000000,31873.000000,0.000000,29.800000,6374.600000,37.000000,4.027027,7.400000,0.000000
20260823_154721_video_001_0564_flow_00000,real_20260823_154721_video_001_0564,20260823_154721_video_001_0564,Video,env_win11_wifi,NORMAL,day_4,2026-08-23,batch_20260823_01,dev_win11_laptop,wifi,warp_enabled,vid_dailymotion_sd,real,v2,20260823_154721_video_001_0564_flow_00000_win_5s,window_5s,0.000,5.000,0,1418.000000,1669640.000000,1177.461213,299.950217,1297.000000,1420.000000,0.003522,0.003541,0.002441,0.010674,1418.000000,0.000000,1669640.000000,0.000000,283.600000,333928.000000,1.000000,1418.000000,0.200000,0.000000
20260823_154721_video_001_0564_flow_00001,real_20260823_154721_video_001_0564,20260823_154721_video_001_0564,Video,env_win11_wifi,NORMAL,day_4,2026-08-23,batch_20260823_01,dev_win11_laptop,wifi,warp_enabled,vid_dailymotion_sd,real,v2,20260823_154721_video_001_0564_flow_00001_win_5s,window_5s,0.000,5.000,0,210.000000,39783.000000,189.442857,65.857054,188.000000,301.000000,0.023884,0.023235,0.015827,0.074580,210.000000,0.000000,39783.000000,0.000000,42.000000,7956.600000,28.000000,7.500000,5.600000,0.000000
20260823_154851_video_001_b4dc_flow_00000,real_20260823_154851_video_001_b4dc,20260823_154851_video_001_b4dc,Video,env_win11_wifi,NORMAL,day_4,2026-08-23,batch_20260823_01,dev_win11_laptop,wifi,warp_enabled,vid_vimeo_720p,real,v2,20260823_154851_video_001_b4dc_flow_00000_win_5s,window_5s,0.000,5.000,0,64.000000,13636.000000,213.062500,73.102641,218.000000,308.250000,0.077799,0.067851,0.058982,0.221459,64.000000,0.000000,13636.000000,0.000000,12.800000,2727.200000,37.000000,1.729730,7.400000,0.000000
20260823_154851_video_001_b4dc_flow_00001,real_20260823_154851_video_001_b4dc,20260823_154851_video_001_b4dc,Video,env_win11_wifi,NORMAL,day_4,2026-08-23,batch_20260823_01,dev_win11_laptop,wifi,warp_enabled,vid_vimeo_720p,real,v2,20260823_154851_video_001_b4dc_flow_00001_win_5s,window_5s,0.000,5.000,0,191.000000,193261.000000,1011.837696,317.113552,1043.000000,1420.000000,0.025969,0.022709,0.019384,0.067923,191.000000,0.000000,193261.000000,0.000000,38.200000,38652.200000,33.000000,5.787879,6.600000,0.000000
20260823_155010_video_001_c5d9_flow_00000,real_20260823_155010_video_001_c5d9,20260823_155010_video_001_c5d9,Video,env_win11_wifi,NORMAL,day_4,2026-08-23,batch_20260823_01,dev_win11_laptop,wifi,warp_enabled,vid_netflix_4k,real,v2,20260823_155010_video_001_c5d9_flow_00000_win_5s,window_5s,0.000,5.000,0,899.000000,1011820.000000,1125.494994,309.384330,1205.000000,1420.000000,0.005556,0.005387,0.003760,0.016726,899.000000,0.000000,1011820.000000,0.000000,179.800000,202364.000000,1.000000,899.000000,0.200000,0.000000
20260823_155010_video_001_c5d9_flow_00001,real_20260823_155010_video_001_c5d9,20260823_155010_video_001_c5d9,Video,env_win11_wifi,NORMAL,day_4,2026-08-23,batch_20260823_01,dev_win11_laptop,wifi,warp_enabled,vid_netflix_4k,real,v2,20260823_155010_video_001_c5d9_flow_00001_win_5s,window_5s,0.000,5.000,0,173.000000,42118.000000,243.456647,80.635443,236.000000,384.200000,0.029029,0.031044,0.020640,0.093277,173.000000,0.000000,42118.000000,0.000000,34.600000,8423.600000,30.000000,5.766667,6.000000,0.000000
20260823_155216_video_001_1ce3_flow_00000,real_20260823_155216_video_001_1ce3,20260823_155216_video_001_1ce3,Video,env_win11_wifi,NORMAL,day_4,2026-08-23,batch_20260823_01,dev_win11_laptop,wifi,warp_enabled,vid_dailymotion_sd,real,v2,20260823_155216_video_001_1ce3_flow_00000_win_5s,window_5s,0.000,5.000,0,36.000000,8685.000000,241.250000,70.395460,254.000000,343.250000,0.140591,0.130420,0.099230,0.463039,36.000000,0.000000,8685.000000,0.000000,7.200000,1737.000000,30.000000,1.200000,6.000000,0.000000
20260823_155216_video_001_1ce3_flow_00001,real_20260823_155216_video_001_1ce3,20260823_155216_video_001_1ce3,Video,env_win11_wifi,NORMAL,day_4,2026-08-23,batch_20260823_01,dev_win11_laptop,wifi,warp_enabled,vid_dailymotion_sd,real,v2,20260823_155216_video_001_1ce3_flow_00001_win_5s,window_5s,0.000,5.000,0,43.000000,12581.000000,292.581395,117.980533,299.000000,479.000000,0.118622,0.115855,0.086272,0.292172,43.000000,0.000000,12581.000000,0.000000,8.600000,2516.200000,30.000000,1.433333,6.000000,0.000000
20260823_155349_messaging_001_f90a_flow_00000,real_20260823_155349_messaging_001_f90a,20260823_155349_messaging_001_f90a,Messaging,env_win11_wifi,NORMAL,day_4,2026-08-23,batch_20260823_01,dev_win11_laptop,wifi,warp_enabled,msg_whatsapp_web,real,v2,20260823_155349_messaging_001_f90a_flow_00000_win_5s,window_5s,0.000,5.000,0,545.000000,603825.000000,1107.935780,320.511858,1187.000000,1420.000000,0.009188,0.010118,0.006046,0.028533,545.000000,0.000000,603825.000000,0.000000,109.000000,120765.000000,7.000000,77.857143,1.400000,0.000000
20260823_155349_messaging_001_f90a_flow_00001,real_20260823_155349_messaging_001_f90a,20260823_155349_messaging_001_f90a,Messaging,env_win11_wifi,NORMAL,day_4,2026-08-23,batch_20260823_01,dev_win11_laptop,wifi,warp_enabled,msg_whatsapp_web,real,v2,20260823_155349_messaging_001_f90a_flow_00001_win_5s,window_5s,0.000,5.000,0,119.000000,25809.000000,216.882353,66.590581,218.000000,327.000000,0.041803,0.040707,0.028204,0.104120,119.000000,0.000000,25809.000000,0.000000,23.800000,5161.800000,36.000000,3.305556,7.200000,0.000000
20260823_155823_messaging_001_2056_flow_00000,real_20260823_155823_messaging_001_2056,20260823_155823_messaging_001_2056,Messaging,env_win11_wifi,NORMAL,day_4,2026-08-23,batch_20260823_01,dev_win11_laptop,wifi,warp_enabled,msg_slack_chat,real,v2,20260823_155823_messaging_001_2056_flow_00000_win_5s,window_5s,0.000,5.000,0,539.000000,118488.000000,219.829314,73.952077,219.000000,345.000000,0.009274,0.009440,0.006257,0.029351,539.000000,0.000000,118488.000000,0.000000,107.800000,23697.600000,4.000000,134.750000,0.800000,0.000000
20260823_155823_messaging_001_2056_flow_00001,real_20260823_155823_messaging_001_2056,20260823_155823_messaging_001_2056,Messaging,env_win11_wifi,NORMAL,day_4,2026-08-23,batch_20260823_01,dev_win11_laptop,wifi,warp_enabled,msg_slack_chat,real,v2,20260823_155823_messaging_001_2056_flow_00001_win_5s,window_5s,0.000,5.000,0,4054.000000,4791868.000000,1182.009867,298.298615,1314.000000,1420.000000,0.001233,0.001220,0.000870,0.003739,4054.000000,0.000000,4791868.000000,0.000000,810.800000,958373.600000,1.000000,4054.000000,0.200000,0.000000
20260823_160152_messaging_001_2144_flow_00000,real_20260823_160152_messaging_001_2144,20260823_160152_messaging_001_2144,Messaging,env_win11_wifi,NORMAL,day_4,2026-08-23,batch_20260823_01,dev_win11_laptop,wifi,warp_enabled,msg_discord_text,real,v2,20260823_160152_messaging_001_2144_flow_00000_win_5s,window_5s,0.000,5.000,0,167.000000,34682.000000,207.676647,70.285923,207.000000,321.300000,0.030074,0.030894,0.018597,0.095598,167.000000,0.000000,34682.000000,0.000000,33.400000,6936.400000,30.000000,5.566667,6.000000,0.000000
20260823_160152_messaging_001_2144_flow_00001,real_20260823_160152_messaging_001_2144,20260823_160152_messaging_001_2144,Messaging,env_win11_wifi,NORMAL,day_4,2026-08-23,batch_20260823_01,dev_win11_laptop,wifi,warp_enabled,msg_discord_text,real,v2,20260823_160152_messaging_001_2144_flow_00001_win_5s,window_5s,0.000,5.000,0,1092.000000,1267929.000000,1161.107143,313.131508,1287.000000,1420.000000,0.004581,0.004418,0.003254,0.013807,1092.000000,0.000000,1267929.000000,0.000000,218.400000,253585.800000,1.000000,1092.000000,0.200000,0.000000
20260823_160304_messaging_001_b4de_flow_00000,real_20260823_160304_messaging_001_b4de,20260823_160304_messaging_001_b4de,Messaging,env_win11_wifi,NORMAL,day_4,2026-08-23,batch_20260823_01,dev_win11_laptop,wifi,warp_enabled,msg_slack_chat,real,v2,20260823_160304_messaging_001_b4de_flow_00000_win_5s,window_5s,0.000,5.000,0,193.000000,41903.000000,217.113990,72.934902,210.000000,355.800000,0.026016,0.028940,0.016264,0.084178,193.000000,0.000000,41903.000000,0.000000,38.600000,8380.600000,27.000000,7.148148,5.400000,0.000000
20260823_160304_messaging_001_b4de_flow_00001,real_20260823_160304_messaging_001_b4de,20260823_160304_messaging_001_b4de,Messaging,env_win11_wifi,NORMAL,day_4,2026-08-23,batch_20260823_01,dev_win11_laptop,wifi,warp_enabled,msg_slack_chat,real,v2,20260823_160304_messaging_001_b4de_flow_00001_win_5s,window_5s,0.000,5.000,0,1131.000000,1312836.000000,1160.774536,303.459714,1272.000000,1420.000000,0.004424,0.004264,0.003141,0.013371,1131.000000,0.000000,1312836.000000,0.000000,226.200000,262567.200000,1.000000,1131.000000,0.200000,0.000000
20260823_160438_messaging_001_3d1b_flow_00000,real_20260823_160438_messaging_001_3d1b,20260823_160438_messaging_001_3d1b,Messaging,env_win11_wifi,NORMAL,day_4,2026-08-23,batch_20260823_01,dev_win11_laptop,wifi,warp_enabled,msg_slack_chat,real,v2,20260823_160438_messaging_001_3d1b_flow_00000_win_5s,window_5s,0.000,5.000,0,640.000000,700300.000000,1094.218750,315.846258,1158.500000,1420.000000,0.007803,0.008057,0.005297,0.023301,640.000000,0.000000,700300.000000,0.000000,128.000000,140060.000000,2.000000,320.000000,0.400000,0.000000
20260823_160438_messaging_001_3d1b_flow_00001,real_20260823_160438_messaging_001_3d1b,20260823_160438_messaging_001_3d1b,Messaging,env_win11_wifi,NORMAL,day_4,2026-08-23,batch_20260823_01,dev_win11_laptop,wifi,warp_enabled,msg_slack_chat,real,v2,20260823_160438_messaging_001_3d1b_flow_00001_win_5s,window_5s,0.000,5.000,0,189.000000,43546.000000,230.402116,83.670791,236.000000,367.200000,0.026345,0.024489,0.018143,0.079719,189.000000,0.000000,43546.000000,0.000000,37.800000,8709.200000,29.000000,6.517241,5.800000,0.000000
20260823_160546_messaging_001_240e_flow_00000,real_20260823_160546_messaging_001_240e,20260823_160546_messaging_001_240e,Messaging,env_win11_wifi,NORMAL,day_4,2026-08-23,batch_20260823_01,dev_win11_laptop,wifi,warp_enabled,msg_discord_text,real,v2,20260823_160546_messaging_001_240e_flow_00000_win_5s,window_5s,0.000,5.000,0,702.000000,808441.000000,1151.625356,313.951655,1262.500000,1420.000000,0.007126,0.006822,0.005006,0.021219,702.000000,0.000000,808441.000000,0.000000,140.400000,161688.200000,1.000000,702.000000,0.200000,0.000000
20260823_160546_messaging_001_240e_flow_00001,real_20260823_160546_messaging_001_240e,20260823_160546_messaging_001_240e,Messaging,env_win11_wifi,NORMAL,day_4,2026-08-23,batch_20260823_01,dev_win11_laptop,wifi,warp_enabled,msg_discord_text,real,v2,20260823_160546_messaging_001_240e_flow_00001_win_5s,window_5s,0.000,5.000,0,118.000000,20509.000000,173.805085,60.932619,170.000000,270.900000,0.042655,0.037814,0.030570,0.127817,118.000000,0.000000,20509.000000,0.000000,23.600000,4101.800000,40.000000,2.950000,8.000000,0.000000
20260823_160655_messaging_001_72b1_flow_00000,real_20260823_160655_messaging_001_72b1,20260823_160655_messaging_001_72b1,Messaging,env_win11_wifi,NORMAL,day_4,2026-08-23,batch_20260823_01,dev_win11_laptop,wifi,warp_enabled,msg_telegram_sync,real,v2,20260823_160655_messaging_001_72b1_flow_00000_win_5s,window_5s,0.000,5.000,0,27.000000,4794.000000,177.555556,59.628065,163.000000,289.600000,0.177089,0.193549,0.106325,0.600272,27.000000,0.000000,4794.000000,0.000000,5.400000,958.800000,20.000000,1.350000,4.000000,0.000000
20260823_160655_messaging_001_72b1_flow_00001,real_20260823_160655_messaging_001_72b1,20260823_160655_messaging_001_72b1,Messaging,env_win11_wifi,NORMAL,day_4,2026-08-23,batch_20260823_01,dev_win11_laptop,wifi,warp_enabled,msg_telegram_sync,real,v2,20260823_160655_messaging_001_72b1_flow_00001_win_5s,window_5s,0.000,5.000,0,77.000000,53149.000000,690.246753,261.066154,661.000000,1111.000000,0.065481,0.085731,0.034275,0.247730,77.000000,0.000000,53149.000000,0.000000,15.400000,10629.800000,32.000000,2.406250,6.400000,0.000000
20260823_160828_messaging_001_7f33_flow_00000,real_20260823_160828_messaging_001_7f33,20260823_160828_messaging_001_7f33,Messaging,env_win11_wifi,NORMAL,day_4,2026-08-23,batch_20260823_01,dev_win11_laptop,wifi,warp_enabled,msg_discord_text,real,v2,20260823_160828_messaging_001_7f33_flow_00000_win_5s,window_5s,0.000,5.000,0,38.000000,7546.000000,198.578947,68.240145,218.000000,280.300000,0.130620,0.162011,0.097831,0.240558,38.000000,0.000000,7546.000000,0.000000,7.600000,1509.200000,29.000000,1.310345,5.800000,0.000000
20260823_160828_messaging_001_7f33_flow_00001,real_20260823_160828_messaging_001_7f33,20260823_160828_messaging_001_7f33,Messaging,env_win11_wifi,NORMAL,day_4,2026-08-23,batch_20260823_01,dev_win11_laptop,wifi,warp_enabled,msg_discord_text,real,v2,20260823_160828_messaging_001_7f33_flow_00001_win_5s,window_5s,0.000,5.000,0,35.000000,8804.000000,251.542857,92.814205,241.000000,423.400000,0.141864,0.123736,0.097513,0.387429,35.000000,0.000000,8804.000000,0.000000,7.000000,1760.800000,26.000000,1.346154,5.200000,0.000000
20260823_160947_messaging_001_869a_flow_00000,real_20260823_160947_messaging_001_869a,20260823_160947_messaging_001_869a,Messaging,env_win11_wifi,NORMAL,day_4,2026-08-23,batch_20260823_01,dev_win11_laptop,wifi,warp_enabled,msg_telegram_sync,real,v2,20260823_160947_messaging_001_869a_flow_00000_win_5s,window_5s,0.000,5.000,0,33.000000,8099.000000,245.424242,89.659636,244.000000,388.400000,0.154873,0.154685,0.099528,0.462733,33.000000,0.000000,8099.000000,0.000000,6.600000,1619.800000,21.000000,1.571429,4.200000,0.000000
20260823_160947_messaging_001_869a_flow_00001,real_20260823_160947_messaging_001_869a,20260823_160947_messaging_001_869a,Messaging,env_win11_wifi,NORMAL,day_4,2026-08-23,batch_20260823_01,dev_win11_laptop,wifi,warp_enabled,msg_telegram_sync,real,v2,20260823_160947_messaging_001_869a_flow_00001_win_5s,window_5s,0.000,5.000,0,40.000000,7185.000000,179.625000,51.360825,179.500000,253.500000,0.127664,0.107107,0.096941,0.298798,40.000000,0.000000,7185.000000,0.000000,8.000000,1437.000000,32.000000,1.250000,6.400000,0.000000
20260823_161053_messaging_001_e319_flow_00000,real_20260823_161053_messaging_001_e319,20260823_161053_messaging_001_e319,Messaging,env_win11_wifi,NORMAL,day_4,2026-08-23,batch_20260823_01,dev_win11_laptop,wifi,warp_enabled,msg_whatsapp_web,real,v2,20260823_161053_messaging_001_e319_flow_00000_win_5s,window_5s,0.000,5.000,0,42.000000,13505.000000,321.547619,97.964085,319.000000,491.150000,0.119035,0.103150,0.103081,0.333549,42.000000,0.000000,13505.000000,0.000000,8.400000,2701.000000,29.000000,1.448276,5.800000,0.000000
20260823_161053_messaging_001_e319_flow_00001,real_20260823_161053_messaging_001_e319,20260823_161053_messaging_001_e319,Messaging,env_win11_wifi,NORMAL,day_4,2026-08-23,batch_20260823_01,dev_win11_laptop,wifi,warp_enabled,msg_whatsapp_web,real,v2,20260823_161053_messaging_001_e319_flow_00001_win_5s,window_5s,0.000,5.000,0,59.000000,26733.000000,453.101695,142.455547,463.000000,668.400000,0.080604,0.079435,0.056777,0.202601,59.000000,0.000000,26733.000000,0.000000,11.800000,5346.600000,31.000000,1.903226,6.200000,0.000000
20260823_161401_voip_001_b89f_flow_00000,real_20260823_161401_voip_001_b89f,20260823_161401_voip_001_b89f,VoIP,env_win11_wifi,NORMAL,day_4,2026-08-23,batch_20260823_01,dev_win11_laptop,wifi,warp_enabled,voip_skype_call,real,v2,20260823_161401_voip_001_b89f_flow_00000_win_5s,window_5s,0.000,5.000,0,45.000000,17882.000000,397.377778,160.633923,400.000000,683.200000,0.113049,0.086047,0.101795,0.244351,45.000000,0.000000,17882.000000,0.000000,9.000000,3576.400000,34.000000,1.323529,6.800000,0.000000
20260823_161401_voip_001_b89f_flow_00001,real_20260823_161401_voip_001_b89f,20260823_161401_voip_001_b89f,VoIP,env_win11_wifi,NORMAL,day_4,2026-08-23,batch_20260823_01,dev_win11_laptop,wifi,warp_enabled,voip_skype_call,real,v2,20260823_161401_voip_001_b89f_flow_00001_win_5s,window_5s,0.000,5.000,0,31.000000,7461.000000,240.677419,96.530586,244.000000,371.000000,0.163186,0.156177,0.119729,0.470089,31.000000,0.000000,7461.000000,0.000000,6.200000,1492.200000,23.000000,1.347826,4.600000,0.000000
20260823_161509_voip_001_9812_flow_00000,real_20260823_161509_voip_001_9812,20260823_161509_voip_001_9812,VoIP,env_win11_wifi,NORMAL,day_4,2026-08-23,batch_20260823_01,dev_win11_laptop,wifi,warp_enabled,voip_meet_audio,real,v2,20260823_161509_voip_001_9812_flow_00000_win_5s,window_5s,0.000,5.000,0,47.000000,9961.000000,211.936170,74.417284,195.000000,335.900000,0.104007,0.096567,0.074109,0.306292,47.000000,0.000000,9961.000000,0.000000,9.400000,1992.200000,31.000000,1.516129,6.200000,0.000000
20260823_161509_voip_001_9812_flow_00001,real_20260823_161509_voip_001_9812,20260823_161509_voip_001_9812,VoIP,env_win11_wifi,NORMAL,day_4,2026-08-23,batch_20260823_01,dev_win11_laptop,wifi,warp_enabled,voip_meet_audio,real,v2,20260823_161509_voip_001_9812_flow_00001_win_5s,window_5s,0.000,5.000,0,41.000000,11275.000000,275.000000,87.113887,278.000000,431.000000,0.124030,0.119732,0.077550,0.351019,41.000000,0.000000,11275.000000,0.000000,8.200000,2255.000000,25.000000,1.640000,5.000000,0.000000
20260823_161649_voip_001_c01e_flow_00000,real_20260823_161649_voip_001_c01e,20260823_161649_voip_001_c01e,VoIP,env_win11_wifi,NORMAL,day_4,2026-08-23,batch_20260823_01,dev_win11_laptop,wifi,warp_enabled,voip_teams_voice,real,v2,20260823_161649_voip_001_c01e_flow_00000_win_5s,window_5s,0.000,5.000,0,47.000000,16073.000000,341.978723,96.651488,334.000000,502.800000,0.106142,0.099300,0.076803,0.308314,47.000000,0.000000,16073.000000,0.000000,9.400000,3214.600000,28.000000,1.678571,5.600000,0.000000
20260823_161649_voip_001_c01e_flow_00001,real_20260823_161649_voip_001_c01e,20260823_161649_voip_001_c01e,VoIP,env_win11_wifi,NORMAL,day_4,2026-08-23,batch_20260823_01,dev_win11_laptop,wifi,warp_enabled,voip_teams_voice,real,v2,20260823_161649_voip_001_c01e_flow_00001_win_5s,window_5s,0.000,5.000,0,34.000000,7199.000000,211.735294,83.100686,200.500000,348.700000,0.145771,0.140017,0.087965,0.431974,34.000000,0.000000,7199.000000,0.000000,6.800000,1439.800000,22.000000,1.545455,4.400000,0.000000
20260823_161758_voip_001_0549_flow_00000,real_20260823_161758_voip_001_0549,20260823_161758_voip_001_0549,VoIP,env_win11_wifi,NORMAL,day_4,2026-08-23,batch_20260823_01,dev_win11_laptop,wifi,warp_enabled,voip_meet_audio,real,v2,20260823_161758_voip_001_0549_flow_00000_win_5s,window_5s,0.000,5.000,0,26.000000,5896.000000,226.769231,88.334290,244.000000,334.750000,0.189906,0.205742,0.129449,0.626239,26.000000,0.000000,5896.000000,0.000000,5.200000,1179.200000,20.000000,1.300000,4.000000,0.000000
20260823_161758_voip_001_0549_flow_00001,real_20260823_161758_voip_001_0549,20260823_161758_voip_001_0549,VoIP,env_win11_wifi,NORMAL,day_4,2026-08-23,batch_20260823_01,dev_win11_laptop,wifi,warp_enabled,voip_meet_audio,real,v2,20260823_161758_voip_001_0549_flow_00001_win_5s,window_5s,0.000,5.000,0,23.000000,4141.000000,180.043478,53.402881,196.000000,243.000000,0.216809,0.191483,0.154667,0.583304,23.000000,0.000000,4141.000000,0.000000,4.600000,828.200000,19.000000,1.210526,3.800000,0.000000
20260823_161916_voip_001_7fd9_flow_00000,real_20260823_161916_voip_001_7fd9,20260823_161916_voip_001_7fd9,VoIP,env_win11_wifi,NORMAL,day_4,2026-08-23,batch_20260823_01,dev_win11_laptop,wifi,warp_enabled,voip_discord_voice,real,v2,20260823_161916_voip_001_7fd9_flow_00000_win_5s,window_5s,0.000,5.000,0,53.000000,23925.000000,451.415094,135.151827,467.000000,679.000000,0.093140,0.070428,0.073373,0.219651,53.000000,0.000000,23925.000000,0.000000,10.600000,4785.000000,34.000000,1.558824,6.800000,0.000000
20260823_161916_voip_001_7fd9_flow_00001,real_20260823_161916_voip_001_7fd9,20260823_161916_voip_001_7fd9,VoIP,env_win11_wifi,NORMAL,day_4,2026-08-23,batch_20260823_01,dev_win11_laptop,wifi,warp_enabled,voip_discord_voice,real,v2,20260823_161916_voip_001_7fd9_flow_00001_win_5s,window_5s,0.000,5.000,0,48.000000,9808.000000,204.333333,79.760144,209.500000,336.100000,0.104513,0.100575,0.071076,0.312669,48.000000,0.000000,9808.000000,0.000000,9.600000,1961.600000,32.000000,1.500000,6.400000,0.000000
20260823_162123_voip_001_51e2_flow_00000,real_20260823_162123_voip_001_51e2,20260823_162123_voip_001_51e2,VoIP,env_win11_wifi,NORMAL,day_4,2026-08-23,batch_20260823_01,dev_win11_laptop,wifi,warp_enabled,voip_discord_voice,real,v2,20260823_162123_voip_001_51e2_flow_00000_win_5s,window_5s,0.000,5.000,0,33.000000,9095.000000,275.606061,83.703278,277.000000,447.800000,0.153698,0.152517,0.112755,0.455544,33.000000,0.000000,9095.000000,0.000000,6.600000,1819.000000,26.000000,1.269231,5.200000,0.000000
20260823_162123_voip_001_51e2_flow_00001,real_20260823_162123_voip_001_51e2,20260823_162123_voip_001_51e2,VoIP,env_win11_wifi,NORMAL,day_4,2026-08-23,batch_20260823_01,dev_win11_laptop,wifi,warp_enabled,voip_discord_voice,real,v2,20260823_162123_voip_001_51e2_flow_00001_win_5s,window_5s,0.000,5.000,0,33.000000,8742.000000,264.909091,100.089161,269.000000,425.800000,0.154244,0.126362,0.135045,0.422769,33.000000,0.000000,8742.000000,0.000000,6.600000,1748.400000,26.000000,1.269231,5.200000,0.000000
20260823_162302_voip_001_6194_flow_00000,real_20260823_162302_voip_001_6194,20260823_162302_voip_001_6194,VoIP,env_win11_wifi,NORMAL,day_4,2026-08-23,batch_20260823_01,dev_win11_laptop,wifi,warp_enabled,voip_discord_voice,real,v2,20260823_162302_voip_001_6194_flow_00000_win_5s,window_5s,0.000,5.000,0,61.000000,25733.000000,421.852459,133.241779,443.000000,629.000000,0.081685,0.085799,0.066101,0.227240,61.000000,0.000000,25733.000000,0.000000,12.200000,5146.600000,34.000000,1.794118,6.800000,0.000000
20260823_162302_voip_001_6194_flow_00001,real_20260823_162302_voip_001_6194,20260823_162302_voip_001_6194,VoIP,env_win11_wifi,NORMAL,day_4,2026-08-23,batch_20260823_01,dev_win11_laptop,wifi,warp_enabled,voip_discord_voice,real,v2,20260823_162302_voip_001_6194_flow_00001_win_5s,window_5s,0.000,5.000,0,51.000000,10878.000000,213.294118,71.999263,224.000000,327.500000,0.099731,0.096897,0.069499,0.276570,51.000000,0.000000,10878.000000,0.000000,10.200000,2175.600000,30.000000,1.700000,6.000000,0.000000
20260823_162426_voip_001_9219_flow_00000,real_20260823_162426_voip_001_9219,20260823_162426_voip_001_9219,VoIP,env_win11_wifi,NORMAL,day_4,2026-08-23,batch_20260823_01,dev_win11_laptop,wifi,warp_enabled,voip_meet_audio,real,v2,20260823_162426_voip_001_9219_flow_00000_win_5s,window_5s,0.000,5.000,0,54.000000,11532.000000,213.555556,65.787724,218.000000,319.850000,0.091215,0.092946,0.052975,0.283332,54.000000,0.000000,11532.000000,0.000000,10.800000,2306.400000,29.000000,1.862069,5.800000,0.000000
20260823_162426_voip_001_9219_flow_00001,real_20260823_162426_voip_001_9219,20260823_162426_voip_001_9219,VoIP,env_win11_wifi,NORMAL,day_4,2026-08-23,batch_20260823_01,dev_win11_laptop,wifi,warp_enabled,voip_meet_audio,real,v2,20260823_162426_voip_001_9219_flow_00001_win_5s,window_5s,0.000,5.000,0,56.000000,19134.000000,341.678571,117.406514,351.000000,507.000000,0.087208,0.079358,0.063009,0.255013,56.000000,0.000000,19134.000000,0.000000,11.200000,3826.800000,31.000000,1.806452,6.200000,0.000000
20260823_162544_voip_001_9fd7_flow_00000,real_20260823_162544_voip_001_9fd7,20260823_162544_voip_001_9fd7,VoIP,env_win11_wifi,NORMAL,day_4,2026-08-23,batch_20260823_01,dev_win11_laptop,wifi,warp_enabled,voip_zoom_audio,real,v2,20260823_162544_voip_001_9fd7_flow_00000_win_5s,window_5s,0.000,5.000,0,40.000000,6300.000000,157.500000,52.606559,157.000000,238.900000,0.123881,0.113418,0.100648,0.332458,40.000000,0.000000,6300.000000,0.000000,8.000000,1260.000000,28.000000,1.428571,5.600000,0.000000
20260823_162544_voip_001_9fd7_flow_00001,real_20260823_162544_voip_001_9fd7,20260823_162544_voip_001_9fd7,VoIP,env_win11_wifi,NORMAL,day_4,2026-08-23,batch_20260823_01,dev_win11_laptop,wifi,warp_enabled,voip_zoom_audio,real,v2,20260823_162544_voip_001_9fd7_flow_00001_win_5s,window_5s,0.000,5.000,0,31.000000,9453.000000,304.935484,115.791229,299.000000,514.000000,0.161042,0.134834,0.118553,0.415259,31.000000,0.000000,9453.000000,0.000000,6.200000,1890.600000,23.000000,1.347826,4.600000,0.000000
20260823_162704_voip_001_571e_flow_00000,real_20260823_162704_voip_001_571e,20260823_162704_voip_001_571e,VoIP,env_win11_wifi,NORMAL,day_4,2026-08-23,batch_20260823_01,dev_win11_laptop,wifi,warp_enabled,voip_teams_voice,real,v2,20260823_162704_voip_001_571e_flow_00000_win_5s,window_5s,0.000,5.000,0,34.000000,9624.000000,283.058824,73.648985,267.000000,401.150000,0.146413,0.135223,0.084238,0.420000,34.000000,0.000000,9624.000000,0.000000,6.800000,1924.800000,27.000000,1.259259,5.400000,0.000000
20260823_162704_voip_001_571e_flow_00001,real_20260823_162704_voip_001_571e,20260823_162704_voip_001_571e,VoIP,env_win11_wifi,NORMAL,day_4,2026-08-23,batch_20260823_01,dev_win11_laptop,wifi,warp_enabled,voip_teams_voice,real,v2,20260823_162704_voip_001_571e_flow_00001_win_5s,window_5s,0.000,5.000,0,25.000000,4199.000000,167.960000,54.197033,168.000000,262.200000,0.198987,0.254581,0.115943,0.583555,25.000000,0.000000,4199.000000,0.000000,5.000000,839.800000,18.000000,1.388889,3.600000,0.000000
20260823_162946_file_transfer_001_5b75_flow_00000,real_20260823_162946_file_transfer_001_5b75,20260823_162946_file_transfer_001_5b75,File Transfer,env_win11_wifi,NORMAL,day_4,2026-08-23,batch_20260823_01,dev_win11_laptop,wifi,warp_enabled,ft_mega_download,real,v2,20260823_162946_file_transfer_001_5b75_flow_00000_win_5s,window_5s,0.000,5.000,0,41.000000,9972.000000,243.219512,85.702979,247.000000,374.000000,0.118846,0.095401,0.095399,0.292544,41.000000,0.000000,9972.000000,0.000000,8.200000,1994.400000,30.000000,1.366667,6.000000,0.000000
20260823_162946_file_transfer_001_5b75_flow_00001,real_20260823_162946_file_transfer_001_5b75,20260823_162946_file_transfer_001_5b75,File Transfer,env_win11_wifi,NORMAL,day_4,2026-08-23,batch_20260823_01,dev_win11_laptop,wifi,warp_enabled,ft_mega_download,real,v2,20260823_162946_file_transfer_001_5b75_flow_00001_win_5s,window_5s,0.000,5.000,0,39.000000,10264.000000,263.179487,83.613847,268.000000,393.100000,0.124688,0.122322,0.075687,0.344020,39.000000,0.000000,10264.000000,0.000000,7.800000,2052.800000,25.000000,1.560000,5.000000,0.000000
20260823_163126_file_transfer_001_bea6_flow_00000,real_20260823_163126_file_transfer_001_bea6,20260823_163126_file_transfer_001_bea6,File Transfer,env_win11_wifi,NORMAL,day_4,2026-08-23,batch_20260823_01,dev_win11_laptop,wifi,warp_enabled,ft_gdrive_upload,real,v2,20260823_163126_file_transfer_001_bea6_flow_00000_win_5s,window_5s,0.000,5.000,0,34.000000,7948.000000,233.764706,75.541986,212.500000,356.650000,0.149232,0.185793,0.074112,0.551671,34.000000,0.000000,7948.000000,0.000000,6.800000,1589.600000,21.000000,1.619048,4.200000,0.000000
20260823_163126_file_transfer_001_bea6_flow_00001,real_20260823_163126_file_transfer_001_bea6,20260823_163126_file_transfer_001_bea6,File Transfer,env_win11_wifi,NORMAL,day_4,2026-08-23,batch_20260823_01,dev_win11_laptop,wifi,warp_enabled,ft_gdrive_upload,real,v2,20260823_163126_file_transfer_001_bea6_flow_00001_win_5s,window_5s,0.000,5.000,0,22.000000,3755.000000,170.681818,54.516375,171.500000,239.950000,0.235098,0.191878,0.175128,0.528559,22.000000,0.000000,3755.000000,0.000000,4.400000,751.000000,20.000000,1.100000,4.000000,0.000000
20260823_163237_file_transfer_001_390f_flow_00000,real_20260823_163237_file_transfer_001_390f,20260823_163237_file_transfer_001_390f,File Transfer,env_win11_wifi,NORMAL,day_4,2026-08-23,batch_20260823_01,dev_win11_laptop,wifi,warp_enabled,ft_sftp_sync,real,v2,20260823_163237_file_transfer_001_390f_flow_00000_win_5s,window_5s,0.000,5.000,0,31.000000,6540.000000,210.967742,64.584770,215.000000,297.500000,0.164882,0.141396,0.110702,0.478098,31.000000,0.000000,6540.000000,0.000000,6.200000,1308.000000,26.000000,1.192308,5.200000,0.000000
20260823_163237_file_transfer_001_390f_flow_00001,real_20260823_163237_file_transfer_001_390f,20260823_163237_file_transfer_001_390f,File Transfer,env_win11_wifi,NORMAL,day_4,2026-08-23,batch_20260823_01,dev_win11_laptop,wifi,warp_enabled,ft_sftp_sync,real,v2,20260823_163237_file_transfer_001_390f_flow_00001_win_5s,window_5s,0.000,5.000,0,35.000000,9039.000000,258.257143,87.273410,264.000000,371.700000,0.145506,0.172289,0.082535,0.509959,35.000000,0.000000,9039.000000,0.000000,7.000000,1807.800000,23.000000,1.521739,4.600000,0.000000
20260823_163447_file_transfer_001_d03c_flow_00000,real_20260823_163447_file_transfer_001_d03c,20260823_163447_file_transfer_001_d03c,File Transfer,env_win11_wifi,NORMAL,day_4,2026-08-23,batch_20260823_01,dev_win11_laptop,wifi,warp_enabled,ft_gdrive_upload,real,v2,20260823_163447_file_transfer_001_d03c_flow_00000_win_5s,window_5s,0.000,5.000,0,48.000000,14362.000000,299.208333,92.559881,308.500000,422.150000,0.104856,0.131352,0.069039,0.224990,48.000000,0.000000,14362.000000,0.000000,9.600000,2872.400000,27.000000,1.777778,5.400000,0.000000
20260823_163447_file_transfer_001_d03c_flow_00001,real_20260823_163447_file_transfer_001_d03c,20260823_163447_file_transfer_001_d03c,File Transfer,env_win11_wifi,NORMAL,day_4,2026-08-23,batch_20260823_01,dev_win11_laptop,wifi,warp_enabled,ft_gdrive_upload,real,v2,20260823_163447_file_transfer_001_d03c_flow_00001_win_5s,window_5s,0.000,5.000,0,38.000000,8274.000000,217.736842,70.798708,214.500000,317.000000,0.133687,0.130268,0.100261,0.366884,38.000000,0.000000,8274.000000,0.000000,7.600000,1654.800000,28.000000,1.357143,5.600000,0.000000
20260823_163557_file_transfer_001_aa30_flow_00000,real_20260823_163557_file_transfer_001_aa30,20260823_163557_file_transfer_001_aa30,File Transfer,env_win11_wifi,NORMAL,day_4,2026-08-23,batch_20260823_01,dev_win11_laptop,wifi,warp_enabled,ft_onedrive_sync,real,v2,20260823_163557_file_transfer_001_aa30_flow_00000_win_5s,window_5s,0.000,5.000,0,36.000000,8460.000000,235.000000,88.959416,231.500000,363.500000,0.142378,0.128222,0.083228,0.358854,36.000000,0.000000,8460.000000,0.000000,7.200000,1692.000000,26.000000,1.384615,5.200000,0.000000
20260823_163557_file_transfer_001_aa30_flow_00001,real_20260823_163557_file_transfer_001_aa30,20260823_163557_file_transfer_001_aa30,File Transfer,env_win11_wifi,NORMAL,day_4,2026-08-23,batch_20260823_01,dev_win11_laptop,wifi,warp_enabled,ft_onedrive_sync,real,v2,20260823_163557_file_transfer_001_aa30_flow_00001_win_5s,window_5s,0.000,5.000,0,24.000000,3765.000000,156.875000,44.656385,162.500000,220.550000,0.212826,0.192345,0.146603,0.590299,24.000000,0.000000,3765.000000,0.000000,4.800000,753.000000,19.000000,1.263158,3.800000,0.000000
20260823_163704_file_transfer_001_2090_flow_00000,real_20260823_163704_file_transfer_001_2090,20260823_163704_file_transfer_001_2090,File Transfer,env_win11_wifi,NORMAL,day_4,2026-08-23,batch_20260823_01,dev_win11_laptop,wifi,warp_enabled,ft_onedrive_sync,real,v2,20260823_163704_file_transfer_001_2090_flow_00000_win_5s,window_5s,0.000,5.000,0,31.000000,8392.000000,270.709677,120.928450,265.000000,502.000000,0.165715,0.144046,0.118751,0.429558,31.000000,0.000000,8392.000000,0.000000,6.200000,1678.400000,28.000000,1.107143,5.600000,0.000000
20260823_163704_file_transfer_001_2090_flow_00001,real_20260823_163704_file_transfer_001_2090,20260823_163704_file_transfer_001_2090,File Transfer,env_win11_wifi,NORMAL,day_4,2026-08-23,batch_20260823_01,dev_win11_laptop,wifi,warp_enabled,ft_onedrive_sync,real,v2,20260823_163704_file_transfer_001_2090_flow_00001_win_5s,window_5s,0.000,5.000,0,29.000000,5246.000000,180.896552,58.990557,184.000000,276.600000,0.174049,0.203527,0.072937,0.499408,29.000000,0.000000,5246.000000,0.000000,5.800000,1049.200000,21.000000,1.380952,4.200000,0.000000
20260823_163829_file_transfer_001_a40b_flow_00000,real_20260823_163829_file_transfer_001_a40b,20260823_163829_file_transfer_001_a40b,File Transfer,env_win11_wifi,NORMAL,day_4,2026-08-23,batch_20260823_01,dev_win11_laptop,wifi,warp_enabled,ft_dropbox_download,real,v2,20260823_163829_file_transfer_001_a40b_flow_00000_win_5s,window_5s,0.000,5.000,0,54.000000,13420.000000,248.518519,66.586825,256.000000,344.750000,0.093568,0.086759,0.050275,0.267527,54.000000,0.000000,13420.000000,0.000000,10.800000,2684.000000,28.000000,1.928571,5.600000,0.000000
20260823_163829_file_transfer_001_a40b_flow_00001,real_20260823_163829_file_transfer_001_a40b,20260823_163829_file_transfer_001_a40b,File Transfer,env_win11_wifi,NORMAL,day_4,2026-08-23,batch_20260823_01,dev_win11_laptop,wifi,warp_enabled,ft_dropbox_download,real,v2,20260823_163829_file_transfer_001_a40b_flow_00001_win_5s,window_5s,0.000,5.000,0,45.000000,13402.000000,297.822222,97.054690,292.000000,436.600000,0.109331,0.101233,0.091498,0.329102,45.000000,0.000000,13402.000000,0.000000,9.000000,2680.400000,29.000000,1.551724,5.800000,0.000000
20260823_163936_file_transfer_001_3420_flow_00000,real_20260823_163936_file_transfer_001_3420,20260823_163936_file_transfer_001_3420,File Transfer,env_win11_wifi,NORMAL,day_4,2026-08-23,batch_20260823_01,dev_win11_laptop,wifi,warp_enabled,ft_onedrive_sync,real,v2,20260823_163936_file_transfer_001_3420_flow_00000_win_5s,window_5s,0.000,5.000,0,73.000000,29228.000000,400.383562,146.141668,406.000000,654.200000,0.067732,0.056463,0.053755,0.179241,73.000000,0.000000,29228.000000,0.000000,14.600000,5845.600000,38.000000,1.921053,7.600000,0.000000
20260823_163936_file_transfer_001_3420_flow_00001,real_20260823_163936_file_transfer_001_3420,20260823_163936_file_transfer_001_3420,File Transfer,env_win11_wifi,NORMAL,day_4,2026-08-23,batch_20260823_01,dev_win11_laptop,wifi,warp_enabled,ft_onedrive_sync,real,v2,20260823_163936_file_transfer_001_3420_flow_00001_win_5s,window_5s,0.000,5.000,0,57.000000,13022.000000,228.456140,62.001435,232.000000,326.600000,0.085678,0.078954,0.060406,0.276777,57.000000,0.000000,13022.000000,0.000000,11.400000,2604.400000,33.000000,1.727273,6.600000,0.000000
20260823_164056_file_transfer_001_1a06_flow_00000,real_20260823_164056_file_transfer_001_1a06,20260823_164056_file_transfer_001_1a06,File Transfer,env_win11_wifi,NORMAL,day_4,2026-08-23,batch_20260823_01,dev_win11_laptop,wifi,warp_enabled,ft_sftp_sync,real,v2,20260823_164056_file_transfer_001_1a06_flow_00000_win_5s,window_5s,0.000,5.000,0,27.000000,6498.000000,240.666667,64.284092,239.000000,359.300000,0.180745,0.216877,0.074789,0.577867,27.000000,0.000000,6498.000000,0.000000,5.400000,1299.600000,17.000000,1.588235,3.400000,0.000000
20260823_164056_file_transfer_001_1a06_flow_00001,real_20260823_164056_file_transfer_001_1a06,20260823_164056_file_transfer_001_1a06,File Transfer,env_win11_wifi,NORMAL,day_4,2026-08-23,batch_20260823_01,dev_win11_laptop,wifi,warp_enabled,ft_sftp_sync,real,v2,20260823_164056_file_transfer_001_1a06_flow_00001_win_5s,window_5s,0.000,5.000,0,36.000000,5030.000000,139.722222,47.290245,139.500000,198.250000,0.138403,0.159176,0.099330,0.384813,36.000000,0.000000,5030.000000,0.000000,7.200000,1006.000000,24.000000,1.500000,4.800000,0.000000
20260823_164203_file_transfer_001_0aa3_flow_00000,real_20260823_164203_file_transfer_001_0aa3,20260823_164203_file_transfer_001_0aa3,File Transfer,env_win11_wifi,NORMAL,day_4,2026-08-23,batch_20260823_01,dev_win11_laptop,wifi,warp_enabled,ft_mega_download,real,v2,20260823_164203_file_transfer_001_0aa3_flow_00000_win_5s,window_5s,0.000,5.000,0,27.000000,6923.000000,256.407407,57.027128,253.000000,346.300000,0.188132,0.169351,0.174149,0.489023,27.000000,0.000000,6923.000000,0.000000,5.400000,1384.600000,21.000000,1.285714,4.200000,0.000000
20260823_164203_file_transfer_001_0aa3_flow_00001,real_20260823_164203_file_transfer_001_0aa3,20260823_164203_file_transfer_001_0aa3,File Transfer,env_win11_wifi,NORMAL,day_4,2026-08-23,batch_20260823_01,dev_win11_laptop,wifi,warp_enabled,ft_mega_download,real,v2,20260823_164203_file_transfer_001_0aa3_flow_00001_win_5s,window_5s,0.000,5.000,0,30.000000,4718.000000,157.266667,55.490500,152.500000,246.800000,0.170961,0.204643,0.083566,0.517580,30.000000,0.000000,4718.000000,0.000000,6.000000,943.600000,22.000000,1.363636,4.400000,0.000000
20260823_164647_other_001_d4e4_flow_00000,real_20260823_164647_other_001_d4e4,20260823_164647_other_001_d4e4,Other,env_win11_wifi,NORMAL,day_4,2026-08-23,batch_20260823_01,dev_win11_laptop,wifi,warp_enabled,oth_idle_keepalive,real,v2,20260823_164647_other_001_d4e4_flow_00000_win_5s,window_5s,0.000,5.000,0,27.000000,5065.000000,187.592593,47.608169,182.000000,286.100000,0.189099,0.128631,0.159167,0.449320,27.000000,0.000000,5065.000000,0.000000,5.400000,1013.000000,26.000000,1.038462,5.200000,0.000000
20260823_164647_other_001_d4e4_flow_00001,real_20260823_164647_other_001_d4e4,20260823_164647_other_001_d4e4,Other,env_win11_wifi,NORMAL,day_4,2026-08-23,batch_20260823_01,dev_win11_laptop,wifi,warp_enabled,oth_idle_keepalive,real,v2,20260823_164647_other_001_d4e4_flow_00001_win_5s,window_5s,0.000,5.000,0,35.000000,9399.000000,268.542857,98.833581,253.000000,438.300000,0.141443,0.143304,0.114452,0.334888,35.000000,0.000000,9399.000000,0.000000,7.000000,1879.800000,24.000000,1.458333,4.800000,0.000000
20260823_164826_other_001_eac8_flow_00000,real_20260823_164826_other_001_eac8,20260823_164826_other_001_eac8,Other,env_win11_wifi,NORMAL,day_4,2026-08-23,batch_20260823_01,dev_win11_laptop,wifi,warp_enabled,oth_cloud_backup,real,v2,20260823_164826_other_001_eac8_flow_00000_win_5s,window_5s,0.000,5.000,0,30.000000,5171.000000,172.366667,56.038370,184.000000,234.500000,0.166268,0.143754,0.130198,0.461659,30.000000,0.000000,5171.000000,0.000000,6.000000,1034.200000,23.000000,1.304348,4.600000,0.000000
20260823_164826_other_001_eac8_flow_00001,real_20260823_164826_other_001_eac8,20260823_164826_other_001_eac8,Other,env_win11_wifi,NORMAL,day_4,2026-08-23,batch_20260823_01,dev_win11_laptop,wifi,warp_enabled,oth_cloud_backup,real,v2,20260823_164826_other_001_eac8_flow_00001_win_5s,window_5s,0.000,5.000,0,24.000000,7120.000000,296.666667,68.641379,290.500000,411.900000,0.209901,0.261034,0.153824,0.505636,24.000000,0.000000,7120.000000,0.000000,4.800000,1424.000000,17.000000,1.411765,3.400000,0.000000
20260823_164938_other_001_7ffe_flow_00000,real_20260823_164938_other_001_7ffe,20260823_164938_other_001_7ffe,Other,env_win11_wifi,NORMAL,day_4,2026-08-23,batch_20260823_01,dev_win11_laptop,wifi,warp_enabled,oth_dns_ntp_sync,real,v2,20260823_164938_other_001_7ffe_flow_00000_win_5s,window_5s,0.000,5.000,0,55.000000,20762.000000,377.490909,118.565344,386.000000,539.600000,0.090246,0.084761,0.067549,0.284881,55.000000,0.000000,20762.000000,0.000000,11.000000,4152.400000,31.000000,1.774194,6.200000,0.000000
20260823_164938_other_001_7ffe_flow_00001,real_20260823_164938_other_001_7ffe,20260823_164938_other_001_7ffe,Other,env_win11_wifi,NORMAL,day_4,2026-08-23,batch_20260823_01,dev_win11_laptop,wifi,warp_enabled,oth_dns_ntp_sync,real,v2,20260823_164938_other_001_7ffe_flow_00001_win_5s,window_5s,0.000,5.000,0,46.000000,13490.000000,293.260870,97.033709,285.000000,452.250000,0.106194,0.108632,0.054194,0.310482,46.000000,0.000000,13490.000000,0.000000,9.200000,2698.000000,28.000000,1.642857,5.600000,0.000000
20260823_165157_other_001_2876_flow_00000,real_20260823_165157_other_001_2876,20260823_165157_other_001_2876,Other,env_win11_wifi,NORMAL,day_4,2026-08-23,batch_20260823_01,dev_win11_laptop,wifi,warp_enabled,oth_os_update_check,real,v2,20260823_165157_other_001_2876_flow_00000_win_5s,window_5s,0.000,5.000,0,47.000000,24856.000000,528.851064,182.615277,525.000000,826.500000,0.107947,0.082704,0.085588,0.236371,47.000000,0.000000,24856.000000,0.000000,9.400000,4971.200000,34.000000,1.382353,6.800000,0.000000
20260823_165157_other_001_2876_flow_00001,real_20260823_165157_other_001_2876,20260823_165157_other_001_2876,Other,env_win11_wifi,NORMAL,day_4,2026-08-23,batch_20260823_01,dev_win11_laptop,wifi,warp_enabled,oth_os_update_check,real,v2,20260823_165157_other_001_2876_flow_00001_win_5s,window_5s,0.000,5.000,0,33.000000,8964.000000,271.636364,92.065134,264.000000,405.400000,0.148605,0.111536,0.122558,0.342554,33.000000,0.000000,8964.000000,0.000000,6.600000,1792.800000,26.000000,1.269231,5.200000,0.000000
20260823_165837_other_001_2277_flow_00000,real_20260823_165837_other_001_2277,20260823_165837_other_001_2277,Other,env_win11_wifi,NORMAL,day_4,2026-08-23,batch_20260823_01,dev_win11_laptop,wifi,warp_enabled,oth_dns_ntp_sync,real,v2,20260823_165837_other_001_2277_flow_00000_win_5s,window_5s,0.000,5.000,0,75.000000,33232.000000,443.093333,146.961689,457.000000,640.600000,0.067336,0.071064,0.032759,0.215122,75.000000,0.000000,33232.000000,0.000000,15.000000,6646.400000,34.000000,2.205882,6.800000,0.000000
20260823_165837_other_001_2277_flow_00001,real_20260823_165837_other_001_2277,20260823_165837_other_001_2277,Other,env_win11_wifi,NORMAL,day_4,2026-08-23,batch_20260823_01,dev_win11_laptop,wifi,warp_enabled,oth_dns_ntp_sync,real,v2,20260823_165837_other_001_2277_flow_00001_win_5s,window_5s,0.000,5.000,0,70.000000,22747.000000,324.957143,100.413209,321.500000,507.050000,0.069401,0.066710,0.047659,0.224671,70.000000,0.000000,22747.000000,0.000000,14.000000,4549.400000,33.000000,2.121212,6.600000,0.000000
20260823_170006_other_001_2088_flow_00000,real_20260823_170006_other_001_2088,20260823_170006_other_001_2088,Other,env_win11_wifi,NORMAL,day_4,2026-08-23,batch_20260823_01,dev_win11_laptop,wifi,warp_enabled,oth_cloud_backup,real,v2,20260823_170006_other_001_2088_flow_00000_win_5s,window_5s,0.000,5.000,0,39.000000,17004.000000,436.000000,151.573119,422.000000,689.900000,0.129740,0.126691,0.111159,0.424717,39.000000,0.000000,17004.000000,0.000000,7.800000,3400.800000,28.000000,1.392857,5.600000,0.000000
20260823_170006_other_001_2088_flow_00001,real_20260823_170006_other_001_2088,20260823_170006_other_001_2088,Other,env_win11_wifi,NORMAL,day_4,2026-08-23,batch_20260823_01,dev_win11_laptop,wifi,warp_enabled,oth_cloud_backup,real,v2,20260823_170006_other_001_2088_flow_00001_win_5s,window_5s,0.000,5.000,0,57.000000,21882.000000,383.894737,134.210451,380.000000,635.400000,0.088013,0.083202,0.058599,0.238771,57.000000,0.000000,21882.000000,0.000000,11.400000,4376.400000,30.000000,1.900000,6.000000,0.000000
20260823_170113_other_001_b130_flow_00000,real_20260823_170113_other_001_b130,20260823_170113_other_001_b130,Other,env_win11_wifi,NORMAL,day_4,2026-08-23,batch_20260823_01,dev_win11_laptop,wifi,warp_enabled,oth_dns_ntp_sync,real,v2,20260823_170113_other_001_b130_flow_00000_win_5s,window_5s,0.000,5.000,0,131.000000,70959.000000,541.671756,178.098414,551.000000,822.500000,0.037600,0.036272,0.028663,0.091177,131.000000,0.000000,70959.000000,0.000000,26.200000,14191.800000,37.000000,3.540541,7.400000,0.000000
20260823_170113_other_001_b130_flow_00001,real_20260823_170113_other_001_b130,20260823_170113_other_001_b130,Other,env_win11_wifi,NORMAL,day_4,2026-08-23,batch_20260823_01,dev_win11_laptop,wifi,warp_enabled,oth_dns_ntp_sync,real,v2,20260823_170113_other_001_b130_flow_00001_win_5s,window_5s,0.000,5.000,0,119.000000,56072.000000,471.193277,149.310082,470.000000,741.300000,0.042154,0.042202,0.026771,0.127477,119.000000,0.000000,56072.000000,0.000000,23.800000,11214.400000,32.000000,3.718750,6.400000,0.000000
20260823_170246_other_001_fe56_flow_00000,real_20260823_170246_other_001_fe56,20260823_170246_other_001_fe56,Other,env_win11_wifi,NORMAL,day_4,2026-08-23,batch_20260823_01,dev_win11_laptop,wifi,warp_enabled,oth_os_update_check,real,v2,20260823_170246_other_001_fe56_flow_00000_win_5s,window_5s,0.000,5.000,0,39.000000,9488.000000,243.282051,71.388769,240.000000,351.800000,0.131298,0.169514,0.074321,0.498176,39.000000,0.000000,9488.000000,0.000000,7.800000,1897.600000,26.000000,1.500000,5.200000,0.000000
20260823_170246_other_001_fe56_flow_00001,real_20260823_170246_other_001_fe56,20260823_170246_other_001_fe56,Other,env_win11_wifi,NORMAL,day_4,2026-08-23,batch_20260823_01,dev_win11_laptop,wifi,warp_enabled,oth_os_update_check,real,v2,20260823_170246_other_001_fe56_flow_00001_win_5s,window_5s,0.000,5.000,0,55.000000,13698.000000,249.054545,92.745285,241.000000,407.600000,0.092439,0.087755,0.057057,0.236949,55.000000,0.000000,13698.000000,0.000000,11.000000,2739.600000,32.000000,1.718750,6.400000,0.000000
20260823_170246_other_001_fe56_flow_00003,real_20260823_170246_other_001_fe56,20260823_170246_other_001_fe56,Other,env_win11_wifi,NORMAL,day_4,2026-08-23,batch_20260823_01,dev_win11_laptop,wifi,warp_enabled,oth_os_update_check,real,v2,20260823_170246_other_001_fe56_flow_00003_win_5s,window_5s,0.000,5.000,0,5.000000,449.000000,89.800000,24.620317,101.000000,116.200000,0.424627,0.137600,0.354714,0.617254,5.000000,0.000000,449.000000,0.000000,1.000000,89.800000,5.000000,1.000000,1.000000,0.000000
20260823_170352_other_001_facf_flow_00000,real_20260823_170352_other_001_facf,20260823_170352_other_001_facf,Other,env_win11_wifi,NORMAL,day_4,2026-08-23,batch_20260823_01,dev_win11_laptop,wifi,warp_enabled,oth_cloud_backup,real,v2,20260823_170352_other_001_facf_flow_00000_win_5s,window_5s,0.000,5.000,0,50.000000,27238.000000,544.760000,166.274419,518.500000,842.150000,0.101889,0.079980,0.080799,0.269392,50.000000,0.000000,27238.000000,0.000000,10.000000,5447.600000,36.000000,1.388889,7.200000,0.000000
20260823_170352_other_001_facf_flow_00001,real_20260823_170352_other_001_facf,20260823_170352_other_001_facf,Other,env_win11_wifi,NORMAL,day_4,2026-08-23,batch_20260823_01,dev_win11_laptop,wifi,warp_enabled,oth_cloud_backup,real,v2,20260823_170352_other_001_facf_flow_00001_win_5s,window_5s,0.000,5.000,0,39.000000,10099.000000,258.948718,78.947223,269.000000,373.200000,0.129525,0.112882,0.106846,0.334370,39.000000,0.000000,10099.000000,0.000000,7.800000,2019.800000,25.000000,1.560000,5.000000,0.000000
20260823_170458_other_001_aa7d_flow_00000,real_20260823_170458_other_001_aa7d,20260823_170458_other_001_aa7d,Other,env_win11_wifi,NORMAL,day_4,2026-08-23,batch_20260823_01,dev_win11_laptop,wifi,warp_enabled,oth_cloud_backup,real,v2,20260823_170458_other_001_aa7d_flow_00000_win_5s,window_5s,0.000,5.000,0,150.000000,133160.000000,887.733333,322.577756,854.500000,1420.000000,0.033500,0.032396,0.024506,0.097987,150.000000,0.000000,133160.000000,0.000000,30.000000,26632.000000,34.000000,4.411765,6.800000,0.000000
20260823_170458_other_001_aa7d_flow_00001,real_20260823_170458_other_001_aa7d,20260823_170458_other_001_aa7d,Other,env_win11_wifi,NORMAL,day_4,2026-08-23,batch_20260823_01,dev_win11_laptop,wifi,warp_enabled,oth_cloud_backup,real,v2,20260823_170458_other_001_aa7d_flow_00001_win_5s,window_5s,0.000,5.000,0,75.000000,24481.000000,326.413333,122.499316,325.000000,517.200000,0.067514,0.065369,0.051738,0.211258,75.000000,0.000000,24481.000000,0.000000,15.000000,4896.200000,39.000000,1.923077,7.800000,0.000000
sess_20260820_web_061_flow_00000,real_sess_20260820_web_061,sess_20260820_web_061,Web,env_win11_wifi,NORMAL,day_1,2026-08-20,batch_20260820_01,dev_win11_laptop,wifi,warp_enabled,web_wikipedia,real,v2,sess_20260820_web_061_flow_00000_win_5s,window_5s,0.000,5.000,0,187.000000,43957.000000,235.064171,78.523924,231.000000,376.800000,0.026849,0.029591,0.016880,0.092332,187.000000,0.000000,43957.000000,0.000000,37.400000,8791.400000,33.000000,5.666667,6.600000,0.000000
sess_20260820_web_061_flow_00001,real_sess_20260820_web_061,sess_20260820_web_061,Web,env_win11_wifi,NORMAL,day_1,2026-08-20,batch_20260820_01,dev_win11_laptop,wifi,warp_enabled,web_wikipedia,real,v2,sess_20260820_web_061_flow_00001_win_5s,window_5s,0.000,5.000,0,193.000000,44495.000000,230.544041,87.138740,236.000000,365.000000,0.025976,0.024424,0.021443,0.077277,193.000000,0.000000,44495.000000,0.000000,38.600000,8899.000000,29.000000,6.655172,5.800000,0.000000
sess_20260820_web_062_flow_00000,real_sess_20260820_web_062,sess_20260820_web_062,Web,env_win11_wifi,LOW_BANDWIDTH,day_1,2026-08-20,batch_20260820_02,dev_win11_laptop,wifi,warp_enabled,web_news,real,v2,sess_20260820_web_062_flow_00000_win_5s,window_5s,0.000,5.000,0,139.000000,63621.000000,457.705036,158.517795,443.000000,725.700000,0.036009,0.036547,0.025107,0.106732,139.000000,0.000000,63621.000000,0.000000,27.800000,12724.200000,32.000000,4.343750,6.400000,0.000000
sess_20260820_web_062_flow_00001,real_sess_20260820_web_062,sess_20260820_web_062,Web,env_win11_wifi,LOW_BANDWIDTH,day_1,2026-08-20,batch_20260820_02,dev_win11_laptop,wifi,warp_enabled,web_news,real,v2,sess_20260820_web_062_flow_00001_win_5s,window_5s,0.000,5.000,0,202.000000,137867.000000,682.509901,231.321457,686.000000,1012.850000,0.024622,0.023556,0.016525,0.071054,202.000000,0.000000,137867.000000,0.000000,40.400000,27573.400000,31.000000,6.516129,6.200000,0.000000
sess_20260820_web_063_flow_00000,real_sess_20260820_web_063,sess_20260820_web_063,Web,env_win11_eth,NORMAL,day_1,2026-08-20,batch_20260820_03,dev_win11_desktop,ethernet,warp_disabled,web_ecommerce,real,v2,sess_20260820_web_063_flow_00000_win_5s,window_5s,0.000,5.000,0,52.000000,15109.000000,290.557692,109.576881,303.500000,449.000000,0.095039,0.098096,0.055275,0.289681,52.000000,0.000000,15109.000000,0.000000,10.400000,3021.800000,31.000000,1.677419,6.200000,0.000000
sess_20260820_web_063_flow_00001,real_sess_20260820_web_063,sess_20260820_web_063,Web,env_win11_eth,NORMAL,day_1,2026-08-20,batch_20260820_03,dev_win11_desktop,ethernet,warp_disabled,web_ecommerce,real,v2,sess_20260820_web_063_flow_00001_win_5s,window_5s,0.000,5.000,0,46.000000,12878.000000,279.956522,97.782802,298.000000,427.750000,0.110194,0.101577,0.087717,0.330636,46.000000,0.000000,12878.000000,0.000000,9.200000,2575.600000,31.000000,1.483871,6.200000,0.000000
sess_20260820_web_064_flow_00000,real_sess_20260820_web_064,sess_20260820_web_064,Web,env_win11_eth,HIGH_LATENCY,day_1,2026-08-20,batch_20260820_04,dev_win11_desktop,ethernet,warp_enabled,web_github_docs,real,v2,sess_20260820_web_064_flow_00000_win_5s,window_5s,0.000,5.000,0,13.000000,2840.000000,218.461538,95.619129,236.000000,382.200000,0.399830,0.343493,0.286217,1.040675,13.000000,0.000000,2840.000000,0.000000,2.600000,568.000000,11.000000,1.181818,2.200000,0.000000
sess_20260820_web_064_flow_00001,real_sess_20260820_web_064,sess_20260820_web_064,Web,env_win11_eth,HIGH_LATENCY,day_1,2026-08-20,batch_20260820_04,dev_win11_desktop,ethernet,warp_enabled,web_github_docs,real,v2,sess_20260820_web_064_flow_00001_win_5s,window_5s,0.000,5.000,0,9.000000,2345.000000,260.555556,72.830261,276.000000,360.200000,0.538693,0.466495,0.362354,1.349172,9.000000,0.000000,2345.000000,0.000000,1.800000,469.000000,8.000000,1.125000,1.600000,0.000000
sess_20260821_web_065_flow_00000,real_sess_20260821_web_065,sess_20260821_web_065,Web,env_win11_wifi,NORMAL,day_2,2026-08-21,batch_20260821_01,dev_win11_laptop,wifi,warp_enabled,web_tech_blogs,real,v2,sess_20260821_web_065_flow_00000_win_5s,window_5s,0.000,5.000,0,41.000000,11355.000000,276.951220,79.070191,282.000000,386.000000,0.122339,0.149599,0.074058,0.379252,41.000000,0.000000,11355.000000,0.000000,8.200000,2271.000000,27.000000,1.518519,5.400000,0.000000
sess_20260821_web_065_flow_00001,real_sess_20260821_web_065,sess_20260821_web_065,Web,env_win11_wifi,NORMAL,day_2,2026-08-21,batch_20260821_01,dev_win11_laptop,wifi,warp_enabled,web_tech_blogs,real,v2,sess_20260821_web_065_flow_00001_win_5s,window_5s,0.000,5.000,0,64.000000,16825.000000,262.890625,87.628141,270.000000,397.950000,0.078719,0.085291,0.057625,0.263690,64.000000,0.000000,16825.000000,0.000000,12.800000,3365.000000,37.000000,1.729730,7.400000,0.000000
sess_20260821_web_066_flow_00000,real_sess_20260821_web_066,sess_20260821_web_066,Web,env_win11_wifi,HIGH_LATENCY,day_2,2026-08-21,batch_20260821_02,dev_win11_laptop,wifi,warp_enabled,web_wikipedia,real,v2,sess_20260821_web_066_flow_00000_win_5s,window_5s,0.000,5.000,0,30.000000,15182.000000,506.066667,216.297932,521.500000,821.200000,0.156004,0.144482,0.079250,0.429756,30.000000,0.000000,15182.000000,0.000000,6.000000,3036.400000,22.000000,1.363636,4.400000,0.000000
sess_20260821_web_066_flow_00001,real_sess_20260821_web_066,sess_20260821_web_066,Web,env_win11_wifi,HIGH_LATENCY,day_2,2026-08-21,batch_20260821_02,dev_win11_laptop,wifi,warp_enabled,web_wikipedia,real,v2,sess_20260821_web_066_flow_00001_win_5s,window_5s,0.000,5.000,0,21.000000,11197.000000,533.190476,255.766564,514.000000,864.000000,0.249361,0.205688,0.161014,0.572846,21.000000,0.000000,11197.000000,0.000000,4.200000,2239.400000,18.000000,1.166667,3.600000,0.000000
sess_20260821_web_067_flow_00000,real_sess_20260821_web_067,sess_20260821_web_067,Web,env_win11_cellular,NORMAL,day_2,2026-08-21,batch_20260821_03,dev_win11_laptop,cellular,warp_disabled,web_news,real,v2,sess_20260821_web_067_flow_00000_win_5s,window_5s,0.000,5.000,0,147.000000,48818.000000,332.095238,106.216012,334.000000,510.100000,0.034194,0.035225,0.019530,0.102303,147.000000,0.000000,48818.000000,0.000000,29.400000,9763.600000,39.000000,3.769231,7.800000,0.000000
sess_20260821_web_067_flow_00001,real_sess_20260821_web_067,sess_20260821_web_067,Web,env_win11_cellular,NORMAL,day_2,2026-08-21,batch_20260821_03,dev_win11_laptop,cellular,warp_disabled,web_news,real,v2,sess_20260821_web_067_flow_00001_win_5s,window_5s,0.000,5.000,0,142.000000,46545.000000,327.781690,114.558867,319.500000,511.400000,0.034907,0.032964,0.026295,0.099916,142.000000,0.000000,46545.000000,0.000000,28.400000,9309.000000,38.000000,3.736842,7.600000,0.000000
sess_20260821_web_068_flow_00000,real_sess_20260821_web_068,sess_20260821_web_068,Web,env_win11_cellular,LOW_BANDWIDTH,day_2,2026-08-21,batch_20260821_04,dev_win11_laptop,cellular,warp_enabled,web_ecommerce,real,v2,sess_20260821_web_068_flow_00000_win_5s,window_5s,0.000,5.000,0,54.000000,7081.000000,131.129630,38.932062,138.000000,190.750000,0.093941,0.087510,0.061452,0.283037,54.000000,0.000000,7081.000000,0.000000,10.800000,1416.200000,28.000000,1.928571,5.600000,0.000000
sess_20260821_web_068_flow_00001,real_sess_20260821_web_068,sess_20260821_web_068,Web,env_win11_cellular,LOW_BANDWIDTH,day_2,2026-08-21,batch_20260821_04,dev_win11_laptop,cellular,warp_enabled,web_ecommerce,real,v2,sess_20260821_web_068_flow_00001_win_5s,window_5s,0.000,5.000,0,77.000000,15687.000000,203.727273,65.559854,193.000000,304.400000,0.063679,0.053910,0.050354,0.180498,77.000000,0.000000,15687.000000,0.000000,15.400000,3137.400000,39.000000,1.974359,7.800000,0.000000
sess_20260822_web_069_flow_00000,real_sess_20260822_web_069,sess_20260822_web_069,Web,env_win11_eth,NORMAL,day_3,2026-08-22,batch_20260822_01,dev_win11_desktop,ethernet,warp_enabled,web_github_docs,real,v2,sess_20260822_web_069_flow_00000_win_5s,window_5s,0.000,5.000,0,183.000000,154817.000000,845.994536,300.541488,860.000000,1303.200000,0.027447,0.027470,0.017439,0.090608,183.000000,0.000000,154817.000000,0.000000,36.600000,30963.400000,32.000000,5.718750,6.400000,0.000000
sess_20260822_web_069_flow_00001,real_sess_20260822_web_069,sess_20260822_web_069,Web,env_win11_eth,NORMAL,day_3,2026-08-22,batch_20260822_01,dev_win11_desktop,ethernet,warp_enabled,web_github_docs,real,v2,sess_20260822_web_069_flow_00001_win_5s,window_5s,0.000,5.000,0,173.000000,142759.000000,825.196532,272.399924,818.000000,1261.400000,0.028752,0.027632,0.020068,0.091658,173.000000,0.000000,142759.000000,0.000000,34.600000,28551.800000,31.000000,5.580645,6.200000,0.000000
sess_20260822_web_070_flow_00000,real_sess_20260822_web_070,sess_20260822_web_070,Web,env_win11_eth,PACKET_LOSS,day_3,2026-08-22,batch_20260822_02,dev_win11_desktop,ethernet,warp_enabled,web_tech_blogs,real,v2,sess_20260822_web_070_flow_00000_win_5s,window_5s,0.000,5.000,0,126.000000,32245.000000,255.912698,87.838779,264.000000,392.500000,0.038982,0.040984,0.026271,0.112114,126.000000,0.000000,32245.000000,0.000000,25.200000,6449.000000,34.000000,3.705882,6.800000,0.000000
sess_20260822_web_070_flow_00001,real_sess_20260822_web_070,sess_20260822_web_070,Web,env_win11_eth,PACKET_LOSS,day_3,2026-08-22,batch_20260822_02,dev_win11_desktop,ethernet,warp_enabled,web_tech_blogs,real,v2,sess_20260822_web_070_flow_00001_win_5s,window_5s,0.000,5.000,0,116.000000,26235.000000,226.163793,80.627811,226.000000,350.750000,0.043117,0.041102,0.029239,0.122992,116.000000,0.000000,26235.000000,0.000000,23.200000,5247.000000,41.000000,2.829268,8.200000,0.000000
sess_20260822_web_071_flow_00000,real_sess_20260822_web_071,sess_20260822_web_071,Web,env_win11_cellular,HIGH_LATENCY,day_3,2026-08-22,batch_20260822_03,dev_win11_laptop,cellular,warp_enabled,web_wikipedia,real,v2,sess_20260822_web_071_flow_00000_win_5s,window_5s,0.000,5.000,0,16.000000,3007.000000,187.937500,62.150492,178.500000,275.250000,0.317206,0.251516,0.304152,0.700462,16.000000,0.000000,3007.000000,0.000000,3.200000,601.400000,13.000000,1.230769,2.600000,0.000000
sess_20260822_web_071_flow_00001,real_sess_20260822_web_071,sess_20260822_web_071,Web,env_win11_cellular,HIGH_LATENCY,day_3,2026-08-22,batch_20260822_03,dev_win11_laptop,cellular,warp_enabled,web_wikipedia,real,v2,sess_20260822_web_071_flow_00001_win_5s,window_5s,0.000,5.000,0,19.000000,4024.000000,211.789474,62.410845,215.000000,321.900000,0.251893,0.153814,0.202663,0.540065,19.000000,0.000000,4024.000000,0.000000,3.800000,804.800000,18.000000,1.055556,3.600000,0.000000
sess_20260822_web_072_flow_00000,real_sess_20260822_web_072,sess_20260822_web_072,Web,env_win11_cellular,NORMAL,day_3,2026-08-22,batch_20260822_04,dev_win11_laptop,cellular,warp_disabled,web_news,real,v2,sess_20260822_web_072_flow_00000_win_5s,window_5s,0.000,5.000,0,41.000000,12381.000000,301.975610,106.683825,324.000000,456.000000,0.124615,0.122546,0.079233,0.362734,41.000000,0.000000,12381.000000,0.000000,8.200000,2476.200000,25.000000,1.640000,5.000000,0.000000
sess_20260822_web_072_flow_00001,real_sess_20260822_web_072,sess_20260822_web_072,Web,env_win11_cellular,NORMAL,day_3,2026-08-22,batch_20260822_04,dev_win11_laptop,cellular,warp_disabled,web_news,real,v2,sess_20260822_web_072_flow_00001_win_5s,window_5s,0.000,5.000,0,46.000000,13731.000000,298.500000,97.614092,300.000000,416.500000,0.110782,0.108623,0.069209,0.362414,46.000000,0.000000,13731.000000,0.000000,9.200000,2746.200000,28.000000,1.642857,5.600000,0.000000
sess_20260823_web_073_flow_00000,real_sess_20260823_web_073,sess_20260823_web_073,Web,env_win11_wifi,LOW_BANDWIDTH,day_4,2026-08-23,batch_20260823_02,dev_win11_laptop,wifi,warp_enabled,web_ecommerce,real,v2,sess_20260823_web_073_flow_00000_win_5s,window_5s,0.000,5.000,0,34.000000,3517.000000,103.441176,34.063255,104.000000,151.100000,0.144862,0.122428,0.106480,0.352569,34.000000,0.000000,3517.000000,0.000000,6.800000,703.400000,23.000000,1.478261,4.600000,0.000000
sess_20260823_web_073_flow_00001,real_sess_20260823_web_073,sess_20260823_web_073,Web,env_win11_wifi,LOW_BANDWIDTH,day_4,2026-08-23,batch_20260823_02,dev_win11_laptop,wifi,warp_enabled,web_ecommerce,real,v2,sess_20260823_web_073_flow_00001_win_5s,window_5s,0.000,5.000,0,23.000000,2056.000000,89.391304,27.600786,96.000000,135.600000,0.226198,0.212704,0.152397,0.742090,23.000000,0.000000,2056.000000,0.000000,4.600000,411.200000,19.000000,1.210526,3.800000,0.000000
sess_20260823_web_074_flow_00000,real_sess_20260823_web_074,sess_20260823_web_074,Web,env_win11_eth,LOW_BANDWIDTH,day_4,2026-08-23,batch_20260823_03,dev_win11_desktop,ethernet,warp_enabled,web_github_docs,real,v2,sess_20260823_web_074_flow_00000_win_5s,window_5s,0.000,5.000,0,35.000000,3791.000000,108.314286,40.875960,108.000000,181.000000,0.130590,0.114395,0.083226,0.331008,35.000000,0.000000,3791.000000,0.000000,7.000000,758.200000,25.000000,1.400000,5.000000,0.000000
sess_20260823_web_074_flow_00001,real_sess_20260823_web_074,sess_20260823_web_074,Web,env_win11_eth,LOW_BANDWIDTH,day_4,2026-08-23,batch_20260823_03,dev_win11_desktop,ethernet,warp_enabled,web_github_docs,real,v2,sess_20260823_web_074_flow_00001_win_5s,window_5s,0.000,5.000,0,23.000000,2125.000000,92.391304,25.036910,100.000000,120.700000,0.211666,0.227611,0.107001,0.662539,23.000000,0.000000,2125.000000,0.000000,4.600000,425.000000,16.000000,1.437500,3.200000,0.000000
sess_20260823_web_075_flow_00000,real_sess_20260823_web_075,sess_20260823_web_075,Web,env_win11_cellular,NORMAL,day_4,2026-08-23,batch_20260823_04,dev_win11_laptop,cellular,warp_enabled,web_tech_blogs,real,v2,sess_20260823_web_075_flow_00000_win_5s,window_5s,0.000,5.000,0,42.000000,10121.000000,240.976190,104.895070,230.000000,423.750000,0.120135,0.109713,0.072959,0.311346,42.000000,0.000000,10121.000000,0.000000,8.400000,2024.200000,28.000000,1.500000,5.600000,0.000000
sess_20260823_web_075_flow_00001,real_sess_20260823_web_075,sess_20260823_web_075,Web,env_win11_cellular,NORMAL,day_4,2026-08-23,batch_20260823_04,dev_win11_laptop,cellular,warp_enabled,web_tech_blogs,real,v2,sess_20260823_web_075_flow_00001_win_5s,window_5s,0.000,5.000,0,40.000000,9861.000000,246.525000,101.339032,230.000000,419.800000,0.128079,0.106281,0.101297,0.339869,40.000000,0.000000,9861.000000,0.000000,8.000000,1972.200000,29.000000,1.379310,5.800000,0.000000
sess_20260820_video_076_flow_00000,real_sess_20260820_video_076,sess_20260820_video_076,Video,env_win11_wifi,NORMAL,day_1,2026-08-20,batch_20260820_01,dev_win11_laptop,wifi,warp_enabled,vid_youtube_1080p,real,v2,sess_20260820_video_076_flow_00000_win_5s,window_5s,0.000,5.000,0,1250.000000,1444154.000000,1155.323200,294.824685,1257.500000,1420.000000,0.003999,0.004057,0.002740,0.011865,1250.000000,0.000000,1444154.000000,0.000000,250.000000,288830.800000,1.000000,1250.000000,0.200000,0.000000
sess_20260820_video_076_flow_00001,real_sess_20260820_video_076,sess_20260820_video_076,Video,env_win11_wifi,NORMAL,day_1,2026-08-20,batch_20260820_01,dev_win11_laptop,wifi,warp_enabled,vid_youtube_1080p,real,v2,sess_20260820_video_076_flow_00001_win_5s,window_5s,0.000,5.000,0,1379.000000,1589570.000000,1152.697607,301.454354,1249.000000,1420.000000,0.003626,0.003549,0.002612,0.010389,1379.000000,0.000000,1589570.000000,0.000000,275.800000,317914.000000,1.000000,1379.000000,0.200000,0.000000
sess_20260820_video_077_flow_00000,real_sess_20260820_video_077,sess_20260820_video_077,Video,env_win11_wifi,LOW_BANDWIDTH,day_1,2026-08-20,batch_20260820_02,dev_win11_laptop,wifi,warp_enabled,vid_vimeo_720p,real,v2,sess_20260820_video_077_flow_00000_win_5s,window_5s,0.000,5.000,0,119.000000,14741.000000,123.873950,38.777442,120.000000,191.100000,0.040349,0.037485,0.030615,0.125140,119.000000,0.000000,14741.000000,0.000000,23.800000,2948.200000,39.000000,3.051282,7.800000,0.000000
sess_20260820_video_077_flow_00001,real_sess_20260820_video_077,sess_20260820_video_077,Video,env_win11_wifi,LOW_BANDWIDTH,day_1,2026-08-20,batch_20260820_02,dev_win11_laptop,wifi,warp_enabled,vid_vimeo_720p,real,v2,sess_20260820_video_077_flow_00001_win_5s,window_5s,0.000,5.000,0,113.000000,11045.000000,97.743363,29.315428,99.000000,144.000000,0.044586,0.040728,0.037212,0.126879,113.000000,0.000000,11045.000000,0.000000,22.600000,2209.000000,35.000000,3.228571,7.000000,0.000000
sess_20260820_video_078_flow_00000,real_sess_20260820_video_078,sess_20260820_video_078,Video,env_win11_eth,NORMAL,day_1,2026-08-20,batch_20260820_03,dev_win11_desktop,ethernet,warp_disabled,vid_twitch_live,real,v2,sess_20260820_video_078_flow_00000_win_5s,window_5s,0.000,5.000,0,322.000000,347922.000000,1080.503106,317.686496,1121.000000,1420.000000,0.015442,0.016817,0.010582,0.048781,322.000000,0.000000,347922.000000,0.000000,64.400000,69584.400000,16.000000,20.125000,3.200000,0.000000
sess_20260820_video_078_flow_00001,real_sess_20260820_video_078,sess_20260820_video_078,Video,env_win11_eth,NORMAL,day_1,2026-08-20,batch_20260820_03,dev_win11_desktop,ethernet,warp_disabled,vid_twitch_live,real,v2,sess_20260820_video_078_flow_00001_win_5s,window_5s,0.000,5.000,0,329.000000,363940.000000,1106.200608,286.488396,1152.000000,1420.000000,0.015223,0.016193,0.011222,0.041390,329.000000,0.000000,363940.000000,0.000000,65.800000,72788.000000,9.000000,36.555556,1.800000,0.000000
sess_20260820_video_079_flow_00000,real_sess_20260820_video_079,sess_20260820_video_079,Video,env_win11_eth,HIGH_LATENCY,day_1,2026-08-20,batch_20260820_04,dev_win11_desktop,ethernet,warp_enabled,vid_dailymotion_sd,real,v2,sess_20260820_video_079_flow_00000_win_5s,window_5s,0.000,5.000,0,43.000000,10400.000000,241.860465,85.670972,252.000000,401.900000,0.118678,0.103769,0.091201,0.312702,43.000000,0.000000,10400.000000,0.000000,8.600000,2080.000000,29.000000,1.482759,5.800000,0.000000
sess_20260820_video_079_flow_00001,real_sess_20260820_video_079,sess_20260820_video_079,Video,env_win11_eth,HIGH_LATENCY,day_1,2026-08-20,batch_20260820_04,dev_win11_desktop,ethernet,warp_enabled,vid_dailymotion_sd,real,v2,sess_20260820_video_079_flow_00001_win_5s,window_5s,0.000,5.000,0,34.000000,8924.000000,262.470588,86.043161,266.000000,403.700000,0.149623,0.150555,0.110461,0.331970,34.000000,0.000000,8924.000000,0.000000,6.800000,1784.800000,25.000000,1.360000,5.000000,0.000000
sess_20260821_video_080_flow_00000,real_sess_20260821_video_080,sess_20260821_video_080,Video,env_win11_wifi,NORMAL,day_2,2026-08-21,batch_20260821_01,dev_win11_laptop,wifi,warp_enabled,vid_netflix_4k,real,v2,sess_20260821_video_080_flow_00000_win_5s,window_5s,0.000,5.000,0,618.000000,472686.000000,764.864078,264.619653,767.500000,1212.000000,0.008100,0.008165,0.005905,0.023891,618.000000,0.000000,472686.000000,0.000000,123.600000,94537.200000,3.000000,206.000000,0.600000,0.000000
sess_20260821_video_080_flow_00001,real_sess_20260821_video_080,sess_20260821_video_080,Video,env_win11_wifi,NORMAL,day_2,2026-08-21,batch_20260821_01,dev_win11_laptop,wifi,warp_enabled,vid_netflix_4k,real,v2,sess_20260821_video_080_flow_00001_win_5s,window_5s,0.000,5.000,0,622.000000,484445.000000,778.850482,258.611681,771.500000,1216.450000,0.008043,0.007589,0.005605,0.023813,622.000000,0.000000,484445.000000,0.000000,124.400000,96889.000000,1.000000,622.000000,0.200000,0.000000
sess_20260821_video_081_flow_00000,real_sess_20260821_video_081,sess_20260821_video_081,Video,env_win11_wifi,HIGH_LATENCY,day_2,2026-08-21,batch_20260821_02,dev_win11_laptop,wifi,warp_enabled,vid_youtube_1080p,real,v2,sess_20260821_video_081_flow_00000_win_5s,window_5s,0.000,5.000,0,246.000000,250902.000000,1019.926829,321.016682,1067.000000,1420.000000,0.020403,0.020126,0.014231,0.052396,246.000000,0.000000,250902.000000,0.000000,49.200000,50180.400000,18.000000,13.666667,3.600000,0.000000
sess_20260821_video_081_flow_00001,real_sess_20260821_video_081,sess_20260821_video_081,Video,env_win11_wifi,HIGH_LATENCY,day_2,2026-08-21,batch_20260821_02,dev_win11_laptop,wifi,warp_enabled,vid_youtube_1080p,real,v2,sess_20260821_video_081_flow_00001_win_5s,window_5s,0.000,5.000,0,225.000000,234650.000000,1042.888889,322.666283,1088.000000,1420.000000,0.022290,0.020902,0.016905,0.065237,225.000000,0.000000,234650.000000,0.000000,45.000000,46930.000000,25.000000,9.000000,5.000000,0.000000
sess_20260821_video_082_flow_00000,real_sess_20260821_video_082,sess_20260821_video_082,Video,env_win11_cellular,NORMAL,day_2,2026-08-21,batch_20260821_03,dev_win11_laptop,cellular,warp_disabled,vid_vimeo_720p,real,v2,sess_20260821_video_082_flow_00000_win_5s,window_5s,0.000,5.000,0,64.000000,53074.000000,829.281250,312.855172,846.000000,1305.850000,0.078414,0.086128,0.065600,0.190819,64.000000,0.000000,53074.000000,0.000000,12.800000,10614.800000,34.000000,1.882353,6.800000,0.000000
sess_20260821_video_082_flow_00001,real_sess_20260821_video_082,sess_20260821_video_082,Video,env_win11_cellular,NORMAL,day_2,2026-08-21,batch_20260821_03,dev_win11_laptop,cellular,warp_disabled,vid_vimeo_720p,real,v2,sess_20260821_video_082_flow_00001_win_5s,window_5s,0.000,5.000,0,84.000000,68587.000000,816.511905,271.079873,839.000000,1239.300000,0.059437,0.056338,0.037105,0.194167,84.000000,0.000000,68587.000000,0.000000,16.800000,13717.400000,36.000000,2.333333,7.200000,0.000000
sess_20260821_video_083_flow_00000,real_sess_20260821_video_083,sess_20260821_video_083,Video,env_win11_cellular,LOW_BANDWIDTH,day_2,2026-08-21,batch_20260821_04,dev_win11_laptop,cellular,warp_enabled,vid_twitch_live,real,v2,sess_20260821_video_083_flow_00000_win_5s,window_5s,0.000,5.000,0,27.000000,1821.000000,67.444444,20.609838,69.000000,95.700000,0.183942,0.151262,0.132668,0.496142,27.000000,0.000000,1821.000000,0.000000,5.400000,364.200000,24.000000,1.125000,4.800000,0.000000
sess_20260821_video_083_flow_00001,real_sess_20260821_video_083,sess_20260821_video_083,Video,env_win11_cellular,LOW_BANDWIDTH,day_2,2026-08-21,batch_20260821_04,dev_win11_laptop,cellular,warp_enabled,vid_twitch_live,real,v2,sess_20260821_video_083_flow_00001_win_5s,window_5s,0.000,5.000,0,23.000000,2950.000000,128.260870,47.005289,126.000000,209.000000,0.225073,0.239459,0.158492,0.473269,23.000000,0.000000,2950.000000,0.000000,4.600000,590.000000,18.000000,1.277778,3.600000,0.000000
sess_20260822_video_084_flow_00000,real_sess_20260822_video_084,sess_20260822_video_084,Video,env_win11_eth,NORMAL,day_3,2026-08-22,batch_20260822_01,dev_win11_desktop,ethernet,warp_enabled,vid_dailymotion_sd,real,v2,sess_20260822_video_084_flow_00000_win_5s,window_5s,0.000,5.000,0,1047.000000,1212173.000000,1157.758357,300.602105,1252.000000,1420.000000,0.004774,0.004708,0.003400,0.014031,1047.000000,0.000000,1212173.000000,0.000000,209.400000,242434.600000,1.000000,1047.000000,0.200000,0.000000
sess_20260822_video_084_flow_00001,real_sess_20260822_video_084,sess_20260822_video_084,Video,env_win11_eth,NORMAL,day_3,2026-08-22,batch_20260822_01,dev_win11_desktop,ethernet,warp_enabled,vid_dailymotion_sd,real,v2,sess_20260822_video_084_flow_00001_win_5s,window_5s,0.000,5.000,0,1078.000000,1243078.000000,1153.133581,317.612255,1268.500000,1420.000000,0.004638,0.004705,0.003193,0.013721,1078.000000,0.000000,1243078.000000,0.000000,215.600000,248615.600000,1.000000,1078.000000,0.200000,0.000000
sess_20260822_video_085_flow_00000,real_sess_20260822_video_085,sess_20260822_video_085,Video,env_win11_eth,PACKET_LOSS,day_3,2026-08-22,batch_20260822_02,dev_win11_desktop,ethernet,warp_enabled,vid_netflix_4k,real,v2,sess_20260822_video_085_flow_00000_win_5s,window_5s,0.000,5.000,0,209.000000,53457.000000,255.775120,84.398361,251.000000,400.800000,0.024016,0.024637,0.016074,0.068646,209.000000,0.000000,53457.000000,0.000000,41.800000,10691.400000,29.000000,7.206897,5.800000,0.000000
sess_20260822_video_085_flow_00001,real_sess_20260822_video_085,sess_20260822_video_085,Video,env_win11_eth,PACKET_LOSS,day_3,2026-08-22,batch_20260822_02,dev_win11_desktop,ethernet,warp_enabled,vid_netflix_4k,real,v2,sess_20260822_video_085_flow_00001_win_5s,window_5s,0.000,5.000,0,200.000000,54044.000000,270.220000,97.877125,268.500000,423.200000,0.025004,0.026946,0.017227,0.073455,200.000000,0.000000,54044.000000,0.000000,40.000000,10808.800000,29.000000,6.896552,5.800000,0.000000
sess_20260822_video_086_flow_00000,real_sess_20260822_video_086,sess_20260822_video_086,Video,env_win11_cellular,HIGH_LATENCY,day_3,2026-08-22,batch_20260822_03,dev_win11_laptop,cellular,warp_enabled,vid_youtube_1080p,real,v2,sess_20260822_video_086_flow_00000_win_5s,window_5s,0.000,5.000,0,284.000000,327673.000000,1153.778169,319.725273,1269.500000,1420.000000,0.017559,0.016651,0.012640,0.046930,284.000000,0.000000,327673.000000,0.000000,56.800000,65534.600000,14.000000,20.285714,2.800000,0.000000
sess_20260822_video_086_flow_00001,real_sess_20260822_video_086,sess_20260822_video_086,Video,env_win11_cellular,HIGH_LATENCY,day_3,2026-08-22,batch_20260822_03,dev_win11_laptop,cellular,warp_enabled,vid_youtube_1080p,real,v2,sess_20260822_video_086_flow_00001_win_5s,window_5s,0.000,5.000,0,382.000000,446878.000000,1169.837696,300.645980,1266.500000,1420.000000,0.013118,0.012896,0.009043,0.036877,382.000000,0.000000,446878.000000,0.000000,76.400000,89375.600000,10.000000,38.200000,2.000000,0.000000
sess_20260822_video_087_flow_00000,real_sess_20260822_video_087,sess_20260822_video_087,Video,env_win11_cellular,NORMAL,day_3,2026-08-22,batch_20260822_04,dev_win11_laptop,cellular,warp_disabled,vid_vimeo_720p,real,v2,sess_20260822_video_087_flow_00000_win_5s,window_5s,0.000,5.000,0,161.000000,36495.000000,226.677019,83.005919,234.000000,371.000000,0.031205,0.030446,0.021073,0.096610,161.000000,0.000000,36495.000000,0.000000,32.200000,7299.000000,35.000000,4.600000,7.000000,0.000000
sess_20260822_video_087_flow_00001,real_sess_20260822_video_087,sess_20260822_video_087,Video,env_win11_cellular,NORMAL,day_3,2026-08-22,batch_20260822_04,dev_win11_laptop,cellular,warp_disabled,vid_vimeo_720p,real,v2,sess_20260822_video_087_flow_00001_win_5s,window_5s,0.000,5.000,0,166.000000,35122.000000,211.578313,70.687948,210.500000,330.500000,0.030189,0.029281,0.021696,0.085449,166.000000,0.000000,35122.000000,0.000000,33.200000,7024.400000,32.000000,5.187500,6.400000,0.000000
sess_20260823_video_088_flow_00000,real_sess_20260823_video_088,sess_20260823_video_088,Video,env_win11_wifi,LOW_BANDWIDTH,day_4,2026-08-23,batch_20260823_02,dev_win11_laptop,wifi,warp_enabled,vid_twitch_live,real,v2,sess_20260823_video_088_flow_00000_win_5s,window_5s,0.000,5.000,0,657.000000,372108.000000,566.374429,188.663334,565.000000,879.000000,0.007622,0.007666,0.005312,0.023099,657.000000,0.000000,372108.000000,0.000000,131.400000,74421.600000,2.000000,328.500000,0.400000,0.000000
sess_20260823_video_088_flow_00001,real_sess_20260823_video_088,sess_20260823_video_088,Video,env_win11_wifi,LOW_BANDWIDTH,day_4,2026-08-23,batch_20260823_02,dev_win11_laptop,wifi,warp_enabled,vid_twitch_live,real,v2,sess_20260823_video_088_flow_00001_win_5s,window_5s,0.000,5.000,0,591.000000,476655.000000,806.522843,278.252255,815.000000,1274.500000,0.008449,0.008286,0.005838,0.025523,591.000000,0.000000,476655.000000,0.000000,118.200000,95331.000000,2.000000,295.500000,0.400000,0.000000
sess_20260823_video_089_flow_00000,real_sess_20260823_video_089,sess_20260823_video_089,Video,env_win11_eth,LOW_BANDWIDTH,day_4,2026-08-23,batch_20260823_03,dev_win11_desktop,ethernet,warp_enabled,vid_dailymotion_sd,real,v2,sess_20260823_video_089_flow_00000_win_5s,window_5s,0.000,5.000,0,96.000000,9893.000000,103.052083,30.180143,104.000000,152.250000,0.052176,0.049706,0.041320,0.130815,96.000000,0.000000,9893.000000,0.000000,19.200000,1978.600000,37.000000,2.594595,7.400000,0.000000
sess_20260823_video_089_flow_00001,real_sess_20260823_video_089,sess_20260823_video_089,Video,env_win11_eth,LOW_BANDWIDTH,day_4,2026-08-23,batch_20260823_03,dev_win11_desktop,ethernet,warp_enabled,vid_dailymotion_sd,real,v2,sess_20260823_video_089_flow_00001_win_5s,window_5s,0.000,5.000,0,101.000000,10855.000000,107.475248,32.368728,105.000000,172.000000,0.049507,0.050893,0.040423,0.132105,101.000000,0.000000,10855.000000,0.000000,20.200000,2171.000000,40.000000,2.525000,8.000000,0.000000
sess_20260823_video_090_flow_00000,real_sess_20260823_video_090,sess_20260823_video_090,Video,env_win11_cellular,NORMAL,day_4,2026-08-23,batch_20260823_04,dev_win11_laptop,cellular,warp_enabled,vid_netflix_4k,real,v2,sess_20260823_video_090_flow_00000_win_5s,window_5s,0.000,5.000,0,78.000000,16148.000000,207.025641,82.848019,199.500000,329.950000,0.064031,0.062899,0.043759,0.167613,78.000000,0.000000,16148.000000,0.000000,15.600000,3229.600000,37.000000,2.108108,7.400000,0.000000
sess_20260823_video_090_flow_00001,real_sess_20260823_video_090,sess_20260823_video_090,Video,env_win11_cellular,NORMAL,day_4,2026-08-23,batch_20260823_04,dev_win11_laptop,cellular,warp_enabled,vid_netflix_4k,real,v2,sess_20260823_video_090_flow_00001_win_5s,window_5s,0.000,5.000,0,78.000000,15909.000000,203.961538,69.784364,210.500000,308.300000,0.064536,0.058359,0.046776,0.169389,78.000000,0.000000,15909.000000,0.000000,15.600000,3181.800000,39.000000,2.000000,7.800000,0.000000
sess_20260820_messaging_091_flow_00000,real_sess_20260820_messaging_091,sess_20260820_messaging_091,Messaging,env_win11_wifi,NORMAL,day_1,2026-08-20,batch_20260820_01,dev_win11_laptop,wifi,warp_enabled,msg_slack_chat,real,v2,sess_20260820_messaging_091_flow_00000_win_5s,window_5s,0.000,5.000,0,543.000000,605750.000000,1115.561694,304.874861,1186.000000,1420.000000,0.009205,0.009746,0.006065,0.029726,543.000000,0.000000,605750.000000,0.000000,108.600000,121150.000000,3.000000,181.000000,0.600000,0.000000
sess_20260820_messaging_091_flow_00001,real_sess_20260820_messaging_091,sess_20260820_messaging_091,Messaging,env_win11_wifi,NORMAL,day_1,2026-08-20,batch_20260820_01,dev_win11_laptop,wifi,warp_enabled,msg_slack_chat,real,v2,sess_20260820_messaging_091_flow_00001_win_5s,window_5s,0.000,5.000,0,481.000000,546841.000000,1136.883576,298.247750,1225.000000,1420.000000,0.010413,0.010858,0.006902,0.033129,481.000000,0.000000,546841.000000,0.000000,96.200000,109368.200000,6.000000,80.166667,1.200000,0.000000
sess_20260820_messaging_092_flow_00000,real_sess_20260820_messaging_092,sess_20260820_messaging_092,Messaging,env_win11_wifi,LOW_BANDWIDTH,day_1,2026-08-20,batch_20260820_02,dev_win11_laptop,wifi,warp_enabled,msg_discord_text,real,v2,sess_20260820_messaging_092_flow_00000_win_5s,window_5s,0.000,5.000,0,45.000000,5680.000000,126.222222,42.423730,121.000000,210.600000,0.107636,0.095877,0.087430,0.303952,45.000000,0.000000,5680.000000,0.000000,9.000000,1136.000000,29.000000,1.551724,5.800000,0.000000
sess_20260820_messaging_092_flow_00001,real_sess_20260820_messaging_092,sess_20260820_messaging_092,Messaging,env_win11_wifi,LOW_BANDWIDTH,day_1,2026-08-20,batch_20260820_02,dev_win11_laptop,wifi,warp_enabled,msg_discord_text,real,v2,sess_20260820_messaging_092_flow_00001_win_5s,window_5s,0.000,5.000,0,85.000000,7673.000000,90.270588,32.070286,92.000000,143.800000,0.059373,0.056215,0.042373,0.162476,85.000000,0.000000,7673.000000,0.000000,17.000000,1534.600000,34.000000,2.500000,6.800000,0.000000
sess_20260820_messaging_093_flow_00000,real_sess_20260820_messaging_093,sess_20260820_messaging_093,Messaging,env_win11_eth,NORMAL,day_1,2026-08-20,batch_20260820_03,dev_win11_desktop,ethernet,warp_disabled,msg_telegram_sync,real,v2,sess_20260820_messaging_093_flow_00000_win_5s,window_5s,0.000,5.000,0,528.000000,114624.000000,217.090909,71.288834,215.000000,336.600000,0.009487,0.009716,0.006849,0.029132,528.000000,0.000000,114624.000000,0.000000,105.600000,22924.800000,5.000000,105.600000,1.000000,0.000000
sess_20260820_messaging_093_flow_00001,real_sess_20260820_messaging_093,sess_20260820_messaging_093,Messaging,env_win11_eth,NORMAL,day_1,2026-08-20,batch_20260820_03,dev_win11_desktop,ethernet,warp_disabled,msg_telegram_sync,real,v2,sess_20260820_messaging_093_flow_00001_win_5s,window_5s,0.000,5.000,0,592.000000,130849.000000,221.028716,72.292790,222.000000,334.350000,0.008452,0.008298,0.005637,0.024484,592.000000,0.000000,130849.000000,0.000000,118.400000,26169.800000,2.000000,296.000000,0.400000,0.000000
sess_20260820_messaging_094_flow_00000,real_sess_20260820_messaging_094,sess_20260820_messaging_094,Messaging,env_win11_eth,HIGH_LATENCY,day_1,2026-08-20,batch_20260820_04,dev_win11_desktop,ethernet,warp_enabled,msg_whatsapp_web,real,v2,sess_20260820_messaging_094_flow_00000_win_5s,window_5s,0.000,5.000,0,1295.000000,1516163.000000,1170.782239,316.405752,1313.000000,1420.000000,0.003862,0.003897,0.002653,0.011566,1295.000000,0.000000,1516163.000000,0.000000,259.000000,303232.600000,1.000000,1295.000000,0.200000,0.000000
sess_20260820_messaging_094_flow_00001,real_sess_20260820_messaging_094,sess_20260820_messaging_094,Messaging,env_win11_eth,HIGH_LATENCY,day_1,2026-08-20,batch_20260820_04,dev_win11_desktop,ethernet,warp_enabled,msg_whatsapp_web,real,v2,sess_20260820_messaging_094_flow_00001_win_5s,window_5s,0.000,5.000,0,1149.000000,1337600.000000,1164.142733,318.131879,1296.000000,1420.000000,0.004355,0.004447,0.002937,0.013055,1149.000000,0.000000,1337600.000000,0.000000,229.800000,267520.000000,1.000000,1149.000000,0.200000,0.000000
sess_20260821_messaging_095_flow_00000,real_sess_20260821_messaging_095,sess_20260821_messaging_095,Messaging,env_win11_wifi,NORMAL,day_2,2026-08-21,batch_20260821_01,dev_win11_laptop,wifi,warp_enabled,msg_signal_chat,real,v2,sess_20260821_messaging_095_flow_00000_win_5s,window_5s,0.000,5.000,0,151.000000,32400.000000,214.569536,74.306641,218.000000,324.000000,0.033128,0.036788,0.020769,0.112788,151.000000,0.000000,32400.000000,0.000000,30.200000,6480.000000,32.000000,4.718750,6.400000,0.000000
sess_20260821_messaging_095_flow_00001,real_sess_20260821_messaging_095,sess_20260821_messaging_095,Messaging,env_win11_wifi,NORMAL,day_2,2026-08-21,batch_20260821_01,dev_win11_laptop,wifi,warp_enabled,msg_signal_chat,real,v2,sess_20260821_messaging_095_flow_00001_win_5s,window_5s,0.000,5.000,0,153.000000,32369.000000,211.562092,73.946972,210.000000,337.200000,0.032859,0.033436,0.022549,0.103779,153.000000,0.000000,32369.000000,0.000000,30.600000,6473.800000,38.000000,4.026316,7.600000,0.000000
sess_20260821_messaging_096_flow_00000,real_sess_20260821_messaging_096,sess_20260821_messaging_096,Messaging,env_win11_wifi,HIGH_LATENCY,day_2,2026-08-21,batch_20260821_02,dev_win11_laptop,wifi,warp_enabled,msg_slack_chat,real,v2,sess_20260821_messaging_096_flow_00000_win_5s,window_5s,0.000,5.000,0,295.000000,338140.000000,1146.237288,312.189411,1262.000000,1420.000000,0.017003,0.016547,0.012057,0.048720,295.000000,0.000000,338140.000000,0.000000,59.000000,67628.000000,14.000000,21.071429,2.800000,0.000000
sess_20260821_messaging_096_flow_00001,real_sess_20260821_messaging_096,sess_20260821_messaging_096,Messaging,env_win11_wifi,HIGH_LATENCY,day_2,2026-08-21,batch_20260821_02,dev_win11_laptop,wifi,warp_enabled,msg_slack_chat,real,v2,sess_20260821_messaging_096_flow_00001_win_5s,window_5s,0.000,5.000,0,371.000000,444477.000000,1198.051213,276.422984,1312.000000,1420.000000,0.013513,0.012669,0.009640,0.039105,371.000000,0.000000,444477.000000,0.000000,74.200000,88895.400000,9.000000,41.222222,1.800000,0.000000
sess_20260821_messaging_097_flow_00000,real_sess_20260821_messaging_097,sess_20260821_messaging_097,Messaging,env_win11_cellular,NORMAL,day_2,2026-08-21,batch_20260821_03,dev_win11_laptop,cellular,warp_disabled,msg_discord_text,real,v2,sess_20260821_messaging_097_flow_00000_win_5s,window_5s,0.000,5.000,0,156.000000,33752.000000,216.358974,74.081032,206.000000,346.750000,0.032135,0.033929,0.020358,0.099780,156.000000,0.000000,33752.000000,0.000000,31.200000,6750.400000,31.000000,5.032258,6.200000,0.000000
sess_20260821_messaging_097_flow_00001,real_sess_20260821_messaging_097,sess_20260821_messaging_097,Messaging,env_win11_cellular,NORMAL,day_2,2026-08-21,batch_20260821_03,dev_win11_laptop,cellular,warp_disabled,msg_discord_text,real,v2,sess_20260821_messaging_097_flow_00001_win_5s,window_5s,0.000,5.000,0,164.000000,36124.000000,220.268293,83.024761,222.000000,360.550000,0.030245,0.031892,0.020152,0.091234,164.000000,0.000000,36124.000000,0.000000,32.800000,7224.800000,35.000000,4.685714,7.000000,0.000000
sess_20260821_messaging_098_flow_00000,real_sess_20260821_messaging_098,sess_20260821_messaging_098,Messaging,env_win11_cellular,LOW_BANDWIDTH,day_2,2026-08-21,batch_20260821_04,dev_win11_laptop,cellular,warp_enabled,msg_telegram_sync,real,v2,sess_20260821_messaging_098_flow_00000_win_5s,window_5s,0.000,5.000,0,570.000000,403273.000000,707.496491,232.649064,707.500000,1092.550000,0.008785,0.008751,0.006320,0.025604,570.000000,0.000000,403273.000000,0.000000,114.000000,80654.600000,4.000000,142.500000,0.800000,0.000000
sess_20260821_messaging_098_flow_00001,real_sess_20260821_messaging_098,sess_20260821_messaging_098,Messaging,env_win11_cellular,LOW_BANDWIDTH,day_2,2026-08-21,batch_20260821_04,dev_win11_laptop,cellular,warp_enabled,msg_telegram_sync,real,v2,sess_20260821_messaging_098_flow_00001_win_5s,window_5s,0.000,5.000,0,685.000000,339512.000000,495.637956,174.840491,494.000000,784.800000,0.007298,0.007622,0.004789,0.022981,685.000000,0.000000,339512.000000,0.000000,137.000000,67902.400000,2.000000,342.500000,0.400000,0.000000
sess_20260822_messaging_099_flow_00000,real_sess_20260822_messaging_099,sess_20260822_messaging_099,Messaging,env_win11_eth,NORMAL,day_3,2026-08-22,batch_20260822_01,dev_win11_desktop,ethernet,warp_enabled,msg_whatsapp_web,real,v2,sess_20260822_messaging_099_flow_00000_win_5s,window_5s,0.000,5.000,0,600.000000,650349.000000,1083.915000,319.742716,1141.500000,1420.000000,0.008332,0.007961,0.006365,0.024682,600.000000,0.000000,650349.000000,0.000000,120.000000,130069.800000,3.000000,200.000000,0.600000,0.000000
sess_20260822_messaging_099_flow_00001,real_sess_20260822_messaging_099,sess_20260822_messaging_099,Messaging,env_win11_eth,NORMAL,day_3,2026-08-22,batch_20260822_01,dev_win11_desktop,ethernet,warp_enabled,msg_whatsapp_web,real,v2,sess_20260822_messaging_099_flow_00001_win_5s,window_5s,0.000,5.000,0,571.000000,617301.000000,1081.087566,333.212416,1137.000000,1420.000000,0.008740,0.008954,0.005847,0.025290,571.000000,0.000000,617301.000000,0.000000,114.200000,123460.200000,3.000000,190.333333,0.600000,0.000000
sess_20260822_messaging_100_flow_00000,real_sess_20260822_messaging_100,sess_20260822_messaging_100,Messaging,env_win11_eth,PACKET_LOSS,day_3,2026-08-22,batch_20260822_02,dev_win11_desktop,ethernet,warp_enabled,msg_signal_chat,real,v2,sess_20260822_messaging_100_flow_00000_win_5s,window_5s,0.000,5.000,0,171.000000,36411.000000,212.929825,74.298322,213.000000,350.000000,0.029272,0.029535,0.019358,0.084873,171.000000,0.000000,36411.000000,0.000000,34.200000,7282.200000,33.000000,5.181818,6.600000,0.000000
sess_20260822_messaging_100_flow_00001,real_sess_20260822_messaging_100,sess_20260822_messaging_100,Messaging,env_win11_eth,PACKET_LOSS,day_3,2026-08-22,batch_20260822_02,dev_win11_desktop,ethernet,warp_enabled,msg_signal_chat,real,v2,sess_20260822_messaging_100_flow_00001_win_5s,window_5s,0.000,5.000,0,182.000000,44158.000000,242.626374,90.085875,246.000000,387.000000,0.027484,0.031091,0.020857,0.078627,182.000000,0.000000,44158.000000,0.000000,36.400000,8831.600000,24.000000,7.583333,4.800000,0.000000
sess_20260822_messaging_101_flow_00000,real_sess_20260822_messaging_101,sess_20260822_messaging_101,Messaging,env_win11_cellular,HIGH_LATENCY,day_3,2026-08-22,batch_20260822_03,dev_win11_laptop,cellular,warp_enabled,msg_slack_chat,real,v2,sess_20260822_messaging_101_flow_00000_win_5s,window_5s,0.000,5.000,0,327.000000,380462.000000,1163.492355,304.387407,1285.000000,1420.000000,0.015291,0.013688,0.011156,0.042766,327.000000,0.000000,380462.000000,0.000000,65.400000,76092.400000,9.000000,36.333333,1.800000,0.000000
sess_20260822_messaging_101_flow_00001,real_sess_20260822_messaging_101,sess_20260822_messaging_101,Messaging,env_win11_cellular,HIGH_LATENCY,day_3,2026-08-22,batch_20260822_03,dev_win11_laptop,cellular,warp_enabled,msg_slack_chat,real,v2,sess_20260822_messaging_101_flow_00001_win_5s,window_5s,0.000,5.000,0,283.000000,322044.000000,1137.964664,312.307448,1225.000000,1420.000000,0.017657,0.018333,0.011120,0.055064,283.000000,0.000000,322044.000000,0.000000,56.600000,64408.800000,19.000000,14.894737,3.800000,0.000000
sess_20260822_messaging_102_flow_00000,real_sess_20260822_messaging_102,sess_20260822_messaging_102,Messaging,env_win11_cellular,NORMAL,day_3,2026-08-22,batch_20260822_04,dev_win11_laptop,cellular,warp_disabled,msg_discord_text,real,v2,sess_20260822_messaging_102_flow_00000_win_5s,window_5s,0.000,5.000,0,135.000000,24829.000000,183.918519,65.566257,179.000000,307.900000,0.037057,0.044309,0.020047,0.109290,135.000000,0.000000,24829.000000,0.000000,27.000000,4965.800000,35.000000,3.857143,7.000000,0.000000
sess_20260822_messaging_102_flow_00001,real_sess_20260822_messaging_102,sess_20260822_messaging_102,Messaging,env_win11_cellular,NORMAL,day_3,2026-08-22,batch_20260822_04,dev_win11_laptop,cellular,warp_disabled,msg_discord_text,real,v2,sess_20260822_messaging_102_flow_00001_win_5s,window_5s,0.000,5.000,0,138.000000,25397.000000,184.036232,58.570830,179.500000,275.350000,0.036179,0.036488,0.022442,0.112074,138.000000,0.000000,25397.000000,0.000000,27.600000,5079.400000,37.000000,3.729730,7.400000,0.000000
sess_20260823_messaging_103_flow_00000,real_sess_20260823_messaging_103,sess_20260823_messaging_103,Messaging,env_win11_wifi,LOW_BANDWIDTH,day_4,2026-08-23,batch_20260823_02,dev_win11_laptop,wifi,warp_enabled,msg_telegram_sync,real,v2,sess_20260823_messaging_103_flow_00000_win_5s,window_5s,0.000,5.000,0,14.000000,1655.000000,118.214286,43.710376,123.500000,190.400000,0.379264,0.542840,0.084086,1.354008,14.000000,0.000000,1655.000000,0.000000,2.800000,331.000000,11.000000,1.272727,2.200000,0.000000
sess_20260823_messaging_103_flow_00001,real_sess_20260823_messaging_103,sess_20260823_messaging_103,Messaging,env_win11_wifi,LOW_BANDWIDTH,day_4,2026-08-23,batch_20260823_02,dev_win11_laptop,wifi,warp_enabled,msg_telegram_sync,real,v2,sess_20260823_messaging_103_flow_00001_win_5s,window_5s,0.000,5.000,0,25.000000,1594.000000,63.760000,21.294657,57.000000,100.400000,0.207764,0.263977,0.121751,0.856791,25.000000,0.000000,1594.000000,0.000000,5.000000,318.800000,20.000000,1.250000,4.000000,0.000000
sess_20260823_messaging_104_flow_00000,real_sess_20260823_messaging_104,sess_20260823_messaging_104,Messaging,env_win11_eth,LOW_BANDWIDTH,day_4,2026-08-23,batch_20260823_03,dev_win11_desktop,ethernet,warp_enabled,msg_whatsapp_web,real,v2,sess_20260823_messaging_104_flow_00000_win_5s,window_5s,0.000,5.000,0,27.000000,8967.000000,332.111111,111.733921,318.000000,506.300000,0.187541,0.150413,0.144314,0.488564,27.000000,0.000000,8967.000000,0.000000,5.400000,1793.400000,23.000000,1.173913,4.600000,0.000000
sess_20260823_messaging_104_flow_00001,real_sess_20260823_messaging_104,sess_20260823_messaging_104,Messaging,env_win11_eth,LOW_BANDWIDTH,day_4,2026-08-23,batch_20260823_03,dev_win11_desktop,ethernet,warp_enabled,msg_whatsapp_web,real,v2,sess_20260823_messaging_104_flow_00001_win_5s,window_5s,0.000,5.000,0,50.000000,22605.000000,452.100000,163.991616,489.500000,700.550000,0.092975,0.093189,0.065703,0.271314,50.000000,0.000000,22605.000000,0.000000,10.000000,4521.000000,31.000000,1.612903,6.200000,0.000000
sess_20260823_messaging_105_flow_00000,real_sess_20260823_messaging_105,sess_20260823_messaging_105,Messaging,env_win11_cellular,NORMAL,day_4,2026-08-23,batch_20260823_04,dev_win11_laptop,cellular,warp_enabled,msg_signal_chat,real,v2,sess_20260823_messaging_105_flow_00000_win_5s,window_5s,0.000,5.000,0,30.000000,5357.000000,178.566667,66.496458,179.500000,290.600000,0.169629,0.129266,0.107107,0.407474,30.000000,0.000000,5357.000000,0.000000,6.000000,1071.400000,27.000000,1.111111,5.400000,0.000000
sess_20260823_messaging_105_flow_00001,real_sess_20260823_messaging_105,sess_20260823_messaging_105,Messaging,env_win11_cellular,NORMAL,day_4,2026-08-23,batch_20260823_04,dev_win11_laptop,cellular,warp_enabled,msg_signal_chat,real,v2,sess_20260823_messaging_105_flow_00001_win_5s,window_5s,0.000,5.000,0,33.000000,6336.000000,192.000000,58.062140,191.000000,264.400000,0.154624,0.144518,0.098877,0.456423,33.000000,0.000000,6336.000000,0.000000,6.600000,1267.200000,29.000000,1.137931,5.800000,0.000000
sess_20260820_voip_106_flow_00000,real_sess_20260820_voip_106,sess_20260820_voip_106,VoIP,env_win11_wifi,NORMAL,day_1,2026-08-20,batch_20260820_01,dev_win11_laptop,wifi,warp_enabled,voip_zoom_audio,real,v2,sess_20260820_voip_106_flow_00000_win_5s,window_5s,0.000,5.000,0,58.000000,22808.000000,393.241379,120.864745,389.000000,562.050000,0.080440,0.074440,0.058340,0.256589,58.000000,0.000000,22808.000000,0.000000,11.600000,4561.600000,33.000000,1.757576,6.600000,0.000000
sess_20260820_voip_106_flow_00001,real_sess_20260820_voip_106,sess_20260820_voip_106,VoIP,env_win11_wifi,NORMAL,day_1,2026-08-20,batch_20260820_01,dev_win11_laptop,wifi,warp_enabled,voip_zoom_audio,real,v2,sess_20260820_voip_106_flow_00001_win_5s,window_5s,0.000,5.000,0,55.000000,21534.000000,391.527273,136.141618,382.000000,606.000000,0.087221,0.077755,0.067823,0.254899,55.000000,0.000000,21534.000000,0.000000,11.000000,4306.800000,31.000000,1.774194,6.200000,0.000000
sess_20260820_voip_107_flow_00000,real_sess_20260820_voip_107,sess_20260820_voip_107,VoIP,env_win11_wifi,LOW_BANDWIDTH,day_1,2026-08-20,batch_20260820_02,dev_win11_laptop,wifi,warp_enabled,voip_teams_voice,real,v2,sess_20260820_voip_107_flow_00000_win_5s,window_5s,0.000,5.000,0,31.000000,3961.000000,127.774194,35.707332,120.000000,190.500000,0.165621,0.137360,0.141334,0.452894,31.000000,0.000000,3961.000000,0.000000,6.200000,792.200000,24.000000,1.291667,4.800000,0.000000
sess_20260820_voip_107_flow_00001,real_sess_20260820_voip_107,sess_20260820_voip_107,VoIP,env_win11_wifi,LOW_BANDWIDTH,day_1,2026-08-20,batch_20260820_02,dev_win11_laptop,wifi,warp_enabled,voip_teams_voice,real,v2,sess_20260820_voip_107_flow_00001_win_5s,window_5s,0.000,5.000,0,21.000000,1912.000000,91.047619,32.840852,90.000000,142.000000,0.231024,0.225578,0.149127,0.630082,21.000000,0.000000,1912.000000,0.000000,4.200000,382.400000,18.000000,1.166667,3.600000,0.000000
sess_20260820_voip_108_flow_00000,real_sess_20260820_voip_108,sess_20260820_voip_108,VoIP,env_win11_eth,NORMAL,day_1,2026-08-20,batch_20260820_03,dev_win11_desktop,ethernet,warp_disabled,voip_meet_audio,real,v2,sess_20260820_voip_108_flow_00000_win_5s,window_5s,0.000,5.000,0,46.000000,10607.000000,230.586957,64.313964,231.500000,326.500000,0.105394,0.109507,0.062969,0.362168,46.000000,0.000000,10607.000000,0.000000,9.200000,2121.400000,24.000000,1.916667,4.800000,0.000000
sess_20260820_voip_108_flow_00001,real_sess_20260820_voip_108,sess_20260820_voip_108,VoIP,env_win11_eth,NORMAL,day_1,2026-08-20,batch_20260820_03,dev_win11_desktop,ethernet,warp_disabled,voip_meet_audio,real,v2,sess_20260820_voip_108_flow_00001_win_5s,window_5s,0.000,5.000,0,54.000000,12203.000000,225.981481,73.213157,226.000000,321.750000,0.091528,0.095926,0.067689,0.250466,54.000000,0.000000,12203.000000,0.000000,10.800000,2440.600000,34.000000,1.588235,6.800000,0.000000
sess_20260820_voip_109_flow_00000,real_sess_20260820_voip_109,sess_20260820_voip_109,VoIP,env_win11_eth,HIGH_LATENCY,day_1,2026-08-20,batch_20260820_04,dev_win11_desktop,ethernet,warp_enabled,voip_discord_voice,real,v2,sess_20260820_voip_109_flow_00000_win_5s,window_5s,0.000,5.000,0,26.000000,5804.000000,223.230769,84.571912,227.000000,330.750000,0.180837,0.147914,0.157740,0.398445,26.000000,0.000000,5804.000000,0.000000,5.200000,1160.800000,22.000000,1.181818,4.400000,0.000000
sess_20260820_voip_109_flow_00001,real_sess_20260820_voip_109,sess_20260820_voip_109,VoIP,env_win11_eth,HIGH_LATENCY,day_1,2026-08-20,batch_20260820_04,dev_win11_desktop,ethernet,warp_enabled,voip_discord_voice,real,v2,sess_20260820_voip_109_flow_00001_win_5s,window_5s,0.000,5.000,0,10.000000,2886.000000,288.600000,93.941684,244.500000,458.000000,0.545134,0.691030,0.367946,1.724963,10.000000,0.000000,2886.000000,0.000000,2.000000,577.200000,9.000000,1.111111,1.800000,0.000000
sess_20260821_voip_110_flow_00000,real_sess_20260821_voip_110,sess_20260821_voip_110,VoIP,env_win11_wifi,NORMAL,day_2,2026-08-21,batch_20260821_01,dev_win11_laptop,wifi,warp_enabled,voip_skype_call,real,v2,sess_20260821_voip_110_flow_00000_win_5s,window_5s,0.000,5.000,0,33.000000,11604.000000,351.636364,102.131768,339.000000,522.800000,0.153043,0.192888,0.084141,0.506934,33.000000,0.000000,11604.000000,0.000000,6.600000,2320.800000,22.000000,1.500000,4.400000,0.000000
sess_20260821_voip_110_flow_00001,real_sess_20260821_voip_110,sess_20260821_voip_110,VoIP,env_win11_wifi,NORMAL,day_2,2026-08-21,batch_20260821_01,dev_win11_laptop,wifi,warp_enabled,voip_skype_call,real,v2,sess_20260821_voip_110_flow_00001_win_5s,window_5s,0.000,5.000,0,39.000000,11892.000000,304.923077,104.999483,306.000000,444.400000,0.130258,0.109877,0.100059,0.348593,39.000000,0.000000,11892.000000,0.000000,7.800000,2378.400000,29.000000,1.344828,5.800000,0.000000
sess_20260821_voip_111_flow_00000,real_sess_20260821_voip_111,sess_20260821_voip_111,VoIP,env_win11_wifi,HIGH_LATENCY,day_2,2026-08-21,batch_20260821_02,dev_win11_laptop,wifi,warp_enabled,voip_zoom_audio,real,v2,sess_20260821_voip_111_flow_00000_win_5s,window_5s,0.000,5.000,0,10.000000,2112.000000,211.200000,86.427773,211.000000,344.900000,0.507475,0.472658,0.336896,1.374634,10.000000,0.000000,2112.000000,0.000000,2.000000,422.400000,9.000000,1.111111,1.800000,0.000000
sess_20260821_voip_111_flow_00001,real_sess_20260821_voip_111,sess_20260821_voip_111,VoIP,env_win11_wifi,HIGH_LATENCY,day_2,2026-08-21,batch_20260821_02,dev_win11_laptop,wifi,warp_enabled,voip_zoom_audio,real,v2,sess_20260821_voip_111_flow_00001_win_5s,window_5s,0.000,5.000,0,14.000000,3489.000000,249.214286,51.846172,238.000000,339.500000,0.333103,0.339439,0.237765,0.906076,14.000000,0.000000,3489.000000,0.000000,2.800000,697.800000,13.000000,1.076923,2.600000,0.000000
sess_20260821_voip_112_flow_00000,real_sess_20260821_voip_112,sess_20260821_voip_112,VoIP,env_win11_cellular,NORMAL,day_2,2026-08-21,batch_20260821_03,dev_win11_laptop,cellular,warp_disabled,voip_teams_voice,real,v2,sess_20260821_voip_112_flow_00000_win_5s,window_5s,0.000,5.000,0,28.000000,6647.000000,237.392857,73.189743,227.500000,373.200000,0.181867,0.175361,0.127793,0.507594,28.000000,0.000000,6647.000000,0.000000,5.600000,1329.400000,20.000000,1.400000,4.000000,0.000000
sess_20260821_voip_112_flow_00001,real_sess_20260821_voip_112,sess_20260821_voip_112,VoIP,env_win11_cellular,NORMAL,day_2,2026-08-21,batch_20260821_03,dev_win11_laptop,cellular,warp_disabled,voip_teams_voice,real,v2,sess_20260821_voip_112_flow_00001_win_5s,window_5s,0.000,5.000,0,30.000000,7219.000000,240.633333,85.977704,245.500000,380.250000,0.171797,0.195371,0.107569,0.545574,30.000000,0.000000,7219.000000,0.000000,6.000000,1443.800000,21.000000,1.428571,4.200000,0.000000
sess_20260821_voip_113_flow_00000,real_sess_20260821_voip_113,sess_20260821_voip_113,VoIP,env_win11_cellular,LOW_BANDWIDTH,day_2,2026-08-21,batch_20260821_04,dev_win11_laptop,cellular,warp_enabled,voip_meet_audio,real,v2,sess_20260821_voip_113_flow_00000_win_5s,window_5s,0.000,5.000,0,19.000000,1353.000000,71.210526,22.871676,74.000000,107.800000,0.252429,0.270124,0.199719,0.605710,19.000000,0.000000,1353.000000,0.000000,3.800000,270.600000,13.000000,1.461538,2.600000,0.000000
sess_20260821_voip_113_flow_00001,real_sess_20260821_voip_113,sess_20260821_voip_113,VoIP,env_win11_cellular,LOW_BANDWIDTH,day_2,2026-08-21,batch_20260821_04,dev_win11_laptop,cellular,warp_enabled,voip_meet_audio,real,v2,sess_20260821_voip_113_flow_00001_win_5s,window_5s,0.000,5.000,0,18.000000,1611.000000,89.500000,21.947538,94.000000,120.750000,0.293947,0.250651,0.233243,0.680627,18.000000,0.000000,1611.000000,0.000000,3.600000,322.200000,17.000000,1.058824,3.400000,0.000000
sess_20260822_voip_114_flow_00000,real_sess_20260822_voip_114,sess_20260822_voip_114,VoIP,env_win11_eth,NORMAL,day_3,2026-08-22,batch_20260822_01,dev_win11_desktop,ethernet,warp_enabled,voip_discord_voice,real,v2,sess_20260822_voip_114_flow_00000_win_5s,window_5s,0.000,5.000,0,40.000000,18127.000000,453.175000,155.646858,481.000000,688.450000,0.124831,0.137157,0.061141,0.396822,40.000000,0.000000,18127.000000,0.000000,8.000000,3625.400000,23.000000,1.739130,4.600000,0.000000
sess_20260822_voip_114_flow_00001,real_sess_20260822_voip_114,sess_20260822_voip_114,VoIP,env_win11_eth,NORMAL,day_3,2026-08-22,batch_20260822_01,dev_win11_desktop,ethernet,warp_enabled,voip_discord_voice,real,v2,sess_20260822_voip_114_flow_00001_win_5s,window_5s,0.000,5.000,0,49.000000,22493.000000,459.040816,128.202002,463.000000,639.400000,0.099560,0.115677,0.059370,0.270667,49.000000,0.000000,22493.000000,0.000000,9.800000,4498.600000,26.000000,1.884615,5.200000,0.000000
sess_20260822_voip_115_flow_00000,real_sess_20260822_voip_115,sess_20260822_voip_115,VoIP,env_win11_eth,PACKET_LOSS,day_3,2026-08-22,batch_20260822_02,dev_win11_desktop,ethernet,warp_enabled,voip_skype_call,real,v2,sess_20260822_voip_115_flow_00000_win_5s,window_5s,0.000,5.000,0,42.000000,7546.000000,179.666667,53.141620,189.000000,253.900000,0.113749,0.107649,0.070608,0.361014,42.000000,0.000000,7546.000000,0.000000,8.400000,1509.200000,26.000000,1.615385,5.200000,0.000000
sess_20260822_voip_115_flow_00001,real_sess_20260822_voip_115,sess_20260822_voip_115,VoIP,env_win11_eth,PACKET_LOSS,day_3,2026-08-22,batch_20260822_02,dev_win11_desktop,ethernet,warp_enabled,voip_skype_call,real,v2,sess_20260822_voip_115_flow_00001_win_5s,window_5s,0.000,5.000,0,41.000000,8640.000000,210.731707,65.928278,212.000000,330.000000,0.117027,0.086945,0.107037,0.296465,41.000000,0.000000,8640.000000,0.000000,8.200000,1728.000000,32.000000,1.281250,6.400000,0.000000
sess_20260822_voip_116_flow_00000,real_sess_20260822_voip_116,sess_20260822_voip_116,VoIP,env_win11_cellular,HIGH_LATENCY,day_3,2026-08-22,batch_20260822_03,dev_win11_laptop,cellular,warp_enabled,voip_zoom_audio,real,v2,sess_20260822_voip_116_flow_00000_win_5s,window_5s,0.000,5.000,0,10.000000,2213.000000,221.300000,81.750902,208.000000,359.850000,0.342086,0.237941,0.331617,0.739784,10.000000,0.000000,2213.000000,0.000000,2.000000,442.600000,9.000000,1.111111,1.800000,0.000000
sess_20260822_voip_116_flow_00001,real_sess_20260822_voip_116,sess_20260822_voip_116,VoIP,env_win11_cellular,HIGH_LATENCY,day_3,2026-08-22,batch_20260822_03,dev_win11_laptop,cellular,warp_enabled,voip_zoom_audio,real,v2,sess_20260822_voip_116_flow_00001_win_5s,window_5s,0.000,5.000,0,12.000000,3098.000000,258.166667,97.009307,250.000000,423.750000,0.411860,0.429582,0.265260,1.176303,12.000000,0.000000,3098.000000,0.000000,2.400000,619.600000,11.000000,1.090909,2.200000,0.000000
sess_20260822_voip_117_flow_00000,real_sess_20260822_voip_117,sess_20260822_voip_117,VoIP,env_win11_cellular,NORMAL,day_3,2026-08-22,batch_20260822_04,dev_win11_laptop,cellular,warp_disabled,voip_teams_voice,real,v2,sess_20260822_voip_117_flow_00000_win_5s,window_5s,0.000,5.000,0,35.000000,9037.000000,258.200000,74.270086,274.000000,352.300000,0.140883,0.159344,0.089592,0.488084,35.000000,0.000000,9037.000000,0.000000,7.000000,1807.400000,23.000000,1.521739,4.600000,0.000000
sess_20260822_voip_117_flow_00001,real_sess_20260822_voip_117,sess_20260822_voip_117,VoIP,env_win11_cellular,NORMAL,day_3,2026-08-22,batch_20260822_04,dev_win11_laptop,cellular,warp_disabled,voip_teams_voice,real,v2,sess_20260822_voip_117_flow_00001_win_5s,window_5s,0.000,5.000,0,37.000000,9309.000000,251.594595,68.886299,237.000000,350.800000,0.129669,0.134815,0.082205,0.419622,37.000000,0.000000,9309.000000,0.000000,7.400000,1861.800000,24.000000,1.541667,4.800000,0.000000
sess_20260823_voip_118_flow_00000,real_sess_20260823_voip_118,sess_20260823_voip_118,VoIP,env_win11_wifi,LOW_BANDWIDTH,day_4,2026-08-23,batch_20260823_02,dev_win11_laptop,wifi,warp_enabled,voip_meet_audio,real,v2,sess_20260823_voip_118_flow_00000_win_5s,window_5s,0.000,5.000,0,24.000000,4272.000000,178.000000,79.367290,176.000000,314.550000,0.213525,0.162578,0.188293,0.519988,24.000000,0.000000,4272.000000,0.000000,4.800000,854.400000,21.000000,1.142857,4.200000,0.000000
sess_20260823_voip_118_flow_00001,real_sess_20260823_voip_118,sess_20260823_voip_118,VoIP,env_win11_wifi,LOW_BANDWIDTH,day_4,2026-08-23,batch_20260823_02,dev_win11_laptop,wifi,warp_enabled,voip_meet_audio,real,v2,sess_20260823_voip_118_flow_00001_win_5s,window_5s,0.000,5.000,0,30.000000,6912.000000,230.400000,64.458566,233.500000,326.650000,0.168649,0.165775,0.099577,0.482559,30.000000,0.000000,6912.000000,0.000000,6.000000,1382.400000,21.000000,1.428571,4.200000,0.000000
sess_20260823_voip_119_flow_00000,real_sess_20260823_voip_119,sess_20260823_voip_119,VoIP,env_win11_eth,LOW_BANDWIDTH,day_4,2026-08-23,batch_20260823_03,dev_win11_desktop,ethernet,warp_enabled,voip_discord_voice,real,v2,sess_20260823_voip_119_flow_00000_win_5s,window_5s,0.000,5.000,0,28.000000,3170.000000,113.214286,40.195377,114.500000,169.100000,0.179507,0.149676,0.098169,0.424721,28.000000,0.000000,3170.000000,0.000000,5.600000,634.000000,20.000000,1.400000,4.000000,0.000000
sess_20260823_voip_119_flow_00001,real_sess_20260823_voip_119,sess_20260823_voip_119,VoIP,env_win11_eth,LOW_BANDWIDTH,day_4,2026-08-23,batch_20260823_03,dev_win11_desktop,ethernet,warp_enabled,voip_discord_voice,real,v2,sess_20260823_voip_119_flow_00001_win_5s,window_5s,0.000,5.000,0,16.000000,1448.000000,90.500000,23.021729,91.500000,122.000000,0.298172,0.414439,0.078100,1.046866,16.000000,0.000000,1448.000000,0.000000,3.200000,289.600000,14.000000,1.142857,2.800000,0.000000
sess_20260823_voip_120_flow_00000,real_sess_20260823_voip_120,sess_20260823_voip_120,VoIP,env_win11_cellular,NORMAL,day_4,2026-08-23,batch_20260823_04,dev_win11_laptop,cellular,warp_enabled,voip_skype_call,real,v2,sess_20260823_voip_120_flow_00000_win_5s,window_5s,0.000,5.000,0,56.000000,11119.000000,198.553571,64.681064,210.500000,304.250000,0.088396,0.089822,0.058872,0.272708,56.000000,0.000000,11119.000000,0.000000,11.200000,2223.800000,32.000000,1.750000,6.400000,0.000000
sess_20260823_voip_120_flow_00001,real_sess_20260823_voip_120,sess_20260823_voip_120,VoIP,env_win11_cellular,NORMAL,day_4,2026-08-23,batch_20260823_04,dev_win11_laptop,cellular,warp_enabled,voip_skype_call,real,v2,sess_20260823_voip_120_flow_00001_win_5s,window_5s,0.000,5.000,0,66.000000,13494.000000,204.454545,70.609292,201.500000,330.750000,0.075720,0.084809,0.048328,0.272260,66.000000,0.000000,13494.000000,0.000000,13.200000,2698.800000,32.000000,2.062500,6.400000,0.000000
sess_20260820_file_transfer_121_flow_00000,real_sess_20260820_file_transfer_121,sess_20260820_file_transfer_121,File Transfer,env_win11_wifi,NORMAL,day_1,2026-08-20,batch_20260820_01,dev_win11_laptop,wifi,warp_enabled,ft_gdrive_upload,real,v2,sess_20260820_file_transfer_121_flow_00000_win_5s,window_5s,0.000,5.000,0,46.000000,10495.000000,228.152174,79.390331,226.500000,366.000000,0.109880,0.108911,0.074576,0.334864,46.000000,0.000000,10495.000000,0.000000,9.200000,2099.000000,27.000000,1.703704,5.400000,0.000000
sess_20260820_file_transfer_121_flow_00001,real_sess_20260820_file_transfer_121,sess_20260820_file_transfer_121,File Transfer,env_win11_wifi,NORMAL,day_1,2026-08-20,batch_20260820_01,dev_win11_laptop,wifi,warp_enabled,ft_gdrive_upload,real,v2,sess_20260820_file_transfer_121_flow_00001_win_5s,window_5s,0.000,5.000,0,41.000000,8586.000000,209.414634,93.349586,203.000000,324.000000,0.118996,0.121300,0.065605,0.375788,41.000000,0.000000,8586.000000,0.000000,8.200000,1717.200000,26.000000,1.576923,5.200000,0.000000
sess_20260820_file_transfer_122_flow_00000,real_sess_20260820_file_transfer_122,sess_20260820_file_transfer_122,File Transfer,env_win11_wifi,LOW_BANDWIDTH,day_1,2026-08-20,batch_20260820_02,dev_win11_laptop,wifi,warp_enabled,ft_dropbox_download,real,v2,sess_20260820_file_transfer_122_flow_00000_win_5s,window_5s,0.000,5.000,0,28.000000,3865.000000,138.035714,59.300977,134.500000,233.750000,0.179354,0.191577,0.104651,0.408944,28.000000,0.000000,3865.000000,0.000000,5.600000,773.000000,22.000000,1.272727,4.400000,0.000000
sess_20260820_file_transfer_122_flow_00001,real_sess_20260820_file_transfer_122,sess_20260820_file_transfer_122,File Transfer,env_win11_wifi,LOW_BANDWIDTH,day_1,2026-08-20,batch_20260820_02,dev_win11_laptop,wifi,warp_enabled,ft_dropbox_download,real,v2,sess_20260820_file_transfer_122_flow_00001_win_5s,window_5s,0.000,5.000,0,20.000000,3029.000000,151.450000,49.267104,152.000000,241.200000,0.253946,0.355554,0.120841,1.060197,20.000000,0.000000,3029.000000,0.000000,4.000000,605.800000,14.000000,1.428571,2.800000,0.000000
sess_20260820_file_transfer_123_flow_00000,real_sess_20260820_file_transfer_123,sess_20260820_file_transfer_123,File Transfer,env_win11_eth,NORMAL,day_1,2026-08-20,batch_20260820_03,dev_win11_desktop,ethernet,warp_disabled,ft_sftp_sync,real,v2,sess_20260820_file_transfer_123_flow_00000_win_5s,window_5s,0.000,5.000,0,35.000000,8754.000000,250.114286,68.805636,248.000000,369.900000,0.142068,0.113440,0.106969,0.336900,35.000000,0.000000,8754.000000,0.000000,7.000000,1750.800000,29.000000,1.206897,5.800000,0.000000
sess_20260820_file_transfer_123_flow_00001,real_sess_20260820_file_transfer_123,sess_20260820_file_transfer_123,File Transfer,env_win11_eth,NORMAL,day_1,2026-08-20,batch_20260820_03,dev_win11_desktop,ethernet,warp_disabled,ft_sftp_sync,real,v2,sess_20260820_file_transfer_123_flow_00001_win_5s,window_5s,0.000,5.000,0,23.000000,5309.000000,230.826087,66.499201,216.000000,320.000000,0.200046,0.129114,0.199514,0.377365,23.000000,0.000000,5309.000000,0.000000,4.600000,1061.800000,21.000000,1.095238,4.200000,0.000000
sess_20260820_file_transfer_124_flow_00000,real_sess_20260820_file_transfer_124,sess_20260820_file_transfer_124,File Transfer,env_win11_eth,HIGH_LATENCY,day_1,2026-08-20,batch_20260820_04,dev_win11_desktop,ethernet,warp_enabled,ft_onedrive_sync,real,v2,sess_20260820_file_transfer_124_flow_00000_win_5s,window_5s,0.000,5.000,0,7.000000,842.000000,120.285714,62.419581,121.000000,203.400000,0.795302,0.533767,0.776682,1.590032,7.000000,0.000000,842.000000,0.000000,1.400000,168.400000,7.000000,1.000000,1.400000,0.000000
sess_20260820_file_transfer_124_flow_00001,real_sess_20260820_file_transfer_124,sess_20260820_file_transfer_124,File Transfer,env_win11_eth,HIGH_LATENCY,day_1,2026-08-20,batch_20260820_04,dev_win11_desktop,ethernet,warp_enabled,ft_onedrive_sync,real,v2,sess_20260820_file_transfer_124_flow_00001_win_5s,window_5s,0.000,5.000,0,12.000000,1957.000000,163.083333,30.987789,164.500000,205.650000,0.435296,0.454656,0.138478,1.286462,12.000000,0.000000,1957.000000,0.000000,2.400000,391.400000,11.000000,1.090909,2.200000,0.000000
sess_20260821_file_transfer_125_flow_00000,real_sess_20260821_file_transfer_125,sess_20260821_file_transfer_125,File Transfer,env_win11_wifi,NORMAL,day_2,2026-08-21,batch_20260821_01,dev_win11_laptop,wifi,warp_enabled,ft_mega_download,real,v2,sess_20260821_file_transfer_125_flow_00000_win_5s,window_5s,0.000,5.000,0,27.000000,5482.000000,203.037037,62.108914,204.000000,295.500000,0.188579,0.164076,0.175483,0.471357,27.000000,0.000000,5482.000000,0.000000,5.400000,1096.400000,19.000000,1.421053,3.800000,0.000000
sess_20260821_file_transfer_125_flow_00001,real_sess_20260821_file_transfer_125,sess_20260821_file_transfer_125,File Transfer,env_win11_wifi,NORMAL,day_2,2026-08-21,batch_20260821_01,dev_win11_laptop,wifi,warp_enabled,ft_mega_download,real,v2,sess_20260821_file_transfer_125_flow_00001_win_5s,window_5s,0.000,5.000,0,36.000000,7659.000000,212.750000,69.096702,202.000000,326.250000,0.140278,0.134175,0.091939,0.393980,36.000000,0.000000,7659.000000,0.000000,7.200000,1531.800000,26.000000,1.384615,5.200000,0.000000
sess_20260821_file_transfer_126_flow_00000,real_sess_20260821_file_transfer_126,sess_20260821_file_transfer_126,File Transfer,env_win11_wifi,HIGH_LATENCY,day_2,2026-08-21,batch_20260821_02,dev_win11_laptop,wifi,warp_enabled,ft_gdrive_upload,real,v2,sess_20260821_file_transfer_126_flow_00000_win_5s,window_5s,0.000,5.000,0,9.000000,2213.000000,245.888889,115.055006,305.000000,358.000000,0.595906,0.460358,0.511925,1.250926,9.000000,0.000000,2213.000000,0.000000,1.800000,442.600000,8.000000,1.125000,1.600000,0.000000
sess_20260821_file_transfer_126_flow_00001,real_sess_20260821_file_transfer_126,sess_20260821_file_transfer_126,File Transfer,env_win11_wifi,HIGH_LATENCY,day_2,2026-08-21,batch_20260821_02,dev_win11_laptop,wifi,warp_enabled,ft_gdrive_upload,real,v2,sess_20260821_file_transfer_126_flow_00001_win_5s,window_5s,0.000,5.000,0,14.000000,3435.000000,245.357143,72.109646,243.500000,350.250000,0.373751,0.290006,0.295890,0.771200,14.000000,0.000000,3435.000000,0.000000,2.800000,687.000000,10.000000,1.400000,2.000000,0.000000
sess_20260821_file_transfer_127_flow_00000,real_sess_20260821_file_transfer_127,sess_20260821_file_transfer_127,File Transfer,env_win11_cellular,NORMAL,day_2,2026-08-21,batch_20260821_03,dev_win11_laptop,cellular,warp_disabled,ft_dropbox_download,real,v2,sess_20260821_file_transfer_127_flow_00000_win_5s,window_5s,0.000,5.000,0,40.000000,10885.000000,272.125000,116.572121,285.000000,437.300000,0.126956,0.152066,0.067419,0.365344,40.000000,0.000000,10885.000000,0.000000,8.000000,2177.000000,23.000000,1.739130,4.600000,0.000000
sess_20260821_file_transfer_127_flow_00001,real_sess_20260821_file_transfer_127,sess_20260821_file_transfer_127,File Transfer,env_win11_cellular,NORMAL,day_2,2026-08-21,batch_20260821_03,dev_win11_laptop,cellular,warp_disabled,ft_dropbox_download,real,v2,sess_20260821_file_transfer_127_flow_00001_win_5s,window_5s,0.000,5.000,0,51.000000,15171.000000,297.470588,96.462398,308.000000,438.500000,0.099568,0.091788,0.071887,0.238313,51.000000,0.000000,15171.000000,0.000000,10.200000,3034.200000,30.000000,1.700000,6.000000,0.000000
sess_20260821_file_transfer_128_flow_00000,real_sess_20260821_file_transfer_128,sess_20260821_file_transfer_128,File Transfer,env_win11_cellular,LOW_BANDWIDTH,day_2,2026-08-21,batch_20260821_04,dev_win11_laptop,cellular,warp_enabled,ft_sftp_sync,real,v2,sess_20260821_file_transfer_128_flow_00000_win_5s,window_5s,0.000,5.000,0,19.000000,1767.000000,93.000000,19.636164,94.000000,122.400000,0.268896,0.270413,0.179710,0.781377,19.000000,0.000000,1767.000000,0.000000,3.800000,353.400000,16.000000,1.187500,3.200000,0.000000
sess_20260821_file_transfer_128_flow_00001,real_sess_20260821_file_transfer_128,sess_20260821_file_transfer_128,File Transfer,env_win11_cellular,LOW_BANDWIDTH,day_2,2026-08-21,batch_20260821_04,dev_win11_laptop,cellular,warp_enabled,ft_sftp_sync,real,v2,sess_20260821_file_transfer_128_flow_00001_win_5s,window_5s,0.000,5.000,0,15.000000,1433.000000,95.533333,35.372054,94.000000,151.200000,0.302506,0.207142,0.313219,0.666684,15.000000,0.000000,1433.000000,0.000000,3.000000,286.600000,13.000000,1.153846,2.600000,0.000000
sess_20260822_file_transfer_129_flow_00000,real_sess_20260822_file_transfer_129,sess_20260822_file_transfer_129,File Transfer,env_win11_eth,NORMAL,day_3,2026-08-22,batch_20260822_01,dev_win11_desktop,ethernet,warp_enabled,ft_onedrive_sync,real,v2,sess_20260822_file_transfer_129_flow_00000_win_5s,window_5s,0.000,5.000,0,27.000000,7014.000000,259.777778,81.377189,237.000000,401.800000,0.191991,0.260999,0.124711,0.420679,27.000000,0.000000,7014.000000,0.000000,5.400000,1402.800000,20.000000,1.350000,4.000000,0.000000
sess_20260822_file_transfer_129_flow_00001,real_sess_20260822_file_transfer_129,sess_20260822_file_transfer_129,File Transfer,env_win11_eth,NORMAL,day_3,2026-08-22,batch_20260822_01,dev_win11_desktop,ethernet,warp_enabled,ft_onedrive_sync,real,v2,sess_20260822_file_transfer_129_flow_00001_win_5s,window_5s,0.000,5.000,0,24.000000,6825.000000,284.375000,92.278479,276.500000,443.950000,0.208574,0.188934,0.193652,0.557856,24.000000,0.000000,6825.000000,0.000000,4.800000,1365.000000,20.000000,1.200000,4.000000,0.000000
sess_20260822_file_transfer_130_flow_00000,real_sess_20260822_file_transfer_130,sess_20260822_file_transfer_130,File Transfer,env_win11_eth,PACKET_LOSS,day_3,2026-08-22,batch_20260822_02,dev_win11_desktop,ethernet,warp_enabled,ft_mega_download,real,v2,sess_20260822_file_transfer_130_flow_00000_win_5s,window_5s,0.000,5.000,0,28.000000,4841.000000,172.892857,55.977253,166.000000,264.650000,0.183410,0.141481,0.162340,0.473424,28.000000,0.000000,4841.000000,0.000000,5.600000,968.200000,21.000000,1.333333,4.200000,0.000000
sess_20260822_file_transfer_130_flow_00001,real_sess_20260822_file_transfer_130,sess_20260822_file_transfer_130,File Transfer,env_win11_eth,PACKET_LOSS,day_3,2026-08-22,batch_20260822_02,dev_win11_desktop,ethernet,warp_enabled,ft_mega_download,real,v2,sess_20260822_file_transfer_130_flow_00001_win_5s,window_5s,0.000,5.000,0,32.000000,4250.000000,132.812500,50.607211,126.500000,232.900000,0.158206,0.158721,0.099278,0.394249,32.000000,0.000000,4250.000000,0.000000,6.400000,850.000000,24.000000,1.333333,4.800000,0.000000
sess_20260822_file_transfer_131_flow_00000,real_sess_20260822_file_transfer_131,sess_20260822_file_transfer_131,File Transfer,env_win11_cellular,HIGH_LATENCY,day_3,2026-08-22,batch_20260822_03,dev_win11_laptop,cellular,warp_enabled,ft_gdrive_upload,real,v2,sess_20260822_file_transfer_131_flow_00000_win_5s,window_5s,0.000,5.000,0,12.000000,3396.000000,283.000000,102.011437,295.000000,410.050000,0.410845,0.372713,0.219770,1.034777,12.000000,0.000000,3396.000000,0.000000,2.400000,679.200000,11.000000,1.090909,2.200000,0.000000
sess_20260822_file_transfer_131_flow_00001,real_sess_20260822_file_transfer_131,sess_20260822_file_transfer_131,File Transfer,env_win11_cellular,HIGH_LATENCY,day_3,2026-08-22,batch_20260822_03,dev_win11_laptop,cellular,warp_enabled,ft_gdrive_upload,real,v2,sess_20260822_file_transfer_131_flow_00001_win_5s,window_5s,0.000,5.000,0,13.000000,2683.000000,206.384615,62.985393,212.000000,293.200000,0.386715,0.414008,0.247247,1.199314,13.000000,0.000000,2683.000000,0.000000,2.600000,536.600000,12.000000,1.083333,2.400000,0.000000
sess_20260822_file_transfer_132_flow_00000,real_sess_20260822_file_transfer_132,sess_20260822_file_transfer_132,File Transfer,env_win11_cellular,NORMAL,day_3,2026-08-22,batch_20260822_04,dev_win11_laptop,cellular,warp_disabled,ft_dropbox_download,real,v2,sess_20260822_file_transfer_132_flow_00000_win_5s,window_5s,0.000,5.000,0,30.000000,6313.000000,210.433333,59.841838,199.500000,333.350000,0.172003,0.160441,0.124372,0.501536,30.000000,0.000000,6313.000000,0.000000,6.000000,1262.600000,24.000000,1.250000,4.800000,0.000000
sess_20260822_file_transfer_132_flow_00001,real_sess_20260822_file_transfer_132,sess_20260822_file_transfer_132,File Transfer,env_win11_cellular,NORMAL,day_3,2026-08-22,batch_20260822_04,dev_win11_laptop,cellular,warp_disabled,ft_dropbox_download,real,v2,sess_20260822_file_transfer_132_flow_00001_win_5s,window_5s,0.000,5.000,0,33.000000,7010.000000,212.424242,80.728513,214.000000,334.400000,0.150518,0.127033,0.118333,0.372349,33.000000,0.000000,7010.000000,0.000000,6.600000,1402.000000,26.000000,1.269231,5.200000,0.000000
sess_20260823_file_transfer_133_flow_00000,real_sess_20260823_file_transfer_133,sess_20260823_file_transfer_133,File Transfer,env_win11_wifi,LOW_BANDWIDTH,day_4,2026-08-23,batch_20260823_02,dev_win11_laptop,wifi,warp_enabled,ft_sftp_sync,real,v2,sess_20260823_file_transfer_133_flow_00000_win_5s,window_5s,0.000,5.000,0,37.000000,3280.000000,88.648649,24.658989,90.000000,130.200000,0.137140,0.135108,0.092287,0.414287,37.000000,0.000000,3280.000000,0.000000,7.400000,656.000000,25.000000,1.480000,5.000000,0.000000
sess_20260823_file_transfer_133_flow_00001,real_sess_20260823_file_transfer_133,sess_20260823_file_transfer_133,File Transfer,env_win11_wifi,LOW_BANDWIDTH,day_4,2026-08-23,batch_20260823_02,dev_win11_laptop,wifi,warp_enabled,ft_sftp_sync,real,v2,sess_20260823_file_transfer_133_flow_00001_win_5s,window_5s,0.000,5.000,0,32.000000,4543.000000,141.968750,42.111077,138.000000,219.500000,0.159003,0.158494,0.099813,0.541433,32.000000,0.000000,4543.000000,0.000000,6.400000,908.600000,23.000000,1.391304,4.600000,0.000000
sess_20260823_file_transfer_134_flow_00000,real_sess_20260823_file_transfer_134,sess_20260823_file_transfer_134,File Transfer,env_win11_eth,LOW_BANDWIDTH,day_4,2026-08-23,batch_20260823_03,dev_win11_desktop,ethernet,warp_enabled,ft_onedrive_sync,real,v2,sess_20260823_file_transfer_134_flow_00000_win_5s,window_5s,0.000,5.000,0,41.000000,6424.000000,156.682927,38.051595,150.000000,224.000000,0.124903,0.127934,0.086546,0.372054,41.000000,0.000000,6424.000000,0.000000,8.200000,1284.800000,30.000000,1.366667,6.000000,0.000000
sess_20260823_file_transfer_134_flow_00001,real_sess_20260823_file_transfer_134,sess_20260823_file_transfer_134,File Transfer,env_win11_eth,LOW_BANDWIDTH,day_4,2026-08-23,batch_20260823_03,dev_win11_desktop,ethernet,warp_enabled,ft_onedrive_sync,real,v2,sess_20260823_file_transfer_134_flow_00001_win_5s,window_5s,0.000,5.000,0,23.000000,2821.000000,122.652174,42.583533,136.000000,173.500000,0.202632,0.171196,0.161275,0.473661,23.000000,0.000000,2821.000000,0.000000,4.600000,564.200000,17.000000,1.352941,3.400000,0.000000
sess_20260823_file_transfer_135_flow_00000,real_sess_20260823_file_transfer_135,sess_20260823_file_transfer_135,File Transfer,env_win11_cellular,NORMAL,day_4,2026-08-23,batch_20260823_04,dev_win11_laptop,cellular,warp_enabled,ft_mega_download,real,v2,sess_20260823_file_transfer_135_flow_00000_win_5s,window_5s,0.000,5.000,0,75.000000,28053.000000,374.040000,135.374881,380.000000,602.800000,0.066234,0.066803,0.049167,0.214812,75.000000,0.000000,28053.000000,0.000000,15.000000,5610.600000,38.000000,1.973684,7.600000,0.000000
sess_20260823_file_transfer_135_flow_00001,real_sess_20260823_file_transfer_135,sess_20260823_file_transfer_135,File Transfer,env_win11_cellular,NORMAL,day_4,2026-08-23,batch_20260823_04,dev_win11_laptop,cellular,warp_enabled,ft_mega_download,real,v2,sess_20260823_file_transfer_135_flow_00001_win_5s,window_5s,0.000,5.000,0,80.000000,31369.000000,392.112500,129.307288,393.500000,573.000000,0.063128,0.060840,0.046849,0.184178,80.000000,0.000000,31369.000000,0.000000,16.000000,6273.800000,34.000000,2.352941,6.800000,0.000000
sess_20260820_other_136_flow_00000,real_sess_20260820_other_136,sess_20260820_other_136,Other,env_win11_wifi,NORMAL,day_1,2026-08-20,batch_20260820_01,dev_win11_laptop,wifi,warp_enabled,oth_dns_ntp_sync,real,v2,sess_20260820_other_136_flow_00000_win_5s,window_5s,0.000,5.000,0,32.000000,6824.000000,213.250000,77.758842,178.500000,342.450000,0.156133,0.142688,0.110774,0.439820,32.000000,0.000000,6824.000000,0.000000,6.400000,1364.800000,24.000000,1.333333,4.800000,0.000000
sess_20260820_other_136_flow_00001,real_sess_20260820_other_136,sess_20260820_other_136,Other,env_win11_wifi,NORMAL,day_1,2026-08-20,batch_20260820_01,dev_win11_laptop,wifi,warp_enabled,oth_dns_ntp_sync,real,v2,sess_20260820_other_136_flow_00001_win_5s,window_5s,0.000,5.000,0,33.000000,6825.000000,206.818182,72.273242,222.000000,322.800000,0.153417,0.171079,0.087958,0.485542,33.000000,0.000000,6825.000000,0.000000,6.600000,1365.000000,22.000000,1.500000,4.400000,0.000000
sess_20260820_other_137_flow_00000,real_sess_20260820_other_137,sess_20260820_other_137,Other,env_win11_wifi,LOW_BANDWIDTH,day_1,2026-08-20,batch_20260820_02,dev_win11_laptop,wifi,warp_enabled,oth_os_update_check,real,v2,sess_20260820_other_137_flow_00000_win_5s,window_5s,0.000,5.000,0,13.000000,1482.000000,114.000000,28.082297,122.000000,155.600000,0.382027,0.215551,0.410095,0.677108,13.000000,0.000000,1482.000000,0.000000,2.600000,296.400000,13.000000,1.000000,2.600000,0.000000
sess_20260820_other_137_flow_00001,real_sess_20260820_other_137,sess_20260820_other_137,Other,env_win11_wifi,LOW_BANDWIDTH,day_1,2026-08-20,batch_20260820_02,dev_win11_laptop,wifi,warp_enabled,oth_os_update_check,real,v2,sess_20260820_other_137_flow_00001_win_5s,window_5s,0.000,5.000,0,24.000000,3036.000000,126.500000,42.428371,130.500000,185.950000,0.201752,0.187652,0.124413,0.649084,24.000000,0.000000,3036.000000,0.000000,4.800000,607.200000,22.000000,1.090909,4.400000,0.000000
sess_20260820_other_138_flow_00000,real_sess_20260820_other_138,sess_20260820_other_138,Other,env_win11_eth,NORMAL,day_1,2026-08-20,batch_20260820_03,dev_win11_desktop,ethernet,warp_disabled,oth_telemetry_heartbeat,real,v2,sess_20260820_other_138_flow_00000_win_5s,window_5s,0.000,5.000,0,28.000000,5314.000000,189.785714,69.557457,185.000000,287.500000,0.183040,0.180512,0.122360,0.555262,28.000000,0.000000,5314.000000,0.000000,5.600000,1062.800000,22.000000,1.272727,4.400000,0.000000
sess_20260820_other_138_flow_00001,real_sess_20260820_other_138,sess_20260820_other_138,Other,env_win11_eth,NORMAL,day_1,2026-08-20,batch_20260820_03,dev_win11_desktop,ethernet,warp_disabled,oth_telemetry_heartbeat,real,v2,sess_20260820_other_138_flow_00001_win_5s,window_5s,0.000,5.000,0,29.000000,5162.000000,178.000000,63.249915,190.000000,269.200000,0.172049,0.123764,0.128555,0.374049,29.000000,0.000000,5162.000000,0.000000,5.800000,1032.400000,24.000000,1.208333,4.800000,0.000000
sess_20260820_other_139_flow_00000,real_sess_20260820_other_139,sess_20260820_other_139,Other,env_win11_eth,HIGH_LATENCY,day_1,2026-08-20,batch_20260820_04,dev_win11_desktop,ethernet,warp_enabled,oth_idle_keepalive,real,v2,sess_20260820_other_139_flow_00000_win_5s,window_5s,0.000,5.000,0,5.000000,1293.000000,258.600000,73.161739,237.000000,369.400000,1.157097,0.356131,0.993174,1.657412,5.000000,0.000000,1293.000000,0.000000,1.000000,258.600000,5.000000,1.000000,1.000000,0.000000
sess_20260820_other_139_flow_00001,real_sess_20260820_other_139,sess_20260820_other_139,Other,env_win11_eth,HIGH_LATENCY,day_1,2026-08-20,batch_20260820_04,dev_win11_desktop,ethernet,warp_enabled,oth_idle_keepalive,real,v2,sess_20260820_other_139_flow_00001_win_5s,window_5s,0.000,5.000,0,15.000000,4236.000000,282.400000,96.437752,306.000000,415.600000,0.287978,0.222165,0.212288,0.650706,15.000000,0.000000,4236.000000,0.000000,3.000000,847.200000,13.000000,1.153846,2.600000,0.000000
sess_20260821_other_140_flow_00000,real_sess_20260821_other_140,sess_20260821_other_140,Other,env_win11_wifi,NORMAL,day_2,2026-08-21,batch_20260821_01,dev_win11_laptop,wifi,warp_enabled,oth_cloud_backup,real,v2,sess_20260821_other_140_flow_00000_win_5s,window_5s,0.000,5.000,0,50.000000,17233.000000,344.660000,125.993113,344.500000,550.350000,0.098590,0.100529,0.071477,0.290202,50.000000,0.000000,17233.000000,0.000000,10.000000,3446.600000,30.000000,1.666667,6.000000,0.000000
sess_20260821_other_140_flow_00001,real_sess_20260821_other_140,sess_20260821_other_140,Other,env_win11_wifi,NORMAL,day_2,2026-08-21,batch_20260821_01,dev_win11_laptop,wifi,warp_enabled,oth_cloud_backup,real,v2,sess_20260821_other_140_flow_00001_win_5s,window_5s,0.000,5.000,0,56.000000,19661.000000,351.089286,105.519510,345.500000,522.000000,0.087222,0.083014,0.070625,0.232049,56.000000,0.000000,19661.000000,0.000000,11.200000,3932.200000,38.000000,1.473684,7.600000,0.000000
sess_20260821_other_141_flow_00000,real_sess_20260821_other_141,sess_20260821_other_141,Other,env_win11_wifi,HIGH_LATENCY,day_2,2026-08-21,batch_20260821_02,dev_win11_laptop,wifi,warp_enabled,oth_dns_ntp_sync,real,v2,sess_20260821_other_141_flow_00000_win_5s,window_5s,0.000,5.000,0,12.000000,3135.000000,261.250000,108.635572,229.000000,421.500000,0.443304,0.279795,0.381197,0.960304,12.000000,0.000000,3135.000000,0.000000,2.400000,627.000000,12.000000,1.000000,2.400000,0.000000
sess_20260821_other_141_flow_00001,real_sess_20260821_other_141,sess_20260821_other_141,Other,env_win11_wifi,HIGH_LATENCY,day_2,2026-08-21,batch_20260821_02,dev_win11_laptop,wifi,warp_enabled,oth_dns_ntp_sync,real,v2,sess_20260821_other_141_flow_00001_win_5s,window_5s,0.000,5.000,0,11.000000,2967.000000,269.727273,107.607951,246.000000,408.500000,0.494791,0.474662,0.306465,1.238694,11.000000,0.000000,2967.000000,0.000000,2.200000,593.400000,9.000000,1.222222,1.800000,0.000000
sess_20260821_other_142_flow_00000,real_sess_20260821_other_142,sess_20260821_other_142,Other,env_win11_cellular,NORMAL,day_2,2026-08-21,batch_20260821_03,dev_win11_laptop,cellular,warp_disabled,oth_os_update_check,real,v2,sess_20260821_other_142_flow_00000_win_5s,window_5s,0.000,5.000,0,48.000000,26843.000000,559.229167,200.733679,581.500000,803.250000,0.103961,0.093195,0.081799,0.257288,48.000000,0.000000,26843.000000,0.000000,9.600000,5368.600000,31.000000,1.548387,6.200000,0.000000
sess_20260821_other_142_flow_00001,real_sess_20260821_other_142,sess_20260821_other_142,Other,env_win11_cellular,NORMAL,day_2,2026-08-21,batch_20260821_03,dev_win11_laptop,cellular,warp_disabled,oth_os_update_check,real,v2,sess_20260821_other_142_flow_00001_win_5s,window_5s,0.000,5.000,0,46.000000,25303.000000,550.065217,202.115378,526.000000,909.250000,0.110760,0.098862,0.072435,0.327110,46.000000,0.000000,25303.000000,0.000000,9.200000,5060.600000,31.000000,1.483871,6.200000,0.000000
sess_20260821_other_143_flow_00000,real_sess_20260821_other_143,sess_20260821_other_143,Other,env_win11_cellular,LOW_BANDWIDTH,day_2,2026-08-21,batch_20260821_04,dev_win11_laptop,cellular,warp_enabled,oth_telemetry_heartbeat,real,v2,sess_20260821_other_143_flow_00000_win_5s,window_5s,0.000,5.000,0,22.000000,3516.000000,159.818182,64.717313,159.500000,239.900000,0.231398,0.199060,0.165387,0.549624,22.000000,0.000000,3516.000000,0.000000,4.400000,703.200000,15.000000,1.466667,3.000000,0.000000
sess_20260821_other_143_flow_00001,real_sess_20260821_other_143,sess_20260821_other_143,Other,env_win11_cellular,LOW_BANDWIDTH,day_2,2026-08-21,batch_20260821_04,dev_win11_laptop,cellular,warp_enabled,oth_telemetry_heartbeat,real,v2,sess_20260821_other_143_flow_00001_win_5s,window_5s,0.000,5.000,0,34.000000,5979.000000,175.852941,49.534974,172.500000,260.250000,0.147081,0.166050,0.089818,0.423785,34.000000,0.000000,5979.000000,0.000000,6.800000,1195.800000,20.000000,1.700000,4.000000,0.000000
sess_20260822_other_144_flow_00000,real_sess_20260822_other_144,sess_20260822_other_144,Other,env_win11_eth,NORMAL,day_3,2026-08-22,batch_20260822_01,dev_win11_desktop,ethernet,warp_enabled,oth_idle_keepalive,real,v2,sess_20260822_other_144_flow_00000_win_5s,window_5s,0.000,5.000,0,60.000000,22763.000000,379.383333,118.743293,379.000000,566.450000,0.082830,0.088579,0.046473,0.294997,60.000000,0.000000,22763.000000,0.000000,12.000000,4552.600000,29.000000,2.068966,5.800000,0.000000
sess_20260822_other_144_flow_00001,real_sess_20260822_other_144,sess_20260822_other_144,Other,env_win11_eth,NORMAL,day_3,2026-08-22,batch_20260822_01,dev_win11_desktop,ethernet,warp_enabled,oth_idle_keepalive,real,v2,sess_20260822_other_144_flow_00001_win_5s,window_5s,0.000,5.000,0,52.000000,21884.000000,420.846154,165.698914,437.000000,654.250000,0.097688,0.115909,0.052992,0.296600,52.000000,0.000000,21884.000000,0.000000,10.400000,4376.800000,28.000000,1.857143,5.600000,0.000000
sess_20260822_other_145_flow_00000,real_sess_20260822_other_145,sess_20260822_other_145,Other,env_win11_eth,PACKET_LOSS,day_3,2026-08-22,batch_20260822_02,dev_win11_desktop,ethernet,warp_enabled,oth_cloud_backup,real,v2,sess_20260822_other_145_flow_00000_win_5s,window_5s,0.000,5.000,0,56.000000,17711.000000,316.267857,109.031367,307.000000,475.500000,0.089151,0.087499,0.066099,0.245879,56.000000,0.000000,17711.000000,0.000000,11.200000,3542.200000,32.000000,1.750000,6.400000,0.000000
sess_20260822_other_145_flow_00001,real_sess_20260822_other_145,sess_20260822_other_145,Other,env_win11_eth,PACKET_LOSS,day_3,2026-08-22,batch_20260822_02,dev_win11_desktop,ethernet,warp_enabled,oth_cloud_backup,real,v2,sess_20260822_other_145_flow_00001_win_5s,window_5s,0.000,5.000,0,68.000000,20551.000000,302.220588,92.988748,292.000000,460.950000,0.073457,0.071786,0.045947,0.227245,68.000000,0.000000,20551.000000,0.000000,13.600000,4110.200000,34.000000,2.000000,6.800000,0.000000
sess_20260822_other_146_flow_00000,real_sess_20260822_other_146,sess_20260822_other_146,Other,env_win11_cellular,HIGH_LATENCY,day_3,2026-08-22,batch_20260822_03,dev_win11_laptop,cellular,warp_enabled,oth_dns_ntp_sync,real,v2,sess_20260822_other_146_flow_00000_win_5s,window_5s,0.000,5.000,0,19.000000,7215.000000,379.736842,142.899612,333.000000,580.100000,0.269081,0.229597,0.164557,0.630086,19.000000,0.000000,7215.000000,0.000000,3.800000,1443.000000,16.000000,1.187500,3.200000,0.000000
sess_20260822_other_146_flow_00001,real_sess_20260822_other_146,sess_20260822_other_146,Other,env_win11_cellular,HIGH_LATENCY,day_3,2026-08-22,batch_20260822_03,dev_win11_laptop,cellular,warp_enabled,oth_dns_ntp_sync,real,v2,sess_20260822_other_146_flow_00001_win_5s,window_5s,0.000,5.000,0,9.000000,4317.000000,479.666667,194.384499,510.000000,763.000000,0.607504,0.756308,0.297796,1.952758,9.000000,0.000000,4317.000000,0.000000,1.800000,863.400000,8.000000,1.125000,1.600000,0.000000
sess_20260822_other_147_flow_00000,real_sess_20260822_other_147,sess_20260822_other_147,Other,env_win11_cellular,NORMAL,day_3,2026-08-22,batch_20260822_04,dev_win11_laptop,cellular,warp_disabled,oth_os_update_check,real,v2,sess_20260822_other_147_flow_00000_win_5s,window_5s,0.000,5.000,0,41.000000,14691.000000,358.317073,136.550078,353.000000,589.000000,0.123907,0.108654,0.089086,0.297188,41.000000,0.000000,14691.000000,0.000000,8.200000,2938.200000,28.000000,1.464286,5.600000,0.000000
sess_20260822_other_147_flow_00001,real_sess_20260822_other_147,sess_20260822_other_147,Other,env_win11_cellular,NORMAL,day_3,2026-08-22,batch_20260822_04,dev_win11_laptop,cellular,warp_disabled,oth_os_update_check,real,v2,sess_20260822_other_147_flow_00001_win_5s,window_5s,0.000,5.000,0,51.000000,18134.000000,355.568627,139.882760,353.000000,564.000000,0.098682,0.109919,0.060456,0.251420,51.000000,0.000000,18134.000000,0.000000,10.200000,3626.800000,30.000000,1.700000,6.000000,0.000000
sess_20260823_other_148_flow_00000,real_sess_20260823_other_148,sess_20260823_other_148,Other,env_win11_wifi,LOW_BANDWIDTH,day_4,2026-08-23,batch_20260823_02,dev_win11_laptop,wifi,warp_enabled,oth_telemetry_heartbeat,real,v2,sess_20260823_other_148_flow_00000_win_5s,window_5s,0.000,5.000,0,42.000000,9680.000000,230.476190,94.625135,226.000000,366.150000,0.121909,0.120473,0.093251,0.339904,42.000000,0.000000,9680.000000,0.000000,8.400000,1936.000000,31.000000,1.354839,6.200000,0.000000
sess_20260823_other_148_flow_00001,real_sess_20260823_other_148,sess_20260823_other_148,Other,env_win11_wifi,LOW_BANDWIDTH,day_4,2026-08-23,batch_20260823_02,dev_win11_laptop,wifi,warp_enabled,oth_telemetry_heartbeat,real,v2,sess_20260823_other_148_flow_00001_win_5s,window_5s,0.000,5.000,0,63.000000,17079.000000,271.095238,83.888194,279.000000,404.700000,0.079260,0.091989,0.048054,0.229124,63.000000,0.000000,17079.000000,0.000000,12.600000,3415.800000,31.000000,2.032258,6.200000,0.000000
sess_20260823_other_149_flow_00000,real_sess_20260823_other_149,sess_20260823_other_149,Other,env_win11_eth,LOW_BANDWIDTH,day_4,2026-08-23,batch_20260823_03,dev_win11_desktop,ethernet,warp_enabled,oth_idle_keepalive,real,v2,sess_20260823_other_149_flow_00000_win_5s,window_5s,0.000,5.000,0,63.000000,14881.000000,236.206349,88.722174,225.000000,367.400000,0.076501,0.105480,0.042255,0.224957,63.000000,0.000000,14881.000000,0.000000,12.600000,2976.200000,27.000000,2.333333,5.400000,0.000000
sess_20260823_other_149_flow_00001,real_sess_20260823_other_149,sess_20260823_other_149,Other,env_win11_eth,LOW_BANDWIDTH,day_4,2026-08-23,batch_20260823_03,dev_win11_desktop,ethernet,warp_enabled,oth_idle_keepalive,real,v2,sess_20260823_other_149_flow_00001_win_5s,window_5s,0.000,5.000,0,42.000000,6581.000000,156.690476,60.383886,152.000000,259.450000,0.118762,0.097610,0.102124,0.273255,42.000000,0.000000,6581.000000,0.000000,8.400000,1316.200000,26.000000,1.615385,5.200000,0.000000
sess_20260823_other_150_flow_00000,real_sess_20260823_other_150,sess_20260823_other_150,Other,env_win11_cellular,NORMAL,day_4,2026-08-23,batch_20260823_04,dev_win11_laptop,cellular,warp_enabled,oth_cloud_backup,real,v2,sess_20260823_other_150_flow_00000_win_5s,window_5s,0.000,5.000,0,41.000000,9428.000000,229.951220,79.051682,226.000000,371.000000,0.117522,0.141975,0.054666,0.462679,41.000000,0.000000,9428.000000,0.000000,8.200000,1885.600000,21.000000,1.952381,4.200000,0.000000
sess_20260823_other_150_flow_00001,real_sess_20260823_other_150,sess_20260823_other_150,Other,env_win11_cellular,NORMAL,day_4,2026-08-23,batch_20260823_04,dev_win11_laptop,cellular,warp_enabled,oth_cloud_backup,real,v2,sess_20260823_other_150_flow_00001_win_5s,window_5s,0.000,5.000,0,58.000000,14196.000000,244.758621,72.754265,246.000000,371.250000,0.086295,0.102674,0.054660,0.302006,58.000000,0.000000,14196.000000,0.000000,11.600000,2839.200000,31.000000,1.870968,6.200000,0.000000
