flow_id,file_id,session_id,traffic_class,environment_id,network_condition_id,capture_day,capture_date,collection_batch,device_id,interface_type,tunnel_state,activity_variant,data_origin,dataset_version,window_id,window_type,window_start,window_end,packet_offset,packet_count,byte_count,mean_packet_size,std_packet_size,median_packet_size,p95_packet_size,mean_iat,std_iat,median_iat,p95_iat,forward_packet_count,backward_packet_count,forward_byte_count,backward_byte_count,packet_rate,byte_rate,burst_count,mean_burst_size,burst_rate,direction_switch_count
20260823_144333_web_001_5c95_flow_00000,real_20260823_144333_web_001_5c95,20260823_144333_web_001_5c95,Web,env_win11_wifi,NORMAL,day_4,2026-08-23,batch_20260823_01,dev_win11_laptop,wifi,warp_enabled,web_tech_blogs,real,v2,20260823_144333_web_001_5c95_flow_00000_win_2s,window_2s,0.000,2.000,0,87.000000,19584.000000,225.103448,72.121550,221.000000,341.000000,0.022945,0.022557,0.014943,0.069031,87.000000,0.000000,19584.000000,0.000000,43.500000,9792.000000,11.000000,7.909091,5.500000,0.000000
20260823_144333_web_001_5c95_flow_00001,real_20260823_144333_web_001_5c95,20260823_144333_web_001_5c95,Web,env_win11_wifi,NORMAL,day_4,2026-08-23,batch_20260823_01,dev_win11_laptop,wifi,warp_enabled,web_tech_blogs,real,v2,20260823_144333_web_001_5c95_flow_00001_win_2s,window_2s,0.000,2.000,0,147.000000,152095.000000,1034.659864,326.425091,1086.000000,1420.000000,0.013665,0.014705,0.008484,0.041804,147.000000,0.000000,152095.000000,0.000000,73.500000,76047.500000,7.000000,21.000000,3.500000,0.000000
20260823_145151_web_001_0bbf_flow_00000,real_20260823_145151_web_001_0bbf,20260823_145151_web_001_0bbf,Web,env_win11_wifi,NORMAL,day_4,2026-08-23,batch_20260823_01,dev_win11_laptop,wifi,warp_enabled,web_ecommerce,real,v2,20260823_145151_web_001_0bbf_flow_00000_win_2s,window_2s,0.000,2.000,0,20.000000,6100.000000,305.000000,106.003774,305.500000,454.300000,0.098116,0.103405,0.077590,0.232790,20.000000,0.000000,6100.000000,0.000000,10.000000,3050.000000,13.000000,1.538462,6.500000,0.000000
20260823_145151_web_001_0bbf_flow_00001,real_20260823_145151_web_001_0bbf,20260823_145151_web_001_0bbf,Web,env_win11_wifi,NORMAL,day_4,2026-08-23,batch_20260823_01,dev_win11_laptop,wifi,warp_enabled,web_ecommerce,real,v2,20260823_145151_web_001_0bbf_flow_00001_win_2s,window_2s,0.000,2.000,0,15.000000,3982.000000,265.466667,69.898848,254.000000,379.600000,0.142043,0.119603,0.117109,0.355860,15.000000,0.000000,3982.000000,0.000000,7.500000,1991.000000,13.000000,1.153846,6.500000,0.000000
20260823_145551_web_001_da0c_flow_00000,real_20260823_145551_web_001_da0c,20260823_145551_web_001_da0c,Web,env_win11_wifi,NORMAL,day_4,2026-08-23,batch_20260823_01,dev_win11_laptop,wifi,warp_enabled,web_github_docs,real,v2,20260823_145551_web_001_da0c_flow_00000_win_2s,window_2s,0.000,2.000,0,20.000000,5475.000000,273.750000,110.908465,269.000000,465.000000,0.104644,0.095212,0.059849,0.281544,20.000000,0.000000,5475.000000,0.000000,10.000000,2737.500000,12.000000,1.666667,6.000000,0.000000
20260823_145551_web_001_da0c_flow_00001,real_20260823_145551_web_001_da0c,20260823_145551_web_001_da0c,Web,env_win11_wifi,NORMAL,day_4,2026-08-23,batch_20260823_01,dev_win11_laptop,wifi,warp_enabled,web_github_docs,real,v2,20260823_145551_web_001_da0c_flow_00001_win_2s,window_2s,0.000,2.000,0,20.000000,12649.000000,632.450000,147.435910,646.000000,853.150000,0.096918,0.068669,0.091979,0.227375,20.000000,0.000000,12649.000000,0.000000,10.000000,6324.500000,14.000000,1.428571,7.000000,0.000000
20260823_145946_web_001_c866_flow_00000,real_20260823_145946_web_001_c866,20260823_145946_web_001_c866,Web,env_win11_wifi,NORMAL,day_4,2026-08-23,batch_20260823_01,dev_win11_laptop,wifi,warp_enabled,web_ecommerce,real,v2,20260823_145946_web_001_c866_flow_00000_win_2s,window_2s,0.000,2.000,0,55.000000,16805.000000,305.545455,102.542553,300.000000,442.800000,0.036932,0.036617,0.025047,0.117976,55.000000,0.000000,16805.000000,0.000000,27.500000,8402.500000,15.000000,3.666667,7.500000,0.000000
20260823_145946_web_001_c866_flow_00001,real_20260823_145946_web_001_c866,20260823_145946_web_001_c866,Web,env_win11_wifi,NORMAL,day_4,2026-08-23,batch_20260823_01,dev_win11_laptop,wifi,warp_enabled,web_ecommerce,real,v2,20260823_145946_web_001_c866_flow_00001_win_2s,window_2s,0.000,2.000,0,56.000000,19808.000000,353.714286,107.592106,363.500000,512.250000,0.036150,0.035319,0.020214,0.101398,56.000000,0.000000,19808.000000,0.000000,28.000000,9904.000000,19.000000,2.947368,9.500000,0.000000
20260823_150110_web_001_9490_flow_00000,real_20260823_150110_web_001_9490,20260823_150110_web_001_9490,Web,env_win11_wifi,NORMAL,day_4,2026-08-23,batch_20260823_01,dev_win11_laptop,wifi,warp_enabled,web_ecommerce,real,v2,20260823_150110_web_001_9490_flow_00000_win_2s,window_2s,0.000,2.000,0,80.000000,65245.000000,815.562500,339.845364,773.500000,1352.900000,0.024932,0.019991,0.022460,0.062247,80.000000,0.000000,65245.000000,0.000000,40.000000,32622.500000,10.000000,8.000000,5.000000,0.000000
20260823_150110_web_001_9490_flow_00001,real_20260823_150110_web_001_9490,20260823_150110_web_001_9490,Web,env_win11_wifi,NORMAL,day_4,2026-08-23,batch_20260823_01,dev_win11_laptop,wifi,warp_enabled,web_ecommerce,real,v2,20260823_150110_web_001_9490_flow_00001_win_2s,window_2s,0.000,2.000,0,42.000000,11084.000000,263.904762,90.223482,264.500000,415.750000,0.045620,0.056031,0.029519,0.117086,42.000000,0.000000,11084.000000,0.000000,21.000000,5542.000000,13.000000,3.230769,6.500000,0.000000
20260823_150323_web_001_2c60_flow_00000,real_20260823_150323_web_001_2c60,20260823_150323_web_001_2c60,Web,env_win11_wifi,NORMAL,day_4,2026-08-23,batch_20260823_01,dev_win11_laptop,wifi,warp_enabled,web_tech_blogs,real,v2,20260823_150323_web_001_2c60_flow_00000_win_2s,window_2s,0.000,2.000,0,20.000000,3872.000000,193.600000,46.276776,180.500000,273.150000,0.103003,0.085746,0.087502,0.237855,20.000000,0.000000,3872.000000,0.000000,10.000000,1936.000000,12.000000,1.666667,6.000000,0.000000
20260823_150323_web_001_2c60_flow_00001,real_20260823_150323_web_001_2c60,20260823_150323_web_001_2c60,Web,env_win11_wifi,NORMAL,day_4,2026-08-23,batch_20260823_01,dev_win11_laptop,wifi,warp_enabled,web_tech_blogs,real,v2,20260823_150323_web_001_2c60_flow_00001_win_2s,window_2s,0.000,2.000,0,10.000000,2164.000000,216.400000,77.132613,211.000000,335.550000,0.222220,0.176032,0.214849,0.529594,10.000000,0.000000,2164.000000,0.000000,5.000000,1082.000000,8.000000,1.250000,4.000000,0.000000
20260823_150454_web_001_17f5_flow_00000,real_20260823_150454_web_001_17f5,20260823_150454_web_001_17f5,Web,env_win11_wifi,NORMAL,day_4,2026-08-23,batch_20260823_01,dev_win11_laptop,wifi,warp_enabled,web_github_docs,real,v2,20260823_150454_web_001_17f5_flow_00000_win_2s,window_2s,0.000,2.000,0,22.000000,5412.000000,246.000000,74.658617,242.000000,345.450000,0.088769,0.075081,0.060568,0.209738,22.000000,0.000000,5412.000000,0.000000,11.000000,2706.000000,12.000000,1.833333,6.000000,0.000000
20260823_150454_web_001_17f5_flow_00001,real_20260823_150454_web_001_17f5,20260823_150454_web_001_17f5,Web,env_win11_wifi,NORMAL,day_4,2026-08-23,batch_20260823_01,dev_win11_laptop,wifi,warp_enabled,web_github_docs,real,v2,20260823_150454_web_001_17f5_flow_00001_win_2s,window_2s,0.000,2.000,0,30.000000,6264.000000,208.800000,71.647936,230.500000,305.900000,0.067394,0.069555,0.044598,0.224789,30.000000,0.000000,6264.000000,0.000000,15.000000,3132.000000,14.000000,2.142857,7.000000,0.000000
20260823_150634_web_001_ddf0_flow_00000,real_20260823_150634_web_001_ddf0,20260823_150634_web_001_ddf0,Web,env_win11_wifi,NORMAL,day_4,2026-08-23,batch_20260823_01,dev_win11_laptop,wifi,warp_enabled,web_tech_blogs,real,v2,20260823_150634_web_001_ddf0_flow_00000_win_2s,window_2s,0.000,2.000,0,13.000000,2533.000000,194.846154,63.229553,197.000000,275.400000,0.140504,0.203328,0.074891,0.521168,13.000000,0.000000,2533.000000,0.000000,6.500000,1266.500000,9.000000,1.444444,4.500000,0.000000
20260823_150634_web_001_ddf0_flow_00001,real_20260823_150634_web_001_ddf0,20260823_150634_web_001_ddf0,Web,env_win11_wifi,NORMAL,day_4,2026-08-23,batch_20260823_01,dev_win11_laptop,wifi,warp_enabled,web_tech_blogs,real,v2,20260823_150634_web_001_ddf0_flow_00001_win_2s,window_2s,0.000,2.000,0,14.000000,3345.000000,238.928571,91.763255,254.000000,363.250000,0.138285,0.103232,0.129471,0.297148,14.000000,0.000000,3345.000000,0.000000,7.000000,1672.500000,13.000000,1.076923,6.500000,0.000000
20260823_150817_web_001_e5b6_flow_00000,real_20260823_150817_web_001_e5b6,20260823_150817_web_001_e5b6,Web,env_win11_wifi,NORMAL,day_4,2026-08-23,batch_20260823_01,dev_win11_laptop,wifi,warp_enabled,web_github_docs,real,v2,20260823_150817_web_001_e5b6_flow_00000_win_2s,window_2s,0.000,2.000,0,17.000000,5208.000000,306.352941,111.271233,306.000000,458.800000,0.109276,0.087776,0.095774,0.266298,17.000000,0.000000,5208.000000,0.000000,8.500000,2604.000000,13.000000,1.307692,6.500000,0.000000
20260823_150817_web_001_e5b6_flow_00001,real_20260823_150817_web_001_e5b6,20260823_150817_web_001_e5b6,Web,env_win11_wifi,NORMAL,day_4,2026-08-23,batch_20260823_01,dev_win11_laptop,wifi,warp_enabled,web_github_docs,real,v2,20260823_150817_web_001_e5b6_flow_00001_win_2s,window_2s,0.000,2.000,0,17.000000,3045.000000,179.117647,52.503089,184.000000,267.200000,0.098368,0.087271,0.079595,0.250735,17.000000,0.000000,3045.000000,0.000000,8.500000,1522.500000,11.000000,1.545455,5.500000,0.000000
20260823_150936_web_001_534c_flow_00000,real_20260823_150936_web_001_534c,20260823_150936_web_001_534c,Web,env_win11_wifi,NORMAL,day_4,2026-08-23,batch_20260823_01,dev_win11_laptop,wifi,warp_enabled,web_ecommerce,real,v2,20260823_150936_web_001_534c_flow_00000_win_2s,window_2s,0.000,2.000,0,28.000000,5769.000000,206.035714,78.873082,193.500000,330.250000,0.072345,0.075855,0.043945,0.186206,28.000000,0.000000,5769.000000,0.000000,14.000000,2884.500000,12.000000,2.333333,6.000000,0.000000
20260823_150936_web_001_534c_flow_00001,real_20260823_150936_web_001_534c,20260823_150936_web_001_534c,Web,env_win11_wifi,NORMAL,day_4,2026-08-23,batch_20260823_01,dev_win11_laptop,wifi,warp_enabled,web_ecommerce,real,v2,20260823_150936_web_001_534c_flow_00001_win_2s,window_2s,0.000,2.000,0,33.000000,11398.000000,345.393939,126.787806,367.000000,534.400000,0.061957,0.101927,0.028389,0.197918,33.000000,0.000000,11398.000000,0.000000,16.500000,5699.000000,14.000000,2.357143,7.000000,0.000000
20260823_151441_video_001_104d_flow_00000,real_20260823_151441_video_001_104d,20260823_151441_video_001_104d,Video,env_win11_wifi,NORMAL,day_4,2026-08-23,batch_20260823_01,dev_win11_laptop,wifi,warp_enabled,vid_twitch_live,real,v2,20260823_151441_video_001_104d_flow_00000_win_2s,window_2s,0.000,2.000,0,518.000000,605754.000000,1169.409266,301.686006,1306.000000,1420.000000,0.003868,0.003790,0.002761,0.012199,518.000000,0.000000,605754.000000,0.000000,259.000000,302877.000000,1.000000,518.000000,0.500000,0.000000
20260823_151441_video_001_104d_flow_00001,real_20260823_151441_video_001_104d,20260823_151441_video_001_104d,Video,env_win11_wifi,NORMAL,day_4,2026-08-23,batch_20260823_01,dev_win11_laptop,wifi,warp_enabled,vid_twitch_live,real,v2,20260823_151441_video_001_104d_flow_00001_win_2s,window_2s,0.000,2.000,0,83.000000,16632.000000,200.385542,84.578449,199.000000,319.000000,0.024048,0.021075,0.017666,0.064557,83.000000,0.000000,16632.000000,0.000000,41.500000,8316.000000,12.000000,6.916667,6.000000,0.000000
20260823_151621_video_001_efa4_flow_00000,real_20260823_151621_video_001_efa4,20260823_151621_video_001_efa4,Video,env_win11_wifi,NORMAL,day_4,2026-08-23,batch_20260823_01,dev_win11_laptop,wifi,warp_enabled,vid_vimeo_720p,real,v2,20260823_151621_video_001_efa4_flow_00000_win_2s,window_2s,0.000,2.000,0,127.000000,130714.000000,1029.244094,325.605837,1017.000000,1420.000000,0.015838,0.017388,0.011281,0.051449,127.000000,0.000000,130714.000000,0.000000,63.500000,65357.000000,9.000000,14.111111,4.500000,0.000000
20260823_151621_video_001_efa4_flow_00001,real_20260823_151621_video_001_efa4,20260823_151621_video_001_efa4,Video,env_win11_wifi,NORMAL,day_4,2026-08-23,batch_20260823_01,dev_win11_laptop,wifi,warp_enabled,vid_vimeo_720p,real,v2,20260823_151621_video_001_efa4_flow_00001_win_2s,window_2s,0.000,2.000,0,45.000000,10721.000000,238.244444,82.926515,218.000000,368.400000,0.043492,0.043015,0.028957,0.140382,45.000000,0.000000,10721.000000,0.000000,22.500000,5360.500000,13.000000,3.461538,6.500000,0.000000
20260823_153012_video_001_641b_flow_00000,real_20260823_153012_video_001_641b,20260823_153012_video_001_641b,Video,env_win11_wifi,NORMAL,day_4,2026-08-23,batch_20260823_01,dev_win11_laptop,wifi,warp_enabled,vid_twitch_live,real,v2,20260823_153012_video_001_641b_flow_00000_win_2s,window_2s,0.000,2.000,0,283.000000,219942.000000,777.180212,278.570783,803.000000,1223.100000,0.007049,0.007149,0.004845,0.018897,283.000000,0.000000,219942.000000,0.000000,141.500000,109971.000000,2.000000,141.500000,1.000000,0.000000
20260823_153012_video_001_641b_flow_00001,real_20260823_153012_video_001_641b,20260823_153012_video_001_641b,Video,env_win11_wifi,NORMAL,day_4,2026-08-23,batch_20260823_01,dev_win11_laptop,wifi,warp_enabled,vid_twitch_live,real,v2,20260823_153012_video_001_641b_flow_00001_win_2s,window_2s,0.000,2.000,0,264.000000,267946.000000,1014.946970,326.292971,1028.500000,1420.000000,0.007585,0.007248,0.005645,0.021848,264.000000,0.000000,267946.000000,0.000000,132.000000,133973.000000,1.000000,264.000000,0.500000,0.000000
20260823_153142_video_001_2480_flow_00000,real_20260823_153142_video_001_2480,20260823_153142_video_001_2480,Video,env_win11_wifi,NORMAL,day_4,2026-08-23,batch_20260823_01,dev_win11_laptop,wifi,warp_enabled,vid_vimeo_720p,real,v2,20260823_153142_video_001_2480_flow_00000_win_2s,window_2s,0.000,2.000,0,29.000000,21216.000000,731.586207,286.604439,687.000000,1161.200000,0.068555,0.072655,0.043655,0.170944,29.000000,0.000000,21216.000000,0.000000,14.500000,10608.000000,14.000000,2.071429,7.000000,0.000000
20260823_153142_video_001_2480_flow_00001,real_20260823_153142_video_001_2480,20260823_153142_video_001_2480,Video,env_win11_wifi,NORMAL,day_4,2026-08-23,batch_20260823_01,dev_win11_laptop,wifi,warp_enabled,vid_vimeo_720p,real,v2,20260823_153142_video_001_2480_flow_00001_win_2s,window_2s,0.000,2.000,0,26.000000,5361.000000,206.192308,67.277279,205.500000,311.750000,0.072175,0.072742,0.049867,0.173217,26.000000,0.000000,5361.000000,0.000000,13.000000,2680.500000,13.000000,2.000000,6.500000,0.000000
20260823_154438_video_001_566f_flow_00000,real_20260823_154438_video_001_566f,20260823_154438_video_001_566f,Video,env_win11_wifi,NORMAL,day_4,2026-08-23,batch_20260823_01,dev_win11_laptop,wifi,warp_enabled,vid_twitch_live,real,v2,20260823_154438_video_001_566f_flow_00000_win_2s,window_2s,0.000,2.000,0,443.000000,507012.000000,1144.496614,308.159580,1228.000000,1420.000000,0.004525,0.004637,0.003154,0.012935,443.000000,0.000000,507012.000000,0.000000,221.500000,253506.000000,1.000000,443.000000,0.500000,0.000000
20260823_154438_video_001_566f_flow_00001,real_20260823_154438_video_001_566f,20260823_154438_video_001_566f,Video,env_win11_wifi,NORMAL,day_4,2026-08-23,batch_20260823_01,dev_win11_laptop,wifi,warp_enabled,vid_twitch_live,real,v2,20260823_154438_video_001_566f_flow_00001_win_2s,window_2s,0.000,2.000,0,87.000000,18974.000000,218.091954,69.861214,223.000000,316.000000,0.023138,0.020229,0.019315,0.060223,87.000000,0.000000,18974.000000,0.000000,43.500000,9487.000000,9.000000,9.666667,4.500000,0.000000
20260823_154613_video_001_c9ea_flow_00000,real_20260823_154613_video_001_c9ea,20260823_154613_video_001_c9ea,Video,env_win11_wifi,NORMAL,day_4,2026-08-23,batch_20260823_01,dev_win11_laptop,wifi,warp_enabled,vid_netflix_4k,real,v2,20260823_154613_video_001_c9ea_flow_00000_win_2s,window_2s,0.000,2.000,0,390.000000,450139.000000,1154.202564,303.154454,1265.000000,1420.000000,0.005128,0.005160,0.003576,0.013911,390.000000,0.000000,450139.000000,0.000000,195.000000,225069.500000,1.000000,390.000000,0.500000,0.000000
20260823_154613_video_001_c9ea_flow_00001,real_20260823_154613_video_001_c9ea,20260823_154613_video_001_c9ea,Video,env_win11_wifi,NORMAL,day_4,2026-08-23,batch_20260823_01,dev_win11_laptop,wifi,warp_enabled,vid_netflix_4k,real,v2,20260823_154613_video_001_c9ea_flow_00001_win_2s,window_2s,0.000,2.000,0,53.000000,11755.000000,221.792453,72.358478,227.000000,327.400000,0.038111,0.036822,0.026778,0.106943,53.000000,0.000000,11755.000000,0.000000,26.500000,5877.500000,15.000000,3.533333,7.500000,0.000000
20260823_154721_video_001_0564_flow_00000,real_20260823_154721_video_001_0564,20260823_154721_video_001_0564,Video,env_win11_wifi,NORMAL,day_4,2026-08-23,batch_20260823_01,dev_win11_laptop,wifi,warp_enabled,vid_dailymotion_sd,real,v2,20260823_154721_video_001_0564_flow_00000_win_2s,window_2s,0.000,2.000,0,547.000000,640029.000000,1170.071298,315.590692,1308.000000,1420.000000,0.003662,0.003735,0.002446,0.011022,547.000000,0.000000,640029.000000,0.000000,273.500000,320014.500000,1.000000,547.000000,0.500000,0.000000
20260823_154721_video_001_0564_flow_00001,real_20260823_154721_video_001_0564,20260823_154721_video_001_0564,Video,env_win11_wifi,NORMAL,day_4,2026-08-23,batch_20260823_01,dev_win11_laptop,wifi,warp_enabled,vid_dailymotion_sd,real,v2,20260823_154721_video_001_0564_flow_00001_win_2s,window_2s,0.000,2.000,0,70.000000,13594.000000,194.200000,67.366079,193.000000,307.850000,0.028845,0.027457,0.021186,0.083168,70.000000,0.000000,13594.000000,0.000000,35.000000,6797.000000,12.000000,5.833333,6.000000,0.000000
20260823_154851_video_001_b4dc_flow_00000,real_20260823_154851_video_001_b4dc,20260823_154851_video_001_b4dc,Video,env_win11_wifi,NORMAL,day_4,2026-08-23,batch_20260823_01,dev_win11_laptop,wifi,warp_enabled,vid_vimeo_720p,real,v2,20260823_154851_video_001_b4dc_flow_00000_win_2s,window_2s,0.000,2.000,0,27.000000,5791.000000,214.481481,76.367227,213.000000,331.400000,0.075080,0.069008,0.054804,0.212375,27.000000,0.000000,5791.000000,0.000000,13.500000,2895.500000,15.000000,1.800000,7.500000,0.000000
20260823_154851_video_001_b4dc_flow_00001,real_20260823_154851_video_001_b4dc,20260823_154851_video_001_b4dc,Video,env_win11_wifi,NORMAL,day_4,2026-08-23,batch_20260823_01,dev_win11_laptop,wifi,warp_enabled,vid_vimeo_720p,real,v2,20260823_154851_video_001_b4dc_flow_00001_win_2s,window_2s,0.000,2.000,0,76.000000,76486.000000,1006.394737,326.107509,1098.500000,1420.000000,0.026288,0.023535,0.018198,0.067866,76.000000,0.000000,76486.000000,0.000000,38.000000,38243.000000,16.000000,4.750000,8.000000,0.000000
20260823_155010_video_001_c5d9_flow_00000,real_20260823_155010_video_001_c5d9,20260823_155010_video_001_c5d9,Video,env_win11_wifi,NORMAL,day_4,2026-08-23,batch_20260823_01,dev_win11_laptop,wifi,warp_enabled,vid_netflix_4k,real,v2,20260823_155010_video_001_c5d9_flow_00000_win_2s,window_2s,0.000,2.000,0,372.000000,409750.000000,1101.478495,322.364320,1174.000000,1420.000000,0.005367,0.005184,0.003686,0.016832,372.000000,0.000000,409750.000000,0.000000,186.000000,204875.000000,1.000000,372.000000,0.500000,0.000000
20260823_155010_video_001_c5d9_flow_00001,real_20260823_155010_video_001_c5d9,20260823_155010_video_001_c5d9,Video,env_win11_wifi,NORMAL,day_4,2026-08-23,batch_20260823_01,dev_win11_laptop,wifi,warp_enabled,vid_netflix_4k,real,v2,20260823_155010_video_001_c5d9_flow_00001_win_2s,window_2s,0.000,2.000,0,64.000000,15732.000000,245.812500,80.670215,242.500000,381.350000,0.031409,0.029712,0.024555,0.092691,64.000000,0.000000,15732.000000,0.000000,32.000000,7866.000000,12.000000,5.333333,6.000000,0.000000
20260823_155216_video_001_1ce3_flow_00000,real_20260823_155216_video_001_1ce3,20260823_155216_video_001_1ce3,Video,env_win11_wifi,NORMAL,day_4,2026-08-23,batch_20260823_01,dev_win11_laptop,wifi,warp_enabled,vid_dailymotion_sd,real,v2,20260823_155216_video_001_1ce3_flow_00000_win_2s,window_2s,0.000,2.000,0,14.000000,3508.000000,250.571429,73.504824,248.000000,362.450000,0.150685,0.151415,0.094052,0.483216,14.000000,0.000000,3508.000000,0.000000,7.000000,1754.000000,12.000000,1.166667,6.000000,0.000000
20260823_155216_video_001_1ce3_flow_00001,real_20260823_155216_video_001_1ce3,20260823_155216_video_001_1ce3,Video,env_win11_wifi,NORMAL,day_4,2026-08-23,batch_20260823_01,dev_win11_laptop,wifi,warp_enabled,vid_dailymotion_sd,real,v2,20260823_155216_video_001_1ce3_flow_00001_win_2s,window_2s,0.000,2.000,0,13.000000,4520.000000,347.692308,137.704469,349.000000,509.200000,0.144116,0.120393,0.097140,0.344293,13.000000,0.000000,4520.000000,0.000000,6.500000,2260.000000,11.000000,1.181818,5.500000,0.000000
20260823_155349_messaging_001_f90a_flow_00000,real_20260823_155349_messaging_001_f90a,20260823_155349_messaging_001_f90a,Messaging,env_win11_wifi,NORMAL,day_4,2026-08-23,batch_20260823_01,dev_win11_laptop,wifi,warp_enabled,msg_whatsapp_web,real,v2,20260823_155349_messaging_001_f90a_flow_00000_win_2s,window_2s,0.000,2.000,0,214.000000,234763.000000,1097.023364,328.473764,1187.500000,1420.000000,0.009323,0.011338,0.004928,0.029703,214.000000,0.000000,234763.000000,0.000000,107.000000,117381.500000,4.000000,53.500000,2.000000,0.000000
20260823_155349_messaging_001_f90a_flow_00001,real_20260823_155349_messaging_001_f90a,20260823_155349_messaging_001_f90a,Messaging,env_win11_wifi,NORMAL,day_4,2026-08-23,batch_20260823_01,dev_win11_laptop,wifi,warp_enabled,msg_whatsapp_web,real,v2,20260823_155349_messaging_001_f90a_flow_00001_win_2s,window_2s,0.000,2.000,0,40.000000,8723.000000,218.075000,69.353222,218.000000,346.150000,0.050491,0.039206,0.041654,0.112423,40.000000,0.000000,8723.000000,0.000000,20.000000,4361.500000,18.000000,2.222222,9.000000,0.000000
20260823_155823_messaging_001_2056_flow_00000,real_20260823_155823_messaging_001_2056,20260823_155823_messaging_001_2056,Messaging,env_win11_wifi,NORMAL,day_4,2026-08-23,batch_20260823_01,dev_win11_laptop,wifi,warp_enabled,msg_slack_chat,real,v2,20260823_155823_messaging_001_2056_flow_00000_win_2s,window_2s,0.000,2.000,0,196.000000,43326.000000,221.051020,74.447677,218.000000,349.000000,0.010238,0.010210,0.007596,0.031431,196.000000,0.000000,43326.000000,0.000000,98.000000,21663.000000,2.000000,98.000000,1.000000,0.000000
20260823_155823_messaging_001_2056_flow_00001,real_20260823_155823_messaging_001_2056,20260823_155823_messaging_001_2056,Messaging,env_win11_wifi,NORMAL,day_4,2026-08-23,batch_20260823_01,dev_win11_laptop,wifi,warp_enabled,msg_slack_chat,real,v2,20260823_155823_messaging_001_2056_flow_00001_win_2s,window_2s,0.000,2.000,0,1548.000000,1841653.000000,1189.698320,295.346053,1325.500000,1420.000000,0.001292,0.001226,0.000926,0.003940,1548.000000,0.000000,1841653.000000,0.000000,774.000000,920826.500000,1.000000,1548.000000,0.500000,0.000000
20260823_160152_messaging_001_2144_flow_00000,real_20260823_160152_messaging_001_2144,20260823_160152_messaging_001_2144,Messaging,env_win11_wifi,NORMAL,day_4,2026-08-23,batch_20260823_01,dev_win11_laptop,wifi,warp_enabled,msg_discord_text,real,v2,20260823_160152_messaging_001_2144_flow_00000_win_2s,window_2s,0.000,2.000,0,76.000000,15952.000000,209.894737,74.907237,206.000000,324.250000,0.026350,0.027653,0.017128,0.080205,76.000000,0.000000,15952.000000,0.000000,38.000000,7976.000000,12.000000,6.333333,6.000000,0.000000
20260823_160152_messaging_001_2144_flow_00001,real_20260823_160152_messaging_001_2144,20260823_160152_messaging_001_2144,Messaging,env_win11_wifi,NORMAL,day_4,2026-08-23,batch_20260823_01,dev_win11_laptop,wifi,warp_enabled,msg_discord_text,real,v2,20260823_160152_messaging_001_2144_flow_00001_win_2s,window_2s,0.000,2.000,0,421.000000,487013.000000,1156.800475,306.039544,1268.000000,1420.000000,0.004742,0.004355,0.003727,0.014380,421.000000,0.000000,487013.000000,0.000000,210.500000,243506.500000,1.000000,421.000000,0.500000,0.000000
20260823_160304_messaging_001_b4de_flow_00000,real_20260823_160304_messaging_001_b4de,20260823_160304_messaging_001_b4de,Messaging,env_win11_wifi,NORMAL,day_4,2026-08-23,batch_20260823_01,dev_win11_laptop,wifi,warp_enabled,msg_slack_chat,real,v2,20260823_160304_messaging_001_b4de_flow_00000_win_2s,window_2s,0.000,2.000,0,81.000000,17829.000000,220.111111,72.620101,211.000000,363.000000,0.024756,0.030349,0.015957,0.083289,81.000000,0.000000,17829.000000,0.000000,40.500000,8914.500000,9.000000,9.000000,4.500000,0.000000
20260823_160304_messaging_001_b4de_flow_00001,real_20260823_160304_messaging_001_b4de,20260823_160304_messaging_001_b4de,Messaging,env_win11_wifi,NORMAL,day_4,2026-08-23,batch_20260823_01,dev_win11_laptop,wifi,warp_enabled,msg_slack_chat,real,v2,20260823_160304_messaging_001_b4de_flow_00001_win_2s,window_2s,0.000,2.000,0,443.000000,513361.000000,1158.828442,302.178587,1272.000000,1420.000000,0.004502,0.004317,0.003280,0.013582,443.000000,0.000000,513361.000000,0.000000,221.500000,256680.500000,1.000000,443.000000,0.500000,0.000000
20260823_160438_messaging_001_3d1b_flow_00000,real_20260823_160438_messaging_001_3d1b,20260823_160438_messaging_001_3d1b,Messaging,env_win11_wifi,NORMAL,day_4,2026-08-23,batch_20260823_01,dev_win11_laptop,wifi,warp_enabled,msg_slack_chat,real,v2,20260823_160438_messaging_001_3d1b_flow_00000_win_2s,window_2s,0.000,2.000,0,267.000000,289262.000000,1083.378277,321.909069,1125.000000,1420.000000,0.007506,0.008316,0.004993,0.023573,267.000000,0.000000,289262.000000,0.000000,133.500000,144631.000000,2.000000,133.500000,1.000000,0.000000
20260823_160438_messaging_001_3d1b_flow_00001,real_20260823_160438_messaging_001_3d1b,20260823_160438_messaging_001_3d1b,Messaging,env_win11_wifi,NORMAL,day_4,2026-08-23,batch_20260823_01,dev_win11_laptop,wifi,warp_enabled,msg_slack_chat,real,v2,20260823_160438_messaging_001_3d1b_flow_00001_win_2s,window_2s,0.000,2.000,0,76.000000,16938.000000,222.868421,86.885790,232.500000,366.500000,0.026253,0.023903,0.017956,0.079347,76.000000,0.000000,16938.000000,0.000000,38.000000,8469.000000,13.000000,5.846154,6.500000,0.000000
20260823_160546_messaging_001_240e_flow_00000,real_20260823_160546_messaging_001_240e,20260823_160546_messaging_001_240e,Messaging,env_win11_wifi,NORMAL,day_4,2026-08-23,batch_20260823_01,dev_win11_laptop,wifi,warp_enabled,msg_discord_text,real,v2,20260823_160546_messaging_001_240e_flow_00000_win_2s,window_2s,0.000,2.000,0,310.000000,355960.000000,1148.258065,311.223565,1277.000000,1420.000000,0.006461,0.006179,0.004339,0.018346,310.000000,0.000000,355960.000000,0.000000,155.000000,177980.000000,1.000000,310.000000,0.500000,0.000000
20260823_160546_messaging_001_240e_flow_00001,real_20260823_160546_messaging_001_240e,20260823_160546_messaging_001_240e,Messaging,env_win11_wifi,NORMAL,day_4,2026-08-23,batch_20260823_01,dev_win11_laptop,wifi,warp_enabled,msg_discord_text,real,v2,20260823_160546_messaging_001_240e_flow_00001_win_2s,window_2s,0.000,2.000,0,49.000000,8661.000000,176.755102,58.430329,177.000000,265.600000,0.041420,0.035669,0.030851,0.109124,49.000000,0.000000,8661.000000,0.000000,24.500000,4330.500000,18.000000,2.722222,9.000000,0.000000
20260823_160655_messaging_001_72b1_flow_00000,real_20260823_160655_messaging_001_72b1,20260823_160655_messaging_001_72b1,Messaging,env_win11_wifi,NORMAL,day_4,2026-08-23,batch_20260823_01,dev_win11_laptop,wifi,warp_enabled,msg_telegram_sync,real,v2,20260823_160655_messaging_001_72b1_flow_00000_win_2s,window_2s,0.000,2.000,0,13.000000,2197.000000,169.000000,57.972142,162.000000,263.200000,0.160354,0.204708,0.091582,0.490233,13.000000,0.000000,2197.000000,0.000000,6.500000,1098.500000,9.000000,1.444444,4.500000,0.000000
20260823_160655_messaging_001_72b1_flow_00001,real_20260823_160655_messaging_001_72b1,20260823_160655_messaging_001_72b1,Messaging,env_win11_wifi,NORMAL,day_4,2026-08-23,batch_20260823_01,dev_win11_laptop,wifi,warp_enabled,msg_telegram_sync,real,v2,20260823_160655_messaging_001_72b1_flow_00001_win_2s,window_2s,0.000,2.000,0,26.000000,18699.000000,719.192308,209.915554,712.000000,1059.500000,0.059590,0.064771,0.034773,0.156581,26.000000,0.000000,18699.000000,0.000000,13.000000,9349.500000,11.000000,2.363636,5.500000,0.000000
20260823_160828_messaging_001_7f33_flow_00000,real_20260823_160828_messaging_001_7f33,20260823_160828_messaging_001_7f33,Messaging,env_win11_wifi,NORMAL,day_4,2026-08-23,batch_20260823_01,dev_win11_laptop,wifi,warp_enabled,msg_discord_text,real,v2,20260823_160828_messaging_001_7f33_flow_00000_win_2s,window_2s,0.000,2.000,0,17.000000,3445.000000,202.647059,77.892793,237.000000,286.800000,0.111255,0.084613,0.094990,0.246859,17.000000,0.000000,3445.000000,0.000000,8.500000,1722.500000,12.000000,1.416667,6.000000,0.000000
20260823_160828_messaging_001_7f33_flow_00001,real_20260823_160828_messaging_001_7f33,20260823_160828_messaging_001_7f33,Messaging,env_win11_wifi,NORMAL,day_4,2026-08-23,batch_20260823_01,dev_win11_laptop,wifi,warp_enabled,msg_discord_text,real,v2,20260823_160828_messaging_001_7f33_flow_00001_win_2s,window_2s,0.000,2.000,0,12.000000,3620.000000,301.666667,84.346837,300.000000,428.650000,0.156498,0.135453,0.095060,0.378283,12.000000,0.000000,3620.000000,0.000000,6.000000,1810.000000,9.000000,1.333333,4.500000,0.000000
20260823_160947_messaging_001_869a_flow_00000,real_20260823_160947_messaging_001_869a,20260823_160947_messaging_001_869a,Messaging,env_win11_wifi,NORMAL,day_4,2026-08-23,batch_20260823_01,dev_win11_laptop,wifi,warp_enabled,msg_telegram_sync,real,v2,20260823_160947_messaging_001_869a_flow_00000_win_2s,window_2s,0.000,2.000,0,14.000000,3061.000000,218.642857,76.630474,230.500000,304.100000,0.143489,0.156705,0.081087,0.416798,14.000000,0.000000,3061.000000,0.000000,7.000000,1530.500000,8.000000,1.750000,4.000000,0.000000
20260823_160947_messaging_001_869a_flow_00001,real_20260823_160947_messaging_001_869a,20260823_160947_messaging_001_869a,Messaging,env_win11_wifi,NORMAL,day_4,2026-08-23,batch_20260823_01,dev_win11_laptop,wifi,warp_enabled,msg_telegram_sync,real,v2,20260823_160947_messaging_001_869a_flow_00001_win_2s,window_2s,0.000,2.000,0,18.000000,3519.000000,195.500000,48.327873,204.500000,265.850000,0.102370,0.085807,0.088087,0.264156,18.000000,0.000000,3519.000000,0.000000,9.000000,1759.500000,14.000000,1.285714,7.000000,0.000000
20260823_161053_messaging_001_e319_flow_00000,real_20260823_161053_messaging_001_e319,20260823_161053_messaging_001_e319,Messaging,env_win11_wifi,NORMAL,day_4,2026-08-23,batch_20260823_01,dev_win11_laptop,wifi,warp_enabled,msg_whatsapp_web,real,v2,20260823_161053_messaging_001_e319_flow_00000_win_2s,window_2s,0.000,2.000,0,16.000000,5332.000000,333.250000,69.421268,321.500000,445.500000,0.133160,0.085819,0.123122,0.249555,16.000000,0.000000,5332.000000,0.000000,8.000000,2666.000000,14.000000,1.142857,7.000000,0.000000
20260823_161053_messaging_001_e319_flow_00001,real_20260823_161053_messaging_001_e319,20260823_161053_messaging_001_e319,Messaging,env_win11_wifi,NORMAL,day_4,2026-08-23,batch_20260823_01,dev_win11_laptop,wifi,warp_enabled,msg_whatsapp_web,real,v2,20260823_161053_messaging_001_e319_flow_00001_win_2s,window_2s,0.000,2.000,0,25.000000,11058.000000,442.320000,157.599168,494.000000,670.200000,0.080067,0.097010,0.029963,0.218122,25.000000,0.000000,11058.000000,0.000000,12.500000,5529.000000,11.000000,2.272727,5.500000,0.000000
20260823_161401_voip_001_b89f_flow_00000,real_20260823_161401_voip_001_b89f,20260823_161401_voip_001_b89f,VoIP,env_win11_wifi,NORMAL,day_4,2026-08-23,batch_20260823_01,dev_win11_laptop,wifi,warp_enabled,voip_skype_call,real,v2,20260823_161401_voip_001_b89f_flow_00000_win_2s,window_2s,0.000,2.000,0,22.000000,8188.000000,372.181818,131.238034,399.000000,574.900000,0.092988,0.083292,0.079617,0.199343,22.000000,0.000000,8188.000000,0.000000,11.000000,4094.000000,15.000000,1.466667,7.500000,0.000000
20260823_161401_voip_001_b89f_flow_00001,real_20260823_161401_voip_001_b89f,20260823_161401_voip_001_b89f,VoIP,env_win11_wifi,NORMAL,day_4,2026-08-23,batch_20260823_01,dev_win11_laptop,wifi,warp_enabled,voip_skype_call,real,v2,20260823_161401_voip_001_b89f_flow_00001_win_2s,window_2s,0.000,2.000,0,10.000000,2369.000000,236.900000,108.041150,276.500000,340.200000,0.186836,0.176973,0.141946,0.467730,10.000000,0.000000,2369.000000,0.000000,5.000000,1184.500000,7.000000,1.428571,3.500000,0.000000
20260823_161509_voip_001_9812_flow_00000,real_20260823_161509_voip_001_9812,20260823_161509_voip_001_9812,VoIP,env_win11_wifi,NORMAL,day_4,2026-08-23,batch_20260823_01,dev_win11_laptop,wifi,warp_enabled,voip_meet_audio,real,v2,20260823_161509_voip_001_9812_flow_00000_win_2s,window_2s,0.000,2.000,0,24.000000,5297.000000,220.708333,75.808135,204.000000,347.150000,0.080928,0.063458,0.073882,0.215901,24.000000,0.000000,5297.000000,0.000000,12.000000,2648.500000,16.000000,1.500000,8.000000,0.000000
20260823_161509_voip_001_9812_flow_00001,real_20260823_161509_voip_001_9812,20260823_161509_voip_001_9812,VoIP,env_win11_wifi,NORMAL,day_4,2026-08-23,batch_20260823_01,dev_win11_laptop,wifi,warp_enabled,voip_meet_audio,real,v2,20260823_161509_voip_001_9812_flow_00001_win_2s,window_2s,0.000,2.000,0,18.000000,5144.000000,285.777778,101.676806,282.500000,433.850000,0.100234,0.085602,0.061125,0.246644,18.000000,0.000000,5144.000000,0.000000,9.000000,2572.000000,11.000000,1.636364,5.500000,0.000000
20260823_161649_voip_001_c01e_flow_00000,real_20260823_161649_voip_001_c01e,20260823_161649_voip_001_c01e,VoIP,env_win11_wifi,NORMAL,day_4,2026-08-23,batch_20260823_01,dev_win11_laptop,wifi,warp_enabled,voip_teams_voice,real,v2,20260823_161649_voip_001_c01e_flow_00000_win_2s,window_2s,0.000,2.000,0,18.000000,6055.000000,336.388889,106.351168,313.000000,509.000000,0.109440,0.103402,0.076759,0.313518,18.000000,0.000000,6055.000000,0.000000,9.000000,3027.500000,13.000000,1.384615,6.500000,0.000000
20260823_161649_voip_001_c01e_flow_00001,real_20260823_161649_voip_001_c01e,20260823_161649_voip_001_c01e,VoIP,env_win11_wifi,NORMAL,day_4,2026-08-23,batch_20260823_01,dev_win11_laptop,wifi,warp_enabled,voip_teams_voice,real,v2,20260823_161649_voip_001_c01e_flow_00001_win_2s,window_2s,0.000,2.000,0,16.000000,3184.000000,199.000000,83.615937,191.000000,334.250000,0.132685,0.132400,0.086860,0.426590,16.000000,0.000000,3184.000000,0.000000,8.000000,1592.000000,11.000000,1.454545,5.500000,0.000000
20260823_161758_voip_001_0549_flow_00000,real_20260823_161758_voip_001_0549,20260823_161758_voip_001_0549,VoIP,env_win11_wifi,NORMAL,day_4,2026-08-23,batch_20260823_01,dev_win11_laptop,wifi,warp_enabled,voip_meet_audio,real,v2,20260823_161758_voip_001_0549_flow_00000_win_2s,window_2s,0.000,2.000,0,14.000000,3467.000000,247.642857,84.686487,277.500000,333.450000,0.130056,0.084192,0.134616,0.253853,14.000000,0.000000,3467.000000,0.000000,7.000000,1733.500000,11.000000,1.272727,5.500000,0.000000
20260823_161758_voip_001_0549_flow_00001,real_20260823_161758_voip_001_0549,20260823_161758_voip_001_0549,VoIP,env_win11_wifi,NORMAL,day_4,2026-08-23,batch_20260823_01,dev_win11_laptop,wifi,warp_enabled,voip_meet_audio,real,v2,20260823_161758_voip_001_0549_flow_00001_win_2s,window_2s,0.000,2.000,0,12.000000,2257.000000,188.083333,48.616627,197.500000,250.650000,0.152716,0.153320,0.110768,0.404955,12.000000,0.000000,2257.000000,0.000000,6.000000,1128.500000,10.000000,1.200000,5.000000,0.000000
20260823_161916_voip_001_7fd9_flow_00000,real_20260823_161916_voip_001_7fd9,20260823_161916_voip_001_7fd9,VoIP,env_win11_wifi,NORMAL,day_4,2026-08-23,batch_20260823_01,dev_win11_laptop,wifi,warp_enabled,voip_discord_voice,real,v2,20260823_161916_voip_001_7fd9_flow_00000_win_2s,window_2s,0.000,2.000,0,26.000000,11659.000000,448.423077,126.871277,460.500000,658.000000,0.079099,0.057000,0.072629,0.190887,26.000000,0.000000,11659.000000,0.000000,13.000000,5829.500000,16.000000,1.625000,8.000000,0.000000
20260823_161916_voip_001_7fd9_flow_00001,real_20260823_161916_voip_001_7fd9,20260823_161916_voip_001_7fd9,VoIP,env_win11_wifi,NORMAL,day_4,2026-08-23,batch_20260823_01,dev_win11_laptop,wifi,warp_enabled,voip_discord_voice,real,v2,20260823_161916_voip_001_7fd9_flow_00001_win_2s,window_2s,0.000,2.000,0,24.000000,4546.000000,189.416667,75.430385,202.000000,313.750000,0.081967,0.084624,0.058123,0.243109,24.000000,0.000000,4546.000000,0.000000,12.000000,2273.000000,14.000000,1.714286,7.000000,0.000000
20260823_162123_voip_001_51e2_flow_00000,real_20260823_162123_voip_001_51e2,20260823_162123_voip_001_51e2,VoIP,env_win11_wifi,NORMAL,day_4,2026-08-23,batch_20260823_01,dev_win11_laptop,wifi,warp_enabled,voip_discord_voice,real,v2,20260823_162123_voip_001_51e2_flow_00000_win_2s,window_2s,0.000,2.000,0,16.000000,3998.000000,249.875000,76.321585,243.000000,353.500000,0.129284,0.169639,0.064966,0.409518,16.000000,0.000000,3998.000000,0.000000,8.000000,1999.000000,12.000000,1.333333,6.000000,0.000000
20260823_162123_voip_001_51e2_flow_00001,real_20260823_162123_voip_001_51e2,20260823_162123_voip_001_51e2,VoIP,env_win11_wifi,NORMAL,day_4,2026-08-23,batch_20260823_01,dev_win11_laptop,wifi,warp_enabled,voip_discord_voice,real,v2,20260823_162123_voip_001_51e2_flow_00001_win_2s,window_2s,0.000,2.000,0,11.000000,3046.000000,276.909091,67.857410,280.000000,378.500000,0.182485,0.145837,0.149544,0.417640,11.000000,0.000000,3046.000000,0.000000,5.500000,1523.000000,9.000000,1.222222,4.500000,0.000000
20260823_162302_voip_001_6194_flow_00000,real_20260823_162302_voip_001_6194,20260823_162302_voip_001_6194,VoIP,env_win11_wifi,NORMAL,day_4,2026-08-23,batch_20260823_01,dev_win11_laptop,wifi,warp_enabled,voip_discord_voice,real,v2,20260823_162302_voip_001_6194_flow_00000_win_2s,window_2s,0.000,2.000,0,25.000000,9873.000000,394.920000,143.681849,380.000000,622.000000,0.081199,0.060798,0.087253,0.156442,25.000000,0.000000,9873.000000,0.000000,12.500000,4936.500000,16.000000,1.562500,8.000000,0.000000
20260823_162302_voip_001_6194_flow_00001,real_20260823_162302_voip_001_6194,20260823_162302_voip_001_6194,VoIP,env_win11_wifi,NORMAL,day_4,2026-08-23,batch_20260823_01,dev_win11_laptop,wifi,warp_enabled,voip_discord_voice,real,v2,20260823_162302_voip_001_6194_flow_00001_win_2s,window_2s,0.000,2.000,0,15.000000,2783.000000,185.533333,70.665283,201.000000,274.200000,0.133478,0.101600,0.127410,0.295772,15.000000,0.000000,2783.000000,0.000000,7.500000,1391.500000,11.000000,1.363636,5.500000,0.000000
20260823_162426_voip_001_9219_flow_00000,real_20260823_162426_voip_001_9219,20260823_162426_voip_001_9219,VoIP,env_win11_wifi,NORMAL,day_4,2026-08-23,batch_20260823_01,dev_win11_laptop,wifi,warp_enabled,voip_meet_audio,real,v2,20260823_162426_voip_001_9219_flow_00000_win_2s,window_2s,0.000,2.000,0,24.000000,5256.000000,219.000000,70.833725,221.000000,327.900000,0.080348,0.092737,0.048913,0.229184,24.000000,0.000000,5256.000000,0.000000,12.000000,2628.000000,12.000000,2.000000,6.000000,0.000000
20260823_162426_voip_001_9219_flow_00001,real_20260823_162426_voip_001_9219,20260823_162426_voip_001_9219,VoIP,env_win11_wifi,NORMAL,day_4,2026-08-23,batch_20260823_01,dev_win11_laptop,wifi,warp_enabled,voip_meet_audio,real,v2,20260823_162426_voip_001_9219_flow_00001_win_2s,window_2s,0.000,2.000,0,21.000000,7222.000000,343.904762,117.427142,337.000000,519.000000,0.099155,0.086832,0.088353,0.276847,21.000000,0.000000,7222.000000,0.000000,10.500000,3611.000000,15.000000,1.400000,7.500000,0.000000
20260823_162544_voip_001_9fd7_flow_00000,real_20260823_162544_voip_001_9fd7,20260823_162544_voip_001_9fd7,VoIP,env_win11_wifi,NORMAL,day_4,2026-08-23,batch_20260823_01,dev_win11_laptop,wifi,warp_enabled,voip_zoom_audio,real,v2,20260823_162544_voip_001_9fd7_flow_00000_win_2s,window_2s,0.000,2.000,0,18.000000,2885.000000,160.277778,43.931519,159.500000,240.700000,0.111696,0.075978,0.112428,0.262249,18.000000,0.000000,2885.000000,0.000000,9.000000,1442.500000,14.000000,1.285714,7.000000,0.000000
20260823_162544_voip_001_9fd7_flow_00001,real_20260823_162544_voip_001_9fd7,20260823_162544_voip_001_9fd7,VoIP,env_win11_wifi,NORMAL,day_4,2026-08-23,batch_20260823_01,dev_win11_laptop,wifi,warp_enabled,voip_zoom_audio,real,v2,20260823_162544_voip_001_9fd7_flow_00001_win_2s,window_2s,0.000,2.000,0,16.000000,4557.000000,284.812500,110.849684,274.000000,446.250000,0.118942,0.094694,0.089164,0.294543,16.000000,0.000000,4557.000000,0.000000,8.000000,2278.500000,10.000000,1.600000,5.000000,0.000000
20260823_162704_voip_001_571e_flow_00000,real_20260823_162704_voip_001_571e,20260823_162704_voip_001_571e,VoIP,env_win11_wifi,NORMAL,day_4,2026-08-23,batch_20260823_01,dev_win11_laptop,wifi,warp_enabled,voip_teams_voice,real,v2,20260823_162704_voip_001_571e_flow_00000_win_2s,window_2s,0.000,2.000,0,17.000000,4845.000000,285.000000,76.018574,265.000000,395.600000,0.112241,0.130757,0.051998,0.366904,17.000000,0.000000,4845.000000,0.000000,8.500000,2422.500000,11.000000,1.545455,5.500000,0.000000
20260823_162704_voip_001_571e_flow_00001,real_20260823_162704_voip_001_571e,20260823_162704_voip_001_571e,VoIP,env_win11_wifi,NORMAL,day_4,2026-08-23,batch_20260823_01,dev_win11_laptop,wifi,warp_enabled,voip_teams_voice,real,v2,20260823_162704_voip_001_571e_flow_00001_win_2s,window_2s,0.000,2.000,0,14.000000,2377.000000,169.785714,55.019709,189.500000,242.400000,0.151077,0.173734,0.069859,0.437383,14.000000,0.000000,2377.000000,0.000000,7.000000,1188.500000,9.000000,1.555556,4.500000,0.000000
20260823_162946_file_transfer_001_5b75_flow_00000,real_20260823_162946_file_transfer_001_5b75,20260823_162946_file_transfer_001_5b75,File Transfer,env_win11_wifi,NORMAL,day_4,2026-08-23,batch_20260823_01,dev_win11_laptop,wifi,warp_enabled,ft_mega_download,real,v2,20260823_162946_file_transfer_001_5b75_flow_00000_win_2s,window_2s,0.000,2.000,0,21.000000,4993.000000,237.761905,89.842669,228.000000,374.000000,0.089139,0.068190,0.066293,0.189325,21.000000,0.000000,4993.000000,0.000000,10.500000,2496.500000,14.000000,1.500000,7.000000,0.000000
20260823_162946_file_transfer_001_5b75_flow_00001,real_20260823_162946_file_transfer_001_5b75,20260823_162946_file_transfer_001_5b75,File Transfer,env_win11_wifi,NORMAL,day_4,2026-08-23,batch_20260823_01,dev_win11_laptop,wifi,warp_enabled,ft_mega_download,real,v2,20260823_162946_file_transfer_001_5b75_flow_00001_win_2s,window_2s,0.000,2.000,0,17.000000,4112.000000,241.882353,67.716435,243.000000,328.200000,0.120215,0.119945,0.095635,0.307516,17.000000,0.000000,4112.000000,0.000000,8.500000,2056.000000,10.000000,1.700000,5.000000,0.000000
20260823_163126_file_transfer_001_bea6_flow_00000,real_20260823_163126_file_transfer_001_bea6,20260823_163126_file_transfer_001_bea6,File Transfer,env_win11_wifi,NORMAL,day_4,2026-08-23,batch_20260823_01,dev_win11_laptop,wifi,warp_enabled,ft_gdrive_upload,real,v2,20260823_163126_file_transfer_001_bea6_flow_00000_win_2s,window_2s,0.000,2.000,0,18.000000,4270.000000,237.222222,88.579880,220.500000,370.850000,0.107838,0.157826,0.053033,0.432291,18.000000,0.000000,4270.000000,0.000000,9.000000,2135.000000,10.000000,1.800000,5.000000,0.000000
20260823_163126_file_transfer_001_bea6_flow_00001,real_20260823_163126_file_transfer_001_bea6,20260823_163126_file_transfer_001_bea6,File Transfer,env_win11_wifi,NORMAL,day_4,2026-08-23,batch_20260823_01,dev_win11_laptop,wifi,warp_enabled,ft_gdrive_upload,real,v2,20260823_163126_file_transfer_001_bea6_flow_00001_win_2s,window_2s,0.000,2.000,0,7.000000,1062.000000,151.714286,57.883416,114.000000,238.800000,0.266773,0.154332,0.291527,0.449319,7.000000,0.000000,1062.000000,0.000000,3.500000,531.000000,7.000000,1.000000,3.500000,0.000000
20260823_163237_file_transfer_001_390f_flow_00000,real_20260823_163237_file_transfer_001_390f,20260823_163237_file_transfer_001_390f,File Transfer,env_win11_wifi,NORMAL,day_4,2026-08-23,batch_20260823_01,dev_win11_laptop,wifi,warp_enabled,ft_sftp_sync,real,v2,20260823_163237_file_transfer_001_390f_flow_00000_win_2s,window_2s,0.000,2.000,0,13.000000,2672.000000,205.538462,51.323432,208.000000,290.000000,0.130553,0.131024,0.099624,0.338657,13.000000,0.000000,2672.000000,0.000000,6.500000,1336.000000,11.000000,1.181818,5.500000,0.000000
20260823_163237_file_transfer_001_390f_flow_00001,real_20260823_163237_file_transfer_001_390f,20260823_163237_file_transfer_001_390f,File Transfer,env_win11_wifi,NORMAL,day_4,2026-08-23,batch_20260823_01,dev_win11_laptop,wifi,warp_enabled,ft_sftp_sync,real,v2,20260823_163237_file_transfer_001_390f_flow_00001_win_2s,window_2s,0.000,2.000,0,14.000000,3703.000000,264.500000,64.692404,265.500000,369.900000,0.149654,0.172211,0.092270,0.512155,14.000000,0.000000,3703.000000,0.000000,7.000000,1851.500000,9.000000,1.555556,4.500000,0.000000
20260823_163447_file_transfer_001_d03c_flow_00000,real_20260823_163447_file_transfer_001_d03c,20260823_163447_file_transfer_001_d03c,File Transfer,env_win11_wifi,NORMAL,day_4,2026-08-23,batch_20260823_01,dev_win11_laptop,wifi,warp_enabled,ft_gdrive_upload,real,v2,20260823_163447_file_transfer_001_d03c_flow_00000_win_2s,window_2s,0.000,2.000,0,22.000000,7044.000000,320.181818,74.039078,341.000000,414.650000,0.089302,0.069908,0.072488,0.211978,22.000000,0.000000,7044.000000,0.000000,11.000000,3522.000000,13.000000,1.692308,6.500000,0.000000
20260823_163447_file_transfer_001_d03c_flow_00001,real_20260823_163447_file_transfer_001_d03c,20260823_163447_file_transfer_001_d03c,File Transfer,env_win11_wifi,NORMAL,day_4,2026-08-23,batch_20260823_01,dev_win11_laptop,wifi,warp_enabled,ft_gdrive_upload,real,v2,20260823_163447_file_transfer_001_d03c_flow_00001_win_2s,window_2s,0.000,2.000,0,18.000000,4003.000000,222.388889,64.389560,217.500000,304.250000,0.113258,0.110849,0.077343,0.317642,18.000000,0.000000,4003.000000,0.000000,9.000000,2001.500000,13.000000,1.384615,6.500000,0.000000
20260823_163557_file_transfer_001_aa30_flow_00000,real_20260823_163557_file_transfer_001_aa30,20260823_163557_file_transfer_001_aa30,File Transfer,env_win11_wifi,NORMAL,day_4,2026-08-23,batch_20260823_01,dev_win11_laptop,wifi,warp_enabled,ft_onedrive_sync,real,v2,20260823_163557_file_transfer_001_aa30_flow_00000_win_2s,window_2s,0.000,2.000,0,7.000000,2073.000000,296.142857,75.178699,337.000000,371.800000,0.241647,0.087473,0.260691,0.341996,7.000000,0.000000,2073.000000,0.000000,3.500000,1036.500000,7.000000,1.000000,3.500000,0.000000
20260823_163557_file_transfer_001_aa30_flow_00001,real_20260823_163557_file_transfer_001_aa30,20260823_163557_file_transfer_001_aa30,File Transfer,env_win11_wifi,NORMAL,day_4,2026-08-23,batch_20260823_01,dev_win11_laptop,wifi,warp_enabled,ft_onedrive_sync,real,v2,20260823_163557_file_transfer_001_aa30_flow_00001_win_2s,window_2s,0.000,2.000,0,7.000000,1020.000000,145.714286,31.535532,139.000000,186.400000,0.242961,0.221207,0.101700,0.583391,7.000000,0.000000,1020.000000,0.000000,3.500000,510.000000,7.000000,1.000000,3.500000,0.000000
20260823_163704_file_transfer_001_2090_flow_00000,real_20260823_163704_file_transfer_001_2090,20260823_163704_file_transfer_001_2090,File Transfer,env_win11_wifi,NORMAL,day_4,2026-08-23,batch_20260823_01,dev_win11_laptop,wifi,warp_enabled,ft_onedrive_sync,real,v2,20260823_163704_file_transfer_001_2090_flow_00000_win_2s,window_2s,0.000,2.000,0,16.000000,4138.000000,258.625000,144.814051,216.000000,498.250000,0.127144,0.093109,0.111938,0.303215,16.000000,0.000000,4138.000000,0.000000,8.000000,2069.000000,14.000000,1.142857,7.000000,0.000000
20260823_163704_file_transfer_001_2090_flow_00001,real_20260823_163704_file_transfer_001_2090,20260823_163704_file_transfer_001_2090,File Transfer,env_win11_wifi,NORMAL,day_4,2026-08-23,batch_20260823_01,dev_win11_laptop,wifi,warp_enabled,ft_onedrive_sync,real,v2,20260823_163704_file_transfer_001_2090_flow_00001_win_2s,window_2s,0.000,2.000,0,17.000000,3271.000000,192.411765,62.038943,193.000000,285.400000,0.121620,0.136937,0.064612,0.378225,17.000000,0.000000,3271.000000,0.000000,8.500000,1635.500000,11.000000,1.545455,5.500000,0.000000
20260823_163829_file_transfer_001_a40b_flow_00000,real_20260823_163829_file_transfer_001_a40b,20260823_163829_file_transfer_001_a40b,File Transfer,env_win11_wifi,NORMAL,day_4,2026-08-23,batch_20260823_01,dev_win11_laptop,wifi,warp_enabled,ft_dropbox_download,real,v2,20260823_163829_file_transfer_001_a40b_flow_00000_win_2s,window_2s,0.000,2.000,0,19.000000,4738.000000,249.368421,59.253435,251.000000,340.900000,0.103599,0.085814,0.087153,0.228670,19.000000,0.000000,4738.000000,0.000000,9.500000,2369.000000,13.000000,1.461538,6.500000,0.000000
20260823_163829_file_transfer_001_a40b_flow_00001,real_20260823_163829_file_transfer_001_a40b,20260823_163829_file_transfer_001_a40b,File Transfer,env_win11_wifi,NORMAL,day_4,2026-08-23,batch_20260823_01,dev_win11_laptop,wifi,warp_enabled,ft_dropbox_download,real,v2,20260823_163829_file_transfer_001_a40b_flow_00001_win_2s,window_2s,0.000,2.000,0,18.000000,5664.000000,314.666667,103.119672,316.000000,451.300000,0.107168,0.096555,0.088857,0.246568,18.000000,0.000000,5664.000000,0.000000,9.000000,2832.000000,12.000000,1.500000,6.000000,0.000000
20260823_163936_file_transfer_001_3420_flow_00000,real_20260823_163936_file_transfer_001_3420,20260823_163936_file_transfer_001_3420,File Transfer,env_win11_wifi,NORMAL,day_4,2026-08-23,batch_20260823_01,dev_win11_laptop,wifi,warp_enabled,ft_onedrive_sync,real,v2,20260823_163936_file_transfer_001_3420_flow_00000_win_2s,window_2s,0.000,2.000,0,25.000000,9294.000000,371.760000,138.992167,379.000000,588.400000,0.078422,0.056870,0.076699,0.176209,25.000000,0.000000,9294.000000,0.000000,12.500000,4647.000000,15.000000,1.666667,7.500000,0.000000
20260823_163936_file_transfer_001_3420_flow_00001,real_20260823_163936_file_transfer_001_3420,20260823_163936_file_transfer_001_3420,File Transfer,env_win11_wifi,NORMAL,day_4,2026-08-23,batch_20260823_01,dev_win11_laptop,wifi,warp_enabled,ft_onedrive_sync,real,v2,20260823_163936_file_transfer_001_3420_flow_00001_win_2s,window_2s,0.000,2.000,0,24.000000,5685.000000,236.875000,58.142291,241.500000,316.150000,0.084938,0.089510,0.045948,0.297843,24.000000,0.000000,5685.000000,0.000000,12.000000,2842.500000,12.000000,2.000000,6.000000,0.000000
20260823_164056_file_transfer_001_1a06_flow_00000,real_20260823_164056_file_transfer_001_1a06,20260823_164056_file_transfer_001_1a06,File Transfer,env_win11_wifi,NORMAL,day_4,2026-08-23,batch_20260823_01,dev_win11_laptop,wifi,warp_enabled,ft_sftp_sync,real,v2,20260823_164056_file_transfer_001_1a06_flow_00000_win_2s,window_2s,0.000,2.000,0,16.000000,4070.000000,254.375000,64.717535,256.500000,362.750000,0.114766,0.144805,0.060109,0.420372,16.000000,0.000000,4070.000000,0.000000,8.000000,2035.000000,9.000000,1.777778,4.500000,0.000000
20260823_164056_file_transfer_001_1a06_flow_00001,real_20260823_164056_file_transfer_001_1a06,20260823_164056_file_transfer_001_1a06,File Transfer,env_win11_wifi,NORMAL,day_4,2026-08-23,batch_20260823_01,dev_win11_laptop,wifi,warp_enabled,ft_sftp_sync,real,v2,20260823_164056_file_transfer_001_1a06_flow_00001_win_2s,window_2s,0.000,2.000,0,19.000000,2765.000000,145.526316,42.975352,138.000000,201.000000,0.103347,0.117326,0.070768,0.375758,19.000000,0.000000,2765.000000,0.000000,9.500000,1382.500000,11.000000,1.727273,5.500000,0.000000
20260823_164203_file_transfer_001_0aa3_flow_00000,real_20260823_164203_file_transfer_001_0aa3,20260823_164203_file_transfer_001_0aa3,File Transfer,env_win11_wifi,NORMAL,day_4,2026-08-23,batch_20260823_01,dev_win11_laptop,wifi,warp_enabled,ft_mega_download,real,v2,20260823_164203_file_transfer_001_0aa3_flow_00000_win_2s,window_2s,0.000,2.000,0,10.000000,2678.000000,267.800000,50.763767,254.000000,349.900000,0.197853,0.168922,0.183882,0.484043,10.000000,0.000000,2678.000000,0.000000,5.000000,1339.000000,8.000000,1.250000,4.000000,0.000000
20260823_164203_file_transfer_001_0aa3_flow_00001,real_20260823_164203_file_transfer_001_0aa3,20260823_164203_file_transfer_001_0aa3,File Transfer,env_win11_wifi,NORMAL,day_4,2026-08-23,batch_20260823_01,dev_win11_laptop,wifi,warp_enabled,ft_mega_download,real,v2,20260823_164203_file_transfer_001_0aa3_flow_00001_win_2s,window_2s,0.000,2.000,0,14.000000,2320.000000,165.714286,51.300833,163.500000,239.600000,0.115378,0.112669,0.068722,0.339316,14.000000,0.000000,2320.000000,0.000000,7.000000,1160.000000,10.000000,1.400000,5.000000,0.000000
20260823_164647_other_001_d4e4_flow_00000,real_20260823_164647_other_001_d4e4,20260823_164647_other_001_d4e4,Other,env_win11_wifi,NORMAL,day_4,2026-08-23,batch_20260823_01,dev_win11_laptop,wifi,warp_enabled,oth_idle_keepalive,real,v2,20260823_164647_other_001_d4e4_flow_00000_win_2s,window_2s,0.000,2.000,0,11.000000,2144.000000,194.909091,44.334379,192.000000,269.500000,0.154495,0.110966,0.146113,0.335877,11.000000,0.000000,2144.000000,0.000000,5.500000,1072.000000,10.000000,1.100000,5.000000,0.000000
20260823_164647_other_001_d4e4_flow_00001,real_20260823_164647_other_001_d4e4,20260823_164647_other_001_d4e4,Other,env_win11_wifi,NORMAL,day_4,2026-08-23,batch_20260823_01,dev_win11_laptop,wifi,warp_enabled,oth_idle_keepalive,real,v2,20260823_164647_other_001_d4e4_flow_00001_win_2s,window_2s,0.000,2.000,0,13.000000,3589.000000,276.076923,89.407848,274.000000,420.600000,0.109079,0.117724,0.090694,0.312220,13.000000,0.000000,3589.000000,0.000000,6.500000,1794.500000,8.000000,1.625000,4.000000,0.000000
20260823_164826_other_001_eac8_flow_00000,real_20260823_164826_other_001_eac8,20260823_164826_other_001_eac8,Other,env_win11_wifi,NORMAL,day_4,2026-08-23,batch_20260823_01,dev_win11_laptop,wifi,warp_enabled,oth_cloud_backup,real,v2,20260823_164826_other_001_eac8_flow_00000_win_2s,window_2s,0.000,2.000,0,10.000000,1607.000000,160.700000,56.725744,156.500000,231.800000,0.205697,0.128299,0.139350,0.372738,10.000000,0.000000,1607.000000,0.000000,5.000000,803.500000,9.000000,1.111111,4.500000,0.000000
20260823_164826_other_001_eac8_flow_00001,real_20260823_164826_other_001_eac8,20260823_164826_other_001_eac8,Other,env_win11_wifi,NORMAL,day_4,2026-08-23,batch_20260823_01,dev_win11_laptop,wifi,warp_enabled,oth_cloud_backup,real,v2,20260823_164826_other_001_eac8_flow_00001_win_2s,window_2s,0.000,2.000,0,13.000000,4031.000000,310.076923,54.124446,303.000000,394.800000,0.159580,0.114538,0.157460,0.340350,13.000000,0.000000,4031.000000,0.000000,6.500000,2015.500000,10.000000,1.300000,5.000000,0.000000
20260823_164938_other_001_7ffe_flow_00000,real_20260823_164938_other_001_7ffe,20260823_164938_other_001_7ffe,Other,env_win11_wifi,NORMAL,day_4,2026-08-23,batch_20260823_01,dev_win11_laptop,wifi,warp_enabled,oth_dns_ntp_sync,real,v2,20260823_164938_other_001_7ffe_flow_00000_win_2s,window_2s,0.000,2.000,0,24.000000,9285.000000,386.875000,104.805102,405.500000,547.650000,0.086634,0.090774,0.051118,0.301682,24.000000,0.000000,9285.000000,0.000000,12.000000,4642.500000,13.000000,1.846154,6.500000,0.000000
20260823_164938_other_001_7ffe_flow_00001,real_20260823_164938_other_001_7ffe,20260823_164938_other_001_7ffe,Other,env_win11_wifi,NORMAL,day_4,2026-08-23,batch_20260823_01,dev_win11_laptop,wifi,warp_enabled,oth_dns_ntp_sync,real,v2,20260823_164938_other_001_7ffe_flow_00001_win_2s,window_2s,0.000,2.000,0,16.000000,4713.000000,294.562500,103.517492,280.500000,455.000000,0.131066,0.090617,0.123471,0.261853,16.000000,0.000000,4713.000000,0.000000,8.000000,2356.500000,13.000000,1.230769,6.500000,0.000000
20260823_165157_other_001_2876_flow_00000,real_20260823_165157_other_001_2876,20260823_165157_other_001_2876,Other,env_win11_wifi,NORMAL,day_4,2026-08-23,batch_20260823_01,dev_win11_laptop,wifi,warp_enabled,oth_os_update_check,real,v2,20260823_165157_other_001_2876_flow_00000_win_2s,window_2s,0.000,2.000,0,18.000000,9685.000000,538.055556,142.182384,494.000000,758.000000,0.113664,0.066872,0.089101,0.211130,18.000000,0.000000,9685.000000,0.000000,9.000000,4842.500000,15.000000,1.200000,7.500000,0.000000
20260823_165157_other_001_2876_flow_00001,real_20260823_165157_other_001_2876,20260823_165157_other_001_2876,Other,env_win11_wifi,NORMAL,day_4,2026-08-23,batch_20260823_01,dev_win11_laptop,wifi,warp_enabled,oth_os_update_check,real,v2,20260823_165157_other_001_2876_flow_00001_win_2s,window_2s,0.000,2.000,0,13.000000,3284.000000,252.615385,76.010666,261.000000,352.200000,0.162375,0.124736,0.146653,0.370936,13.000000,0.000000,3284.000000,0.000000,6.500000,1642.000000,11.000000,1.181818,5.500000,0.000000
20260823_165837_other_001_2277_flow_00000,real_20260823_165837_other_001_2277,20260823_165837_other_001_2277,Other,env_win11_wifi,NORMAL,day_4,2026-08-23,batch_20260823_01,dev_win11_laptop,wifi,warp_enabled,oth_dns_ntp_sync,real,v2,20260823_165837_other_001_2277_flow_00000_win_2s,window_2s,0.000,2.000,0,28.000000,11930.000000,426.071429,121.120344,420.000000,594.600000,0.073430,0.071876,0.040293,0.201063,28.000000,0.000000,11930.000000,0.000000,14.000000,5965.000000,14.000000,2.000000,7.000000,0.000000
20260823_165837_other_001_2277_flow_00001,real_20260823_165837_other_001_2277,20260823_165837_other_001_2277,Other,env_win11_wifi,NORMAL,day_4,2026-08-23,batch_20260823_01,dev_win11_laptop,wifi,warp_enabled,oth_dns_ntp_sync,real,v2,20260823_165837_other_001_2277_flow_00001_win_2s,window_2s,0.000,2.000,0,28.000000,8325.000000,297.321429,91.536509,315.000000,417.250000,0.069091,0.068271,0.043531,0.218396,28.000000,0.000000,8325.000000,0.000000,14.000000,4162.500000,11.000000,2.545455,5.500000,0.000000
20260823_170006_other_001_2088_flow_00000,real_20260823_170006_other_001_2088,20260823_170006_other_001_2088,Other,env_win11_wifi,NORMAL,day_4,2026-08-23,batch_20260823_01,dev_win11_laptop,wifi,warp_enabled,oth_cloud_backup,real,v2,20260823_170006_other_001_2088_flow_00000_win_2s,window_2s,0.000,2.000,0,16.000000,6750.000000,421.875000,192.882048,377.500000,733.000000,0.127258,0.100123,0.125863,0.281613,16.000000,0.000000,6750.000000,0.000000,8.000000,3375.000000,12.000000,1.333333,6.000000,0.000000
20260823_170006_other_001_2088_flow_00001,real_20260823_170006_other_001_2088,20260823_170006_other_001_2088,Other,env_win11_wifi,NORMAL,day_4,2026-08-23,batch_20260823_01,dev_win11_laptop,wifi,warp_enabled,oth_cloud_backup,real,v2,20260823_170006_other_001_2088_flow_00001_win_2s,window_2s,0.000,2.000,0,26.000000,8977.000000,345.269231,131.779699,349.000000,510.500000,0.076898,0.063751,0.049095,0.210463,26.000000,0.000000,8977.000000,0.000000,13.000000,4488.500000,12.000000,2.166667,6.000000,0.000000
20260823_170113_other_001_b130_flow_00000,real_20260823_170113_other_001_b130,20260823_170113_other_001_b130,Other,env_win11_wifi,NORMAL,day_4,2026-08-23,batch_20260823_01,dev_win11_laptop,wifi,warp_enabled,oth_dns_ntp_sync,real,v2,20260823_170113_other_001_b130_flow_00000_win_2s,window_2s,0.000,2.000,0,54.000000,28288.000000,523.851852,171.081030,522.000000,791.700000,0.036470,0.030087,0.031376,0.087360,54.000000,0.000000,28288.000000,0.000000,27.000000,14144.000000,15.000000,3.600000,7.500000,0.000000
20260823_170113_other_001_b130_flow_00001,real_20260823_170113_other_001_b130,20260823_170113_other_001_b130,Other,env_win11_wifi,NORMAL,day_4,2026-08-23,batch_20260823_01,dev_win11_laptop,wifi,warp_enabled,oth_dns_ntp_sync,real,v2,20260823_170113_other_001_b130_flow_00001_win_2s,window_2s,0.000,2.000,0,43.000000,21125.000000,491.279070,168.997637,484.000000,743.700000,0.047049,0.039646,0.038283,0.122070,43.000000,0.000000,21125.000000,0.000000,21.500000,10562.500000,17.000000,2.529412,8.500000,0.000000
20260823_170246_other_001_fe56_flow_00000,real_20260823_170246_other_001_fe56,20260823_170246_other_001_fe56,Other,env_win11_wifi,NORMAL,day_4,2026-08-23,batch_20260823_01,dev_win11_laptop,wifi,warp_enabled,oth_os_update_check,real,v2,20260823_170246_other_001_fe56_flow_00000_win_2s,window_2s,0.000,2.000,0,18.000000,4451.000000,247.277778,76.214468,237.000000,362.700000,0.115662,0.159881,0.055887,0.465886,18.000000,0.000000,4451.000000,0.000000,9.000000,2225.500000,11.000000,1.636364,5.500000,0.000000
20260823_170246_other_001_fe56_flow_00001,real_20260823_170246_other_001_fe56,20260823_170246_other_001_fe56,Other,env_win11_wifi,NORMAL,day_4,2026-08-23,batch_20260823_01,dev_win11_laptop,wifi,warp_enabled,oth_os_update_check,real,v2,20260823_170246_other_001_fe56_flow_00001_win_2s,window_2s,0.000,2.000,0,23.000000,5567.000000,242.043478,79.908904,241.000000,370.000000,0.084549,0.084673,0.053727,0.201193,23.000000,0.000000,5567.000000,0.000000,11.500000,2783.500000,13.000000,1.769231,6.500000,0.000000
20260823_170246_other_001_fe56_flow_00003,real_20260823_170246_other_001_fe56,20260823_170246_other_001_fe56,Other,env_win11_wifi,NORMAL,day_4,2026-08-23,batch_20260823_01,dev_win11_laptop,wifi,warp_enabled,oth_os_update_check,real,v2,20260823_170246_other_001_fe56_flow_00003_win_2s,window_2s,0.000,2.000,0,5.000000,449.000000,89.800000,24.620317,101.000000,116.200000,0.424627,0.137600,0.354714,0.617254,5.000000,0.000000,449.000000,0.000000,2.500000,224.500000,5.000000,1.000000,2.500000,0.000000
20260823_170352_other_001_facf_flow_00000,real_20260823_170352_other_001_facf,20260823_170352_other_001_facf,Other,env_win11_wifi,NORMAL,day_4,2026-08-23,batch_20260823_01,dev_win11_laptop,wifi,warp_enabled,oth_cloud_backup,real,v2,20260823_170352_other_001_facf_flow_00000_win_2s,window_2s,0.000,2.000,0,22.000000,11108.000000,504.909091,171.837108,460.000000,816.150000,0.095124,0.075602,0.080799,0.199258,22.000000,0.000000,11108.000000,0.000000,11.000000,5554.000000,15.000000,1.466667,7.500000,0.000000
20260823_170352_other_001_facf_flow_00001,real_20260823_170352_other_001_facf,20260823_170352_other_001_facf,Other,env_win11_wifi,NORMAL,day_4,2026-08-23,batch_20260823_01,dev_win11_laptop,wifi,warp_enabled,oth_cloud_backup,real,v2,20260823_170352_other_001_facf_flow_00001_win_2s,window_2s,0.000,2.000,0,14.000000,3506.000000,250.428571,66.469880,256.000000,368.500000,0.153803,0.123578,0.157271,0.344342,14.000000,0.000000,3506.000000,0.000000,7.000000,1753.000000,10.000000,1.400000,5.000000,0.000000
20260823_170458_other_001_aa7d_flow_00000,real_20260823_170458_other_001_aa7d,20260823_170458_other_001_aa7d,Other,env_win11_wifi,NORMAL,day_4,2026-08-23,batch_20260823_01,dev_win11_laptop,wifi,warp_enabled,oth_cloud_backup,real,v2,20260823_170458_other_001_aa7d_flow_00000_win_2s,window_2s,0.000,2.000,0,59.000000,52499.000000,889.813559,330.004133,849.000000,1417.300000,0.034066,0.037131,0.019848,0.097931,59.000000,0.000000,52499.000000,0.000000,29.500000,26249.500000,13.000000,4.538462,6.500000,0.000000
20260823_170458_other_001_aa7d_flow_00001,real_20260823_170458_other_001_aa7d,20260823_170458_other_001_aa7d,Other,env_win11_wifi,NORMAL,day_4,2026-08-23,batch_20260823_01,dev_win11_laptop,wifi,warp_enabled,oth_cloud_backup,real,v2,20260823_170458_other_001_aa7d_flow_00001_win_2s,window_2s,0.000,2.000,0,28.000000,10305.000000,368.035714,110.593038,384.000000,526.650000,0.073168,0.061644,0.058442,0.213264,28.000000,0.000000,10305.000000,0.000000,14.000000,5152.500000,17.000000,1.647059,8.500000,0.000000
sess_20260820_web_061_flow_00000,real_sess_20260820_web_061,sess_20260820_web_061,Web,env_win11_wifi,NORMAL,day_1,2026-08-20,batch_20260820_01,dev_win11_laptop,wifi,warp_enabled,web_wikipedia,real,v2,sess_20260820_web_061_flow_00000_win_2s,window_2s,0.000,2.000,0,86.000000,20645.000000,240.058140,75.010287,235.000000,376.750000,0.023407,0.029188,0.014757,0.081236,86.000000,0.000000,20645.000000,0.000000,43.000000,10322.500000,12.000000,7.166667,6.000000,0.000000
sess_20260820_web_061_flow_00001,real_sess_20260820_web_061,sess_20260820_web_061,Web,env_win11_wifi,NORMAL,day_1,2026-08-20,batch_20260820_01,dev_win11_laptop,wifi,warp_enabled,web_wikipedia,real,v2,sess_20260820_web_061_flow_00001_win_2s,window_2s,0.000,2.000,0,68.000000,15548.000000,228.647059,94.664852,230.000000,365.000000,0.029478,0.026953,0.023774,0.097859,68.000000,0.000000,15548.000000,0.000000,34.000000,7774.000000,12.000000,5.666667,6.000000,0.000000
sess_20260820_web_062_flow_00000,real_sess_20260820_web_062,sess_20260820_web_062,Web,env_win11_wifi,LOW_BANDWIDTH,day_1,2026-08-20,batch_20260820_02,dev_win11_laptop,wifi,warp_enabled,web_news,real,v2,sess_20260820_web_062_flow_00000_win_2s,window_2s,0.000,2.000,0,63.000000,26760.000000,424.761905,147.837181,416.000000,681.700000,0.032146,0.033148,0.021467,0.106132,63.000000,0.000000,26760.000000,0.000000,31.500000,13380.000000,12.000000,5.250000,6.000000,0.000000
sess_20260820_web_062_flow_00001,real_sess_20260820_web_062,sess_20260820_web_062,Web,env_win11_wifi,LOW_BANDWIDTH,day_1,2026-08-20,batch_20260820_02,dev_win11_laptop,wifi,warp_enabled,web_news,real,v2,sess_20260820_web_062_flow_00001_win_2s,window_2s,0.000,2.000,0,84.000000,58965.000000,701.964286,209.575276,727.500000,983.450000,0.023820,0.024463,0.015850,0.075066,84.000000,0.000000,58965.000000,0.000000,42.000000,29482.500000,14.000000,6.000000,7.000000,0.000000
sess_20260820_web_063_flow_00000,real_sess_20260820_web_063,sess_20260820_web_063,Web,env_win11_eth,NORMAL,day_1,2026-08-20,batch_20260820_03,dev_win11_desktop,ethernet,warp_disabled,web_ecommerce,real,v2,sess_20260820_web_063_flow_00000_win_2s,window_2s,0.000,2.000,0,26.000000,7643.000000,293.961538,119.133887,292.000000,462.250000,0.076252,0.062761,0.052458,0.198879,26.000000,0.000000,7643.000000,0.000000,13.000000,3821.500000,15.000000,1.733333,7.500000,0.000000
sess_20260820_web_063_flow_00001,real_sess_20260820_web_063,sess_20260820_web_063,Web,env_win11_eth,NORMAL,day_1,2026-08-20,batch_20260820_03,dev_win11_desktop,ethernet,warp_disabled,web_ecommerce,real,v2,sess_20260820_web_063_flow_00001_win_2s,window_2s,0.000,2.000,0,15.000000,3949.000000,263.266667,93.446931,303.000000,359.100000,0.125127,0.074760,0.122960,0.262055,15.000000,0.000000,3949.000000,0.000000,7.500000,1974.500000,13.000000,1.153846,6.500000,0.000000
sess_20260820_web_064_flow_00000,real_sess_20260820_web_064,sess_20260820_web_064,Web,env_win11_eth,HIGH_LATENCY,day_1,2026-08-20,batch_20260820_04,dev_win11_desktop,ethernet,warp_enabled,web_github_docs,real,v2,sess_20260820_web_064_flow_00000_win_2s,window_2s,0.000,2.000,0,4.000000,803.000000,200.750000,119.009191,182.500000,352.850000,0.251596,0.194299,0.213744,0.476972,4.000000,0.000000,803.000000,0.000000,2.000000,401.500000,3.000000,1.333333,1.500000,0.000000
sess_20260820_web_064_flow_00001,real_sess_20260820_web_064,sess_20260820_web_064,Web,env_win11_eth,HIGH_LATENCY,day_1,2026-08-20,batch_20260820_04,dev_win11_desktop,ethernet,warp_enabled,web_github_docs,real,v2,sess_20260820_web_064_flow_00001_win_2s,window_2s,0.000,2.000,0,3.000000,739.000000,246.333333,48.609556,268.000000,289.600000,0.961017,0.529913,0.961017,1.437939,3.000000,0.000000,739.000000,0.000000,1.500000,369.500000,3.000000,1.000000,1.500000,0.000000
sess_20260821_web_065_flow_00000,real_sess_20260821_web_065,sess_20260821_web_065,Web,env_win11_wifi,NORMAL,day_2,2026-08-21,batch_20260821_01,dev_win11_laptop,wifi,warp_enabled,web_tech_blogs,real,v2,sess_20260821_web_065_flow_00000_win_2s,window_2s,0.000,2.000,0,20.000000,5325.000000,266.250000,82.916750,256.500000,389.700000,0.104351,0.107180,0.055621,0.330915,20.000000,0.000000,5325.000000,0.000000,10.000000,2662.500000,12.000000,1.666667,6.000000,0.000000
sess_20260821_web_065_flow_00001,real_sess_20260821_web_065,sess_20260821_web_065,Web,env_win11_wifi,NORMAL,day_2,2026-08-21,batch_20260821_01,dev_win11_laptop,wifi,warp_enabled,web_tech_blogs,real,v2,sess_20260821_web_065_flow_00001_win_2s,window_2s,0.000,2.000,0,35.000000,9393.000000,268.371429,83.414314,279.000000,376.600000,0.058106,0.066739,0.042822,0.192347,35.000000,0.000000,9393.000000,0.000000,17.500000,4696.500000,17.000000,2.058824,8.500000,0.000000
sess_20260821_web_066_flow_00000,real_sess_20260821_web_066,sess_20260821_web_066,Web,env_win11_wifi,HIGH_LATENCY,day_2,2026-08-21,batch_20260821_02,dev_win11_laptop,wifi,warp_enabled,web_wikipedia,real,v2,sess_20260821_web_066_flow_00000_win_2s,window_2s,0.000,2.000,0,8.000000,4629.000000,578.625000,155.930223,589.500000,775.150000,0.219553,0.150055,0.224446,0.440123,8.000000,0.000000,4629.000000,0.000000,4.000000,2314.500000,7.000000,1.142857,3.500000,0.000000
sess_20260821_web_066_flow_00001,real_sess_20260821_web_066,sess_20260821_web_066,Web,env_win11_wifi,HIGH_LATENCY,day_2,2026-08-21,batch_20260821_02,dev_win11_laptop,wifi,warp_enabled,web_wikipedia,real,v2,sess_20260821_web_066_flow_00001_win_2s,window_2s,0.000,2.000,0,10.000000,4140.000000,414.000000,232.305833,359.500000,800.600000,0.219786,0.216802,0.088058,0.574108,10.000000,0.000000,4140.000000,0.000000,5.000000,2070.000000,9.000000,1.111111,4.500000,0.000000
sess_20260821_web_067_flow_00000,real_sess_20260821_web_067,sess_20260821_web_067,Web,env_win11_cellular,NORMAL,day_2,2026-08-21,batch_20260821_03,dev_win11_laptop,cellular,warp_disabled,web_news,real,v2,sess_20260821_web_067_flow_00000_win_2s,window_2s,0.000,2.000,0,50.000000,16588.000000,331.760000,111.338504,328.000000,521.100000,0.040693,0.044711,0.017968,0.142048,50.000000,0.000000,16588.000000,0.000000,25.000000,8294.000000,17.000000,2.941176,8.500000,0.000000
sess_20260821_web_067_flow_00001,real_sess_20260821_web_067,sess_20260821_web_067,Web,env_win11_cellular,NORMAL,day_2,2026-08-21,batch_20260821_03,dev_win11_laptop,cellular,warp_disabled,web_news,real,v2,sess_20260821_web_067_flow_00001_win_2s,window_2s,0.000,2.000,0,49.000000,15034.000000,306.816327,125.501390,309.000000,490.800000,0.041293,0.038210,0.028854,0.097607,49.000000,0.000000,15034.000000,0.000000,24.500000,7517.000000,19.000000,2.578947,9.500000,0.000000
sess_20260821_web_068_flow_00000,real_sess_20260821_web_068,sess_20260821_web_068,Web,env_win11_cellular,LOW_BANDWIDTH,day_2,2026-08-21,batch_20260821_04,dev_win11_laptop,cellular,warp_enabled,web_ecommerce,real,v2,sess_20260821_web_068_flow_00000_win_2s,window_2s,0.000,2.000,0,28.000000,3544.000000,126.571429,40.394862,132.000000,187.950000,0.070029,0.058362,0.047339,0.193343,28.000000,0.000000,3544.000000,0.000000,14.000000,1772.000000,12.000000,2.333333,6.000000,0.000000
sess_20260821_web_068_flow_00001,real_sess_20260821_web_068,sess_20260821_web_068,Web,env_win11_cellular,LOW_BANDWIDTH,day_2,2026-08-21,batch_20260821_04,dev_win11_laptop,cellular,warp_enabled,web_ecommerce,real,v2,sess_20260821_web_068_flow_00001_win_2s,window_2s,0.000,2.000,0,34.000000,6438.000000,189.352941,61.786579,190.500000,287.050000,0.060423,0.050142,0.045571,0.165454,34.000000,0.000000,6438.000000,0.000000,17.000000,3219.000000,17.000000,2.000000,8.500000,0.000000
sess_20260822_web_069_flow_00000,real_sess_20260822_web_069,sess_20260822_web_069,Web,env_win11_eth,NORMAL,day_3,2026-08-22,batch_20260822_01,dev_win11_desktop,ethernet,warp_enabled,web_github_docs,real,v2,sess_20260822_web_069_flow_00000_win_2s,window_2s,0.000,2.000,0,74.000000,64085.000000,866.013514,287.964689,884.500000,1293.600000,0.027227,0.027148,0.017545,0.096738,74.000000,0.000000,64085.000000,0.000000,37.000000,32042.500000,11.000000,6.727273,5.500000,0.000000
sess_20260822_web_069_flow_00001,real_sess_20260822_web_069,sess_20260822_web_069,Web,env_win11_eth,NORMAL,day_3,2026-08-22,batch_20260822_01,dev_win11_desktop,ethernet,warp_enabled,web_github_docs,real,v2,sess_20260822_web_069_flow_00001_win_2s,window_2s,0.000,2.000,0,66.000000,55271.000000,837.439394,280.315846,859.500000,1319.750000,0.029923,0.029357,0.020021,0.089224,66.000000,0.000000,55271.000000,0.000000,33.000000,27635.500000,14.000000,4.714286,7.000000,0.000000
sess_20260822_web_070_flow_00000,real_sess_20260822_web_070,sess_20260822_web_070,Web,env_win11_eth,PACKET_LOSS,day_3,2026-08-22,batch_20260822_02,dev_win11_desktop,ethernet,warp_enabled,web_tech_blogs,real,v2,sess_20260822_web_070_flow_00000_win_2s,window_2s,0.000,2.000,0,54.000000,13698.000000,253.666667,83.686363,257.000000,397.600000,0.033546,0.026718,0.023621,0.085445,54.000000,0.000000,13698.000000,0.000000,27.000000,6849.000000,15.000000,3.600000,7.500000,0.000000
sess_20260822_web_070_flow_00001,real_sess_20260822_web_070,sess_20260822_web_070,Web,env_win11_eth,PACKET_LOSS,day_3,2026-08-22,batch_20260822_02,dev_win11_desktop,ethernet,warp_enabled,web_tech_blogs,real,v2,sess_20260822_web_070_flow_00001_win_2s,window_2s,0.000,2.000,0,52.000000,12149.000000,233.634615,75.686608,233.500000,333.850000,0.037847,0.036010,0.025772,0.091066,52.000000,0.000000,12149.000000,0.000000,26.000000,6074.500000,16.000000,3.250000,8.000000,0.000000
sess_20260822_web_071_flow_00000,real_sess_20260822_web_071,sess_20260822_web_071,Web,env_win11_cellular,HIGH_LATENCY,day_3,2026-08-22,batch_20260822_03,dev_win11_laptop,cellular,warp_enabled,web_wikipedia,real,v2,sess_20260822_web_071_flow_00000_win_2s,window_2s,0.000,2.000,0,9.000000,1550.000000,172.222222,50.201323,174.000000,248.200000,0.227362,0.180977,0.164374,0.520670,9.000000,0.000000,1550.000000,0.000000,4.500000,775.000000,7.000000,1.285714,3.500000,0.000000
sess_20260822_web_071_flow_00001,real_sess_20260822_web_071,sess_20260822_web_071,Web,env_win11_cellular,HIGH_LATENCY,day_3,2026-08-22,batch_20260822_03,dev_win11_laptop,cellular,warp_enabled,web_wikipedia,real,v2,sess_20260822_web_071_flow_00001_win_2s,window_2s,0.000,2.000,0,7.000000,1560.000000,222.857143,53.085991,224.000000,301.100000,0.297632,0.171631,0.318372,0.524086,7.000000,0.000000,1560.000000,0.000000,3.500000,780.000000,6.000000,1.166667,3.000000,0.000000
sess_20260822_web_072_flow_00000,real_sess_20260822_web_072,sess_20260822_web_072,Web,env_win11_cellular,NORMAL,day_3,2026-08-22,batch_20260822_04,dev_win11_laptop,cellular,warp_disabled,web_news,real,v2,sess_20260822_web_072_flow_00000_win_2s,window_2s,0.000,2.000,0,19.000000,5465.000000,287.631579,85.987888,324.000000,406.500000,0.110821,0.080705,0.087601,0.223418,19.000000,0.000000,5465.000000,0.000000,9.500000,2732.500000,12.000000,1.583333,6.000000,0.000000
sess_20260822_web_072_flow_00001,real_sess_20260822_web_072,sess_20260822_web_072,Web,env_win11_cellular,NORMAL,day_3,2026-08-22,batch_20260822_04,dev_win11_laptop,cellular,warp_disabled,web_news,real,v2,sess_20260822_web_072_flow_00001_win_2s,window_2s,0.000,2.000,0,19.000000,5606.000000,295.052632,100.751635,295.000000,424.200000,0.095407,0.068341,0.074039,0.223435,19.000000,0.000000,5606.000000,0.000000,9.500000,2803.000000,13.000000,1.461538,6.500000,0.000000
sess_20260823_web_073_flow_00000,real_sess_20260823_web_073,sess_20260823_web_073,Web,env_win11_wifi,LOW_BANDWIDTH,day_4,2026-08-23,batch_20260823_02,dev_win11_laptop,wifi,warp_enabled,web_ecommerce,real,v2,sess_20260823_web_073_flow_00000_win_2s,window_2s,0.000,2.000,0,14.000000,1450.000000,103.571429,42.199720,101.000000,165.450000,0.145072,0.106092,0.105184,0.325045,14.000000,0.000000,1450.000000,0.000000,7.000000,725.000000,11.000000,1.272727,5.500000,0.000000
sess_20260823_web_073_flow_00001,real_sess_20260823_web_073,sess_20260823_web_073,Web,env_win11_wifi,LOW_BANDWIDTH,day_4,2026-08-23,batch_20260823_02,dev_win11_laptop,wifi,warp_enabled,web_ecommerce,real,v2,sess_20260823_web_073_flow_00001_win_2s,window_2s,0.000,2.000,0,6.000000,496.000000,82.666667,26.442810,90.500000,111.750000,0.332547,0.266268,0.305722,0.718596,6.000000,0.000000,496.000000,0.000000,3.000000,248.000000,6.000000,1.000000,3.000000,0.000000
sess_20260823_web_074_flow_00000,real_sess_20260823_web_074,sess_20260823_web_074,Web,env_win11_eth,LOW_BANDWIDTH,day_4,2026-08-23,batch_20260823_03,dev_win11_desktop,ethernet,warp_enabled,web_github_docs,real,v2,sess_20260823_web_074_flow_00000_win_2s,window_2s,0.000,2.000,0,13.000000,1252.000000,96.307692,41.414202,82.000000,173.200000,0.145648,0.098953,0.131162,0.276510,13.000000,0.000000,1252.000000,0.000000,6.500000,626.000000,11.000000,1.181818,5.500000,0.000000
sess_20260823_web_074_flow_00001,real_sess_20260823_web_074,sess_20260823_web_074,Web,env_win11_eth,LOW_BANDWIDTH,day_4,2026-08-23,batch_20260823_03,dev_win11_desktop,ethernet,warp_enabled,web_github_docs,real,v2,sess_20260823_web_074_flow_00001_win_2s,window_2s,0.000,2.000,0,8.000000,746.000000,93.250000,24.211309,101.500000,118.550000,0.229781,0.269469,0.110115,0.693379,8.000000,0.000000,746.000000,0.000000,4.000000,373.000000,6.000000,1.333333,3.000000,0.000000
sess_20260823_web_075_flow_00000,real_sess_20260823_web_075,sess_20260823_web_075,Web,env_win11_cellular,NORMAL,day_4,2026-08-23,batch_20260823_04,dev_win11_laptop,cellular,warp_enabled,web_tech_blogs,real,v2,sess_20260823_web_075_flow_00000_win_2s,window_2s,0.000,2.000,0,15.000000,3831.000000,255.400000,95.598326,232.000000,382.300000,0.133227,0.117370,0.094807,0.312730,15.000000,0.000000,3831.000000,0.000000,7.500000,1915.500000,9.000000,1.666667,4.500000,0.000000
sess_20260823_web_075_flow_00001,real_sess_20260823_web_075,sess_20260823_web_075,Web,env_win11_cellular,NORMAL,day_4,2026-08-23,batch_20260823_04,dev_win11_laptop,cellular,warp_enabled,web_tech_blogs,real,v2,sess_20260823_web_075_flow_00001_win_2s,window_2s,0.000,2.000,0,17.000000,4399.000000,258.764706,101.951851,242.000000,425.600000,0.115999,0.082624,0.110444,0.265135,17.000000,0.000000,4399.000000,0.000000,8.500000,2199.500000,13.000000,1.307692,6.500000,0.000000
sess_20260820_video_076_flow_00000,real_sess_20260820_video_076,sess_20260820_video_076,Video,env_win11_wifi,NORMAL,day_1,2026-08-20,batch_20260820_01,dev_win11_laptop,wifi,warp_enabled,vid_youtube_1080p,real,v2,sess_20260820_video_076_flow_00000_win_2s,window_2s,0.000,2.000,0,504.000000,578589.000000,1147.994048,305.582319,1256.000000,1420.000000,0.003956,0.003843,0.002810,0.011714,504.000000,0.000000,578589.000000,0.000000,252.000000,289294.500000,1.000000,504.000000,0.500000,0.000000
sess_20260820_video_076_flow_00001,real_sess_20260820_video_076,sess_20260820_video_076,Video,env_win11_wifi,NORMAL,day_1,2026-08-20,batch_20260820_01,dev_win11_laptop,wifi,warp_enabled,vid_youtube_1080p,real,v2,sess_20260820_video_076_flow_00001_win_2s,window_2s,0.000,2.000,0,542.000000,626248.000000,1155.439114,297.731074,1247.500000,1420.000000,0.003695,0.003740,0.002631,0.010660,542.000000,0.000000,626248.000000,0.000000,271.000000,313124.000000,1.000000,542.000000,0.500000,0.000000
sess_20260820_video_077_flow_00000,real_sess_20260820_video_077,sess_20260820_video_077,Video,env_win11_wifi,LOW_BANDWIDTH,day_1,2026-08-20,batch_20260820_02,dev_win11_laptop,wifi,warp_enabled,vid_vimeo_720p,real,v2,sess_20260820_video_077_flow_00000_win_2s,window_2s,0.000,2.000,0,48.000000,5796.000000,120.750000,36.743197,117.000000,185.000000,0.042371,0.039306,0.031353,0.131908,48.000000,0.000000,5796.000000,0.000000,24.000000,2898.000000,18.000000,2.666667,9.000000,0.000000
sess_20260820_video_077_flow_00001,real_sess_20260820_video_077,sess_20260820_video_077,Video,env_win11_wifi,LOW_BANDWIDTH,day_1,2026-08-20,batch_20260820_02,dev_win11_laptop,wifi,warp_enabled,vid_vimeo_720p,real,v2,sess_20260820_video_077_flow_00001_win_2s,window_2s,0.000,2.000,0,42.000000,4181.000000,99.547619,29.491889,99.500000,146.850000,0.048630,0.042361,0.038532,0.147240,42.000000,0.000000,4181.000000,0.000000,21.000000,2090.500000,17.000000,2.470588,8.500000,0.000000
sess_20260820_video_078_flow_00000,real_sess_20260820_video_078,sess_20260820_video_078,Video,env_win11_eth,NORMAL,day_1,2026-08-20,batch_20260820_03,dev_win11_desktop,ethernet,warp_disabled,vid_twitch_live,real,v2,sess_20260820_video_078_flow_00000_win_2s,window_2s,0.000,2.000,0,134.000000,143583.000000,1071.514925,339.314822,1127.500000,1420.000000,0.015026,0.015076,0.009388,0.044942,134.000000,0.000000,143583.000000,0.000000,67.000000,71791.500000,7.000000,19.142857,3.500000,0.000000
sess_20260820_video_078_flow_00001,real_sess_20260820_video_078,sess_20260820_video_078,Video,env_win11_eth,NORMAL,day_1,2026-08-20,batch_20260820_03,dev_win11_desktop,ethernet,warp_disabled,vid_twitch_live,real,v2,sess_20260820_video_078_flow_00001_win_2s,window_2s,0.000,2.000,0,146.000000,161576.000000,1106.684932,302.576850,1172.500000,1420.000000,0.013450,0.012882,0.010027,0.036251,146.000000,0.000000,161576.000000,0.000000,73.000000,80788.000000,2.000000,73.000000,1.000000,0.000000
sess_20260820_video_079_flow_00000,real_sess_20260820_video_079,sess_20260820_video_079,Video,env_win11_eth,HIGH_LATENCY,day_1,2026-08-20,batch_20260820_04,dev_win11_desktop,ethernet,warp_enabled,vid_dailymotion_sd,real,v2,sess_20260820_video_079_flow_00000_win_2s,window_2s,0.000,2.000,0,19.000000,4739.000000,249.421053,77.116669,254.000000,405.600000,0.107994,0.095311,0.075424,0.287362,19.000000,0.000000,4739.000000,0.000000,9.500000,2369.500000,12.000000,1.583333,6.000000,0.000000
sess_20260820_video_079_flow_00001,real_sess_20260820_video_079,sess_20260820_video_079,Video,env_win11_eth,HIGH_LATENCY,day_1,2026-08-20,batch_20260820_04,dev_win11_desktop,ethernet,warp_enabled,vid_dailymotion_sd,real,v2,sess_20260820_video_079_flow_00001_win_2s,window_2s,0.000,2.000,0,16.000000,3946.000000,246.625000,75.305109,238.000000,360.000000,0.128706,0.111184,0.082212,0.323367,16.000000,0.000000,3946.000000,0.000000,8.000000,1973.000000,12.000000,1.333333,6.000000,0.000000
sess_20260821_video_080_flow_00000,real_sess_20260821_video_080,sess_20260821_video_080,Video,env_win11_wifi,NORMAL,day_2,2026-08-21,batch_20260821_01,dev_win11_laptop,wifi,warp_enabled,vid_netflix_4k,real,v2,sess_20260821_video_080_flow_00000_win_2s,window_2s,0.000,2.000,0,245.000000,185302.000000,756.334694,268.150952,767.000000,1208.600000,0.008162,0.008403,0.005917,0.023703,245.000000,0.000000,185302.000000,0.000000,122.500000,92651.000000,2.000000,122.500000,1.000000,0.000000
sess_20260821_video_080_flow_00001,real_sess_20260821_video_080,sess_20260821_video_080,Video,env_win11_wifi,NORMAL,day_2,2026-08-21,batch_20260821_01,dev_win11_laptop,wifi,warp_enabled,vid_netflix_4k,real,v2,sess_20260821_video_080_flow_00001_win_2s,window_2s,0.000,2.000,0,259.000000,197648.000000,763.119691,252.884466,743.000000,1191.200000,0.007726,0.007128,0.005596,0.019755,259.000000,0.000000,197648.000000,0.000000,129.500000,98824.000000,1.000000,259.000000,0.500000,0.000000
sess_20260821_video_081_flow_00000,real_sess_20260821_video_081,sess_20260821_video_081,Video,env_win11_wifi,HIGH_LATENCY,day_2,2026-08-21,batch_20260821_02,dev_win11_laptop,wifi,warp_enabled,vid_youtube_1080p,real,v2,sess_20260821_video_081_flow_00000_win_2s,window_2s,0.000,2.000,0,97.000000,97609.000000,1006.278351,304.020711,1062.000000,1420.000000,0.020405,0.018096,0.013815,0.052273,97.000000,0.000000,97609.000000,0.000000,48.500000,48804.500000,9.000000,10.777778,4.500000,0.000000
sess_20260821_video_081_flow_00001,real_sess_20260821_video_081,sess_20260821_video_081,Video,env_win11_wifi,HIGH_LATENCY,day_2,2026-08-21,batch_20260821_02,dev_win11_laptop,wifi,warp_enabled,vid_youtube_1080p,real,v2,sess_20260821_video_081_flow_00001_win_2s,window_2s,0.000,2.000,0,79.000000,81775.000000,1035.126582,303.252385,1088.000000,1420.000000,0.025540,0.022910,0.020212,0.072809,79.000000,0.000000,81775.000000,0.000000,39.500000,40887.500000,11.000000,7.181818,5.500000,0.000000
sess_20260821_video_082_flow_00000,real_sess_20260821_video_082,sess_20260821_video_082,Video,env_win11_cellular,NORMAL,day_2,2026-08-21,batch_20260821_03,dev_win11_laptop,cellular,warp_disabled,vid_vimeo_720p,real,v2,sess_20260821_video_082_flow_00000_win_2s,window_2s,0.000,2.000,0,22.000000,19654.000000,893.363636,277.430179,955.500000,1256.750000,0.093994,0.120713,0.072285,0.198239,22.000000,0.000000,19654.000000,0.000000,11.000000,9827.000000,13.000000,1.692308,6.500000,0.000000
sess_20260821_video_082_flow_00001,real_sess_20260821_video_082,sess_20260821_video_082,Video,env_win11_cellular,NORMAL,day_2,2026-08-21,batch_20260821_03,dev_win11_laptop,cellular,warp_disabled,vid_vimeo_720p,real,v2,sess_20260821_video_082_flow_00001_win_2s,window_2s,0.000,2.000,0,35.000000,27308.000000,780.228571,220.814736,847.000000,1062.700000,0.055720,0.061049,0.029942,0.193127,35.000000,0.000000,27308.000000,0.000000,17.500000,13654.000000,12.000000,2.916667,6.000000,0.000000
sess_20260821_video_083_flow_00000,real_sess_20260821_video_083,sess_20260821_video_083,Video,env_win11_cellular,LOW_BANDWIDTH,day_2,2026-08-21,batch_20260821_04,dev_win11_laptop,cellular,warp_enabled,vid_twitch_live,real,v2,sess_20260821_video_083_flow_00000_win_2s,window_2s,0.000,2.000,0,10.000000,565.000000,56.500000,18.580904,48.500000,86.450000,0.206577,0.168200,0.134082,0.475768,10.000000,0.000000,565.000000,0.000000,5.000000,282.500000,9.000000,1.111111,4.500000,0.000000
sess_20260821_video_083_flow_00001,real_sess_20260821_video_083,sess_20260821_video_083,Video,env_win11_cellular,LOW_BANDWIDTH,day_2,2026-08-21,batch_20260821_04,dev_win11_laptop,cellular,warp_enabled,vid_twitch_live,real,v2,sess_20260821_video_083_flow_00001_win_2s,window_2s,0.000,2.000,0,5.000000,743.000000,148.600000,22.966062,146.000000,174.200000,0.234985,0.149050,0.201232,0.434876,5.000000,0.000000,743.000000,0.000000,2.500000,371.500000,5.000000,1.000000,2.500000,0.000000
sess_20260822_video_084_flow_00000,real_sess_20260822_video_084,sess_20260822_video_084,Video,env_win11_eth,NORMAL,day_3,2026-08-22,batch_20260822_01,dev_win11_desktop,ethernet,warp_enabled,vid_dailymotion_sd,real,v2,sess_20260822_video_084_flow_00000_win_2s,window_2s,0.000,2.000,0,407.000000,468215.000000,1150.405405,312.520301,1243.000000,1420.000000,0.004913,0.004381,0.003674,0.014616,407.000000,0.000000,468215.000000,0.000000,203.500000,234107.500000,1.000000,407.000000,0.500000,0.000000
sess_20260822_video_084_flow_00001,real_sess_20260822_video_084,sess_20260822_video_084,Video,env_win11_eth,NORMAL,day_3,2026-08-22,batch_20260822_01,dev_win11_desktop,ethernet,warp_enabled,vid_dailymotion_sd,real,v2,sess_20260822_video_084_flow_00001_win_2s,window_2s,0.000,2.000,0,434.000000,493969.000000,1138.177419,313.877384,1225.000000,1420.000000,0.004614,0.004635,0.003095,0.013482,434.000000,0.000000,493969.000000,0.000000,217.000000,246984.500000,1.000000,434.000000,0.500000,0.000000
sess_20260822_video_085_flow_00000,real_sess_20260822_video_085,sess_20260822_video_085,Video,env_win11_eth,PACKET_LOSS,day_3,2026-08-22,batch_20260822_02,dev_win11_desktop,ethernet,warp_enabled,vid_netflix_4k,real,v2,sess_20260822_video_085_flow_00000_win_2s,window_2s,0.000,2.000,0,78.000000,19306.000000,247.512821,77.723003,247.500000,375.300000,0.025922,0.026410,0.016412,0.068176,78.000000,0.000000,19306.000000,0.000000,39.000000,9653.000000,17.000000,4.588235,8.500000,0.000000
sess_20260822_video_085_flow_00001,real_sess_20260822_video_085,sess_20260822_video_085,Video,env_win11_eth,PACKET_LOSS,day_3,2026-08-22,batch_20260822_02,dev_win11_desktop,ethernet,warp_enabled,vid_netflix_4k,real,v2,sess_20260822_video_085_flow_00001_win_2s,window_2s,0.000,2.000,0,88.000000,23457.000000,266.556818,97.976790,265.000000,409.950000,0.022928,0.021764,0.016786,0.060000,88.000000,0.000000,23457.000000,0.000000,44.000000,11728.500000,11.000000,8.000000,5.500000,0.000000
sess_20260822_video_086_flow_00000,real_sess_20260822_video_086,sess_20260822_video_086,Video,env_win11_cellular,HIGH_LATENCY,day_3,2026-08-22,batch_20260822_03,dev_win11_laptop,cellular,warp_enabled,vid_youtube_1080p,real,v2,sess_20260822_video_086_flow_00000_win_2s,window_2s,0.000,2.000,0,129.000000,146938.000000,1139.054264,332.025690,1252.000000,1420.000000,0.014669,0.012911,0.010929,0.041857,129.000000,0.000000,146938.000000,0.000000,64.500000,73469.000000,3.000000,43.000000,1.500000,0.000000
sess_20260822_video_086_flow_00001,real_sess_20260822_video_086,sess_20260822_video_086,Video,env_win11_cellular,HIGH_LATENCY,day_3,2026-08-22,batch_20260822_03,dev_win11_laptop,cellular,warp_enabled,vid_youtube_1080p,real,v2,sess_20260822_video_086_flow_00001_win_2s,window_2s,0.000,2.000,0,151.000000,173866.000000,1151.430464,310.185407,1220.000000,1420.000000,0.013214,0.014008,0.008836,0.036805,151.000000,0.000000,173866.000000,0.000000,75.500000,86933.000000,5.000000,30.200000,2.500000,0.000000
sess_20260822_video_087_flow_00000,real_sess_20260822_video_087,sess_20260822_video_087,Video,env_win11_cellular,NORMAL,day_3,2026-08-22,batch_20260822_04,dev_win11_laptop,cellular,warp_disabled,vid_vimeo_720p,real,v2,sess_20260822_video_087_flow_00000_win_2s,window_2s,0.000,2.000,0,57.000000,13256.000000,232.561404,80.666091,234.000000,378.200000,0.034832,0.033106,0.021799,0.102990,57.000000,0.000000,13256.000000,0.000000,28.500000,6628.000000,15.000000,3.800000,7.500000,0.000000
sess_20260822_video_087_flow_00001,real_sess_20260822_video_087,sess_20260822_video_087,Video,env_win11_cellular,NORMAL,day_3,2026-08-22,batch_20260822_04,dev_win11_laptop,cellular,warp_disabled,vid_vimeo_720p,real,v2,sess_20260822_video_087_flow_00001_win_2s,window_2s,0.000,2.000,0,72.000000,15311.000000,212.652778,72.571260,218.500000,319.650000,0.027708,0.031524,0.016992,0.096014,72.000000,0.000000,15311.000000,0.000000,36.000000,7655.500000,12.000000,6.000000,6.000000,0.000000
sess_20260823_video_088_flow_00000,real_sess_20260823_video_088,sess_20260823_video_088,Video,env_win11_wifi,LOW_BANDWIDTH,day_4,2026-08-23,batch_20260823_02,dev_win11_laptop,wifi,warp_enabled,vid_twitch_live,real,v2,sess_20260823_video_088_flow_00000_win_2s,window_2s,0.000,2.000,0,241.000000,129950.000000,539.211618,188.304624,541.000000,831.000000,0.008293,0.007817,0.005989,0.023640,241.000000,0.000000,129950.000000,0.000000,120.500000,64975.000000,2.000000,120.500000,1.000000,0.000000
sess_20260823_video_088_flow_00001,real_sess_20260823_video_088,sess_20260823_video_088,Video,env_win11_wifi,LOW_BANDWIDTH,day_4,2026-08-23,batch_20260823_02,dev_win11_laptop,wifi,warp_enabled,vid_twitch_live,real,v2,sess_20260823_video_088_flow_00001_win_2s,window_2s,0.000,2.000,0,221.000000,176351.000000,797.968326,284.625727,824.000000,1280.000000,0.009033,0.009004,0.005819,0.028608,221.000000,0.000000,176351.000000,0.000000,110.500000,88175.500000,1.000000,221.000000,0.500000,0.000000
sess_20260823_video_089_flow_00000,real_sess_20260823_video_089,sess_20260823_video_089,Video,env_win11_eth,LOW_BANDWIDTH,day_4,2026-08-23,batch_20260823_03,dev_win11_desktop,ethernet,warp_enabled,vid_dailymotion_sd,real,v2,sess_20260823_video_089_flow_00000_win_2s,window_2s,0.000,2.000,0,36.000000,3608.000000,100.222222,29.659279,103.500000,143.500000,0.056453,0.057154,0.047453,0.135504,36.000000,0.000000,3608.000000,0.000000,18.000000,1804.000000,16.000000,2.250000,8.000000,0.000000
sess_20260823_video_089_flow_00001,real_sess_20260823_video_089,sess_20260823_video_089,Video,env_win11_eth,LOW_BANDWIDTH,day_4,2026-08-23,batch_20260823_03,dev_win11_desktop,ethernet,warp_enabled,vid_dailymotion_sd,real,v2,sess_20260823_video_089_flow_00001_win_2s,window_2s,0.000,2.000,0,37.000000,3765.000000,101.756757,34.287659,101.000000,162.600000,0.055355,0.063136,0.037969,0.152082,37.000000,0.000000,3765.000000,0.000000,18.500000,1882.500000,15.000000,2.466667,7.500000,0.000000
sess_20260823_video_090_flow_00000,real_sess_20260823_video_090,sess_20260823_video_090,Video,env_win11_cellular,NORMAL,day_4,2026-08-23,batch_20260823_04,dev_win11_laptop,cellular,warp_enabled,vid_netflix_4k,real,v2,sess_20260823_video_090_flow_00000_win_2s,window_2s,0.000,2.000,0,31.000000,6784.000000,218.838710,78.722091,232.000000,330.000000,0.063886,0.053885,0.051973,0.163016,31.000000,0.000000,6784.000000,0.000000,15.500000,3392.000000,17.000000,1.823529,8.500000,0.000000
sess_20260823_video_090_flow_00001,real_sess_20260823_video_090,sess_20260823_video_090,Video,env_win11_cellular,NORMAL,day_4,2026-08-23,batch_20260823_04,dev_win11_laptop,cellular,warp_enabled,vid_netflix_4k,real,v2,sess_20260823_video_090_flow_00001_win_2s,window_2s,0.000,2.000,0,31.000000,6410.000000,206.774194,71.040066,191.000000,329.500000,0.065080,0.052926,0.059042,0.167031,31.000000,0.000000,6410.000000,0.000000,15.500000,3205.000000,17.000000,1.823529,8.500000,0.000000
sess_20260820_messaging_091_flow_00000,real_sess_20260820_messaging_091,sess_20260820_messaging_091,Messaging,env_win11_wifi,NORMAL,day_1,2026-08-20,batch_20260820_01,dev_win11_laptop,wifi,warp_enabled,msg_slack_chat,real,v2,sess_20260820_messaging_091_flow_00000_win_2s,window_2s,0.000,2.000,0,216.000000,236865.000000,1096.597222,311.429782,1167.500000,1420.000000,0.009275,0.010460,0.005683,0.029735,216.000000,0.000000,236865.000000,0.000000,108.000000,118432.500000,3.000000,72.000000,1.500000,0.000000
sess_20260820_messaging_091_flow_00001,real_sess_20260820_messaging_091,sess_20260820_messaging_091,Messaging,env_win11_wifi,NORMAL,day_1,2026-08-20,batch_20260820_01,dev_win11_laptop,wifi,warp_enabled,msg_slack_chat,real,v2,sess_20260820_messaging_091_flow_00001_win_2s,window_2s,0.000,2.000,0,192.000000,215174.000000,1120.697917,321.483771,1221.500000,1420.000000,0.010366,0.010389,0.007073,0.030544,192.000000,0.000000,215174.000000,0.000000,96.000000,107587.000000,2.000000,96.000000,1.000000,0.000000
sess_20260820_messaging_092_flow_00000,real_sess_20260820_messaging_092,sess_20260820_messaging_092,Messaging,env_win11_wifi,LOW_BANDWIDTH,day_1,2026-08-20,batch_20260820_02,dev_win11_laptop,wifi,warp_enabled,msg_discord_text,real,v2,sess_20260820_messaging_092_flow_00000_win_2s,window_2s,0.000,2.000,0,20.000000,2784.000000,139.200000,44.377472,140.000000,218.050000,0.099944,0.085689,0.084146,0.273497,20.000000,0.000000,2784.000000,0.000000,10.000000,1392.000000,12.000000,1.666667,6.000000,0.000000
sess_20260820_messaging_092_flow_00001,real_sess_20260820_messaging_092,sess_20260820_messaging_092,Messaging,env_win11_wifi,LOW_BANDWIDTH,day_1,2026-08-20,batch_20260820_02,dev_win11_laptop,wifi,warp_enabled,msg_discord_text,real,v2,sess_20260820_messaging_092_flow_00001_win_2s,window_2s,0.000,2.000,0,29.000000,2665.000000,91.896552,27.985643,101.000000,132.800000,0.071080,0.075747,0.041408,0.263851,29.000000,0.000000,2665.000000,0.000000,14.500000,1332.500000,12.000000,2.416667,6.000000,0.000000
sess_20260820_messaging_093_flow_00000,real_sess_20260820_messaging_093,sess_20260820_messaging_093,Messaging,env_win11_eth,NORMAL,day_1,2026-08-20,batch_20260820_03,dev_win11_desktop,ethernet,warp_disabled,msg_telegram_sync,real,v2,sess_20260820_messaging_093_flow_00000_win_2s,window_2s,0.000,2.000,0,213.000000,45108.000000,211.774648,70.952447,213.000000,338.800000,0.009433,0.009654,0.007532,0.027124,213.000000,0.000000,45108.000000,0.000000,106.500000,22554.000000,3.000000,71.000000,1.500000,0.000000
sess_20260820_messaging_093_flow_00001,real_sess_20260820_messaging_093,sess_20260820_messaging_093,Messaging,env_win11_eth,NORMAL,day_1,2026-08-20,batch_20260820_03,dev_win11_desktop,ethernet,warp_disabled,msg_telegram_sync,real,v2,sess_20260820_messaging_093_flow_00001_win_2s,window_2s,0.000,2.000,0,251.000000,56375.000000,224.601594,75.134306,226.000000,349.500000,0.007883,0.007361,0.005604,0.022406,251.000000,0.000000,56375.000000,0.000000,125.500000,28187.500000,1.000000,251.000000,0.500000,0.000000
sess_20260820_messaging_094_flow_00000,real_sess_20260820_messaging_094,sess_20260820_messaging_094,Messaging,env_win11_eth,HIGH_LATENCY,day_1,2026-08-20,batch_20260820_04,dev_win11_desktop,ethernet,warp_enabled,msg_whatsapp_web,real,v2,sess_20260820_messaging_094_flow_00000_win_2s,window_2s,0.000,2.000,0,518.000000,611190.000000,1179.903475,321.679453,1360.000000,1420.000000,0.003865,0.003779,0.002688,0.011449,518.000000,0.000000,611190.000000,0.000000,259.000000,305595.000000,1.000000,518.000000,0.500000,0.000000
sess_20260820_messaging_094_flow_00001,real_sess_20260820_messaging_094,sess_20260820_messaging_094,Messaging,env_win11_eth,HIGH_LATENCY,day_1,2026-08-20,batch_20260820_04,dev_win11_desktop,ethernet,warp_enabled,msg_whatsapp_web,real,v2,sess_20260820_messaging_094_flow_00001_win_2s,window_2s,0.000,2.000,0,449.000000,525030.000000,1169.331849,318.639995,1304.000000,1420.000000,0.004457,0.004374,0.003052,0.013009,449.000000,0.000000,525030.000000,0.000000,224.500000,262515.000000,1.000000,449.000000,0.500000,0.000000
sess_20260821_messaging_095_flow_00000,real_sess_20260821_messaging_095,sess_20260821_messaging_095,Messaging,env_win11_wifi,NORMAL,day_2,2026-08-21,batch_20260821_01,dev_win11_laptop,wifi,warp_enabled,msg_signal_chat,real,v2,sess_20260821_messaging_095_flow_00000_win_2s,window_2s,0.000,2.000,0,74.000000,15582.000000,210.567568,78.435045,214.000000,324.000000,0.027066,0.028709,0.015315,0.098238,74.000000,0.000000,15582.000000,0.000000,37.000000,7791.000000,13.000000,5.692308,6.500000,0.000000
sess_20260821_messaging_095_flow_00001,real_sess_20260821_messaging_095,sess_20260821_messaging_095,Messaging,env_win11_wifi,NORMAL,day_2,2026-08-21,batch_20260821_01,dev_win11_laptop,wifi,warp_enabled,msg_signal_chat,real,v2,sess_20260821_messaging_095_flow_00001_win_2s,window_2s,0.000,2.000,0,56.000000,12029.000000,214.803571,68.417421,199.000000,327.750000,0.036271,0.037056,0.021978,0.110115,56.000000,0.000000,12029.000000,0.000000,28.000000,6014.500000,16.000000,3.500000,8.000000,0.000000
sess_20260821_messaging_096_flow_00000,real_sess_20260821_messaging_096,sess_20260821_messaging_096,Messaging,env_win11_wifi,HIGH_LATENCY,day_2,2026-08-21,batch_20260821_02,dev_win11_laptop,wifi,warp_enabled,msg_slack_chat,real,v2,sess_20260821_messaging_096_flow_00000_win_2s,window_2s,0.000,2.000,0,119.000000,135467.000000,1138.378151,310.977126,1254.000000,1420.000000,0.016934,0.018229,0.011725,0.048783,119.000000,0.000000,135467.000000,0.000000,59.500000,67733.500000,7.000000,17.000000,3.500000,0.000000
sess_20260821_messaging_096_flow_00001,real_sess_20260821_messaging_096,sess_20260821_messaging_096,Messaging,env_win11_wifi,HIGH_LATENCY,day_2,2026-08-21,batch_20260821_02,dev_win11_laptop,wifi,warp_enabled,msg_slack_chat,real,v2,sess_20260821_messaging_096_flow_00001_win_2s,window_2s,0.000,2.000,0,133.000000,155921.000000,1172.338346,282.209166,1287.000000,1420.000000,0.014968,0.013302,0.010252,0.041458,133.000000,0.000000,155921.000000,0.000000,66.500000,77960.500000,4.000000,33.250000,2.000000,0.000000
sess_20260821_messaging_097_flow_00000,real_sess_20260821_messaging_097,sess_20260821_messaging_097,Messaging,env_win11_cellular,NORMAL,day_2,2026-08-21,batch_20260821_03,dev_win11_laptop,cellular,warp_disabled,msg_discord_text,real,v2,sess_20260821_messaging_097_flow_00000_win_2s,window_2s,0.000,2.000,0,74.000000,16227.000000,219.283784,69.233940,215.000000,335.150000,0.027121,0.026447,0.018082,0.082329,74.000000,0.000000,16227.000000,0.000000,37.000000,8113.500000,13.000000,5.692308,6.500000,0.000000
sess_20260821_messaging_097_flow_00001,real_sess_20260821_messaging_097,sess_20260821_messaging_097,Messaging,env_win11_cellular,NORMAL,day_2,2026-08-21,batch_20260821_03,dev_win11_laptop,cellular,warp_disabled,msg_discord_text,real,v2,sess_20260821_messaging_097_flow_00001_win_2s,window_2s,0.000,2.000,0,50.000000,10427.000000,208.540000,77.108031,209.500000,334.000000,0.040412,0.042359,0.028601,0.143387,50.000000,0.000000,10427.000000,0.000000,25.000000,5213.500000,15.000000,3.333333,7.500000,0.000000
sess_20260821_messaging_098_flow_00000,real_sess_20260821_messaging_098,sess_20260821_messaging_098,Messaging,env_win11_cellular,LOW_BANDWIDTH,day_2,2026-08-21,batch_20260821_04,dev_win11_laptop,cellular,warp_enabled,msg_telegram_sync,real,v2,sess_20260821_messaging_098_flow_00000_win_2s,window_2s,0.000,2.000,0,235.000000,166476.000000,708.408511,227.742471,703.000000,1052.800000,0.008528,0.008188,0.006387,0.024922,235.000000,0.000000,166476.000000,0.000000,117.500000,83238.000000,2.000000,117.500000,1.000000,0.000000
sess_20260821_messaging_098_flow_00001,real_sess_20260821_messaging_098,sess_20260821_messaging_098,Messaging,env_win11_cellular,LOW_BANDWIDTH,day_2,2026-08-21,batch_20260821_04,dev_win11_laptop,cellular,warp_enabled,msg_telegram_sync,real,v2,sess_20260821_messaging_098_flow_00001_win_2s,window_2s,0.000,2.000,0,244.000000,120263.000000,492.881148,179.847266,498.000000,781.850000,0.008225,0.008525,0.005301,0.026838,244.000000,0.000000,120263.000000,0.000000,122.000000,60131.500000,2.000000,122.000000,1.000000,0.000000
sess_20260822_messaging_099_flow_00000,real_sess_20260822_messaging_099,sess_20260822_messaging_099,Messaging,env_win11_eth,NORMAL,day_3,2026-08-22,batch_20260822_01,dev_win11_desktop,ethernet,warp_enabled,msg_whatsapp_web,real,v2,sess_20260822_messaging_099_flow_00000_win_2s,window_2s,0.000,2.000,0,239.000000,255781.000000,1070.213389,301.217141,1074.000000,1420.000000,0.008301,0.008480,0.005558,0.024773,239.000000,0.000000,255781.000000,0.000000,119.500000,127890.500000,1.000000,239.000000,0.500000,0.000000
sess_20260822_messaging_099_flow_00001,real_sess_20260822_messaging_099,sess_20260822_messaging_099,Messaging,env_win11_eth,NORMAL,day_3,2026-08-22,batch_20260822_01,dev_win11_desktop,ethernet,warp_enabled,msg_whatsapp_web,real,v2,sess_20260822_messaging_099_flow_00001_win_2s,window_2s,0.000,2.000,0,249.000000,268620.000000,1078.795181,328.098076,1121.000000,1420.000000,0.008054,0.008415,0.005239,0.023267,249.000000,0.000000,268620.000000,0.000000,124.500000,134310.000000,2.000000,124.500000,1.000000,0.000000
sess_20260822_messaging_100_flow_00000,real_sess_20260822_messaging_100,sess_20260822_messaging_100,Messaging,env_win11_eth,PACKET_LOSS,day_3,2026-08-22,batch_20260822_02,dev_win11_desktop,ethernet,warp_enabled,msg_signal_chat,real,v2,sess_20260822_messaging_100_flow_00000_win_2s,window_2s,0.000,2.000,0,77.000000,15862.000000,206.000000,74.938070,207.000000,333.800000,0.026180,0.029468,0.012651,0.084464,77.000000,0.000000,15862.000000,0.000000,38.500000,7931.000000,13.000000,5.923077,6.500000,0.000000
sess_20260822_messaging_100_flow_00001,real_sess_20260822_messaging_100,sess_20260822_messaging_100,Messaging,env_win11_eth,PACKET_LOSS,day_3,2026-08-22,batch_20260822_02,dev_win11_desktop,ethernet,warp_enabled,msg_signal_chat,real,v2,sess_20260822_messaging_100_flow_00001_win_2s,window_2s,0.000,2.000,0,65.000000,15582.000000,239.723077,87.102682,239.000000,387.000000,0.029416,0.029211,0.022936,0.084522,65.000000,0.000000,15582.000000,0.000000,32.500000,7791.000000,13.000000,5.000000,6.500000,0.000000
sess_20260822_messaging_101_flow_00000,real_sess_20260822_messaging_101,sess_20260822_messaging_101,Messaging,env_win11_cellular,HIGH_LATENCY,day_3,2026-08-22,batch_20260822_03,dev_win11_laptop,cellular,warp_enabled,msg_slack_chat,real,v2,sess_20260822_messaging_101_flow_00000_win_2s,window_2s,0.000,2.000,0,126.000000,145823.000000,1157.325397,301.997735,1246.000000,1420.000000,0.015974,0.014273,0.011543,0.046076,126.000000,0.000000,145823.000000,0.000000,63.000000,72911.500000,6.000000,21.000000,3.000000,0.000000
sess_20260822_messaging_101_flow_00001,real_sess_20260822_messaging_101,sess_20260822_messaging_101,Messaging,env_win11_cellular,HIGH_LATENCY,day_3,2026-08-22,batch_20260822_03,dev_win11_laptop,cellular,warp_enabled,msg_slack_chat,real,v2,sess_20260822_messaging_101_flow_00001_win_2s,window_2s,0.000,2.000,0,115.000000,133466.000000,1160.573913,312.030964,1277.000000,1420.000000,0.017314,0.015461,0.012374,0.048579,115.000000,0.000000,133466.000000,0.000000,57.500000,66733.000000,7.000000,16.428571,3.500000,0.000000
sess_20260822_messaging_102_flow_00000,real_sess_20260822_messaging_102,sess_20260822_messaging_102,Messaging,env_win11_cellular,NORMAL,day_3,2026-08-22,batch_20260822_04,dev_win11_laptop,cellular,warp_disabled,msg_discord_text,real,v2,sess_20260822_messaging_102_flow_00000_win_2s,window_2s,0.000,2.000,0,58.000000,10568.000000,182.206897,69.313321,182.000000,308.650000,0.034376,0.040058,0.022302,0.134170,58.000000,0.000000,10568.000000,0.000000,29.000000,5284.000000,11.000000,5.272727,5.500000,0.000000
sess_20260822_messaging_102_flow_00001,real_sess_20260822_messaging_102,sess_20260822_messaging_102,Messaging,env_win11_cellular,NORMAL,day_3,2026-08-22,batch_20260822_04,dev_win11_laptop,cellular,warp_disabled,msg_discord_text,real,v2,sess_20260822_messaging_102_flow_00001_win_2s,window_2s,0.000,2.000,0,51.000000,9802.000000,192.196078,58.047654,187.000000,288.000000,0.037248,0.036947,0.024646,0.109744,51.000000,0.000000,9802.000000,0.000000,25.500000,4901.000000,15.000000,3.400000,7.500000,0.000000
sess_20260823_messaging_103_flow_00000,real_sess_20260823_messaging_103,sess_20260823_messaging_103,Messaging,env_win11_wifi,LOW_BANDWIDTH,day_4,2026-08-23,batch_20260823_02,dev_win11_laptop,wifi,warp_enabled,msg_telegram_sync,real,v2,sess_20260823_messaging_103_flow_00000_win_2s,window_2s,0.000,2.000,0,9.000000,1088.000000,120.888889,51.115217,127.000000,201.400000,0.222806,0.263642,0.070933,0.675619,9.000000,0.000000,1088.000000,0.000000,4.500000,544.000000,6.000000,1.500000,3.000000,0.000000
sess_20260823_messaging_103_flow_00001,real_sess_20260823_messaging_103,sess_20260823_messaging_103,Messaging,env_win11_wifi,LOW_BANDWIDTH,day_4,2026-08-23,batch_20260823_02,dev_win11_laptop,wifi,warp_enabled,msg_telegram_sync,real,v2,sess_20260823_messaging_103_flow_00001_win_2s,window_2s,0.000,2.000,0,12.000000,814.000000,67.833333,25.790287,62.500000,108.650000,0.169643,0.232009,0.117484,0.569311,12.000000,0.000000,814.000000,0.000000,6.000000,407.000000,8.000000,1.500000,4.000000,0.000000
sess_20260823_messaging_104_flow_00000,real_sess_20260823_messaging_104,sess_20260823_messaging_104,Messaging,env_win11_eth,LOW_BANDWIDTH,day_4,2026-08-23,batch_20260823_03,dev_win11_desktop,ethernet,warp_enabled,msg_whatsapp_web,real,v2,sess_20260823_messaging_104_flow_00000_win_2s,window_2s,0.000,2.000,0,12.000000,4149.000000,345.750000,137.127754,328.500000,523.550000,0.161192,0.117766,0.137808,0.348141,12.000000,0.000000,4149.000000,0.000000,6.000000,2074.500000,10.000000,1.200000,5.000000,0.000000
sess_20260823_messaging_104_flow_00001,real_sess_20260823_messaging_104,sess_20260823_messaging_104,Messaging,env_win11_eth,LOW_BANDWIDTH,day_4,2026-08-23,batch_20260823_03,dev_win11_desktop,ethernet,warp_enabled,msg_whatsapp_web,real,v2,sess_20260823_messaging_104_flow_00001_win_2s,window_2s,0.000,2.000,0,22.000000,10348.000000,470.363636,132.366071,511.500000,630.850000,0.093139,0.069004,0.091209,0.200823,22.000000,0.000000,10348.000000,0.000000,11.000000,5174.000000,16.000000,1.375000,8.000000,0.000000
sess_20260823_messaging_105_flow_00000,real_sess_20260823_messaging_105,sess_20260823_messaging_105,Messaging,env_win11_cellular,NORMAL,day_4,2026-08-23,batch_20260823_04,dev_win11_laptop,cellular,warp_enabled,msg_signal_chat,real,v2,sess_20260823_messaging_105_flow_00000_win_2s,window_2s,0.000,2.000,0,18.000000,3108.000000,172.666667,70.633640,179.500000,301.100000,0.116847,0.089745,0.078932,0.277228,18.000000,0.000000,3108.000000,0.000000,9.000000,1554.000000,15.000000,1.200000,7.500000,0.000000
sess_20260823_messaging_105_flow_00001,real_sess_20260823_messaging_105,sess_20260823_messaging_105,Messaging,env_win11_cellular,NORMAL,day_4,2026-08-23,batch_20260823_04,dev_win11_laptop,cellular,warp_enabled,msg_signal_chat,real,v2,sess_20260823_messaging_105_flow_00001_win_2s,window_2s,0.000,2.000,0,12.000000,2273.000000,189.416667,33.184982,187.500000,239.750000,0.180811,0.181013,0.106003,0.478413,12.000000,0.000000,2273.000000,0.000000,6.000000,1136.500000,10.000000,1.200000,5.000000,0.000000
sess_20260820_voip_106_flow_00000,real_sess_20260820_voip_106,sess_20260820_voip_106,VoIP,env_win11_wifi,NORMAL,day_1,2026-08-20,batch_20260820_01,dev_win11_laptop,wifi,warp_enabled,voip_zoom_audio,real,v2,sess_20260820_voip_106_flow_00000_win_2s,window_2s,0.000,2.000,0,22.000000,8710.000000,395.909091,122.553109,410.000000,526.900000,0.094559,0.091297,0.058340,0.306131,22.000000,0.000000,8710.000000,0.000000,11.000000,4355.000000,14.000000,1.571429,7.000000,0.000000
sess_20260820_voip_106_flow_00001,real_sess_20260820_voip_106,sess_20260820_voip_106,VoIP,env_win11_wifi,NORMAL,day_1,2026-08-20,batch_20260820_01,dev_win11_laptop,wifi,warp_enabled,voip_zoom_audio,real,v2,sess_20260820_voip_106_flow_00001_win_2s,window_2s,0.000,2.000,0,25.000000,9222.000000,368.880000,123.743709,359.000000,587.800000,0.081564,0.077164,0.057817,0.247465,25.000000,0.000000,9222.000000,0.000000,12.500000,4611.000000,14.000000,1.785714,7.000000,0.000000
sess_20260820_voip_107_flow_00000,real_sess_20260820_voip_107,sess_20260820_voip_107,VoIP,env_win11_wifi,LOW_BANDWIDTH,day_1,2026-08-20,batch_20260820_02,dev_win11_laptop,wifi,warp_enabled,voip_teams_voice,real,v2,sess_20260820_voip_107_flow_00000_win_2s,window_2s,0.000,2.000,0,12.000000,1436.000000,119.666667,29.632002,118.500000,169.500000,0.174005,0.094543,0.193956,0.308416,12.000000,0.000000,1436.000000,0.000000,6.000000,718.000000,11.000000,1.090909,5.500000,0.000000
sess_20260820_voip_107_flow_00001,real_sess_20260820_voip_107,sess_20260820_voip_107,VoIP,env_win11_wifi,LOW_BANDWIDTH,day_1,2026-08-20,batch_20260820_02,dev_win11_laptop,wifi,warp_enabled,voip_teams_voice,real,v2,sess_20260820_voip_107_flow_00001_win_2s,window_2s,0.000,2.000,0,6.000000,481.000000,80.166667,21.636517,85.500000,105.500000,0.341098,0.330701,0.202081,0.845167,6.000000,0.000000,481.000000,0.000000,3.000000,240.500000,5.000000,1.200000,2.500000,0.000000
sess_20260820_voip_108_flow_00000,real_sess_20260820_voip_108,sess_20260820_voip_108,VoIP,env_win11_eth,NORMAL,day_1,2026-08-20,batch_20260820_03,dev_win11_desktop,ethernet,warp_disabled,voip_meet_audio,real,v2,sess_20260820_voip_108_flow_00000_win_2s,window_2s,0.000,2.000,0,17.000000,3868.000000,227.529412,46.231028,224.000000,283.600000,0.119323,0.120752,0.076111,0.369746,17.000000,0.000000,3868.000000,0.000000,8.500000,1934.000000,11.000000,1.545455,5.500000,0.000000
sess_20260820_voip_108_flow_00001,real_sess_20260820_voip_108,sess_20260820_voip_108,VoIP,env_win11_eth,NORMAL,day_1,2026-08-20,batch_20260820_03,dev_win11_desktop,ethernet,warp_disabled,voip_meet_audio,real,v2,sess_20260820_voip_108_flow_00001_win_2s,window_2s,0.000,2.000,0,17.000000,3700.000000,217.647059,73.995979,222.000000,328.400000,0.114247,0.117333,0.076971,0.305402,17.000000,0.000000,3700.000000,0.000000,8.500000,1850.000000,12.000000,1.416667,6.000000,0.000000
sess_20260820_voip_109_flow_00000,real_sess_20260820_voip_109,sess_20260820_voip_109,VoIP,env_win11_eth,HIGH_LATENCY,day_1,2026-08-20,batch_20260820_04,dev_win11_desktop,ethernet,warp_enabled,voip_discord_voice,real,v2,sess_20260820_voip_109_flow_00000_win_2s,window_2s,0.000,2.000,0,10.000000,2432.000000,243.200000,100.104745,237.000000,402.150000,0.202426,0.184911,0.175673,0.513685,10.000000,0.000000,2432.000000,0.000000,5.000000,1216.000000,9.000000,1.111111,4.500000,0.000000
sess_20260820_voip_109_flow_00001,real_sess_20260820_voip_109,sess_20260820_voip_109,VoIP,env_win11_eth,HIGH_LATENCY,day_1,2026-08-20,batch_20260820_04,dev_win11_desktop,ethernet,warp_enabled,voip_discord_voice,real,v2,sess_20260820_voip_109_flow_00001_win_2s,window_2s,0.000,2.000,0,7.000000,2097.000000,299.571429,108.100294,246.000000,467.000000,0.271432,0.169551,0.362278,0.428966,7.000000,0.000000,2097.000000,0.000000,3.500000,1048.500000,6.000000,1.166667,3.000000,0.000000
sess_20260821_voip_110_flow_00000,real_sess_20260821_voip_110,sess_20260821_voip_110,VoIP,env_win11_wifi,NORMAL,day_2,2026-08-21,batch_20260821_01,dev_win11_laptop,wifi,warp_enabled,voip_skype_call,real,v2,sess_20260821_voip_110_flow_00000_win_2s,window_2s,0.000,2.000,0,11.000000,3621.000000,329.181818,96.788258,325.000000,455.500000,0.185839,0.168436,0.143926,0.493640,11.000000,0.000000,3621.000000,0.000000,5.500000,1810.500000,9.000000,1.222222,4.500000,0.000000
sess_20260821_voip_110_flow_00001,real_sess_20260821_voip_110,sess_20260821_voip_110,VoIP,env_win11_wifi,NORMAL,day_2,2026-08-21,batch_20260821_01,dev_win11_laptop,wifi,warp_enabled,voip_skype_call,real,v2,sess_20260821_voip_110_flow_00001_win_2s,window_2s,0.000,2.000,0,21.000000,6159.000000,293.285714,120.506132,300.000000,448.000000,0.097093,0.086207,0.076070,0.294050,21.000000,0.000000,6159.000000,0.000000,10.500000,3079.500000,14.000000,1.500000,7.000000,0.000000
sess_20260821_voip_111_flow_00000,real_sess_20260821_voip_111,sess_20260821_voip_111,VoIP,env_win11_wifi,HIGH_LATENCY,day_2,2026-08-21,batch_20260821_02,dev_win11_laptop,wifi,warp_enabled,voip_zoom_audio,real,v2,sess_20260821_voip_111_flow_00000_win_2s,window_2s,0.000,2.000,0,6.000000,1262.000000,210.333333,106.046635,198.500000,367.250000,0.316203,0.160240,0.336896,0.479538,6.000000,0.000000,1262.000000,0.000000,3.000000,631.000000,5.000000,1.200000,2.500000,0.000000
sess_20260821_voip_111_flow_00001,real_sess_20260821_voip_111,sess_20260821_voip_111,VoIP,env_win11_wifi,HIGH_LATENCY,day_2,2026-08-21,batch_20260821_02,dev_win11_laptop,wifi,warp_enabled,voip_zoom_audio,real,v2,sess_20260821_voip_111_flow_00001_win_2s,window_2s,0.000,2.000,0,6.000000,1596.000000,266.000000,57.639685,250.500000,343.500000,0.318038,0.210624,0.354415,0.588255,6.000000,0.000000,1596.000000,0.000000,3.000000,798.000000,6.000000,1.000000,3.000000,0.000000
sess_20260821_voip_112_flow_00000,real_sess_20260821_voip_112,sess_20260821_voip_112,VoIP,env_win11_cellular,NORMAL,day_2,2026-08-21,batch_20260821_03,dev_win11_laptop,cellular,warp_disabled,voip_teams_voice,real,v2,sess_20260821_voip_112_flow_00000_win_2s,window_2s,0.000,2.000,0,13.000000,3298.000000,253.692308,71.382377,227.000000,386.600000,0.158343,0.167293,0.079917,0.456726,13.000000,0.000000,3298.000000,0.000000,6.500000,1649.000000,9.000000,1.444444,4.500000,0.000000
sess_20260821_voip_112_flow_00001,real_sess_20260821_voip_112,sess_20260821_voip_112,VoIP,env_win11_cellular,NORMAL,day_2,2026-08-21,batch_20260821_03,dev_win11_laptop,cellular,warp_disabled,voip_teams_voice,real,v2,sess_20260821_voip_112_flow_00001_win_2s,window_2s,0.000,2.000,0,15.000000,3631.000000,242.066667,97.086536,244.000000,398.400000,0.119266,0.107655,0.087178,0.329215,15.000000,0.000000,3631.000000,0.000000,7.500000,1815.500000,9.000000,1.666667,4.500000,0.000000
sess_20260821_voip_113_flow_00000,real_sess_20260821_voip_113,sess_20260821_voip_113,VoIP,env_win11_cellular,LOW_BANDWIDTH,day_2,2026-08-21,batch_20260821_04,dev_win11_laptop,cellular,warp_enabled,voip_meet_audio,real,v2,sess_20260821_voip_113_flow_00000_win_2s,window_2s,0.000,2.000,0,8.000000,617.000000,77.125000,11.340607,76.500000,93.150000,0.192401,0.101197,0.216454,0.313130,8.000000,0.000000,617.000000,0.000000,4.000000,308.500000,7.000000,1.142857,3.500000,0.000000
sess_20260821_voip_113_flow_00001,real_sess_20260821_voip_113,sess_20260821_voip_113,VoIP,env_win11_cellular,LOW_BANDWIDTH,day_2,2026-08-21,batch_20260821_04,dev_win11_laptop,cellular,warp_enabled,voip_meet_audio,real,v2,sess_20260821_voip_113_flow_00001_win_2s,window_2s,0.000,2.000,0,6.000000,491.000000,81.833333,26.485321,84.500000,115.000000,0.388483,0.351389,0.233243,0.929791,6.000000,0.000000,491.000000,0.000000,3.000000,245.500000,6.000000,1.000000,3.000000,0.000000
sess_20260822_voip_114_flow_00000,real_sess_20260822_voip_114,sess_20260822_voip_114,VoIP,env_win11_eth,NORMAL,day_3,2026-08-22,batch_20260822_01,dev_win11_desktop,ethernet,warp_enabled,voip_discord_voice,real,v2,sess_20260822_voip_114_flow_00000_win_2s,window_2s,0.000,2.000,0,15.000000,7235.000000,482.333333,152.452251,520.000000,639.500000,0.132660,0.164358,0.038817,0.426855,15.000000,0.000000,7235.000000,0.000000,7.500000,3617.500000,6.000000,2.500000,3.000000,0.000000
sess_20260822_voip_114_flow_00001,real_sess_20260822_voip_114,sess_20260822_voip_114,VoIP,env_win11_eth,NORMAL,day_3,2026-08-22,batch_20260822_01,dev_win11_desktop,ethernet,warp_enabled,voip_discord_voice,real,v2,sess_20260822_voip_114_flow_00001_win_2s,window_2s,0.000,2.000,0,18.000000,7754.000000,430.777778,93.656319,438.500000,575.200000,0.082146,0.072606,0.077511,0.178629,18.000000,0.000000,7754.000000,0.000000,9.000000,3877.000000,10.000000,1.800000,5.000000,0.000000
sess_20260822_voip_115_flow_00000,real_sess_20260822_voip_115,sess_20260822_voip_115,VoIP,env_win11_eth,PACKET_LOSS,day_3,2026-08-22,batch_20260822_02,dev_win11_desktop,ethernet,warp_enabled,voip_skype_call,real,v2,sess_20260822_voip_115_flow_00000_win_2s,window_2s,0.000,2.000,0,21.000000,3622.000000,172.476190,55.414128,189.000000,236.000000,0.093623,0.104431,0.047945,0.362784,21.000000,0.000000,3622.000000,0.000000,10.500000,1811.000000,11.000000,1.909091,5.500000,0.000000
sess_20260822_voip_115_flow_00001,real_sess_20260822_voip_115,sess_20260822_voip_115,VoIP,env_win11_eth,PACKET_LOSS,day_3,2026-08-22,batch_20260822_02,dev_win11_desktop,ethernet,warp_enabled,voip_skype_call,real,v2,sess_20260822_voip_115_flow_00001_win_2s,window_2s,0.000,2.000,0,17.000000,3732.000000,219.529412,55.381158,230.000000,295.200000,0.100367,0.077599,0.075480,0.248888,17.000000,0.000000,3732.000000,0.000000,8.500000,1866.000000,14.000000,1.214286,7.000000,0.000000
sess_20260822_voip_116_flow_00000,real_sess_20260822_voip_116,sess_20260822_voip_116,VoIP,env_win11_cellular,HIGH_LATENCY,day_3,2026-08-22,batch_20260822_03,dev_win11_laptop,cellular,warp_enabled,voip_zoom_audio,real,v2,sess_20260822_voip_116_flow_00000_win_2s,window_2s,0.000,2.000,0,4.000000,873.000000,218.250000,63.329989,196.000000,306.200000,0.455570,0.235128,0.384381,0.733652,4.000000,0.000000,873.000000,0.000000,2.000000,436.500000,4.000000,1.000000,2.000000,0.000000
sess_20260822_voip_117_flow_00000,real_sess_20260822_voip_117,sess_20260822_voip_117,VoIP,env_win11_cellular,NORMAL,day_3,2026-08-22,batch_20260822_04,dev_win11_laptop,cellular,warp_disabled,voip_teams_voice,real,v2,sess_20260822_voip_117_flow_00000_win_2s,window_2s,0.000,2.000,0,6.000000,1529.000000,254.833333,97.090021,253.000000,396.750000,0.276825,0.178952,0.257865,0.541302,6.000000,0.000000,1529.000000,0.000000,3.000000,764.500000,6.000000,1.000000,3.000000,0.000000
sess_20260822_voip_117_flow_00001,real_sess_20260822_voip_117,sess_20260822_voip_117,VoIP,env_win11_cellular,NORMAL,day_3,2026-08-22,batch_20260822_04,dev_win11_laptop,cellular,warp_disabled,voip_teams_voice,real,v2,sess_20260822_voip_117_flow_00001_win_2s,window_2s,0.000,2.000,0,16.000000,4216.000000,263.500000,68.961946,237.500000,364.500000,0.131444,0.136904,0.087161,0.403074,16.000000,0.000000,4216.000000,0.000000,8.000000,2108.000000,10.000000,1.600000,5.000000,0.000000
sess_20260823_voip_118_flow_00000,real_sess_20260823_voip_118,sess_20260823_voip_118,VoIP,env_win11_wifi,LOW_BANDWIDTH,day_4,2026-08-23,batch_20260823_02,dev_win11_laptop,wifi,warp_enabled,voip_meet_audio,real,v2,sess_20260823_voip_118_flow_00000_win_2s,window_2s,0.000,2.000,0,11.000000,2049.000000,186.272727,87.610804,189.000000,339.000000,0.192411,0.185644,0.128023,0.529997,11.000000,0.000000,2049.000000,0.000000,5.500000,1024.500000,8.000000,1.375000,4.000000,0.000000
sess_20260823_voip_118_flow_00001,real_sess_20260823_voip_118,sess_20260823_voip_118,VoIP,env_win11_wifi,LOW_BANDWIDTH,day_4,2026-08-23,batch_20260823_02,dev_win11_laptop,wifi,warp_enabled,voip_meet_audio,real,v2,sess_20260823_voip_118_flow_00001_win_2s,window_2s,0.000,2.000,0,13.000000,3067.000000,235.923077,53.486823,235.000000,326.200000,0.162622,0.152864,0.116878,0.429186,13.000000,0.000000,3067.000000,0.000000,6.500000,1533.500000,8.000000,1.625000,4.000000,0.000000
sess_20260823_voip_119_flow_00000,real_sess_20260823_voip_119,sess_20260823_voip_119,VoIP,env_win11_eth,LOW_BANDWIDTH,day_4,2026-08-23,batch_20260823_03,dev_win11_desktop,ethernet,warp_enabled,voip_discord_voice,real,v2,sess_20260823_voip_119_flow_00000_win_2s,window_2s,0.000,2.000,0,10.000000,949.000000,94.900000,24.353439,94.000000,134.500000,0.212453,0.170052,0.237956,0.443266,10.000000,0.000000,949.000000,0.000000,5.000000,474.500000,7.000000,1.428571,3.500000,0.000000
sess_20260823_voip_119_flow_00001,real_sess_20260823_voip_119,sess_20260823_voip_119,VoIP,env_win11_eth,LOW_BANDWIDTH,day_4,2026-08-23,batch_20260823_03,dev_win11_desktop,ethernet,warp_enabled,voip_discord_voice,real,v2,sess_20260823_voip_119_flow_00001_win_2s,window_2s,0.000,2.000,0,4.000000,338.000000,84.500000,26.856098,93.500000,109.050000,0.269840,0.289329,0.073778,0.618384,4.000000,0.000000,338.000000,0.000000,2.000000,169.000000,4.000000,1.000000,2.000000,0.000000
sess_20260823_voip_120_flow_00000,real_sess_20260823_voip_120,sess_20260823_voip_120,VoIP,env_win11_cellular,NORMAL,day_4,2026-08-23,batch_20260823_04,dev_win11_laptop,cellular,warp_enabled,voip_skype_call,real,v2,sess_20260823_voip_120_flow_00000_win_2s,window_2s,0.000,2.000,0,30.000000,5726.000000,190.866667,67.950341,200.000000,300.950000,0.068325,0.068543,0.057614,0.225539,30.000000,0.000000,5726.000000,0.000000,15.000000,2863.000000,16.000000,1.875000,8.000000,0.000000
sess_20260823_voip_120_flow_00001,real_sess_20260823_voip_120,sess_20260823_voip_120,VoIP,env_win11_cellular,NORMAL,day_4,2026-08-23,batch_20260823_04,dev_win11_laptop,cellular,warp_enabled,voip_skype_call,real,v2,sess_20260823_voip_120_flow_00001_win_2s,window_2s,0.000,2.000,0,31.000000,6030.000000,194.516129,71.860470,196.000000,313.500000,0.063626,0.060511,0.037066,0.183128,31.000000,0.000000,6030.000000,0.000000,15.500000,3015.000000,15.000000,2.066667,7.500000,0.000000
sess_20260820_file_transfer_121_flow_00000,real_sess_20260820_file_transfer_121,sess_20260820_file_transfer_121,File Transfer,env_win11_wifi,NORMAL,day_1,2026-08-20,batch_20260820_01,dev_win11_laptop,wifi,warp_enabled,ft_gdrive_upload,real,v2,sess_20260820_file_transfer_121_flow_00000_win_2s,window_2s,0.000,2.000,0,20.000000,4248.000000,212.400000,62.830247,197.500000,321.300000,0.102856,0.097297,0.080853,0.245891,20.000000,0.000000,4248.000000,0.000000,10.000000,2124.000000,11.000000,1.818182,5.500000,0.000000
sess_20260820_file_transfer_121_flow_00001,real_sess_20260820_file_transfer_121,sess_20260820_file_transfer_121,File Transfer,env_win11_wifi,NORMAL,day_1,2026-08-20,batch_20260820_01,dev_win11_laptop,wifi,warp_enabled,ft_gdrive_upload,real,v2,sess_20260820_file_transfer_121_flow_00001_win_2s,window_2s,0.000,2.000,0,16.000000,3699.000000,231.187500,80.190569,236.500000,321.000000,0.114390,0.143277,0.053599,0.372898,16.000000,0.000000,3699.000000,0.000000,8.000000,1849.500000,9.000000,1.777778,4.500000,0.000000
sess_20260820_file_transfer_122_flow_00000,real_sess_20260820_file_transfer_122,sess_20260820_file_transfer_122,File Transfer,env_win11_wifi,LOW_BANDWIDTH,day_1,2026-08-20,batch_20260820_02,dev_win11_laptop,wifi,warp_enabled,ft_dropbox_download,real,v2,sess_20260820_file_transfer_122_flow_00000_win_2s,window_2s,0.000,2.000,0,12.000000,1754.000000,146.166667,73.707568,127.000000,262.850000,0.176636,0.137136,0.090977,0.372730,12.000000,0.000000,1754.000000,0.000000,6.000000,877.000000,10.000000,1.200000,5.000000,0.000000
sess_20260820_file_transfer_122_flow_00001,real_sess_20260820_file_transfer_122,sess_20260820_file_transfer_122,File Transfer,env_win11_wifi,LOW_BANDWIDTH,day_1,2026-08-20,batch_20260820_02,dev_win11_laptop,wifi,warp_enabled,ft_dropbox_download,real,v2,sess_20260820_file_transfer_122_flow_00001_win_2s,window_2s,0.000,2.000,0,9.000000,1344.000000,149.333333,55.497748,162.000000,219.400000,0.230650,0.313963,0.108140,0.766490,9.000000,0.000000,1344.000000,0.000000,4.500000,672.000000,6.000000,1.500000,3.000000,0.000000
sess_20260820_file_transfer_123_flow_00000,real_sess_20260820_file_transfer_123,sess_20260820_file_transfer_123,File Transfer,env_win11_eth,NORMAL,day_1,2026-08-20,batch_20260820_03,dev_win11_desktop,ethernet,warp_disabled,ft_sftp_sync,real,v2,sess_20260820_file_transfer_123_flow_00000_win_2s,window_2s,0.000,2.000,0,13.000000,3199.000000,246.076923,84.028806,228.000000,386.800000,0.157610,0.112501,0.127002,0.360798,13.000000,0.000000,3199.000000,0.000000,6.500000,1599.500000,12.000000,1.083333,6.000000,0.000000
sess_20260820_file_transfer_123_flow_00001,real_sess_20260820_file_transfer_123,sess_20260820_file_transfer_123,File Transfer,env_win11_eth,NORMAL,day_1,2026-08-20,batch_20260820_03,dev_win11_desktop,ethernet,warp_disabled,ft_sftp_sync,real,v2,sess_20260820_file_transfer_123_flow_00001_win_2s,window_2s,0.000,2.000,0,13.000000,3069.000000,236.076923,62.156702,206.000000,333.800000,0.156777,0.113697,0.130605,0.341992,13.000000,0.000000,3069.000000,0.000000,6.500000,1534.500000,11.000000,1.181818,5.500000,0.000000
sess_20260820_file_transfer_124_flow_00000,real_sess_20260820_file_transfer_124,sess_20260820_file_transfer_124,File Transfer,env_win11_eth,HIGH_LATENCY,day_1,2026-08-20,batch_20260820_04,dev_win11_desktop,ethernet,warp_enabled,ft_onedrive_sync,real,v2,sess_20260820_file_transfer_124_flow_00000_win_2s,window_2s,0.000,2.000,0,4.000000,420.000000,105.000000,46.481179,93.000000,166.050000,0.562860,0.306770,0.713422,0.827290,4.000000,0.000000,420.000000,0.000000,2.000000,210.000000,4.000000,1.000000,2.000000,0.000000
sess_20260820_file_transfer_124_flow_00001,real_sess_20260820_file_transfer_124,sess_20260820_file_transfer_124,File Transfer,env_win11_eth,HIGH_LATENCY,day_1,2026-08-20,batch_20260820_04,dev_win11_desktop,ethernet,warp_enabled,ft_onedrive_sync,real,v2,sess_20260820_file_transfer_124_flow_00001_win_2s,window_2s,0.000,2.000,0,7.000000,1160.000000,165.714286,30.084235,162.000000,211.000000,0.306218,0.267753,0.165221,0.684318,7.000000,0.000000,1160.000000,0.000000,3.500000,580.000000,6.000000,1.166667,3.000000,0.000000
sess_20260821_file_transfer_125_flow_00000,real_sess_20260821_file_transfer_125,sess_20260821_file_transfer_125,File Transfer,env_win11_wifi,NORMAL,day_2,2026-08-21,batch_20260821_01,dev_win11_laptop,wifi,warp_enabled,ft_mega_download,real,v2,sess_20260821_file_transfer_125_flow_00000_win_2s,window_2s,0.000,2.000,0,15.000000,2812.000000,187.466667,63.535677,166.000000,295.600000,0.140367,0.123537,0.083408,0.355907,15.000000,0.000000,2812.000000,0.000000,7.500000,1406.000000,9.000000,1.666667,4.500000,0.000000
sess_20260821_file_transfer_125_flow_00001,real_sess_20260821_file_transfer_125,sess_20260821_file_transfer_125,File Transfer,env_win11_wifi,NORMAL,day_2,2026-08-21,batch_20260821_01,dev_win11_laptop,wifi,warp_enabled,ft_mega_download,real,v2,sess_20260821_file_transfer_125_flow_00001_win_2s,window_2s,0.000,2.000,0,13.000000,2756.000000,212.000000,56.399673,213.000000,309.000000,0.150751,0.174836,0.093422,0.495621,13.000000,0.000000,2756.000000,0.000000,6.500000,1378.000000,9.000000,1.444444,4.500000,0.000000
sess_20260821_file_transfer_126_flow_00000,real_sess_20260821_file_transfer_126,sess_20260821_file_transfer_126,File Transfer,env_win11_wifi,HIGH_LATENCY,day_2,2026-08-21,batch_20260821_02,dev_win11_laptop,wifi,warp_enabled,ft_gdrive_upload,real,v2,sess_20260821_file_transfer_126_flow_00000_win_2s,window_2s,0.000,2.000,0,4.000000,1026.000000,256.500000,113.579267,307.500000,343.150000,0.662710,0.398380,0.629090,1.112816,4.000000,0.000000,1026.000000,0.000000,2.000000,513.000000,4.000000,1.000000,2.000000,0.000000
sess_20260821_file_transfer_126_flow_00001,real_sess_20260821_file_transfer_126,sess_20260821_file_transfer_126,File Transfer,env_win11_wifi,HIGH_LATENCY,day_2,2026-08-21,batch_20260821_02,dev_win11_laptop,wifi,warp_enabled,ft_gdrive_upload,real,v2,sess_20260821_file_transfer_126_flow_00001_win_2s,window_2s,0.000,2.000,0,6.000000,1484.000000,247.333333,70.165677,243.500000,335.750000,0.335335,0.281114,0.295890,0.670574,6.000000,0.000000,1484.000000,0.000000,3.000000,742.000000,4.000000,1.500000,2.000000,0.000000
sess_20260821_file_transfer_127_flow_00000,real_sess_20260821_file_transfer_127,sess_20260821_file_transfer_127,File Transfer,env_win11_cellular,NORMAL,day_2,2026-08-21,batch_20260821_03,dev_win11_laptop,cellular,warp_disabled,ft_dropbox_download,real,v2,sess_20260821_file_transfer_127_flow_00000_win_2s,window_2s,0.000,2.000,0,16.000000,4648.000000,290.500000,109.204510,289.000000,453.000000,0.120072,0.172047,0.040371,0.376472,16.000000,0.000000,4648.000000,0.000000,8.000000,2324.000000,8.000000,2.000000,4.000000,0.000000
sess_20260821_file_transfer_127_flow_00001,real_sess_20260821_file_transfer_127,sess_20260821_file_transfer_127,File Transfer,env_win11_cellular,NORMAL,day_2,2026-08-21,batch_20260821_03,dev_win11_laptop,cellular,warp_disabled,ft_dropbox_download,real,v2,sess_20260821_file_transfer_127_flow_00001_win_2s,window_2s,0.000,2.000,0,20.000000,5707.000000,285.350000,107.922785,288.000000,440.750000,0.102046,0.085013,0.077254,0.245475,20.000000,0.000000,5707.000000,0.000000,10.000000,2853.500000,13.000000,1.538462,6.500000,0.000000
sess_20260821_file_transfer_128_flow_00000,real_sess_20260821_file_transfer_128,sess_20260821_file_transfer_128,File Transfer,env_win11_cellular,LOW_BANDWIDTH,day_2,2026-08-21,batch_20260821_04,dev_win11_laptop,cellular,warp_enabled,ft_sftp_sync,real,v2,sess_20260821_file_transfer_128_flow_00000_win_2s,window_2s,0.000,2.000,0,9.000000,845.000000,93.888889,22.253312,94.000000,129.400000,0.182883,0.198598,0.138961,0.519536,9.000000,0.000000,845.000000,0.000000,4.500000,422.500000,6.000000,1.500000,3.000000,0.000000
sess_20260821_file_transfer_128_flow_00001,real_sess_20260821_file_transfer_128,sess_20260821_file_transfer_128,File Transfer,env_win11_cellular,LOW_BANDWIDTH,day_2,2026-08-21,batch_20260821_04,dev_win11_laptop,cellular,warp_enabled,ft_sftp_sync,real,v2,sess_20260821_file_transfer_128_flow_00001_win_2s,window_2s,0.000,2.000,0,6.000000,546.000000,91.000000,31.738515,83.500000,140.000000,0.291543,0.240282,0.190102,0.639630,6.000000,0.000000,546.000000,0.000000,3.000000,273.000000,5.000000,1.200000,2.500000,0.000000
sess_20260822_file_transfer_129_flow_00000,real_sess_20260822_file_transfer_129,sess_20260822_file_transfer_129,File Transfer,env_win11_eth,NORMAL,day_3,2026-08-22,batch_20260822_01,dev_win11_desktop,ethernet,warp_enabled,ft_onedrive_sync,real,v2,sess_20260822_file_transfer_129_flow_00000_win_2s,window_2s,0.000,2.000,0,8.000000,2197.000000,274.625000,85.654739,262.000000,393.050000,0.264265,0.137666,0.250521,0.420010,8.000000,0.000000,2197.000000,0.000000,4.000000,1098.500000,7.000000,1.142857,3.500000,0.000000
sess_20260822_file_transfer_129_flow_00001,real_sess_20260822_file_transfer_129,sess_20260822_file_transfer_129,File Transfer,env_win11_eth,NORMAL,day_3,2026-08-22,batch_20260822_01,dev_win11_desktop,ethernet,warp_enabled,ft_onedrive_sync,real,v2,sess_20260822_file_transfer_129_flow_00001_win_2s,window_2s,0.000,2.000,0,6.000000,1861.000000,310.166667,66.016202,321.500000,399.000000,0.297937,0.220688,0.194872,0.633069,6.000000,0.000000,1861.000000,0.000000,3.000000,930.500000,6.000000,1.000000,3.000000,0.000000
sess_20260822_file_transfer_130_flow_00000,real_sess_20260822_file_transfer_130,sess_20260822_file_transfer_130,File Transfer,env_win11_eth,PACKET_LOSS,day_3,2026-08-22,batch_20260822_02,dev_win11_desktop,ethernet,warp_enabled,ft_mega_download,real,v2,sess_20260822_file_transfer_130_flow_00000_win_2s,window_2s,0.000,2.000,0,9.000000,1851.000000,205.666667,51.329004,186.000000,275.800000,0.200049,0.154805,0.167396,0.440075,9.000000,0.000000,1851.000000,0.000000,4.500000,925.500000,7.000000,1.285714,3.500000,0.000000
sess_20260822_file_transfer_130_flow_00001,real_sess_20260822_file_transfer_130,sess_20260822_file_transfer_130,File Transfer,env_win11_eth,PACKET_LOSS,day_3,2026-08-22,batch_20260822_02,dev_win11_desktop,ethernet,warp_enabled,ft_mega_download,real,v2,sess_20260822_file_transfer_130_flow_00001_win_2s,window_2s,0.000,2.000,0,9.000000,1216.000000,135.111111,40.684271,116.000000,189.800000,0.226095,0.109306,0.269086,0.358856,9.000000,0.000000,1216.000000,0.000000,4.500000,608.000000,8.000000,1.125000,4.000000,0.000000
sess_20260822_file_transfer_131_flow_00000,real_sess_20260822_file_transfer_131,sess_20260822_file_transfer_131,File Transfer,env_win11_cellular,HIGH_LATENCY,day_3,2026-08-22,batch_20260822_03,dev_win11_laptop,cellular,warp_enabled,ft_gdrive_upload,real,v2,sess_20260822_file_transfer_131_flow_00000_win_2s,window_2s,0.000,2.000,0,5.000000,1356.000000,271.200000,119.676898,283.000000,409.200000,0.402592,0.305319,0.346160,0.797342,5.000000,0.000000,1356.000000,0.000000,2.500000,678.000000,5.000000,1.000000,2.500000,0.000000
sess_20260822_file_transfer_131_flow_00001,real_sess_20260822_file_transfer_131,sess_20260822_file_transfer_131,File Transfer,env_win11_cellular,HIGH_LATENCY,day_3,2026-08-22,batch_20260822_03,dev_win11_laptop,cellular,warp_enabled,ft_gdrive_upload,real,v2,sess_20260822_file_transfer_131_flow_00001_win_2s,window_2s,0.000,2.000,0,7.000000,1471.000000,210.142857,41.947003,212.000000,272.700000,0.322624,0.335699,0.218405,0.857798,7.000000,0.000000,1471.000000,0.000000,3.500000,735.500000,7.000000,1.000000,3.500000,0.000000
sess_20260822_file_transfer_132_flow_00000,real_sess_20260822_file_transfer_132,sess_20260822_file_transfer_132,File Transfer,env_win11_cellular,NORMAL,day_3,2026-08-22,batch_20260822_04,dev_win11_laptop,cellular,warp_disabled,ft_dropbox_download,real,v2,sess_20260822_file_transfer_132_flow_00000_win_2s,window_2s,0.000,2.000,0,10.000000,2277.000000,227.700000,58.855841,216.000000,325.550000,0.218376,0.119427,0.206831,0.391555,10.000000,0.000000,2277.000000,0.000000,5.000000,1138.500000,9.000000,1.111111,4.500000,0.000000
sess_20260822_file_transfer_132_flow_00001,real_sess_20260822_file_transfer_132,sess_20260822_file_transfer_132,File Transfer,env_win11_cellular,NORMAL,day_3,2026-08-22,batch_20260822_04,dev_win11_laptop,cellular,warp_disabled,ft_dropbox_download,real,v2,sess_20260822_file_transfer_132_flow_00001_win_2s,window_2s,0.000,2.000,0,16.000000,3183.000000,198.937500,72.913021,229.000000,306.500000,0.121673,0.116819,0.086426,0.371746,16.000000,0.000000,3183.000000,0.000000,8.000000,1591.500000,11.000000,1.454545,5.500000,0.000000
sess_20260823_file_transfer_133_flow_00000,real_sess_20260823_file_transfer_133,sess_20260823_file_transfer_133,File Transfer,env_win11_wifi,LOW_BANDWIDTH,day_4,2026-08-23,batch_20260823_02,dev_win11_laptop,wifi,warp_enabled,ft_sftp_sync,real,v2,sess_20260823_file_transfer_133_flow_00000_win_2s,window_2s,0.000,2.000,0,18.000000,1603.000000,89.055556,27.951291,88.500000,132.350000,0.112790,0.104226,0.067727,0.315801,18.000000,0.000000,1603.000000,0.000000,9.000000,801.500000,10.000000,1.800000,5.000000,0.000000
sess_20260823_file_transfer_133_flow_00001,real_sess_20260823_file_transfer_133,sess_20260823_file_transfer_133,File Transfer,env_win11_wifi,LOW_BANDWIDTH,day_4,2026-08-23,batch_20260823_02,dev_win11_laptop,wifi,warp_enabled,ft_sftp_sync,real,v2,sess_20260823_file_transfer_133_flow_00001_win_2s,window_2s,0.000,2.000,0,19.000000,2904.000000,152.842105,48.002481,156.000000,238.800000,0.108245,0.124505,0.071726,0.338134,19.000000,0.000000,2904.000000,0.000000,9.500000,1452.000000,12.000000,1.583333,6.000000,0.000000
sess_20260823_file_transfer_134_flow_00000,real_sess_20260823_file_transfer_134,sess_20260823_file_transfer_134,File Transfer,env_win11_eth,LOW_BANDWIDTH,day_4,2026-08-23,batch_20260823_03,dev_win11_desktop,ethernet,warp_enabled,ft_onedrive_sync,real,v2,sess_20260823_file_transfer_134_flow_00000_win_2s,window_2s,0.000,2.000,0,18.000000,2891.000000,160.611111,34.941441,160.000000,211.900000,0.107460,0.097908,0.067758,0.308773,18.000000,0.000000,2891.000000,0.000000,9.000000,1445.500000,14.000000,1.285714,7.000000,0.000000
sess_20260823_file_transfer_134_flow_00001,real_sess_20260823_file_transfer_134,sess_20260823_file_transfer_134,File Transfer,env_win11_eth,LOW_BANDWIDTH,day_4,2026-08-23,batch_20260823_03,dev_win11_desktop,ethernet,warp_enabled,ft_onedrive_sync,real,v2,sess_20260823_file_transfer_134_flow_00001_win_2s,window_2s,0.000,2.000,0,13.000000,1598.000000,122.923077,47.464094,136.000000,188.200000,0.161400,0.125951,0.137553,0.356612,13.000000,0.000000,1598.000000,0.000000,6.500000,799.000000,9.000000,1.444444,4.500000,0.000000
sess_20260823_file_transfer_135_flow_00000,real_sess_20260823_file_transfer_135,sess_20260823_file_transfer_135,File Transfer,env_win11_cellular,NORMAL,day_4,2026-08-23,batch_20260823_04,dev_win11_laptop,cellular,warp_enabled,ft_mega_download,real,v2,sess_20260823_file_transfer_135_flow_00000_win_2s,window_2s,0.000,2.000,0,30.000000,10525.000000,350.833333,147.502109,359.500000,575.100000,0.066307,0.061932,0.052708,0.205777,30.000000,0.000000,10525.000000,0.000000,15.000000,5262.500000,17.000000,1.764706,8.500000,0.000000
sess_20260823_file_transfer_135_flow_00001,real_sess_20260823_file_transfer_135,sess_20260823_file_transfer_135,File Transfer,env_win11_cellular,NORMAL,day_4,2026-08-23,batch_20260823_04,dev_win11_laptop,cellular,warp_enabled,ft_mega_download,real,v2,sess_20260823_file_transfer_135_flow_00001_win_2s,window_2s,0.000,2.000,0,26.000000,11041.000000,424.653846,136.549777,426.500000,639.250000,0.079393,0.063556,0.049040,0.185775,26.000000,0.000000,11041.000000,0.000000,13.000000,5520.500000,13.000000,2.000000,6.500000,0.000000
sess_20260820_other_136_flow_00000,real_sess_20260820_other_136,sess_20260820_other_136,Other,env_win11_wifi,NORMAL,day_1,2026-08-20,batch_20260820_01,dev_win11_laptop,wifi,warp_enabled,oth_dns_ntp_sync,real,v2,sess_20260820_other_136_flow_00000_win_2s,window_2s,0.000,2.000,0,10.000000,2212.000000,221.200000,81.694308,177.500000,343.550000,0.219278,0.151609,0.143322,0.479995,10.000000,0.000000,2212.000000,0.000000,5.000000,1106.000000,10.000000,1.000000,5.000000,0.000000
sess_20260820_other_136_flow_00001,real_sess_20260820_other_136,sess_20260820_other_136,Other,env_win11_wifi,NORMAL,day_1,2026-08-20,batch_20260820_01,dev_win11_laptop,wifi,warp_enabled,oth_dns_ntp_sync,real,v2,sess_20260820_other_136_flow_00001_win_2s,window_2s,0.000,2.000,0,8.000000,1428.000000,178.500000,87.045965,160.000000,325.700000,0.260712,0.250431,0.183830,0.674582,8.000000,0.000000,1428.000000,0.000000,4.000000,714.000000,7.000000,1.142857,3.500000,0.000000
sess_20260820_other_137_flow_00000,real_sess_20260820_other_137,sess_20260820_other_137,Other,env_win11_wifi,LOW_BANDWIDTH,day_1,2026-08-20,batch_20260820_02,dev_win11_laptop,wifi,warp_enabled,oth_os_update_check,real,v2,sess_20260820_other_137_flow_00000_win_2s,window_2s,0.000,2.000,0,4.000000,517.000000,129.250000,21.556612,124.000000,158.300000,0.590286,0.063972,0.559085,0.667395,4.000000,0.000000,517.000000,0.000000,2.000000,258.500000,4.000000,1.000000,2.000000,0.000000
sess_20260820_other_137_flow_00001,real_sess_20260820_other_137,sess_20260820_other_137,Other,env_win11_wifi,LOW_BANDWIDTH,day_1,2026-08-20,batch_20260820_02,dev_win11_laptop,wifi,warp_enabled,oth_os_update_check,real,v2,sess_20260820_other_137_flow_00001_win_2s,window_2s,0.000,2.000,0,10.000000,1221.000000,122.100000,37.689388,123.000000,172.800000,0.150159,0.062923,0.123800,0.245381,10.000000,0.000000,1221.000000,0.000000,5.000000,610.500000,10.000000,1.000000,5.000000,0.000000
sess_20260820_other_138_flow_00000,real_sess_20260820_other_138,sess_20260820_other_138,Other,env_win11_eth,NORMAL,day_1,2026-08-20,batch_20260820_03,dev_win11_desktop,ethernet,warp_disabled,oth_telemetry_heartbeat,real,v2,sess_20260820_other_138_flow_00000_win_2s,window_2s,0.000,2.000,0,13.000000,2623.000000,201.769231,57.421724,222.000000,269.800000,0.158207,0.104144,0.130865,0.323004,13.000000,0.000000,2623.000000,0.000000,6.500000,1311.500000,12.000000,1.083333,6.000000,0.000000
sess_20260820_other_138_flow_00001,real_sess_20260820_other_138,sess_20260820_other_138,Other,env_win11_eth,NORMAL,day_1,2026-08-20,batch_20260820_03,dev_win11_desktop,ethernet,warp_disabled,oth_telemetry_heartbeat,real,v2,sess_20260820_other_138_flow_00001_win_2s,window_2s,0.000,2.000,0,9.000000,1732.000000,192.444444,70.190394,200.000000,290.800000,0.244738,0.150776,0.255796,0.472360,9.000000,0.000000,1732.000000,0.000000,4.500000,866.000000,8.000000,1.125000,4.000000,0.000000
sess_20260820_other_139_flow_00000,real_sess_20260820_other_139,sess_20260820_other_139,Other,env_win11_eth,HIGH_LATENCY,day_1,2026-08-20,batch_20260820_04,dev_win11_desktop,ethernet,warp_enabled,oth_idle_keepalive,real,v2,sess_20260820_other_139_flow_00000_win_2s,window_2s,0.000,2.000,0,3.000000,631.000000,210.333333,19.136933,201.000000,233.400000,0.906122,0.028355,0.906122,0.931642,3.000000,0.000000,631.000000,0.000000,1.500000,315.500000,3.000000,1.000000,1.500000,0.000000
sess_20260820_other_139_flow_00001,real_sess_20260820_other_139,sess_20260820_other_139,Other,env_win11_eth,HIGH_LATENCY,day_1,2026-08-20,batch_20260820_04,dev_win11_desktop,ethernet,warp_enabled,oth_idle_keepalive,real,v2,sess_20260820_other_139_flow_00001_win_2s,window_2s,0.000,2.000,0,8.000000,2179.000000,272.375000,96.890321,251.000000,411.750000,0.228051,0.178121,0.184881,0.507356,8.000000,0.000000,2179.000000,0.000000,4.000000,1089.500000,7.000000,1.142857,3.500000,0.000000
sess_20260821_other_140_flow_00000,real_sess_20260821_other_140,sess_20260821_other_140,Other,env_win11_wifi,NORMAL,day_2,2026-08-21,batch_20260821_01,dev_win11_laptop,wifi,warp_enabled,oth_cloud_backup,real,v2,sess_20260821_other_140_flow_00000_win_2s,window_2s,0.000,2.000,0,23.000000,7586.000000,329.826087,120.380069,317.000000,537.000000,0.090870,0.085960,0.065948,0.287640,23.000000,0.000000,7586.000000,0.000000,11.500000,3793.000000,14.000000,1.642857,7.000000,0.000000
sess_20260821_other_140_flow_00001,real_sess_20260821_other_140,sess_20260821_other_140,Other,env_win11_wifi,NORMAL,day_2,2026-08-21,batch_20260821_01,dev_win11_laptop,wifi,warp_enabled,oth_cloud_backup,real,v2,sess_20260821_other_140_flow_00001_win_2s,window_2s,0.000,2.000,0,27.000000,9285.000000,343.888889,99.578494,346.000000,506.900000,0.076465,0.064095,0.070213,0.210666,27.000000,0.000000,9285.000000,0.000000,13.500000,4642.500000,18.000000,1.500000,9.000000,0.000000
sess_20260821_other_141_flow_00000,real_sess_20260821_other_141,sess_20260821_other_141,Other,env_win11_wifi,HIGH_LATENCY,day_2,2026-08-21,batch_20260821_02,dev_win11_laptop,wifi,warp_enabled,oth_dns_ntp_sync,real,v2,sess_20260821_other_141_flow_00000_win_2s,window_2s,0.000,2.000,0,5.000000,1213.000000,242.600000,129.195356,204.000000,424.800000,0.357852,0.084031,0.354637,0.456130,5.000000,0.000000,1213.000000,0.000000,2.500000,606.500000,5.000000,1.000000,2.500000,0.000000
sess_20260821_other_142_flow_00000,real_sess_20260821_other_142,sess_20260821_other_142,Other,env_win11_cellular,NORMAL,day_2,2026-08-21,batch_20260821_03,dev_win11_laptop,cellular,warp_disabled,oth_os_update_check,real,v2,sess_20260821_other_142_flow_00000_win_2s,window_2s,0.000,2.000,0,16.000000,9320.000000,582.500000,156.431295,581.500000,812.250000,0.115553,0.127310,0.070834,0.406114,16.000000,0.000000,9320.000000,0.000000,8.000000,4660.000000,9.000000,1.777778,4.500000,0.000000
sess_20260821_other_142_flow_00001,real_sess_20260821_other_142,sess_20260821_other_142,Other,env_win11_cellular,NORMAL,day_2,2026-08-21,batch_20260821_03,dev_win11_laptop,cellular,warp_disabled,oth_os_update_check,real,v2,sess_20260821_other_142_flow_00001_win_2s,window_2s,0.000,2.000,0,20.000000,11300.000000,565.000000,219.246665,516.500000,931.300000,0.104580,0.081853,0.082644,0.249204,20.000000,0.000000,11300.000000,0.000000,10.000000,5650.000000,14.000000,1.428571,7.000000,0.000000
sess_20260821_other_143_flow_00000,real_sess_20260821_other_143,sess_20260821_other_143,Other,env_win11_cellular,LOW_BANDWIDTH,day_2,2026-08-21,batch_20260821_04,dev_win11_laptop,cellular,warp_enabled,oth_telemetry_heartbeat,real,v2,sess_20260821_other_143_flow_00000_win_2s,window_2s,0.000,2.000,0,9.000000,1509.000000,167.666667,48.919435,181.000000,232.400000,0.248169,0.229301,0.211182,0.607101,9.000000,0.000000,1509.000000,0.000000,4.500000,754.500000,6.000000,1.500000,3.000000,0.000000
sess_20260821_other_143_flow_00001,real_sess_20260821_other_143,sess_20260821_other_143,Other,env_win11_cellular,LOW_BANDWIDTH,day_2,2026-08-21,batch_20260821_04,dev_win11_laptop,cellular,warp_enabled,oth_telemetry_heartbeat,real,v2,sess_20260821_other_143_flow_00001_win_2s,window_2s,0.000,2.000,0,16.000000,2842.000000,177.625000,49.937304,171.000000,262.500000,0.132600,0.188135,0.048708,0.395944,16.000000,0.000000,2842.000000,0.000000,8.000000,1421.000000,8.000000,2.000000,4.000000,0.000000
sess_20260822_other_144_flow_00000,real_sess_20260822_other_144,sess_20260822_other_144,Other,env_win11_eth,NORMAL,day_3,2026-08-22,batch_20260822_01,dev_win11_desktop,ethernet,warp_enabled,oth_idle_keepalive,real,v2,sess_20260822_other_144_flow_00000_win_2s,window_2s,0.000,2.000,0,23.000000,8300.000000,360.869565,104.717552,350.000000,496.500000,0.086762,0.098146,0.047559,0.321938,23.000000,0.000000,8300.000000,0.000000,11.500000,4150.000000,11.000000,2.090909,5.500000,0.000000
sess_20260822_other_144_flow_00001,real_sess_20260822_other_144,sess_20260822_other_144,Other,env_win11_eth,NORMAL,day_3,2026-08-22,batch_20260822_01,dev_win11_desktop,ethernet,warp_enabled,oth_idle_keepalive,real,v2,sess_20260822_other_144_flow_00001_win_2s,window_2s,0.000,2.000,0,20.000000,8939.000000,446.950000,154.963052,434.500000,680.400000,0.101094,0.107633,0.051055,0.336650,20.000000,0.000000,8939.000000,0.000000,10.000000,4469.500000,11.000000,1.818182,5.500000,0.000000
sess_20260822_other_145_flow_00000,real_sess_20260822_other_145,sess_20260822_other_145,Other,env_win11_eth,PACKET_LOSS,day_3,2026-08-22,batch_20260822_02,dev_win11_desktop,ethernet,warp_enabled,oth_cloud_backup,real,v2,sess_20260822_other_145_flow_00000_win_2s,window_2s,0.000,2.000,0,22.000000,7447.000000,338.500000,106.387692,337.500000,466.800000,0.094301,0.107090,0.048959,0.296027,22.000000,0.000000,7447.000000,0.000000,11.000000,3723.500000,11.000000,2.000000,5.500000,0.000000
sess_20260822_other_145_flow_00001,real_sess_20260822_other_145,sess_20260822_other_145,Other,env_win11_eth,PACKET_LOSS,day_3,2026-08-22,batch_20260822_02,dev_win11_desktop,ethernet,warp_enabled,oth_cloud_backup,real,v2,sess_20260822_other_145_flow_00001_win_2s,window_2s,0.000,2.000,0,26.000000,7633.000000,293.576923,87.974722,289.500000,428.500000,0.076580,0.075357,0.058379,0.258936,26.000000,0.000000,7633.000000,0.000000,13.000000,3816.500000,14.000000,1.857143,7.000000,0.000000
sess_20260822_other_146_flow_00000,real_sess_20260822_other_146,sess_20260822_other_146,Other,env_win11_cellular,HIGH_LATENCY,day_3,2026-08-22,batch_20260822_03,dev_win11_laptop,cellular,warp_enabled,oth_dns_ntp_sync,real,v2,sess_20260822_other_146_flow_00000_win_2s,window_2s,0.000,2.000,0,7.000000,2391.000000,341.571429,90.923606,310.000000,459.700000,0.319503,0.245795,0.272404,0.657611,7.000000,0.000000,2391.000000,0.000000,3.500000,1195.500000,6.000000,1.166667,3.000000,0.000000
sess_20260822_other_146_flow_00001,real_sess_20260822_other_146,sess_20260822_other_146,Other,env_win11_cellular,HIGH_LATENCY,day_3,2026-08-22,batch_20260822_03,dev_win11_laptop,cellular,warp_enabled,oth_dns_ntp_sync,real,v2,sess_20260822_other_146_flow_00001_win_2s,window_2s,0.000,2.000,0,4.000000,2011.000000,502.750000,172.569370,530.500000,690.400000,0.143648,0.154467,0.050338,0.330257,4.000000,0.000000,2011.000000,0.000000,2.000000,1005.500000,3.000000,1.333333,1.500000,0.000000
sess_20260822_other_147_flow_00000,real_sess_20260822_other_147,sess_20260822_other_147,Other,env_win11_cellular,NORMAL,day_3,2026-08-22,batch_20260822_04,dev_win11_laptop,cellular,warp_disabled,oth_os_update_check,real,v2,sess_20260822_other_147_flow_00000_win_2s,window_2s,0.000,2.000,0,18.000000,6669.000000,370.500000,137.002940,371.000000,549.350000,0.117423,0.105377,0.099048,0.287330,18.000000,0.000000,6669.000000,0.000000,9.000000,3334.500000,11.000000,1.636364,5.500000,0.000000
sess_20260822_other_147_flow_00001,real_sess_20260822_other_147,sess_20260822_other_147,Other,env_win11_cellular,NORMAL,day_3,2026-08-22,batch_20260822_04,dev_win11_laptop,cellular,warp_disabled,oth_os_update_check,real,v2,sess_20260822_other_147_flow_00001_win_2s,window_2s,0.000,2.000,0,19.000000,7006.000000,368.736842,154.262880,353.000000,568.700000,0.108967,0.114394,0.067337,0.259905,19.000000,0.000000,7006.000000,0.000000,9.500000,3503.000000,12.000000,1.583333,6.000000,0.000000
sess_20260823_other_148_flow_00000,real_sess_20260823_other_148,sess_20260823_other_148,Other,env_win11_wifi,LOW_BANDWIDTH,day_4,2026-08-23,batch_20260823_02,dev_win11_laptop,wifi,warp_enabled,oth_telemetry_heartbeat,real,v2,sess_20260823_other_148_flow_00000_win_2s,window_2s,0.000,2.000,0,16.000000,3068.000000,191.750000,65.344759,183.500000,288.250000,0.129935,0.094608,0.102914,0.313812,16.000000,0.000000,3068.000000,0.000000,8.000000,1534.000000,14.000000,1.142857,7.000000,0.000000
sess_20260823_other_148_flow_00001,real_sess_20260823_other_148,sess_20260823_other_148,Other,env_win11_wifi,LOW_BANDWIDTH,day_4,2026-08-23,batch_20260823_02,dev_win11_laptop,wifi,warp_enabled,oth_telemetry_heartbeat,real,v2,sess_20260823_other_148_flow_00001_win_2s,window_2s,0.000,2.000,0,22.000000,5787.000000,263.045455,80.270269,283.000000,362.350000,0.093509,0.103109,0.056762,0.280449,22.000000,0.000000,5787.000000,0.000000,11.000000,2893.500000,12.000000,1.833333,6.000000,0.000000
sess_20260823_other_149_flow_00000,real_sess_20260823_other_149,sess_20260823_other_149,Other,env_win11_eth,LOW_BANDWIDTH,day_4,2026-08-23,batch_20260823_03,dev_win11_desktop,ethernet,warp_enabled,oth_idle_keepalive,real,v2,sess_20260823_other_149_flow_00000_win_2s,window_2s,0.000,2.000,0,23.000000,5329.000000,231.695652,102.571474,222.000000,442.100000,0.067585,0.111887,0.034378,0.221407,23.000000,0.000000,5329.000000,0.000000,11.500000,2664.500000,8.000000,2.875000,4.000000,0.000000
sess_20260823_other_149_flow_00001,real_sess_20260823_other_149,sess_20260823_other_149,Other,env_win11_eth,LOW_BANDWIDTH,day_4,2026-08-23,batch_20260823_03,dev_win11_desktop,ethernet,warp_enabled,oth_idle_keepalive,real,v2,sess_20260823_other_149_flow_00001_win_2s,window_2s,0.000,2.000,0,17.000000,2513.000000,147.823529,68.682762,146.000000,270.400000,0.123507,0.107136,0.102573,0.279251,17.000000,0.000000,2513.000000,0.000000,8.500000,1256.500000,10.000000,1.700000,5.000000,0.000000
sess_20260823_other_150_flow_00000,real_sess_20260823_other_150,sess_20260823_other_150,Other,env_win11_cellular,NORMAL,day_4,2026-08-23,batch_20260823_04,dev_win11_laptop,cellular,warp_enabled,oth_cloud_backup,real,v2,sess_20260823_other_150_flow_00000_win_2s,window_2s,0.000,2.000,0,19.000000,4590.000000,241.578947,83.078476,262.000000,371.400000,0.098682,0.095265,0.055904,0.250331,19.000000,0.000000,4590.000000,0.000000,9.500000,2295.000000,10.000000,1.900000,5.000000,0.000000
sess_20260823_other_150_flow_00001,real_sess_20260823_other_150,sess_20260823_other_150,Other,env_win11_cellular,NORMAL,day_4,2026-08-23,batch_20260823_04,dev_win11_laptop,cellular,warp_enabled,oth_cloud_backup,real,v2,sess_20260823_other_150_flow_00001_win_2s,window_2s,0.000,2.000,0,21.000000,5160.000000,245.714286,67.016091,253.000000,369.000000,0.082876,0.090195,0.060126,0.224066,21.000000,0.000000,5160.000000,0.000000,10.500000,2580.000000,13.000000,1.615385,6.500000,0.000000
