record_id,source_file,schema_valid,problem,raw_confidence,normalized_confidence
EVT-000001,results/realtime/predictions.csv,False,Non-numeric class string in confidence: 'Messaging',Messaging,0.0
EVT-000001,results/realtime/predictions.csv,False,Non-numeric class string in confidence: '—',—,0.0
EVT-000002,results/realtime/predictions.csv,False,Non-numeric class string in confidence: '—',—,0.0
EVT-000003,results/realtime/predictions.csv,False,Non-numeric class string in confidence: '—',—,0.0
EVT-000004,results/realtime/predictions.csv,False,Non-numeric class string in confidence: '—',—,0.0
EVT-000005,results/realtime/predictions.csv,False,Non-numeric class string in confidence: '—',—,0.0
EVT-000006,results/realtime/predictions.csv,False,Non-numeric class string in confidence: '—',—,0.0
EVT-000007,results/realtime/predictions.csv,False,Non-numeric class string in confidence: '—',—,0.0
EVT-000008,results/realtime/predictions.csv,False,Non-numeric class string in confidence: '—',—,0.0
EVT-000009,results/realtime/predictions.csv,False,Non-numeric class string in confidence: '—',—,0.0
EVT-000010,results/realtime/predictions.csv,False,Non-numeric class string in confidence: '—',—,0.0
EVT-000011,results/realtime/predictions.csv,False,Non-numeric class string in confidence: 'Web',Web,0.0
EVT-000012,results/realtime/predictions.csv,False,Non-numeric class string in confidence: 'Web',Web,0.0
EVT-000013,results/realtime/predictions.csv,False,Non-numeric class string in confidence: 'Web',Web,0.0
EVT-000014,results/realtime/predictions.csv,False,Non-numeric class string in confidence: 'Other',Other,0.0
EVT-000015,results/realtime/predictions.csv,False,Non-numeric class string in confidence: 'Other',Other,0.0
EVT-000016,results/realtime/predictions.csv,False,Non-numeric class string in confidence: 'Other',Other,0.0
EVT-000017,results/realtime/predictions.csv,False,Non-numeric class string in confidence: 'Other',Other,0.0
EVT-000018,results/realtime/predictions.csv,False,Non-numeric class string in confidence: 'Other',Other,0.0
EVT-000019,results/realtime/predictions.csv,False,Non-numeric class string in confidence: 'Other',Other,0.0
EVT-000020,results/realtime/predictions.csv,False,Non-numeric class string in confidence: 'Web',Web,0.0
EVT-000021,results/realtime/predictions.csv,False,Non-numeric class string in confidence: 'Messaging',Messaging,0.0
EVT-000022,results/realtime/predictions.csv,False,Non-numeric class string in confidence: 'Messaging',Messaging,0.0
EVT-000023,results/realtime/predictions.csv,False,Non-numeric class string in confidence: 'Messaging',Messaging,0.0
EVT-000024,results/realtime/predictions.csv,False,Non-numeric class string in confidence: 'Messaging',Messaging,0.0
EVT-000025,results/realtime/predictions.csv,False,Non-numeric class string in confidence: 'Other',Other,0.0
EVT-000026,results/realtime/predictions.csv,False,Non-numeric class string in confidence: 'VoIP',VoIP,0.0
EVT-000027,results/realtime/predictions.csv,False,Non-numeric class string in confidence: 'Other',Other,0.0
EVT-000028,results/realtime/predictions.csv,False,Non-numeric class string in confidence: 'Messaging',Messaging,0.0
EVT-000029,results/realtime/predictions.csv,False,Non-numeric class string in confidence: 'Messaging',Messaging,0.0
EVT-000030,results/realtime/predictions.csv,False,Non-numeric class string in confidence: 'Web',Web,0.0
EVT-000031,results/realtime/predictions.csv,False,Non-numeric class string in confidence: 'Other',Other,0.0
EVT-000032,results/realtime/predictions.csv,False,Non-numeric class string in confidence: 'Messaging',Messaging,0.0
EVT-000033,results/realtime/predictions.csv,False,Non-numeric class string in confidence: 'Other',Other,0.0
EVT-000034,results/realtime/predictions.csv,False,Non-numeric class string in confidence: 'Messaging',Messaging,0.0
EVT-000035,results/realtime/predictions.csv,False,Non-numeric class string in confidence: 'Messaging',Messaging,0.0
EVT-000036,results/realtime/predictions.csv,False,Non-numeric class string in confidence: 'File Transfer',File Transfer,0.0
EVT-000037,results/realtime/predictions.csv,False,Non-numeric class string in confidence: 'Messaging',Messaging,0.0
EVT-000038,results/realtime/predictions.csv,False,Non-numeric class string in confidence: 'File Transfer',File Transfer,0.0
EVT-000039,results/realtime/predictions.csv,False,Non-numeric class string in confidence: 'File Transfer',File Transfer,0.0
EVT-000040,results/realtime/predictions.csv,False,Non-numeric class string in confidence: 'Web',Web,0.0
EVT-000041,results/realtime/predictions.csv,False,Non-numeric class string in confidence: 'Web',Web,0.0
EVT-000042,results/realtime/predictions.csv,False,Non-numeric class string in confidence: 'Other',Other,0.0
EVT-000043,results/realtime/predictions.csv,False,Non-numeric class string in confidence: 'File Transfer',File Transfer,0.0
EVT-000044,results/realtime/predictions.csv,False,Non-numeric class string in confidence: 'Other',Other,0.0
EVT-000045,results/realtime/predictions.csv,False,Non-numeric class string in confidence: 'File Transfer',File Transfer,0.0
EVT-000046,results/realtime/predictions.csv,False,Non-numeric class string in confidence: 'Messaging',Messaging,0.0
EVT-000047,results/realtime/predictions.csv,False,Non-numeric class string in confidence: 'Web',Web,0.0
EVT-000048,results/realtime/predictions.csv,False,Non-numeric class string in confidence: 'Messaging',Messaging,0.0
EVT-000049,results/realtime/predictions.csv,False,Non-numeric class string in confidence: 'Web',Web,0.0
EVT-000050,results/realtime/predictions.csv,False,Non-numeric class string in confidence: 'File Transfer',File Transfer,0.0
EVT-000051,results/realtime/predictions.csv,False,Non-numeric class string in confidence: 'Messaging',Messaging,0.0
EVT-000052,results/realtime/predictions.csv,False,Non-numeric class string in confidence: 'VoIP',VoIP,0.0
EVT-000053,results/realtime/predictions.csv,False,Non-numeric class string in confidence: 'VoIP',VoIP,0.0
EVT-000054,results/realtime/predictions.csv,False,Non-numeric class string in confidence: 'Other',Other,0.0
EVT-000055,results/realtime/predictions.csv,False,Non-numeric class string in confidence: 'Other',Other,0.0
EVT-000056,results/realtime/predictions.csv,False,Non-numeric class string in confidence: 'Web',Web,0.0
EVT-000057,results/realtime/predictions.csv,False,Non-numeric class string in confidence: 'Messaging',Messaging,0.0
EVT-000058,results/realtime/predictions.csv,False,Non-numeric class string in confidence: 'Web',Web,0.0
EVT-000059,results/realtime/predictions.csv,False,Non-numeric class string in confidence: 'Messaging',Messaging,0.0
EVT-000060,results/realtime/predictions.csv,False,Non-numeric class string in confidence: 'VoIP',VoIP,0.0
EVT-000061,results/realtime/predictions.csv,False,Non-numeric class string in confidence: 'Web',Web,0.0
EVT-000062,results/realtime/predictions.csv,False,Non-numeric class string in confidence: 'VoIP',VoIP,0.0
EVT-000063,results/realtime/predictions.csv,False,Non-numeric class string in confidence: 'VoIP',VoIP,0.0
EVT-000064,results/realtime/predictions.csv,False,Non-numeric class string in confidence: 'Video',Video,0.0
EVT-000065,results/realtime/predictions.csv,False,Non-numeric class string in confidence: 'VoIP',VoIP,0.0
EVT-000066,results/realtime/predictions.csv,False,Non-numeric class string in confidence: 'Video',Video,0.0
EVT-000067,results/realtime/predictions.csv,False,Non-numeric class string in confidence: 'Web',Web,0.0
EVT-000068,results/realtime/predictions.csv,False,Non-numeric class string in confidence: 'VoIP',VoIP,0.0
EVT-000069,results/realtime/predictions.csv,False,Non-numeric class string in confidence: 'VoIP',VoIP,0.0
EVT-000070,results/realtime/predictions.csv,False,Non-numeric class string in confidence: 'VoIP',VoIP,0.0
EVT-000071,results/realtime/predictions.csv,False,Non-numeric class string in confidence: 'Web',Web,0.0
EVT-000072,results/realtime/predictions.csv,False,Non-numeric class string in confidence: 'VoIP',VoIP,0.0
EVT-000073,results/realtime/predictions.csv,False,Non-numeric class string in confidence: 'VoIP',VoIP,0.0
EVT-000074,results/realtime/predictions.csv,False,Non-numeric class string in confidence: 'VoIP',VoIP,0.0
EVT-000075,results/realtime/predictions.csv,False,Non-numeric class string in confidence: 'Messaging',Messaging,0.0
EVT-000076,results/realtime/predictions.csv,False,Non-numeric class string in confidence: 'VoIP',VoIP,0.0
EVT-000077,results/realtime/predictions.csv,False,Non-numeric class string in confidence: 'Video',Video,0.0
EVT-000078,results/realtime/predictions.csv,False,Non-numeric class string in confidence: 'Video',Video,0.0
EVT-000079,results/realtime/predictions.csv,False,Non-numeric class string in confidence: 'Web',Web,0.0
EVT-000080,results/realtime/predictions.csv,False,Non-numeric class string in confidence: 'Other',Other,0.0
EVT-000081,results/realtime/predictions.csv,False,Non-numeric class string in confidence: 'File Transfer',File Transfer,0.0
EVT-000082,results/realtime/predictions.csv,False,Non-numeric class string in confidence: 'Web',Web,0.0
EVT-000083,results/realtime/predictions.csv,False,Non-numeric class string in confidence: 'Messaging',Messaging,0.0
EVT-000084,results/realtime/predictions.csv,False,Non-numeric class string in confidence: 'Video',Video,0.0
EVT-000085,results/realtime/predictions.csv,False,Non-numeric class string in confidence: 'File Transfer',File Transfer,0.0
EVT-000086,results/realtime/predictions.csv,False,Non-numeric class string in confidence: 'File Transfer',File Transfer,0.0
EVT-000087,results/realtime/predictions.csv,False,Non-numeric class string in confidence: 'Messaging',Messaging,0.0
EVT-000088,results/realtime/predictions.csv,False,Non-numeric class string in confidence: 'Web',Web,0.0
EVT-000089,results/realtime/predictions.csv,False,Non-numeric class string in confidence: 'VoIP',VoIP,0.0
EVT-000090,results/realtime/predictions.csv,False,Non-numeric class string in confidence: 'VoIP',VoIP,0.0
EVT-000091,results/realtime/predictions.csv,False,Non-numeric class string in confidence: 'Messaging',Messaging,0.0
EVT-000092,results/realtime/predictions.csv,False,Non-numeric class string in confidence: 'VoIP',VoIP,0.0
EVT-000093,results/realtime/predictions.csv,False,Non-numeric class string in confidence: 'Other',Other,0.0
EVT-000094,results/realtime/predictions.csv,False,Non-numeric class string in confidence: 'Other',Other,0.0
EVT-000095,results/realtime/predictions.csv,False,Non-numeric class string in confidence: 'VoIP',VoIP,0.0
EVT-000096,results/realtime/predictions.csv,False,Non-numeric class string in confidence: 'File Transfer',File Transfer,0.0
EVT-000097,results/realtime/predictions.csv,False,Non-numeric class string in confidence: 'Messaging',Messaging,0.0
EVT-000098,results/realtime/predictions.csv,False,Non-numeric class string in confidence: 'Other',Other,0.0
EVT-000099,results/realtime/predictions.csv,False,Non-numeric class string in confidence: 'Other',Other,0.0
EVT-000100,results/realtime/predictions.csv,False,Non-numeric class string in confidence: 'File Transfer',File Transfer,0.0
EVT-000101,results/realtime/predictions.csv,False,Non-numeric class string in confidence: 'Video',Video,0.0
EVT-000102,results/realtime/predictions.csv,False,Non-numeric class string in confidence: 'VoIP',VoIP,0.0
EVT-000103,results/realtime/predictions.csv,False,Non-numeric class string in confidence: 'VoIP',VoIP,0.0
EVT-000104,results/realtime/predictions.csv,False,Non-numeric class string in confidence: 'Other',Other,0.0
EVT-000105,results/realtime/predictions.csv,False,Non-numeric class string in confidence: 'File Transfer',File Transfer,0.0
EVT-000106,results/realtime/predictions.csv,False,Non-numeric class string in confidence: 'Messaging',Messaging,0.0
EVT-000107,results/realtime/predictions.csv,False,Non-numeric class string in confidence: 'Web',Web,0.0
EVT-000108,results/realtime/predictions.csv,False,Non-numeric class string in confidence: 'File Transfer',File Transfer,0.0
EVT-000109,results/realtime/predictions.csv,False,Non-numeric class string in confidence: 'VoIP',VoIP,0.0
EVT-000110,results/realtime/predictions.csv,False,Non-numeric class string in confidence: 'Web',Web,0.0
EVT-000111,results/realtime/predictions.csv,False,Non-numeric class string in confidence: 'VoIP',VoIP,0.0
EVT-000112,results/realtime/predictions.csv,False,Non-numeric class string in confidence: 'Video',Video,0.0
EVT-000113,results/realtime/predictions.csv,False,Non-numeric class string in confidence: 'File Transfer',File Transfer,0.0
EVT-000114,results/realtime/predictions.csv,False,Non-numeric class string in confidence: 'Other',Other,0.0
EVT-000115,results/realtime/predictions.csv,False,Non-numeric class string in confidence: 'Web',Web,0.0
EVT-000116,results/realtime/predictions.csv,False,Non-numeric class string in confidence: 'Other',Other,0.0
EVT-000117,results/realtime/predictions.csv,False,Non-numeric class string in confidence: 'VoIP',VoIP,0.0
EVT-000118,results/realtime/predictions.csv,False,Non-numeric class string in confidence: 'Messaging',Messaging,0.0
EVT-000119,results/realtime/predictions.csv,False,Non-numeric class string in confidence: 'File Transfer',File Transfer,0.0
EVT-000120,results/realtime/predictions.csv,False,Non-numeric class string in confidence: 'Video',Video,0.0
EVT-000121,results/realtime/predictions.csv,False,Non-numeric class string in confidence: 'File Transfer',File Transfer,0.0
EVT-000122,results/realtime/predictions.csv,False,Non-numeric class string in confidence: 'Video',Video,0.0
EVT-000123,results/realtime/predictions.csv,False,Non-numeric class string in confidence: 'File Transfer',File Transfer,0.0
EVT-000124,results/realtime/predictions.csv,False,Non-numeric class string in confidence: 'Video',Video,0.0
EVT-000125,results/realtime/predictions.csv,False,Non-numeric class string in confidence: 'File Transfer',File Transfer,0.0
EVT-000126,results/realtime/predictions.csv,False,Non-numeric class string in confidence: 'Other',Other,0.0
EVT-000127,results/realtime/predictions.csv,False,Non-numeric class string in confidence: 'Web',Web,0.0
EVT-000128,results/realtime/predictions.csv,False,Non-numeric class string in confidence: 'Other',Other,0.0
EVT-000129,results/realtime/predictions.csv,False,Non-numeric class string in confidence: 'VoIP',VoIP,0.0
EVT-000130,results/realtime/predictions.csv,False,Non-numeric class string in confidence: 'Messaging',Messaging,0.0
EVT-000001,results/realtime/predictions.csv,False,Non-numeric class string in confidence: '—',—,0.0
EVT-000002,results/realtime/predictions.csv,False,Non-numeric class string in confidence: '—',—,0.0
EVT-000003,results/realtime/predictions.csv,False,Non-numeric class string in confidence: '—',—,0.0
EVT-000004,results/realtime/predictions.csv,False,Non-numeric class string in confidence: '—',—,0.0
EVT-000005,results/realtime/predictions.csv,False,Non-numeric class string in confidence: '—',—,0.0
EVT-000006,results/realtime/predictions.csv,False,Non-numeric class string in confidence: '—',—,0.0
EVT-000007,results/realtime/predictions.csv,False,Non-numeric class string in confidence: '—',—,0.0
EVT-000008,results/realtime/predictions.csv,False,Non-numeric class string in confidence: '—',—,0.0
EVT-000009,results/realtime/predictions.csv,False,Non-numeric class string in confidence: '—',—,0.0
EVT-000010,results/realtime/predictions.csv,False,Non-numeric class string in confidence: '—',—,0.0
EVT-000011,results/realtime/predictions.csv,False,Non-numeric class string in confidence: '—',—,0.0
EVT-000012,results/realtime/predictions.csv,False,Non-numeric class string in confidence: '—',—,0.0
EVT-000013,results/realtime/predictions.csv,False,Non-numeric class string in confidence: '—',—,0.0
EVT-000014,results/realtime/predictions.csv,False,Non-numeric class string in confidence: '—',—,0.0
EVT-000015,results/realtime/predictions.csv,False,Non-numeric class string in confidence: '—',—,0.0
EVT-000016,results/realtime/predictions.csv,False,Non-numeric class string in confidence: '—',—,0.0
EVT-000017,results/realtime/predictions.csv,False,Non-numeric class string in confidence: '—',—,0.0
EVT-000018,results/realtime/predictions.csv,False,Non-numeric class string in confidence: '—',—,0.0
EVT-000019,results/realtime/predictions.csv,False,Non-numeric class string in confidence: '—',—,0.0
EVT-000020,results/realtime/predictions.csv,False,Non-numeric class string in confidence: '—',—,0.0
EVT-000021,results/realtime/predictions.csv,False,Non-numeric class string in confidence: '—',—,0.0
EVT-000022,results/realtime/predictions.csv,False,Non-numeric class string in confidence: '—',—,0.0
EVT-000023,results/realtime/predictions.csv,False,Non-numeric class string in confidence: '—',—,0.0
EVT-000024,results/realtime/predictions.csv,False,Non-numeric class string in confidence: '—',—,0.0
EVT-000025,results/realtime/predictions.csv,False,Non-numeric class string in confidence: '—',—,0.0
EVT-000026,results/realtime/predictions.csv,False,Non-numeric class string in confidence: 'Video',Video,0.0
EVT-000027,results/realtime/predictions.csv,False,Non-numeric class string in confidence: 'Video',Video,0.0
EVT-000028,results/realtime/predictions.csv,False,Non-numeric class string in confidence: 'Video',Video,0.0
EVT-000029,results/realtime/predictions.csv,False,Non-numeric class string in confidence: 'VoIP',VoIP,0.0
EVT-000030,results/realtime/predictions.csv,False,Non-numeric class string in confidence: 'VoIP',VoIP,0.0
EVT-000031,results/realtime/predictions.csv,False,Non-numeric class string in confidence: 'VoIP',VoIP,0.0
EVT-000032,results/realtime/predictions.csv,False,Non-numeric class string in confidence: 'VoIP',VoIP,0.0
EVT-000033,results/realtime/predictions.csv,False,Non-numeric class string in confidence: 'VoIP',VoIP,0.0
EVT-000034,results/realtime/predictions.csv,False,Non-numeric class string in confidence: 'VoIP',VoIP,0.0
EVT-000035,results/realtime/predictions.csv,False,Non-numeric class string in confidence: 'VoIP',VoIP,0.0
EVT-000036,results/realtime/predictions.csv,False,Non-numeric class string in confidence: 'VoIP',VoIP,0.0
EVT-000037,results/realtime/predictions.csv,False,Non-numeric class string in confidence: 'VoIP',VoIP,0.0
EVT-000038,results/realtime/predictions.csv,False,Non-numeric class string in confidence: 'VoIP',VoIP,0.0
EVT-000039,results/realtime/predictions.csv,False,Non-numeric class string in confidence: 'VoIP',VoIP,0.0
EVT-000040,results/realtime/predictions.csv,False,Non-numeric class string in confidence: 'VoIP',VoIP,0.0
EVT-000041,results/realtime/predictions.csv,False,Non-numeric class string in confidence: 'VoIP',VoIP,0.0
EVT-000042,results/realtime/predictions.csv,False,Non-numeric class string in confidence: 'Other',Other,0.0
EVT-000043,results/realtime/predictions.csv,False,Non-numeric class string in confidence: 'Other',Other,0.0
EVT-000044,results/realtime/predictions.csv,False,Non-numeric class string in confidence: 'Other',Other,0.0
EVT-000045,results/realtime/predictions.csv,False,Non-numeric class string in confidence: 'Other',Other,0.0
EVT-000046,results/realtime/predictions.csv,False,Non-numeric class string in confidence: 'Other',Other,0.0
EVT-000047,results/realtime/predictions.csv,False,Non-numeric class string in confidence: 'Other',Other,0.0
EVT-000048,results/realtime/predictions.csv,False,Non-numeric class string in confidence: 'Other',Other,0.0
EVT-000049,results/realtime/predictions.csv,False,Non-numeric class string in confidence: 'Other',Other,0.0
EVT-000050,results/realtime/predictions.csv,False,Non-numeric class string in confidence: 'Other',Other,0.0
EVT-000051,results/realtime/predictions.csv,False,Non-numeric class string in confidence: 'Video',Video,0.0
EVT-000052,results/realtime/predictions.csv,False,Non-numeric class string in confidence: 'Video',Video,0.0
EVT-000053,results/realtime/predictions.csv,False,Non-numeric class string in confidence: 'Video',Video,0.0
EVT-000054,results/realtime/predictions.csv,False,Non-numeric class string in confidence: 'Video',Video,0.0
EVT-000055,results/realtime/predictions.csv,False,Non-numeric class string in confidence: 'Other',Other,0.0
EVT-000056,results/realtime/predictions.csv,False,Non-numeric class string in confidence: 'Messaging',Messaging,0.0
EVT-000057,results/realtime/predictions.csv,False,Non-numeric class string in confidence: 'Messaging',Messaging,0.0
EVT-000058,results/realtime/predictions.csv,False,Non-numeric class string in confidence: 'Messaging',Messaging,0.0
EVT-000059,results/realtime/predictions.csv,False,Non-numeric class string in confidence: 'Messaging',Messaging,0.0
EVT-000060,results/realtime/predictions.csv,False,Non-numeric class string in confidence: 'Other',Other,0.0
EVT-000061,results/realtime/predictions.csv,False,Non-numeric class string in confidence: 'Other',Other,0.0
EVT-000062,results/realtime/predictions.csv,False,Non-numeric class string in confidence: 'Other',Other,0.0
EVT-000063,results/realtime/predictions.csv,False,Non-numeric class string in confidence: 'Other',Other,0.0
EVT-000064,results/realtime/predictions.csv,False,Non-numeric class string in confidence: 'Other',Other,0.0
EVT-000065,results/realtime/predictions.csv,False,Non-numeric class string in confidence: 'Other',Other,0.0
EVT-000066,results/realtime/predictions.csv,False,Non-numeric class string in confidence: 'Other',Other,0.0
EVT-000067,results/realtime/predictions.csv,False,Non-numeric class string in confidence: 'Other',Other,0.0
EVT-000068,results/realtime/predictions.csv,False,Non-numeric class string in confidence: 'Other',Other,0.0
EVT-000069,results/realtime/predictions.csv,False,Non-numeric class string in confidence: 'Other',Other,0.0
EVT-000070,results/realtime/predictions.csv,False,Non-numeric class string in confidence: 'Other',Other,0.0
EVT-000071,results/realtime/predictions.csv,False,Non-numeric class string in confidence: 'File Transfer',File Transfer,0.0
EVT-000072,results/realtime/predictions.csv,False,Non-numeric class string in confidence: 'File Transfer',File Transfer,0.0
EVT-000073,results/realtime/predictions.csv,False,Non-numeric class string in confidence: 'File Transfer',File Transfer,0.0
EVT-000074,results/realtime/predictions.csv,False,Non-numeric class string in confidence: 'File Transfer',File Transfer,0.0
EVT-000075,results/realtime/predictions.csv,False,Non-numeric class string in confidence: 'File Transfer',File Transfer,0.0
EVT-000076,results/realtime/predictions.csv,False,Non-numeric class string in confidence: 'Messaging',Messaging,0.0
EVT-000077,results/realtime/predictions.csv,False,Non-numeric class string in confidence: 'Messaging',Messaging,0.0
EVT-000078,results/realtime/predictions.csv,False,Non-numeric class string in confidence: 'Messaging',Messaging,0.0
EVT-000079,results/realtime/predictions.csv,False,Non-numeric class string in confidence: 'Messaging',Messaging,0.0
EVT-000080,results/realtime/predictions.csv,False,Non-numeric class string in confidence: 'Messaging',Messaging,0.0
EVT-000081,results/realtime/predictions.csv,False,Non-numeric class string in confidence: 'Messaging',Messaging,0.0
EVT-000082,results/realtime/predictions.csv,False,Non-numeric class string in confidence: 'Messaging',Messaging,0.0
EVT-000083,results/realtime/predictions.csv,False,Non-numeric class string in confidence: 'Messaging',Messaging,0.0
EVT-000084,results/realtime/predictions.csv,False,Non-numeric class string in confidence: 'Messaging',Messaging,0.0
EVT-000085,results/realtime/predictions.csv,False,Non-numeric class string in confidence: 'Messaging',Messaging,0.0
EVT-000086,results/realtime/predictions.csv,False,Non-numeric class string in confidence: 'Messaging',Messaging,0.0
EVT-000087,results/realtime/predictions.csv,False,Non-numeric class string in confidence: 'Messaging',Messaging,0.0
EVT-000088,results/realtime/predictions.csv,False,Non-numeric class string in confidence: 'Messaging',Messaging,0.0
EVT-000089,results/realtime/predictions.csv,False,Non-numeric class string in confidence: 'Other',Other,0.0
EVT-000090,results/realtime/predictions.csv,False,Non-numeric class string in confidence: 'Messaging',Messaging,0.0
EVT-000091,results/realtime/predictions.csv,False,Non-numeric class string in confidence: 'Messaging',Messaging,0.0
EVT-000092,results/realtime/predictions.csv,False,Non-numeric class string in confidence: 'Messaging',Messaging,0.0
EVT-000093,results/realtime/predictions.csv,False,Non-numeric class string in confidence: 'Messaging',Messaging,0.0
EVT-000094,results/realtime/predictions.csv,False,Non-numeric class string in confidence: 'Messaging',Messaging,0.0
EVT-000095,results/realtime/predictions.csv,False,Non-numeric class string in confidence: 'Messaging',Messaging,0.0
EVT-000096,results/realtime/predictions.csv,False,Non-numeric class string in confidence: 'Messaging',Messaging,0.0
EVT-000097,results/realtime/predictions.csv,False,Non-numeric class string in confidence: 'Messaging',Messaging,0.0
EVT-000098,results/realtime/predictions.csv,False,Non-numeric class string in confidence: 'Messaging',Messaging,0.0
EVT-000099,results/realtime/predictions.csv,False,Non-numeric class string in confidence: 'File Transfer',File Transfer,0.0
EVT-000100,results/realtime/predictions.csv,False,Non-numeric class string in confidence: 'File Transfer',File Transfer,0.0
EVT-000101,results/realtime/predictions.csv,False,Non-numeric class string in confidence: 'File Transfer',File Transfer,0.0
EVT-000102,results/realtime/predictions.csv,False,Non-numeric class string in confidence: 'File Transfer',File Transfer,0.0
EVT-000103,results/realtime/predictions.csv,False,Non-numeric class string in confidence: 'File Transfer',File Transfer,0.0
EVT-000104,results/realtime/predictions.csv,False,Non-numeric class string in confidence: 'File Transfer',File Transfer,0.0
EVT-000105,results/realtime/predictions.csv,False,Non-numeric class string in confidence: 'Other',Other,0.0
EVT-000106,results/realtime/predictions.csv,False,Non-numeric class string in confidence: 'Other',Other,0.0
EVT-000107,results/realtime/predictions.csv,False,Non-numeric class string in confidence: 'Other',Other,0.0
EVT-000108,results/realtime/predictions.csv,False,Non-numeric class string in confidence: 'Other',Other,0.0
EVT-000109,results/realtime/predictions.csv,False,Non-numeric class string in confidence: 'Other',Other,0.0
EVT-000110,results/realtime/predictions.csv,False,Non-numeric class string in confidence: 'Other',Other,0.0
EVT-000111,results/realtime/predictions.csv,False,Non-numeric class string in confidence: 'Other',Other,0.0
EVT-000112,results/realtime/predictions.csv,False,Non-numeric class string in confidence: 'Other',Other,0.0
EVT-000113,results/realtime/predictions.csv,False,Non-numeric class string in confidence: 'Other',Other,0.0
EVT-000114,results/realtime/predictions.csv,False,Non-numeric class string in confidence: 'Other',Other,0.0
EVT-000115,results/realtime/predictions.csv,False,Non-numeric class string in confidence: 'Other',Other,0.0
EVT-000116,results/realtime/predictions.csv,False,Non-numeric class string in confidence: 'Video',Video,0.0
EVT-000117,results/realtime/predictions.csv,False,Non-numeric class string in confidence: 'Video',Video,0.0
EVT-000118,results/realtime/predictions.csv,False,Non-numeric class string in confidence: 'Video',Video,0.0
EVT-000119,results/realtime/predictions.csv,False,Non-numeric class string in confidence: 'File Transfer',File Transfer,0.0
EVT-000120,results/realtime/predictions.csv,False,Non-numeric class string in confidence: 'Video',Video,0.0
EVT-000121,results/realtime/predictions.csv,False,Non-numeric class string in confidence: 'File Transfer',File Transfer,0.0
EVT-000122,results/realtime/predictions.csv,False,Non-numeric class string in confidence: 'Video',Video,0.0
EVT-000123,results/realtime/predictions.csv,False,Non-numeric class string in confidence: 'File Transfer',File Transfer,0.0
EVT-000124,results/realtime/predictions.csv,False,Non-numeric class string in confidence: 'Video',Video,0.0
EVT-000125,results/realtime/predictions.csv,False,Non-numeric class string in confidence: 'Web',Web,0.0
EVT-000126,results/realtime/predictions.csv,False,Non-numeric class string in confidence: 'File Transfer',File Transfer,0.0
EVT-000127,results/realtime/predictions.csv,False,Non-numeric class string in confidence: 'File Transfer',File Transfer,0.0
EVT-000128,results/realtime/predictions.csv,False,Non-numeric class string in confidence: 'VoIP',VoIP,0.0
EVT-000129,results/realtime/predictions.csv,False,Non-numeric class string in confidence: 'VoIP',VoIP,0.0
EVT-000130,results/realtime/predictions.csv,False,Non-numeric class string in confidence: 'VoIP',VoIP,0.0
EVT-000131,results/realtime/predictions.csv,False,Non-numeric class string in confidence: 'VoIP',VoIP,0.0
EVT-000132,results/realtime/predictions.csv,False,Non-numeric class string in confidence: 'VoIP',VoIP,0.0
EVT-000133,results/realtime/predictions.csv,False,Non-numeric class string in confidence: 'VoIP',VoIP,0.0
EVT-000134,results/realtime/predictions.csv,False,Non-numeric class string in confidence: 'VoIP',VoIP,0.0
EVT-000135,results/realtime/predictions.csv,False,Non-numeric class string in confidence: 'Video',Video,0.0
EVT-000136,results/realtime/predictions.csv,False,Non-numeric class string in confidence: 'VoIP',VoIP,0.0
EVT-000137,results/realtime/predictions.csv,False,Non-numeric class string in confidence: 'VoIP',VoIP,0.0
EVT-000138,results/realtime/predictions.csv,False,Non-numeric class string in confidence: 'Messaging',Messaging,0.0
EVT-000139,results/realtime/predictions.csv,False,Non-numeric class string in confidence: 'Messaging',Messaging,0.0
EVT-000140,results/realtime/predictions.csv,False,Non-numeric class string in confidence: 'Video',Video,0.0
EVT-000141,results/realtime/predictions.csv,False,Non-numeric class string in confidence: 'Video',Video,0.0
EVT-000142,results/realtime/predictions.csv,False,Non-numeric class string in confidence: 'Messaging',Messaging,0.0
EVT-000143,results/realtime/predictions.csv,False,Non-numeric class string in confidence: 'Messaging',Messaging,0.0
EVT-000144,results/realtime/predictions.csv,False,Non-numeric class string in confidence: 'Messaging',Messaging,0.0
EVT-000145,results/realtime/predictions.csv,False,Non-numeric class string in confidence: 'Video',Video,0.0
EVT-000146,results/realtime/predictions.csv,False,Non-numeric class string in confidence: 'Messaging',Messaging,0.0
EVT-000147,results/realtime/predictions.csv,False,Non-numeric class string in confidence: 'Video',Video,0.0
EVT-000148,results/realtime/predictions.csv,False,Non-numeric class string in confidence: 'Video',Video,0.0
EVT-000149,results/realtime/predictions.csv,False,Non-numeric class string in confidence: 'Video',Video,0.0
EVT-000150,results/realtime/predictions.csv,False,Non-numeric class string in confidence: 'Video',Video,0.0
EVT-000151,results/realtime/predictions.csv,False,Non-numeric class string in confidence: 'Video',Video,0.0
EVT-000152,results/realtime/predictions.csv,False,Non-numeric class string in confidence: 'Web',Web,0.0
EVT-000153,results/realtime/predictions.csv,False,Non-numeric class string in confidence: 'Web',Web,0.0
EVT-000154,results/realtime/predictions.csv,False,Non-numeric class string in confidence: 'Web',Web,0.0
EVT-000155,results/realtime/predictions.csv,False,Non-numeric class string in confidence: 'File Transfer',File Transfer,0.0
EVT-000156,results/realtime/predictions.csv,False,Non-numeric class string in confidence: 'VoIP',VoIP,0.0
EVT-000157,results/realtime/predictions.csv,False,Non-numeric class string in confidence: 'VoIP',VoIP,0.0
EVT-000158,results/realtime/predictions.csv,False,Non-numeric class string in confidence: 'VoIP',VoIP,0.0
EVT-000159,results/realtime/predictions.csv,False,Non-numeric class string in confidence: 'VoIP',VoIP,0.0
EVT-000160,results/realtime/predictions.csv,False,Non-numeric class string in confidence: 'VoIP',VoIP,0.0
EVT-000161,results/realtime/predictions.csv,False,Non-numeric class string in confidence: 'VoIP',VoIP,0.0
EVT-000162,results/realtime/predictions.csv,False,Non-numeric class string in confidence: 'VoIP',VoIP,0.0
EVT-000163,results/realtime/predictions.csv,False,Non-numeric class string in confidence: 'File Transfer',File Transfer,0.0
EVT-000164,results/realtime/predictions.csv,False,Non-numeric class string in confidence: 'VoIP',VoIP,0.0
EVT-000165,results/realtime/predictions.csv,False,Non-numeric class string in confidence: 'File Transfer',File Transfer,0.0
EVT-000166,results/realtime/predictions.csv,False,Non-numeric class string in confidence: 'VoIP',VoIP,0.0
EVT-000167,results/realtime/predictions.csv,False,Non-numeric class string in confidence: 'File Transfer',File Transfer,0.0
EVT-000168,results/realtime/predictions.csv,False,Non-numeric class string in confidence: 'Other',Other,0.0
EVT-000169,results/realtime/predictions.csv,False,Non-numeric class string in confidence: 'Other',Other,0.0
EVT-000170,results/realtime/predictions.csv,False,Non-numeric class string in confidence: 'Other',Other,0.0
EVT-000171,results/realtime/predictions.csv,False,Non-numeric class string in confidence: 'Other',Other,0.0
EVT-000172,results/realtime/predictions.csv,False,Non-numeric class string in confidence: 'Other',Other,0.0
EVT-000173,results/realtime/predictions.csv,False,Non-numeric class string in confidence: 'File Transfer',File Transfer,0.0
EVT-000174,results/realtime/predictions.csv,False,Non-numeric class string in confidence: 'File Transfer',File Transfer,0.0
EVT-000175,results/realtime/predictions.csv,False,Non-numeric class string in confidence: 'File Transfer',File Transfer,0.0
EVT-000176,results/realtime/predictions.csv,False,Non-numeric class string in confidence: 'VoIP',VoIP,0.0
EVT-000177,results/realtime/predictions.csv,False,Non-numeric class string in confidence: 'Video',Video,0.0
EVT-000178,results/realtime/predictions.csv,False,Non-numeric class string in confidence: 'Video',Video,0.0
EVT-000179,results/realtime/predictions.csv,False,Non-numeric class string in confidence: 'Other',Other,0.0
EVT-000180,results/realtime/predictions.csv,False,Non-numeric class string in confidence: 'Web',Web,0.0
EVT-000181,results/realtime/predictions.csv,False,Non-numeric class string in confidence: 'Web',Web,0.0
EVT-000182,results/realtime/predictions.csv,False,Non-numeric class string in confidence: 'Web',Web,0.0
EVT-000183,results/realtime/predictions.csv,False,Non-numeric class string in confidence: 'Web',Web,0.0
EVT-000184,results/realtime/predictions.csv,False,Non-numeric class string in confidence: 'Web',Web,0.0
EVT-000185,results/realtime/predictions.csv,False,Non-numeric class string in confidence: 'Web',Web,0.0
EVT-000186,results/realtime/predictions.csv,False,Non-numeric class string in confidence: 'Other',Other,0.0
EVT-000187,results/realtime/predictions.csv,False,Non-numeric class string in confidence: 'Web',Web,0.0
EVT-000188,results/realtime/predictions.csv,False,Non-numeric class string in confidence: 'Messaging',Messaging,0.0
EVT-000189,results/realtime/predictions.csv,False,Non-numeric class string in confidence: 'Other',Other,0.0
EVT-000190,results/realtime/predictions.csv,False,Non-numeric class string in confidence: 'Messaging',Messaging,0.0
EVT-000191,results/realtime/predictions.csv,False,Non-numeric class string in confidence: 'Messaging',Messaging,0.0
EVT-000192,results/realtime/predictions.csv,False,Non-numeric class string in confidence: 'Messaging',Messaging,0.0
EVT-000193,results/realtime/predictions.csv,False,Non-numeric class string in confidence: 'Messaging',Messaging,0.0
EVT-000194,results/realtime/predictions.csv,False,Non-numeric class string in confidence: 'Messaging',Messaging,0.0
EVT-000195,results/realtime/predictions.csv,False,Non-numeric class string in confidence: 'Messaging',Messaging,0.0
EVT-000196,results/realtime/predictions.csv,False,Non-numeric class string in confidence: 'Messaging',Messaging,0.0
EVT-000197,results/realtime/predictions.csv,False,Non-numeric class string in confidence: 'VoIP',VoIP,0.0
EVT-000198,results/realtime/predictions.csv,False,Non-numeric class string in confidence: 'VoIP',VoIP,0.0
EVT-000199,results/realtime/predictions.csv,False,Non-numeric class string in confidence: 'VoIP',VoIP,0.0
EVT-000200,results/realtime/predictions.csv,False,Non-numeric class string in confidence: 'VoIP',VoIP,0.0
EVT-000201,results/realtime/predictions.csv,False,Non-numeric class string in confidence: 'Other',Other,0.0
EVT-000202,results/realtime/predictions.csv,False,Non-numeric class string in confidence: 'Other',Other,0.0
EVT-000203,results/realtime/predictions.csv,False,Non-numeric class string in confidence: 'Other',Other,0.0
EVT-000204,results/realtime/predictions.csv,False,Non-numeric class string in confidence: 'Other',Other,0.0
EVT-000205,results/realtime/predictions.csv,False,Non-numeric class string in confidence: 'Messaging',Messaging,0.0
EVT-000206,results/realtime/predictions.csv,False,Non-numeric class string in confidence: 'Messaging',Messaging,0.0
EVT-000207,results/realtime/predictions.csv,False,Non-numeric class string in confidence: 'Messaging',Messaging,0.0
EVT-000208,results/realtime/predictions.csv,False,Non-numeric class string in confidence: 'Messaging',Messaging,0.0
EVT-000209,results/realtime/predictions.csv,False,Non-numeric class string in confidence: 'Messaging',Messaging,0.0
EVT-000210,results/realtime/predictions.csv,False,Non-numeric class string in confidence: 'Messaging',Messaging,0.0
EVT-000211,results/realtime/predictions.csv,False,Non-numeric class string in confidence: 'Messaging',Messaging,0.0
EVT-000212,results/realtime/predictions.csv,False,Non-numeric class string in confidence: 'Messaging',Messaging,0.0
EVT-000213,results/realtime/predictions.csv,False,Non-numeric class string in confidence: 'Messaging',Messaging,0.0
EVT-000214,results/realtime/predictions.csv,False,Non-numeric class string in confidence: 'Messaging',Messaging,0.0
EVT-000215,results/realtime/predictions.csv,False,Non-numeric class string in confidence: 'Messaging',Messaging,0.0
EVT-000216,results/realtime/predictions.csv,False,Non-numeric class string in confidence: 'Messaging',Messaging,0.0
EVT-000217,results/realtime/predictions.csv,False,Non-numeric class string in confidence: 'Messaging',Messaging,0.0
EVT-000218,results/realtime/predictions.csv,False,Non-numeric class string in confidence: 'Messaging',Messaging,0.0
EVT-000219,results/realtime/predictions.csv,False,Non-numeric class string in confidence: 'File Transfer',File Transfer,0.0
EVT-000220,results/realtime/predictions.csv,False,Non-numeric class string in confidence: 'File Transfer',File Transfer,0.0
EVT-000221,results/realtime/predictions.csv,False,Non-numeric class string in confidence: 'File Transfer',File Transfer,0.0
EVT-000222,results/realtime/predictions.csv,False,Non-numeric class string in confidence: 'File Transfer',File Transfer,0.0
EVT-000223,results/realtime/predictions.csv,False,Non-numeric class string in confidence: 'File Transfer',File Transfer,0.0
EVT-000224,results/realtime/predictions.csv,False,Non-numeric class string in confidence: 'File Transfer',File Transfer,0.0
EVT-000225,results/realtime/predictions.csv,False,Non-numeric class string in confidence: 'Web',Web,0.0
EVT-000226,results/realtime/predictions.csv,False,Non-numeric class string in confidence: 'Web',Web,0.0
EVT-000227,results/realtime/predictions.csv,False,Non-numeric class string in confidence: 'Web',Web,0.0
EVT-000228,results/realtime/predictions.csv,False,Non-numeric class string in confidence: 'File Transfer',File Transfer,0.0
EVT-000229,results/realtime/predictions.csv,False,Non-numeric class string in confidence: 'File Transfer',File Transfer,0.0
EVT-000230,results/realtime/predictions.csv,False,Non-numeric class string in confidence: 'File Transfer',File Transfer,0.0
EVT-000231,results/realtime/predictions.csv,False,Non-numeric class string in confidence: 'File Transfer',File Transfer,0.0
EVT-000232,results/realtime/predictions.csv,False,Non-numeric class string in confidence: 'File Transfer',File Transfer,0.0
EVT-000233,results/realtime/predictions.csv,False,Non-numeric class string in confidence: 'File Transfer',File Transfer,0.0
EVT-000234,results/realtime/predictions.csv,False,Non-numeric class string in confidence: 'Other',Other,0.0
EVT-000235,results/realtime/predictions.csv,False,Non-numeric class string in confidence: 'Other',Other,0.0
EVT-000236,results/realtime/predictions.csv,False,Non-numeric class string in confidence: 'Web',Web,0.0
EVT-000237,results/realtime/predictions.csv,False,Non-numeric class string in confidence: 'Other',Other,0.0
EVT-000238,results/realtime/predictions.csv,False,Non-numeric class string in confidence: 'Other',Other,0.0
EVT-000239,results/realtime/predictions.csv,False,Non-numeric class string in confidence: 'Other',Other,0.0
EVT-000240,results/realtime/predictions.csv,False,Non-numeric class string in confidence: 'Other',Other,0.0
EVT-000241,results/realtime/predictions.csv,False,Non-numeric class string in confidence: 'Other',Other,0.0
EVT-000242,results/realtime/predictions.csv,False,Non-numeric class string in confidence: 'Web',Web,0.0
EVT-000243,results/realtime/predictions.csv,False,Non-numeric class string in confidence: 'Other',Other,0.0
EVT-000244,results/realtime/predictions.csv,False,Non-numeric class string in confidence: 'Other',Other,0.0
EVT-000245,results/realtime/predictions.csv,False,Non-numeric class string in confidence: 'Other',Other,0.0
EVT-000246,results/realtime/predictions.csv,False,Non-numeric class string in confidence: 'Other',Other,0.0
EVT-000247,results/realtime/predictions.csv,False,Non-numeric class string in confidence: 'Other',Other,0.0
EVT-000248,results/realtime/predictions.csv,False,Non-numeric class string in confidence: 'Messaging',Messaging,0.0
EVT-000249,results/realtime/predictions.csv,False,Non-numeric class string in confidence: 'Messaging',Messaging,0.0
EVT-000250,results/realtime/predictions.csv,False,Non-numeric class string in confidence: 'Video',Video,0.0
EVT-000251,results/realtime/predictions.csv,False,Non-numeric class string in confidence: 'Other',Other,0.0
EVT-000252,results/realtime/predictions.csv,False,Non-numeric class string in confidence: 'Other',Other,0.0
EVT-000253,results/realtime/predictions.csv,False,Non-numeric class string in confidence: 'File Transfer',File Transfer,0.0
EVT-000254,results/realtime/predictions.csv,False,Non-numeric class string in confidence: 'File Transfer',File Transfer,0.0
EVT-000255,results/realtime/predictions.csv,False,Non-numeric class string in confidence: 'File Transfer',File Transfer,0.0
EVT-000256,results/realtime/predictions.csv,False,Non-numeric class string in confidence: 'Video',Video,0.0
EVT-000257,results/realtime/predictions.csv,False,Non-numeric class string in confidence: 'Video',Video,0.0
EVT-000258,results/realtime/predictions.csv,False,Non-numeric class string in confidence: 'Messaging',Messaging,0.0
EVT-000259,results/realtime/predictions.csv,False,Non-numeric class string in confidence: 'Video',Video,0.0
EVT-000260,results/realtime/predictions.csv,False,Non-numeric class string in confidence: 'Video',Video,0.0
EVT-000261,results/realtime/predictions.csv,False,Non-numeric class string in confidence: 'Messaging',Messaging,0.0
EVT-000262,results/realtime/predictions.csv,False,Non-numeric class string in confidence: 'Video',Video,0.0
EVT-000263,results/realtime/predictions.csv,False,Non-numeric class string in confidence: 'Video',Video,0.0
EVT-000264,results/realtime/predictions.csv,False,Non-numeric class string in confidence: 'Video',Video,0.0
EVT-000265,results/realtime/predictions.csv,False,Non-numeric class string in confidence: 'Video',Video,0.0
EVT-000266,results/realtime/predictions.csv,False,Non-numeric class string in confidence: 'Web',Web,0.0
EVT-000267,results/realtime/predictions.csv,False,Non-numeric class string in confidence: 'Web',Web,0.0
EVT-000268,results/realtime/predictions.csv,False,Non-numeric class string in confidence: 'File Transfer',File Transfer,0.0
EVT-000269,results/realtime/predictions.csv,False,Non-numeric class string in confidence: 'Web',Web,0.0
EVT-000270,results/realtime/predictions.csv,False,Non-numeric class string in confidence: 'Web',Web,0.0
EVT-000271,results/realtime/predictions.csv,False,Non-numeric class string in confidence: 'File Transfer',File Transfer,0.0
EVT-000272,results/realtime/predictions.csv,False,Non-numeric class string in confidence: 'Web',Web,0.0
EVT-000273,results/realtime/predictions.csv,False,Non-numeric class string in confidence: 'Video',Video,0.0
EVT-000274,results/realtime/predictions.csv,False,Non-numeric class string in confidence: 'Other',Other,0.0
EVT-000275,results/realtime/predictions.csv,False,Non-numeric class string in confidence: 'Other',Other,0.0
EVT-000276,results/realtime/predictions.csv,False,Non-numeric class string in confidence: 'File Transfer',File Transfer,0.0
EVT-000277,results/realtime/predictions.csv,False,Non-numeric class string in confidence: 'File Transfer',File Transfer,0.0
EVT-000278,results/realtime/predictions.csv,False,Non-numeric class string in confidence: 'VoIP',VoIP,0.0
EVT-000279,results/realtime/predictions.csv,False,Non-numeric class string in confidence: 'VoIP',VoIP,0.0
EVT-000280,results/realtime/predictions.csv,False,Non-numeric class string in confidence: 'VoIP',VoIP,0.0
EVT-000281,results/realtime/predictions.csv,False,Non-numeric class string in confidence: 'VoIP',VoIP,0.0
EVT-000282,results/realtime/predictions.csv,False,Non-numeric class string in confidence: 'VoIP',VoIP,0.0
EVT-000283,results/realtime/predictions.csv,False,Non-numeric class string in confidence: 'VoIP',VoIP,0.0
EVT-000284,results/realtime/predictions.csv,False,Non-numeric class string in confidence: 'Video',Video,0.0
EVT-000285,results/realtime/predictions.csv,False,Non-numeric class string in confidence: 'Video',Video,0.0
EVT-000286,results/realtime/predictions.csv,False,Non-numeric class string in confidence: 'Video',Video,0.0
EVT-000287,results/realtime/predictions.csv,False,Non-numeric class string in confidence: 'Video',Video,0.0
EVT-000288,results/realtime/predictions.csv,False,Non-numeric class string in confidence: 'Video',Video,0.0
EVT-000289,results/realtime/predictions.csv,False,Non-numeric class string in confidence: 'Video',Video,0.0
EVT-000290,results/realtime/predictions.csv,False,Non-numeric class string in confidence: 'Video',Video,0.0
EVT-000291,results/realtime/predictions.csv,False,Non-numeric class string in confidence: 'Video',Video,0.0
EVT-000292,results/realtime/predictions.csv,False,Non-numeric class string in confidence: 'Video',Video,0.0
EVT-000293,results/realtime/predictions.csv,False,Non-numeric class string in confidence: 'Video',Video,0.0
EVT-000294,results/realtime/predictions.csv,False,Non-numeric class string in confidence: 'Other',Other,0.0
EVT-000295,results/realtime/predictions.csv,False,Non-numeric class string in confidence: 'Other',Other,0.0
EVT-000296,results/realtime/predictions.csv,False,Non-numeric class string in confidence: 'Other',Other,0.0
EVT-000297,results/realtime/predictions.csv,False,Non-numeric class string in confidence: 'Other',Other,0.0
EVT-000298,results/realtime/predictions.csv,False,Non-numeric class string in confidence: 'Other',Other,0.0
EVT-000299,results/realtime/predictions.csv,False,Non-numeric class string in confidence: 'Messaging',Messaging,0.0
EVT-000300,results/realtime/predictions.csv,False,Non-numeric class string in confidence: 'Messaging',Messaging,0.0
EVT-000301,results/realtime/predictions.csv,False,Non-numeric class string in confidence: 'VoIP',VoIP,0.0
EVT-000302,results/realtime/predictions.csv,False,Non-numeric class string in confidence: 'VoIP',VoIP,0.0
EVT-000303,results/realtime/predictions.csv,False,Non-numeric class string in confidence: 'File Transfer',File Transfer,0.0
EVT-000304,results/realtime/predictions.csv,False,Non-numeric class string in confidence: 'Web',Web,0.0
EVT-000305,results/realtime/predictions.csv,False,Non-numeric class string in confidence: 'Web',Web,0.0
EVT-000306,results/realtime/predictions.csv,False,Non-numeric class string in confidence: 'Messaging',Messaging,0.0
EVT-000307,results/realtime/predictions.csv,False,Non-numeric class string in confidence: 'Messaging',Messaging,0.0
EVT-000308,results/realtime/predictions.csv,False,Non-numeric class string in confidence: 'Messaging',Messaging,0.0
EVT-000309,results/realtime/predictions.csv,False,Non-numeric class string in confidence: 'Web',Web,0.0
EVT-000310,results/realtime/predictions.csv,False,Non-numeric class string in confidence: 'Messaging',Messaging,0.0
EVT-000311,results/realtime/predictions.csv,False,Non-numeric class string in confidence: 'Messaging',Messaging,0.0
EVT-000312,results/realtime/predictions.csv,False,Non-numeric class string in confidence: 'Messaging',Messaging,0.0
EVT-000313,results/realtime/predictions.csv,False,Non-numeric class string in confidence: 'Web',Web,0.0
EVT-000314,results/realtime/predictions.csv,False,Non-numeric class string in confidence: 'Other',Other,0.0
EVT-000315,results/realtime/predictions.csv,False,Non-numeric class string in confidence: 'Messaging',Messaging,0.0
EVT-000316,results/realtime/predictions.csv,False,Non-numeric class string in confidence: 'Messaging',Messaging,0.0
EVT-000317,results/realtime/predictions.csv,False,Non-numeric class string in confidence: 'Messaging',Messaging,0.0
EVT-000318,results/realtime/predictions.csv,False,Non-numeric class string in confidence: 'Messaging',Messaging,0.0
EVT-000319,results/realtime/predictions.csv,False,Non-numeric class string in confidence: 'Messaging',Messaging,0.0
EVT-000320,results/realtime/predictions.csv,False,Non-numeric class string in confidence: 'Messaging',Messaging,0.0
EVT-000321,results/realtime/predictions.csv,False,Non-numeric class string in confidence: 'Messaging',Messaging,0.0
EVT-000322,results/realtime/predictions.csv,False,Non-numeric class string in confidence: 'Other',Other,0.0
EVT-000323,results/realtime/predictions.csv,False,Non-numeric class string in confidence: 'Other',Other,0.0
EVT-000324,results/realtime/predictions.csv,False,Non-numeric class string in confidence: 'Other',Other,0.0
EVT-000325,results/realtime/predictions.csv,False,Non-numeric class string in confidence: 'Other',Other,0.0
EVT-000326,results/realtime/predictions.csv,False,Non-numeric class string in confidence: 'VoIP',VoIP,0.0
EVT-000327,results/realtime/predictions.csv,False,Non-numeric class string in confidence: 'VoIP',VoIP,0.0
EVT-000328,results/realtime/predictions.csv,False,Non-numeric class string in confidence: 'File Transfer',File Transfer,0.0
EVT-000329,results/realtime/predictions.csv,False,Non-numeric class string in confidence: 'File Transfer',File Transfer,0.0
EVT-000330,results/realtime/predictions.csv,False,Non-numeric class string in confidence: 'Web',Web,0.0
EVT-000331,results/realtime/predictions.csv,False,Non-numeric class string in confidence: 'Web',Web,0.0
EVT-000332,results/realtime/predictions.csv,False,Non-numeric class string in confidence: 'File Transfer',File Transfer,0.0
EVT-000333,results/realtime/predictions.csv,False,Non-numeric class string in confidence: 'Messaging',Messaging,0.0
EVT-000334,results/realtime/predictions.csv,False,Non-numeric class string in confidence: 'Messaging',Messaging,0.0
EVT-000335,results/realtime/predictions.csv,False,Non-numeric class string in confidence: 'Messaging',Messaging,0.0
EVT-000336,results/realtime/predictions.csv,False,Non-numeric class string in confidence: 'Messaging',Messaging,0.0
EVT-000337,results/realtime/predictions.csv,False,Non-numeric class string in confidence: 'Messaging',Messaging,0.0
EVT-000338,results/realtime/predictions.csv,False,Non-numeric class string in confidence: 'Messaging',Messaging,0.0
EVT-000339,results/realtime/predictions.csv,False,Non-numeric class string in confidence: 'Messaging',Messaging,0.0
EVT-000340,results/realtime/predictions.csv,False,Non-numeric class string in confidence: 'Messaging',Messaging,0.0
EVT-000341,results/realtime/predictions.csv,False,Non-numeric class string in confidence: 'Messaging',Messaging,0.0
EVT-000342,results/realtime/predictions.csv,False,Non-numeric class string in confidence: 'Other',Other,0.0
EVT-000343,results/realtime/predictions.csv,False,Non-numeric class string in confidence: 'Other',Other,0.0
EVT-000344,results/realtime/predictions.csv,False,Non-numeric class string in confidence: 'File Transfer',File Transfer,0.0
EVT-000345,results/realtime/predictions.csv,False,Non-numeric class string in confidence: 'Other',Other,0.0
EVT-000346,results/realtime/predictions.csv,False,Non-numeric class string in confidence: 'Other',Other,0.0
EVT-000347,results/realtime/predictions.csv,False,Non-numeric class string in confidence: 'Other',Other,0.0
EVT-000348,results/realtime/predictions.csv,False,Non-numeric class string in confidence: 'Other',Other,0.0
EVT-000349,results/realtime/predictions.csv,False,Non-numeric class string in confidence: 'VoIP',VoIP,0.0
EVT-000350,results/realtime/predictions.csv,False,Non-numeric class string in confidence: 'Other',Other,0.0
EVT-000351,results/realtime/predictions.csv,False,Non-numeric class string in confidence: 'Messaging',Messaging,0.0
EVT-000352,results/realtime/predictions.csv,False,Non-numeric class string in confidence: 'Messaging',Messaging,0.0
EVT-000353,results/realtime/predictions.csv,False,Non-numeric class string in confidence: 'Other',Other,0.0
EVT-000354,results/realtime/predictions.csv,False,Non-numeric class string in confidence: 'File Transfer',File Transfer,0.0
EVT-000355,results/realtime/predictions.csv,False,Non-numeric class string in confidence: 'File Transfer',File Transfer,0.0
EVT-000356,results/realtime/predictions.csv,False,Non-numeric class string in confidence: 'File Transfer',File Transfer,0.0
EVT-000357,results/realtime/predictions.csv,False,Non-numeric class string in confidence: 'File Transfer',File Transfer,0.0
EVT-000358,results/realtime/predictions.csv,False,Non-numeric class string in confidence: 'File Transfer',File Transfer,0.0
EVT-000359,results/realtime/predictions.csv,False,Non-numeric class string in confidence: 'File Transfer',File Transfer,0.0
EVT-000360,results/realtime/predictions.csv,False,Non-numeric class string in confidence: 'File Transfer',File Transfer,0.0
EVT-000361,results/realtime/predictions.csv,False,Non-numeric class string in confidence: 'VoIP',VoIP,0.0
EVT-000362,results/realtime/predictions.csv,False,Non-numeric class string in confidence: 'VoIP',VoIP,0.0
EVT-000363,results/realtime/predictions.csv,False,Non-numeric class string in confidence: 'Video',Video,0.0
EVT-000364,results/realtime/predictions.csv,False,Non-numeric class string in confidence: 'Video',Video,0.0
EVT-000365,results/realtime/predictions.csv,False,Non-numeric class string in confidence: 'VoIP',VoIP,0.0
EVT-000366,results/realtime/predictions.csv,False,Non-numeric class string in confidence: 'Video',Video,0.0
EVT-000367,results/realtime/predictions.csv,False,Non-numeric class string in confidence: 'Video',Video,0.0
EVT-000368,results/realtime/predictions.csv,False,Non-numeric class string in confidence: 'Video',Video,0.0
EVT-000369,results/realtime/predictions.csv,False,Non-numeric class string in confidence: 'File Transfer',File Transfer,0.0
EVT-000370,results/realtime/predictions.csv,False,Non-numeric class string in confidence: 'Web',Web,0.0
EVT-000371,results/realtime/predictions.csv,False,Non-numeric class string in confidence: 'Messaging',Messaging,0.0
EVT-000372,results/realtime/predictions.csv,False,Non-numeric class string in confidence: 'File Transfer',File Transfer,0.0
EVT-000373,results/realtime/predictions.csv,False,Non-numeric class string in confidence: 'File Transfer',File Transfer,0.0
EVT-000374,results/realtime/predictions.csv,False,Non-numeric class string in confidence: 'File Transfer',File Transfer,0.0
EVT-000375,results/realtime/predictions.csv,False,Non-numeric class string in confidence: 'Video',Video,0.0
EVT-000376,results/realtime/predictions.csv,False,Non-numeric class string in confidence: 'Other',Other,0.0
EVT-000377,results/realtime/predictions.csv,False,Non-numeric class string in confidence: 'Other',Other,0.0
EVT-000378,results/realtime/predictions.csv,False,Non-numeric class string in confidence: 'File Transfer',File Transfer,0.0
EVT-000379,results/realtime/predictions.csv,False,Non-numeric class string in confidence: 'File Transfer',File Transfer,0.0
EVT-000380,results/realtime/predictions.csv,False,Non-numeric class string in confidence: 'Web',Web,0.0
EVT-000381,results/realtime/predictions.csv,False,Non-numeric class string in confidence: 'Other',Other,0.0
EVT-000382,results/realtime/predictions.csv,False,Non-numeric class string in confidence: 'Video',Video,0.0
EVT-000383,results/realtime/predictions.csv,False,Non-numeric class string in confidence: 'Other',Other,0.0
EVT-000384,results/realtime/predictions.csv,False,Non-numeric class string in confidence: 'Video',Video,0.0
EVT-000385,results/realtime/predictions.csv,False,Non-numeric class string in confidence: 'Video',Video,0.0
EVT-000386,results/realtime/predictions.csv,False,Non-numeric class string in confidence: 'Video',Video,0.0
EVT-000387,results/realtime/predictions.csv,False,Non-numeric class string in confidence: 'Other',Other,0.0
EVT-000388,results/realtime/predictions.csv,False,Non-numeric class string in confidence: 'Video',Video,0.0
EVT-000389,results/realtime/predictions.csv,False,Non-numeric class string in confidence: 'Web',Web,0.0
EVT-000390,results/realtime/predictions.csv,False,Non-numeric class string in confidence: 'File Transfer',File Transfer,0.0
EVT-000391,results/realtime/predictions.csv,False,Non-numeric class string in confidence: 'File Transfer',File Transfer,0.0
EVT-000392,results/realtime/predictions.csv,False,Non-numeric class string in confidence: 'Web',Web,0.0
EVT-000393,results/realtime/predictions.csv,False,Non-numeric class string in confidence: 'File Transfer',File Transfer,0.0
EVT-000394,results/realtime/predictions.csv,False,Non-numeric class string in confidence: 'Web',Web,0.0
EVT-000395,results/realtime/predictions.csv,False,Non-numeric class string in confidence: 'Web',Web,0.0
EVT-000396,results/realtime/predictions.csv,False,Non-numeric class string in confidence: 'File Transfer',File Transfer,0.0
EVT-000397,results/realtime/predictions.csv,False,Non-numeric class string in confidence: 'Video',Video,0.0
EVT-000398,results/realtime/predictions.csv,False,Non-numeric class string in confidence: 'Video',Video,0.0
EVT-000399,results/realtime/predictions.csv,False,Non-numeric class string in confidence: 'Other',Other,0.0
EVT-000400,results/realtime/predictions.csv,False,Non-numeric class string in confidence: 'File Transfer',File Transfer,0.0
EVT-000401,results/realtime/predictions.csv,False,Non-numeric class string in confidence: 'Messaging',Messaging,0.0
EVT-000402,results/realtime/predictions.csv,False,Non-numeric class string in confidence: 'Messaging',Messaging,0.0
EVT-000403,results/realtime/predictions.csv,False,Non-numeric class string in confidence: 'Web',Web,0.0
EVT-000404,results/realtime/predictions.csv,False,Non-numeric class string in confidence: 'Video',Video,0.0
EVT-000405,results/realtime/predictions.csv,False,Non-numeric class string in confidence: 'Video',Video,0.0
EVT-000406,results/realtime/predictions.csv,False,Non-numeric class string in confidence: 'File Transfer',File Transfer,0.0
EVT-000407,results/realtime/predictions.csv,False,Non-numeric class string in confidence: 'File Transfer',File Transfer,0.0
EVT-000408,results/realtime/predictions.csv,False,Non-numeric class string in confidence: 'VoIP',VoIP,0.0
EVT-000409,results/realtime/predictions.csv,False,Non-numeric class string in confidence: 'Messaging',Messaging,0.0
EVT-000410,results/realtime/predictions.csv,False,Non-numeric class string in confidence: 'VoIP',VoIP,0.0
EVT-000411,results/realtime/predictions.csv,False,Non-numeric class string in confidence: 'VoIP',VoIP,0.0
EVT-000412,results/realtime/predictions.csv,False,Non-numeric class string in confidence: 'VoIP',VoIP,0.0
EVT-000413,results/realtime/predictions.csv,False,Non-numeric class string in confidence: 'VoIP',VoIP,0.0
EVT-000414,results/realtime/predictions.csv,False,Non-numeric class string in confidence: 'Messaging',Messaging,0.0
EVT-000415,results/realtime/predictions.csv,False,Non-numeric class string in confidence: 'Messaging',Messaging,0.0
EVT-000416,results/realtime/predictions.csv,False,Non-numeric class string in confidence: 'VoIP',VoIP,0.0
EVT-000417,results/realtime/predictions.csv,False,Non-numeric class string in confidence: 'VoIP',VoIP,0.0
EVT-000418,results/realtime/predictions.csv,False,Non-numeric class string in confidence: 'Other',Other,0.0
EVT-000419,results/realtime/predictions.csv,False,Non-numeric class string in confidence: 'Other',Other,0.0
EVT-000420,results/realtime/predictions.csv,False,Non-numeric class string in confidence: 'Other',Other,0.0
EVT-000421,results/realtime/predictions.csv,False,Non-numeric class string in confidence: 'Other',Other,0.0
EVT-000422,results/realtime/predictions.csv,False,Non-numeric class string in confidence: 'Other',Other,0.0
EVT-000423,results/realtime/predictions.csv,False,Non-numeric class string in confidence: 'Other',Other,0.0
EVT-000424,results/realtime/predictions.csv,False,Non-numeric class string in confidence: 'File Transfer',File Transfer,0.0
EVT-000425,results/realtime/predictions.csv,False,Non-numeric class string in confidence: 'VoIP',VoIP,0.0
EVT-000426,results/realtime/predictions.csv,False,Non-numeric class string in confidence: 'VoIP',VoIP,0.0
EVT-000427,results/realtime/predictions.csv,False,Non-numeric class string in confidence: 'VoIP',VoIP,0.0
EVT-000428,results/realtime/predictions.csv,False,Non-numeric class string in confidence: 'VoIP',VoIP,0.0
EVT-000429,results/realtime/predictions.csv,False,Non-numeric class string in confidence: 'Video',Video,0.0
EVT-000430,results/realtime/predictions.csv,False,Non-numeric class string in confidence: 'Messaging',Messaging,0.0
EVT-000431,results/realtime/predictions.csv,False,Non-numeric class string in confidence: 'Other',Other,0.0
EVT-000432,results/realtime/predictions.csv,False,Non-numeric class string in confidence: 'Other',Other,0.0
EVT-000433,results/realtime/predictions.csv,False,Non-numeric class string in confidence: 'Messaging',Messaging,0.0
EVT-000434,results/realtime/predictions.csv,False,Non-numeric class string in confidence: 'Other',Other,0.0
EVT-000435,results/realtime/predictions.csv,False,Non-numeric class string in confidence: 'Messaging',Messaging,0.0
EVT-000436,results/realtime/predictions.csv,False,Non-numeric class string in confidence: 'Messaging',Messaging,0.0
EVT-000437,results/realtime/predictions.csv,False,Non-numeric class string in confidence: 'Messaging',Messaging,0.0
EVT-000438,results/realtime/predictions.csv,False,Non-numeric class string in confidence: 'Messaging',Messaging,0.0
EVT-000439,results/realtime/predictions.csv,False,Non-numeric class string in confidence: 'Messaging',Messaging,0.0
EVT-000440,results/realtime/predictions.csv,False,Non-numeric class string in confidence: 'Messaging',Messaging,0.0
EVT-000441,results/realtime/predictions.csv,False,Non-numeric class string in confidence: 'Messaging',Messaging,0.0
EVT-000442,results/realtime/predictions.csv,False,Non-numeric class string in confidence: 'Messaging',Messaging,0.0
EVT-000443,results/realtime/predictions.csv,False,Non-numeric class string in confidence: 'Messaging',Messaging,0.0
EVT-000444,results/realtime/predictions.csv,False,Non-numeric class string in confidence: 'Messaging',Messaging,0.0
EVT-000445,results/realtime/predictions.csv,False,Non-numeric class string in confidence: 'File Transfer',File Transfer,0.0
EVT-000446,results/realtime/predictions.csv,False,Non-numeric class string in confidence: 'File Transfer',File Transfer,0.0
EVT-000447,results/realtime/predictions.csv,False,Non-numeric class string in confidence: 'File Transfer',File Transfer,0.0
EVT-000448,results/realtime/predictions.csv,False,Non-numeric class string in confidence: 'File Transfer',File Transfer,0.0
EVT-000449,results/realtime/predictions.csv,False,Non-numeric class string in confidence: 'File Transfer',File Transfer,0.0
EVT-000450,results/realtime/predictions.csv,False,Non-numeric class string in confidence: 'VoIP',VoIP,0.0
EVT-000451,results/realtime/predictions.csv,False,Non-numeric class string in confidence: 'VoIP',VoIP,0.0
EVT-000452,results/realtime/predictions.csv,False,Non-numeric class string in confidence: 'Other',Other,0.0
EVT-000453,results/realtime/predictions.csv,False,Non-numeric class string in confidence: 'Other',Other,0.0
EVT-000454,results/realtime/predictions.csv,False,Non-numeric class string in confidence: 'Other',Other,0.0
EVT-000455,results/realtime/predictions.csv,False,Non-numeric class string in confidence: 'Messaging',Messaging,0.0
EVT-000456,results/realtime/predictions.csv,False,Non-numeric class string in confidence: 'Messaging',Messaging,0.0
EVT-000457,results/realtime/predictions.csv,False,Non-numeric class string in confidence: 'Other',Other,0.0
EVT-000458,results/realtime/predictions.csv,False,Non-numeric class string in confidence: 'Messaging',Messaging,0.0
EVT-000459,results/realtime/predictions.csv,False,Non-numeric class string in confidence: 'Messaging',Messaging,0.0
EVT-000460,results/realtime/predictions.csv,False,Non-numeric class string in confidence: 'Messaging',Messaging,0.0
EVT-000461,results/realtime/predictions.csv,False,Non-numeric class string in confidence: 'Messaging',Messaging,0.0
EVT-000462,results/realtime/predictions.csv,False,Non-numeric class string in confidence: 'Messaging',Messaging,0.0
EVT-000463,results/realtime/predictions.csv,False,Non-numeric class string in confidence: 'Messaging',Messaging,0.0
EVT-000464,results/realtime/predictions.csv,False,Non-numeric class string in confidence: 'Messaging',Messaging,0.0
EVT-000465,results/realtime/predictions.csv,False,Non-numeric class string in confidence: 'Messaging',Messaging,0.0
EVT-000466,results/realtime/predictions.csv,False,Non-numeric class string in confidence: 'Web',Web,0.0
EVT-000467,results/realtime/predictions.csv,False,Non-numeric class string in confidence: 'File Transfer',File Transfer,0.0
EVT-000468,results/realtime/predictions.csv,False,Non-numeric class string in confidence: 'File Transfer',File Transfer,0.0
EVT-000469,results/realtime/predictions.csv,False,Non-numeric class string in confidence: 'File Transfer',File Transfer,0.0
EVT-000470,results/realtime/predictions.csv,False,Non-numeric class string in confidence: 'File Transfer',File Transfer,0.0
EVT-000471,results/realtime/predictions.csv,False,Non-numeric class string in confidence: 'VoIP',VoIP,0.0
EVT-000472,results/realtime/predictions.csv,False,Non-numeric class string in confidence: 'VoIP',VoIP,0.0
EVT-000473,results/realtime/predictions.csv,False,Non-numeric class string in confidence: 'VoIP',VoIP,0.0
EVT-000474,results/realtime/predictions.csv,False,Non-numeric class string in confidence: 'Web',Web,0.0
EVT-000475,results/realtime/predictions.csv,False,Non-numeric class string in confidence: 'VoIP',VoIP,0.0
EVT-000476,results/realtime/predictions.csv,False,Non-numeric class string in confidence: 'Video',Video,0.0
EVT-000477,results/realtime/predictions.csv,False,Non-numeric class string in confidence: 'File Transfer',File Transfer,0.0
EVT-000478,results/realtime/predictions.csv,False,Non-numeric class string in confidence: 'File Transfer',File Transfer,0.0
EVT-000479,results/realtime/predictions.csv,False,Non-numeric class string in confidence: 'Other',Other,0.0
EVT-000480,results/realtime/predictions.csv,False,Non-numeric class string in confidence: 'File Transfer',File Transfer,0.0
EVT-000481,results/realtime/predictions.csv,False,Non-numeric class string in confidence: 'File Transfer',File Transfer,0.0
EVT-000482,results/realtime/predictions.csv,False,Non-numeric class string in confidence: 'File Transfer',File Transfer,0.0
EVT-000483,results/realtime/predictions.csv,False,Non-numeric class string in confidence: 'File Transfer',File Transfer,0.0
EVT-000484,results/realtime/predictions.csv,False,Non-numeric class string in confidence: 'File Transfer',File Transfer,0.0
EVT-000485,results/realtime/predictions.csv,False,Non-numeric class string in confidence: 'Video',Video,0.0
EVT-000486,results/realtime/predictions.csv,False,Non-numeric class string in confidence: 'File Transfer',File Transfer,0.0
EVT-000487,results/realtime/predictions.csv,False,Non-numeric class string in confidence: 'File Transfer',File Transfer,0.0
EVT-000488,results/realtime/predictions.csv,False,Non-numeric class string in confidence: 'File Transfer',File Transfer,0.0
EVT-000489,results/realtime/predictions.csv,False,Non-numeric class string in confidence: 'Video',Video,0.0
EVT-000490,results/realtime/predictions.csv,False,Non-numeric class string in confidence: 'File Transfer',File Transfer,0.0
EVT-000491,results/realtime/predictions.csv,False,Non-numeric class string in confidence: 'File Transfer',File Transfer,0.0
EVT-000492,results/realtime/predictions.csv,False,Non-numeric class string in confidence: 'File Transfer',File Transfer,0.0
EVT-000493,results/realtime/predictions.csv,False,Non-numeric class string in confidence: 'Video',Video,0.0
EVT-000494,results/realtime/predictions.csv,False,Non-numeric class string in confidence: 'Video',Video,0.0
EVT-000495,results/realtime/predictions.csv,False,Non-numeric class string in confidence: 'Video',Video,0.0
EVT-000496,results/realtime/predictions.csv,False,Non-numeric class string in confidence: 'File Transfer',File Transfer,0.0
EVT-000497,results/realtime/predictions.csv,False,Non-numeric class string in confidence: 'Video',Video,0.0
EVT-000498,results/realtime/predictions.csv,False,Non-numeric class string in confidence: 'File Transfer',File Transfer,0.0
EVT-000499,results/realtime/predictions.csv,False,Non-numeric class string in confidence: 'Video',Video,0.0
EVT-000500,results/realtime/predictions.csv,False,Non-numeric class string in confidence: 'Video',Video,0.0
EVT-000501,results/realtime/predictions.csv,False,Non-numeric class string in confidence: 'Web',Web,0.0
EVT-000502,results/realtime/predictions.csv,False,Non-numeric class string in confidence: 'Video',Video,0.0
EVT-000503,results/realtime/predictions.csv,False,Non-numeric class string in confidence: 'Web',Web,0.0
EVT-000504,results/realtime/predictions.csv,False,Non-numeric class string in confidence: 'Web',Web,0.0
EVT-000505,results/realtime/predictions.csv,False,Non-numeric class string in confidence: 'Web',Web,0.0
EVT-000506,results/realtime/predictions.csv,False,Non-numeric class string in confidence: 'Web',Web,0.0
EVT-000507,results/realtime/predictions.csv,False,Non-numeric class string in confidence: 'Other',Other,0.0
EVT-000508,results/realtime/predictions.csv,False,Non-numeric class string in confidence: 'File Transfer',File Transfer,0.0
EVT-000509,results/realtime/predictions.csv,False,Non-numeric class string in confidence: 'File Transfer',File Transfer,0.0
EVT-000510,results/realtime/predictions.csv,False,Non-numeric class string in confidence: 'Other',Other,0.0
EVT-000511,results/realtime/predictions.csv,False,Non-numeric class string in confidence: 'File Transfer',File Transfer,0.0
EVT-000512,results/realtime/predictions.csv,False,Non-numeric class string in confidence: 'Other',Other,0.0
EVT-000513,results/realtime/predictions.csv,False,Non-numeric class string in confidence: 'File Transfer',File Transfer,0.0
EVT-000514,results/realtime/predictions.csv,False,Non-numeric class string in confidence: 'Other',Other,0.0
EVT-000515,results/realtime/predictions.csv,False,Non-numeric class string in confidence: 'Other',Other,0.0
EVT-000516,results/realtime/predictions.csv,False,Non-numeric class string in confidence: 'File Transfer',File Transfer,0.0
EVT-000517,results/realtime/predictions.csv,False,Non-numeric class string in confidence: 'Other',Other,0.0
EVT-000518,results/realtime/predictions.csv,False,Non-numeric class string in confidence: 'File Transfer',File Transfer,0.0
EVT-000519,results/realtime/predictions.csv,False,Non-numeric class string in confidence: 'Other',Other,0.0
EVT-000520,results/realtime/predictions.csv,False,Non-numeric class string in confidence: 'Other',Other,0.0
EVT-000521,results/realtime/predictions.csv,False,Non-numeric class string in confidence: 'Other',Other,0.0
EVT-000522,results/realtime/predictions.csv,False,Non-numeric class string in confidence: 'Other',Other,0.0
EVT-000523,results/realtime/predictions.csv,False,Non-numeric class string in confidence: 'Other',Other,0.0
EVT-000524,results/realtime/predictions.csv,False,Non-numeric class string in confidence: 'Other',Other,0.0
EVT-000525,results/realtime/predictions.csv,False,Non-numeric class string in confidence: 'Video',Video,0.0
EVT-000526,results/realtime/predictions.csv,False,Non-numeric class string in confidence: 'VoIP',VoIP,0.0
EVT-000527,results/realtime/predictions.csv,False,Non-numeric class string in confidence: 'VoIP',VoIP,0.0
EVT-000528,results/realtime/predictions.csv,False,Non-numeric class string in confidence: 'Web',Web,0.0
EVT-000529,results/realtime/predictions.csv,False,Non-numeric class string in confidence: 'Web',Web,0.0
EVT-000530,results/realtime/predictions.csv,False,Non-numeric class string in confidence: 'File Transfer',File Transfer,0.0
EVT-000531,results/realtime/predictions.csv,False,Non-numeric class string in confidence: 'File Transfer',File Transfer,0.0
EVT-000532,results/realtime/predictions.csv,False,Non-numeric class string in confidence: 'File Transfer',File Transfer,0.0
EVT-000533,results/realtime/predictions.csv,False,Non-numeric class string in confidence: 'Messaging',Messaging,0.0
EVT-000534,results/realtime/predictions.csv,False,Non-numeric class string in confidence: 'File Transfer',File Transfer,0.0
EVT-000535,results/realtime/predictions.csv,False,Non-numeric class string in confidence: 'File Transfer',File Transfer,0.0
EVT-000536,results/realtime/predictions.csv,False,Non-numeric class string in confidence: 'File Transfer',File Transfer,0.0
EVT-000537,results/realtime/predictions.csv,False,Non-numeric class string in confidence: 'Messaging',Messaging,0.0
EVT-000538,results/realtime/predictions.csv,False,Non-numeric class string in confidence: 'Messaging',Messaging,0.0
EVT-000539,results/realtime/predictions.csv,False,Non-numeric class string in confidence: 'Other',Other,0.0
EVT-000540,results/realtime/predictions.csv,False,Non-numeric class string in confidence: 'Other',Other,0.0
EVT-000541,results/realtime/predictions.csv,False,Non-numeric class string in confidence: 'Other',Other,0.0
EVT-000542,results/realtime/predictions.csv,False,Non-numeric class string in confidence: 'Other',Other,0.0
EVT-000543,results/realtime/predictions.csv,False,Non-numeric class string in confidence: 'Other',Other,0.0
EVT-000544,results/realtime/predictions.csv,False,Non-numeric class string in confidence: 'Other',Other,0.0
EVT-000545,results/realtime/predictions.csv,False,Non-numeric class string in confidence: 'Other',Other,0.0
EVT-000546,results/realtime/predictions.csv,False,Non-numeric class string in confidence: 'Other',Other,0.0
EVT-000547,results/realtime/predictions.csv,False,Non-numeric class string in confidence: 'Other',Other,0.0
EVT-000548,results/realtime/predictions.csv,False,Non-numeric class string in confidence: 'Video',Video,0.0
EVT-000549,results/realtime/predictions.csv,False,Non-numeric class string in confidence: 'Other',Other,0.0
EVT-000550,results/realtime/predictions.csv,False,Non-numeric class string in confidence: 'Video',Video,0.0
EVT-000551,results/realtime/predictions.csv,False,Non-numeric class string in confidence: 'Other',Other,0.0
EVT-000552,results/realtime/predictions.csv,False,Non-numeric class string in confidence: 'Video',Video,0.0
EVT-000553,results/realtime/predictions.csv,False,Non-numeric class string in confidence: 'Web',Web,0.0
EVT-000554,results/realtime/predictions.csv,False,Non-numeric class string in confidence: 'Web',Web,0.0
EVT-000555,results/realtime/predictions.csv,False,Non-numeric class string in confidence: 'File Transfer',File Transfer,0.0
EVT-000556,results/realtime/predictions.csv,False,Non-numeric class string in confidence: 'File Transfer',File Transfer,0.0
EVT-000557,results/realtime/predictions.csv,False,Non-numeric class string in confidence: 'File Transfer',File Transfer,0.0
EVT-000558,results/realtime/predictions.csv,False,Non-numeric class string in confidence: 'File Transfer',File Transfer,0.0
EVT-000559,results/realtime/predictions.csv,False,Non-numeric class string in confidence: 'File Transfer',File Transfer,0.0
EVT-000560,results/realtime/predictions.csv,False,Non-numeric class string in confidence: 'File Transfer',File Transfer,0.0
EVT-000561,results/realtime/predictions.csv,False,Non-numeric class string in confidence: 'File Transfer',File Transfer,0.0
EVT-000562,results/realtime/predictions.csv,False,Non-numeric class string in confidence: 'Messaging',Messaging,0.0
EVT-000563,results/realtime/predictions.csv,False,Non-numeric class string in confidence: 'Messaging',Messaging,0.0
EVT-000564,results/realtime/predictions.csv,False,Non-numeric class string in confidence: 'Messaging',Messaging,0.0
EVT-000565,results/realtime/predictions.csv,False,Non-numeric class string in confidence: 'Messaging',Messaging,0.0
EVT-000566,results/realtime/predictions.csv,False,Non-numeric class string in confidence: 'Messaging',Messaging,0.0
EVT-000567,results/realtime/predictions.csv,False,Non-numeric class string in confidence: 'Messaging',Messaging,0.0
EVT-000568,results/realtime/predictions.csv,False,Non-numeric class string in confidence: 'Other',Other,0.0
EVT-000569,results/realtime/predictions.csv,False,Non-numeric class string in confidence: 'Other',Other,0.0
EVT-000570,results/realtime/predictions.csv,False,Non-numeric class string in confidence: 'Other',Other,0.0
EVT-000571,results/realtime/predictions.csv,False,Non-numeric class string in confidence: 'Other',Other,0.0
EVT-000572,results/realtime/predictions.csv,False,Non-numeric class string in confidence: 'Other',Other,0.0
EVT-000573,results/realtime/predictions.csv,False,Non-numeric class string in confidence: 'Other',Other,0.0
EVT-000574,results/realtime/predictions.csv,False,Non-numeric class string in confidence: 'Video',Video,0.0
EVT-000575,results/realtime/predictions.csv,False,Non-numeric class string in confidence: 'VoIP',VoIP,0.0
EVT-000576,results/realtime/predictions.csv,False,Non-numeric class string in confidence: 'Other',Other,0.0
EVT-000577,results/realtime/predictions.csv,False,Non-numeric class string in confidence: 'VoIP',VoIP,0.0
EVT-000578,results/realtime/predictions.csv,False,Non-numeric class string in confidence: 'Web',Web,0.0
EVT-000579,results/realtime/predictions.csv,False,Non-numeric class string in confidence: 'File Transfer',File Transfer,0.0
EVT-000580,results/realtime/predictions.csv,False,Non-numeric class string in confidence: 'Web',Web,0.0
EVT-000581,results/realtime/predictions.csv,False,Non-numeric class string in confidence: 'Web',Web,0.0
EVT-000582,results/realtime/predictions.csv,False,Non-numeric class string in confidence: 'Web',Web,0.0
EVT-000583,results/realtime/predictions.csv,False,Non-numeric class string in confidence: 'File Transfer',File Transfer,0.0
EVT-000584,results/realtime/predictions.csv,False,Non-numeric class string in confidence: 'File Transfer',File Transfer,0.0
EVT-000585,results/realtime/predictions.csv,False,Non-numeric class string in confidence: 'File Transfer',File Transfer,0.0
EVT-000586,results/realtime/predictions.csv,False,Non-numeric class string in confidence: 'File Transfer',File Transfer,0.0
EVT-000587,results/realtime/predictions.csv,False,Non-numeric class string in confidence: 'File Transfer',File Transfer,0.0
EVT-000588,results/realtime/predictions.csv,False,Non-numeric class string in confidence: 'File Transfer',File Transfer,0.0
EVT-000589,results/realtime/predictions.csv,False,Non-numeric class string in confidence: 'Other',Other,0.0
EVT-000590,results/realtime/predictions.csv,False,Non-numeric class string in confidence: 'Other',Other,0.0
EVT-000591,results/realtime/predictions.csv,False,Non-numeric class string in confidence: 'Messaging',Messaging,0.0
EVT-000592,results/realtime/predictions.csv,False,Non-numeric class string in confidence: 'Other',Other,0.0
EVT-000593,results/realtime/predictions.csv,False,Non-numeric class string in confidence: 'Other',Other,0.0
EVT-000594,results/realtime/predictions.csv,False,Non-numeric class string in confidence: 'File Transfer',File Transfer,0.0
EVT-000595,results/realtime/predictions.csv,False,Non-numeric class string in confidence: 'Other',Other,0.0
EVT-000596,results/realtime/predictions.csv,False,Non-numeric class string in confidence: 'Other',Other,0.0
EVT-000597,results/realtime/predictions.csv,False,Non-numeric class string in confidence: 'Other',Other,0.0
EVT-000598,results/realtime/predictions.csv,False,Non-numeric class string in confidence: 'Video',Video,0.0
EVT-000599,results/realtime/predictions.csv,False,Non-numeric class string in confidence: 'Video',Video,0.0
EVT-000600,results/realtime/predictions.csv,False,Non-numeric class string in confidence: 'Web',Web,0.0
EVT-000601,results/realtime/predictions.csv,False,Non-numeric class string in confidence: 'Messaging',Messaging,0.0
EVT-000602,results/realtime/predictions.csv,False,Non-numeric class string in confidence: 'Video',Video,0.0
EVT-000603,results/realtime/predictions.csv,False,Non-numeric class string in confidence: 'File Transfer',File Transfer,0.0
EVT-000604,results/realtime/predictions.csv,False,Non-numeric class string in confidence: 'File Transfer',File Transfer,0.0
EVT-000605,results/realtime/predictions.csv,False,Non-numeric class string in confidence: 'File Transfer',File Transfer,0.0
EVT-000606,results/realtime/predictions.csv,False,Non-numeric class string in confidence: 'File Transfer',File Transfer,0.0
EVT-000607,results/realtime/predictions.csv,False,Non-numeric class string in confidence: 'File Transfer',File Transfer,0.0
EVT-000608,results/realtime/predictions.csv,False,Non-numeric class string in confidence: 'File Transfer',File Transfer,0.0
EVT-000609,results/realtime/predictions.csv,False,Non-numeric class string in confidence: 'File Transfer',File Transfer,0.0
EVT-000610,results/realtime/predictions.csv,False,Non-numeric class string in confidence: 'File Transfer',File Transfer,0.0
EVT-000611,results/realtime/predictions.csv,False,Non-numeric class string in confidence: 'File Transfer',File Transfer,0.0
EVT-000612,results/realtime/predictions.csv,False,Non-numeric class string in confidence: 'File Transfer',File Transfer,0.0
EVT-000613,results/realtime/predictions.csv,False,Non-numeric class string in confidence: 'Messaging',Messaging,0.0
EVT-000614,results/realtime/predictions.csv,False,Non-numeric class string in confidence: 'Other',Other,0.0
EVT-000615,results/realtime/predictions.csv,False,Non-numeric class string in confidence: 'Messaging',Messaging,0.0
EVT-000616,results/realtime/predictions.csv,False,Non-numeric class string in confidence: 'Web',Web,0.0
EVT-000617,results/realtime/predictions.csv,False,Non-numeric class string in confidence: 'Other',Other,0.0
EVT-000618,results/realtime/predictions.csv,False,Non-numeric class string in confidence: 'Messaging',Messaging,0.0
EVT-000619,results/realtime/predictions.csv,False,Non-numeric class string in confidence: 'Messaging',Messaging,0.0
EVT-000620,results/realtime/predictions.csv,False,Non-numeric class string in confidence: 'Messaging',Messaging,0.0
EVT-000621,results/realtime/predictions.csv,False,Non-numeric class string in confidence: 'Messaging',Messaging,0.0
EVT-000622,results/realtime/predictions.csv,False,Non-numeric class string in confidence: 'Video',Video,0.0
EVT-000623,results/realtime/predictions.csv,False,Non-numeric class string in confidence: 'Video',Video,0.0
EVT-000624,results/realtime/predictions.csv,False,Non-numeric class string in confidence: 'Web',Web,0.0
EVT-000625,results/realtime/predictions.csv,False,Non-numeric class string in confidence: 'VoIP',VoIP,0.0
EVT-000626,results/realtime/predictions.csv,False,Non-numeric class string in confidence: 'Other',Other,0.0
EVT-000627,results/realtime/predictions.csv,False,Non-numeric class string in confidence: 'Other',Other,0.0
EVT-000628,results/realtime/predictions.csv,False,Non-numeric class string in confidence: 'File Transfer',File Transfer,0.0
EVT-000629,results/realtime/predictions.csv,False,Non-numeric class string in confidence: 'Web',Web,0.0
EVT-000630,results/realtime/predictions.csv,False,Non-numeric class string in confidence: 'Web',Web,0.0
EVT-000631,results/realtime/predictions.csv,False,Non-numeric class string in confidence: 'Web',Web,0.0
EVT-000632,results/realtime/predictions.csv,False,Non-numeric class string in confidence: 'Messaging',Messaging,0.0
EVT-000633,results/realtime/predictions.csv,False,Non-numeric class string in confidence: 'VoIP',VoIP,0.0
EVT-000634,results/realtime/predictions.csv,False,Non-numeric class string in confidence: 'VoIP',VoIP,0.0
EVT-000635,results/realtime/predictions.csv,False,Non-numeric class string in confidence: 'Messaging',Messaging,0.0
EVT-000636,results/realtime/predictions.csv,False,Non-numeric class string in confidence: 'Messaging',Messaging,0.0
EVT-000637,results/realtime/predictions.csv,False,Non-numeric class string in confidence: 'Messaging',Messaging,0.0
EVT-000638,results/realtime/predictions.csv,False,Non-numeric class string in confidence: 'VoIP',VoIP,0.0
EVT-000639,results/realtime/predictions.csv,False,Non-numeric class string in confidence: 'Messaging',Messaging,0.0
EVT-000640,results/realtime/predictions.csv,False,Non-numeric class string in confidence: 'File Transfer',File Transfer,0.0
EVT-000641,results/realtime/predictions.csv,False,Non-numeric class string in confidence: 'File Transfer',File Transfer,0.0
EVT-000642,results/realtime/predictions.csv,False,Non-numeric class string in confidence: 'File Transfer',File Transfer,0.0
EVT-000643,results/realtime/predictions.csv,False,Non-numeric class string in confidence: 'Video',Video,0.0
EVT-000644,results/realtime/predictions.csv,False,Non-numeric class string in confidence: 'File Transfer',File Transfer,0.0
EVT-000645,results/realtime/predictions.csv,False,Non-numeric class string in confidence: 'Other',Other,0.0
EVT-000646,results/realtime/predictions.csv,False,Non-numeric class string in confidence: 'Other',Other,0.0
EVT-000647,results/realtime/predictions.csv,False,Non-numeric class string in confidence: 'Other',Other,0.0
EVT-000648,results/realtime/predictions.csv,False,Non-numeric class string in confidence: 'VoIP',VoIP,0.0
EVT-000649,results/realtime/predictions.csv,False,Non-numeric class string in confidence: 'VoIP',VoIP,0.0
EVT-000650,results/realtime/predictions.csv,False,Non-numeric class string in confidence: 'File Transfer',File Transfer,0.0
EVT-000651,results/realtime/predictions.csv,False,Non-numeric class string in confidence: 'Other',Other,0.0
EVT-000652,results/realtime/predictions.csv,False,Non-numeric class string in confidence: 'Other',Other,0.0
EVT-000653,results/realtime/predictions.csv,False,Non-numeric class string in confidence: 'Web',Web,0.0
EVT-000654,results/realtime/predictions.csv,False,Non-numeric class string in confidence: 'Web',Web,0.0
EVT-000655,results/realtime/predictions.csv,False,Non-numeric class string in confidence: 'Video',Video,0.0
EVT-000656,results/realtime/predictions.csv,False,Non-numeric class string in confidence: 'Video',Video,0.0
EVT-000657,results/realtime/predictions.csv,False,Non-numeric class string in confidence: 'Messaging',Messaging,0.0
EVT-000658,results/realtime/predictions.csv,False,Non-numeric class string in confidence: 'Video',Video,0.0
EVT-000659,results/realtime/predictions.csv,False,Non-numeric class string in confidence: 'Video',Video,0.0
EVT-000660,results/realtime/predictions.csv,False,Non-numeric class string in confidence: 'Web',Web,0.0
EVT-000661,results/realtime/predictions.csv,False,Non-numeric class string in confidence: 'Web',Web,0.0
EVT-000662,results/realtime/predictions.csv,False,Non-numeric class string in confidence: 'Video',Video,0.0
EVT-000663,results/realtime/predictions.csv,False,Non-numeric class string in confidence: 'Web',Web,0.0
EVT-000664,results/realtime/predictions.csv,False,Non-numeric class string in confidence: 'Video',Video,0.0
EVT-000665,results/realtime/predictions.csv,False,Non-numeric class string in confidence: 'Web',Web,0.0
EVT-000666,results/realtime/predictions.csv,False,Non-numeric class string in confidence: 'Video',Video,0.0
EVT-000667,results/realtime/predictions.csv,False,Non-numeric class string in confidence: 'Web',Web,0.0
EVT-000668,results/realtime/predictions.csv,False,Non-numeric class string in confidence: 'Web',Web,0.0
EVT-000669,results/realtime/predictions.csv,False,Non-numeric class string in confidence: 'Messaging',Messaging,0.0
EVT-000670,results/realtime/predictions.csv,False,Non-numeric class string in confidence: 'Other',Other,0.0
EVT-000671,results/realtime/predictions.csv,False,Non-numeric class string in confidence: 'Other',Other,0.0
EVT-000672,results/realtime/predictions.csv,False,Non-numeric class string in confidence: 'VoIP',VoIP,0.0
EVT-000673,results/realtime/predictions.csv,False,Non-numeric class string in confidence: 'Other',Other,0.0
EVT-000674,results/realtime/predictions.csv,False,Non-numeric class string in confidence: 'Other',Other,0.0
EVT-000675,results/realtime/predictions.csv,False,Non-numeric class string in confidence: 'Web',Web,0.0
EVT-000676,results/realtime/predictions.csv,False,Non-numeric class string in confidence: 'Messaging',Messaging,0.0
EVT-000677,results/realtime/predictions.csv,False,Non-numeric class string in confidence: 'Web',Web,0.0
EVT-000678,results/realtime/predictions.csv,False,Non-numeric class string in confidence: 'VoIP',VoIP,0.0
EVT-000679,results/realtime/predictions.csv,False,Non-numeric class string in confidence: 'File Transfer',File Transfer,0.0
EVT-000680,results/realtime/predictions.csv,False,Non-numeric class string in confidence: 'Other',Other,0.0
EVT-000681,results/realtime/predictions.csv,False,Non-numeric class string in confidence: 'Video',Video,0.0
EVT-000682,results/realtime/predictions.csv,False,Non-numeric class string in confidence: 'VoIP',VoIP,0.0
EVT-000683,results/realtime/predictions.csv,False,Non-numeric class string in confidence: 'VoIP',VoIP,0.0
EVT-000684,results/realtime/predictions.csv,False,Non-numeric class string in confidence: 'Video',Video,0.0
EVT-000685,results/realtime/predictions.csv,False,Non-numeric class string in confidence: 'VoIP',VoIP,0.0
EVT-000686,results/realtime/predictions.csv,False,Non-numeric class string in confidence: 'Video',Video,0.0
EVT-000687,results/realtime/predictions.csv,False,Non-numeric class string in confidence: 'VoIP',VoIP,0.0
EVT-000688,results/realtime/predictions.csv,False,Non-numeric class string in confidence: 'Video',Video,0.0
EVT-000689,results/realtime/predictions.csv,False,Non-numeric class string in confidence: 'Messaging',Messaging,0.0
EVT-000690,results/realtime/predictions.csv,False,Non-numeric class string in confidence: 'Messaging',Messaging,0.0
EVT-000691,results/realtime/predictions.csv,False,Non-numeric class string in confidence: 'Messaging',Messaging,0.0
EVT-000692,results/realtime/predictions.csv,False,Non-numeric class string in confidence: 'Messaging',Messaging,0.0
EVT-000693,results/realtime/predictions.csv,False,Non-numeric class string in confidence: 'Messaging',Messaging,0.0
EVT-000694,results/realtime/predictions.csv,False,Non-numeric class string in confidence: 'Messaging',Messaging,0.0
EVT-000695,results/realtime/predictions.csv,False,Non-numeric class string in confidence: 'Messaging',Messaging,0.0
EVT-000696,results/realtime/predictions.csv,False,Non-numeric class string in confidence: 'Web',Web,0.0
EVT-000697,results/realtime/predictions.csv,False,Non-numeric class string in confidence: 'Messaging',Messaging,0.0
EVT-000698,results/realtime/predictions.csv,False,Non-numeric class string in confidence: 'File Transfer',File Transfer,0.0
EVT-000699,results/realtime/predictions.csv,False,Non-numeric class string in confidence: 'VoIP',VoIP,0.0
EVT-000700,results/realtime/predictions.csv,False,Non-numeric class string in confidence: 'VoIP',VoIP,0.0
EVT-000701,results/realtime/predictions.csv,False,Non-numeric class string in confidence: 'VoIP',VoIP,0.0
EVT-000702,results/realtime/predictions.csv,False,Non-numeric class string in confidence: 'Messaging',Messaging,0.0
EVT-000703,results/realtime/predictions.csv,False,Non-numeric class string in confidence: 'Video',Video,0.0
EVT-000704,results/realtime/predictions.csv,False,Non-numeric class string in confidence: 'Messaging',Messaging,0.0
EVT-000705,results/realtime/predictions.csv,False,Non-numeric class string in confidence: 'Video',Video,0.0
EVT-000706,results/realtime/predictions.csv,False,Non-numeric class string in confidence: 'VoIP',VoIP,0.0
EVT-000707,results/realtime/predictions.csv,False,Non-numeric class string in confidence: 'Video',Video,0.0
EVT-000708,results/realtime/predictions.csv,False,Non-numeric class string in confidence: 'Video',Video,0.0
EVT-000709,results/realtime/predictions.csv,False,Non-numeric class string in confidence: 'Video',Video,0.0
EVT-000710,results/realtime/predictions.csv,False,Non-numeric class string in confidence: 'VoIP',VoIP,0.0
EVT-000711,results/realtime/predictions.csv,False,Non-numeric class string in confidence: 'Video',Video,0.0
EVT-000712,results/realtime/predictions.csv,False,Non-numeric class string in confidence: 'File Transfer',File Transfer,0.0
EVT-000713,results/realtime/predictions.csv,False,Non-numeric class string in confidence: 'File Transfer',File Transfer,0.0
EVT-000714,results/realtime/predictions.csv,False,Non-numeric class string in confidence: 'File Transfer',File Transfer,0.0
EVT-000715,results/realtime/predictions.csv,False,Non-numeric class string in confidence: 'File Transfer',File Transfer,0.0
EVT-000716,results/realtime/predictions.csv,False,Non-numeric class string in confidence: 'File Transfer',File Transfer,0.0
EVT-000717,results/realtime/predictions.csv,False,Non-numeric class string in confidence: 'File Transfer',File Transfer,0.0
EVT-000718,results/realtime/predictions.csv,False,Non-numeric class string in confidence: 'File Transfer',File Transfer,0.0
EVT-000719,results/realtime/predictions.csv,False,Non-numeric class string in confidence: 'Video',Video,0.0
EVT-000720,results/realtime/predictions.csv,False,Non-numeric class string in confidence: 'Video',Video,0.0
EVT-000721,results/realtime/predictions.csv,False,Non-numeric class string in confidence: 'VoIP',VoIP,0.0
EVT-000722,results/realtime/predictions.csv,False,Non-numeric class string in confidence: 'File Transfer',File Transfer,0.0
EVT-000723,results/realtime/predictions.csv,False,Non-numeric class string in confidence: 'Video',Video,0.0
EVT-000724,results/realtime/predictions.csv,False,Non-numeric class string in confidence: 'Video',Video,0.0
EVT-000725,results/realtime/predictions.csv,False,Non-numeric class string in confidence: 'File Transfer',File Transfer,0.0
EVT-000001,results/realtime/predictions.csv,False,Non-numeric class string in confidence: 'Messaging',Messaging,0.0
EVT-000001,results/realtime/predictions.csv,False,Non-numeric class string in confidence: 'Messaging',Messaging,0.0
EVT-000001,results/realtime/predictions.csv,False,Non-numeric class string in confidence: 'Messaging',Messaging,0.0
EVT-000001,results/realtime/predictions.csv,False,Non-numeric class string in confidence: '—',—,0.0
EVT-000002,results/realtime/predictions.csv,False,Non-numeric class string in confidence: '—',—,0.0
EVT-000003,results/realtime/predictions.csv,False,Non-numeric class string in confidence: '—',—,0.0
EVT-000004,results/realtime/predictions.csv,False,Non-numeric class string in confidence: '—',—,0.0
EVT-000005,results/realtime/predictions.csv,False,Non-numeric class string in confidence: '—',—,0.0
EVT-000006,results/realtime/predictions.csv,False,Non-numeric class string in confidence: '—',—,0.0
EVT-000007,results/realtime/predictions.csv,False,Non-numeric class string in confidence: '—',—,0.0
EVT-000008,results/realtime/predictions.csv,False,Non-numeric class string in confidence: '—',—,0.0
EVT-000009,results/realtime/predictions.csv,False,Non-numeric class string in confidence: '—',—,0.0
EVT-000010,results/realtime/predictions.csv,False,Non-numeric class string in confidence: '—',—,0.0
EVT-000011,results/realtime/predictions.csv,False,Non-numeric class string in confidence: 'Web',Web,0.0
EVT-000012,results/realtime/predictions.csv,False,Non-numeric class string in confidence: 'Web',Web,0.0
EVT-000013,results/realtime/predictions.csv,False,Non-numeric class string in confidence: 'Web',Web,0.0
EVT-000014,results/realtime/predictions.csv,False,Non-numeric class string in confidence: 'Other',Other,0.0
EVT-000015,results/realtime/predictions.csv,False,Non-numeric class string in confidence: 'Other',Other,0.0
EVT-000016,results/realtime/predictions.csv,False,Non-numeric class string in confidence: 'Other',Other,0.0
EVT-000017,results/realtime/predictions.csv,False,Non-numeric class string in confidence: 'Other',Other,0.0
EVT-000018,results/realtime/predictions.csv,False,Non-numeric class string in confidence: 'Other',Other,0.0
EVT-000019,results/realtime/predictions.csv,False,Non-numeric class string in confidence: 'Web',Web,0.0
EVT-000020,results/realtime/predictions.csv,False,Non-numeric class string in confidence: 'Web',Web,0.0
EVT-000021,results/realtime/predictions.csv,False,Non-numeric class string in confidence: 'VoIP',VoIP,0.0
EVT-000022,results/realtime/predictions.csv,False,Non-numeric class string in confidence: 'Messaging',Messaging,0.0
EVT-000023,results/realtime/predictions.csv,False,Non-numeric class string in confidence: 'VoIP',VoIP,0.0
EVT-000024,results/realtime/predictions.csv,False,Non-numeric class string in confidence: 'Messaging',Messaging,0.0
EVT-000025,results/realtime/predictions.csv,False,Non-numeric class string in confidence: 'Messaging',Messaging,0.0
EVT-000026,results/realtime/predictions.csv,False,Non-numeric class string in confidence: 'Messaging',Messaging,0.0
EVT-000027,results/realtime/predictions.csv,False,Non-numeric class string in confidence: 'VoIP',VoIP,0.0
EVT-000028,results/realtime/predictions.csv,False,Non-numeric class string in confidence: 'Messaging',Messaging,0.0
EVT-000029,results/realtime/predictions.csv,False,Non-numeric class string in confidence: 'Messaging',Messaging,0.0
EVT-000030,results/realtime/predictions.csv,False,Non-numeric class string in confidence: 'Web',Web,0.0
EVT-000031,results/realtime/predictions.csv,False,Non-numeric class string in confidence: 'Other',Other,0.0
EVT-000032,results/realtime/predictions.csv,False,Non-numeric class string in confidence: 'Messaging',Messaging,0.0
EVT-000033,results/realtime/predictions.csv,False,Non-numeric class string in confidence: 'Other',Other,0.0
EVT-000034,results/realtime/predictions.csv,False,Non-numeric class string in confidence: 'Messaging',Messaging,0.0
EVT-000035,results/realtime/predictions.csv,False,Non-numeric class string in confidence: 'Messaging',Messaging,0.0
EVT-000036,results/realtime/predictions.csv,False,Non-numeric class string in confidence: 'File Transfer',File Transfer,0.0
EVT-000037,results/realtime/predictions.csv,False,Non-numeric class string in confidence: 'Messaging',Messaging,0.0
EVT-000038,results/realtime/predictions.csv,False,Non-numeric class string in confidence: 'File Transfer',File Transfer,0.0
EVT-000039,results/realtime/predictions.csv,False,Non-numeric class string in confidence: 'File Transfer',File Transfer,0.0
EVT-000040,results/realtime/predictions.csv,False,Non-numeric class string in confidence: 'Web',Web,0.0
EVT-000041,results/realtime/predictions.csv,False,Non-numeric class string in confidence: 'Web',Web,0.0
EVT-000042,results/realtime/predictions.csv,False,Non-numeric class string in confidence: 'VoIP',VoIP,0.0
EVT-000043,results/realtime/predictions.csv,False,Non-numeric class string in confidence: 'Web',Web,0.0
EVT-000044,results/realtime/predictions.csv,False,Non-numeric class string in confidence: 'Video',Video,0.0
EVT-000045,results/realtime/predictions.csv,False,Non-numeric class string in confidence: 'Other',Other,0.0
EVT-000046,results/realtime/predictions.csv,False,Non-numeric class string in confidence: 'File Transfer',File Transfer,0.0
EVT-000047,results/realtime/predictions.csv,False,Non-numeric class string in confidence: 'Messaging',Messaging,0.0
EVT-000048,results/realtime/predictions.csv,False,Non-numeric class string in confidence: 'Web',Web,0.0
EVT-000049,results/realtime/predictions.csv,False,Non-numeric class string in confidence: 'Messaging',Messaging,0.0
EVT-000050,results/realtime/predictions.csv,False,Non-numeric class string in confidence: 'File Transfer',File Transfer,0.0
EVT-000051,results/realtime/predictions.csv,False,Non-numeric class string in confidence: 'VoIP',VoIP,0.0
EVT-000052,results/realtime/predictions.csv,False,Non-numeric class string in confidence: 'VoIP',VoIP,0.0
EVT-000053,results/realtime/predictions.csv,False,Non-numeric class string in confidence: 'Messaging',Messaging,0.0
EVT-000054,results/realtime/predictions.csv,False,Non-numeric class string in confidence: 'File Transfer',File Transfer,0.0
EVT-000055,results/realtime/predictions.csv,False,Non-numeric class string in confidence: 'Video',Video,0.0
EVT-000056,results/realtime/predictions.csv,False,Non-numeric class string in confidence: 'Web',Web,0.0
EVT-000057,results/realtime/predictions.csv,False,Non-numeric class string in confidence: 'Other',Other,0.0
EVT-000058,results/realtime/predictions.csv,False,Non-numeric class string in confidence: 'File Transfer',File Transfer,0.0
EVT-000059,results/realtime/predictions.csv,False,Non-numeric class string in confidence: 'Web',Web,0.0
EVT-000060,results/realtime/predictions.csv,False,Non-numeric class string in confidence: 'Messaging',Messaging,0.0
EVT-000061,results/realtime/predictions.csv,False,Non-numeric class string in confidence: 'VoIP',VoIP,0.0
EVT-000062,results/realtime/predictions.csv,False,Non-numeric class string in confidence: 'VoIP',VoIP,0.0
EVT-000063,results/realtime/predictions.csv,False,Non-numeric class string in confidence: 'VoIP',VoIP,0.0
EVT-000064,results/realtime/predictions.csv,False,Non-numeric class string in confidence: 'Video',Video,0.0
EVT-000065,results/realtime/predictions.csv,False,Non-numeric class string in confidence: 'VoIP',VoIP,0.0
EVT-000066,results/realtime/predictions.csv,False,Non-numeric class string in confidence: 'Video',Video,0.0
EVT-000067,results/realtime/predictions.csv,False,Non-numeric class string in confidence: 'Video',Video,0.0
EVT-000068,results/realtime/predictions.csv,False,Non-numeric class string in confidence: 'VoIP',VoIP,0.0
EVT-000069,results/realtime/predictions.csv,False,Non-numeric class string in confidence: 'VoIP',VoIP,0.0
EVT-000070,results/realtime/predictions.csv,False,Non-numeric class string in confidence: 'VoIP',VoIP,0.0
EVT-000071,results/realtime/predictions.csv,False,Non-numeric class string in confidence: 'VoIP',VoIP,0.0
EVT-000072,results/realtime/predictions.csv,False,Non-numeric class string in confidence: 'VoIP',VoIP,0.0
EVT-000073,results/realtime/predictions.csv,False,Non-numeric class string in confidence: 'Video',Video,0.0
EVT-000074,results/realtime/predictions.csv,False,Non-numeric class string in confidence: 'File Transfer',File Transfer,0.0
EVT-000075,results/realtime/predictions.csv,False,Non-numeric class string in confidence: 'Messaging',Messaging,0.0
EVT-000076,results/realtime/predictions.csv,False,Non-numeric class string in confidence: 'Messaging',Messaging,0.0
EVT-000077,results/realtime/predictions.csv,False,Non-numeric class string in confidence: 'Other',Other,0.0
EVT-000078,results/realtime/predictions.csv,False,Non-numeric class string in confidence: 'File Transfer',File Transfer,0.0
EVT-000079,results/realtime/predictions.csv,False,Non-numeric class string in confidence: 'File Transfer',File Transfer,0.0
EVT-000080,results/realtime/predictions.csv,False,Non-numeric class string in confidence: 'Web',Web,0.0
EVT-000001,results/realtime/predictions.csv,False,Non-numeric class string in confidence: 'Messaging',Messaging,0.0
EVT-000081,results/realtime/predictions.csv,False,Non-numeric class string in confidence: 'Web',Web,0.0
EVT-000082,results/realtime/predictions.csv,False,Non-numeric class string in confidence: 'VoIP',VoIP,0.0
EVT-000083,results/realtime/predictions.csv,False,Non-numeric class string in confidence: 'Video',Video,0.0
EVT-000084,results/realtime/predictions.csv,False,Non-numeric class string in confidence: 'Messaging',Messaging,0.0
EVT-000085,results/realtime/predictions.csv,False,Non-numeric class string in confidence: 'File Transfer',File Transfer,0.0
EVT-000086,results/realtime/predictions.csv,False,Non-numeric class string in confidence: 'Messaging',Messaging,0.0
EVT-000087,results/realtime/predictions.csv,False,Non-numeric class string in confidence: 'VoIP',VoIP,0.0
EVT-000088,results/realtime/predictions.csv,False,Non-numeric class string in confidence: 'Web',Web,0.0
EVT-000089,results/realtime/predictions.csv,False,Non-numeric class string in confidence: 'VoIP',VoIP,0.0
EVT-000090,results/realtime/predictions.csv,False,Non-numeric class string in confidence: 'File Transfer',File Transfer,0.0
EVT-000091,results/realtime/predictions.csv,False,Non-numeric class string in confidence: 'Messaging',Messaging,0.0
EVT-000092,results/realtime/predictions.csv,False,Non-numeric class string in confidence: 'File Transfer',File Transfer,0.0
EVT-000093,results/realtime/predictions.csv,False,Non-numeric class string in confidence: 'Web',Web,0.0
EVT-000094,results/realtime/predictions.csv,False,Non-numeric class string in confidence: 'VoIP',VoIP,0.0
EVT-000095,results/realtime/predictions.csv,False,Non-numeric class string in confidence: 'Other',Other,0.0
EVT-000096,results/realtime/predictions.csv,False,Non-numeric class string in confidence: 'VoIP',VoIP,0.0
EVT-000097,results/realtime/predictions.csv,False,Non-numeric class string in confidence: 'Web',Web,0.0
EVT-000098,results/realtime/predictions.csv,False,Non-numeric class string in confidence: 'Other',Other,0.0
EVT-000099,results/realtime/predictions.csv,False,Non-numeric class string in confidence: 'Web',Web,0.0
EVT-000100,results/realtime/predictions.csv,False,Non-numeric class string in confidence: 'Web',Web,0.0
EVT-000101,results/realtime/predictions.csv,False,Non-numeric class string in confidence: 'Web',Web,0.0
EVT-000102,results/realtime/predictions.csv,False,Non-numeric class string in confidence: 'Messaging',Messaging,0.0
EVT-000103,results/realtime/predictions.csv,False,Non-numeric class string in confidence: 'Video',Video,0.0
EVT-000104,results/realtime/predictions.csv,False,Non-numeric class string in confidence: 'Web',Web,0.0
EVT-000105,results/realtime/predictions.csv,False,Non-numeric class string in confidence: 'Video',Video,0.0
EVT-000106,results/realtime/predictions.csv,False,Non-numeric class string in confidence: 'Messaging',Messaging,0.0
EVT-000107,results/realtime/predictions.csv,False,Non-numeric class string in confidence: 'Video',Video,0.0
EVT-000108,results/realtime/predictions.csv,False,Non-numeric class string in confidence: 'Other',Other,0.0
EVT-000109,results/realtime/predictions.csv,False,Non-numeric class string in confidence: 'Messaging',Messaging,0.0
EVT-000110,results/realtime/predictions.csv,False,Non-numeric class string in confidence: 'File Transfer',File Transfer,0.0
EVT-000111,results/realtime/predictions.csv,False,Non-numeric class string in confidence: 'Other',Other,0.0
EVT-000112,results/realtime/predictions.csv,False,Non-numeric class string in confidence: 'Video',Video,0.0
EVT-000113,results/realtime/predictions.csv,False,Non-numeric class string in confidence: 'Other',Other,0.0
EVT-000114,results/realtime/predictions.csv,False,Non-numeric class string in confidence: 'File Transfer',File Transfer,0.0
EVT-000115,results/realtime/predictions.csv,False,Non-numeric class string in confidence: 'Messaging',Messaging,0.0
EVT-000116,results/realtime/predictions.csv,False,Non-numeric class string in confidence: 'VoIP',VoIP,0.0
EVT-000117,results/realtime/predictions.csv,False,Non-numeric class string in confidence: 'Messaging',Messaging,0.0
EVT-000118,results/realtime/predictions.csv,False,Non-numeric class string in confidence: 'VoIP',VoIP,0.0
EVT-000119,results/realtime/predictions.csv,False,Non-numeric class string in confidence: 'File Transfer',File Transfer,0.0
EVT-000120,results/realtime/predictions.csv,False,Non-numeric class string in confidence: 'Video',Video,0.0
EVT-000121,results/realtime/predictions.csv,False,Non-numeric class string in confidence: 'Web',Web,0.0
EVT-000122,results/realtime/predictions.csv,False,Non-numeric class string in confidence: 'File Transfer',File Transfer,0.0
EVT-000123,results/realtime/predictions.csv,False,Non-numeric class string in confidence: 'Video',Video,0.0
EVT-000124,results/realtime/predictions.csv,False,Non-numeric class string in confidence: 'Other',Other,0.0
EVT-000125,results/realtime/predictions.csv,False,Non-numeric class string in confidence: 'Messaging',Messaging,0.0
EVT-000126,results/realtime/predictions.csv,False,Non-numeric class string in confidence: 'VoIP',VoIP,0.0
EVT-000127,results/realtime/predictions.csv,False,Non-numeric class string in confidence: 'Messaging',Messaging,0.0
EVT-000128,results/realtime/predictions.csv,False,Non-numeric class string in confidence: 'VoIP',VoIP,0.0
EVT-000129,results/realtime/predictions.csv,False,Non-numeric class string in confidence: 'File Transfer',File Transfer,0.0
EVT-000130,results/realtime/predictions.csv,False,Non-numeric class string in confidence: 'Video',Video,0.0
EVT-000001,results/realtime/predictions.csv,False,Non-numeric class string in confidence: 'Messaging',Messaging,0.0
EVT-000001,results/realtime/predictions.csv,False,Non-numeric class string in confidence: 'Messaging',Messaging,0.0
EVT-000001,results/realtime/predictions.csv,False,Non-numeric class string in confidence: 'Messaging',Messaging,0.0
EVT-000001,results/realtime/predictions.csv,False,Non-numeric class string in confidence: 'Messaging',Messaging,0.0
EVT-000001,results/realtime/predictions.csv,False,Non-numeric class string in confidence: '—',—,0.0
EVT-000002,results/realtime/predictions.csv,False,Non-numeric class string in confidence: '—',—,0.0
EVT-000003,results/realtime/predictions.csv,False,Non-numeric class string in confidence: '—',—,0.0
EVT-000004,results/realtime/predictions.csv,False,Non-numeric class string in confidence: '—',—,0.0
EVT-000005,results/realtime/predictions.csv,False,Non-numeric class string in confidence: '—',—,0.0
EVT-000006,results/realtime/predictions.csv,False,Non-numeric class string in confidence: '—',—,0.0
EVT-000007,results/realtime/predictions.csv,False,Non-numeric class string in confidence: '—',—,0.0
EVT-000008,results/realtime/predictions.csv,False,Non-numeric class string in confidence: '—',—,0.0
EVT-000009,results/realtime/predictions.csv,False,Non-numeric class string in confidence: '—',—,0.0
EVT-000010,results/realtime/predictions.csv,False,Non-numeric class string in confidence: '—',—,0.0
EVT-000011,results/realtime/predictions.csv,False,Non-numeric class string in confidence: 'Web',Web,0.0
EVT-000012,results/realtime/predictions.csv,False,Non-numeric class string in confidence: 'Web',Web,0.0
EVT-000013,results/realtime/predictions.csv,False,Non-numeric class string in confidence: 'Other',Other,0.0
EVT-000014,results/realtime/predictions.csv,False,Non-numeric class string in confidence: 'Other',Other,0.0
EVT-000015,results/realtime/predictions.csv,False,Non-numeric class string in confidence: 'Other',Other,0.0
EVT-000016,results/realtime/predictions.csv,False,Non-numeric class string in confidence: 'Other',Other,0.0
EVT-000017,results/realtime/predictions.csv,False,Non-numeric class string in confidence: 'Other',Other,0.0
EVT-000018,results/realtime/predictions.csv,False,Non-numeric class string in confidence: 'Other',Other,0.0
EVT-000019,results/realtime/predictions.csv,False,Non-numeric class string in confidence: 'Web',Web,0.0
EVT-000020,results/realtime/predictions.csv,False,Non-numeric class string in confidence: 'Web',Web,0.0
EVT-000021,results/realtime/predictions.csv,False,Non-numeric class string in confidence: 'VoIP',VoIP,0.0
EVT-000022,results/realtime/predictions.csv,False,Non-numeric class string in confidence: 'VoIP',VoIP,0.0
EVT-000023,results/realtime/predictions.csv,False,Non-numeric class string in confidence: 'VoIP',VoIP,0.0
EVT-000024,results/realtime/predictions.csv,False,Non-numeric class string in confidence: 'VoIP',VoIP,0.0
EVT-000025,results/realtime/predictions.csv,False,Non-numeric class string in confidence: 'Messaging',Messaging,0.0
EVT-000026,results/realtime/predictions.csv,False,Non-numeric class string in confidence: 'VoIP',VoIP,0.0
EVT-000027,results/realtime/predictions.csv,False,Non-numeric class string in confidence: 'VoIP',VoIP,0.0
EVT-000028,results/realtime/predictions.csv,False,Non-numeric class string in confidence: 'Messaging',Messaging,0.0
EVT-000029,results/realtime/predictions.csv,False,Non-numeric class string in confidence: 'Web',Web,0.0
EVT-000030,results/realtime/predictions.csv,False,Non-numeric class string in confidence: 'Web',Web,0.0
EVT-000031,results/realtime/predictions.csv,False,Non-numeric class string in confidence: 'Other',Other,0.0
EVT-000032,results/realtime/predictions.csv,False,Non-numeric class string in confidence: 'Messaging',Messaging,0.0
EVT-000033,results/realtime/predictions.csv,False,Non-numeric class string in confidence: 'Other',Other,0.0
EVT-000034,results/realtime/predictions.csv,False,Non-numeric class string in confidence: 'Messaging',Messaging,0.0
EVT-000035,results/realtime/predictions.csv,False,Non-numeric class string in confidence: 'Messaging',Messaging,0.0
EVT-000036,results/realtime/predictions.csv,False,Non-numeric class string in confidence: 'File Transfer',File Transfer,0.0
EVT-000037,results/realtime/predictions.csv,False,Non-numeric class string in confidence: 'Messaging',Messaging,0.0
EVT-000038,results/realtime/predictions.csv,False,Non-numeric class string in confidence: 'File Transfer',File Transfer,0.0
EVT-000039,results/realtime/predictions.csv,False,Non-numeric class string in confidence: 'File Transfer',File Transfer,0.0
EVT-000040,results/realtime/predictions.csv,False,Non-numeric class string in confidence: 'Web',Web,0.0
EVT-000041,results/realtime/predictions.csv,False,Non-numeric class string in confidence: 'Web',Web,0.0
EVT-000042,results/realtime/predictions.csv,False,Non-numeric class string in confidence: 'File Transfer',File Transfer,0.0
EVT-000043,results/realtime/predictions.csv,False,Non-numeric class string in confidence: 'VoIP',VoIP,0.0
EVT-000044,results/realtime/predictions.csv,False,Non-numeric class string in confidence: 'File Transfer',File Transfer,0.0
EVT-000045,results/realtime/predictions.csv,False,Non-numeric class string in confidence: 'VoIP',VoIP,0.0
EVT-000046,results/realtime/predictions.csv,False,Non-numeric class string in confidence: 'Web',Web,0.0
EVT-000047,results/realtime/predictions.csv,False,Non-numeric class string in confidence: 'Video',Video,0.0
EVT-000048,results/realtime/predictions.csv,False,Non-numeric class string in confidence: 'Web',Web,0.0
EVT-000049,results/realtime/predictions.csv,False,Non-numeric class string in confidence: 'Video',Video,0.0
EVT-000050,results/realtime/predictions.csv,False,Non-numeric class string in confidence: 'File Transfer',File Transfer,0.0
EVT-000051,results/realtime/predictions.csv,False,Non-numeric class string in confidence: 'Web',Web,0.0
EVT-000052,results/realtime/predictions.csv,False,Non-numeric class string in confidence: 'Other',Other,0.0
EVT-000053,results/realtime/predictions.csv,False,Non-numeric class string in confidence: 'VoIP',VoIP,0.0
EVT-000054,results/realtime/predictions.csv,False,Non-numeric class string in confidence: 'Messaging',Messaging,0.0
EVT-000055,results/realtime/predictions.csv,False,Non-numeric class string in confidence: 'Video',Video,0.0
EVT-000056,results/realtime/predictions.csv,False,Non-numeric class string in confidence: 'Messaging',Messaging,0.0
EVT-000057,results/realtime/predictions.csv,False,Non-numeric class string in confidence: 'Video',Video,0.0
EVT-000058,results/realtime/predictions.csv,False,Non-numeric class string in confidence: 'File Transfer',File Transfer,0.0
EVT-000059,results/realtime/predictions.csv,False,Non-numeric class string in confidence: 'VoIP',VoIP,0.0
EVT-000060,results/realtime/predictions.csv,False,Non-numeric class string in confidence: 'Other',Other,0.0
EVT-000061,results/realtime/predictions.csv,False,Non-numeric class string in confidence: 'VoIP',VoIP,0.0
EVT-000062,results/realtime/predictions.csv,False,Non-numeric class string in confidence: 'Video',Video,0.0
EVT-000063,results/realtime/predictions.csv,False,Non-numeric class string in confidence: 'VoIP',VoIP,0.0
EVT-000064,results/realtime/predictions.csv,False,Non-numeric class string in confidence: 'Video',Video,0.0
EVT-000065,results/realtime/predictions.csv,False,Non-numeric class string in confidence: 'Video',Video,0.0
EVT-000066,results/realtime/predictions.csv,False,Non-numeric class string in confidence: 'Other',Other,0.0
EVT-000067,results/realtime/predictions.csv,False,Non-numeric class string in confidence: 'Video',Video,0.0
EVT-000068,results/realtime/predictions.csv,False,Non-numeric class string in confidence: 'VoIP',VoIP,0.0
EVT-000069,results/realtime/predictions.csv,False,Non-numeric class string in confidence: 'VoIP',VoIP,0.0
EVT-000070,results/realtime/predictions.csv,False,Non-numeric class string in confidence: 'VoIP',VoIP,0.0
EVT-000071,results/realtime/predictions.csv,False,Non-numeric class string in confidence: 'Web',Web,0.0
EVT-000072,results/realtime/predictions.csv,False,Non-numeric class string in confidence: 'Other',Other,0.0
EVT-000073,results/realtime/predictions.csv,False,Non-numeric class string in confidence: 'Web',Web,0.0
EVT-000074,results/realtime/predictions.csv,False,Non-numeric class string in confidence: 'Other',Other,0.0
EVT-000075,results/realtime/predictions.csv,False,Non-numeric class string in confidence: 'VoIP',VoIP,0.0
EVT-000076,results/realtime/predictions.csv,False,Non-numeric class string in confidence: 'VoIP',VoIP,0.0
EVT-000077,results/realtime/predictions.csv,False,Non-numeric class string in confidence: 'Video',Video,0.0
EVT-000078,results/realtime/predictions.csv,False,Non-numeric class string in confidence: 'Web',Web,0.0
EVT-000079,results/realtime/predictions.csv,False,Non-numeric class string in confidence: 'Other',Other,0.0
EVT-000080,results/realtime/predictions.csv,False,Non-numeric class string in confidence: 'File Transfer',File Transfer,0.0
EVT-000081,results/realtime/predictions.csv,False,Non-numeric class string in confidence: 'Other',Other,0.0
EVT-000082,results/realtime/predictions.csv,False,Non-numeric class string in confidence: 'Video',Video,0.0
EVT-000083,results/realtime/predictions.csv,False,Non-numeric class string in confidence: 'Messaging',Messaging,0.0
EVT-000084,results/realtime/predictions.csv,False,Non-numeric class string in confidence: 'Video',Video,0.0
EVT-000085,results/realtime/predictions.csv,False,Non-numeric class string in confidence: 'Messaging',Messaging,0.0
EVT-000086,results/realtime/predictions.csv,False,Non-numeric class string in confidence: 'Other',Other,0.0
EVT-000087,results/realtime/predictions.csv,False,Non-numeric class string in confidence: 'VoIP',VoIP,0.0
EVT-000088,results/realtime/predictions.csv,False,Non-numeric class string in confidence: 'Other',Other,0.0
EVT-000089,results/realtime/predictions.csv,False,Non-numeric class string in confidence: 'Video',Video,0.0
EVT-000090,results/realtime/predictions.csv,False,Non-numeric class string in confidence: 'File Transfer',File Transfer,0.0
EVT-000091,results/realtime/predictions.csv,False,Non-numeric class string in confidence: 'Messaging',Messaging,0.0
EVT-000092,results/realtime/predictions.csv,False,Non-numeric class string in confidence: 'VoIP',VoIP,0.0
EVT-000093,results/realtime/predictions.csv,False,Non-numeric class string in confidence: 'Other',Other,0.0
EVT-000094,results/realtime/predictions.csv,False,Non-numeric class string in confidence: 'File Transfer',File Transfer,0.0
EVT-000095,results/realtime/predictions.csv,False,Non-numeric class string in confidence: 'VoIP',VoIP,0.0
EVT-000096,results/realtime/predictions.csv,False,Non-numeric class string in confidence: 'VoIP',VoIP,0.0
EVT-000097,results/realtime/predictions.csv,False,Non-numeric class string in confidence: 'Web',Web,0.0
EVT-000098,results/realtime/predictions.csv,False,Non-numeric class string in confidence: 'Other',Other,0.0
EVT-000099,results/realtime/predictions.csv,False,Non-numeric class string in confidence: 'Other',Other,0.0
EVT-000100,results/realtime/predictions.csv,False,Non-numeric class string in confidence: 'VoIP',VoIP,0.0
EVT-000101,results/realtime/predictions.csv,False,Non-numeric class string in confidence: 'Video',Video,0.0
EVT-000102,results/realtime/predictions.csv,False,Non-numeric class string in confidence: 'File Transfer',File Transfer,0.0
EVT-000103,results/realtime/predictions.csv,False,Non-numeric class string in confidence: 'Other',Other,0.0
EVT-000104,results/realtime/predictions.csv,False,Non-numeric class string in confidence: 'Messaging',Messaging,0.0
EVT-000105,results/realtime/predictions.csv,False,Non-numeric class string in confidence: 'File Transfer',File Transfer,0.0
EVT-000106,results/realtime/predictions.csv,False,Non-numeric class string in confidence: 'Web',Web,0.0
EVT-000107,results/realtime/predictions.csv,False,Non-numeric class string in confidence: 'Web',Web,0.0
EVT-000108,results/realtime/predictions.csv,False,Non-numeric class string in confidence: 'Other',Other,0.0
EVT-000109,results/realtime/predictions.csv,False,Non-numeric class string in confidence: 'VoIP',VoIP,0.0
EVT-000110,results/realtime/predictions.csv,False,Non-numeric class string in confidence: 'Web',Web,0.0
EVT-000111,results/realtime/predictions.csv,False,Non-numeric class string in confidence: 'Messaging',Messaging,0.0
EVT-000112,results/realtime/predictions.csv,False,Non-numeric class string in confidence: 'File Transfer',File Transfer,0.0
EVT-000113,results/realtime/predictions.csv,False,Non-numeric class string in confidence: 'Web',Web,0.0
EVT-000114,results/realtime/predictions.csv,False,Non-numeric class string in confidence: 'Other',Other,0.0
EVT-000115,results/realtime/predictions.csv,False,Non-numeric class string in confidence: 'Web',Web,0.0
EVT-000116,results/realtime/predictions.csv,False,Non-numeric class string in confidence: 'Other',Other,0.0
EVT-000117,results/realtime/predictions.csv,False,Non-numeric class string in confidence: 'File Transfer',File Transfer,0.0
EVT-000118,results/realtime/predictions.csv,False,Non-numeric class string in confidence: 'Video',Video,0.0
EVT-000119,results/realtime/predictions.csv,False,Non-numeric class string in confidence: 'File Transfer',File Transfer,0.0
EVT-000120,results/realtime/predictions.csv,False,Non-numeric class string in confidence: 'Video',Video,0.0
EVT-000121,results/realtime/predictions.csv,False,Non-numeric class string in confidence: 'Messaging',Messaging,0.0
EVT-000122,results/realtime/predictions.csv,False,Non-numeric class string in confidence: 'VoIP',VoIP,0.0
EVT-000123,results/realtime/predictions.csv,False,Non-numeric class string in confidence: 'Web',Web,0.0
EVT-000124,results/realtime/predictions.csv,False,Non-numeric class string in confidence: 'Other',Other,0.0
EVT-000125,results/realtime/predictions.csv,False,Non-numeric class string in confidence: 'Web',Web,0.0
EVT-000126,results/realtime/predictions.csv,False,Non-numeric class string in confidence: 'Other',Other,0.0
EVT-000127,results/realtime/predictions.csv,False,Non-numeric class string in confidence: 'File Transfer',File Transfer,0.0
EVT-000128,results/realtime/predictions.csv,False,Non-numeric class string in confidence: 'Video',Video,0.0
EVT-000129,results/realtime/predictions.csv,False,Non-numeric class string in confidence: 'File Transfer',File Transfer,0.0
EVT-000130,results/realtime/predictions.csv,False,Non-numeric class string in confidence: 'Video',Video,0.0
EVT-000001,results/realtime/predictions.csv,False,Non-numeric class string in confidence: 'Messaging',Messaging,0.0
EVT-000001,results/realtime/predictions.csv,False,Non-numeric class string in confidence: '—',—,0.0
EVT-000002,results/realtime/predictions.csv,False,Non-numeric class string in confidence: '—',—,0.0
EVT-000003,results/realtime/predictions.csv,False,Non-numeric class string in confidence: '—',—,0.0
EVT-000004,results/realtime/predictions.csv,False,Non-numeric class string in confidence: '—',—,0.0
EVT-000005,results/realtime/predictions.csv,False,Non-numeric class string in confidence: '—',—,0.0
EVT-000006,results/realtime/predictions.csv,False,Non-numeric class string in confidence: '—',—,0.0
EVT-000007,results/realtime/predictions.csv,False,Non-numeric class string in confidence: '—',—,0.0
EVT-000008,results/realtime/predictions.csv,False,Non-numeric class string in confidence: '—',—,0.0
EVT-000009,results/realtime/predictions.csv,False,Non-numeric class string in confidence: '—',—,0.0
EVT-000010,results/realtime/predictions.csv,False,Non-numeric class string in confidence: '—',—,0.0
EVT-000011,results/realtime/predictions.csv,False,Non-numeric class string in confidence: 'Web',Web,0.0
EVT-000012,results/realtime/predictions.csv,False,Non-numeric class string in confidence: 'Web',Web,0.0
EVT-000013,results/realtime/predictions.csv,False,Non-numeric class string in confidence: 'Web',Web,0.0
EVT-000014,results/realtime/predictions.csv,False,Non-numeric class string in confidence: 'Web',Web,0.0
EVT-000015,results/realtime/predictions.csv,False,Non-numeric class string in confidence: 'Other',Other,0.0
EVT-000016,results/realtime/predictions.csv,False,Non-numeric class string in confidence: 'Other',Other,0.0
EVT-000017,results/realtime/predictions.csv,False,Non-numeric class string in confidence: 'Other',Other,0.0
EVT-000018,results/realtime/predictions.csv,False,Non-numeric class string in confidence: 'Other',Other,0.0
EVT-000019,results/realtime/predictions.csv,False,Non-numeric class string in confidence: 'Other',Other,0.0
EVT-000020,results/realtime/predictions.csv,False,Non-numeric class string in confidence: 'Web',Web,0.0
EVT-000021,results/realtime/predictions.csv,False,Non-numeric class string in confidence: 'Messaging',Messaging,0.0
EVT-000022,results/realtime/predictions.csv,False,Non-numeric class string in confidence: 'Messaging',Messaging,0.0
EVT-000023,results/realtime/predictions.csv,False,Non-numeric class string in confidence: 'Messaging',Messaging,0.0
EVT-000024,results/realtime/predictions.csv,False,Non-numeric class string in confidence: 'Messaging',Messaging,0.0
EVT-000025,results/realtime/predictions.csv,False,Non-numeric class string in confidence: 'Messaging',Messaging,0.0
EVT-000026,results/realtime/predictions.csv,False,Non-numeric class string in confidence: 'Messaging',Messaging,0.0
EVT-000027,results/realtime/predictions.csv,False,Non-numeric class string in confidence: 'Messaging',Messaging,0.0
EVT-000028,results/realtime/predictions.csv,False,Non-numeric class string in confidence: 'Messaging',Messaging,0.0
EVT-000029,results/realtime/predictions.csv,False,Non-numeric class string in confidence: 'VoIP',VoIP,0.0
EVT-000030,results/realtime/predictions.csv,False,Non-numeric class string in confidence: 'Messaging',Messaging,0.0
EVT-000031,results/realtime/predictions.csv,False,Non-numeric class string in confidence: 'Other',Other,0.0
EVT-000032,results/realtime/predictions.csv,False,Non-numeric class string in confidence: 'Messaging',Messaging,0.0
EVT-000033,results/realtime/predictions.csv,False,Non-numeric class string in confidence: 'Other',Other,0.0
EVT-000034,results/realtime/predictions.csv,False,Non-numeric class string in confidence: 'Messaging',Messaging,0.0
EVT-000035,results/realtime/predictions.csv,False,Non-numeric class string in confidence: 'Messaging',Messaging,0.0
EVT-000036,results/realtime/predictions.csv,False,Non-numeric class string in confidence: 'File Transfer',File Transfer,0.0
EVT-000037,results/realtime/predictions.csv,False,Non-numeric class string in confidence: 'Messaging',Messaging,0.0
EVT-000038,results/realtime/predictions.csv,False,Non-numeric class string in confidence: 'File Transfer',File Transfer,0.0
EVT-000039,results/realtime/predictions.csv,False,Non-numeric class string in confidence: 'File Transfer',File Transfer,0.0
EVT-000040,results/realtime/predictions.csv,False,Non-numeric class string in confidence: 'Web',Web,0.0
EVT-000041,results/realtime/predictions.csv,False,Non-numeric class string in confidence: 'Web',Web,0.0
EVT-000042,results/realtime/predictions.csv,False,Non-numeric class string in confidence: 'File Transfer',File Transfer,0.0
EVT-000043,results/realtime/predictions.csv,False,Non-numeric class string in confidence: 'VoIP',VoIP,0.0
EVT-000044,results/realtime/predictions.csv,False,Non-numeric class string in confidence: 'VoIP',VoIP,0.0
EVT-000045,results/realtime/predictions.csv,False,Non-numeric class string in confidence: 'Web',Web,0.0
EVT-000046,results/realtime/predictions.csv,False,Non-numeric class string in confidence: 'Video',Video,0.0
EVT-000047,results/realtime/predictions.csv,False,Non-numeric class string in confidence: 'Web',Web,0.0
EVT-000048,results/realtime/predictions.csv,False,Non-numeric class string in confidence: 'Video',Video,0.0
EVT-000049,results/realtime/predictions.csv,False,Non-numeric class string in confidence: 'VoIP',VoIP,0.0
EVT-000050,results/realtime/predictions.csv,False,Non-numeric class string in confidence: 'Other',Other,0.0
EVT-000051,results/realtime/predictions.csv,False,Non-numeric class string in confidence: 'Web',Web,0.0
EVT-000052,results/realtime/predictions.csv,False,Non-numeric class string in confidence: 'VoIP',VoIP,0.0
EVT-000053,results/realtime/predictions.csv,False,Non-numeric class string in confidence: 'File Transfer',File Transfer,0.0
EVT-000054,results/realtime/predictions.csv,False,Non-numeric class string in confidence: 'File Transfer',File Transfer,0.0
EVT-000055,results/realtime/predictions.csv,False,Non-numeric class string in confidence: 'Video',Video,0.0
EVT-000056,results/realtime/predictions.csv,False,Non-numeric class string in confidence: 'Web',Web,0.0
EVT-000057,results/realtime/predictions.csv,False,Non-numeric class string in confidence: 'Video',Video,0.0
EVT-000058,results/realtime/predictions.csv,False,Non-numeric class string in confidence: 'Web',Web,0.0
EVT-000059,results/realtime/predictions.csv,False,Non-numeric class string in confidence: 'Other',Other,0.0
EVT-000060,results/realtime/predictions.csv,False,Non-numeric class string in confidence: 'File Transfer',File Transfer,0.0
EVT-000061,results/realtime/predictions.csv,False,Non-numeric class string in confidence: 'Web',Web,0.0
EVT-000062,results/realtime/predictions.csv,False,Non-numeric class string in confidence: 'VoIP',VoIP,0.0
EVT-000063,results/realtime/predictions.csv,False,Non-numeric class string in confidence: 'VoIP',VoIP,0.0
EVT-000064,results/realtime/predictions.csv,False,Non-numeric class string in confidence: 'Video',Video,0.0
EVT-000065,results/realtime/predictions.csv,False,Non-numeric class string in confidence: 'VoIP',VoIP,0.0
EVT-000066,results/realtime/predictions.csv,False,Non-numeric class string in confidence: 'Video',Video,0.0
EVT-000067,results/realtime/predictions.csv,False,Non-numeric class string in confidence: 'Web',Web,0.0
EVT-000068,results/realtime/predictions.csv,False,Non-numeric class string in confidence: 'VoIP',VoIP,0.0
EVT-000069,results/realtime/predictions.csv,False,Non-numeric class string in confidence: 'VoIP',VoIP,0.0
EVT-000070,results/realtime/predictions.csv,False,Non-numeric class string in confidence: 'VoIP',VoIP,0.0
EVT-000071,results/realtime/predictions.csv,False,Non-numeric class string in confidence: 'Web',Web,0.0
EVT-000072,results/realtime/predictions.csv,False,Non-numeric class string in confidence: 'Other',Other,0.0
EVT-000073,results/realtime/predictions.csv,False,Non-numeric class string in confidence: 'Messaging',Messaging,0.0
EVT-000074,results/realtime/predictions.csv,False,Non-numeric class string in confidence: 'Video',Video,0.0
EVT-000075,results/realtime/predictions.csv,False,Non-numeric class string in confidence: 'File Transfer',File Transfer,0.0
EVT-000076,results/realtime/predictions.csv,False,Non-numeric class string in confidence: 'VoIP',VoIP,0.0
EVT-000077,results/realtime/predictions.csv,False,Non-numeric class string in confidence: 'Messaging',Messaging,0.0
EVT-000078,results/realtime/predictions.csv,False,Non-numeric class string in confidence: 'File Transfer',File Transfer,0.0
EVT-000079,results/realtime/predictions.csv,False,Non-numeric class string in confidence: 'Video',Video,0.0
EVT-000080,results/realtime/predictions.csv,False,Non-numeric class string in confidence: 'Messaging',Messaging,0.0
EVT-000081,results/realtime/predictions.csv,False,Non-numeric class string in confidence: 'Other',Other,0.0
EVT-000082,results/realtime/predictions.csv,False,Non-numeric class string in confidence: 'Video',Video,0.0
EVT-000083,results/realtime/predictions.csv,False,Non-numeric class string in confidence: 'Messaging',Messaging,0.0
EVT-000084,results/realtime/predictions.csv,False,Non-numeric class string in confidence: 'Other',Other,0.0
EVT-000085,results/realtime/predictions.csv,False,Non-numeric class string in confidence: 'File Transfer',File Transfer,0.0
EVT-000086,results/realtime/predictions.csv,False,Non-numeric class string in confidence: 'Messaging',Messaging,0.0
EVT-000087,results/realtime/predictions.csv,False,Non-numeric class string in confidence: 'Web',Web,0.0
EVT-000088,results/realtime/predictions.csv,False,Non-numeric class string in confidence: 'Web',Web,0.0
EVT-000089,results/realtime/predictions.csv,False,Non-numeric class string in confidence: 'File Transfer',File Transfer,0.0
EVT-000090,results/realtime/predictions.csv,False,Non-numeric class string in confidence: 'VoIP',VoIP,0.0
EVT-000091,results/realtime/predictions.csv,False,Non-numeric class string in confidence: 'Messaging',Messaging,0.0
EVT-000092,results/realtime/predictions.csv,False,Non-numeric class string in confidence: 'VoIP',VoIP,0.0
EVT-000093,results/realtime/predictions.csv,False,Non-numeric class string in confidence: 'Other',Other,0.0
EVT-000094,results/realtime/predictions.csv,False,Non-numeric class string in confidence: 'File Transfer',File Transfer,0.0
EVT-000095,results/realtime/predictions.csv,False,Non-numeric class string in confidence: 'Other',Other,0.0
EVT-000096,results/realtime/predictions.csv,False,Non-numeric class string in confidence: 'Other',Other,0.0
EVT-000097,results/realtime/predictions.csv,False,Non-numeric class string in confidence: 'Web',Web,0.0
EVT-000098,results/realtime/predictions.csv,False,Non-numeric class string in confidence: 'File Transfer',File Transfer,0.0
EVT-000099,results/realtime/predictions.csv,False,Non-numeric class string in confidence: 'File Transfer',File Transfer,0.0
EVT-000100,results/realtime/predictions.csv,False,Non-numeric class string in confidence: 'Other',Other,0.0
EVT-000101,results/realtime/predictions.csv,False,Non-numeric class string in confidence: 'Video',Video,0.0
EVT-000102,results/realtime/predictions.csv,False,Non-numeric class string in confidence: 'Video',Video,0.0
EVT-000103,results/realtime/predictions.csv,False,Non-numeric class string in confidence: 'Messaging',Messaging,0.0
EVT-000104,results/realtime/predictions.csv,False,Non-numeric class string in confidence: 'File Transfer',File Transfer,0.0
EVT-000105,results/realtime/predictions.csv,False,Non-numeric class string in confidence: 'Video',Video,0.0
EVT-000106,results/realtime/predictions.csv,False,Non-numeric class string in confidence: 'File Transfer',File Transfer,0.0
EVT-000107,results/realtime/predictions.csv,False,Non-numeric class string in confidence: 'VoIP',VoIP,0.0
EVT-000108,results/realtime/predictions.csv,False,Non-numeric class string in confidence: 'Web',Web,0.0
EVT-000109,results/realtime/predictions.csv,False,Non-numeric class string in confidence: 'VoIP',VoIP,0.0
EVT-000110,results/realtime/predictions.csv,False,Non-numeric class string in confidence: 'Video',Video,0.0
EVT-000111,results/realtime/predictions.csv,False,Non-numeric class string in confidence: 'Messaging',Messaging,0.0
EVT-000112,results/realtime/predictions.csv,False,Non-numeric class string in confidence: 'Messaging',Messaging,0.0
EVT-000113,results/realtime/predictions.csv,False,Non-numeric class string in confidence: 'Other',Other,0.0
EVT-000114,results/realtime/predictions.csv,False,Non-numeric class string in confidence: 'VoIP',VoIP,0.0
EVT-000115,results/realtime/predictions.csv,False,Non-numeric class string in confidence: 'Messaging',Messaging,0.0
EVT-000116,results/realtime/predictions.csv,False,Non-numeric class string in confidence: 'VoIP',VoIP,0.0
EVT-000117,results/realtime/predictions.csv,False,Non-numeric class string in confidence: 'Messaging',Messaging,0.0
EVT-000118,results/realtime/predictions.csv,False,Non-numeric class string in confidence: 'Video',Video,0.0
EVT-000119,results/realtime/predictions.csv,False,Non-numeric class string in confidence: 'Web',Web,0.0
EVT-000120,results/realtime/predictions.csv,False,Non-numeric class string in confidence: 'Other',Other,0.0
EVT-000121,results/realtime/predictions.csv,False,Non-numeric class string in confidence: 'Video',Video,0.0
EVT-000122,results/realtime/predictions.csv,False,Non-numeric class string in confidence: 'Web',Web,0.0
EVT-000123,results/realtime/predictions.csv,False,Non-numeric class string in confidence: 'Other',Other,0.0
EVT-000124,results/realtime/predictions.csv,False,Non-numeric class string in confidence: 'VoIP',VoIP,0.0
EVT-000125,results/realtime/predictions.csv,False,Non-numeric class string in confidence: 'Messaging',Messaging,0.0
EVT-000126,results/realtime/predictions.csv,False,Non-numeric class string in confidence: 'VoIP',VoIP,0.0
EVT-000127,results/realtime/predictions.csv,False,Non-numeric class string in confidence: 'Messaging',Messaging,0.0
EVT-000128,results/realtime/predictions.csv,False,Non-numeric class string in confidence: 'Video',Video,0.0
EVT-000129,results/realtime/predictions.csv,False,Non-numeric class string in confidence: 'Web',Web,0.0
EVT-000130,results/realtime/predictions.csv,False,Non-numeric class string in confidence: 'Other',Other,0.0
EVT-000001,results/realtime/predictions.csv,False,Non-numeric class string in confidence: 'Messaging',Messaging,0.0
EVT-000001,results/realtime/predictions.csv,False,Non-numeric class string in confidence: '—',—,0.0
EVT-000002,results/realtime/predictions.csv,False,Non-numeric class string in confidence: '—',—,0.0
EVT-000003,results/realtime/predictions.csv,False,Non-numeric class string in confidence: '—',—,0.0
EVT-000004,results/realtime/predictions.csv,False,Non-numeric class string in confidence: '—',—,0.0
EVT-000005,results/realtime/predictions.csv,False,Non-numeric class string in confidence: '—',—,0.0
EVT-000006,results/realtime/predictions.csv,False,Non-numeric class string in confidence: '—',—,0.0
EVT-000007,results/realtime/predictions.csv,False,Non-numeric class string in confidence: '—',—,0.0
EVT-000008,results/realtime/predictions.csv,False,Non-numeric class string in confidence: '—',—,0.0
EVT-000009,results/realtime/predictions.csv,False,Non-numeric class string in confidence: '—',—,0.0
EVT-000010,results/realtime/predictions.csv,False,Non-numeric class string in confidence: '—',—,0.0
EVT-000011,results/realtime/predictions.csv,False,Non-numeric class string in confidence: 'Web',Web,0.0
EVT-000012,results/realtime/predictions.csv,False,Non-numeric class string in confidence: 'Other',Other,0.0
EVT-000013,results/realtime/predictions.csv,False,Non-numeric class string in confidence: 'Other',Other,0.0
EVT-000014,results/realtime/predictions.csv,False,Non-numeric class string in confidence: 'Other',Other,0.0
EVT-000015,results/realtime/predictions.csv,False,Non-numeric class string in confidence: 'Other',Other,0.0
EVT-000016,results/realtime/predictions.csv,False,Non-numeric class string in confidence: 'Other',Other,0.0
EVT-000017,results/realtime/predictions.csv,False,Non-numeric class string in confidence: 'Other',Other,0.0
EVT-000018,results/realtime/predictions.csv,False,Non-numeric class string in confidence: 'Other',Other,0.0
EVT-000019,results/realtime/predictions.csv,False,Non-numeric class string in confidence: 'Other',Other,0.0
EVT-000020,results/realtime/predictions.csv,False,Non-numeric class string in confidence: 'Web',Web,0.0
EVT-000021,results/realtime/predictions.csv,False,Non-numeric class string in confidence: 'VoIP',VoIP,0.0
EVT-000022,results/realtime/predictions.csv,False,Non-numeric class string in confidence: 'VoIP',VoIP,0.0
EVT-000023,results/realtime/predictions.csv,False,Non-numeric class string in confidence: 'Messaging',Messaging,0.0
EVT-000024,results/realtime/predictions.csv,False,Non-numeric class string in confidence: 'VoIP',VoIP,0.0
EVT-000025,results/realtime/predictions.csv,False,Non-numeric class string in confidence: 'Other',Other,0.0
EVT-000026,results/realtime/predictions.csv,False,Non-numeric class string in confidence: 'VoIP',VoIP,0.0
EVT-000027,results/realtime/predictions.csv,False,Non-numeric class string in confidence: 'Messaging',Messaging,0.0
EVT-000028,results/realtime/predictions.csv,False,Non-numeric class string in confidence: 'VoIP',VoIP,0.0
EVT-000029,results/realtime/predictions.csv,False,Non-numeric class string in confidence: 'Messaging',Messaging,0.0
EVT-000030,results/realtime/predictions.csv,False,Non-numeric class string in confidence: 'Web',Web,0.0
EVT-000031,results/realtime/predictions.csv,False,Non-numeric class string in confidence: 'Other',Other,0.0
EVT-000032,results/realtime/predictions.csv,False,Non-numeric class string in confidence: 'Messaging',Messaging,0.0
EVT-000033,results/realtime/predictions.csv,False,Non-numeric class string in confidence: 'Other',Other,0.0
EVT-000034,results/realtime/predictions.csv,False,Non-numeric class string in confidence: 'Messaging',Messaging,0.0
EVT-000035,results/realtime/predictions.csv,False,Non-numeric class string in confidence: 'Messaging',Messaging,0.0
EVT-000036,results/realtime/predictions.csv,False,Non-numeric class string in confidence: 'File Transfer',File Transfer,0.0
EVT-000037,results/realtime/predictions.csv,False,Non-numeric class string in confidence: 'Messaging',Messaging,0.0
EVT-000038,results/realtime/predictions.csv,False,Non-numeric class string in confidence: 'File Transfer',File Transfer,0.0
EVT-000039,results/realtime/predictions.csv,False,Non-numeric class string in confidence: 'File Transfer',File Transfer,0.0
EVT-000040,results/realtime/predictions.csv,False,Non-numeric class string in confidence: 'Web',Web,0.0
EVT-000041,results/realtime/predictions.csv,False,Non-numeric class string in confidence: 'Web',Web,0.0
EVT-000042,results/realtime/predictions.csv,False,Non-numeric class string in confidence: 'File Transfer',File Transfer,0.0
EVT-000043,results/realtime/predictions.csv,False,Non-numeric class string in confidence: 'VoIP',VoIP,0.0
EVT-000044,results/realtime/predictions.csv,False,Non-numeric class string in confidence: 'Other',Other,0.0
EVT-000045,results/realtime/predictions.csv,False,Non-numeric class string in confidence: 'File Transfer',File Transfer,0.0
EVT-000046,results/realtime/predictions.csv,False,Non-numeric class string in confidence: 'Messaging',Messaging,0.0
EVT-000047,results/realtime/predictions.csv,False,Non-numeric class string in confidence: 'Web',Web,0.0
EVT-000048,results/realtime/predictions.csv,False,Non-numeric class string in confidence: 'Messaging',Messaging,0.0
EVT-000049,results/realtime/predictions.csv,False,Non-numeric class string in confidence: 'Web',Web,0.0
EVT-000050,results/realtime/predictions.csv,False,Non-numeric class string in confidence: 'File Transfer',File Transfer,0.0
EVT-000051,results/realtime/predictions.csv,False,Non-numeric class string in confidence: 'Messaging',Messaging,0.0
EVT-000052,results/realtime/predictions.csv,False,Non-numeric class string in confidence: 'VoIP',VoIP,0.0
EVT-000053,results/realtime/predictions.csv,False,Non-numeric class string in confidence: 'File Transfer',File Transfer,0.0
EVT-000054,results/realtime/predictions.csv,False,Non-numeric class string in confidence: 'VoIP',VoIP,0.0
EVT-000055,results/realtime/predictions.csv,False,Non-numeric class string in confidence: 'File Transfer',File Transfer,0.0
EVT-000056,results/realtime/predictions.csv,False,Non-numeric class string in confidence: 'Video',Video,0.0
EVT-000057,results/realtime/predictions.csv,False,Non-numeric class string in confidence: 'Web',Web,0.0
EVT-000058,results/realtime/predictions.csv,False,Non-numeric class string in confidence: 'Video',Video,0.0
EVT-000059,results/realtime/predictions.csv,False,Non-numeric class string in confidence: 'Web',Web,0.0
EVT-000060,results/realtime/predictions.csv,False,Non-numeric class string in confidence: 'Other',Other,0.0
EVT-000061,results/realtime/predictions.csv,False,Non-numeric class string in confidence: 'Web',Web,0.0
EVT-000062,results/realtime/predictions.csv,False,Non-numeric class string in confidence: 'VoIP',VoIP,0.0
EVT-000063,results/realtime/predictions.csv,False,Non-numeric class string in confidence: 'VoIP',VoIP,0.0
EVT-000064,results/realtime/predictions.csv,False,Non-numeric class string in confidence: 'Video',Video,0.0
EVT-000065,results/realtime/predictions.csv,False,Non-numeric class string in confidence: 'VoIP',VoIP,0.0
EVT-000066,results/realtime/predictions.csv,False,Non-numeric class string in confidence: 'Video',Video,0.0
EVT-000067,results/realtime/predictions.csv,False,Non-numeric class string in confidence: 'Video',Video,0.0
EVT-000068,results/realtime/predictions.csv,False,Non-numeric class string in confidence: 'Other',Other,0.0
EVT-000069,results/realtime/predictions.csv,False,Non-numeric class string in confidence: 'VoIP',VoIP,0.0
EVT-000070,results/realtime/predictions.csv,False,Non-numeric class string in confidence: 'VoIP',VoIP,0.0
EVT-000071,results/realtime/predictions.csv,False,Non-numeric class string in confidence: 'Web',Web,0.0
EVT-000072,results/realtime/predictions.csv,False,Non-numeric class string in confidence: 'Other',Other,0.0
EVT-000073,results/realtime/predictions.csv,False,Non-numeric class string in confidence: 'VoIP',VoIP,0.0
EVT-000074,results/realtime/predictions.csv,False,Non-numeric class string in confidence: 'File Transfer',File Transfer,0.0
EVT-000075,results/realtime/predictions.csv,False,Non-numeric class string in confidence: 'VoIP',VoIP,0.0
EVT-000076,results/realtime/predictions.csv,False,Non-numeric class string in confidence: 'Messaging',Messaging,0.0
EVT-000077,results/realtime/predictions.csv,False,Non-numeric class string in confidence: 'File Transfer',File Transfer,0.0
EVT-000078,results/realtime/predictions.csv,False,Non-numeric class string in confidence: 'Video',Video,0.0
EVT-000079,results/realtime/predictions.csv,False,Non-numeric class string in confidence: 'Video',Video,0.0
EVT-000080,results/realtime/predictions.csv,False,Non-numeric class string in confidence: 'Web',Web,0.0
EVT-000081,results/realtime/predictions.csv,False,Non-numeric class string in confidence: 'File Transfer',File Transfer,0.0
EVT-000082,results/realtime/predictions.csv,False,Non-numeric class string in confidence: 'Web',Web,0.0
EVT-000083,results/realtime/predictions.csv,False,Non-numeric class string in confidence: 'Web',Web,0.0
EVT-000084,results/realtime/predictions.csv,False,Non-numeric class string in confidence: 'Video',Video,0.0
EVT-000085,results/realtime/predictions.csv,False,Non-numeric class string in confidence: 'Messaging',Messaging,0.0
EVT-000086,results/realtime/predictions.csv,False,Non-numeric class string in confidence: 'Video',Video,0.0
EVT-000087,results/realtime/predictions.csv,False,Non-numeric class string in confidence: 'Messaging',Messaging,0.0
EVT-000088,results/realtime/predictions.csv,False,Non-numeric class string in confidence: 'VoIP',VoIP,0.0
EVT-000089,results/realtime/predictions.csv,False,Non-numeric class string in confidence: 'VoIP',VoIP,0.0
EVT-000090,results/realtime/predictions.csv,False,Non-numeric class string in confidence: 'Other',Other,0.0
EVT-000091,results/realtime/predictions.csv,False,Non-numeric class string in confidence: 'Messaging',Messaging,0.0
EVT-000092,results/realtime/predictions.csv,False,Non-numeric class string in confidence: 'VoIP',VoIP,0.0
EVT-000093,results/realtime/predictions.csv,False,Non-numeric class string in confidence: 'Video',Video,0.0
EVT-000094,results/realtime/predictions.csv,False,Non-numeric class string in confidence: 'VoIP',VoIP,0.0
EVT-000095,results/realtime/predictions.csv,False,Non-numeric class string in confidence: 'Other',Other,0.0
EVT-000096,results/realtime/predictions.csv,False,Non-numeric class string in confidence: 'Other',Other,0.0
EVT-000097,results/realtime/predictions.csv,False,Non-numeric class string in confidence: 'Web',Web,0.0
EVT-000098,results/realtime/predictions.csv,False,Non-numeric class string in confidence: 'Other',Other,0.0
EVT-000099,results/realtime/predictions.csv,False,Non-numeric class string in confidence: 'Messaging',Messaging,0.0
EVT-000100,results/realtime/predictions.csv,False,Non-numeric class string in confidence: 'File Transfer',File Transfer,0.0
EVT-000101,results/realtime/predictions.csv,False,Non-numeric class string in confidence: 'Video',Video,0.0
EVT-000102,results/realtime/predictions.csv,False,Non-numeric class string in confidence: 'Messaging',Messaging,0.0
EVT-000103,results/realtime/predictions.csv,False,Non-numeric class string in confidence: 'Video',Video,0.0
EVT-000104,results/realtime/predictions.csv,False,Non-numeric class string in confidence: 'Messaging',Messaging,0.0
EVT-000105,results/realtime/predictions.csv,False,Non-numeric class string in confidence: 'Web',Web,0.0
EVT-000106,results/realtime/predictions.csv,False,Non-numeric class string in confidence: 'Other',Other,0.0
EVT-000107,results/realtime/predictions.csv,False,Non-numeric class string in confidence: 'Other',Other,0.0
EVT-000108,results/realtime/predictions.csv,False,Non-numeric class string in confidence: 'Other',Other,0.0
EVT-000109,results/realtime/predictions.csv,False,Non-numeric class string in confidence: 'Messaging',Messaging,0.0
EVT-000110,results/realtime/predictions.csv,False,Non-numeric class string in confidence: 'Web',Web,0.0
EVT-000111,results/realtime/predictions.csv,False,Non-numeric class string in confidence: 'Messaging',Messaging,0.0
EVT-000112,results/realtime/predictions.csv,False,Non-numeric class string in confidence: 'Video',Video,0.0
EVT-000113,results/realtime/predictions.csv,False,Non-numeric class string in confidence: 'File Transfer',File Transfer,0.0
EVT-000114,results/realtime/predictions.csv,False,Non-numeric class string in confidence: 'Video',Video,0.0
EVT-000115,results/realtime/predictions.csv,False,Non-numeric class string in confidence: 'VoIP',VoIP,0.0
EVT-000116,results/realtime/predictions.csv,False,Non-numeric class string in confidence: 'Messaging',Messaging,0.0
EVT-000117,results/realtime/predictions.csv,False,Non-numeric class string in confidence: 'File Transfer',File Transfer,0.0
EVT-000118,results/realtime/predictions.csv,False,Non-numeric class string in confidence: 'Other',Other,0.0
EVT-000119,results/realtime/predictions.csv,False,Non-numeric class string in confidence: 'Web',Web,0.0
EVT-000120,results/realtime/predictions.csv,False,Non-numeric class string in confidence: 'Other',Other,0.0
EVT-000121,results/realtime/predictions.csv,False,Non-numeric class string in confidence: 'Video',Video,0.0
EVT-000122,results/realtime/predictions.csv,False,Non-numeric class string in confidence: 'Messaging',Messaging,0.0
EVT-000123,results/realtime/predictions.csv,False,Non-numeric class string in confidence: 'VoIP',VoIP,0.0
EVT-000124,results/realtime/predictions.csv,False,Non-numeric class string in confidence: 'Messaging',Messaging,0.0
EVT-000125,results/realtime/predictions.csv,False,Non-numeric class string in confidence: 'File Transfer',File Transfer,0.0
EVT-000126,results/realtime/predictions.csv,False,Non-numeric class string in confidence: 'File Transfer',File Transfer,0.0
EVT-000127,results/realtime/predictions.csv,False,Non-numeric class string in confidence: 'Other',Other,0.0
EVT-000128,results/realtime/predictions.csv,False,Non-numeric class string in confidence: 'Web',Web,0.0
EVT-000129,results/realtime/predictions.csv,False,Non-numeric class string in confidence: 'Other',Other,0.0
EVT-000130,results/realtime/predictions.csv,False,Non-numeric class string in confidence: 'Web',Web,0.0
EVT-000001,results/realtime/predictions.csv,False,Non-numeric class string in confidence: 'Video',Video,0.0
EVT-000002,results/realtime/predictions.csv,False,Non-numeric class string in confidence: 'Other',Other,0.0
EVT-000003,results/realtime/predictions.csv,False,Non-numeric class string in confidence: '—',—,0.0
EVT-000004,results/realtime/predictions.csv,False,Non-numeric class string in confidence: '—',—,0.0
EVT-000005,results/realtime/predictions.csv,False,Non-numeric class string in confidence: '—',—,0.0
EVT-000006,results/realtime/predictions.csv,False,Non-numeric class string in confidence: 'Other',Other,0.0
EVT-000007,results/realtime/predictions.csv,False,Non-numeric class string in confidence: '—',—,0.0
EVT-000008,results/realtime/predictions.csv,False,Non-numeric class string in confidence: '—',—,0.0
EVT-000009,results/realtime/predictions.csv,False,Non-numeric class string in confidence: 'Messaging',Messaging,0.0
EVT-000010,results/realtime/predictions.csv,False,Non-numeric class string in confidence: 'VoIP',VoIP,0.0
EVT-000011,results/realtime/predictions.csv,False,Non-numeric class string in confidence: 'VoIP',VoIP,0.0
EVT-000012,results/realtime/predictions.csv,False,Non-numeric class string in confidence: 'Other',Other,0.0
EVT-000013,results/realtime/predictions.csv,False,Non-numeric class string in confidence: 'Other',Other,0.0
EVT-000014,results/realtime/predictions.csv,False,Non-numeric class string in confidence: 'VoIP',VoIP,0.0
EVT-000015,results/realtime/predictions.csv,False,Non-numeric class string in confidence: '—',—,0.0
EVT-000016,results/realtime/predictions.csv,False,Non-numeric class string in confidence: '—',—,0.0
EVT-000017,results/realtime/predictions.csv,False,Non-numeric class string in confidence: 'VoIP',VoIP,0.0
EVT-000018,results/realtime/predictions.csv,False,Non-numeric class string in confidence: 'VoIP',VoIP,0.0
EVT-000019,results/realtime/predictions.csv,False,Non-numeric class string in confidence: 'Other',Other,0.0
EVT-000020,results/realtime/predictions.csv,False,Non-numeric class string in confidence: 'Video',Video,0.0
EVT-000021,results/realtime/predictions.csv,False,Non-numeric class string in confidence: 'Web',Web,0.0
EVT-000022,results/realtime/predictions.csv,False,Non-numeric class string in confidence: 'Other',Other,0.0
EVT-000023,results/realtime/predictions.csv,False,Non-numeric class string in confidence: 'Web',Web,0.0
EVT-000024,results/realtime/predictions.csv,False,Non-numeric class string in confidence: 'Messaging',Messaging,0.0
EVT-000025,results/realtime/predictions.csv,False,Non-numeric class string in confidence: 'Messaging',Messaging,0.0
EVT-000026,results/realtime/predictions.csv,False,Non-numeric class string in confidence: 'Messaging',Messaging,0.0
EVT-000027,results/realtime/predictions.csv,False,Non-numeric class string in confidence: '—',—,0.0
EVT-000028,results/realtime/predictions.csv,False,Non-numeric class string in confidence: 'Other',Other,0.0
EVT-000029,results/realtime/predictions.csv,False,Non-numeric class string in confidence: 'VoIP',VoIP,0.0
EVT-000030,results/realtime/predictions.csv,False,Non-numeric class string in confidence: 'Messaging',Messaging,0.0
EVT-000031,results/realtime/predictions.csv,False,Non-numeric class string in confidence: 'Web',Web,0.0
EVT-000032,results/realtime/predictions.csv,False,Non-numeric class string in confidence: 'Other',Other,0.0
EVT-000033,results/realtime/predictions.csv,False,Non-numeric class string in confidence: '—',—,0.0
EVT-000034,results/realtime/predictions.csv,False,Non-numeric class string in confidence: '—',—,0.0
EVT-000035,results/realtime/predictions.csv,False,Non-numeric class string in confidence: 'Messaging',Messaging,0.0
EVT-000036,results/realtime/predictions.csv,False,Non-numeric class string in confidence: 'VoIP',VoIP,0.0
EVT-000037,results/realtime/predictions.csv,False,Non-numeric class string in confidence: 'Other',Other,0.0
EVT-000038,results/realtime/predictions.csv,False,Non-numeric class string in confidence: 'File Transfer',File Transfer,0.0
EVT-000039,results/realtime/predictions.csv,False,Non-numeric class string in confidence: 'Web',Web,0.0
EVT-000040,results/realtime/predictions.csv,False,Non-numeric class string in confidence: 'Messaging',Messaging,0.0
EVT-000041,results/realtime/predictions.csv,False,Non-numeric class string in confidence: 'VoIP',VoIP,0.0
EVT-000042,results/realtime/predictions.csv,False,Non-numeric class string in confidence: 'Other',Other,0.0
EVT-000043,results/realtime/predictions.csv,False,Non-numeric class string in confidence: 'Web',Web,0.0
EVT-000044,results/realtime/predictions.csv,False,Non-numeric class string in confidence: 'Messaging',Messaging,0.0
EVT-000045,results/realtime/predictions.csv,False,Non-numeric class string in confidence: 'Video',Video,0.0
EVT-000046,results/realtime/predictions.csv,False,Non-numeric class string in confidence: 'File Transfer',File Transfer,0.0
EVT-000047,results/realtime/predictions.csv,False,Non-numeric class string in confidence: 'Messaging',Messaging,0.0
EVT-000048,results/realtime/predictions.csv,False,Non-numeric class string in confidence: 'Web',Web,0.0
EVT-000049,results/realtime/predictions.csv,False,Non-numeric class string in confidence: 'File Transfer',File Transfer,0.0
EVT-000050,results/realtime/predictions.csv,False,Non-numeric class string in confidence: 'Web',Web,0.0
EVT-000051,results/realtime/predictions.csv,False,Non-numeric class string in confidence: '—',—,0.0
EVT-000052,results/realtime/predictions.csv,False,Non-numeric class string in confidence: '—',—,0.0
EVT-000053,results/realtime/predictions.csv,False,Non-numeric class string in confidence: 'File Transfer',File Transfer,0.0
EVT-000054,results/realtime/predictions.csv,False,Non-numeric class string in confidence: 'Other',Other,0.0
EVT-000055,results/realtime/predictions.csv,False,Non-numeric class string in confidence: 'Video',Video,0.0
EVT-000056,results/realtime/predictions.csv,False,Non-numeric class string in confidence: 'File Transfer',File Transfer,0.0
EVT-000057,results/realtime/predictions.csv,False,Non-numeric class string in confidence: 'File Transfer',File Transfer,0.0
EVT-000058,results/realtime/predictions.csv,False,Non-numeric class string in confidence: 'Web',Web,0.0
EVT-000059,results/realtime/predictions.csv,False,Non-numeric class string in confidence: 'Other',Other,0.0
EVT-000060,results/realtime/predictions.csv,False,Non-numeric class string in confidence: 'Web',Web,0.0
EVT-000061,results/realtime/predictions.csv,False,Non-numeric class string in confidence: 'Video',Video,0.0
EVT-000062,results/realtime/predictions.csv,False,Non-numeric class string in confidence: '—',—,0.0
EVT-000063,results/realtime/predictions.csv,False,Non-numeric class string in confidence: '—',—,0.0
EVT-000064,results/realtime/predictions.csv,False,Non-numeric class string in confidence: 'VoIP',VoIP,0.0
EVT-000065,results/realtime/predictions.csv,False,Non-numeric class string in confidence: 'Other',Other,0.0
EVT-000066,results/realtime/predictions.csv,False,Non-numeric class string in confidence: 'Video',Video,0.0
EVT-000067,results/realtime/predictions.csv,False,Non-numeric class string in confidence: '—',—,0.0
EVT-000068,results/realtime/predictions.csv,False,Non-numeric class string in confidence: '—',—,0.0
EVT-000069,results/realtime/predictions.csv,False,Non-numeric class string in confidence: 'Messaging',Messaging,0.0
EVT-000070,results/realtime/predictions.csv,False,Non-numeric class string in confidence: 'File Transfer',File Transfer,0.0
EVT-000071,results/realtime/predictions.csv,False,Non-numeric class string in confidence: 'Other',Other,0.0
EVT-000072,results/realtime/predictions.csv,False,Non-numeric class string in confidence: 'Video',Video,0.0
EVT-000073,results/realtime/predictions.csv,False,Non-numeric class string in confidence: 'Messaging',Messaging,0.0
EVT-000074,results/realtime/predictions.csv,False,Non-numeric class string in confidence: 'Video',Video,0.0
EVT-000075,results/realtime/predictions.csv,False,Non-numeric class string in confidence: 'VoIP',VoIP,0.0
EVT-000076,results/realtime/predictions.csv,False,Non-numeric class string in confidence: 'Web',Web,0.0
EVT-000077,results/realtime/predictions.csv,False,Non-numeric class string in confidence: 'Web',Web,0.0
EVT-000078,results/realtime/predictions.csv,False,Non-numeric class string in confidence: '—',—,0.0
EVT-000079,results/realtime/predictions.csv,False,Non-numeric class string in confidence: '—',—,0.0
EVT-000080,results/realtime/predictions.csv,False,Non-numeric class string in confidence: 'File Transfer',File Transfer,0.0
EVT-000081,results/realtime/predictions.csv,False,Non-numeric class string in confidence: 'File Transfer',File Transfer,0.0
EVT-000082,results/realtime/predictions.csv,False,Non-numeric class string in confidence: 'Other',Other,0.0
EVT-000083,results/realtime/predictions.csv,False,Non-numeric class string in confidence: 'VoIP',VoIP,0.0
EVT-000084,results/realtime/predictions.csv,False,Non-numeric class string in confidence: 'File Transfer',File Transfer,0.0
EVT-000085,results/realtime/predictions.csv,False,Non-numeric class string in confidence: 'Web',Web,0.0
EVT-000086,results/realtime/predictions.csv,False,Non-numeric class string in confidence: '—',—,0.0
EVT-000087,results/realtime/predictions.csv,False,Non-numeric class string in confidence: '—',—,0.0
EVT-000088,results/realtime/predictions.csv,False,Non-numeric class string in confidence: 'Web',Web,0.0
EVT-000089,results/realtime/predictions.csv,False,Non-numeric class string in confidence: 'Web',Web,0.0
EVT-000090,results/realtime/predictions.csv,False,Non-numeric class string in confidence: 'VoIP',VoIP,0.0
EVT-000091,results/realtime/predictions.csv,False,Non-numeric class string in confidence: 'File Transfer',File Transfer,0.0
EVT-000092,results/realtime/predictions.csv,False,Non-numeric class string in confidence: 'VoIP',VoIP,0.0
EVT-000093,results/realtime/predictions.csv,False,Non-numeric class string in confidence: 'VoIP',VoIP,0.0
EVT-000094,results/realtime/predictions.csv,False,Non-numeric class string in confidence: 'VoIP',VoIP,0.0
EVT-000095,results/realtime/predictions.csv,False,Non-numeric class string in confidence: 'Video',Video,0.0
EVT-000096,results/realtime/predictions.csv,False,Non-numeric class string in confidence: 'Video',Video,0.0
EVT-000097,results/realtime/predictions.csv,False,Non-numeric class string in confidence: 'VoIP',VoIP,0.0
EVT-000098,results/realtime/predictions.csv,False,Non-numeric class string in confidence: 'Video',Video,0.0
EVT-000099,results/realtime/predictions.csv,False,Non-numeric class string in confidence: 'VoIP',VoIP,0.0
EVT-000100,results/realtime/predictions.csv,False,Non-numeric class string in confidence: 'File Transfer',File Transfer,0.0
EVT-000101,results/realtime/predictions.csv,False,Non-numeric class string in confidence: 'Messaging',Messaging,0.0
EVT-000102,results/realtime/predictions.csv,False,Non-numeric class string in confidence: 'Video',Video,0.0
EVT-000103,results/realtime/predictions.csv,False,Non-numeric class string in confidence: 'Messaging',Messaging,0.0
EVT-000104,results/realtime/predictions.csv,False,Non-numeric class string in confidence: 'VoIP',VoIP,0.0
EVT-000105,results/realtime/predictions.csv,False,Non-numeric class string in confidence: 'Video',Video,0.0
EVT-000106,results/realtime/predictions.csv,False,Non-numeric class string in confidence: 'VoIP',VoIP,0.0
EVT-000107,results/realtime/predictions.csv,False,Non-numeric class string in confidence: '—',—,0.0
EVT-000108,results/realtime/predictions.csv,False,Non-numeric class string in confidence: 'Messaging',Messaging,0.0
EVT-000109,results/realtime/predictions.csv,False,Non-numeric class string in confidence: 'Video',Video,0.0
EVT-000110,results/realtime/predictions.csv,False,Non-numeric class string in confidence: 'Web',Web,0.0
EVT-000111,results/realtime/predictions.csv,False,Non-numeric class string in confidence: 'Messaging',Messaging,0.0
EVT-000112,results/realtime/predictions.csv,False,Non-numeric class string in confidence: 'VoIP',VoIP,0.0
EVT-000113,results/realtime/predictions.csv,False,Non-numeric class string in confidence: 'File Transfer',File Transfer,0.0
EVT-000114,results/realtime/predictions.csv,False,Non-numeric class string in confidence: 'Video',Video,0.0
EVT-000115,results/realtime/predictions.csv,False,Non-numeric class string in confidence: 'Video',Video,0.0
EVT-000116,results/realtime/predictions.csv,False,Non-numeric class string in confidence: '—',—,0.0
EVT-000117,results/realtime/predictions.csv,False,Non-numeric class string in confidence: 'Other',Other,0.0
EVT-000118,results/realtime/predictions.csv,False,Non-numeric class string in confidence: 'Other',Other,0.0
EVT-000119,results/realtime/predictions.csv,False,Non-numeric class string in confidence: 'VoIP',VoIP,0.0
EVT-000120,results/realtime/predictions.csv,False,Non-numeric class string in confidence: 'Messaging',Messaging,0.0
EVT-000121,results/realtime/predictions.csv,False,Non-numeric class string in confidence: 'Other',Other,0.0
EVT-000122,results/realtime/predictions.csv,False,Non-numeric class string in confidence: 'File Transfer',File Transfer,0.0
EVT-000123,results/realtime/predictions.csv,False,Non-numeric class string in confidence: 'Other',Other,0.0
EVT-000124,results/realtime/predictions.csv,False,Non-numeric class string in confidence: 'Messaging',Messaging,0.0
EVT-000125,results/realtime/predictions.csv,False,Non-numeric class string in confidence: 'Video',Video,0.0
EVT-000126,results/realtime/predictions.csv,False,Non-numeric class string in confidence: 'Video',Video,0.0
EVT-000127,results/realtime/predictions.csv,False,Non-numeric class string in confidence: 'Messaging',Messaging,0.0
EVT-000128,results/realtime/predictions.csv,False,Non-numeric class string in confidence: 'Web',Web,0.0
EVT-000129,results/realtime/predictions.csv,False,Non-numeric class string in confidence: 'Video',Video,0.0
EVT-000130,results/realtime/predictions.csv,False,Non-numeric class string in confidence: 'Web',Web,0.0
EVT-000131,results/realtime/predictions.csv,False,Non-numeric class string in confidence: 'VoIP',VoIP,0.0
EVT-000132,results/realtime/predictions.csv,False,Non-numeric class string in confidence: 'Web',Web,0.0
EVT-000133,results/realtime/predictions.csv,False,Non-numeric class string in confidence: 'Web',Web,0.0
EVT-000134,results/realtime/predictions.csv,False,Non-numeric class string in confidence: 'Messaging',Messaging,0.0
EVT-000135,results/realtime/predictions.csv,False,Non-numeric class string in confidence: 'File Transfer',File Transfer,0.0
EVT-000136,results/realtime/predictions.csv,False,Non-numeric class string in confidence: 'Web',Web,0.0
EVT-000137,results/realtime/predictions.csv,False,Non-numeric class string in confidence: 'Other',Other,0.0
EVT-000138,results/realtime/predictions.csv,False,Non-numeric class string in confidence: 'Video',Video,0.0
EVT-000139,results/realtime/predictions.csv,False,Non-numeric class string in confidence: 'Other',Other,0.0
EVT-000140,results/realtime/predictions.csv,False,Non-numeric class string in confidence: 'Web',Web,0.0
EVT-000141,results/realtime/predictions.csv,False,Non-numeric class string in confidence: 'Video',Video,0.0
EVT-000142,results/realtime/predictions.csv,False,Non-numeric class string in confidence: 'Web',Web,0.0
EVT-000143,results/realtime/predictions.csv,False,Non-numeric class string in confidence: 'VoIP',VoIP,0.0
EVT-000144,results/realtime/predictions.csv,False,Non-numeric class string in confidence: 'Web',Web,0.0
EVT-000145,results/realtime/predictions.csv,False,Non-numeric class string in confidence: 'Other',Other,0.0
EVT-000146,results/realtime/predictions.csv,False,Non-numeric class string in confidence: 'VoIP',VoIP,0.0
EVT-000147,results/realtime/predictions.csv,False,Non-numeric class string in confidence: 'Other',Other,0.0
EVT-000148,results/realtime/predictions.csv,False,Non-numeric class string in confidence: 'File Transfer',File Transfer,0.0
EVT-000149,results/realtime/predictions.csv,False,Non-numeric class string in confidence: 'VoIP',VoIP,0.0
EVT-000150,results/realtime/predictions.csv,False,Non-numeric class string in confidence: 'Messaging',Messaging,0.0
EVT-000151,results/realtime/predictions.csv,False,Non-numeric class string in confidence: 'Web',Web,0.0
EVT-000152,results/realtime/predictions.csv,False,Non-numeric class string in confidence: 'Messaging',Messaging,0.0
EVT-000153,results/realtime/predictions.csv,False,Non-numeric class string in confidence: 'File Transfer',File Transfer,0.0
EVT-000154,results/realtime/predictions.csv,False,Non-numeric class string in confidence: 'Video',Video,0.0
EVT-000155,results/realtime/predictions.csv,False,Non-numeric class string in confidence: 'Other',Other,0.0
EVT-000156,results/realtime/predictions.csv,False,Non-numeric class string in confidence: 'Other',Other,0.0
EVT-000157,results/realtime/predictions.csv,False,Non-numeric class string in confidence: '—',—,0.0
EVT-000158,results/realtime/predictions.csv,False,Non-numeric class string in confidence: 'Web',Web,0.0
EVT-000159,results/realtime/predictions.csv,False,Non-numeric class string in confidence: 'Video',Video,0.0
EVT-000160,results/realtime/predictions.csv,False,Non-numeric class string in confidence: 'File Transfer',File Transfer,0.0
EVT-000161,results/realtime/predictions.csv,False,Non-numeric class string in confidence: 'VoIP',VoIP,0.0
EVT-000162,results/realtime/predictions.csv,False,Non-numeric class string in confidence: 'File Transfer',File Transfer,0.0
EVT-000163,results/realtime/predictions.csv,False,Non-numeric class string in confidence: 'Video',Video,0.0
EVT-000164,results/realtime/predictions.csv,False,Non-numeric class string in confidence: '—',—,0.0
EVT-000165,results/realtime/predictions.csv,False,Non-numeric class string in confidence: 'Web',Web,0.0
EVT-000166,results/realtime/predictions.csv,False,Non-numeric class string in confidence: 'Messaging',Messaging,0.0
EVT-000167,results/realtime/predictions.csv,False,Non-numeric class string in confidence: '—',—,0.0
EVT-000168,results/realtime/predictions.csv,False,Non-numeric class string in confidence: 'Web',Web,0.0
EVT-000169,results/realtime/predictions.csv,False,Non-numeric class string in confidence: 'Video',Video,0.0
EVT-000170,results/realtime/predictions.csv,False,Non-numeric class string in confidence: 'VoIP',VoIP,0.0
EVT-000171,results/realtime/predictions.csv,False,Non-numeric class string in confidence: 'File Transfer',File Transfer,0.0
EVT-000172,results/realtime/predictions.csv,False,Non-numeric class string in confidence: 'Other',Other,0.0
EVT-000173,results/realtime/predictions.csv,False,Non-numeric class string in confidence: 'Other',Other,0.0
EVT-000174,results/realtime/predictions.csv,False,Non-numeric class string in confidence: 'Other',Other,0.0
EVT-000175,results/realtime/predictions.csv,False,Non-numeric class string in confidence: 'Web',Web,0.0
EVT-000176,results/realtime/predictions.csv,False,Non-numeric class string in confidence: 'Web',Web,0.0
EVT-000177,results/realtime/predictions.csv,False,Non-numeric class string in confidence: 'Web',Web,0.0
EVT-000178,results/realtime/predictions.csv,False,Non-numeric class string in confidence: 'Messaging',Messaging,0.0
EVT-000179,results/realtime/predictions.csv,False,Non-numeric class string in confidence: 'Messaging',Messaging,0.0
EVT-000180,results/realtime/predictions.csv,False,Non-numeric class string in confidence: 'Web',Web,0.0
EVT-000181,results/realtime/predictions.csv,False,Non-numeric class string in confidence: 'File Transfer',File Transfer,0.0
EVT-000182,results/realtime/predictions.csv,False,Non-numeric class string in confidence: 'Video',Video,0.0
EVT-000183,results/realtime/predictions.csv,False,Non-numeric class string in confidence: 'File Transfer',File Transfer,0.0
EVT-000184,results/realtime/predictions.csv,False,Non-numeric class string in confidence: 'VoIP',VoIP,0.0
EVT-000185,results/realtime/predictions.csv,False,Non-numeric class string in confidence: 'VoIP',VoIP,0.0
EVT-000186,results/realtime/predictions.csv,False,Non-numeric class string in confidence: 'Other',Other,0.0
EVT-000187,results/realtime/predictions.csv,False,Non-numeric class string in confidence: 'Other',Other,0.0
EVT-000188,results/realtime/predictions.csv,False,Non-numeric class string in confidence: 'Web',Web,0.0
EVT-000189,results/realtime/predictions.csv,False,Non-numeric class string in confidence: '—',—,0.0
EVT-000190,results/realtime/predictions.csv,False,Non-numeric class string in confidence: '—',—,0.0
EVT-000191,results/realtime/predictions.csv,False,Non-numeric class string in confidence: 'Video',Video,0.0
EVT-000192,results/realtime/predictions.csv,False,Non-numeric class string in confidence: 'Other',Other,0.0
EVT-000193,results/realtime/predictions.csv,False,Non-numeric class string in confidence: 'File Transfer',File Transfer,0.0
EVT-000194,results/realtime/predictions.csv,False,Non-numeric class string in confidence: 'Other',Other,0.0
EVT-000195,results/realtime/predictions.csv,False,Non-numeric class string in confidence: 'Other',Other,0.0
EVT-000196,results/realtime/predictions.csv,False,Non-numeric class string in confidence: 'VoIP',VoIP,0.0
EVT-000197,results/realtime/predictions.csv,False,Non-numeric class string in confidence: 'Video',Video,0.0
EVT-000198,results/realtime/predictions.csv,False,Non-numeric class string in confidence: 'File Transfer',File Transfer,0.0
EVT-000199,results/realtime/predictions.csv,False,Non-numeric class string in confidence: 'File Transfer',File Transfer,0.0
EVT-000200,results/realtime/predictions.csv,False,Non-numeric class string in confidence: 'Video',Video,0.0
EVT-000201,results/realtime/predictions.csv,False,Non-numeric class string in confidence: 'Video',Video,0.0
EVT-000202,results/realtime/predictions.csv,False,Non-numeric class string in confidence: 'File Transfer',File Transfer,0.0
EVT-000203,results/realtime/predictions.csv,False,Non-numeric class string in confidence: 'Other',Other,0.0
EVT-000204,results/realtime/predictions.csv,False,Non-numeric class string in confidence: 'VoIP',VoIP,0.0
EVT-000205,results/realtime/predictions.csv,False,Non-numeric class string in confidence: 'File Transfer',File Transfer,0.0
EVT-000206,results/realtime/predictions.csv,False,Non-numeric class string in confidence: 'Messaging',Messaging,0.0
EVT-000207,results/realtime/predictions.csv,False,Non-numeric class string in confidence: 'Other',Other,0.0
EVT-000208,results/realtime/predictions.csv,False,Non-numeric class string in confidence: 'VoIP',VoIP,0.0
EVT-000209,results/realtime/predictions.csv,False,Non-numeric class string in confidence: 'File Transfer',File Transfer,0.0
EVT-000210,results/realtime/predictions.csv,False,Non-numeric class string in confidence: 'Other',Other,0.0
EVT-000211,results/realtime/predictions.csv,False,Non-numeric class string in confidence: 'Messaging',Messaging,0.0
EVT-000212,results/realtime/predictions.csv,False,Non-numeric class string in confidence: 'VoIP',VoIP,0.0
EVT-000213,results/realtime/predictions.csv,False,Non-numeric class string in confidence: 'File Transfer',File Transfer,0.0
EVT-000214,results/realtime/predictions.csv,False,Non-numeric class string in confidence: 'Web',Web,0.0
EVT-000215,results/realtime/predictions.csv,False,Non-numeric class string in confidence: 'File Transfer',File Transfer,0.0
EVT-000216,results/realtime/predictions.csv,False,Non-numeric class string in confidence: 'File Transfer',File Transfer,0.0
EVT-000217,results/realtime/predictions.csv,False,Non-numeric class string in confidence: 'VoIP',VoIP,0.0
EVT-000218,results/realtime/predictions.csv,False,Non-numeric class string in confidence: 'VoIP',VoIP,0.0
EVT-000219,results/realtime/predictions.csv,False,Non-numeric class string in confidence: '—',—,0.0
EVT-000220,results/realtime/predictions.csv,False,Non-numeric class string in confidence: '—',—,0.0
EVT-000221,results/realtime/predictions.csv,False,Non-numeric class string in confidence: 'Web',Web,0.0
EVT-000222,results/realtime/predictions.csv,False,Non-numeric class string in confidence: 'Other',Other,0.0
EVT-000223,results/realtime/predictions.csv,False,Non-numeric class string in confidence: '—',—,0.0
EVT-000224,results/realtime/predictions.csv,False,Non-numeric class string in confidence: 'Messaging',Messaging,0.0
EVT-000225,results/realtime/predictions.csv,False,Non-numeric class string in confidence: 'File Transfer',File Transfer,0.0
EVT-000226,results/realtime/predictions.csv,False,Non-numeric class string in confidence: 'Video',Video,0.0
EVT-000227,results/realtime/predictions.csv,False,Non-numeric class string in confidence: 'Video',Video,0.0
EVT-000228,results/realtime/predictions.csv,False,Non-numeric class string in confidence: 'File Transfer',File Transfer,0.0
EVT-000229,results/realtime/predictions.csv,False,Non-numeric class string in confidence: 'Messaging',Messaging,0.0
EVT-000230,results/realtime/predictions.csv,False,Non-numeric class string in confidence: 'Video',Video,0.0
EVT-000231,results/realtime/predictions.csv,False,Non-numeric class string in confidence: 'File Transfer',File Transfer,0.0
EVT-000232,results/realtime/predictions.csv,False,Non-numeric class string in confidence: 'Messaging',Messaging,0.0
EVT-000233,results/realtime/predictions.csv,False,Non-numeric class string in confidence: 'Video',Video,0.0
EVT-000234,results/realtime/predictions.csv,False,Non-numeric class string in confidence: '—',—,0.0
EVT-000235,results/realtime/predictions.csv,False,Non-numeric class string in confidence: '—',—,0.0
EVT-000236,results/realtime/predictions.csv,False,Non-numeric class string in confidence: 'Video',Video,0.0
EVT-000237,results/realtime/predictions.csv,False,Non-numeric class string in confidence: 'Other',Other,0.0
EVT-000238,results/realtime/predictions.csv,False,Non-numeric class string in confidence: 'File Transfer',File Transfer,0.0
EVT-000239,results/realtime/predictions.csv,False,Non-numeric class string in confidence: 'Video',Video,0.0
EVT-000240,results/realtime/predictions.csv,False,Non-numeric class string in confidence: '—',—,0.0
EVT-000241,results/realtime/predictions.csv,False,Non-numeric class string in confidence: '—',—,0.0
EVT-000242,results/realtime/predictions.csv,False,Non-numeric class string in confidence: 'Messaging',Messaging,0.0
EVT-000243,results/realtime/predictions.csv,False,Non-numeric class string in confidence: 'File Transfer',File Transfer,0.0
EVT-000244,results/realtime/predictions.csv,False,Non-numeric class string in confidence: '—',—,0.0
EVT-000245,results/realtime/predictions.csv,False,Non-numeric class string in confidence: 'Video',Video,0.0
EVT-000246,results/realtime/predictions.csv,False,Non-numeric class string in confidence: 'Other',Other,0.0
EVT-000247,results/realtime/predictions.csv,False,Non-numeric class string in confidence: 'File Transfer',File Transfer,0.0
EVT-000248,results/realtime/predictions.csv,False,Non-numeric class string in confidence: 'Web',Web,0.0
EVT-000249,results/realtime/predictions.csv,False,Non-numeric class string in confidence: 'Web',Web,0.0
EVT-000250,results/realtime/predictions.csv,False,Non-numeric class string in confidence: '—',—,0.0
EVT-000251,results/realtime/predictions.csv,False,Non-numeric class string in confidence: '—',—,0.0
EVT-000252,results/realtime/predictions.csv,False,Non-numeric class string in confidence: 'Web',Web,0.0
EVT-000253,results/realtime/predictions.csv,False,Non-numeric class string in confidence: '—',—,0.0
EVT-000254,results/realtime/predictions.csv,False,Non-numeric class string in confidence: '—',—,0.0
EVT-000255,results/realtime/predictions.csv,False,Non-numeric class string in confidence: 'Video',Video,0.0
EVT-000256,results/realtime/predictions.csv,False,Non-numeric class string in confidence: '—',—,0.0
EVT-000257,results/realtime/predictions.csv,False,Non-numeric class string in confidence: '—',—,0.0
EVT-000258,results/realtime/predictions.csv,False,Non-numeric class string in confidence: 'Web',Web,0.0
EVT-000259,results/realtime/predictions.csv,False,Non-numeric class string in confidence: 'VoIP',VoIP,0.0
EVT-000260,results/realtime/predictions.csv,False,Non-numeric class string in confidence: 'Other',Other,0.0
EVT-000261,results/realtime/predictions.csv,False,Non-numeric class string in confidence: 'File Transfer',File Transfer,0.0
EVT-000262,results/realtime/predictions.csv,False,Non-numeric class string in confidence: 'File Transfer',File Transfer,0.0
EVT-000263,results/realtime/predictions.csv,False,Non-numeric class string in confidence: 'File Transfer',File Transfer,0.0
EVT-000264,results/realtime/predictions.csv,False,Non-numeric class string in confidence: 'Video',Video,0.0
EVT-000265,results/realtime/predictions.csv,False,Non-numeric class string in confidence: 'File Transfer',File Transfer,0.0
EVT-000266,results/realtime/predictions.csv,False,Non-numeric class string in confidence: 'Other',Other,0.0
EVT-000267,results/realtime/predictions.csv,False,Non-numeric class string in confidence: 'VoIP',VoIP,0.0
EVT-000268,results/realtime/predictions.csv,False,Non-numeric class string in confidence: 'Video',Video,0.0
EVT-000269,results/realtime/predictions.csv,False,Non-numeric class string in confidence: 'Other',Other,0.0
EVT-000270,results/realtime/predictions.csv,False,Non-numeric class string in confidence: 'Other',Other,0.0
EVT-000271,results/realtime/predictions.csv,False,Non-numeric class string in confidence: 'Video',Video,0.0
EVT-000272,results/realtime/predictions.csv,False,Non-numeric class string in confidence: 'Video',Video,0.0
EVT-000273,results/realtime/predictions.csv,False,Non-numeric class string in confidence: 'Video',Video,0.0
EVT-000274,results/realtime/predictions.csv,False,Non-numeric class string in confidence: 'File Transfer',File Transfer,0.0
EVT-000275,results/realtime/predictions.csv,False,Non-numeric class string in confidence: 'File Transfer',File Transfer,0.0
EVT-000276,results/realtime/predictions.csv,False,Non-numeric class string in confidence: 'File Transfer',File Transfer,0.0
EVT-000277,results/realtime/predictions.csv,False,Non-numeric class string in confidence: 'Web',Web,0.0
EVT-000278,results/realtime/predictions.csv,False,Non-numeric class string in confidence: 'VoIP',VoIP,0.0
EVT-000279,results/realtime/predictions.csv,False,Non-numeric class string in confidence: 'Video',Video,0.0
EVT-000280,results/realtime/predictions.csv,False,Non-numeric class string in confidence: 'Web',Web,0.0
EVT-000281,results/realtime/predictions.csv,False,Non-numeric class string in confidence: 'File Transfer',File Transfer,0.0
EVT-000282,results/realtime/predictions.csv,False,Non-numeric class string in confidence: 'Video',Video,0.0
EVT-000283,results/realtime/predictions.csv,False,Non-numeric class string in confidence: 'Other',Other,0.0
EVT-000284,results/realtime/predictions.csv,False,Non-numeric class string in confidence: 'Messaging',Messaging,0.0
EVT-000285,results/realtime/predictions.csv,False,Non-numeric class string in confidence: 'File Transfer',File Transfer,0.0
EVT-000286,results/realtime/predictions.csv,False,Non-numeric class string in confidence: 'File Transfer',File Transfer,0.0
EVT-000287,results/realtime/predictions.csv,False,Non-numeric class string in confidence: '—',—,0.0
EVT-000288,results/realtime/predictions.csv,False,Non-numeric class string in confidence: 'Web',Web,0.0
EVT-000289,results/realtime/predictions.csv,False,Non-numeric class string in confidence: 'VoIP',VoIP,0.0
EVT-000290,results/realtime/predictions.csv,False,Non-numeric class string in confidence: 'VoIP',VoIP,0.0
EVT-000291,results/realtime/predictions.csv,False,Non-numeric class string in confidence: 'VoIP',VoIP,0.0
EVT-000292,results/realtime/predictions.csv,False,Non-numeric class string in confidence: 'Video',Video,0.0
EVT-000293,results/realtime/predictions.csv,False,Non-numeric class string in confidence: 'Video',Video,0.0
EVT-000294,results/realtime/predictions.csv,False,Non-numeric class string in confidence: 'Web',Web,0.0
EVT-000295,results/realtime/predictions.csv,False,Non-numeric class string in confidence: 'Web',Web,0.0
EVT-000296,results/realtime/predictions.csv,False,Non-numeric class string in confidence: 'VoIP',VoIP,0.0
EVT-000297,results/realtime/predictions.csv,False,Non-numeric class string in confidence: 'Other',Other,0.0
EVT-000298,results/realtime/predictions.csv,False,Non-numeric class string in confidence: 'File Transfer',File Transfer,0.0
EVT-000299,results/realtime/predictions.csv,False,Non-numeric class string in confidence: '—',—,0.0
EVT-000300,results/realtime/predictions.csv,False,Non-numeric class string in confidence: 'Messaging',Messaging,0.0
EVT-000301,results/realtime/predictions.csv,False,Non-numeric class string in confidence: 'Video',Video,0.0
EVT-000302,results/realtime/predictions.csv,False,Non-numeric class string in confidence: 'Other',Other,0.0
EVT-000303,results/realtime/predictions.csv,False,Non-numeric class string in confidence: 'File Transfer',File Transfer,0.0
EVT-000304,results/realtime/predictions.csv,False,Non-numeric class string in confidence: 'Video',Video,0.0
EVT-000305,results/realtime/predictions.csv,False,Non-numeric class string in confidence: '—',—,0.0
EVT-000306,results/realtime/predictions.csv,False,Non-numeric class string in confidence: 'Web',Web,0.0
EVT-000307,results/realtime/predictions.csv,False,Non-numeric class string in confidence: 'File Transfer',File Transfer,0.0
EVT-000308,results/realtime/predictions.csv,False,Non-numeric class string in confidence: '—',—,0.0
EVT-000309,results/realtime/predictions.csv,False,Non-numeric class string in confidence: 'Web',Web,0.0
EVT-000310,results/realtime/predictions.csv,False,Non-numeric class string in confidence: 'VoIP',VoIP,0.0
EVT-000311,results/realtime/predictions.csv,False,Non-numeric class string in confidence: 'Web',Web,0.0
EVT-000312,results/realtime/predictions.csv,False,Non-numeric class string in confidence: 'Web',Web,0.0
EVT-000313,results/realtime/predictions.csv,False,Non-numeric class string in confidence: 'Messaging',Messaging,0.0
EVT-000314,results/realtime/predictions.csv,False,Non-numeric class string in confidence: 'Messaging',Messaging,0.0
EVT-000315,results/realtime/predictions.csv,False,Non-numeric class string in confidence: 'Messaging',Messaging,0.0
EVT-000316,results/realtime/predictions.csv,False,Non-numeric class string in confidence: 'File Transfer',File Transfer,0.0
EVT-000317,results/realtime/predictions.csv,False,Non-numeric class string in confidence: '—',—,0.0
EVT-000318,results/realtime/predictions.csv,False,Non-numeric class string in confidence: 'Messaging',Messaging,0.0
EVT-000319,results/realtime/predictions.csv,False,Non-numeric class string in confidence: 'VoIP',VoIP,0.0
EVT-000320,results/realtime/predictions.csv,False,Non-numeric class string in confidence: 'VoIP',VoIP,0.0
EVT-000321,results/realtime/predictions.csv,False,Non-numeric class string in confidence: 'Video',Video,0.0
EVT-000322,results/realtime/predictions.csv,False,Non-numeric class string in confidence: 'Messaging',Messaging,0.0
EVT-000323,results/realtime/predictions.csv,False,Non-numeric class string in confidence: 'Other',Other,0.0
EVT-000324,results/realtime/predictions.csv,False,Non-numeric class string in confidence: 'Other',Other,0.0
EVT-000325,results/realtime/predictions.csv,False,Non-numeric class string in confidence: 'Messaging',Messaging,0.0
EVT-000326,results/realtime/predictions.csv,False,Non-numeric class string in confidence: 'Video',Video,0.0
EVT-000327,results/realtime/predictions.csv,False,Non-numeric class string in confidence: 'Other',Other,0.0
EVT-000328,results/realtime/predictions.csv,False,Non-numeric class string in confidence: 'Messaging',Messaging,0.0
EVT-000329,results/realtime/predictions.csv,False,Non-numeric class string in confidence: '—',—,0.0
EVT-000330,results/realtime/predictions.csv,False,Non-numeric class string in confidence: 'VoIP',VoIP,0.0
EVT-000331,results/realtime/predictions.csv,False,Non-numeric class string in confidence: 'Messaging',Messaging,0.0
EVT-000332,results/realtime/predictions.csv,False,Non-numeric class string in confidence: 'Video',Video,0.0
EVT-000333,results/realtime/predictions.csv,False,Non-numeric class string in confidence: 'Web',Web,0.0
EVT-000334,results/realtime/predictions.csv,False,Non-numeric class string in confidence: '—',—,0.0
EVT-000335,results/realtime/predictions.csv,False,Non-numeric class string in confidence: '—',—,0.0
EVT-000336,results/realtime/predictions.csv,False,Non-numeric class string in confidence: 'Other',Other,0.0
EVT-000337,results/realtime/predictions.csv,False,Non-numeric class string in confidence: 'VoIP',VoIP,0.0
EVT-000338,results/realtime/predictions.csv,False,Non-numeric class string in confidence: '—',—,0.0
EVT-000339,results/realtime/predictions.csv,False,Non-numeric class string in confidence: 'Web',Web,0.0
EVT-000340,results/realtime/predictions.csv,False,Non-numeric class string in confidence: 'Messaging',Messaging,0.0
EVT-000341,results/realtime/predictions.csv,False,Non-numeric class string in confidence: 'Messaging',Messaging,0.0
EVT-000342,results/realtime/predictions.csv,False,Non-numeric class string in confidence: 'File Transfer',File Transfer,0.0
EVT-000343,results/realtime/predictions.csv,False,Non-numeric class string in confidence: 'VoIP',VoIP,0.0
EVT-000344,results/realtime/predictions.csv,False,Non-numeric class string in confidence: '—',—,0.0
EVT-000345,results/realtime/predictions.csv,False,Non-numeric class string in confidence: 'Video',Video,0.0
EVT-000346,results/realtime/predictions.csv,False,Non-numeric class string in confidence: 'Messaging',Messaging,0.0
EVT-000347,results/realtime/predictions.csv,False,Non-numeric class string in confidence: 'Web',Web,0.0
EVT-000348,results/realtime/predictions.csv,False,Non-numeric class string in confidence: 'File Transfer',File Transfer,0.0
EVT-000349,results/realtime/predictions.csv,False,Non-numeric class string in confidence: 'Video',Video,0.0
EVT-000350,results/realtime/predictions.csv,False,Non-numeric class string in confidence: 'VoIP',VoIP,0.0
EVT-000351,results/realtime/predictions.csv,False,Non-numeric class string in confidence: 'Messaging',Messaging,0.0
EVT-000352,results/realtime/predictions.csv,False,Non-numeric class string in confidence: 'Other',Other,0.0
EVT-000353,results/realtime/predictions.csv,False,Non-numeric class string in confidence: 'Other',Other,0.0
EVT-000354,results/realtime/predictions.csv,False,Non-numeric class string in confidence: 'Messaging',Messaging,0.0
EVT-000355,results/realtime/predictions.csv,False,Non-numeric class string in confidence: 'Messaging',Messaging,0.0
EVT-000356,results/realtime/predictions.csv,False,Non-numeric class string in confidence: 'VoIP',VoIP,0.0
EVT-000357,results/realtime/predictions.csv,False,Non-numeric class string in confidence: 'Messaging',Messaging,0.0
EVT-000358,results/realtime/predictions.csv,False,Non-numeric class string in confidence: 'File Transfer',File Transfer,0.0
EVT-000359,results/realtime/predictions.csv,False,Non-numeric class string in confidence: 'Video',Video,0.0
EVT-000360,results/realtime/predictions.csv,False,Non-numeric class string in confidence: 'Other',Other,0.0
EVT-000361,results/realtime/predictions.csv,False,Non-numeric class string in confidence: 'Web',Web,0.0
EVT-000362,results/realtime/predictions.csv,False,Non-numeric class string in confidence: 'Web',Web,0.0
EVT-000363,results/realtime/predictions.csv,False,Non-numeric class string in confidence: 'File Transfer',File Transfer,0.0
EVT-000364,results/realtime/predictions.csv,False,Non-numeric class string in confidence: 'Other',Other,0.0
EVT-000365,results/realtime/predictions.csv,False,Non-numeric class string in confidence: 'Messaging',Messaging,0.0
EVT-000366,results/realtime/predictions.csv,False,Non-numeric class string in confidence: 'File Transfer',File Transfer,0.0
EVT-000367,results/realtime/predictions.csv,False,Non-numeric class string in confidence: 'Web',Web,0.0
EVT-000368,results/realtime/predictions.csv,False,Non-numeric class string in confidence: 'File Transfer',File Transfer,0.0
EVT-000369,results/realtime/predictions.csv,False,Non-numeric class string in confidence: 'VoIP',VoIP,0.0
EVT-000370,results/realtime/predictions.csv,False,Non-numeric class string in confidence: 'Video',Video,0.0
EVT-000371,results/realtime/predictions.csv,False,Non-numeric class string in confidence: 'File Transfer',File Transfer,0.0
EVT-000372,results/realtime/predictions.csv,False,Non-numeric class string in confidence: 'Web',Web,0.0
EVT-000373,results/realtime/predictions.csv,False,Non-numeric class string in confidence: 'Messaging',Messaging,0.0
EVT-000374,results/realtime/predictions.csv,False,Non-numeric class string in confidence: 'Other',Other,0.0
EVT-000375,results/realtime/predictions.csv,False,Non-numeric class string in confidence: 'Video',Video,0.0
EVT-000376,results/realtime/predictions.csv,False,Non-numeric class string in confidence: 'Video',Video,0.0
EVT-000377,results/realtime/predictions.csv,False,Non-numeric class string in confidence: '—',—,0.0
EVT-000378,results/realtime/predictions.csv,False,Non-numeric class string in confidence: '—',—,0.0
EVT-000379,results/realtime/predictions.csv,False,Non-numeric class string in confidence: 'File Transfer',File Transfer,0.0
EVT-000380,results/realtime/predictions.csv,False,Non-numeric class string in confidence: 'File Transfer',File Transfer,0.0
EVT-000381,results/realtime/predictions.csv,False,Non-numeric class string in confidence: 'Video',Video,0.0
EVT-000382,results/realtime/predictions.csv,False,Non-numeric class string in confidence: 'Messaging',Messaging,0.0
EVT-000383,results/realtime/predictions.csv,False,Non-numeric class string in confidence: 'Web',Web,0.0
EVT-000384,results/realtime/predictions.csv,False,Non-numeric class string in confidence: 'Web',Web,0.0
EVT-000385,results/realtime/predictions.csv,False,Non-numeric class string in confidence: 'File Transfer',File Transfer,0.0
EVT-000386,results/realtime/predictions.csv,False,Non-numeric class string in confidence: 'VoIP',VoIP,0.0
EVT-000387,results/realtime/predictions.csv,False,Non-numeric class string in confidence: 'Video',Video,0.0
EVT-000388,results/realtime/predictions.csv,False,Non-numeric class string in confidence: 'Messaging',Messaging,0.0
EVT-000389,results/realtime/predictions.csv,False,Non-numeric class string in confidence: 'Web',Web,0.0
EVT-000390,results/realtime/predictions.csv,False,Non-numeric class string in confidence: 'File Transfer',File Transfer,0.0
EVT-000391,results/realtime/predictions.csv,False,Non-numeric class string in confidence: '—',—,0.0
EVT-000392,results/realtime/predictions.csv,False,Non-numeric class string in confidence: '—',—,0.0
EVT-000393,results/realtime/predictions.csv,False,Non-numeric class string in confidence: 'VoIP',VoIP,0.0
EVT-000394,results/realtime/predictions.csv,False,Non-numeric class string in confidence: 'File Transfer',File Transfer,0.0
EVT-000395,results/realtime/predictions.csv,False,Non-numeric class string in confidence: '—',—,0.0
EVT-000396,results/realtime/predictions.csv,False,Non-numeric class string in confidence: '—',—,0.0
EVT-000397,results/realtime/predictions.csv,False,Non-numeric class string in confidence: 'Messaging',Messaging,0.0
EVT-000398,results/realtime/predictions.csv,False,Non-numeric class string in confidence: 'Video',Video,0.0
EVT-000399,results/realtime/predictions.csv,False,Non-numeric class string in confidence: 'Video',Video,0.0
EVT-000400,results/realtime/predictions.csv,False,Non-numeric class string in confidence: 'VoIP',VoIP,0.0
EVT-000401,results/realtime/predictions.csv,False,Non-numeric class string in confidence: 'VoIP',VoIP,0.0
EVT-000402,results/realtime/predictions.csv,False,Non-numeric class string in confidence: 'Other',Other,0.0
EVT-000403,results/realtime/predictions.csv,False,Non-numeric class string in confidence: 'Video',Video,0.0
EVT-000404,results/realtime/predictions.csv,False,Non-numeric class string in confidence: 'VoIP',VoIP,0.0
EVT-000405,results/realtime/predictions.csv,False,Non-numeric class string in confidence: 'Other',Other,0.0
EVT-000406,results/realtime/predictions.csv,False,Non-numeric class string in confidence: 'VoIP',VoIP,0.0
EVT-000407,results/realtime/predictions.csv,False,Non-numeric class string in confidence: 'Messaging',Messaging,0.0
EVT-000408,results/realtime/predictions.csv,False,Non-numeric class string in confidence: 'File Transfer',File Transfer,0.0
EVT-000409,results/realtime/predictions.csv,False,Non-numeric class string in confidence: 'Web',Web,0.0
EVT-000410,results/realtime/predictions.csv,False,Non-numeric class string in confidence: 'Web',Web,0.0
EVT-000411,results/realtime/predictions.csv,False,Non-numeric class string in confidence: 'Video',Video,0.0
EVT-000412,results/realtime/predictions.csv,False,Non-numeric class string in confidence: 'VoIP',VoIP,0.0
EVT-000413,results/realtime/predictions.csv,False,Non-numeric class string in confidence: 'Other',Other,0.0
EVT-000414,results/realtime/predictions.csv,False,Non-numeric class string in confidence: 'VoIP',VoIP,0.0
EVT-000415,results/realtime/predictions.csv,False,Non-numeric class string in confidence: 'Web',Web,0.0
EVT-000416,results/realtime/predictions.csv,False,Non-numeric class string in confidence: 'File Transfer',File Transfer,0.0
EVT-000417,results/realtime/predictions.csv,False,Non-numeric class string in confidence: 'Web',Web,0.0
EVT-000418,results/realtime/predictions.csv,False,Non-numeric class string in confidence: 'Other',Other,0.0
EVT-000419,results/realtime/predictions.csv,False,Non-numeric class string in confidence: 'Messaging',Messaging,0.0
EVT-000420,results/realtime/predictions.csv,False,Non-numeric class string in confidence: 'Other',Other,0.0
EVT-000421,results/realtime/predictions.csv,False,Non-numeric class string in confidence: 'Web',Web,0.0
EVT-000422,results/realtime/predictions.csv,False,Non-numeric class string in confidence: 'Web',Web,0.0
EVT-000423,results/realtime/predictions.csv,False,Non-numeric class string in confidence: 'Other',Other,0.0
EVT-000424,results/realtime/predictions.csv,False,Non-numeric class string in confidence: 'Web',Web,0.0
EVT-000425,results/realtime/predictions.csv,False,Non-numeric class string in confidence: '—',—,0.0
EVT-000426,results/realtime/predictions.csv,False,Non-numeric class string in confidence: 'Web',Web,0.0
EVT-000427,results/realtime/predictions.csv,False,Non-numeric class string in confidence: 'Messaging',Messaging,0.0
EVT-000428,results/realtime/predictions.csv,False,Non-numeric class string in confidence: 'File Transfer',File Transfer,0.0
EVT-000429,results/realtime/predictions.csv,False,Non-numeric class string in confidence: 'Video',Video,0.0
EVT-000430,results/realtime/predictions.csv,False,Non-numeric class string in confidence: 'VoIP',VoIP,0.0
EVT-000431,results/realtime/predictions.csv,False,Non-numeric class string in confidence: 'Messaging',Messaging,0.0
EVT-000432,results/realtime/predictions.csv,False,Non-numeric class string in confidence: 'File Transfer',File Transfer,0.0
EVT-000433,results/realtime/predictions.csv,False,Non-numeric class string in confidence: 'Web',Web,0.0
EVT-000434,results/realtime/predictions.csv,False,Non-numeric class string in confidence: 'Video',Video,0.0
EVT-000435,results/realtime/predictions.csv,False,Non-numeric class string in confidence: 'Video',Video,0.0
EVT-000436,results/realtime/predictions.csv,False,Non-numeric class string in confidence: 'Video',Video,0.0
EVT-000437,results/realtime/predictions.csv,False,Non-numeric class string in confidence: 'Video',Video,0.0
EVT-000438,results/realtime/predictions.csv,False,Non-numeric class string in confidence: 'File Transfer',File Transfer,0.0
EVT-000439,results/realtime/predictions.csv,False,Non-numeric class string in confidence: 'Web',Web,0.0
EVT-000440,results/realtime/predictions.csv,False,Non-numeric class string in confidence: 'Web',Web,0.0
EVT-000441,results/realtime/predictions.csv,False,Non-numeric class string in confidence: 'Web',Web,0.0
EVT-000442,results/realtime/predictions.csv,False,Non-numeric class string in confidence: 'Video',Video,0.0
EVT-000443,results/realtime/predictions.csv,False,Non-numeric class string in confidence: 'File Transfer',File Transfer,0.0
EVT-000444,results/realtime/predictions.csv,False,Non-numeric class string in confidence: 'VoIP',VoIP,0.0
EVT-000445,results/realtime/predictions.csv,False,Non-numeric class string in confidence: 'File Transfer',File Transfer,0.0
EVT-000446,results/realtime/predictions.csv,False,Non-numeric class string in confidence: 'VoIP',VoIP,0.0
EVT-000447,results/realtime/predictions.csv,False,Non-numeric class string in confidence: 'File Transfer',File Transfer,0.0
EVT-000448,results/realtime/predictions.csv,False,Non-numeric class string in confidence: '—',—,0.0
EVT-000449,results/realtime/predictions.csv,False,Non-numeric class string in confidence: '—',—,0.0
EVT-000450,results/realtime/predictions.csv,False,Non-numeric class string in confidence: 'VoIP',VoIP,0.0
EVT-000451,results/realtime/predictions.csv,False,Non-numeric class string in confidence: 'Other',Other,0.0
EVT-000452,results/realtime/predictions.csv,False,Non-numeric class string in confidence: 'File Transfer',File Transfer,0.0
EVT-000453,results/realtime/predictions.csv,False,Non-numeric class string in confidence: 'VoIP',VoIP,0.0
EVT-000454,results/realtime/predictions.csv,False,Non-numeric class string in confidence: 'Web',Web,0.0
EVT-000455,results/realtime/predictions.csv,False,Non-numeric class string in confidence: '—',—,0.0
EVT-000456,results/realtime/predictions.csv,False,Non-numeric class string in confidence: 'Web',Web,0.0
EVT-000457,results/realtime/predictions.csv,False,Non-numeric class string in confidence: 'Messaging',Messaging,0.0
EVT-000458,results/realtime/predictions.csv,False,Non-numeric class string in confidence: 'Video',Video,0.0
EVT-000459,results/realtime/predictions.csv,False,Non-numeric class string in confidence: 'Other',Other,0.0
EVT-000460,results/realtime/predictions.csv,False,Non-numeric class string in confidence: 'Video',Video,0.0
EVT-000461,results/realtime/predictions.csv,False,Non-numeric class string in confidence: 'Web',Web,0.0
EVT-000462,results/realtime/predictions.csv,False,Non-numeric class string in confidence: '—',—,0.0
EVT-000463,results/realtime/predictions.csv,False,Non-numeric class string in confidence: '—',—,0.0
EVT-000464,results/realtime/predictions.csv,False,Non-numeric class string in confidence: 'Other',Other,0.0
EVT-000465,results/realtime/predictions.csv,False,Non-numeric class string in confidence: 'VoIP',VoIP,0.0
EVT-000466,results/realtime/predictions.csv,False,Non-numeric class string in confidence: 'Web',Web,0.0
EVT-000467,results/realtime/predictions.csv,False,Non-numeric class string in confidence: 'Web',Web,0.0
EVT-000468,results/realtime/predictions.csv,False,Non-numeric class string in confidence: 'VoIP',VoIP,0.0
EVT-000469,results/realtime/predictions.csv,False,Non-numeric class string in confidence: 'Other',Other,0.0
EVT-000470,results/realtime/predictions.csv,False,Non-numeric class string in confidence: 'File Transfer',File Transfer,0.0
EVT-000471,results/realtime/predictions.csv,False,Non-numeric class string in confidence: 'File Transfer',File Transfer,0.0
EVT-000472,results/realtime/predictions.csv,False,Non-numeric class string in confidence: 'VoIP',VoIP,0.0
EVT-000473,results/realtime/predictions.csv,False,Non-numeric class string in confidence: 'File Transfer',File Transfer,0.0
EVT-000474,results/realtime/predictions.csv,False,Non-numeric class string in confidence: 'VoIP',VoIP,0.0
EVT-000475,results/realtime/predictions.csv,False,Non-numeric class string in confidence: 'Web',Web,0.0
EVT-000476,results/realtime/predictions.csv,False,Non-numeric class string in confidence: 'Video',Video,0.0
EVT-000477,results/realtime/predictions.csv,False,Non-numeric class string in confidence: 'Messaging',Messaging,0.0
EVT-000478,results/realtime/predictions.csv,False,Non-numeric class string in confidence: 'Messaging',Messaging,0.0
EVT-000479,results/realtime/predictions.csv,False,Non-numeric class string in confidence: 'Web',Web,0.0
EVT-000480,results/realtime/predictions.csv,False,Non-numeric class string in confidence: 'Other',Other,0.0
EVT-000481,results/realtime/predictions.csv,False,Non-numeric class string in confidence: 'Other',Other,0.0
EVT-000482,results/realtime/predictions.csv,False,Non-numeric class string in confidence: 'Video',Video,0.0
EVT-000483,results/realtime/predictions.csv,False,Non-numeric class string in confidence: 'File Transfer',File Transfer,0.0
EVT-000484,results/realtime/predictions.csv,False,Non-numeric class string in confidence: 'File Transfer',File Transfer,0.0
EVT-000485,results/realtime/predictions.csv,False,Non-numeric class string in confidence: 'Messaging',Messaging,0.0
EVT-000486,results/realtime/predictions.csv,False,Non-numeric class string in confidence: 'Web',Web,0.0
EVT-000487,results/realtime/predictions.csv,False,Non-numeric class string in confidence: 'Web',Web,0.0
EVT-000488,results/realtime/predictions.csv,False,Non-numeric class string in confidence: 'Other',Other,0.0
EVT-000489,results/realtime/predictions.csv,False,Non-numeric class string in confidence: 'VoIP',VoIP,0.0
EVT-000490,results/realtime/predictions.csv,False,Non-numeric class string in confidence: 'Other',Other,0.0
EVT-000491,results/realtime/predictions.csv,False,Non-numeric class string in confidence: 'Other',Other,0.0
EVT-000492,results/realtime/predictions.csv,False,Non-numeric class string in confidence: 'Video',Video,0.0
EVT-000493,results/realtime/predictions.csv,False,Non-numeric class string in confidence: 'Video',Video,0.0
EVT-000494,results/realtime/predictions.csv,False,Non-numeric class string in confidence: '—',—,0.0
EVT-000495,results/realtime/predictions.csv,False,Non-numeric class string in confidence: '—',—,0.0
EVT-000496,results/realtime/predictions.csv,False,Non-numeric class string in confidence: 'Web',Web,0.0
EVT-000497,results/realtime/predictions.csv,False,Non-numeric class string in confidence: 'File Transfer',File Transfer,0.0
EVT-000498,results/realtime/predictions.csv,False,Non-numeric class string in confidence: 'Messaging',Messaging,0.0
EVT-000499,results/realtime/predictions.csv,False,Non-numeric class string in confidence: 'Messaging',Messaging,0.0
EVT-000500,results/realtime/predictions.csv,False,Non-numeric class string in confidence: '—',—,0.0
EVT-000501,results/realtime/predictions.csv,False,Non-numeric class string in confidence: 'Other',Other,0.0
EVT-000502,results/realtime/predictions.csv,False,Non-numeric class string in confidence: 'Video',Video,0.0
EVT-000503,results/realtime/predictions.csv,False,Non-numeric class string in confidence: 'Web',Web,0.0
EVT-000504,results/realtime/predictions.csv,False,Non-numeric class string in confidence: 'Video',Video,0.0
EVT-000505,results/realtime/predictions.csv,False,Non-numeric class string in confidence: 'Messaging',Messaging,0.0
EVT-000506,results/realtime/predictions.csv,False,Non-numeric class string in confidence: 'VoIP',VoIP,0.0
EVT-000507,results/realtime/predictions.csv,False,Non-numeric class string in confidence: 'File Transfer',File Transfer,0.0
EVT-000508,results/realtime/predictions.csv,False,Non-numeric class string in confidence: 'VoIP',VoIP,0.0
EVT-000509,results/realtime/predictions.csv,False,Non-numeric class string in confidence: 'VoIP',VoIP,0.0
EVT-000510,results/realtime/predictions.csv,False,Non-numeric class string in confidence: 'Video',Video,0.0
EVT-000511,results/realtime/predictions.csv,False,Non-numeric class string in confidence: 'Other',Other,0.0
EVT-000512,results/realtime/predictions.csv,False,Non-numeric class string in confidence: 'Other',Other,0.0
EVT-000513,results/realtime/predictions.csv,False,Non-numeric class string in confidence: 'Web',Web,0.0
EVT-000514,results/realtime/predictions.csv,False,Non-numeric class string in confidence: 'VoIP',VoIP,0.0
EVT-000515,results/realtime/predictions.csv,False,Non-numeric class string in confidence: 'Messaging',Messaging,0.0
EVT-000516,results/realtime/predictions.csv,False,Non-numeric class string in confidence: 'Video',Video,0.0
EVT-000517,results/realtime/predictions.csv,False,Non-numeric class string in confidence: 'Other',Other,0.0
EVT-000518,results/realtime/predictions.csv,False,Non-numeric class string in confidence: 'Other',Other,0.0
EVT-000519,results/realtime/predictions.csv,False,Non-numeric class string in confidence: 'VoIP',VoIP,0.0
EVT-000520,results/realtime/predictions.csv,False,Non-numeric class string in confidence: 'Messaging',Messaging,0.0
EVT-000521,results/realtime/predictions.csv,False,Non-numeric class string in confidence: 'VoIP',VoIP,0.0
EVT-000522,results/realtime/predictions.csv,False,Non-numeric class string in confidence: 'Web',Web,0.0
EVT-000523,results/realtime/predictions.csv,False,Non-numeric class string in confidence: 'Messaging',Messaging,0.0
EVT-000524,results/realtime/predictions.csv,False,Non-numeric class string in confidence: 'VoIP',VoIP,0.0
EVT-000525,results/realtime/predictions.csv,False,Non-numeric class string in confidence: 'VoIP',VoIP,0.0
EVT-000526,results/realtime/predictions.csv,False,Non-numeric class string in confidence: 'Messaging',Messaging,0.0
EVT-000527,results/realtime/predictions.csv,False,Non-numeric class string in confidence: 'Video',Video,0.0
EVT-000528,results/realtime/predictions.csv,False,Non-numeric class string in confidence: 'Web',Web,0.0
EVT-000529,results/realtime/predictions.csv,False,Non-numeric class string in confidence: 'Messaging',Messaging,0.0
EVT-000530,results/realtime/predictions.csv,False,Non-numeric class string in confidence: '—',—,0.0
EVT-000531,results/realtime/predictions.csv,False,Non-numeric class string in confidence: '—',—,0.0
EVT-000532,results/realtime/predictions.csv,False,Non-numeric class string in confidence: 'Other',Other,0.0
EVT-000533,results/realtime/predictions.csv,False,Non-numeric class string in confidence: 'File Transfer',File Transfer,0.0
EVT-000534,results/realtime/predictions.csv,False,Non-numeric class string in confidence: 'Video',Video,0.0
EVT-000535,results/realtime/predictions.csv,False,Non-numeric class string in confidence: 'Messaging',Messaging,0.0
EVT-000536,results/realtime/predictions.csv,False,Non-numeric class string in confidence: 'VoIP',VoIP,0.0
EVT-000537,results/realtime/predictions.csv,False,Non-numeric class string in confidence: 'Web',Web,0.0
EVT-000538,results/realtime/predictions.csv,False,Non-numeric class string in confidence: 'Video',Video,0.0
EVT-000539,results/realtime/predictions.csv,False,Non-numeric class string in confidence: 'VoIP',VoIP,0.0
EVT-000540,results/realtime/predictions.csv,False,Non-numeric class string in confidence: 'Messaging',Messaging,0.0
EVT-000541,results/realtime/predictions.csv,False,Non-numeric class string in confidence: 'File Transfer',File Transfer,0.0
EVT-000542,results/realtime/predictions.csv,False,Non-numeric class string in confidence: 'Web',Web,0.0
EVT-000543,results/realtime/predictions.csv,False,Non-numeric class string in confidence: 'Web',Web,0.0
EVT-000544,results/realtime/predictions.csv,False,Non-numeric class string in confidence: 'Web',Web,0.0
EVT-000545,results/realtime/predictions.csv,False,Non-numeric class string in confidence: 'Web',Web,0.0
EVT-000546,results/realtime/predictions.csv,False,Non-numeric class string in confidence: '—',—,0.0
EVT-000547,results/realtime/predictions.csv,False,Non-numeric class string in confidence: '—',—,0.0
EVT-000548,results/realtime/predictions.csv,False,Non-numeric class string in confidence: 'File Transfer',File Transfer,0.0
EVT-000549,results/realtime/predictions.csv,False,Non-numeric class string in confidence: 'Messaging',Messaging,0.0
EVT-000550,results/realtime/predictions.csv,False,Non-numeric class string in confidence: 'File Transfer',File Transfer,0.0
EVT-000551,results/realtime/predictions.csv,False,Non-numeric class string in confidence: 'File Transfer',File Transfer,0.0
EVT-000552,results/realtime/predictions.csv,False,Non-numeric class string in confidence: 'Web',Web,0.0
EVT-000553,results/realtime/predictions.csv,False,Non-numeric class string in confidence: 'Video',Video,0.0
EVT-000554,results/realtime/predictions.csv,False,Non-numeric class string in confidence: 'Other',Other,0.0
EVT-000555,results/realtime/predictions.csv,False,Non-numeric class string in confidence: 'Other',Other,0.0
EVT-000556,results/realtime/predictions.csv,False,Non-numeric class string in confidence: 'Web',Web,0.0
EVT-000557,results/realtime/predictions.csv,False,Non-numeric class string in confidence: 'VoIP',VoIP,0.0
EVT-000558,results/realtime/predictions.csv,False,Non-numeric class string in confidence: 'VoIP',VoIP,0.0
EVT-000559,results/realtime/predictions.csv,False,Non-numeric class string in confidence: 'Messaging',Messaging,0.0
EVT-000560,results/realtime/predictions.csv,False,Non-numeric class string in confidence: 'Video',Video,0.0
EVT-000561,results/realtime/predictions.csv,False,Non-numeric class string in confidence: 'Other',Other,0.0
EVT-000562,results/realtime/predictions.csv,False,Non-numeric class string in confidence: 'Web',Web,0.0
EVT-000563,results/realtime/predictions.csv,False,Non-numeric class string in confidence: 'Other',Other,0.0
EVT-000564,results/realtime/predictions.csv,False,Non-numeric class string in confidence: 'Video',Video,0.0
EVT-000565,results/realtime/predictions.csv,False,Non-numeric class string in confidence: 'File Transfer',File Transfer,0.0
EVT-000566,results/realtime/predictions.csv,False,Non-numeric class string in confidence: 'Other',Other,0.0
EVT-000567,results/realtime/predictions.csv,False,Non-numeric class string in confidence: 'VoIP',VoIP,0.0
EVT-000568,results/realtime/predictions.csv,False,Non-numeric class string in confidence: 'VoIP',VoIP,0.0
EVT-000569,results/realtime/predictions.csv,False,Non-numeric class string in confidence: 'Messaging',Messaging,0.0
EVT-000570,results/realtime/predictions.csv,False,Non-numeric class string in confidence: 'Messaging',Messaging,0.0
EVT-000571,results/realtime/predictions.csv,False,Non-numeric class string in confidence: 'Messaging',Messaging,0.0
EVT-000572,results/realtime/predictions.csv,False,Non-numeric class string in confidence: 'Web',Web,0.0
EVT-000573,results/realtime/predictions.csv,False,Non-numeric class string in confidence: 'File Transfer',File Transfer,0.0
EVT-000574,results/realtime/predictions.csv,False,Non-numeric class string in confidence: 'Messaging',Messaging,0.0
EVT-000575,results/realtime/predictions.csv,False,Non-numeric class string in confidence: 'Messaging',Messaging,0.0
EVT-000576,results/realtime/predictions.csv,False,Non-numeric class string in confidence: 'Web',Web,0.0
EVT-000577,results/realtime/predictions.csv,False,Non-numeric class string in confidence: 'Other',Other,0.0
EVT-000578,results/realtime/predictions.csv,False,Non-numeric class string in confidence: 'Other',Other,0.0
EVT-000579,results/realtime/predictions.csv,False,Non-numeric class string in confidence: 'File Transfer',File Transfer,0.0
EVT-000580,results/realtime/predictions.csv,False,Non-numeric class string in confidence: 'Other',Other,0.0
EVT-000581,results/realtime/predictions.csv,False,Non-numeric class string in confidence: 'Video',Video,0.0
EVT-000582,results/realtime/predictions.csv,False,Non-numeric class string in confidence: 'File Transfer',File Transfer,0.0
EVT-000583,results/realtime/predictions.csv,False,Non-numeric class string in confidence: 'File Transfer',File Transfer,0.0
EVT-000584,results/realtime/predictions.csv,False,Non-numeric class string in confidence: 'Other',Other,0.0
EVT-000585,results/realtime/predictions.csv,False,Non-numeric class string in confidence: 'Web',Web,0.0
EVT-000586,results/realtime/predictions.csv,False,Non-numeric class string in confidence: 'Web',Web,0.0
EVT-000587,results/realtime/predictions.csv,False,Non-numeric class string in confidence: 'VoIP',VoIP,0.0
EVT-000588,results/realtime/predictions.csv,False,Non-numeric class string in confidence: 'VoIP',VoIP,0.0
EVT-000589,results/realtime/predictions.csv,False,Non-numeric class string in confidence: 'Messaging',Messaging,0.0
EVT-000590,results/realtime/predictions.csv,False,Non-numeric class string in confidence: 'Messaging',Messaging,0.0
EVT-000591,results/realtime/predictions.csv,False,Non-numeric class string in confidence: 'Web',Web,0.0
EVT-000592,results/realtime/predictions.csv,False,Non-numeric class string in confidence: 'Other',Other,0.0
EVT-000593,results/realtime/predictions.csv,False,Non-numeric class string in confidence: 'Other',Other,0.0
EVT-000594,results/realtime/predictions.csv,False,Non-numeric class string in confidence: 'Web',Web,0.0
EVT-000595,results/realtime/predictions.csv,False,Non-numeric class string in confidence: '—',—,0.0
EVT-000596,results/realtime/predictions.csv,False,Non-numeric class string in confidence: '—',—,0.0
EVT-000597,results/realtime/predictions.csv,False,Non-numeric class string in confidence: 'Other',Other,0.0
EVT-000598,results/realtime/predictions.csv,False,Non-numeric class string in confidence: 'Messaging',Messaging,0.0
EVT-000599,results/realtime/predictions.csv,False,Non-numeric class string in confidence: 'Other',Other,0.0
EVT-000600,results/realtime/predictions.csv,False,Non-numeric class string in confidence: 'Video',Video,0.0
EVT-000601,results/realtime/predictions.csv,False,Non-numeric class string in confidence: 'Video',Video,0.0
EVT-000602,results/realtime/predictions.csv,False,Non-numeric class string in confidence: '—',—,0.0
EVT-000603,results/realtime/predictions.csv,False,Non-numeric class string in confidence: '—',—,0.0
EVT-000604,results/realtime/predictions.csv,False,Non-numeric class string in confidence: 'File Transfer',File Transfer,0.0
EVT-000605,results/realtime/predictions.csv,False,Non-numeric class string in confidence: 'Video',Video,0.0
EVT-000606,results/realtime/predictions.csv,False,Non-numeric class string in confidence: 'File Transfer',File Transfer,0.0
EVT-000607,results/realtime/predictions.csv,False,Non-numeric class string in confidence: 'Web',Web,0.0
EVT-000608,results/realtime/predictions.csv,False,Non-numeric class string in confidence: 'Other',Other,0.0
EVT-000609,results/realtime/predictions.csv,False,Non-numeric class string in confidence: 'VoIP',VoIP,0.0
EVT-000610,results/realtime/predictions.csv,False,Non-numeric class string in confidence: 'VoIP',VoIP,0.0
EVT-000611,results/realtime/predictions.csv,False,Non-numeric class string in confidence: 'Messaging',Messaging,0.0
EVT-000612,results/realtime/predictions.csv,False,Non-numeric class string in confidence: 'File Transfer',File Transfer,0.0
EVT-000613,results/realtime/predictions.csv,False,Non-numeric class string in confidence: 'VoIP',VoIP,0.0
EVT-000614,results/realtime/predictions.csv,False,Non-numeric class string in confidence: '—',—,0.0
EVT-000615,results/realtime/predictions.csv,False,Non-numeric class string in confidence: 'File Transfer',File Transfer,0.0
EVT-000616,results/realtime/predictions.csv,False,Non-numeric class string in confidence: 'Other',Other,0.0
EVT-000617,results/realtime/predictions.csv,False,Non-numeric class string in confidence: 'VoIP',VoIP,0.0
EVT-000618,results/realtime/predictions.csv,False,Non-numeric class string in confidence: 'VoIP',VoIP,0.0
EVT-000619,results/realtime/predictions.csv,False,Non-numeric class string in confidence: 'VoIP',VoIP,0.0
EVT-000620,results/realtime/predictions.csv,False,Non-numeric class string in confidence: 'Web',Web,0.0
EVT-000621,results/realtime/predictions.csv,False,Non-numeric class string in confidence: 'VoIP',VoIP,0.0
EVT-000622,results/realtime/predictions.csv,False,Non-numeric class string in confidence: 'Messaging',Messaging,0.0
EVT-000623,results/realtime/predictions.csv,False,Non-numeric class string in confidence: 'Other',Other,0.0
EVT-000624,results/realtime/predictions.csv,False,Non-numeric class string in confidence: 'File Transfer',File Transfer,0.0
EVT-000625,results/realtime/predictions.csv,False,Non-numeric class string in confidence: 'Messaging',Messaging,0.0
EVT-000626,results/realtime/predictions.csv,False,Non-numeric class string in confidence: 'Video',Video,0.0
EVT-000627,results/realtime/predictions.csv,False,Non-numeric class string in confidence: 'Messaging',Messaging,0.0
EVT-000628,results/realtime/predictions.csv,False,Non-numeric class string in confidence: 'Video',Video,0.0
EVT-000629,results/realtime/predictions.csv,False,Non-numeric class string in confidence: 'Video',Video,0.0
EVT-000630,results/realtime/predictions.csv,False,Non-numeric class string in confidence: 'Video',Video,0.0
EVT-000631,results/realtime/predictions.csv,False,Non-numeric class string in confidence: 'Web',Web,0.0
EVT-000632,results/realtime/predictions.csv,False,Non-numeric class string in confidence: 'Video',Video,0.0
EVT-000633,results/realtime/predictions.csv,False,Non-numeric class string in confidence: 'VoIP',VoIP,0.0
EVT-000634,results/realtime/predictions.csv,False,Non-numeric class string in confidence: 'Web',Web,0.0
EVT-000635,results/realtime/predictions.csv,False,Non-numeric class string in confidence: 'Video',Video,0.0
EVT-000636,results/realtime/predictions.csv,False,Non-numeric class string in confidence: 'File Transfer',File Transfer,0.0
EVT-000637,results/realtime/predictions.csv,False,Non-numeric class string in confidence: 'Video',Video,0.0
EVT-000638,results/realtime/predictions.csv,False,Non-numeric class string in confidence: 'VoIP',VoIP,0.0
EVT-000639,results/realtime/predictions.csv,False,Non-numeric class string in confidence: 'File Transfer',File Transfer,0.0
EVT-000640,results/realtime/predictions.csv,False,Non-numeric class string in confidence: 'File Transfer',File Transfer,0.0
EVT-000641,results/realtime/predictions.csv,False,Non-numeric class string in confidence: 'Video',Video,0.0
EVT-000642,results/realtime/predictions.csv,False,Non-numeric class string in confidence: 'VoIP',VoIP,0.0
EVT-000643,results/realtime/predictions.csv,False,Non-numeric class string in confidence: 'File Transfer',File Transfer,0.0
EVT-000644,results/realtime/predictions.csv,False,Non-numeric class string in confidence: 'Web',Web,0.0
EVT-000645,results/realtime/predictions.csv,False,Non-numeric class string in confidence: 'Web',Web,0.0
EVT-000646,results/realtime/predictions.csv,False,Non-numeric class string in confidence: 'Messaging',Messaging,0.0
EVT-000647,results/realtime/predictions.csv,False,Non-numeric class string in confidence: 'Web',Web,0.0
EVT-000648,results/realtime/predictions.csv,False,Non-numeric class string in confidence: 'Other',Other,0.0
EVT-000649,results/realtime/predictions.csv,False,Non-numeric class string in confidence: '—',—,0.0
EVT-000650,results/realtime/predictions.csv,False,Non-numeric class string in confidence: 'VoIP',VoIP,0.0
EVT-000651,results/realtime/predictions.csv,False,Non-numeric class string in confidence: 'Messaging',Messaging,0.0
EVT-000652,results/realtime/predictions.csv,False,Non-numeric class string in confidence: 'Messaging',Messaging,0.0
EVT-000653,results/realtime/predictions.csv,False,Non-numeric class string in confidence: 'Messaging',Messaging,0.0
EVT-000654,results/realtime/predictions.csv,False,Non-numeric class string in confidence: 'Other',Other,0.0
EVT-000655,results/realtime/predictions.csv,False,Non-numeric class string in confidence: 'File Transfer',File Transfer,0.0
EVT-000656,results/realtime/predictions.csv,False,Non-numeric class string in confidence: 'Video',Video,0.0
EVT-000657,results/realtime/predictions.csv,False,Non-numeric class string in confidence: 'Web',Web,0.0
EVT-000658,results/realtime/predictions.csv,False,Non-numeric class string in confidence: 'Web',Web,0.0
EVT-000659,results/realtime/predictions.csv,False,Non-numeric class string in confidence: 'VoIP',VoIP,0.0
EVT-000660,results/realtime/predictions.csv,False,Non-numeric class string in confidence: 'Video',Video,0.0
EVT-000661,results/realtime/predictions.csv,False,Non-numeric class string in confidence: 'VoIP',VoIP,0.0
EVT-000662,results/realtime/predictions.csv,False,Non-numeric class string in confidence: 'Video',Video,0.0
EVT-000663,results/realtime/predictions.csv,False,Non-numeric class string in confidence: 'File Transfer',File Transfer,0.0
EVT-000664,results/realtime/predictions.csv,False,Non-numeric class string in confidence: 'VoIP',VoIP,0.0
EVT-000665,results/realtime/predictions.csv,False,Non-numeric class string in confidence: 'VoIP',VoIP,0.0
EVT-000666,results/realtime/predictions.csv,False,Non-numeric class string in confidence: 'Other',Other,0.0
EVT-000667,results/realtime/predictions.csv,False,Non-numeric class string in confidence: '—',—,0.0
EVT-000668,results/realtime/predictions.csv,False,Non-numeric class string in confidence: '—',—,0.0
EVT-000669,results/realtime/predictions.csv,False,Non-numeric class string in confidence: 'Messaging',Messaging,0.0
EVT-000670,results/realtime/predictions.csv,False,Non-numeric class string in confidence: 'VoIP',VoIP,0.0
EVT-000671,results/realtime/predictions.csv,False,Non-numeric class string in confidence: 'Video',Video,0.0
EVT-000672,results/realtime/predictions.csv,False,Non-numeric class string in confidence: 'VoIP',VoIP,0.0
EVT-000673,results/realtime/predictions.csv,False,Non-numeric class string in confidence: '—',—,0.0
EVT-000674,results/realtime/predictions.csv,False,Non-numeric class string in confidence: '—',—,0.0
EVT-000675,results/realtime/predictions.csv,False,Non-numeric class string in confidence: 'Web',Web,0.0
EVT-000676,results/realtime/predictions.csv,False,Non-numeric class string in confidence: 'VoIP',VoIP,0.0
EVT-000677,results/realtime/predictions.csv,False,Non-numeric class string in confidence: 'File Transfer',File Transfer,0.0
EVT-000678,results/realtime/predictions.csv,False,Non-numeric class string in confidence: 'Video',Video,0.0
EVT-000679,results/realtime/predictions.csv,False,Non-numeric class string in confidence: 'Messaging',Messaging,0.0
EVT-000680,results/realtime/predictions.csv,False,Non-numeric class string in confidence: 'Web',Web,0.0
EVT-000681,results/realtime/predictions.csv,False,Non-numeric class string in confidence: 'Other',Other,0.0
EVT-000682,results/realtime/predictions.csv,False,Non-numeric class string in confidence: 'Other',Other,0.0
EVT-000683,results/realtime/predictions.csv,False,Non-numeric class string in confidence: 'Web',Web,0.0
EVT-000684,results/realtime/predictions.csv,False,Non-numeric class string in confidence: 'VoIP',VoIP,0.0
EVT-000685,results/realtime/predictions.csv,False,Non-numeric class string in confidence: 'Web',Web,0.0
EVT-000686,results/realtime/predictions.csv,False,Non-numeric class string in confidence: 'VoIP',VoIP,0.0
EVT-000687,results/realtime/predictions.csv,False,Non-numeric class string in confidence: 'Video',Video,0.0
EVT-000688,results/realtime/predictions.csv,False,Non-numeric class string in confidence: 'Video',Video,0.0
EVT-000689,results/realtime/predictions.csv,False,Non-numeric class string in confidence: 'Other',Other,0.0
EVT-000690,results/realtime/predictions.csv,False,Non-numeric class string in confidence: 'Web',Web,0.0
EVT-000691,results/realtime/predictions.csv,False,Non-numeric class string in confidence: 'Web',Web,0.0
EVT-000692,results/realtime/predictions.csv,False,Non-numeric class string in confidence: 'Other',Other,0.0
EVT-000693,results/realtime/predictions.csv,False,Non-numeric class string in confidence: 'Other',Other,0.0
EVT-000694,results/realtime/predictions.csv,False,Non-numeric class string in confidence: 'VoIP',VoIP,0.0
EVT-000695,results/realtime/predictions.csv,False,Non-numeric class string in confidence: 'Web',Web,0.0
EVT-000696,results/realtime/predictions.csv,False,Non-numeric class string in confidence: 'File Transfer',File Transfer,0.0
EVT-000697,results/realtime/predictions.csv,False,Non-numeric class string in confidence: 'Web',Web,0.0
EVT-000698,results/realtime/predictions.csv,False,Non-numeric class string in confidence: 'Web',Web,0.0
EVT-000699,results/realtime/predictions.csv,False,Non-numeric class string in confidence: 'File Transfer',File Transfer,0.0
EVT-000700,results/realtime/predictions.csv,False,Non-numeric class string in confidence: 'Web',Web,0.0
EVT-000701,results/realtime/predictions.csv,False,Non-numeric class string in confidence: 'Other',Other,0.0
EVT-000702,results/realtime/predictions.csv,False,Non-numeric class string in confidence: 'Messaging',Messaging,0.0
EVT-000703,results/realtime/predictions.csv,False,Non-numeric class string in confidence: 'VoIP',VoIP,0.0
EVT-000704,results/realtime/predictions.csv,False,Non-numeric class string in confidence: 'Other',Other,0.0
EVT-000705,results/realtime/predictions.csv,False,Non-numeric class string in confidence: '—',—,0.0
EVT-000706,results/realtime/predictions.csv,False,Non-numeric class string in confidence: '—',—,0.0
EVT-000707,results/realtime/predictions.csv,False,Non-numeric class string in confidence: 'Messaging',Messaging,0.0
EVT-000708,results/realtime/predictions.csv,False,Non-numeric class string in confidence: 'Other',Other,0.0
EVT-000709,results/realtime/predictions.csv,False,Non-numeric class string in confidence: 'Web',Web,0.0
EVT-000710,results/realtime/predictions.csv,False,Non-numeric class string in confidence: '—',—,0.0
EVT-000711,results/realtime/predictions.csv,False,Non-numeric class string in confidence: '—',—,0.0
EVT-000712,results/realtime/predictions.csv,False,Non-numeric class string in confidence: '—',—,0.0
EVT-000713,results/realtime/predictions.csv,False,Non-numeric class string in confidence: '—',—,0.0
EVT-000714,results/realtime/predictions.csv,False,Non-numeric class string in confidence: '—',—,0.0
EVT-000715,results/realtime/predictions.csv,False,Non-numeric class string in confidence: '—',—,0.0
EVT-000716,results/realtime/predictions.csv,False,Non-numeric class string in confidence: 'Video',Video,0.0
EVT-000717,results/realtime/predictions.csv,False,Non-numeric class string in confidence: '—',—,0.0
EVT-000718,results/realtime/predictions.csv,False,Non-numeric class string in confidence: 'Web',Web,0.0
EVT-000719,results/realtime/predictions.csv,False,Non-numeric class string in confidence: 'VoIP',VoIP,0.0
EVT-000720,results/realtime/predictions.csv,False,Non-numeric class string in confidence: 'VoIP',VoIP,0.0
EVT-000721,results/realtime/predictions.csv,False,Non-numeric class string in confidence: 'Web',Web,0.0
EVT-000722,results/realtime/predictions.csv,False,Non-numeric class string in confidence: 'Video',Video,0.0
EVT-000723,results/realtime/predictions.csv,False,Non-numeric class string in confidence: 'Video',Video,0.0
EVT-000724,results/realtime/predictions.csv,False,Non-numeric class string in confidence: 'File Transfer',File Transfer,0.0
EVT-000725,results/realtime/predictions.csv,False,Non-numeric class string in confidence: 'Messaging',Messaging,0.0
EVT-000726,results/realtime/predictions.csv,False,Non-numeric class string in confidence: 'VoIP',VoIP,0.0
EVT-000727,results/realtime/predictions.csv,False,Non-numeric class string in confidence: 'Other',Other,0.0
EVT-000728,results/realtime/predictions.csv,False,Non-numeric class string in confidence: 'Web',Web,0.0
EVT-000729,results/realtime/predictions.csv,False,Non-numeric class string in confidence: 'File Transfer',File Transfer,0.0
EVT-000730,results/realtime/predictions.csv,False,Non-numeric class string in confidence: '—',—,0.0
EVT-000731,results/realtime/predictions.csv,False,Non-numeric class string in confidence: 'File Transfer',File Transfer,0.0
EVT-000732,results/realtime/predictions.csv,False,Non-numeric class string in confidence: 'File Transfer',File Transfer,0.0
EVT-000733,results/realtime/predictions.csv,False,Non-numeric class string in confidence: 'Other',Other,0.0
EVT-000734,results/realtime/predictions.csv,False,Non-numeric class string in confidence: 'Video',Video,0.0
EVT-000735,results/realtime/predictions.csv,False,Non-numeric class string in confidence: 'Web',Web,0.0
EVT-000736,results/realtime/predictions.csv,False,Non-numeric class string in confidence: 'Other',Other,0.0
EVT-000737,results/realtime/predictions.csv,False,Non-numeric class string in confidence: 'Video',Video,0.0
EVT-000738,results/realtime/predictions.csv,False,Non-numeric class string in confidence: 'File Transfer',File Transfer,0.0
EVT-000739,results/realtime/predictions.csv,False,Non-numeric class string in confidence: 'Messaging',Messaging,0.0
EVT-000740,results/realtime/predictions.csv,False,Non-numeric class string in confidence: 'Video',Video,0.0
EVT-000741,results/realtime/predictions.csv,False,Non-numeric class string in confidence: 'VoIP',VoIP,0.0
EVT-000742,results/realtime/predictions.csv,False,Non-numeric class string in confidence: 'Video',Video,0.0
EVT-000743,results/realtime/predictions.csv,False,Non-numeric class string in confidence: 'File Transfer',File Transfer,0.0
EVT-000744,results/realtime/predictions.csv,False,Non-numeric class string in confidence: 'Messaging',Messaging,0.0
EVT-000745,results/realtime/predictions.csv,False,Non-numeric class string in confidence: 'VoIP',VoIP,0.0
EVT-000746,results/realtime/predictions.csv,False,Non-numeric class string in confidence: 'VoIP',VoIP,0.0
EVT-000747,results/realtime/predictions.csv,False,Non-numeric class string in confidence: 'Video',Video,0.0
EVT-000748,results/realtime/predictions.csv,False,Non-numeric class string in confidence: 'VoIP',VoIP,0.0
EVT-000749,results/realtime/predictions.csv,False,Non-numeric class string in confidence: 'Video',Video,0.0
EVT-000750,results/realtime/predictions.csv,False,Non-numeric class string in confidence: 'Other',Other,0.0
EVT-000751,results/realtime/predictions.csv,False,Non-numeric class string in confidence: 'Messaging',Messaging,0.0
EVT-000752,results/realtime/predictions.csv,False,Non-numeric class string in confidence: 'Messaging',Messaging,0.0
EVT-000753,results/realtime/predictions.csv,False,Non-numeric class string in confidence: '—',—,0.0
EVT-000754,results/realtime/predictions.csv,False,Non-numeric class string in confidence: '—',—,0.0
EVT-000755,results/realtime/predictions.csv,False,Non-numeric class string in confidence: 'Other',Other,0.0
EVT-000756,results/realtime/predictions.csv,False,Non-numeric class string in confidence: '—',—,0.0
EVT-000757,results/realtime/predictions.csv,False,Non-numeric class string in confidence: '—',—,0.0
EVT-000758,results/realtime/predictions.csv,False,Non-numeric class string in confidence: '—',—,0.0
EVT-000759,results/realtime/predictions.csv,False,Non-numeric class string in confidence: 'Video',Video,0.0
EVT-000760,results/realtime/predictions.csv,False,Non-numeric class string in confidence: 'Video',Video,0.0
EVT-000761,results/realtime/predictions.csv,False,Non-numeric class string in confidence: 'Web',Web,0.0
EVT-000762,results/realtime/predictions.csv,False,Non-numeric class string in confidence: '—',—,0.0
EVT-000763,results/realtime/predictions.csv,False,Non-numeric class string in confidence: '—',—,0.0
EVT-000764,results/realtime/predictions.csv,False,Non-numeric class string in confidence: '—',—,0.0
EVT-000765,results/realtime/predictions.csv,False,Non-numeric class string in confidence: '—',—,0.0
EVT-000766,results/realtime/predictions.csv,False,Non-numeric class string in confidence: 'Video',Video,0.0
EVT-000767,results/realtime/predictions.csv,False,Non-numeric class string in confidence: 'Messaging',Messaging,0.0
EVT-000768,results/realtime/predictions.csv,False,Non-numeric class string in confidence: 'File Transfer',File Transfer,0.0
EVT-000769,results/realtime/predictions.csv,False,Non-numeric class string in confidence: 'Other',Other,0.0
EVT-000770,results/realtime/predictions.csv,False,Non-numeric class string in confidence: 'File Transfer',File Transfer,0.0
EVT-000771,results/realtime/predictions.csv,False,Non-numeric class string in confidence: 'VoIP',VoIP,0.0
EVT-000772,results/realtime/predictions.csv,False,Non-numeric class string in confidence: 'Web',Web,0.0
EVT-000773,results/realtime/predictions.csv,False,Non-numeric class string in confidence: 'Messaging',Messaging,0.0
EVT-000774,results/realtime/predictions.csv,False,Non-numeric class string in confidence: 'Video',Video,0.0
EVT-000775,results/realtime/predictions.csv,False,Non-numeric class string in confidence: 'Video',Video,0.0
EVT-000776,results/realtime/predictions.csv,False,Non-numeric class string in confidence: 'Web',Web,0.0
EVT-000777,results/realtime/predictions.csv,False,Non-numeric class string in confidence: 'Messaging',Messaging,0.0
EVT-000778,results/realtime/predictions.csv,False,Non-numeric class string in confidence: 'File Transfer',File Transfer,0.0
EVT-000779,results/realtime/predictions.csv,False,Non-numeric class string in confidence: 'Web',Web,0.0
EVT-000780,results/realtime/predictions.csv,False,Non-numeric class string in confidence: 'File Transfer',File Transfer,0.0
EVT-000781,results/realtime/predictions.csv,False,Non-numeric class string in confidence: 'Messaging',Messaging,0.0
EVT-000782,results/realtime/predictions.csv,False,Non-numeric class string in confidence: 'VoIP',VoIP,0.0
EVT-000783,results/realtime/predictions.csv,False,Non-numeric class string in confidence: 'Messaging',Messaging,0.0
EVT-000784,results/realtime/predictions.csv,False,Non-numeric class string in confidence: 'Other',Other,0.0
EVT-000785,results/realtime/predictions.csv,False,Non-numeric class string in confidence: 'Video',Video,0.0
EVT-000786,results/realtime/predictions.csv,False,Non-numeric class string in confidence: '—',—,0.0
EVT-000787,results/realtime/predictions.csv,False,Non-numeric class string in confidence: 'Messaging',Messaging,0.0
EVT-000788,results/realtime/predictions.csv,False,Non-numeric class string in confidence: 'Video',Video,0.0
EVT-000789,results/realtime/predictions.csv,False,Non-numeric class string in confidence: 'Other',Other,0.0
EVT-000790,results/realtime/predictions.csv,False,Non-numeric class string in confidence: 'Video',Video,0.0
EVT-000791,results/realtime/predictions.csv,False,Non-numeric class string in confidence: '—',—,0.0
EVT-000792,results/realtime/predictions.csv,False,Non-numeric class string in confidence: '—',—,0.0
EVT-000793,results/realtime/predictions.csv,False,Non-numeric class string in confidence: 'Messaging',Messaging,0.0
EVT-000794,results/realtime/predictions.csv,False,Non-numeric class string in confidence: 'Messaging',Messaging,0.0
EVT-000795,results/realtime/predictions.csv,False,Non-numeric class string in confidence: 'Messaging',Messaging,0.0
EVT-000796,results/realtime/predictions.csv,False,Non-numeric class string in confidence: 'File Transfer',File Transfer,0.0
EVT-000797,results/realtime/predictions.csv,False,Non-numeric class string in confidence: 'Messaging',Messaging,0.0
EVT-000798,results/realtime/predictions.csv,False,Non-numeric class string in confidence: 'Messaging',Messaging,0.0
EVT-000799,results/realtime/predictions.csv,False,Non-numeric class string in confidence: 'Video',Video,0.0
EVT-000800,results/realtime/predictions.csv,False,Non-numeric class string in confidence: 'File Transfer',File Transfer,0.0
EVT-000801,results/realtime/predictions.csv,False,Non-numeric class string in confidence: 'Web',Web,0.0
EVT-000802,results/realtime/predictions.csv,False,Non-numeric class string in confidence: 'VoIP',VoIP,0.0
EVT-000803,results/realtime/predictions.csv,False,Non-numeric class string in confidence: 'Video',Video,0.0
EVT-000804,results/realtime/predictions.csv,False,Non-numeric class string in confidence: 'VoIP',VoIP,0.0
EVT-000805,results/realtime/predictions.csv,False,Non-numeric class string in confidence: 'File Transfer',File Transfer,0.0
EVT-000806,results/realtime/predictions.csv,False,Non-numeric class string in confidence: 'VoIP',VoIP,0.0
EVT-000807,results/realtime/predictions.csv,False,Non-numeric class string in confidence: 'Messaging',Messaging,0.0
EVT-000808,results/realtime/predictions.csv,False,Non-numeric class string in confidence: 'Messaging',Messaging,0.0
EVT-000809,results/realtime/predictions.csv,False,Non-numeric class string in confidence: 'Other',Other,0.0
EVT-000810,results/realtime/predictions.csv,False,Non-numeric class string in confidence: 'Web',Web,0.0
EVT-000811,results/realtime/predictions.csv,False,Non-numeric class string in confidence: 'VoIP',VoIP,0.0
EVT-000812,results/realtime/predictions.csv,False,Non-numeric class string in confidence: 'Messaging',Messaging,0.0
EVT-000813,results/realtime/predictions.csv,False,Non-numeric class string in confidence: '—',—,0.0
EVT-000814,results/realtime/predictions.csv,False,Non-numeric class string in confidence: 'Web',Web,0.0
EVT-000815,results/realtime/predictions.csv,False,Non-numeric class string in confidence: '—',—,0.0
EVT-000816,results/realtime/predictions.csv,False,Non-numeric class string in confidence: 'Video',Video,0.0
EVT-000817,results/realtime/predictions.csv,False,Non-numeric class string in confidence: 'File Transfer',File Transfer,0.0
EVT-000818,results/realtime/predictions.csv,False,Non-numeric class string in confidence: 'Other',Other,0.0
EVT-000819,results/realtime/predictions.csv,False,Non-numeric class string in confidence: '—',—,0.0
EVT-000820,results/realtime/predictions.csv,False,Non-numeric class string in confidence: 'Messaging',Messaging,0.0
EVT-000821,results/realtime/predictions.csv,False,Non-numeric class string in confidence: 'Messaging',Messaging,0.0
EVT-000822,results/realtime/predictions.csv,False,Non-numeric class string in confidence: 'Web',Web,0.0
EVT-000823,results/realtime/predictions.csv,False,Non-numeric class string in confidence: 'Video',Video,0.0
EVT-000824,results/realtime/predictions.csv,False,Non-numeric class string in confidence: 'Messaging',Messaging,0.0
EVT-000825,results/realtime/predictions.csv,False,Non-numeric class string in confidence: 'Other',Other,0.0
EVT-000826,results/realtime/predictions.csv,False,Non-numeric class string in confidence: 'VoIP',VoIP,0.0
EVT-000827,results/realtime/predictions.csv,False,Non-numeric class string in confidence: '—',—,0.0
EVT-000828,results/realtime/predictions.csv,False,Non-numeric class string in confidence: 'Other',Other,0.0
EVT-000829,results/realtime/predictions.csv,False,Non-numeric class string in confidence: 'Other',Other,0.0
EVT-000830,results/realtime/predictions.csv,False,Non-numeric class string in confidence: 'VoIP',VoIP,0.0
EVT-000831,results/realtime/predictions.csv,False,Non-numeric class string in confidence: 'Other',Other,0.0
EVT-000832,results/realtime/predictions.csv,False,Non-numeric class string in confidence: 'Other',Other,0.0
EVT-000833,results/realtime/predictions.csv,False,Non-numeric class string in confidence: 'Video',Video,0.0
EVT-000834,results/realtime/predictions.csv,False,Non-numeric class string in confidence: 'Video',Video,0.0
EVT-000835,results/realtime/predictions.csv,False,Non-numeric class string in confidence: 'Other',Other,0.0
EVT-000836,results/realtime/predictions.csv,False,Non-numeric class string in confidence: '—',—,0.0
EVT-000837,results/realtime/predictions.csv,False,Non-numeric class string in confidence: '—',—,0.0
EVT-000838,results/realtime/predictions.csv,False,Non-numeric class string in confidence: 'Web',Web,0.0
EVT-000839,results/realtime/predictions.csv,False,Non-numeric class string in confidence: '—',—,0.0
EVT-000840,results/realtime/predictions.csv,False,Non-numeric class string in confidence: 'File Transfer',File Transfer,0.0
EVT-000841,results/realtime/predictions.csv,False,Non-numeric class string in confidence: 'Messaging',Messaging,0.0
EVT-000842,results/realtime/predictions.csv,False,Non-numeric class string in confidence: 'Other',Other,0.0
EVT-000843,results/realtime/predictions.csv,False,Non-numeric class string in confidence: 'Video',Video,0.0
EVT-000844,results/realtime/predictions.csv,False,Non-numeric class string in confidence: 'Video',Video,0.0
EVT-000845,results/realtime/predictions.csv,False,Non-numeric class string in confidence: 'Messaging',Messaging,0.0
EVT-000846,results/realtime/predictions.csv,False,Non-numeric class string in confidence: 'Video',Video,0.0
EVT-000847,results/realtime/predictions.csv,False,Non-numeric class string in confidence: 'Other',Other,0.0
EVT-000848,results/realtime/predictions.csv,False,Non-numeric class string in confidence: 'VoIP',VoIP,0.0
EVT-000849,results/realtime/predictions.csv,False,Non-numeric class string in confidence: 'Video',Video,0.0
EVT-000850,results/realtime/predictions.csv,False,Non-numeric class string in confidence: 'Other',Other,0.0
EVT-000851,results/realtime/predictions.csv,False,Non-numeric class string in confidence: 'Other',Other,0.0
EVT-000852,results/realtime/predictions.csv,False,Non-numeric class string in confidence: 'Video',Video,0.0
EVT-000853,results/realtime/predictions.csv,False,Non-numeric class string in confidence: 'Other',Other,0.0
EVT-000854,results/realtime/predictions.csv,False,Non-numeric class string in confidence: 'Web',Web,0.0
EVT-000855,results/realtime/predictions.csv,False,Non-numeric class string in confidence: '—',—,0.0
EVT-000856,results/realtime/predictions.csv,False,Non-numeric class string in confidence: '—',—,0.0
EVT-000857,results/realtime/predictions.csv,False,Non-numeric class string in confidence: 'Web',Web,0.0
EVT-000858,results/realtime/predictions.csv,False,Non-numeric class string in confidence: 'Messaging',Messaging,0.0
EVT-000859,results/realtime/predictions.csv,False,Non-numeric class string in confidence: 'Web',Web,0.0
EVT-000860,results/realtime/predictions.csv,False,Non-numeric class string in confidence: 'Video',Video,0.0
EVT-000861,results/realtime/predictions.csv,False,Non-numeric class string in confidence: 'Messaging',Messaging,0.0
EVT-000862,results/realtime/predictions.csv,False,Non-numeric class string in confidence: 'Other',Other,0.0
EVT-000863,results/realtime/predictions.csv,False,Non-numeric class string in confidence: 'Messaging',Messaging,0.0
EVT-000864,results/realtime/predictions.csv,False,Non-numeric class string in confidence: 'Other',Other,0.0
EVT-000865,results/realtime/predictions.csv,False,Non-numeric class string in confidence: 'Messaging',Messaging,0.0
EVT-000866,results/realtime/predictions.csv,False,Non-numeric class string in confidence: 'Messaging',Messaging,0.0
EVT-000867,results/realtime/predictions.csv,False,Non-numeric class string in confidence: 'Web',Web,0.0
EVT-000868,results/realtime/predictions.csv,False,Non-numeric class string in confidence: 'VoIP',VoIP,0.0
EVT-000869,results/realtime/predictions.csv,False,Non-numeric class string in confidence: 'VoIP',VoIP,0.0
EVT-000870,results/realtime/predictions.csv,False,Non-numeric class string in confidence: 'Web',Web,0.0
EVT-000871,results/realtime/predictions.csv,False,Non-numeric class string in confidence: 'Video',Video,0.0
EVT-000872,results/realtime/predictions.csv,False,Non-numeric class string in confidence: 'Video',Video,0.0
EVT-000873,results/realtime/predictions.csv,False,Non-numeric class string in confidence: 'VoIP',VoIP,0.0
EVT-000874,results/realtime/predictions.csv,False,Non-numeric class string in confidence: 'File Transfer',File Transfer,0.0
EVT-000875,results/realtime/predictions.csv,False,Non-numeric class string in confidence: 'Other',Other,0.0
EVT-000876,results/realtime/predictions.csv,False,Non-numeric class string in confidence: 'File Transfer',File Transfer,0.0
EVT-000877,results/realtime/predictions.csv,False,Non-numeric class string in confidence: 'Video',Video,0.0
EVT-000878,results/realtime/predictions.csv,False,Non-numeric class string in confidence: 'File Transfer',File Transfer,0.0
EVT-000879,results/realtime/predictions.csv,False,Non-numeric class string in confidence: '—',—,0.0
EVT-000880,results/realtime/predictions.csv,False,Non-numeric class string in confidence: 'Web',Web,0.0
EVT-000881,results/realtime/predictions.csv,False,Non-numeric class string in confidence: '—',—,0.0
EVT-000882,results/realtime/predictions.csv,False,Non-numeric class string in confidence: '—',—,0.0
EVT-000883,results/realtime/predictions.csv,False,Non-numeric class string in confidence: 'VoIP',VoIP,0.0
EVT-000884,results/realtime/predictions.csv,False,Non-numeric class string in confidence: 'Messaging',Messaging,0.0
EVT-000885,results/realtime/predictions.csv,False,Non-numeric class string in confidence: 'Web',Web,0.0
EVT-000886,results/realtime/predictions.csv,False,Non-numeric class string in confidence: 'Video',Video,0.0
EVT-000887,results/realtime/predictions.csv,False,Non-numeric class string in confidence: 'Other',Other,0.0
EVT-000888,results/realtime/predictions.csv,False,Non-numeric class string in confidence: 'File Transfer',File Transfer,0.0
EVT-000889,results/realtime/predictions.csv,False,Non-numeric class string in confidence: 'Other',Other,0.0
EVT-000890,results/realtime/predictions.csv,False,Non-numeric class string in confidence: 'Other',Other,0.0
EVT-000891,results/realtime/predictions.csv,False,Non-numeric class string in confidence: 'Messaging',Messaging,0.0
EVT-000892,results/realtime/predictions.csv,False,Non-numeric class string in confidence: 'Other',Other,0.0
EVT-000893,results/realtime/predictions.csv,False,Non-numeric class string in confidence: 'Video',Video,0.0
EVT-000894,results/realtime/predictions.csv,False,Non-numeric class string in confidence: 'Messaging',Messaging,0.0
EVT-000895,results/realtime/predictions.csv,False,Non-numeric class string in confidence: 'VoIP',VoIP,0.0
EVT-000896,results/realtime/predictions.csv,False,Non-numeric class string in confidence: 'Messaging',Messaging,0.0
EVT-000897,results/realtime/predictions.csv,False,Non-numeric class string in confidence: 'Web',Web,0.0
EVT-000898,results/realtime/predictions.csv,False,Non-numeric class string in confidence: 'Web',Web,0.0
EVT-000899,results/realtime/predictions.csv,False,Non-numeric class string in confidence: 'File Transfer',File Transfer,0.0
EVT-000900,results/realtime/predictions.csv,False,Non-numeric class string in confidence: 'Web',Web,0.0
EVT-000901,results/realtime/predictions.csv,False,Non-numeric class string in confidence: '—',—,0.0
EVT-000902,results/realtime/predictions.csv,False,Non-numeric class string in confidence: 'Other',Other,0.0
EVT-000903,results/realtime/predictions.csv,False,Non-numeric class string in confidence: '—',—,0.0
EVT-000904,results/realtime/predictions.csv,False,Non-numeric class string in confidence: 'Video',Video,0.0
EVT-000905,results/realtime/predictions.csv,False,Non-numeric class string in confidence: 'Web',Web,0.0
EVT-000906,results/realtime/predictions.csv,False,Non-numeric class string in confidence: 'Messaging',Messaging,0.0
EVT-000907,results/realtime/predictions.csv,False,Non-numeric class string in confidence: 'VoIP',VoIP,0.0
EVT-000908,results/realtime/predictions.csv,False,Non-numeric class string in confidence: 'Web',Web,0.0
EVT-000909,results/realtime/predictions.csv,False,Non-numeric class string in confidence: 'Video',Video,0.0
EVT-000910,results/realtime/predictions.csv,False,Non-numeric class string in confidence: 'VoIP',VoIP,0.0
EVT-000911,results/realtime/predictions.csv,False,Non-numeric class string in confidence: 'Video',Video,0.0
EVT-000912,results/realtime/predictions.csv,False,Non-numeric class string in confidence: 'Web',Web,0.0
EVT-000913,results/realtime/predictions.csv,False,Non-numeric class string in confidence: 'Messaging',Messaging,0.0
EVT-000914,results/realtime/predictions.csv,False,Non-numeric class string in confidence: 'File Transfer',File Transfer,0.0
EVT-000915,results/realtime/predictions.csv,False,Non-numeric class string in confidence: 'VoIP',VoIP,0.0
EVT-000916,results/realtime/predictions.csv,False,Non-numeric class string in confidence: 'Video',Video,0.0
EVT-000917,results/realtime/predictions.csv,False,Non-numeric class string in confidence: 'Other',Other,0.0
EVT-000918,results/realtime/predictions.csv,False,Non-numeric class string in confidence: 'Other',Other,0.0
EVT-000919,results/realtime/predictions.csv,False,Non-numeric class string in confidence: 'File Transfer',File Transfer,0.0
EVT-000920,results/realtime/predictions.csv,False,Non-numeric class string in confidence: 'Video',Video,0.0
EVT-000921,results/realtime/predictions.csv,False,Non-numeric class string in confidence: 'VoIP',VoIP,0.0
EVT-000922,results/realtime/predictions.csv,False,Non-numeric class string in confidence: 'Other',Other,0.0
EVT-000923,results/realtime/predictions.csv,False,Non-numeric class string in confidence: 'File Transfer',File Transfer,0.0
EVT-000924,results/realtime/predictions.csv,False,Non-numeric class string in confidence: 'Web',Web,0.0
EVT-000925,results/realtime/predictions.csv,False,Non-numeric class string in confidence: 'Other',Other,0.0
EVT-000926,results/realtime/predictions.csv,False,Non-numeric class string in confidence: 'Messaging',Messaging,0.0
EVT-000927,results/realtime/predictions.csv,False,Non-numeric class string in confidence: 'Messaging',Messaging,0.0
EVT-000928,results/realtime/predictions.csv,False,Non-numeric class string in confidence: 'Web',Web,0.0
EVT-000929,results/realtime/predictions.csv,False,Non-numeric class string in confidence: 'File Transfer',File Transfer,0.0
EVT-000930,results/realtime/predictions.csv,False,Non-numeric class string in confidence: 'File Transfer',File Transfer,0.0
EVT-000931,results/realtime/predictions.csv,False,Non-numeric class string in confidence: 'Messaging',Messaging,0.0
EVT-000932,results/realtime/predictions.csv,False,Non-numeric class string in confidence: 'Messaging',Messaging,0.0
EVT-000933,results/realtime/predictions.csv,False,Non-numeric class string in confidence: 'Other',Other,0.0
EVT-000934,results/realtime/predictions.csv,False,Non-numeric class string in confidence: 'File Transfer',File Transfer,0.0
EVT-000935,results/realtime/predictions.csv,False,Non-numeric class string in confidence: 'VoIP',VoIP,0.0
EVT-000936,results/realtime/predictions.csv,False,Non-numeric class string in confidence: 'Other',Other,0.0
EVT-000937,results/realtime/predictions.csv,False,Non-numeric class string in confidence: 'Messaging',Messaging,0.0
EVT-000938,results/realtime/predictions.csv,False,Non-numeric class string in confidence: 'Web',Web,0.0
EVT-000939,results/realtime/predictions.csv,False,Non-numeric class string in confidence: 'Video',Video,0.0
EVT-000940,results/realtime/predictions.csv,False,Non-numeric class string in confidence: 'File Transfer',File Transfer,0.0
EVT-000941,results/realtime/predictions.csv,False,Non-numeric class string in confidence: '—',—,0.0
EVT-000942,results/realtime/predictions.csv,False,Non-numeric class string in confidence: '—',—,0.0
EVT-000943,results/realtime/predictions.csv,False,Non-numeric class string in confidence: 'Other',Other,0.0
EVT-000944,results/realtime/predictions.csv,False,Non-numeric class string in confidence: 'Web',Web,0.0
EVT-000945,results/realtime/predictions.csv,False,Non-numeric class string in confidence: '—',—,0.0
EVT-000946,results/realtime/predictions.csv,False,Non-numeric class string in confidence: '—',—,0.0
EVT-000947,results/realtime/predictions.csv,False,Non-numeric class string in confidence: 'Other',Other,0.0
EVT-000948,results/realtime/predictions.csv,False,Non-numeric class string in confidence: 'VoIP',VoIP,0.0
EVT-000949,results/realtime/predictions.csv,False,Non-numeric class string in confidence: 'Messaging',Messaging,0.0
EVT-000950,results/realtime/predictions.csv,False,Non-numeric class string in confidence: 'VoIP',VoIP,0.0
EVT-000951,results/realtime/predictions.csv,False,Non-numeric class string in confidence: 'File Transfer',File Transfer,0.0
EVT-000952,results/realtime/predictions.csv,False,Non-numeric class string in confidence: 'Messaging',Messaging,0.0
EVT-000953,results/realtime/predictions.csv,False,Non-numeric class string in confidence: 'Video',Video,0.0
EVT-000954,results/realtime/predictions.csv,False,Non-numeric class string in confidence: 'Video',Video,0.0
EVT-000955,results/realtime/predictions.csv,False,Non-numeric class string in confidence: 'Messaging',Messaging,0.0
EVT-000956,results/realtime/predictions.csv,False,Non-numeric class string in confidence: 'Messaging',Messaging,0.0
EVT-000957,results/realtime/predictions.csv,False,Non-numeric class string in confidence: 'File Transfer',File Transfer,0.0
EVT-000958,results/realtime/predictions.csv,False,Non-numeric class string in confidence: 'Video',Video,0.0
EVT-000959,results/realtime/predictions.csv,False,Non-numeric class string in confidence: 'VoIP',VoIP,0.0
EVT-000960,results/realtime/predictions.csv,False,Non-numeric class string in confidence: 'Other',Other,0.0
EVT-000961,results/realtime/predictions.csv,False,Non-numeric class string in confidence: '—',—,0.0
EVT-000962,results/realtime/predictions.csv,False,Non-numeric class string in confidence: 'Web',Web,0.0
EVT-000963,results/realtime/predictions.csv,False,Non-numeric class string in confidence: 'Web',Web,0.0
EVT-000964,results/realtime/predictions.csv,False,Non-numeric class string in confidence: 'Video',Video,0.0
EVT-000965,results/realtime/predictions.csv,False,Non-numeric class string in confidence: 'File Transfer',File Transfer,0.0
EVT-000966,results/realtime/predictions.csv,False,Non-numeric class string in confidence: 'Video',Video,0.0
EVT-000967,results/realtime/predictions.csv,False,Non-numeric class string in confidence: 'File Transfer',File Transfer,0.0
EVT-000968,results/realtime/predictions.csv,False,Non-numeric class string in confidence: 'Messaging',Messaging,0.0
EVT-000969,results/realtime/predictions.csv,False,Non-numeric class string in confidence: 'Video',Video,0.0
EVT-000970,results/realtime/predictions.csv,False,Non-numeric class string in confidence: 'Web',Web,0.0
EVT-000971,results/realtime/predictions.csv,False,Non-numeric class string in confidence: 'Messaging',Messaging,0.0
EVT-000972,results/realtime/predictions.csv,False,Non-numeric class string in confidence: 'Video',Video,0.0
EVT-000973,results/realtime/predictions.csv,False,Non-numeric class string in confidence: 'VoIP',VoIP,0.0
EVT-000974,results/realtime/predictions.csv,False,Non-numeric class string in confidence: 'Web',Web,0.0
EVT-000975,results/realtime/predictions.csv,False,Non-numeric class string in confidence: 'Video',Video,0.0
EVT-000976,results/realtime/predictions.csv,False,Non-numeric class string in confidence: 'Messaging',Messaging,0.0
EVT-000977,results/realtime/predictions.csv,False,Non-numeric class string in confidence: 'Web',Web,0.0
EVT-000978,results/realtime/predictions.csv,False,Non-numeric class string in confidence: 'Messaging',Messaging,0.0
EVT-000979,results/realtime/predictions.csv,False,Non-numeric class string in confidence: 'File Transfer',File Transfer,0.0
EVT-000980,results/realtime/predictions.csv,False,Non-numeric class string in confidence: 'Other',Other,0.0
EVT-000981,results/realtime/predictions.csv,False,Non-numeric class string in confidence: 'Web',Web,0.0
EVT-000982,results/realtime/predictions.csv,False,Non-numeric class string in confidence: 'Other',Other,0.0
EVT-000983,results/realtime/predictions.csv,False,Non-numeric class string in confidence: 'Video',Video,0.0
EVT-000984,results/realtime/predictions.csv,False,Non-numeric class string in confidence: 'VoIP',VoIP,0.0
EVT-000985,results/realtime/predictions.csv,False,Non-numeric class string in confidence: 'Other',Other,0.0
EVT-000986,results/realtime/predictions.csv,False,Non-numeric class string in confidence: 'Web',Web,0.0
EVT-000987,results/realtime/predictions.csv,False,Non-numeric class string in confidence: 'Messaging',Messaging,0.0
EVT-000988,results/realtime/predictions.csv,False,Non-numeric class string in confidence: 'Messaging',Messaging,0.0
EVT-000989,results/realtime/predictions.csv,False,Non-numeric class string in confidence: 'Messaging',Messaging,0.0
EVT-000990,results/realtime/predictions.csv,False,Non-numeric class string in confidence: 'Video',Video,0.0
EVT-000991,results/realtime/predictions.csv,False,Non-numeric class string in confidence: 'VoIP',VoIP,0.0
EVT-000992,results/realtime/predictions.csv,False,Non-numeric class string in confidence: 'VoIP',VoIP,0.0
EVT-000993,results/realtime/predictions.csv,False,Non-numeric class string in confidence: 'Video',Video,0.0
EVT-000994,results/realtime/predictions.csv,False,Non-numeric class string in confidence: 'Video',Video,0.0
EVT-000995,results/realtime/predictions.csv,False,Non-numeric class string in confidence: 'VoIP',VoIP,0.0
EVT-000996,results/realtime/predictions.csv,False,Non-numeric class string in confidence: 'Video',Video,0.0
EVT-000997,results/realtime/predictions.csv,False,Non-numeric class string in confidence: 'Web',Web,0.0
EVT-000998,results/realtime/predictions.csv,False,Non-numeric class string in confidence: 'Video',Video,0.0
EVT-000999,results/realtime/predictions.csv,False,Non-numeric class string in confidence: 'Other',Other,0.0
EVT-001000,results/realtime/predictions.csv,False,Non-numeric class string in confidence: '—',—,0.0
EVT-001001,results/realtime/predictions.csv,False,Non-numeric class string in confidence: 'Video',Video,0.0
EVT-001002,results/realtime/predictions.csv,False,Non-numeric class string in confidence: 'File Transfer',File Transfer,0.0
EVT-001003,results/realtime/predictions.csv,False,Non-numeric class string in confidence: 'Video',Video,0.0
EVT-001004,results/realtime/predictions.csv,False,Non-numeric class string in confidence: 'File Transfer',File Transfer,0.0
EVT-001005,results/realtime/predictions.csv,False,Non-numeric class string in confidence: 'Other',Other,0.0
EVT-001006,results/realtime/predictions.csv,False,Non-numeric class string in confidence: 'Video',Video,0.0
EVT-001007,results/realtime/predictions.csv,False,Non-numeric class string in confidence: 'Video',Video,0.0
EVT-001008,results/realtime/predictions.csv,False,Non-numeric class string in confidence: 'File Transfer',File Transfer,0.0
EVT-001009,results/realtime/predictions.csv,False,Non-numeric class string in confidence: 'Web',Web,0.0
EVT-001010,results/realtime/predictions.csv,False,Non-numeric class string in confidence: '—',—,0.0
EVT-001011,results/realtime/predictions.csv,False,Non-numeric class string in confidence: 'File Transfer',File Transfer,0.0
EVT-001012,results/realtime/predictions.csv,False,Non-numeric class string in confidence: 'Video',Video,0.0
EVT-001013,results/realtime/predictions.csv,False,Non-numeric class string in confidence: '—',—,0.0
EVT-001014,results/realtime/predictions.csv,False,Non-numeric class string in confidence: 'Messaging',Messaging,0.0
EVT-001015,results/realtime/predictions.csv,False,Non-numeric class string in confidence: 'VoIP',VoIP,0.0
EVT-001016,results/realtime/predictions.csv,False,Non-numeric class string in confidence: '—',—,0.0
EVT-001017,results/realtime/predictions.csv,False,Non-numeric class string in confidence: 'Messaging',Messaging,0.0
EVT-001018,results/realtime/predictions.csv,False,Non-numeric class string in confidence: 'Video',Video,0.0
EVT-001019,results/realtime/predictions.csv,False,Non-numeric class string in confidence: 'Web',Web,0.0
EVT-001020,results/realtime/predictions.csv,False,Non-numeric class string in confidence: '—',—,0.0
EVT-001021,results/realtime/predictions.csv,False,Non-numeric class string in confidence: 'File Transfer',File Transfer,0.0
EVT-001022,results/realtime/predictions.csv,False,Non-numeric class string in confidence: '—',—,0.0
EVT-001023,results/realtime/predictions.csv,False,Non-numeric class string in confidence: '—',—,0.0
EVT-001024,results/realtime/predictions.csv,False,Non-numeric class string in confidence: 'File Transfer',File Transfer,0.0
EVT-001025,results/realtime/predictions.csv,False,Non-numeric class string in confidence: 'Web',Web,0.0
EVT-001026,results/realtime/predictions.csv,False,Non-numeric class string in confidence: 'VoIP',VoIP,0.0
EVT-001027,results/realtime/predictions.csv,False,Non-numeric class string in confidence: 'Web',Web,0.0
EVT-001028,results/realtime/predictions.csv,False,Non-numeric class string in confidence: 'Video',Video,0.0
EVT-001029,results/realtime/predictions.csv,False,Non-numeric class string in confidence: 'Web',Web,0.0
EVT-001030,results/realtime/predictions.csv,False,Non-numeric class string in confidence: 'VoIP',VoIP,0.0
EVT-001031,results/realtime/predictions.csv,False,Non-numeric class string in confidence: 'Other',Other,0.0
EVT-001032,results/realtime/predictions.csv,False,Non-numeric class string in confidence: 'Messaging',Messaging,0.0
EVT-001033,results/realtime/predictions.csv,False,Non-numeric class string in confidence: '—',—,0.0
EVT-001034,results/realtime/predictions.csv,False,Non-numeric class string in confidence: '—',—,0.0
EVT-001035,results/realtime/predictions.csv,False,Non-numeric class string in confidence: 'Messaging',Messaging,0.0
EVT-001036,results/realtime/predictions.csv,False,Non-numeric class string in confidence: 'Other',Other,0.0
EVT-001037,results/realtime/predictions.csv,False,Non-numeric class string in confidence: 'Video',Video,0.0
EVT-001038,results/realtime/predictions.csv,False,Non-numeric class string in confidence: 'Messaging',Messaging,0.0
EVT-001039,results/realtime/predictions.csv,False,Non-numeric class string in confidence: 'Web',Web,0.0
EVT-001040,results/realtime/predictions.csv,False,Non-numeric class string in confidence: 'Video',Video,0.0
EVT-001041,results/realtime/predictions.csv,False,Non-numeric class string in confidence: 'Other',Other,0.0
EVT-001042,results/realtime/predictions.csv,False,Non-numeric class string in confidence: 'Video',Video,0.0
EVT-001043,results/realtime/predictions.csv,False,Non-numeric class string in confidence: 'Video',Video,0.0
EVT-001044,results/realtime/predictions.csv,False,Non-numeric class string in confidence: 'Messaging',Messaging,0.0
EVT-001045,results/realtime/predictions.csv,False,Non-numeric class string in confidence: 'File Transfer',File Transfer,0.0
EVT-001046,results/realtime/predictions.csv,False,Non-numeric class string in confidence: '—',—,0.0
EVT-001047,results/realtime/predictions.csv,False,Non-numeric class string in confidence: '—',—,0.0
EVT-001048,results/realtime/predictions.csv,False,Non-numeric class string in confidence: '—',—,0.0
EVT-001049,results/realtime/predictions.csv,False,Non-numeric class string in confidence: '—',—,0.0
EVT-001050,results/realtime/predictions.csv,False,Non-numeric class string in confidence: 'Other',Other,0.0
EVT-001051,results/realtime/predictions.csv,False,Non-numeric class string in confidence: 'File Transfer',File Transfer,0.0
EVT-001052,results/realtime/predictions.csv,False,Non-numeric class string in confidence: 'File Transfer',File Transfer,0.0
EVT-001053,results/realtime/predictions.csv,False,Non-numeric class string in confidence: 'File Transfer',File Transfer,0.0
EVT-001054,results/realtime/predictions.csv,False,Non-numeric class string in confidence: 'Web',Web,0.0
EVT-001055,results/realtime/predictions.csv,False,Non-numeric class string in confidence: 'Web',Web,0.0
EVT-001056,results/realtime/predictions.csv,False,Non-numeric class string in confidence: 'Web',Web,0.0
EVT-001057,results/realtime/predictions.csv,False,Non-numeric class string in confidence: 'VoIP',VoIP,0.0
EVT-001058,results/realtime/predictions.csv,False,Non-numeric class string in confidence: 'Video',Video,0.0
EVT-001059,results/realtime/predictions.csv,False,Non-numeric class string in confidence: 'Web',Web,0.0
EVT-001060,results/realtime/predictions.csv,False,Non-numeric class string in confidence: 'Video',Video,0.0
EVT-001061,results/realtime/predictions.csv,False,Non-numeric class string in confidence: 'Messaging',Messaging,0.0
EVT-001062,results/realtime/predictions.csv,False,Non-numeric class string in confidence: 'VoIP',VoIP,0.0
EVT-001063,results/realtime/predictions.csv,False,Non-numeric class string in confidence: 'Video',Video,0.0
EVT-001064,results/realtime/predictions.csv,False,Non-numeric class string in confidence: 'Web',Web,0.0
EVT-001065,results/realtime/predictions.csv,False,Non-numeric class string in confidence: 'File Transfer',File Transfer,0.0
EVT-001066,results/realtime/predictions.csv,False,Non-numeric class string in confidence: 'VoIP',VoIP,0.0
EVT-001067,results/realtime/predictions.csv,False,Non-numeric class string in confidence: 'Other',Other,0.0
EVT-001068,results/realtime/predictions.csv,False,Non-numeric class string in confidence: 'Video',Video,0.0
EVT-001069,results/realtime/predictions.csv,False,Non-numeric class string in confidence: 'Messaging',Messaging,0.0
EVT-001070,results/realtime/predictions.csv,False,Non-numeric class string in confidence: 'Other',Other,0.0
EVT-001071,results/realtime/predictions.csv,False,Non-numeric class string in confidence: 'Other',Other,0.0
EVT-001072,results/realtime/predictions.csv,False,Non-numeric class string in confidence: 'Video',Video,0.0
EVT-001073,results/realtime/predictions.csv,False,Non-numeric class string in confidence: 'Video',Video,0.0
EVT-001074,results/realtime/predictions.csv,False,Non-numeric class string in confidence: 'Video',Video,0.0
EVT-001075,results/realtime/predictions.csv,False,Non-numeric class string in confidence: 'Web',Web,0.0
EVT-001076,results/realtime/predictions.csv,False,Non-numeric class string in confidence: 'File Transfer',File Transfer,0.0
EVT-001077,results/realtime/predictions.csv,False,Non-numeric class string in confidence: 'Web',Web,0.0
EVT-001078,results/realtime/predictions.csv,False,Non-numeric class string in confidence: 'File Transfer',File Transfer,0.0
EVT-001079,results/realtime/predictions.csv,False,Non-numeric class string in confidence: 'Web',Web,0.0
EVT-001080,results/realtime/predictions.csv,False,Non-numeric class string in confidence: 'File Transfer',File Transfer,0.0
EVT-001081,results/realtime/predictions.csv,False,Non-numeric class string in confidence: 'Video',Video,0.0
EVT-001082,results/realtime/predictions.csv,False,Non-numeric class string in confidence: 'Web',Web,0.0
EVT-001083,results/realtime/predictions.csv,False,Non-numeric class string in confidence: 'VoIP',VoIP,0.0
EVT-001084,results/realtime/predictions.csv,False,Non-numeric class string in confidence: 'VoIP',VoIP,0.0
EVT-001085,results/realtime/predictions.csv,False,Non-numeric class string in confidence: 'Web',Web,0.0
EVT-001086,results/realtime/predictions.csv,False,Non-numeric class string in confidence: 'Web',Web,0.0
EVT-001087,results/realtime/predictions.csv,False,Non-numeric class string in confidence: 'Messaging',Messaging,0.0
EVT-001088,results/realtime/predictions.csv,False,Non-numeric class string in confidence: 'File Transfer',File Transfer,0.0
EVT-001089,results/realtime/predictions.csv,False,Non-numeric class string in confidence: 'Video',Video,0.0
EVT-001090,results/realtime/predictions.csv,False,Non-numeric class string in confidence: 'Other',Other,0.0
EVT-001091,results/realtime/predictions.csv,False,Non-numeric class string in confidence: 'Video',Video,0.0
EVT-001092,results/realtime/predictions.csv,False,Non-numeric class string in confidence: 'Video',Video,0.0
EVT-001093,results/realtime/predictions.csv,False,Non-numeric class string in confidence: 'VoIP',VoIP,0.0
EVT-001094,results/realtime/predictions.csv,False,Non-numeric class string in confidence: 'VoIP',VoIP,0.0
EVT-001095,results/realtime/predictions.csv,False,Non-numeric class string in confidence: 'Other',Other,0.0
EVT-001096,results/realtime/predictions.csv,False,Non-numeric class string in confidence: 'VoIP',VoIP,0.0
EVT-001097,results/realtime/predictions.csv,False,Non-numeric class string in confidence: 'Video',Video,0.0
EVT-001098,results/realtime/predictions.csv,False,Non-numeric class string in confidence: 'VoIP',VoIP,0.0
EVT-001099,results/realtime/predictions.csv,False,Non-numeric class string in confidence: 'VoIP',VoIP,0.0
EVT-001100,results/realtime/predictions.csv,False,Non-numeric class string in confidence: 'Video',Video,0.0
EVT-001101,results/realtime/predictions.csv,False,Non-numeric class string in confidence: 'Web',Web,0.0
EVT-001102,results/realtime/predictions.csv,False,Non-numeric class string in confidence: 'Messaging',Messaging,0.0
EVT-001103,results/realtime/predictions.csv,False,Non-numeric class string in confidence: 'Other',Other,0.0
EVT-001104,results/realtime/predictions.csv,False,Non-numeric class string in confidence: 'Video',Video,0.0
EVT-001105,results/realtime/predictions.csv,False,Non-numeric class string in confidence: 'Messaging',Messaging,0.0
EVT-001106,results/realtime/predictions.csv,False,Non-numeric class string in confidence: 'Video',Video,0.0
EVT-001107,results/realtime/predictions.csv,False,Non-numeric class string in confidence: 'Messaging',Messaging,0.0
EVT-001108,results/realtime/predictions.csv,False,Non-numeric class string in confidence: 'Web',Web,0.0
EVT-001109,results/realtime/predictions.csv,False,Non-numeric class string in confidence: 'Other',Other,0.0
EVT-001110,results/realtime/predictions.csv,False,Non-numeric class string in confidence: 'VoIP',VoIP,0.0
EVT-001111,results/realtime/predictions.csv,False,Non-numeric class string in confidence: 'Other',Other,0.0
EVT-001112,results/realtime/predictions.csv,False,Non-numeric class string in confidence: 'VoIP',VoIP,0.0
EVT-001113,results/realtime/predictions.csv,False,Non-numeric class string in confidence: 'File Transfer',File Transfer,0.0
EVT-001114,results/realtime/predictions.csv,False,Non-numeric class string in confidence: 'Other',Other,0.0
EVT-001115,results/realtime/predictions.csv,False,Non-numeric class string in confidence: 'Other',Other,0.0
EVT-001116,results/realtime/predictions.csv,False,Non-numeric class string in confidence: 'Video',Video,0.0
EVT-001117,results/realtime/predictions.csv,False,Non-numeric class string in confidence: 'File Transfer',File Transfer,0.0
EVT-001118,results/realtime/predictions.csv,False,Non-numeric class string in confidence: 'Other',Other,0.0
EVT-001119,results/realtime/predictions.csv,False,Non-numeric class string in confidence: 'File Transfer',File Transfer,0.0
EVT-001120,results/realtime/predictions.csv,False,Non-numeric class string in confidence: 'Web',Web,0.0
EVT-001121,results/realtime/predictions.csv,False,Non-numeric class string in confidence: 'Web',Web,0.0
EVT-001122,results/realtime/predictions.csv,False,Non-numeric class string in confidence: 'VoIP',VoIP,0.0
EVT-001123,results/realtime/predictions.csv,False,Non-numeric class string in confidence: 'VoIP',VoIP,0.0
EVT-001124,results/realtime/predictions.csv,False,Non-numeric class string in confidence: 'Messaging',Messaging,0.0
EVT-001125,results/realtime/predictions.csv,False,Non-numeric class string in confidence: 'File Transfer',File Transfer,0.0
EVT-001126,results/realtime/predictions.csv,False,Non-numeric class string in confidence: 'VoIP',VoIP,0.0
EVT-001127,results/realtime/predictions.csv,False,Non-numeric class string in confidence: 'Web',Web,0.0
EVT-001128,results/realtime/predictions.csv,False,Non-numeric class string in confidence: 'Other',Other,0.0
EVT-001129,results/realtime/predictions.csv,False,Non-numeric class string in confidence: 'VoIP',VoIP,0.0
EVT-001130,results/realtime/predictions.csv,False,Non-numeric class string in confidence: 'VoIP',VoIP,0.0
EVT-001131,results/realtime/predictions.csv,False,Non-numeric class string in confidence: 'Web',Web,0.0
EVT-001132,results/realtime/predictions.csv,False,Non-numeric class string in confidence: 'File Transfer',File Transfer,0.0
EVT-001133,results/realtime/predictions.csv,False,Non-numeric class string in confidence: 'Messaging',Messaging,0.0
EVT-001134,results/realtime/predictions.csv,False,Non-numeric class string in confidence: 'File Transfer',File Transfer,0.0
EVT-001135,results/realtime/predictions.csv,False,Non-numeric class string in confidence: 'VoIP',VoIP,0.0
EVT-001136,results/realtime/predictions.csv,False,Non-numeric class string in confidence: 'Messaging',Messaging,0.0
EVT-001137,results/realtime/predictions.csv,False,Non-numeric class string in confidence: 'Web',Web,0.0
EVT-001138,results/realtime/predictions.csv,False,Non-numeric class string in confidence: 'Other',Other,0.0
EVT-001139,results/realtime/predictions.csv,False,Non-numeric class string in confidence: 'Web',Web,0.0
EVT-001140,results/realtime/predictions.csv,False,Non-numeric class string in confidence: 'Messaging',Messaging,0.0
EVT-001141,results/realtime/predictions.csv,False,Non-numeric class string in confidence: 'VoIP',VoIP,0.0
EVT-001142,results/realtime/predictions.csv,False,Non-numeric class string in confidence: 'VoIP',VoIP,0.0
EVT-001143,results/realtime/predictions.csv,False,Non-numeric class string in confidence: 'Web',Web,0.0
EVT-001144,results/realtime/predictions.csv,False,Non-numeric class string in confidence: 'Web',Web,0.0
EVT-001145,results/realtime/predictions.csv,False,Non-numeric class string in confidence: 'Messaging',Messaging,0.0
EVT-001146,results/realtime/predictions.csv,False,Non-numeric class string in confidence: 'Web',Web,0.0
EVT-001147,results/realtime/predictions.csv,False,Non-numeric class string in confidence: 'Web',Web,0.0
EVT-001148,results/realtime/predictions.csv,False,Non-numeric class string in confidence: 'VoIP',VoIP,0.0
EVT-001149,results/realtime/predictions.csv,False,Non-numeric class string in confidence: 'Web',Web,0.0
EVT-001150,results/realtime/predictions.csv,False,Non-numeric class string in confidence: 'Web',Web,0.0
EVT-001151,results/realtime/predictions.csv,False,Non-numeric class string in confidence: 'Messaging',Messaging,0.0
EVT-001152,results/realtime/predictions.csv,False,Non-numeric class string in confidence: 'Other',Other,0.0
EVT-001153,results/realtime/predictions.csv,False,Non-numeric class string in confidence: 'Other',Other,0.0
EVT-001154,results/realtime/predictions.csv,False,Non-numeric class string in confidence: '—',—,0.0
EVT-001155,results/realtime/predictions.csv,False,Non-numeric class string in confidence: 'File Transfer',File Transfer,0.0
EVT-001156,results/realtime/predictions.csv,False,Non-numeric class string in confidence: 'Messaging',Messaging,0.0
EVT-001157,results/realtime/predictions.csv,False,Non-numeric class string in confidence: 'VoIP',VoIP,0.0
EVT-001158,results/realtime/predictions.csv,False,Non-numeric class string in confidence: 'Messaging',Messaging,0.0
EVT-001159,results/realtime/predictions.csv,False,Non-numeric class string in confidence: 'VoIP',VoIP,0.0
EVT-001160,results/realtime/predictions.csv,False,Non-numeric class string in confidence: 'Other',Other,0.0
EVT-001161,results/realtime/predictions.csv,False,Non-numeric class string in confidence: 'Web',Web,0.0
EVT-001162,results/realtime/predictions.csv,False,Non-numeric class string in confidence: '—',—,0.0
EVT-001163,results/realtime/predictions.csv,False,Non-numeric class string in confidence: '—',—,0.0
EVT-001164,results/realtime/predictions.csv,False,Non-numeric class string in confidence: 'Video',Video,0.0
EVT-001165,results/realtime/predictions.csv,False,Non-numeric class string in confidence: 'VoIP',VoIP,0.0
EVT-001166,results/realtime/predictions.csv,False,Non-numeric class string in confidence: 'Video',Video,0.0
EVT-001167,results/realtime/predictions.csv,False,Non-numeric class string in confidence: 'VoIP',VoIP,0.0
EVT-001168,results/realtime/predictions.csv,False,Non-numeric class string in confidence: 'Video',Video,0.0
EVT-001169,results/realtime/predictions.csv,False,Non-numeric class string in confidence: 'File Transfer',File Transfer,0.0
EVT-001170,results/realtime/predictions.csv,False,Non-numeric class string in confidence: 'VoIP',VoIP,0.0
EVT-001171,results/realtime/predictions.csv,False,Non-numeric class string in confidence: 'File Transfer',File Transfer,0.0
EVT-001172,results/realtime/predictions.csv,False,Non-numeric class string in confidence: 'Video',Video,0.0
EVT-001173,results/realtime/predictions.csv,False,Non-numeric class string in confidence: 'Messaging',Messaging,0.0
EVT-001174,results/realtime/predictions.csv,False,Non-numeric class string in confidence: 'Messaging',Messaging,0.0
EVT-001175,results/realtime/predictions.csv,False,Non-numeric class string in confidence: 'File Transfer',File Transfer,0.0
EVT-001176,results/realtime/predictions.csv,False,Non-numeric class string in confidence: '—',—,0.0
EVT-001177,results/realtime/predictions.csv,False,Non-numeric class string in confidence: '—',—,0.0
EVT-001178,results/realtime/predictions.csv,False,Non-numeric class string in confidence: 'Web',Web,0.0
EVT-001179,results/realtime/predictions.csv,False,Non-numeric class string in confidence: 'VoIP',VoIP,0.0
EVT-001180,results/realtime/predictions.csv,False,Non-numeric class string in confidence: 'VoIP',VoIP,0.0
EVT-001181,results/realtime/predictions.csv,False,Non-numeric class string in confidence: 'File Transfer',File Transfer,0.0
EVT-001182,results/realtime/predictions.csv,False,Non-numeric class string in confidence: 'Web',Web,0.0
EVT-001183,results/realtime/predictions.csv,False,Non-numeric class string in confidence: 'Web',Web,0.0
EVT-001184,results/realtime/predictions.csv,False,Non-numeric class string in confidence: '—',—,0.0
EVT-001185,results/realtime/predictions.csv,False,Non-numeric class string in confidence: 'Other',Other,0.0
EVT-001186,results/realtime/predictions.csv,False,Non-numeric class string in confidence: 'File Transfer',File Transfer,0.0
EVT-001187,results/realtime/predictions.csv,False,Non-numeric class string in confidence: 'Video',Video,0.0
EVT-001188,results/realtime/predictions.csv,False,Non-numeric class string in confidence: 'Video',Video,0.0
EVT-001189,results/realtime/predictions.csv,False,Non-numeric class string in confidence: 'Web',Web,0.0
EVT-001190,results/realtime/predictions.csv,False,Non-numeric class string in confidence: 'Other',Other,0.0
EVT-001191,results/realtime/predictions.csv,False,Non-numeric class string in confidence: 'Video',Video,0.0
EVT-001192,results/realtime/predictions.csv,False,Non-numeric class string in confidence: 'Other',Other,0.0
EVT-001193,results/realtime/predictions.csv,False,Non-numeric class string in confidence: 'Video',Video,0.0
EVT-001194,results/realtime/predictions.csv,False,Non-numeric class string in confidence: 'Other',Other,0.0
EVT-001195,results/realtime/predictions.csv,False,Non-numeric class string in confidence: 'Web',Web,0.0
EVT-001196,results/realtime/predictions.csv,False,Non-numeric class string in confidence: 'Other',Other,0.0
EVT-001197,results/realtime/predictions.csv,False,Non-numeric class string in confidence: 'Other',Other,0.0
EVT-001198,results/realtime/predictions.csv,False,Non-numeric class string in confidence: 'Video',Video,0.0
EVT-001199,results/realtime/predictions.csv,False,Non-numeric class string in confidence: 'Other',Other,0.0
EVT-001200,results/realtime/predictions.csv,False,Non-numeric class string in confidence: 'Video',Video,0.0
EVT-001201,results/realtime/predictions.csv,False,Non-numeric class string in confidence: 'Web',Web,0.0
EVT-001202,results/realtime/predictions.csv,False,Non-numeric class string in confidence: 'Other',Other,0.0
EVT-001203,results/realtime/predictions.csv,False,Non-numeric class string in confidence: 'Messaging',Messaging,0.0
EVT-001204,results/realtime/predictions.csv,False,Non-numeric class string in confidence: 'Messaging',Messaging,0.0
EVT-001205,results/realtime/predictions.csv,False,Non-numeric class string in confidence: 'Other',Other,0.0
EVT-001206,results/realtime/predictions.csv,False,Non-numeric class string in confidence: 'Messaging',Messaging,0.0
EVT-001207,results/realtime/predictions.csv,False,Non-numeric class string in confidence: 'Web',Web,0.0
EVT-001208,results/realtime/predictions.csv,False,Non-numeric class string in confidence: 'Video',Video,0.0
EVT-001209,results/realtime/predictions.csv,False,Non-numeric class string in confidence: 'VoIP',VoIP,0.0
EVT-001210,results/realtime/predictions.csv,False,Non-numeric class string in confidence: 'Messaging',Messaging,0.0
EVT-001211,results/realtime/predictions.csv,False,Non-numeric class string in confidence: 'Web',Web,0.0
EVT-001212,results/realtime/predictions.csv,False,Non-numeric class string in confidence: 'Messaging',Messaging,0.0
EVT-001213,results/realtime/predictions.csv,False,Non-numeric class string in confidence: 'VoIP',VoIP,0.0
EVT-001214,results/realtime/predictions.csv,False,Non-numeric class string in confidence: 'VoIP',VoIP,0.0
EVT-001215,results/realtime/predictions.csv,False,Non-numeric class string in confidence: 'File Transfer',File Transfer,0.0
EVT-001216,results/realtime/predictions.csv,False,Non-numeric class string in confidence: 'Web',Web,0.0
EVT-001217,results/realtime/predictions.csv,False,Non-numeric class string in confidence: 'Web',Web,0.0
EVT-001218,results/realtime/predictions.csv,False,Non-numeric class string in confidence: 'Video',Video,0.0
EVT-001219,results/realtime/predictions.csv,False,Non-numeric class string in confidence: 'Messaging',Messaging,0.0
EVT-001220,results/realtime/predictions.csv,False,Non-numeric class string in confidence: 'Web',Web,0.0
EVT-001221,results/realtime/predictions.csv,False,Non-numeric class string in confidence: 'Other',Other,0.0
EVT-001222,results/realtime/predictions.csv,False,Non-numeric class string in confidence: 'Web',Web,0.0
EVT-001223,results/realtime/predictions.csv,False,Non-numeric class string in confidence: 'Video',Video,0.0
EVT-001224,results/realtime/predictions.csv,False,Non-numeric class string in confidence: 'Web',Web,0.0
EVT-001225,results/realtime/predictions.csv,False,Non-numeric class string in confidence: 'Web',Web,0.0
EVT-001226,results/realtime/predictions.csv,False,Non-numeric class string in confidence: 'Web',Web,0.0
EVT-001227,results/realtime/predictions.csv,False,Non-numeric class string in confidence: 'Other',Other,0.0
EVT-001228,results/realtime/predictions.csv,False,Non-numeric class string in confidence: 'File Transfer',File Transfer,0.0
EVT-001229,results/realtime/predictions.csv,False,Non-numeric class string in confidence: 'Video',Video,0.0
EVT-001230,results/realtime/predictions.csv,False,Non-numeric class string in confidence: 'Video',Video,0.0
EVT-001231,results/realtime/predictions.csv,False,Non-numeric class string in confidence: 'VoIP',VoIP,0.0
EVT-001232,results/realtime/predictions.csv,False,Non-numeric class string in confidence: 'Messaging',Messaging,0.0
EVT-001233,results/realtime/predictions.csv,False,Non-numeric class string in confidence: 'File Transfer',File Transfer,0.0
EVT-001234,results/realtime/predictions.csv,False,Non-numeric class string in confidence: 'Video',Video,0.0
EVT-001235,results/realtime/predictions.csv,False,Non-numeric class string in confidence: 'Video',Video,0.0
EVT-001236,results/realtime/predictions.csv,False,Non-numeric class string in confidence: 'Web',Web,0.0
EVT-001237,results/realtime/predictions.csv,False,Non-numeric class string in confidence: 'Video',Video,0.0
EVT-001238,results/realtime/predictions.csv,False,Non-numeric class string in confidence: 'Other',Other,0.0
EVT-001239,results/realtime/predictions.csv,False,Non-numeric class string in confidence: 'Messaging',Messaging,0.0
EVT-001240,results/realtime/predictions.csv,False,Non-numeric class string in confidence: '—',—,0.0
EVT-001241,results/realtime/predictions.csv,False,Non-numeric class string in confidence: '—',—,0.0
EVT-001242,results/realtime/predictions.csv,False,Non-numeric class string in confidence: 'Video',Video,0.0
EVT-001243,results/realtime/predictions.csv,False,Non-numeric class string in confidence: 'File Transfer',File Transfer,0.0
EVT-001244,results/realtime/predictions.csv,False,Non-numeric class string in confidence: 'File Transfer',File Transfer,0.0
EVT-001245,results/realtime/predictions.csv,False,Non-numeric class string in confidence: 'Video',Video,0.0
EVT-001246,results/realtime/predictions.csv,False,Non-numeric class string in confidence: 'Web',Web,0.0
EVT-001247,results/realtime/predictions.csv,False,Non-numeric class string in confidence: 'Messaging',Messaging,0.0
EVT-001248,results/realtime/predictions.csv,False,Non-numeric class string in confidence: 'Messaging',Messaging,0.0
EVT-001249,results/realtime/predictions.csv,False,Non-numeric class string in confidence: 'Other',Other,0.0
EVT-001250,results/realtime/predictions.csv,False,Non-numeric class string in confidence: 'Video',Video,0.0
EVT-001251,results/realtime/predictions.csv,False,Non-numeric class string in confidence: 'Other',Other,0.0
EVT-001252,results/realtime/predictions.csv,False,Non-numeric class string in confidence: 'Web',Web,0.0
EVT-001253,results/realtime/predictions.csv,False,Non-numeric class string in confidence: '—',—,0.0
EVT-001254,results/realtime/predictions.csv,False,Non-numeric class string in confidence: 'Web',Web,0.0
EVT-001255,results/realtime/predictions.csv,False,Non-numeric class string in confidence: 'Messaging',Messaging,0.0
EVT-001256,results/realtime/predictions.csv,False,Non-numeric class string in confidence: 'Web',Web,0.0
EVT-001257,results/realtime/predictions.csv,False,Non-numeric class string in confidence: 'Web',Web,0.0
EVT-001258,results/realtime/predictions.csv,False,Non-numeric class string in confidence: 'Other',Other,0.0
EVT-001259,results/realtime/predictions.csv,False,Non-numeric class string in confidence: 'Other',Other,0.0
EVT-001260,results/realtime/predictions.csv,False,Non-numeric class string in confidence: 'Other',Other,0.0
EVT-001261,results/realtime/predictions.csv,False,Non-numeric class string in confidence: 'File Transfer',File Transfer,0.0
EVT-001262,results/realtime/predictions.csv,False,Non-numeric class string in confidence: 'VoIP',VoIP,0.0
EVT-001263,results/realtime/predictions.csv,False,Non-numeric class string in confidence: 'Other',Other,0.0
EVT-001264,results/realtime/predictions.csv,False,Non-numeric class string in confidence: 'Web',Web,0.0
